抓取时间,行情时刻,价格,昨收,涨跌幅%,成交量,当日最高,当日最低,52周最高,52周最低
2026-07-06 09:31:26,2026-07-06 09:16,1857.5,1848.0,0.51,428900,1864.0,1841.0,1864.0,919.8
2026-07-06 10:18:17,2026-07-06 10:03,1853.0,1848.0,0.27,876800,1877.0,1841.0,1877.0,919.8
2026-07-06 10:55:26,2026-07-06 10:40,1849.5,1848.0,0.08,1120900,1877.0,1841.0,1877.0,919.8
2026-07-06 10:58:56,2026-07-06 10:43,1846.5,1848.0,-0.08,1143800,1877.0,1841.0,1877.0,919.8
2026-07-06 11:00:37,2026-07-06 10:45,1846.0,1848.0,-0.11,1149700,1877.0,1841.0,1877.0,919.8
2026-07-06 11:05:38,2026-07-06 10:50,1843.5,1848.0,-0.24,1172300,1877.0,1841.0,1877.0,919.8
2026-07-06 11:10:38,2026-07-06 10:55,1845.5,1848.0,-0.14,1191000,1877.0,1841.0,1877.0,919.8
2026-07-06 11:15:32,2026-07-06 11:00,1849.5,1848.0,0.08,1211100,1877.0,1841.0,1877.0,919.8
2026-07-06 11:20:36,2026-07-06 11:05,1849.5,1848.0,0.08,1230100,1877.0,1841.0,1877.0,919.8
2026-07-06 11:25:37,2026-07-06 11:10,1850.0,1848.0,0.11,1250300,1877.0,1841.0,1877.0,919.8
2026-07-06 11:30:37,2026-07-06 11:15,1851.5,1848.0,0.19,1271100,1877.0,1841.0,1877.0,919.8
2026-07-06 12:30:36,2026-07-06 11:30,1857.5,1848.0,0.51,1349000,1877.0,1841.0,1877.0,919.8
2026-07-06 12:35:34,2026-07-06 11:30,1857.5,1848.0,0.51,1349000,1877.0,1841.0,1877.0,919.8
2026-07-06 12:40:35,2026-07-06 11:30,1857.5,1848.0,0.51,1349000,1877.0,1841.0,1877.0,919.8
2026-07-06 12:45:36,2026-07-06 12:30,1863.5,1848.0,0.84,1383500,1877.0,1841.0,1877.0,919.8
2026-07-06 12:50:37,2026-07-06 12:35,1858.0,1848.0,0.54,1415200,1877.0,1841.0,1877.0,919.8
2026-07-06 12:55:45,2026-07-06 12:40,1861.5,1848.0,0.73,1458100,1877.0,1841.0,1877.0,919.8
2026-07-06 13:00:48,2026-07-06 12:45,1860.0,1848.0,0.65,1480500,1877.0,1841.0,1877.0,919.8
2026-07-06 13:05:34,2026-07-06 12:50,1857.5,1848.0,0.51,1501100,1877.0,1841.0,1877.0,919.8
2026-07-06 13:10:41,2026-07-06 12:55,1859.0,1848.0,0.6,1521600,1877.0,1841.0,1877.0,919.8
2026-07-06 13:15:37,2026-07-06 13:00,1862.0,1848.0,0.76,1549300,1877.0,1841.0,1877.0,919.8
2026-07-06 13:20:35,2026-07-06 13:05,1864.0,1848.0,0.87,1568700,1877.0,1841.0,1877.0,919.8
2026-07-06 13:25:44,2026-07-06 13:10,1862.5,1848.0,0.78,1585400,1877.0,1841.0,1877.0,919.8
2026-07-06 13:30:43,2026-07-06 13:15,1865.0,1848.0,0.92,1605800,1877.0,1841.0,1877.0,919.8
2026-07-06 13:35:36,2026-07-06 13:20,1866.5,1848.0,1.0,1644800,1877.0,1841.0,1877.0,919.8
2026-07-06 13:40:41,2026-07-06 13:25,1867.5,1848.0,1.06,1666400,1877.0,1841.0,1877.0,919.8
2026-07-06 13:45:47,2026-07-06 13:30,1870.0,1848.0,1.19,1692600,1877.0,1841.0,1877.0,919.8
2026-07-06 13:50:37,2026-07-06 13:35,1870.5,1848.0,1.22,1717400,1877.0,1841.0,1877.0,919.8
2026-07-06 13:55:37,2026-07-06 13:40,1872.0,1848.0,1.3,1733600,1877.0,1841.0,1877.0,919.8
2026-07-06 14:00:41,2026-07-06 13:45,1868.5,1848.0,1.11,1754400,1877.0,1841.0,1877.0,919.8
2026-07-06 14:05:45,2026-07-06 13:50,1867.5,1848.0,1.06,1766200,1877.0,1841.0,1877.0,919.8
2026-07-06 14:10:40,2026-07-06 13:55,1869.0,1848.0,1.14,1777400,1877.0,1841.0,1877.0,919.8
2026-07-06 14:15:41,2026-07-06 14:00,1867.0,1848.0,1.03,1791400,1877.0,1841.0,1877.0,919.8
2026-07-06 14:20:40,2026-07-06 14:05,1865.5,1848.0,0.95,1807000,1877.0,1841.0,1877.0,919.8
2026-07-06 14:25:34,2026-07-06 14:10,1867.5,1848.0,1.06,1818300,1877.0,1841.0,1877.0,919.8
2026-07-06 14:30:41,2026-07-06 14:15,1869.5,1848.0,1.16,1835300,1877.0,1841.0,1877.0,919.8
2026-07-06 14:35:40,2026-07-06 14:20,1870.0,1848.0,1.19,1852000,1877.0,1841.0,1877.0,919.8
2026-07-06 14:40:35,2026-07-06 14:25,1868.5,1848.0,1.11,1874200,1877.0,1841.0,1877.0,919.8
2026-07-06 14:45:43,2026-07-06 14:30,1870.0,1848.0,1.19,1897000,1877.0,1841.0,1877.0,919.8
2026-07-06 14:50:45,2026-07-06 14:35,1870.5,1848.0,1.22,1919600,1877.0,1841.0,1877.0,919.8
2026-07-06 14:55:42,2026-07-06 14:40,1871.5,1848.0,1.27,1932200,1877.0,1841.0,1877.0,919.8
2026-07-06 15:00:36,2026-07-06 14:45,1871.5,1848.0,1.27,1953200,1877.0,1841.0,1877.0,919.8
2026-07-06 15:16:28,2026-07-06 15:01,1870.5,1848.0,1.22,2002200,1877.0,1841.0,1877.0,919.8
2026-07-06 15:20:40,2026-07-06 15:05,1869.5,1848.0,1.16,2039700,1877.0,1841.0,1877.0,919.8
2026-07-06 15:25:45,2026-07-06 15:10,1868.0,1848.0,1.08,2065100,1877.0,1841.0,1877.0,919.8
2026-07-06 15:30:39,2026-07-06 15:15,1867.5,1848.0,1.06,2095200,1877.0,1841.0,1877.0,919.8
2026-07-07 09:00:35,2026-07-06 15:30,1876.0,1848.0,1.52,3120800,1877.0,1841.0,1877.0,919.8
2026-07-07 09:05:32,2026-07-06 15:30,1876.0,1848.0,1.52,3120800,1877.0,1841.0,1877.0,919.8
2026-07-07 09:10:33,2026-07-06 15:30,1876.0,1848.0,1.52,3120800,1877.0,1841.0,1877.0,919.8
2026-07-07 09:15:34,2026-07-06 15:30,1876.0,1848.0,1.52,3120800,1877.0,1841.0,1877.0,919.8
2026-07-07 09:20:32,2026-07-07 09:05,1922.0,1876.0,2.45,571300,1947.0,1920.0,1947.0,919.8
2026-07-07 09:25:33,2026-07-07 09:10,1930.0,1876.0,2.88,689500,1947.0,1920.0,1947.0,919.8
2026-07-07 09:30:35,2026-07-07 09:15,1927.5,1876.0,2.75,762400,1947.0,1920.0,1947.0,919.8
2026-07-07 09:35:33,2026-07-07 09:20,1934.0,1876.0,3.09,835500,1947.0,1920.0,1947.0,919.8
2026-07-07 09:40:33,2026-07-07 09:25,1933.5,1876.0,3.07,904400,1947.0,1920.0,1947.0,919.8
2026-07-07 09:45:35,2026-07-07 09:30,1933.5,1876.0,3.07,1158500,1947.0,1920.0,1947.0,919.8
2026-07-07 09:50:39,2026-07-07 09:35,1938.0,1876.0,3.3,1278100,1947.0,1920.0,1947.0,919.8
2026-07-07 09:55:31,2026-07-07 09:40,1944.5,1876.0,3.65,1345700,1947.0,1920.0,1947.0,919.8
2026-07-07 10:00:37,2026-07-07 09:45,1935.5,1876.0,3.17,1423000,1947.0,1920.0,1947.0,919.8
2026-07-07 10:05:38,2026-07-07 09:50,1934.5,1876.0,3.12,1484700,1947.0,1920.0,1947.0,919.8
2026-07-07 10:10:34,2026-07-07 09:55,1935.5,1876.0,3.17,1511500,1947.0,1920.0,1947.0,919.8
2026-07-07 10:15:35,2026-07-07 10:00,1931.5,1876.0,2.96,1540200,1947.0,1920.0,1947.0,919.8
2026-07-07 10:20:32,2026-07-07 10:05,1926.0,1876.0,2.67,1650400,1947.0,1920.0,1947.0,919.8
2026-07-07 10:25:46,2026-07-07 10:10,1930.0,1876.0,2.88,1692600,1947.0,1920.0,1947.0,919.8
2026-07-07 10:30:31,2026-07-07 10:15,1940.5,1876.0,3.44,1730200,1947.0,1920.0,1947.0,919.8
2026-07-07 10:35:37,2026-07-07 10:20,1938.5,1876.0,3.33,1769800,1947.0,1920.0,1947.0,919.8
2026-07-07 10:40:36,2026-07-07 10:25,1938.5,1876.0,3.33,1802000,1947.0,1920.0,1947.0,919.8
2026-07-07 10:45:37,2026-07-07 10:30,1932.5,1876.0,3.01,1831300,1947.0,1920.0,1947.0,919.8
2026-07-07 10:50:45,2026-07-07 10:35,1933.5,1876.0,3.07,1868900,1947.0,1920.0,1947.0,919.8
2026-07-07 10:55:34,2026-07-07 10:40,1932.0,1876.0,2.99,1904500,1947.0,1920.0,1947.0,919.8
2026-07-07 11:00:35,2026-07-07 10:45,1931.5,1876.0,2.96,1927700,1947.0,1920.0,1947.0,919.8
2026-07-07 11:05:34,2026-07-07 10:50,1927.0,1876.0,2.72,1988000,1947.0,1920.0,1947.0,919.8
2026-07-07 11:10:37,2026-07-07 10:55,1927.5,1876.0,2.75,2044700,1947.0,1920.0,1947.0,919.8
2026-07-07 11:15:39,2026-07-07 11:00,1925.5,1876.0,2.64,2065700,1947.0,1920.0,1947.0,919.8
2026-07-07 11:20:37,2026-07-07 11:05,1933.5,1876.0,3.07,2095600,1947.0,1920.0,1947.0,919.8
2026-07-07 11:25:34,2026-07-07 11:10,1936.0,1876.0,3.2,2121700,1947.0,1920.0,1947.0,919.8
2026-07-07 11:30:43,2026-07-07 11:15,1933.0,1876.0,3.04,2153700,1947.0,1920.0,1947.0,919.8
2026-07-07 12:30:30,2026-07-07 11:30,1933.5,1876.0,3.07,2232000,1947.0,1920.0,1947.0,919.8
2026-07-07 12:35:34,2026-07-07 11:30,1933.5,1876.0,3.07,2232000,1947.0,1920.0,1947.0,919.8
2026-07-07 12:40:34,2026-07-07 11:30,1933.5,1876.0,3.07,2232000,1947.0,1920.0,1947.0,919.8
2026-07-07 12:45:36,2026-07-07 12:30,1924.5,1876.0,2.59,2313000,1947.0,1920.0,1947.0,919.8
2026-07-07 12:50:32,2026-07-07 12:35,1925.5,1876.0,2.64,2416600,1947.0,1917.5,1947.0,919.8
2026-07-07 12:55:35,2026-07-07 12:40,1922.0,1876.0,2.45,2465600,1947.0,1917.5,1947.0,919.8
2026-07-07 13:00:35,2026-07-07 12:45,1919.5,1876.0,2.32,2496500,1947.0,1917.5,1947.0,919.8
2026-07-07 13:05:35,2026-07-07 12:50,1912.5,1876.0,1.95,2551600,1947.0,1911.0,1947.0,919.8
2026-07-07 13:10:34,2026-07-07 12:55,1911.5,1876.0,1.89,2615400,1947.0,1909.0,1947.0,919.8
2026-07-07 13:15:35,2026-07-07 13:00,1917.5,1876.0,2.21,2683400,1947.0,1908.5,1947.0,919.8
2026-07-07 13:20:31,2026-07-07 13:05,1913.5,1876.0,2.0,2718900,1947.0,1908.5,1947.0,919.8
2026-07-07 13:25:39,2026-07-07 13:10,1914.5,1876.0,2.05,2765000,1947.0,1908.5,1947.0,919.8
2026-07-07 13:30:40,2026-07-07 13:15,1913.0,1876.0,1.97,2799000,1947.0,1908.5,1947.0,919.8
2026-07-07 13:35:42,2026-07-07 13:20,1908.5,1876.0,1.73,2836800,1947.0,1906.0,1947.0,919.8
2026-07-07 13:40:32,2026-07-07 13:25,1904.0,1876.0,1.49,2870200,1947.0,1903.0,1947.0,919.8
2026-07-07 13:45:38,2026-07-07 13:30,1908.0,1876.0,1.71,2901400,1947.0,1903.0,1947.0,919.8
2026-07-07 13:50:45,2026-07-07 13:35,1914.0,1876.0,2.03,2935300,1947.0,1903.0,1947.0,919.8
2026-07-07 13:55:38,2026-07-07 13:40,1911.5,1876.0,1.89,2958400,1947.0,1903.0,1947.0,919.8
2026-07-07 14:00:39,2026-07-07 13:45,1912.0,1876.0,1.92,2989900,1947.0,1903.0,1947.0,919.8
2026-07-07 14:05:43,2026-07-07 13:50,1908.0,1876.0,1.71,3015100,1947.0,1903.0,1947.0,919.8
2026-07-07 14:10:48,2026-07-07 13:55,1909.0,1876.0,1.76,3059600,1947.0,1903.0,1947.0,919.8
2026-07-07 14:15:41,2026-07-07 14:00,1915.5,1876.0,2.11,3079400,1947.0,1903.0,1947.0,919.8
2026-07-07 14:20:48,2026-07-07 14:05,1910.5,1876.0,1.84,3106800,1947.0,1903.0,1947.0,919.8
2026-07-07 14:25:33,2026-07-07 14:10,1911.5,1876.0,1.89,3132700,1947.0,1903.0,1947.0,919.8
2026-07-07 14:30:40,2026-07-07 14:15,1909.0,1876.0,1.76,3170800,1947.0,1903.0,1947.0,919.8
2026-07-07 14:35:38,2026-07-07 14:20,1909.5,1876.0,1.79,3202300,1947.0,1903.0,1947.0,919.8
2026-07-07 14:40:33,2026-07-07 14:25,1910.0,1876.0,1.81,3263500,1947.0,1903.0,1947.0,919.8
2026-07-07 14:45:54,2026-07-07 14:30,1914.5,1876.0,2.05,3293600,1947.0,1903.0,1947.0,919.8
2026-07-07 14:50:33,2026-07-07 14:35,1914.5,1876.0,2.05,3321800,1947.0,1903.0,1947.0,919.8
2026-07-07 14:56:00,2026-07-07 14:40,1914.0,1876.0,2.03,3350800,1947.0,1903.0,1947.0,919.8
2026-07-07 15:00:50,2026-07-07 14:45,1910.0,1876.0,1.81,3377500,1947.0,1903.0,1947.0,919.8
2026-07-07 15:05:42,2026-07-07 14:50,1909.0,1876.0,1.76,3403700,1947.0,1903.0,1947.0,919.8
2026-07-07 15:10:43,2026-07-07 14:55,1914.0,1876.0,2.03,3430000,1947.0,1903.0,1947.0,919.8
2026-07-07 15:15:47,2026-07-07 15:00,1912.5,1876.0,1.95,3468100,1947.0,1903.0,1947.0,919.8
2026-07-07 15:20:35,2026-07-07 15:05,1912.0,1876.0,1.92,3503900,1947.0,1903.0,1947.0,919.8
2026-07-07 15:25:37,2026-07-07 15:10,1911.5,1876.0,1.89,3533500,1947.0,1903.0,1947.0,919.8
2026-07-07 15:30:38,2026-07-07 15:15,1908.0,1876.0,1.71,3567200,1947.0,1903.0,1947.0,919.8
2026-07-08 09:00:45,2026-07-07 15:30,1905.0,1876.0,1.55,4827100,1947.0,1903.0,1947.0,919.8
2026-07-08 09:05:33,2026-07-07 15:30,1905.0,1876.0,1.55,4827100,1947.0,1903.0,1947.0,919.8
2026-07-08 09:10:37,2026-07-07 15:30,1905.0,1876.0,1.55,4827100,1947.0,1903.0,1947.0,919.8
2026-07-08 09:15:40,2026-07-08 09:00,1905.0,1876.0,1.55,4990800,1920.0,1903.0,1920.0,919.8
2026-07-08 09:20:37,2026-07-08 09:05,1919.0,1905.0,0.73,293000,1927.0,1903.0,1927.0,919.8
2026-07-08 09:25:34,2026-07-08 09:10,1910.0,1905.0,0.26,371100,1927.0,1903.0,1927.0,919.8
2026-07-08 09:30:44,2026-07-08 09:15,1908.0,1905.0,0.16,462400,1927.0,1903.0,1927.0,919.8
2026-07-08 09:35:30,2026-07-08 09:20,1911.0,1905.0,0.31,509800,1927.0,1903.0,1927.0,919.8
2026-07-08 09:40:32,2026-07-08 09:25,1910.0,1905.0,0.26,551100,1927.0,1903.0,1927.0,919.8
2026-07-08 09:45:31,2026-07-08 09:30,1908.5,1905.0,0.18,611200,1927.0,1903.0,1927.0,919.8
2026-07-08 09:50:37,2026-07-08 09:35,1905.5,1905.0,0.03,659000,1927.0,1903.0,1927.0,919.8
2026-07-08 09:55:34,2026-07-08 09:40,1911.5,1905.0,0.34,697600,1927.0,1903.0,1927.0,919.8
2026-07-08 10:00:47,2026-07-08 09:45,1922.5,1905.0,0.92,770700,1927.0,1903.0,1927.0,919.8
2026-07-08 10:05:33,2026-07-08 09:50,1926.0,1905.0,1.1,810900,1927.0,1903.0,1927.0,919.8
2026-07-08 10:10:30,2026-07-08 09:55,1930.5,1905.0,1.34,878900,1932.0,1903.0,1932.0,919.8
2026-07-08 10:15:33,2026-07-08 10:00,1927.0,1905.0,1.15,924500,1932.0,1903.0,1932.0,919.8
2026-07-08 10:20:34,2026-07-08 10:05,1923.5,1905.0,0.97,967400,1932.0,1903.0,1932.0,919.8
2026-07-08 10:25:30,2026-07-08 10:10,1924.0,1905.0,1.0,1002000,1932.0,1903.0,1932.0,919.8
2026-07-08 10:30:31,2026-07-08 10:15,1926.5,1905.0,1.13,1020500,1932.0,1903.0,1932.0,919.8
2026-07-08 10:35:34,2026-07-08 10:20,1929.5,1905.0,1.29,1063600,1932.0,1903.0,1932.0,919.8
2026-07-08 10:40:34,2026-07-08 10:25,1930.0,1905.0,1.31,1097000,1932.0,1903.0,1932.0,919.8
2026-07-08 10:45:31,2026-07-08 10:30,1923.0,1905.0,0.94,1137100,1932.0,1903.0,1932.0,919.8
2026-07-08 10:50:34,2026-07-08 10:35,1922.5,1905.0,0.92,1155200,1932.0,1903.0,1932.0,919.8
2026-07-08 10:55:30,2026-07-08 10:40,1923.0,1905.0,0.94,1190800,1932.0,1903.0,1947.0,919.8
2026-07-08 11:00:31,2026-07-08 10:45,1929.5,1905.0,1.29,1220700,1932.0,1903.0,1947.0,919.8
2026-07-08 11:05:45,2026-07-08 10:50,1929.5,1905.0,1.29,1284100,1934.0,1903.0,1947.0,919.8
2026-07-08 11:10:36,2026-07-08 10:55,1924.0,1905.0,1.0,1314300,1934.0,1903.0,1947.0,919.8
2026-07-08 11:15:35,2026-07-08 11:00,1922.5,1905.0,0.92,1336300,1934.0,1903.0,1947.0,919.8
2026-07-08 11:20:33,2026-07-08 11:05,1920.0,1905.0,0.79,1357800,1934.0,1903.0,1947.0,919.8
2026-07-08 11:25:34,2026-07-08 11:10,1926.5,1905.0,1.13,1417300,1934.0,1903.0,1947.0,919.8
2026-07-08 11:30:30,2026-07-08 11:15,1926.0,1905.0,1.1,1446600,1934.0,1903.0,1947.0,919.8
2026-07-08 12:30:34,2026-07-08 11:30,1936.5,1905.0,1.65,1547500,1938.5,1903.0,1947.0,919.8
2026-07-08 12:35:32,2026-07-08 11:30,1936.5,1905.0,1.65,1547500,1938.5,1903.0,1947.0,919.8
2026-07-08 12:40:38,2026-07-08 11:30,1936.5,1905.0,1.65,1547500,1938.5,1903.0,1947.0,919.8
2026-07-08 12:45:40,2026-07-08 12:30,1943.5,1905.0,2.02,1644800,1945.0,1903.0,1947.0,919.8
2026-07-08 12:50:32,2026-07-08 12:35,1938.5,1905.0,1.76,1694000,1946.5,1903.0,1947.0,919.8
2026-07-08 12:55:32,2026-07-08 12:40,1942.0,1905.0,1.94,1740400,1946.5,1903.0,1947.0,919.8
2026-07-08 13:00:35,2026-07-08 12:45,1947.5,1905.0,2.23,1805800,1947.5,1903.0,1947.5,919.8
2026-07-08 13:05:31,2026-07-08 12:50,1947.0,1905.0,2.2,1838800,1948.0,1903.0,1948.0,919.8
2026-07-08 13:10:35,2026-07-08 12:55,1949.0,1905.0,2.31,1934000,1952.0,1903.0,1952.0,919.8
2026-07-08 13:15:33,2026-07-08 13:00,1946.5,1905.0,2.18,1970100,1952.0,1903.0,1952.0,919.8
2026-07-08 13:20:31,2026-07-08 13:05,1945.0,1905.0,2.1,2005700,1952.0,1903.0,1952.0,919.8
2026-07-08 13:25:30,2026-07-08 13:10,1941.0,1905.0,1.89,2039900,1952.0,1903.0,1952.0,919.8
2026-07-08 13:30:29,2026-07-08 13:15,1940.5,1905.0,1.86,2071200,1952.0,1903.0,1952.0,919.8
2026-07-08 13:35:29,2026-07-08 13:20,1937.0,1905.0,1.68,2118100,1952.0,1903.0,1952.0,919.8
2026-07-08 13:40:32,2026-07-08 13:25,1936.5,1905.0,1.65,2136900,1952.0,1903.0,1952.0,919.8
2026-07-08 13:45:30,2026-07-08 13:30,1940.0,1905.0,1.84,2190800,1952.0,1903.0,1952.0,919.8
2026-07-08 13:50:33,2026-07-08 13:35,1936.0,1905.0,1.63,2226500,1952.0,1903.0,1952.0,919.8
2026-07-08 13:55:39,2026-07-08 13:40,1933.0,1905.0,1.47,2264300,1952.0,1903.0,1952.0,919.8
2026-07-08 14:00:31,2026-07-08 13:45,1931.5,1905.0,1.39,2288800,1952.0,1903.0,1952.0,919.8
2026-07-08 14:05:38,2026-07-08 13:50,1928.0,1905.0,1.21,2321900,1952.0,1903.0,1952.0,919.8
2026-07-08 14:10:30,2026-07-08 13:55,1921.0,1905.0,0.84,2354300,1952.0,1903.0,1952.0,919.8
2026-07-08 14:15:34,2026-07-08 14:00,1924.5,1905.0,1.02,2383600,1952.0,1903.0,1952.0,919.8
2026-07-08 14:20:31,2026-07-08 14:05,1925.0,1905.0,1.05,2409000,1952.0,1903.0,1952.0,919.8
2026-07-08 14:25:32,2026-07-08 14:10,1927.5,1905.0,1.18,2430300,1952.0,1903.0,1952.0,919.8
2026-07-08 14:30:47,2026-07-08 14:15,1929.0,1905.0,1.26,2469900,1952.0,1903.0,1952.0,919.8
2026-07-08 14:35:33,2026-07-08 14:20,1926.5,1905.0,1.13,2502700,1952.0,1903.0,1952.0,919.8
2026-07-08 14:40:40,2026-07-08 14:25,1929.0,1905.0,1.26,2523100,1952.0,1903.0,1952.0,919.8
2026-07-08 14:45:36,2026-07-08 14:30,1928.0,1905.0,1.21,2546800,1952.0,1903.0,1952.0,919.8
2026-07-08 14:50:34,2026-07-08 14:35,1928.5,1905.0,1.23,2593700,1952.0,1903.0,1952.0,919.8
2026-07-08 14:55:36,2026-07-08 14:40,1932.5,1905.0,1.44,2635800,1952.0,1903.0,1952.0,919.8
2026-07-08 15:00:31,2026-07-08 14:45,1929.5,1905.0,1.29,2662300,1952.0,1903.0,1952.0,919.8
2026-07-08 15:05:31,2026-07-08 14:50,1927.5,1905.0,1.18,2693800,1952.0,1903.0,1952.0,919.8
2026-07-08 15:10:43,2026-07-08 14:55,1929.0,1905.0,1.26,2736700,1952.0,1903.0,1952.0,919.8
2026-07-08 15:15:35,2026-07-08 15:00,1927.5,1905.0,1.18,2760600,1952.0,1903.0,1952.0,919.8
2026-07-08 15:20:37,2026-07-08 15:05,1929.0,1905.0,1.26,2809200,1952.0,1903.0,1952.0,919.8
2026-07-08 15:25:36,2026-07-08 15:10,1931.5,1905.0,1.39,2843300,1952.0,1903.0,1952.0,919.8
2026-07-08 15:30:34,2026-07-08 15:15,1928.0,1905.0,1.21,2934500,1952.0,1903.0,1952.0,919.8
2026-07-09 09:00:36,2026-07-08 15:30,1919.5,1905.0,0.76,4346000,1952.0,1903.0,1952.0,922.1
2026-07-09 09:05:34,2026-07-08 15:30,1919.5,1905.0,0.76,4346000,1952.0,1903.0,1952.0,922.1
2026-07-09 09:10:37,2026-07-08 15:30,1919.5,1905.0,0.76,4346000,1952.0,1903.0,1952.0,922.1
2026-07-09 09:15:33,2026-07-09 09:00,1919.5,1905.0,0.76,4577400,1907.0,1891.0,1947.0,922.1
2026-07-09 09:20:41,2026-07-09 09:05,1885.0,1919.5,-1.8,364100,1907.0,1882.5,1947.0,922.1
2026-07-09 09:25:35,2026-07-09 09:10,1895.0,1919.5,-1.28,555800,1907.0,1882.5,1947.0,922.1
2026-07-09 09:30:36,2026-07-09 09:15,1898.5,1919.5,-1.09,618100,1907.0,1882.5,1947.0,922.1
2026-07-09 09:35:32,2026-07-09 09:20,1891.5,1919.5,-1.46,693100,1907.0,1882.5,1947.0,922.1
2026-07-09 09:40:34,2026-07-09 09:25,1881.5,1919.5,-1.98,777700,1907.0,1877.5,1947.0,922.1
2026-07-09 09:45:35,2026-07-09 09:30,1891.5,1919.5,-1.46,824900,1907.0,1877.5,1947.0,922.1
2026-07-09 09:50:32,2026-07-09 09:35,1892.0,1919.5,-1.43,848800,1907.0,1877.5,1947.0,922.1
2026-07-09 09:55:30,2026-07-09 09:40,1882.5,1919.5,-1.93,885800,1907.0,1877.5,1947.0,922.1
2026-07-09 10:00:33,2026-07-09 09:45,1891.0,1919.5,-1.48,937400,1907.0,1877.5,1947.0,922.1
2026-07-09 10:05:34,2026-07-09 09:50,1894.5,1919.5,-1.3,988700,1907.0,1877.5,1947.0,922.1
2026-07-09 10:10:34,2026-07-09 09:55,1896.0,1919.5,-1.22,1031300,1907.0,1877.5,1947.0,922.1
2026-07-09 10:15:53,2026-07-09 10:00,1888.0,1919.5,-1.64,1168900,1907.0,1877.5,1947.0,922.1
2026-07-09 10:20:35,2026-07-09 10:05,1885.0,1919.5,-1.8,1198900,1907.0,1877.5,1947.0,922.1
2026-07-09 10:25:29,2026-07-09 10:10,1891.0,1919.5,-1.48,1227900,1907.0,1877.5,1947.0,922.1
2026-07-09 10:30:30,2026-07-09 10:15,1893.5,1919.5,-1.35,1258500,1907.0,1877.5,1947.0,922.1
2026-07-09 10:35:41,2026-07-09 10:20,1891.0,1919.5,-1.48,1287100,1907.0,1877.5,1947.0,922.1
2026-07-09 10:40:32,2026-07-09 10:25,1887.5,1919.5,-1.67,1326600,1907.0,1877.5,1947.0,922.1
2026-07-09 10:45:38,2026-07-09 10:30,1890.0,1919.5,-1.54,1376000,1907.0,1877.5,1947.0,922.1
2026-07-09 10:50:33,2026-07-09 10:35,1890.5,1919.5,-1.51,1388600,1907.0,1877.5,1947.0,922.1
2026-07-09 10:55:32,2026-07-09 10:40,1887.0,1919.5,-1.69,1408600,1907.0,1877.5,1952.0,922.1
2026-07-09 11:00:40,2026-07-09 10:45,1887.5,1919.5,-1.67,1422500,1907.0,1877.5,1952.0,922.1
2026-07-09 11:05:51,2026-07-09 10:50,1888.5,1919.5,-1.62,1443800,1907.0,1877.5,1952.0,922.1
2026-07-09 11:10:45,2026-07-09 10:55,1881.5,1919.5,-1.98,1482200,1907.0,1877.5,1952.0,922.1
2026-07-09 11:15:37,2026-07-09 11:00,1884.5,1919.5,-1.82,1507800,1907.0,1877.5,1952.0,922.1
2026-07-09 11:20:48,2026-07-09 11:05,1884.5,1919.5,-1.82,1528700,1907.0,1877.5,1952.0,922.1
2026-07-09 11:25:38,2026-07-09 11:10,1890.0,1919.5,-1.54,1558700,1907.0,1877.5,1952.0,922.1
2026-07-09 11:30:34,2026-07-09 11:15,1894.0,1919.5,-1.33,1581300,1907.0,1877.5,1952.0,922.1
2026-07-09 12:30:39,2026-07-09 11:30,1889.5,1919.5,-1.56,1673600,1907.0,1877.5,1952.0,922.1
2026-07-09 12:35:50,2026-07-09 11:30,1889.5,1919.5,-1.56,1673600,1907.0,1877.5,1952.0,922.1
2026-07-09 12:40:40,2026-07-09 11:30,1889.5,1919.5,-1.56,1673600,1907.0,1877.5,1952.0,922.1
2026-07-09 12:45:31,2026-07-09 12:30,1882.0,1919.5,-1.95,1999100,1907.0,1874.5,1952.0,922.1
2026-07-09 12:50:29,2026-07-09 12:35,1862.0,1919.5,-3.0,2303100,1907.0,1857.5,1952.0,922.1
2026-07-09 12:55:35,2026-07-09 12:40,1871.0,1919.5,-2.53,2369900,1907.0,1857.5,1952.0,922.1
2026-07-09 13:00:41,2026-07-09 12:45,1870.0,1919.5,-2.58,2447800,1907.0,1857.5,1952.0,922.1
2026-07-09 13:05:30,2026-07-09 12:50,1865.5,1919.5,-2.81,2509300,1907.0,1857.5,1952.0,922.1
2026-07-09 13:10:32,2026-07-09 12:55,1864.0,1919.5,-2.89,2553800,1907.0,1857.5,1952.0,922.1
2026-07-09 13:15:32,2026-07-09 13:00,1867.0,1919.5,-2.74,2597000,1907.0,1857.5,1952.0,922.1
2026-07-09 13:20:36,2026-07-09 13:05,1866.5,1919.5,-2.76,2640700,1907.0,1857.5,1952.0,922.1
2026-07-09 13:25:37,2026-07-09 13:10,1865.5,1919.5,-2.81,2666300,1907.0,1857.5,1952.0,922.1
2026-07-09 13:30:39,2026-07-09 13:15,1864.0,1919.5,-2.89,2716400,1907.0,1857.5,1952.0,922.1
2026-07-09 13:35:32,2026-07-09 13:20,1866.5,1919.5,-2.76,2773200,1907.0,1857.5,1952.0,922.1
2026-07-09 13:40:47,2026-07-09 13:25,1863.5,1919.5,-2.92,2875400,1907.0,1857.5,1952.0,922.1
2026-07-09 13:45:34,2026-07-09 13:30,1864.0,1919.5,-2.89,2906400,1907.0,1857.5,1952.0,922.1
2026-07-09 13:50:30,2026-07-09 13:35,1863.0,1919.5,-2.94,2930100,1907.0,1857.5,1952.0,922.1
2026-07-09 13:55:31,2026-07-09 13:40,1861.5,1919.5,-3.02,2970100,1907.0,1857.5,1952.0,922.1
2026-07-09 14:00:31,2026-07-09 13:45,1864.5,1919.5,-2.87,3007400,1907.0,1857.5,1952.0,922.1
2026-07-09 14:10:32,2026-07-09 13:55,1866.5,1919.5,-2.76,3125200,1907.0,1857.5,1952.0,922.1
2026-07-09 14:15:38,2026-07-09 14:00,1870.0,1919.5,-2.58,3222400,1907.0,1857.5,1952.0,922.1
2026-07-09 14:20:37,2026-07-09 14:05,1867.5,1919.5,-2.71,3253500,1907.0,1857.5,1952.0,922.1
2026-07-09 14:25:32,2026-07-09 14:10,1868.0,1919.5,-2.68,3290400,1907.0,1857.5,1952.0,922.1
2026-07-09 14:30:41,2026-07-09 14:15,1868.0,1919.5,-2.68,3350200,1907.0,1857.5,1952.0,922.1
2026-07-09 14:35:45,2026-07-09 14:20,1862.0,1919.5,-3.0,3429700,1907.0,1857.5,1952.0,922.1
2026-07-09 14:45:34,2026-07-09 14:30,1863.5,1919.5,-2.92,3505600,1907.0,1857.5,1952.0,922.1
2026-07-09 14:50:34,2026-07-09 14:35,1865.5,1919.5,-2.81,3554800,1907.0,1857.5,1952.0,922.1
2026-07-09 14:55:44,2026-07-09 14:40,1868.5,1919.5,-2.66,3603400,1907.0,1857.5,1952.0,922.1
2026-07-09 15:05:46,2026-07-09 14:50,1871.0,1919.5,-2.53,3674500,1907.0,1857.5,1952.0,922.1
2026-07-09 15:10:43,2026-07-09 14:55,1872.5,1919.5,-2.45,3714200,1907.0,1857.5,1952.0,922.1
2026-07-09 15:15:36,2026-07-09 15:00,1879.0,1919.5,-2.11,3767200,1907.0,1857.5,1952.0,922.1
2026-07-09 15:20:43,2026-07-09 15:05,1879.0,1919.5,-2.11,3823600,1907.0,1857.5,1952.0,922.1
2026-07-09 15:25:48,2026-07-09 15:10,1876.0,1919.5,-2.27,3872300,1907.0,1857.5,1952.0,922.1
2026-07-09 15:30:52,2026-07-09 15:15,1871.5,1919.5,-2.5,3929800,1907.0,1857.5,1952.0,922.1
2026-07-09 15:33:06,2026-07-09 15:18,1872.0,1919.5,-2.47,3959200,1907.0,1857.5,1952.0,922.1
2026-07-10 09:00:35,2026-07-09 15:30,1885.5,1919.5,-1.77,5240900,1907.0,1857.5,1952.0,924.3
2026-07-10 09:05:50,2026-07-09 15:30,1885.5,1919.5,-1.77,5240900,1907.0,1857.5,1952.0,924.3
2026-07-10 09:10:39,2026-07-09 15:30,1885.5,1919.5,-1.77,5240900,1907.0,1857.5,1952.0,924.3
2026-07-10 09:15:41,2026-07-10 09:00,1885.5,1919.5,-1.77,5577000,1897.0,1880.0,1952.0,924.3
2026-07-10 09:20:33,2026-07-10 09:05,1895.5,1885.5,0.53,475300,1897.5,1880.0,1952.0,924.3
2026-07-10 09:25:34,2026-07-10 09:10,1902.0,1885.5,0.88,571900,1902.0,1880.0,1952.0,924.3
2026-07-10 09:30:41,2026-07-10 09:15,1914.5,1885.5,1.54,654800,1917.0,1880.0,1952.0,924.3
2026-07-10 09:35:43,2026-07-10 09:20,1904.5,1885.5,1.01,705200,1919.5,1880.0,1952.0,924.3
2026-07-10 09:40:33,2026-07-10 09:25,1902.0,1885.5,0.88,737700,1919.5,1880.0,1952.0,924.3
2026-07-10 09:46:06,2026-07-10 09:31,1896.0,1885.5,0.56,773100,1919.5,1880.0,1952.0,924.3
2026-07-10 09:50:30,2026-07-10 09:35,1892.5,1885.5,0.37,911500,1919.5,1880.0,1952.0,924.3
2026-07-10 09:55:35,2026-07-10 09:40,1891.5,1885.5,0.32,928100,1919.5,1880.0,1952.0,924.3
2026-07-10 10:00:31,2026-07-10 09:45,1889.5,1885.5,0.21,945600,1919.5,1880.0,1952.0,924.3
2026-07-10 10:05:33,2026-07-10 09:50,1886.0,1885.5,0.03,967200,1919.5,1880.0,1952.0,924.3
2026-07-10 10:10:39,2026-07-10 09:55,1888.5,1885.5,0.16,985800,1919.5,1880.0,1952.0,924.3
2026-07-10 10:15:35,2026-07-10 10:00,1897.0,1885.5,0.61,1023500,1919.5,1880.0,1952.0,924.3
2026-07-10 10:20:34,2026-07-10 10:05,1891.5,1885.5,0.32,1049000,1919.5,1880.0,1952.0,924.3
2026-07-10 10:25:41,2026-07-10 10:10,1883.0,1885.5,-0.13,1077500,1919.5,1880.0,1952.0,924.3
2026-07-10 10:30:31,2026-07-10 10:15,1879.5,1885.5,-0.32,1105400,1919.5,1878.5,1952.0,924.3
2026-07-10 10:35:30,2026-07-10 10:20,1881.5,1885.5,-0.21,1127700,1919.5,1878.5,1952.0,924.3
2026-07-10 10:40:30,2026-07-10 10:25,1883.5,1885.5,-0.11,1155800,1919.5,1878.5,1952.0,924.3
2026-07-10 10:45:33,2026-07-10 10:30,1884.0,1885.5,-0.08,1186900,1919.5,1878.0,1952.0,924.3
2026-07-10 10:50:42,2026-07-10 10:35,1885.0,1885.5,-0.03,1233100,1919.5,1878.0,1952.0,924.3
2026-07-10 10:55:46,2026-07-10 10:40,1888.5,1885.5,0.16,1255200,1919.5,1878.0,1952.0,924.3
2026-07-10 11:00:33,2026-07-10 10:45,1889.5,1885.5,0.21,1275300,1919.5,1878.0,1952.0,924.3
2026-07-10 11:05:37,2026-07-10 10:50,1886.5,1885.5,0.05,1308400,1919.5,1878.0,1952.0,924.3
2026-07-10 11:10:40,2026-07-10 10:55,1883.5,1885.5,-0.11,1325100,1919.5,1878.0,1952.0,924.3
2026-07-10 11:15:36,2026-07-10 11:00,1883.0,1885.5,-0.13,1359200,1919.5,1878.0,1952.0,924.3
2026-07-10 11:20:38,2026-07-10 11:05,1883.0,1885.5,-0.13,1385300,1919.5,1878.0,1952.0,924.3
2026-07-10 11:25:42,2026-07-10 11:10,1883.5,1885.5,-0.11,1406600,1919.5,1878.0,1952.0,924.3
2026-07-10 11:30:44,2026-07-10 11:15,1882.0,1885.5,-0.19,1419200,1919.5,1878.0,1952.0,924.3
2026-07-10 12:30:32,2026-07-10 11:30,1876.0,1885.5,-0.5,1507300,1919.5,1874.0,1952.0,924.3
2026-07-10 12:35:33,2026-07-10 11:30,1876.0,1885.5,-0.5,1507300,1919.5,1874.0,1952.0,924.3
2026-07-10 12:40:40,2026-07-10 11:30,1876.0,1885.5,-0.5,1507300,1919.5,1874.0,1952.0,924.3
2026-07-10 12:45:37,2026-07-10 12:30,1884.0,1885.5,-0.08,1561700,1919.5,1874.0,1952.0,924.3
2026-07-10 12:50:50,2026-07-10 12:35,1883.0,1885.5,-0.13,1589400,1919.5,1874.0,1952.0,924.3
2026-07-10 12:55:30,2026-07-10 12:40,1884.0,1885.5,-0.08,1604800,1919.5,1874.0,1952.0,924.3
2026-07-10 13:00:56,2026-07-10 12:45,1882.0,1885.5,-0.19,1622200,1919.5,1874.0,1952.0,924.3
2026-07-10 13:05:35,2026-07-10 12:50,1882.0,1885.5,-0.19,1636200,1919.5,1874.0,1952.0,924.3
2026-07-10 13:10:35,2026-07-10 12:55,1881.0,1885.5,-0.24,1648000,1919.5,1874.0,1952.0,924.3
2026-07-10 13:15:36,2026-07-10 13:00,1882.5,1885.5,-0.16,1665300,1919.5,1874.0,1952.0,924.3
2026-07-10 13:20:36,2026-07-10 13:05,1888.0,1885.5,0.13,1689900,1919.5,1874.0,1952.0,924.3
2026-07-10 13:25:34,2026-07-10 13:10,1887.0,1885.5,0.08,1702500,1919.5,1874.0,1952.0,924.3
2026-07-10 13:30:34,2026-07-10 13:15,1885.0,1885.5,-0.03,1712600,1919.5,1874.0,1952.0,924.3
2026-07-10 13:35:44,2026-07-10 13:20,1887.0,1885.5,0.08,1722100,1919.5,1874.0,1952.0,924.3
2026-07-10 13:40:39,2026-07-10 13:25,1884.0,1885.5,-0.08,1739500,1919.5,1874.0,1952.0,924.3
2026-07-10 13:45:32,2026-07-10 13:30,1884.0,1885.5,-0.08,1766400,1919.5,1874.0,1952.0,924.3
2026-07-10 13:50:35,2026-07-10 13:35,1882.5,1885.5,-0.16,1788600,1919.5,1874.0,1952.0,924.3
2026-07-10 13:55:36,2026-07-10 13:40,1881.5,1885.5,-0.21,1805200,1919.5,1874.0,1952.0,924.3
2026-07-10 14:00:47,2026-07-10 13:45,1882.0,1885.5,-0.19,1817900,1919.5,1874.0,1952.0,924.3
2026-07-10 14:05:40,2026-07-10 13:50,1884.0,1885.5,-0.08,1839700,1919.5,1874.0,1952.0,924.3
2026-07-10 14:10:41,2026-07-10 13:55,1881.5,1885.5,-0.21,1859000,1919.5,1874.0,1952.0,924.3
2026-07-10 14:15:30,2026-07-10 14:00,1881.0,1885.5,-0.24,1873400,1919.5,1874.0,1952.0,924.3
2026-07-10 14:20:36,2026-07-10 14:05,1880.0,1885.5,-0.29,1885200,1919.5,1874.0,1952.0,924.3
2026-07-10 14:25:34,2026-07-10 14:10,1880.5,1885.5,-0.27,1904300,1919.5,1874.0,1952.0,924.3
2026-07-10 14:30:37,2026-07-10 14:15,1881.0,1885.5,-0.24,1919900,1919.5,1874.0,1952.0,924.3
2026-07-10 14:35:33,2026-07-10 14:20,1879.0,1885.5,-0.34,1937100,1919.5,1874.0,1952.0,924.3
2026-07-10 14:40:36,2026-07-10 14:25,1879.5,1885.5,-0.32,1950300,1919.5,1874.0,1952.0,924.3
2026-07-10 14:45:49,2026-07-10 14:30,1879.0,1885.5,-0.34,1978000,1919.5,1874.0,1952.0,924.3
2026-07-10 14:50:38,2026-07-10 14:35,1879.5,1885.5,-0.32,1995700,1919.5,1874.0,1952.0,924.3
2026-07-10 14:55:35,2026-07-10 14:40,1878.5,1885.5,-0.37,2010000,1919.5,1874.0,1952.0,924.3
2026-07-10 15:00:37,2026-07-10 14:45,1878.5,1885.5,-0.37,2032900,1919.5,1874.0,1952.0,924.3
2026-07-10 15:05:37,2026-07-10 14:50,1879.5,1885.5,-0.32,2050700,1919.5,1874.0,1952.0,924.3
2026-07-10 15:10:41,2026-07-10 14:55,1881.5,1885.5,-0.21,2066400,1919.5,1874.0,1952.0,924.3
2026-07-10 15:15:32,2026-07-10 15:00,1879.5,1885.5,-0.32,2104600,1919.5,1874.0,1952.0,924.3
2026-07-10 15:20:42,2026-07-10 15:05,1878.5,1885.5,-0.37,2139200,1919.5,1874.0,1952.0,924.3
2026-07-10 15:25:35,2026-07-10 15:10,1877.0,1885.5,-0.45,2173000,1919.5,1874.0,1952.0,924.3
2026-07-10 15:30:56,2026-07-10 15:15,1878.0,1885.5,-0.4,2225200,1919.5,1874.0,1952.0,924.3
2026-07-10 15:40:40,2026-07-10 15:24,1867.5,1885.5,-0.95,2389900,1919.5,1865.0,1952.0,924.3
2026-07-13 09:00:32,2026-07-10 15:30,1870.0,1885.5,-0.82,3800100,1919.5,1865.0,1952.0,931.7
2026-07-13 09:05:35,2026-07-10 15:30,1870.0,1885.5,-0.82,3800100,1919.5,1865.0,1952.0,931.7
2026-07-13 09:10:40,2026-07-10 15:30,1870.0,1885.5,-0.82,3800100,1919.5,1865.0,1952.0,931.7
2026-07-13 09:15:33,2026-07-13 09:00,1890.5,1885.5,0.27,3889400,1895.0,1882.0,1952.0,931.7
2026-07-13 09:20:37,2026-07-13 09:05,1904.5,1870.0,1.84,161300,1906.0,1882.0,1952.0,931.7
2026-07-13 09:25:42,2026-07-13 09:10,1898.0,1870.0,1.5,196300,1908.5,1882.0,1952.0,931.7
2026-07-13 09:30:47,2026-07-13 09:15,1912.0,1870.0,2.25,357100,1914.0,1882.0,1952.0,931.7
2026-07-13 09:36:53,2026-07-13 09:21,1907.5,1870.0,2.01,386500,1914.5,1882.0,1952.0,931.7
2026-07-13 09:40:59,2026-07-13 09:25,1913.5,1870.0,2.33,403800,1914.5,1882.0,1952.0,931.7
2026-07-13 09:47:20,2026-07-13 09:32,1909.5,1870.0,2.11,430000,1917.0,1882.0,1952.0,931.7
2026-07-13 09:52:11,2026-07-13 09:37,1912.0,1870.0,2.25,463300,1917.0,1882.0,1952.0,931.7
2026-07-13 09:58:08,2026-07-13 09:43,1911.0,1870.0,2.19,497400,1917.0,1882.0,1952.0,931.7
2026-07-13 10:03:55,2026-07-13 09:48,1905.5,1870.0,1.9,521100,1917.0,1882.0,1952.0,931.7
2026-07-13 10:06:39,2026-07-13 09:51,1906.5,1870.0,1.95,531500,1917.0,1882.0,1952.0,931.7
2026-07-13 10:12:21,2026-07-13 09:57,1899.5,1870.0,1.58,581900,1917.0,1882.0,1952.0,931.7
2026-07-13 10:15:44,2026-07-13 10:00,1893.5,1870.0,1.26,595900,1917.0,1882.0,1952.0,931.7
2026-07-13 10:20:36,2026-07-13 10:05,1893.0,1870.0,1.23,612700,1917.0,1882.0,1952.0,931.7
2026-07-13 10:25:44,2026-07-13 10:10,1893.0,1870.0,1.23,642300,1917.0,1882.0,1952.0,931.7
2026-07-13 10:30:37,2026-07-13 10:15,1894.5,1870.0,1.31,653800,1917.0,1882.0,1952.0,931.7
2026-07-13 10:35:35,2026-07-13 10:20,1896.5,1870.0,1.42,670100,1917.0,1882.0,1952.0,931.7
2026-07-13 10:40:36,2026-07-13 10:25,1891.5,1870.0,1.15,682000,1917.0,1882.0,1952.0,931.7
2026-07-13 10:47:41,2026-07-13 10:32,1889.5,1870.0,1.04,705500,1917.0,1882.0,1952.0,931.7
2026-07-13 10:50:45,2026-07-13 10:35,1890.0,1870.0,1.07,724300,1917.0,1882.0,1952.0,931.7
2026-07-13 10:55:32,2026-07-13 10:40,1890.0,1870.0,1.07,744600,1917.0,1882.0,1952.0,931.7
2026-07-13 11:00:30,2026-07-13 10:45,1889.5,1870.0,1.04,760000,1917.0,1882.0,1952.0,931.7
2026-07-13 11:05:36,2026-07-13 10:50,1891.5,1870.0,1.15,780900,1917.0,1882.0,1952.0,931.7
2026-07-13 11:10:35,2026-07-13 10:55,1892.0,1870.0,1.18,805900,1917.0,1882.0,1952.0,931.7
2026-07-13 11:15:32,2026-07-13 11:00,1892.0,1870.0,1.18,817000,1917.0,1882.0,1952.0,931.7
2026-07-13 11:20:33,2026-07-13 11:05,1890.5,1870.0,1.1,835000,1917.0,1882.0,1952.0,931.7
2026-07-13 11:25:41,2026-07-13 11:10,1896.0,1870.0,1.39,851500,1917.0,1882.0,1952.0,931.7
2026-07-13 11:30:33,2026-07-13 11:15,1895.0,1870.0,1.34,862400,1917.0,1882.0,1952.0,931.7
2026-07-13 12:30:37,2026-07-13 11:30,1903.0,1870.0,1.76,915500,1917.0,1882.0,1952.0,931.7
2026-07-13 12:35:32,2026-07-13 11:30,1903.0,1870.0,1.76,915500,1917.0,1882.0,1952.0,931.7
2026-07-13 12:40:31,2026-07-13 11:30,1903.0,1870.0,1.76,915500,1917.0,1882.0,1952.0,931.7
2026-07-13 12:45:32,2026-07-13 12:30,1898.5,1870.0,1.52,953900,1917.0,1882.0,1952.0,931.7
2026-07-13 12:50:34,2026-07-13 12:35,1895.5,1870.0,1.36,990100,1917.0,1882.0,1952.0,931.7
2026-07-13 12:56:15,2026-07-13 12:41,1898.5,1870.0,1.52,1014500,1917.0,1882.0,1952.0,931.7
2026-07-13 13:00:31,2026-07-13 12:45,1897.0,1870.0,1.44,1030100,1917.0,1882.0,1952.0,931.7
2026-07-13 13:05:38,2026-07-13 12:50,1897.0,1870.0,1.44,1052300,1917.0,1882.0,1952.0,931.7
2026-07-13 13:10:33,2026-07-13 12:55,1892.5,1870.0,1.2,1071700,1917.0,1882.0,1952.0,931.7
2026-07-13 13:15:33,2026-07-13 13:00,1892.5,1870.0,1.2,1089100,1917.0,1882.0,1952.0,931.7
2026-07-13 13:22:37,2026-07-13 13:07,1893.5,1870.0,1.26,1103800,1917.0,1882.0,1952.0,931.7
2026-07-13 13:25:33,2026-07-13 13:10,1892.5,1870.0,1.2,1112000,1917.0,1882.0,1952.0,931.7
2026-07-13 13:32:41,2026-07-13 13:17,1892.5,1870.0,1.2,1127800,1917.0,1882.0,1952.0,931.7
2026-07-13 13:35:43,2026-07-13 13:20,1894.0,1870.0,1.28,1134400,1917.0,1882.0,1952.0,931.7
2026-07-13 13:40:32,2026-07-13 13:25,1894.0,1870.0,1.28,1148900,1917.0,1882.0,1952.0,931.7
2026-07-13 13:45:41,2026-07-13 13:30,1893.5,1870.0,1.26,1162900,1917.0,1882.0,1952.0,931.7
2026-07-13 13:50:34,2026-07-13 13:35,1890.0,1870.0,1.07,1179100,1917.0,1882.0,1952.0,931.7
2026-07-13 13:55:43,2026-07-13 13:40,1894.0,1870.0,1.28,1202900,1917.0,1882.0,1952.0,931.7
2026-07-13 14:00:30,2026-07-13 13:45,1890.0,1870.0,1.07,1215500,1917.0,1882.0,1952.0,931.7
2026-07-13 14:05:29,2026-07-13 13:50,1888.5,1870.0,0.99,1227800,1917.0,1882.0,1952.0,931.7
2026-07-13 14:10:30,2026-07-13 13:55,1890.0,1870.0,1.07,1238000,1917.0,1882.0,1952.0,931.7
2026-07-13 14:15:44,2026-07-13 14:00,1892.0,1870.0,1.18,1249100,1917.0,1882.0,1952.0,931.7
2026-07-13 14:20:33,2026-07-13 14:05,1894.5,1870.0,1.31,1264500,1917.0,1882.0,1952.0,931.7
2026-07-13 14:25:41,2026-07-13 14:10,1896.5,1870.0,1.42,1278400,1917.0,1882.0,1952.0,931.7
2026-07-13 14:30:35,2026-07-13 14:15,1895.5,1870.0,1.36,1290500,1917.0,1882.0,1952.0,931.7
2026-07-13 14:35:36,2026-07-13 14:20,1896.5,1870.0,1.42,1307200,1917.0,1882.0,1952.0,931.7
2026-07-13 14:40:34,2026-07-13 14:25,1892.5,1870.0,1.2,1320100,1917.0,1882.0,1952.0,931.7
2026-07-13 14:45:34,2026-07-13 14:30,1889.0,1870.0,1.02,1336100,1917.0,1882.0,1952.0,931.7
2026-07-13 14:50:33,2026-07-13 14:35,1892.5,1870.0,1.2,1350300,1917.0,1882.0,1952.0,931.7
2026-07-13 14:55:30,2026-07-13 14:40,1893.5,1870.0,1.26,1366900,1917.0,1882.0,1952.0,931.7
2026-07-13 15:00:32,2026-07-13 14:45,1890.0,1870.0,1.07,1378900,1917.0,1882.0,1952.0,931.7
2026-07-13 15:05:44,2026-07-13 14:50,1891.0,1870.0,1.12,1402600,1917.0,1882.0,1952.0,931.7
2026-07-13 15:10:31,2026-07-13 14:55,1891.0,1870.0,1.12,1412800,1917.0,1882.0,1952.0,931.7
2026-07-13 15:15:39,2026-07-13 15:00,1893.5,1870.0,1.26,1431600,1917.0,1882.0,1952.0,931.7
2026-07-13 15:20:39,2026-07-13 15:05,1893.5,1870.0,1.26,1455000,1917.0,1882.0,1952.0,931.7
2026-07-13 15:25:38,2026-07-13 15:10,1893.5,1870.0,1.26,1470300,1917.0,1882.0,1952.0,931.7
2026-07-13 15:30:31,2026-07-13 15:15,1890.0,1870.0,1.07,1500400,1917.0,1882.0,1952.0,931.7
2026-07-13 15:40:32,2026-07-13 15:24,1890.0,1870.0,1.07,1554500,1917.0,1882.0,1952.0,931.7
2026-07-14 09:00:31,2026-07-13 15:30,1885.0,1870.0,0.8,2404100,1917.0,1882.0,1952.0,931.7
2026-07-14 09:05:34,2026-07-13 15:30,1885.0,1870.0,0.8,2404100,1917.0,1882.0,1952.0,931.7
2026-07-14 09:10:58,2026-07-13 15:30,1885.0,1870.0,0.8,2404100,1917.0,1882.0,1952.0,931.7
2026-07-14 09:15:32,2026-07-14 09:00,1885.0,1870.0,0.8,2500700,1892.5,1886.0,1952.0,931.7
2026-07-14 09:20:34,2026-07-14 09:05,1874.0,1885.0,-0.58,170300,1892.5,1864.0,1952.0,931.7
2026-07-14 09:25:38,2026-07-14 09:10,1876.0,1885.0,-0.48,212700,1892.5,1864.0,1952.0,931.7
2026-07-14 09:30:30,2026-07-14 09:15,1878.0,1885.0,-0.37,255800,1892.5,1864.0,1952.0,931.7
2026-07-14 09:35:34,2026-07-14 09:20,1868.5,1885.0,-0.88,276800,1892.5,1864.0,1952.0,931.7
2026-07-14 09:40:37,2026-07-14 09:25,1878.5,1885.0,-0.34,294200,1892.5,1864.0,1952.0,931.7
2026-07-14 09:45:38,2026-07-14 09:30,1883.0,1885.0,-0.11,310300,1892.5,1864.0,1952.0,931.7
2026-07-14 09:50:32,2026-07-14 09:35,1882.0,1885.0,-0.16,334600,1892.5,1864.0,1952.0,931.7
2026-07-14 09:55:35,2026-07-14 09:40,1889.5,1885.0,0.24,361200,1892.5,1864.0,1952.0,931.7
2026-07-14 10:00:31,2026-07-14 09:45,1884.0,1885.0,-0.05,400900,1892.5,1864.0,1952.0,931.7
2026-07-14 10:05:32,2026-07-14 09:50,1886.5,1885.0,0.08,427500,1892.5,1864.0,1952.0,931.7
2026-07-14 10:10:31,2026-07-14 09:55,1887.5,1885.0,0.13,446200,1892.5,1864.0,1952.0,931.7
2026-07-14 10:15:40,2026-07-14 10:00,1894.5,1885.0,0.5,489700,1896.5,1864.0,1952.0,931.7
2026-07-14 10:20:32,2026-07-14 10:05,1897.0,1885.0,0.64,513300,1899.0,1864.0,1952.0,931.7
2026-07-14 10:25:32,2026-07-14 10:10,1896.5,1885.0,0.61,533100,1899.0,1864.0,1952.0,931.7
2026-07-14 10:30:38,2026-07-14 10:15,1893.5,1885.0,0.45,557500,1899.0,1864.0,1952.0,931.7
2026-07-14 10:35:42,2026-07-14 10:20,1898.0,1885.0,0.69,569200,1899.5,1864.0,1952.0,931.7
2026-07-14 10:40:41,2026-07-14 10:25,1900.0,1885.0,0.8,583000,1900.5,1864.0,1952.0,931.7
2026-07-14 10:45:34,2026-07-14 10:30,1902.0,1885.0,0.9,599600,1904.0,1864.0,1952.0,931.7
2026-07-14 10:50:35,2026-07-14 10:35,1899.5,1885.0,0.77,639800,1905.5,1864.0,1952.0,931.7
2026-07-14 10:55:36,2026-07-14 10:40,1900.0,1885.0,0.8,651300,1905.5,1864.0,1952.0,931.7
2026-07-14 11:00:31,2026-07-14 10:45,1903.0,1885.0,0.95,665600,1905.5,1864.0,1952.0,931.7
2026-07-14 11:05:38,2026-07-14 10:50,1903.0,1885.0,0.95,676000,1905.5,1864.0,1952.0,931.7
2026-07-14 11:10:45,2026-07-14 10:55,1902.5,1885.0,0.93,689400,1905.5,1864.0,1952.0,931.7
2026-07-14 11:15:38,2026-07-14 11:00,1898.5,1885.0,0.72,704400,1905.5,1864.0,1952.0,931.7
2026-07-14 11:20:57,2026-07-14 11:05,1900.0,1885.0,0.8,718700,1905.5,1864.0,1952.0,931.7
2026-07-14 11:25:31,2026-07-14 11:10,1897.5,1885.0,0.66,733500,1905.5,1864.0,1952.0,931.7
2026-07-14 11:30:56,2026-07-14 11:15,1894.5,1885.0,0.5,764200,1905.5,1864.0,1952.0,931.7
2026-07-14 12:30:43,2026-07-14 11:30,1895.0,1885.0,0.53,812300,1905.5,1864.0,1952.0,931.7
2026-07-14 12:35:36,2026-07-14 11:30,1895.0,1885.0,0.53,812300,1905.5,1864.0,1952.0,931.7
2026-07-14 12:40:31,2026-07-14 11:30,1895.0,1885.0,0.53,812300,1905.5,1864.0,1952.0,931.7
2026-07-14 12:45:36,2026-07-14 12:30,1896.0,1885.0,0.58,834100,1905.5,1864.0,1952.0,931.7
2026-07-14 12:50:32,2026-07-14 12:35,1901.0,1885.0,0.85,856300,1905.5,1864.0,1952.0,931.7
2026-07-14 12:55:41,2026-07-14 12:40,1900.5,1885.0,0.82,893900,1905.5,1864.0,1952.0,931.7
2026-07-14 13:00:54,2026-07-14 12:45,1900.5,1885.0,0.82,906900,1905.5,1864.0,1952.0,931.7
2026-07-14 13:05:39,2026-07-14 12:50,1903.5,1885.0,0.98,926900,1905.5,1864.0,1952.0,931.7
2026-07-14 13:10:39,2026-07-14 12:55,1906.0,1885.0,1.11,952300,1907.0,1864.0,1952.0,931.7
2026-07-14 13:15:37,2026-07-14 13:00,1907.5,1885.0,1.19,976400,1907.5,1864.0,1952.0,931.7
2026-07-14 13:20:38,2026-07-14 13:05,1906.5,1885.0,1.14,991500,1909.0,1864.0,1952.0,931.7
2026-07-14 13:25:30,2026-07-14 13:10,1904.5,1885.0,1.03,1002600,1909.0,1864.0,1952.0,931.7
2026-07-14 13:30:36,2026-07-14 13:15,1901.5,1885.0,0.88,1015400,1909.0,1864.0,1952.0,931.7
2026-07-14 13:35:30,2026-07-14 13:20,1904.5,1885.0,1.03,1022200,1909.0,1864.0,1952.0,931.7
2026-07-14 13:40:50,2026-07-14 13:25,1904.0,1885.0,1.01,1040300,1909.0,1864.0,1952.0,931.7
2026-07-14 13:45:30,2026-07-14 13:30,1904.5,1885.0,1.03,1047700,1909.0,1864.0,1952.0,931.7
2026-07-14 13:50:36,2026-07-14 13:35,1909.0,1885.0,1.27,1088400,1909.5,1864.0,1952.0,931.7
2026-07-14 13:55:33,2026-07-14 13:40,1910.0,1885.0,1.33,1172100,1911.0,1864.0,1952.0,931.7
2026-07-14 14:00:36,2026-07-14 13:45,1908.5,1885.0,1.25,1185700,1911.0,1864.0,1952.0,931.7
2026-07-14 14:05:32,2026-07-14 13:50,1909.0,1885.0,1.27,1196000,1911.0,1864.0,1952.0,931.7
2026-07-14 14:10:33,2026-07-14 13:55,1910.0,1885.0,1.33,1224000,1911.0,1864.0,1952.0,931.7
2026-07-14 14:15:31,2026-07-14 14:00,1910.5,1885.0,1.35,1243300,1912.0,1864.0,1952.0,931.7
2026-07-14 14:20:34,2026-07-14 14:05,1910.0,1885.0,1.33,1252700,1912.0,1864.0,1952.0,931.7
2026-07-14 14:25:37,2026-07-14 14:10,1911.5,1885.0,1.41,1265300,1912.5,1864.0,1952.0,931.7
2026-07-14 14:30:30,2026-07-14 14:15,1913.0,1885.0,1.49,1285000,1914.5,1864.0,1952.0,931.7
2026-07-14 14:35:39,2026-07-14 14:20,1913.0,1885.0,1.49,1307900,1914.5,1864.0,1952.0,931.7
2026-07-14 14:40:36,2026-07-14 14:25,1911.5,1885.0,1.41,1318400,1914.5,1864.0,1952.0,931.7
2026-07-14 14:45:34,2026-07-14 14:30,1913.0,1885.0,1.49,1333900,1914.5,1864.0,1952.0,931.7
2026-07-14 14:50:32,2026-07-14 14:35,1913.0,1885.0,1.49,1362200,1914.5,1864.0,1952.0,931.7
2026-07-14 14:55:38,2026-07-14 14:40,1912.5,1885.0,1.46,1370800,1914.5,1864.0,1952.0,931.7
2026-07-14 15:00:39,2026-07-14 14:45,1913.0,1885.0,1.49,1376400,1914.5,1864.0,1952.0,931.7
2026-07-14 15:05:47,2026-07-14 14:50,1912.0,1885.0,1.43,1382300,1914.5,1864.0,1952.0,931.7
2026-07-14 15:10:31,2026-07-14 14:55,1913.0,1885.0,1.49,1392100,1914.5,1864.0,1952.0,931.7
2026-07-14 15:15:42,2026-07-14 15:00,1913.5,1885.0,1.51,1419000,1915.5,1864.0,1952.0,931.7
2026-07-14 15:20:39,2026-07-14 15:05,1911.0,1885.0,1.38,1445500,1915.5,1864.0,1952.0,931.7
2026-07-14 15:25:30,2026-07-14 15:10,1911.5,1885.0,1.41,1471900,1915.5,1864.0,1952.0,931.7
2026-07-14 15:30:37,2026-07-14 15:15,1914.5,1885.0,1.56,1493600,1915.5,1864.0,1952.0,931.7
2026-07-14 15:40:55,2026-07-14 15:24,1912.0,1885.0,1.43,1582200,1916.0,1864.0,1952.0,931.7
2026-07-15 09:05:30,2026-07-14 15:30,1910.5,1885.0,1.35,2196300,1916.0,1864.0,1952.0,933.0
2026-07-15 09:10:30,2026-07-14 15:30,1910.5,1885.0,1.35,2196300,1916.0,1864.0,1952.0,933.0
2026-07-15 09:15:44,2026-07-15 09:00,1910.5,1885.0,1.35,2379400,1931.0,1912.5,1952.0,933.0
2026-07-15 09:20:29,2026-07-15 09:05,1931.0,1910.5,1.07,274100,1936.0,1912.5,1952.0,933.0
2026-07-15 09:25:36,2026-07-15 09:10,1927.5,1910.5,0.89,359800,1936.0,1912.5,1952.0,933.0
2026-07-15 09:30:38,2026-07-15 09:15,1927.0,1910.5,0.86,416900,1936.0,1912.5,1952.0,933.0
2026-07-15 09:35:30,2026-07-15 09:20,1929.5,1910.5,0.99,450000,1936.0,1912.5,1952.0,933.0
2026-07-15 09:40:36,2026-07-15 09:25,1933.0,1910.5,1.18,471900,1936.0,1912.5,1952.0,933.0
2026-07-15 09:45:32,2026-07-15 09:30,1928.5,1910.5,0.94,486500,1936.0,1912.5,1952.0,933.0
2026-07-15 09:50:36,2026-07-15 09:35,1926.0,1910.5,0.81,504500,1936.0,1912.5,1952.0,933.0
2026-07-15 09:55:31,2026-07-15 09:40,1924.0,1910.5,0.71,534600,1936.0,1912.5,1952.0,933.0
2026-07-15 10:00:40,2026-07-15 09:45,1923.0,1910.5,0.65,567800,1936.0,1912.5,1952.0,933.0
2026-07-15 10:05:42,2026-07-15 09:50,1921.5,1910.5,0.58,600800,1936.0,1912.5,1952.0,933.0
2026-07-15 10:10:35,2026-07-15 09:55,1919.5,1910.5,0.47,607600,1936.0,1912.5,1952.0,933.0
2026-07-15 10:15:30,2026-07-15 10:00,1913.0,1910.5,0.13,633600,1936.0,1912.5,1952.0,933.0
2026-07-15 10:20:30,2026-07-15 10:05,1910.0,1910.5,-0.03,660700,1936.0,1908.5,1952.0,933.0
2026-07-15 10:25:30,2026-07-15 10:10,1911.5,1910.5,0.05,677600,1936.0,1908.0,1952.0,933.0
2026-07-15 10:30:38,2026-07-15 10:15,1918.0,1910.5,0.39,699000,1936.0,1908.0,1952.0,933.0
2026-07-15 10:35:29,2026-07-15 10:20,1913.0,1910.5,0.13,709900,1936.0,1908.0,1952.0,933.0
2026-07-15 10:40:32,2026-07-15 10:25,1905.5,1910.5,-0.26,728200,1936.0,1905.0,1952.0,933.0
2026-07-15 10:45:38,2026-07-15 10:30,1900.5,1910.5,-0.52,756600,1936.0,1900.0,1952.0,933.0
2026-07-15 10:50:47,2026-07-15 10:35,1904.0,1910.5,-0.34,802600,1936.0,1896.5,1952.0,933.0
2026-07-15 10:55:29,2026-07-15 10:40,1904.5,1910.5,-0.31,816500,1936.0,1896.5,1952.0,933.0
2026-07-15 11:00:34,2026-07-15 10:45,1905.0,1910.5,-0.29,832600,1936.0,1896.5,1952.0,933.0
2026-07-15 11:05:44,2026-07-15 10:50,1905.5,1910.5,-0.26,855100,1936.0,1896.5,1952.0,933.0
2026-07-15 11:10:39,2026-07-15 10:55,1909.5,1910.5,-0.05,864600,1936.0,1896.5,1952.0,933.0
2026-07-15 11:15:32,2026-07-15 11:00,1911.5,1910.5,0.05,876800,1936.0,1896.5,1952.0,933.0
2026-07-15 11:20:38,2026-07-15 11:05,1912.5,1910.5,0.1,899700,1936.0,1896.5,1952.0,933.0
2026-07-15 11:25:37,2026-07-15 11:10,1915.0,1910.5,0.24,908400,1936.0,1896.5,1952.0,933.0
2026-07-15 11:30:30,2026-07-15 11:15,1916.0,1910.5,0.29,915500,1936.0,1896.5,1952.0,933.0
2026-07-15 12:30:33,2026-07-15 11:30,1918.5,1910.5,0.42,957000,1936.0,1896.5,1952.0,933.0
2026-07-15 12:35:39,2026-07-15 11:30,1918.5,1910.5,0.42,957000,1936.0,1896.5,1952.0,933.0
2026-07-15 12:40:34,2026-07-15 11:30,1918.5,1910.5,0.42,957000,1936.0,1896.5,1952.0,933.0
2026-07-15 12:45:36,2026-07-15 12:30,1926.5,1910.5,0.84,1009100,1936.0,1896.5,1952.0,933.0
2026-07-15 12:50:36,2026-07-15 12:35,1920.5,1910.5,0.52,1041300,1936.0,1896.5,1952.0,933.0
2026-07-15 12:55:31,2026-07-15 12:40,1923.5,1910.5,0.68,1068000,1936.0,1896.5,1952.0,933.0
2026-07-15 13:00:38,2026-07-15 12:45,1923.0,1910.5,0.65,1083000,1936.0,1896.5,1952.0,933.0
2026-07-15 13:05:32,2026-07-15 12:50,1923.0,1910.5,0.65,1092600,1936.0,1896.5,1952.0,933.0
2026-07-15 13:10:34,2026-07-15 12:55,1924.5,1910.5,0.73,1111300,1936.0,1896.5,1952.0,933.0
2026-07-15 13:15:37,2026-07-15 13:00,1931.5,1910.5,1.1,1152900,1936.0,1896.5,1952.0,933.0
2026-07-15 13:20:40,2026-07-15 13:05,1930.0,1910.5,1.02,1166300,1936.0,1896.5,1952.0,933.0
2026-07-15 13:25:39,2026-07-15 13:10,1927.5,1910.5,0.89,1181700,1936.0,1896.5,1952.0,933.0
2026-07-15 13:30:29,2026-07-15 13:15,1925.0,1910.5,0.76,1191900,1936.0,1896.5,1952.0,933.0
2026-07-15 13:35:34,2026-07-15 13:20,1927.5,1910.5,0.89,1207700,1936.0,1896.5,1952.0,933.0
2026-07-15 13:40:41,2026-07-15 13:25,1930.0,1910.5,1.02,1218400,1936.0,1896.5,1952.0,933.0
2026-07-15 13:45:32,2026-07-15 13:30,1926.5,1910.5,0.84,1266800,1936.0,1896.5,1952.0,933.0
2026-07-15 13:50:33,2026-07-15 13:35,1927.0,1910.5,0.86,1277500,1936.0,1896.5,1952.0,933.0
2026-07-15 13:55:37,2026-07-15 13:39,1928.5,1910.5,0.94,1285300,1936.0,1896.5,1952.0,933.0
2026-07-15 14:00:36,2026-07-15 13:45,1928.0,1910.5,0.92,1299900,1936.0,1896.5,1952.0,933.0
2026-07-15 14:05:41,2026-07-15 13:50,1929.5,1910.5,0.99,1311300,1936.0,1896.5,1952.0,933.0
2026-07-15 14:10:36,2026-07-15 13:55,1929.5,1910.5,0.99,1325000,1936.0,1896.5,1952.0,933.0
2026-07-15 14:15:30,2026-07-15 14:00,1929.0,1910.5,0.97,1349800,1936.0,1896.5,1952.0,933.0
2026-07-15 14:20:38,2026-07-15 14:05,1929.0,1910.5,0.97,1372100,1936.0,1896.5,1952.0,933.0
2026-07-15 14:25:34,2026-07-15 14:10,1929.0,1910.5,0.97,1387600,1936.0,1896.5,1952.0,933.0
2026-07-15 14:30:30,2026-07-15 14:15,1929.0,1910.5,0.97,1402600,1936.0,1896.5,1952.0,933.0
2026-07-15 14:35:31,2026-07-15 14:20,1930.5,1910.5,1.05,1417700,1936.0,1896.5,1952.0,933.0
2026-07-15 14:40:40,2026-07-15 14:25,1931.5,1910.5,1.1,1434200,1936.0,1896.5,1952.0,933.0
2026-07-15 14:45:53,2026-07-15 14:30,1931.5,1910.5,1.1,1448600,1936.0,1896.5,1952.0,933.0
2026-07-15 14:50:31,2026-07-15 14:35,1931.5,1910.5,1.1,1463700,1936.0,1896.5,1952.0,933.0
2026-07-15 14:55:30,2026-07-15 14:40,1932.0,1910.5,1.13,1475500,1936.0,1896.5,1952.0,933.0
2026-07-15 15:00:41,2026-07-15 14:45,1932.0,1910.5,1.13,1505300,1936.0,1896.5,1952.0,933.0
2026-07-15 15:05:33,2026-07-15 14:50,1933.0,1910.5,1.18,1525900,1936.0,1896.5,1952.0,933.0
2026-07-15 15:10:30,2026-07-15 14:55,1935.0,1910.5,1.28,1542000,1936.0,1896.5,1952.0,933.0
2026-07-15 15:15:32,2026-07-15 15:00,1936.0,1910.5,1.33,1573400,1937.0,1896.5,1952.0,933.0
2026-07-15 15:20:39,2026-07-15 15:05,1932.5,1910.5,1.15,1598300,1937.0,1896.5,1952.0,933.0
2026-07-15 15:25:31,2026-07-15 15:10,1932.5,1910.5,1.15,1621500,1937.0,1896.5,1952.0,933.0
2026-07-15 15:30:37,2026-07-15 15:15,1931.0,1910.5,1.07,1651800,1937.0,1896.5,1952.0,933.0
2026-07-15 15:41:18,2026-07-15 15:24,1930.0,1910.5,1.02,1722300,1937.0,1896.5,1952.0,933.0
2026-07-16 09:05:31,2026-07-15 15:30,1932.5,1910.5,1.15,2645400,1937.0,1896.5,1952.0,933.0
2026-07-16 09:10:34,2026-07-15 15:30,1932.5,1910.5,1.15,2645400,1937.0,1896.5,1952.0,933.0
2026-07-16 09:15:39,2026-07-16 09:00,1932.5,1910.5,1.15,2731400,1928.5,1923.0,1952.0,933.0
2026-07-16 09:20:36,2026-07-16 09:05,1937.0,1932.5,0.23,164500,1941.0,1923.0,1952.0,933.0
2026-07-16 09:25:32,2026-07-16 09:10,1933.0,1932.5,0.03,207700,1941.0,1923.0,1952.0,933.0
2026-07-16 09:30:33,2026-07-16 09:15,1939.0,1932.5,0.34,239800,1941.0,1923.0,1952.0,933.0
2026-07-16 09:35:29,2026-07-16 09:20,1932.5,1932.5,0.0,262600,1941.0,1923.0,1952.0,933.0
2026-07-16 09:40:32,2026-07-16 09:25,1927.0,1932.5,-0.28,283900,1941.0,1923.0,1952.0,933.0
2026-07-16 09:45:35,2026-07-16 09:30,1930.0,1932.5,-0.13,302900,1941.0,1923.0,1952.0,933.0
2026-07-16 09:50:42,2026-07-16 09:35,1931.0,1932.5,-0.08,319800,1941.0,1923.0,1952.0,933.0
2026-07-16 09:55:32,2026-07-16 09:40,1929.0,1932.5,-0.18,337100,1941.0,1923.0,1952.0,933.0
2026-07-16 10:00:31,2026-07-16 09:45,1925.5,1932.5,-0.36,357500,1941.0,1923.0,1952.0,933.0
2026-07-16 10:05:42,2026-07-16 09:50,1930.5,1932.5,-0.1,368300,1941.0,1923.0,1952.0,933.0
2026-07-16 10:10:40,2026-07-16 09:55,1933.5,1932.5,0.05,456400,1941.0,1923.0,1952.0,933.0
2026-07-16 10:15:37,2026-07-16 10:00,1929.0,1932.5,-0.18,470300,1941.0,1923.0,1952.0,933.0
2026-07-16 10:20:31,2026-07-16 10:05,1926.0,1932.5,-0.34,493500,1941.0,1923.0,1952.0,933.0
2026-07-16 10:25:43,2026-07-16 10:10,1925.5,1932.5,-0.36,578900,1941.0,1922.0,1952.0,933.0
2026-07-16 10:30:35,2026-07-16 10:15,1925.0,1932.5,-0.39,589400,1941.0,1922.0,1952.0,933.0
2026-07-16 10:35:32,2026-07-16 10:20,1923.5,1932.5,-0.47,598900,1941.0,1922.0,1952.0,933.0
2026-07-16 10:40:33,2026-07-16 10:25,1925.5,1932.5,-0.36,607400,1941.0,1922.0,1952.0,933.0
2026-07-16 10:45:31,2026-07-16 10:30,1930.0,1932.5,-0.13,614600,1941.0,1922.0,1952.0,933.0
2026-07-16 10:50:34,2026-07-16 10:35,1934.0,1932.5,0.08,636700,1941.0,1922.0,1952.0,933.0
2026-07-16 10:55:37,2026-07-16 10:40,1934.0,1932.5,0.08,647900,1941.0,1922.0,1952.0,933.0
2026-07-16 11:00:34,2026-07-16 10:45,1937.0,1932.5,0.23,665100,1941.0,1922.0,1952.0,933.0
2026-07-16 11:05:35,2026-07-16 10:50,1938.5,1932.5,0.31,678400,1941.0,1922.0,1952.0,933.0
2026-07-16 11:10:33,2026-07-16 10:55,1938.0,1932.5,0.28,688500,1941.0,1922.0,1952.0,933.0
2026-07-16 11:15:34,2026-07-16 11:00,1933.0,1932.5,0.03,699300,1941.0,1922.0,1952.0,933.0
2026-07-16 11:20:55,2026-07-16 11:05,1932.5,1932.5,0.0,714100,1941.0,1922.0,1952.0,933.0
2026-07-16 11:25:34,2026-07-16 11:10,1932.5,1932.5,0.0,725300,1941.0,1922.0,1952.0,933.0
2026-07-16 11:30:36,2026-07-16 11:15,1936.0,1932.5,0.18,740500,1941.0,1922.0,1952.0,933.0
2026-07-16 12:30:37,2026-07-16 11:30,1933.0,1932.5,0.03,790200,1941.0,1922.0,1952.0,933.0
2026-07-16 12:35:33,2026-07-16 11:30,1933.0,1932.5,0.03,790200,1941.0,1922.0,1952.0,933.0
2026-07-16 12:40:29,2026-07-16 11:30,1933.0,1932.5,0.03,790200,1941.0,1922.0,1952.0,933.0
2026-07-16 12:45:44,2026-07-16 12:30,1930.0,1932.5,-0.13,826800,1941.0,1922.0,1952.0,933.0
2026-07-16 12:50:34,2026-07-16 12:35,1932.5,1932.5,0.0,854200,1941.0,1922.0,1952.0,933.0
2026-07-16 12:55:42,2026-07-16 12:40,1932.5,1932.5,0.0,882600,1941.0,1922.0,1952.0,933.0
2026-07-16 13:00:39,2026-07-16 12:45,1931.0,1932.5,-0.08,898100,1941.0,1922.0,1952.0,933.0
2026-07-16 13:05:38,2026-07-16 12:50,1931.5,1932.5,-0.05,910100,1941.0,1922.0,1952.0,933.0
2026-07-16 13:10:41,2026-07-16 12:55,1934.0,1932.5,0.08,923600,1941.0,1922.0,1952.0,933.0
2026-07-16 13:15:32,2026-07-16 13:00,1933.5,1932.5,0.05,937000,1941.0,1922.0,1952.0,933.0
2026-07-16 13:20:41,2026-07-16 13:05,1929.5,1932.5,-0.16,957900,1941.0,1922.0,1952.0,933.0
2026-07-16 13:25:39,2026-07-16 13:10,1927.5,1932.5,-0.26,982300,1941.0,1922.0,1952.0,933.0
2026-07-16 13:30:45,2026-07-16 13:15,1929.5,1932.5,-0.16,992200,1941.0,1922.0,1952.0,933.0
2026-07-16 13:35:31,2026-07-16 13:20,1927.0,1932.5,-0.28,1008400,1941.0,1922.0,1952.0,933.0
2026-07-16 13:40:34,2026-07-16 13:25,1924.5,1932.5,-0.41,1026700,1941.0,1922.0,1952.0,933.0
2026-07-16 13:45:30,2026-07-16 13:30,1923.5,1932.5,-0.47,1035400,1941.0,1922.0,1952.0,933.0
2026-07-16 13:50:32,2026-07-16 13:35,1925.0,1932.5,-0.39,1048200,1941.0,1922.0,1952.0,933.0
2026-07-16 13:55:42,2026-07-16 13:40,1923.5,1932.5,-0.47,1083600,1941.0,1922.0,1952.0,933.0
2026-07-16 14:00:47,2026-07-16 13:45,1925.5,1932.5,-0.36,1096100,1941.0,1922.0,1952.0,933.0
2026-07-16 14:05:34,2026-07-16 13:50,1923.0,1932.5,-0.49,1119800,1941.0,1922.0,1952.0,933.0
2026-07-16 14:10:36,2026-07-16 13:55,1922.5,1932.5,-0.52,1137500,1941.0,1921.5,1952.0,933.0
2026-07-16 14:15:37,2026-07-16 14:00,1922.5,1932.5,-0.52,1149400,1941.0,1921.0,1952.0,933.0
2026-07-16 14:20:32,2026-07-16 14:05,1922.0,1932.5,-0.54,1162700,1941.0,1921.0,1952.0,933.0
2026-07-16 14:25:47,2026-07-16 14:10,1921.5,1932.5,-0.57,1199200,1941.0,1919.0,1952.0,933.0
2026-07-16 14:30:29,2026-07-16 14:15,1925.0,1932.5,-0.39,1215100,1941.0,1919.0,1952.0,933.0
2026-07-16 14:35:38,2026-07-16 14:20,1926.5,1932.5,-0.31,1228300,1941.0,1919.0,1952.0,933.0
2026-07-16 14:40:32,2026-07-16 14:25,1926.0,1932.5,-0.34,1248300,1941.0,1919.0,1952.0,933.0
2026-07-16 14:45:43,2026-07-16 14:30,1928.5,1932.5,-0.21,1272600,1941.0,1919.0,1952.0,933.0
2026-07-16 14:50:34,2026-07-16 14:35,1923.5,1932.5,-0.47,1301400,1941.0,1919.0,1952.0,933.0
2026-07-16 14:55:33,2026-07-16 14:38,1933.0,1932.5,0.03,1314400,1941.0,1919.0,1952.0,933.0
2026-07-16 15:00:37,2026-07-16 14:45,1923.0,1932.5,-0.49,1334900,1941.0,1919.0,1952.0,933.0
2026-07-16 15:05:28,2026-07-16 14:50,1921.5,1932.5,-0.57,1349300,1941.0,1919.0,1952.0,933.0
2026-07-16 15:10:32,2026-07-16 14:55,1921.5,1932.5,-0.57,1374900,1941.0,1919.0,1952.0,933.0
2026-07-16 15:15:54,2026-07-16 15:00,1919.5,1932.5,-0.67,1401600,1941.0,1919.0,1952.0,933.0
2026-07-16 15:20:42,2026-07-16 15:05,1910.0,1932.5,-1.16,1436600,1941.0,1910.0,1952.0,933.0
2026-07-16 15:25:36,2026-07-16 15:10,1907.0,1932.5,-1.32,1505500,1941.0,1906.0,1952.0,933.0
2026-07-16 15:30:31,2026-07-16 15:15,1911.5,1932.5,-1.09,1548500,1941.0,1905.0,1952.0,933.0
2026-07-16 15:40:36,2026-07-16 15:24,1910.5,1932.5,-1.14,1623600,1941.0,1905.0,1952.0,933.0
2026-07-17 09:05:47,2026-07-16 15:30,1909.5,1932.5,-1.19,2691100,1941.0,1905.0,1952.0,933.0
2026-07-17 09:10:58,2026-07-16 15:30,1909.5,1932.5,-1.19,2691100,1941.0,1905.0,1952.0,933.0
2026-07-17 09:15:32,2026-07-17 09:00,1909.5,1932.5,-1.19,2824300,1900.0,1890.5,1952.0,933.0
2026-07-17 09:20:37,2026-07-17 09:05,1889.0,1909.5,-1.07,260800,1907.5,1887.0,1952.0,933.0
2026-07-17 09:25:32,2026-07-17 09:10,1886.0,1909.5,-1.23,341400,1907.5,1880.0,1952.0,933.0
2026-07-17 09:30:33,2026-07-17 09:15,1863.0,1909.5,-2.44,430800,1907.5,1861.5,1952.0,933.0
2026-07-17 09:35:41,2026-07-17 09:20,1874.0,1909.5,-1.86,481600,1907.5,1861.5,1952.0,933.0
2026-07-17 09:40:30,2026-07-17 09:25,1862.5,1909.5,-2.46,571800,1907.5,1858.5,1952.0,933.0
2026-07-17 09:45:34,2026-07-17 09:30,1853.5,1909.5,-2.93,637500,1907.5,1853.5,1952.0,933.0
2026-07-17 09:50:40,2026-07-17 09:35,1851.5,1909.5,-3.04,680800,1907.5,1850.0,1952.0,933.0
2026-07-17 09:55:38,2026-07-17 09:40,1856.5,1909.5,-2.78,705900,1907.5,1850.0,1952.0,933.0
2026-07-17 10:00:41,2026-07-17 09:45,1851.5,1909.5,-3.04,755000,1907.5,1848.0,1952.0,933.0
2026-07-17 10:05:29,2026-07-17 09:50,1865.0,1909.5,-2.33,785600,1907.5,1848.0,1952.0,933.0
2026-07-17 10:10:42,2026-07-17 09:55,1871.0,1909.5,-2.02,823100,1907.5,1848.0,1952.0,933.0
2026-07-17 10:15:33,2026-07-17 10:00,1859.0,1909.5,-2.64,866000,1907.5,1848.0,1952.0,933.0
2026-07-17 10:20:40,2026-07-17 10:05,1851.0,1909.5,-3.06,904700,1907.5,1848.0,1952.0,933.0
2026-07-17 10:25:49,2026-07-17 10:10,1859.0,1909.5,-2.64,928600,1907.5,1848.0,1952.0,933.0
2026-07-17 10:30:32,2026-07-17 10:15,1853.5,1909.5,-2.93,956600,1907.5,1848.0,1952.0,933.0
2026-07-17 10:35:36,2026-07-17 10:20,1840.0,1909.5,-3.64,1007700,1907.5,1839.5,1952.0,933.0
2026-07-17 10:40:49,2026-07-17 10:25,1834.5,1909.5,-3.93,1052900,1907.5,1833.0,1952.0,933.0
2026-07-17 10:45:46,2026-07-17 10:30,1831.5,1909.5,-4.08,1192000,1907.5,1831.5,1952.0,933.0
2026-07-17 10:50:44,2026-07-17 10:35,1827.0,1909.5,-4.32,1233300,1907.5,1826.0,1952.0,933.0
2026-07-17 10:55:35,2026-07-17 10:40,1831.0,1909.5,-4.11,1246400,1907.5,1826.0,1952.0,933.0
2026-07-17 11:00:43,2026-07-17 10:45,1833.0,1909.5,-4.01,1285100,1907.5,1826.0,1952.0,933.0
2026-07-17 11:05:42,2026-07-17 10:50,1834.5,1909.5,-3.93,1299200,1907.5,1826.0,1952.0,933.0
2026-07-17 11:10:42,2026-07-17 10:55,1833.5,1909.5,-3.98,1322900,1907.5,1826.0,1952.0,933.0
2026-07-17 11:15:33,2026-07-17 11:00,1831.5,1909.5,-4.08,1357100,1907.5,1826.0,1952.0,933.0
2026-07-17 11:20:35,2026-07-17 11:05,1831.5,1909.5,-4.08,1372700,1907.5,1826.0,1952.0,933.0
2026-07-17 11:25:40,2026-07-17 11:10,1828.0,1909.5,-4.27,1409300,1907.5,1826.0,1952.0,933.0
2026-07-17 11:30:30,2026-07-17 11:15,1824.0,1909.5,-4.48,1434700,1907.5,1823.5,1952.0,933.0
2026-07-17 12:30:38,2026-07-17 11:30,1818.5,1909.5,-4.77,1535800,1907.5,1816.0,1952.0,933.0
2026-07-17 12:35:30,2026-07-17 11:30,1818.5,1909.5,-4.77,1535800,1907.5,1816.0,1952.0,933.0
2026-07-17 12:40:36,2026-07-17 11:30,1818.5,1909.5,-4.77,1535800,1907.5,1816.0,1952.0,933.0
2026-07-17 12:45:40,2026-07-17 12:30,1828.0,1909.5,-4.27,1613300,1907.5,1816.0,1952.0,933.0
2026-07-17 12:50:50,2026-07-17 12:35,1823.0,1909.5,-4.53,1687900,1907.5,1816.0,1952.0,933.0
2026-07-17 12:55:32,2026-07-17 12:40,1818.5,1909.5,-4.77,1720400,1907.5,1816.0,1952.0,933.0
2026-07-17 13:00:37,2026-07-17 12:45,1815.5,1909.5,-4.92,1766300,1907.5,1815.0,1952.0,933.0
2026-07-17 13:05:35,2026-07-17 12:50,1814.5,1909.5,-4.98,1807400,1907.5,1814.0,1952.0,933.0
2026-07-17 13:10:47,2026-07-17 12:55,1808.5,1909.5,-5.29,1848300,1907.5,1808.5,1952.0,933.0
2026-07-17 13:15:37,2026-07-17 13:00,1802.5,1909.5,-5.6,1907300,1907.5,1802.5,1952.0,933.0
2026-07-17 13:20:30,2026-07-17 13:05,1800.0,1909.5,-5.73,1957300,1907.5,1799.5,1952.0,933.0
2026-07-17 13:25:30,2026-07-17 13:10,1794.0,1909.5,-6.05,2129700,1907.5,1793.5,1952.0,933.0
2026-07-17 13:30:32,2026-07-17 13:15,1789.5,1909.5,-6.28,2164500,1907.5,1789.0,1952.0,933.0
2026-07-17 13:35:32,2026-07-17 13:20,1787.0,1909.5,-6.42,2201800,1907.5,1784.0,1952.0,933.0
2026-07-17 13:40:40,2026-07-17 13:25,1781.0,1909.5,-6.73,2237500,1907.5,1781.0,1952.0,933.0
2026-07-17 13:45:30,2026-07-17 13:30,1774.5,1909.5,-7.07,2288900,1907.5,1772.0,1952.0,933.0
2026-07-17 13:50:31,2026-07-17 13:35,1770.0,1909.5,-7.31,2325800,1907.5,1769.0,1952.0,933.0
2026-07-17 13:55:33,2026-07-17 13:40,1761.5,1909.5,-7.75,2361500,1907.5,1761.5,1952.0,933.0
2026-07-17 14:00:41,2026-07-17 13:45,1776.0,1909.5,-6.99,2458800,1907.5,1761.0,1952.0,933.0
2026-07-17 14:05:35,2026-07-17 13:50,1786.0,1909.5,-6.47,2523400,1907.5,1761.0,1952.0,933.0
2026-07-17 14:10:31,2026-07-17 13:55,1786.5,1909.5,-6.44,2575200,1907.5,1761.0,1952.0,933.0
2026-07-17 14:15:34,2026-07-17 14:00,1786.5,1909.5,-6.44,2626900,1907.5,1761.0,1952.0,933.0
2026-07-17 14:20:38,2026-07-17 14:05,1781.0,1909.5,-6.73,2667900,1907.5,1761.0,1952.0,933.0
2026-07-17 14:25:47,2026-07-17 14:10,1782.5,1909.5,-6.65,2692800,1907.5,1761.0,1952.0,933.0
2026-07-17 14:30:32,2026-07-17 14:15,1782.5,1909.5,-6.65,2727400,1907.5,1761.0,1952.0,933.0
2026-07-17 14:35:51,2026-07-17 14:20,1780.0,1909.5,-6.78,2748100,1907.5,1761.0,1952.0,933.0
2026-07-17 14:40:30,2026-07-17 14:25,1782.0,1909.5,-6.68,2779500,1907.5,1761.0,1952.0,933.0
2026-07-17 14:45:35,2026-07-17 14:30,1782.5,1909.5,-6.65,2803800,1907.5,1761.0,1952.0,933.0
2026-07-17 14:50:28,2026-07-17 14:35,1780.5,1909.5,-6.76,2838000,1907.5,1761.0,1952.0,933.0
2026-07-17 14:55:40,2026-07-17 14:40,1778.5,1909.5,-6.86,2860900,1907.5,1761.0,1952.0,933.0
2026-07-17 15:00:29,2026-07-17 14:45,1781.5,1909.5,-6.7,2905100,1907.5,1761.0,1952.0,933.0
2026-07-17 15:05:57,2026-07-17 14:50,1784.0,1909.5,-6.57,2948700,1907.5,1761.0,1952.0,933.0
2026-07-17 15:10:32,2026-07-17 14:55,1783.5,1909.5,-6.6,2988600,1907.5,1761.0,1952.0,933.0
2026-07-17 15:15:36,2026-07-17 15:00,1783.5,1909.5,-6.6,3033500,1907.5,1761.0,1952.0,933.0
2026-07-17 15:20:37,2026-07-17 15:05,1783.5,1909.5,-6.6,3100000,1907.5,1761.0,1952.0,933.0
2026-07-17 15:25:47,2026-07-17 15:10,1787.0,1909.5,-6.42,3154400,1907.5,1761.0,1952.0,933.0
2026-07-17 15:30:36,2026-07-17 15:15,1791.5,1909.5,-6.18,3198200,1907.5,1761.0,1952.0,933.0
2026-07-17 15:40:42,2026-07-17 15:24,1790.5,1909.5,-6.23,3675300,1907.5,1761.0,1952.0,933.0
2026-07-21 09:05:30,2026-07-17 15:30,1794.0,1909.5,-6.05,4655000,1907.5,1761.0,1952.0,953.0
2026-07-21 09:10:32,2026-07-17 15:30,1794.0,1909.5,-6.05,4655000,1907.5,1761.0,1952.0,953.0
2026-07-21 09:15:29,2026-07-21 09:00,1817.0,1909.5,-4.84,4807400,1824.0,1815.0,1952.0,953.0
2026-07-21 09:20:39,2026-07-21 09:05,1817.5,1794.0,1.31,224000,1824.0,1807.0,1952.0,953.0
2026-07-21 09:25:44,2026-07-21 09:10,1807.5,1794.0,0.75,391900,1824.0,1800.5,1952.0,953.0
2026-07-21 09:30:40,2026-07-21 09:15,1816.0,1794.0,1.23,439300,1824.0,1800.5,1952.0,953.0
2026-07-21 09:35:43,2026-07-21 09:20,1831.0,1794.0,2.06,464900,1831.0,1800.5,1952.0,953.0
2026-07-21 09:40:35,2026-07-21 09:25,1833.0,1794.0,2.17,526800,1836.0,1800.5,1952.0,953.0
2026-07-21 09:45:35,2026-07-21 09:30,1841.5,1794.0,2.65,568200,1843.5,1800.5,1952.0,953.0
2026-07-21 09:50:31,2026-07-21 09:35,1846.0,1794.0,2.9,628100,1848.5,1800.5,1952.0,953.0
2026-07-21 09:55:36,2026-07-21 09:40,1847.5,1794.0,2.98,662000,1850.5,1800.5,1952.0,953.0
2026-07-21 10:00:30,2026-07-21 09:45,1841.0,1794.0,2.62,690200,1850.5,1800.5,1952.0,953.0
2026-07-21 10:05:51,2026-07-21 09:50,1838.0,1794.0,2.45,740200,1850.5,1800.5,1952.0,953.0
2026-07-21 10:10:30,2026-07-21 09:55,1841.0,1794.0,2.62,764100,1850.5,1800.5,1952.0,953.0
2026-07-21 10:15:32,2026-07-21 10:00,1838.5,1794.0,2.48,791000,1850.5,1800.5,1952.0,953.0
2026-07-21 10:20:35,2026-07-21 10:05,1844.5,1794.0,2.81,809400,1850.5,1800.5,1952.0,953.0
2026-07-21 10:25:30,2026-07-21 10:10,1850.0,1794.0,3.12,834200,1850.5,1800.5,1952.0,953.0
2026-07-21 10:30:33,2026-07-21 10:15,1852.0,1794.0,3.23,867200,1852.5,1800.5,1952.0,953.0
2026-07-21 10:35:33,2026-07-21 10:20,1852.0,1794.0,3.23,901100,1859.0,1800.5,1952.0,953.0
2026-07-21 10:40:29,2026-07-21 10:25,1854.5,1794.0,3.37,913400,1859.0,1800.5,1952.0,953.0
2026-07-21 10:45:40,2026-07-21 10:30,1859.5,1794.0,3.65,943700,1861.5,1800.5,1952.0,953.0
2026-07-21 10:50:49,2026-07-21 10:35,1857.5,1794.0,3.54,970300,1861.5,1800.5,1952.0,953.0
2026-07-21 10:55:45,2026-07-21 10:40,1850.0,1794.0,3.12,1008500,1861.5,1800.5,1952.0,953.0
2026-07-21 11:00:30,2026-07-21 10:45,1849.5,1794.0,3.09,1026700,1861.5,1800.5,1952.0,953.0
2026-07-21 11:05:37,2026-07-21 10:50,1853.0,1794.0,3.29,1047600,1861.5,1800.5,1952.0,953.0
2026-07-21 11:10:37,2026-07-21 10:55,1858.5,1794.0,3.6,1067900,1861.5,1800.5,1952.0,953.0
2026-07-21 11:15:30,2026-07-21 11:00,1861.5,1794.0,3.76,1084000,1862.0,1800.5,1952.0,953.0
2026-07-21 11:20:33,2026-07-21 11:05,1864.0,1794.0,3.9,1100600,1864.5,1800.5,1952.0,953.0
2026-07-21 11:25:35,2026-07-21 11:10,1863.5,1794.0,3.87,1125500,1868.5,1800.5,1952.0,953.0
2026-07-21 11:30:39,2026-07-21 11:15,1866.0,1794.0,4.01,1141400,1868.5,1800.5,1952.0,953.0
2026-07-21 12:30:34,2026-07-21 11:30,1862.5,1794.0,3.82,1197400,1868.5,1800.5,1952.0,953.0
2026-07-21 12:35:30,2026-07-21 11:30,1862.5,1794.0,3.82,1197400,1868.5,1800.5,1952.0,953.0
2026-07-21 12:40:29,2026-07-21 11:30,1862.5,1794.0,3.82,1197400,1868.5,1800.5,1952.0,953.0
2026-07-21 12:45:54,2026-07-21 12:30,1862.5,1794.0,3.82,1249300,1868.5,1800.5,1952.0,953.0
2026-07-21 12:50:34,2026-07-21 12:35,1855.5,1794.0,3.43,1278800,1868.5,1800.5,1952.0,953.0
2026-07-21 12:55:35,2026-07-21 12:40,1855.0,1794.0,3.4,1297500,1868.5,1800.5,1952.0,953.0
2026-07-21 13:00:31,2026-07-21 12:45,1858.5,1794.0,3.6,1316500,1868.5,1800.5,1952.0,953.0
2026-07-21 13:05:32,2026-07-21 12:50,1857.0,1794.0,3.51,1331900,1868.5,1800.5,1952.0,953.0
2026-07-21 13:10:37,2026-07-21 12:55,1855.5,1794.0,3.43,1342800,1868.5,1800.5,1952.0,953.0
2026-07-21 13:15:39,2026-07-21 13:00,1856.0,1794.0,3.46,1357400,1868.5,1800.5,1952.0,953.0
2026-07-21 13:20:50,2026-07-21 13:05,1852.5,1794.0,3.26,1374900,1868.5,1800.5,1952.0,953.0
2026-07-21 13:25:31,2026-07-21 13:10,1855.0,1794.0,3.4,1387400,1868.5,1800.5,1952.0,953.0
2026-07-21 13:30:44,2026-07-21 13:15,1854.5,1794.0,3.37,1400000,1868.5,1800.5,1952.0,953.0
2026-07-21 13:35:35,2026-07-21 13:20,1853.5,1794.0,3.32,1439100,1868.5,1800.5,1952.0,953.0
2026-07-21 13:40:42,2026-07-21 13:25,1856.0,1794.0,3.46,1469100,1868.5,1800.5,1952.0,953.0
2026-07-21 13:45:38,2026-07-21 13:30,1857.5,1794.0,3.54,1481600,1868.5,1800.5,1952.0,953.0
2026-07-21 13:50:31,2026-07-21 13:35,1861.0,1794.0,3.73,1497700,1868.5,1800.5,1952.0,953.0
2026-07-21 13:55:37,2026-07-21 13:40,1865.5,1794.0,3.99,1519400,1868.5,1800.5,1952.0,953.0
2026-07-21 14:00:48,2026-07-21 13:45,1866.0,1794.0,4.01,1535600,1868.5,1800.5,1952.0,953.0
2026-07-21 14:05:37,2026-07-21 13:50,1867.5,1794.0,4.1,1554900,1868.5,1800.5,1952.0,953.0
2026-07-21 14:10:37,2026-07-21 13:55,1863.5,1794.0,3.87,1574700,1868.5,1800.5,1952.0,953.0
2026-07-21 14:15:38,2026-07-21 14:00,1861.5,1794.0,3.76,1590400,1868.5,1800.5,1952.0,953.0
2026-07-21 14:20:38,2026-07-21 14:05,1864.0,1794.0,3.9,1606500,1868.5,1800.5,1952.0,953.0
2026-07-21 14:25:34,2026-07-21 14:10,1865.0,1794.0,3.96,1617000,1868.5,1800.5,1952.0,953.0
2026-07-21 14:30:41,2026-07-21 14:15,1862.0,1794.0,3.79,1638300,1868.5,1800.5,1952.0,953.0
2026-07-21 14:35:38,2026-07-21 14:20,1858.0,1794.0,3.57,1659900,1868.5,1800.5,1952.0,953.0
2026-07-21 14:40:30,2026-07-21 14:25,1859.5,1794.0,3.65,1678200,1868.5,1800.5,1952.0,953.0
2026-07-21 14:45:36,2026-07-21 14:30,1865.5,1794.0,3.99,1696800,1868.5,1800.5,1952.0,953.0
2026-07-21 14:50:43,2026-07-21 14:35,1865.5,1794.0,3.99,1717900,1868.5,1800.5,1952.0,953.0
2026-07-21 14:55:35,2026-07-21 14:40,1862.0,1794.0,3.79,1730100,1868.5,1800.5,1952.0,953.0
2026-07-21 15:00:38,2026-07-21 14:45,1862.5,1794.0,3.82,1751700,1868.5,1800.5,1952.0,953.0
2026-07-21 15:05:41,2026-07-21 14:49,1865.0,1794.0,3.96,1772200,1868.5,1800.5,1952.0,953.0
2026-07-21 15:10:46,2026-07-21 14:55,1862.0,1794.0,3.79,1793000,1868.5,1800.5,1952.0,953.0
2026-07-21 15:15:41,2026-07-21 15:00,1862.5,1794.0,3.82,1815700,1868.5,1800.5,1952.0,953.0
2026-07-21 15:20:33,2026-07-21 15:05,1865.5,1794.0,3.99,1845400,1868.5,1800.5,1952.0,953.0
2026-07-21 15:25:34,2026-07-21 15:10,1868.5,1794.0,4.15,1874200,1869.0,1800.5,1952.0,953.0
2026-07-21 15:30:30,2026-07-21 15:15,1870.5,1794.0,4.26,1924600,1872.5,1800.5,1952.0,953.0
2026-07-21 15:40:32,2026-07-21 15:24,1870.5,1794.0,4.26,2030200,1872.5,1800.5,1952.0,953.0
2026-07-22 09:05:31,2026-07-21 15:30,1866.0,1794.0,4.01,3232000,1872.5,1800.5,1952.0,953.0
2026-07-22 09:10:44,2026-07-21 15:30,1866.0,1794.0,4.01,3232000,1872.5,1800.5,1952.0,953.0
2026-07-22 09:15:29,2026-07-22 09:00,1866.0,1794.0,4.01,3436100,1868.5,1860.0,1952.0,953.0
2026-07-22 09:20:29,2026-07-22 09:05,1870.5,1866.0,0.24,290000,1871.0,1858.5,1952.0,953.0
2026-07-22 09:25:33,2026-07-22 09:10,1879.5,1866.0,0.72,339200,1879.5,1858.5,1952.0,953.0
2026-07-22 09:30:35,2026-07-22 09:15,1885.0,1866.0,1.02,380000,1888.0,1858.5,1952.0,953.0
2026-07-22 09:35:41,2026-07-22 09:20,1884.5,1866.0,0.99,412100,1888.0,1858.5,1952.0,953.0
2026-07-22 09:40:40,2026-07-22 09:25,1883.5,1866.0,0.94,438600,1888.0,1858.5,1952.0,953.0
2026-07-22 09:45:39,2026-07-22 09:30,1892.0,1866.0,1.39,496700,1892.0,1858.5,1952.0,953.0
2026-07-22 09:50:40,2026-07-22 09:35,1901.0,1866.0,1.88,539400,1901.0,1858.5,1952.0,953.0
2026-07-22 09:55:29,2026-07-22 09:40,1901.0,1866.0,1.88,574500,1905.0,1858.5,1952.0,953.0
2026-07-22 10:00:30,2026-07-22 09:45,1905.0,1866.0,2.09,599800,1907.0,1858.5,1952.0,953.0
2026-07-22 10:05:29,2026-07-22 09:50,1907.0,1866.0,2.2,622200,1907.5,1858.5,1952.0,953.0
2026-07-22 10:10:30,2026-07-22 09:55,1907.5,1866.0,2.22,646900,1909.0,1858.5,1952.0,953.0
2026-07-22 10:15:32,2026-07-22 10:00,1912.5,1866.0,2.49,695800,1913.5,1858.5,1952.0,953.0
2026-07-22 10:20:44,2026-07-22 10:05,1915.0,1866.0,2.63,751200,1916.0,1858.5,1952.0,953.0
2026-07-22 10:25:51,2026-07-22 10:10,1908.0,1866.0,2.25,783700,1916.5,1858.5,1952.0,953.0
2026-07-22 10:30:38,2026-07-22 10:15,1904.5,1866.0,2.06,813800,1916.5,1858.5,1952.0,953.0
2026-07-22 10:35:30,2026-07-22 10:20,1906.5,1866.0,2.17,821900,1916.5,1858.5,1952.0,953.0
2026-07-22 10:40:34,2026-07-22 10:25,1910.0,1866.0,2.36,849500,1916.5,1858.5,1952.0,953.0
2026-07-22 10:45:43,2026-07-22 10:30,1910.0,1866.0,2.36,865400,1916.5,1858.5,1952.0,953.0
2026-07-22 10:50:32,2026-07-22 10:34,1911.0,1866.0,2.41,877400,1916.5,1858.5,1952.0,953.0
2026-07-22 10:55:40,2026-07-22 10:40,1910.5,1866.0,2.38,896400,1916.5,1858.5,1952.0,953.0
2026-07-22 11:00:39,2026-07-22 10:45,1909.5,1866.0,2.33,914700,1916.5,1858.5,1952.0,953.0
2026-07-22 11:05:45,2026-07-22 10:50,1912.0,1866.0,2.47,925000,1916.5,1858.5,1952.0,953.0
2026-07-22 11:10:33,2026-07-22 10:55,1912.0,1866.0,2.47,943800,1916.5,1858.5,1952.0,953.0
2026-07-22 11:15:38,2026-07-22 11:00,1909.0,1866.0,2.3,964000,1916.5,1858.5,1952.0,953.0
2026-07-22 11:20:32,2026-07-22 11:05,1909.0,1866.0,2.3,973800,1916.5,1858.5,1952.0,953.0
2026-07-22 11:25:35,2026-07-22 11:10,1910.5,1866.0,2.38,988100,1916.5,1858.5,1952.0,953.0
2026-07-22 11:30:30,2026-07-22 11:15,1913.5,1866.0,2.55,1010300,1916.5,1858.5,1952.0,953.0
2026-07-22 12:30:38,2026-07-22 11:30,1910.0,1866.0,2.36,1068600,1916.5,1858.5,1952.0,953.0
2026-07-22 12:35:41,2026-07-22 11:30,1910.0,1866.0,2.36,1068600,1916.5,1858.5,1952.0,953.0
2026-07-22 12:40:38,2026-07-22 11:30,1910.0,1866.0,2.36,1068600,1916.5,1858.5,1952.0,953.0
2026-07-22 12:45:35,2026-07-22 12:30,1918.5,1866.0,2.81,1121300,1919.0,1858.5,1952.0,953.0
2026-07-22 12:50:32,2026-07-22 12:35,1916.5,1866.0,2.71,1208900,1922.5,1858.5,1952.0,953.0
2026-07-22 12:55:37,2026-07-22 12:40,1917.5,1866.0,2.76,1231900,1922.5,1858.5,1952.0,953.0
2026-07-22 13:00:48,2026-07-22 12:45,1917.5,1866.0,2.76,1254800,1922.5,1858.5,1952.0,953.0
2026-07-22 13:05:31,2026-07-22 12:50,1918.5,1866.0,2.81,1288400,1922.5,1858.5,1952.0,953.0
2026-07-22 13:10:34,2026-07-22 12:55,1918.5,1866.0,2.81,1306300,1922.5,1858.5,1952.0,953.0
2026-07-22 13:15:35,2026-07-22 13:00,1920.5,1866.0,2.92,1349400,1922.5,1858.5,1952.0,953.0
2026-07-22 13:20:34,2026-07-22 13:05,1918.0,1866.0,2.79,1364700,1922.5,1858.5,1952.0,953.0
2026-07-22 13:25:59,2026-07-22 13:10,1917.5,1866.0,2.76,1392500,1922.5,1858.5,1952.0,953.0
2026-07-22 13:30:45,2026-07-22 13:15,1918.5,1866.0,2.81,1400200,1922.5,1858.5,1952.0,953.0
2026-07-22 13:35:38,2026-07-22 13:20,1920.0,1866.0,2.89,1412300,1922.5,1858.5,1952.0,953.0
2026-07-22 13:40:38,2026-07-22 13:25,1919.5,1866.0,2.87,1424300,1922.5,1858.5,1952.0,953.0
2026-07-22 13:45:42,2026-07-22 13:30,1918.0,1866.0,2.79,1434600,1922.5,1858.5,1952.0,953.0
2026-07-22 13:50:39,2026-07-22 13:35,1918.5,1866.0,2.81,1444300,1922.5,1858.5,1952.0,953.0
2026-07-22 13:55:37,2026-07-22 13:40,1918.0,1866.0,2.79,1452400,1922.5,1858.5,1952.0,953.0
2026-07-22 14:00:40,2026-07-22 13:45,1916.5,1866.0,2.71,1460000,1922.5,1858.5,1952.0,953.0
2026-07-22 14:05:45,2026-07-22 13:50,1915.0,1866.0,2.63,1473600,1922.5,1858.5,1952.0,953.0
2026-07-22 14:10:35,2026-07-22 13:55,1916.0,1866.0,2.68,1555700,1922.5,1858.5,1952.0,953.0
2026-07-22 14:15:54,2026-07-22 14:00,1916.5,1866.0,2.71,1580900,1922.5,1858.5,1952.0,953.0
2026-07-22 14:20:40,2026-07-22 14:05,1913.0,1866.0,2.52,1597200,1922.5,1858.5,1952.0,953.0
2026-07-22 14:25:36,2026-07-22 14:10,1910.0,1866.0,2.36,1618500,1922.5,1858.5,1952.0,953.0
2026-07-22 14:30:37,2026-07-22 14:15,1908.5,1866.0,2.28,1642600,1922.5,1858.5,1952.0,953.0
2026-07-22 14:35:36,2026-07-22 14:20,1909.5,1866.0,2.33,1661400,1922.5,1858.5,1952.0,953.0
2026-07-22 14:40:33,2026-07-22 14:25,1909.0,1866.0,2.3,1680300,1922.5,1858.5,1952.0,953.0
2026-07-22 14:45:41,2026-07-22 14:30,1909.5,1866.0,2.33,1699600,1922.5,1858.5,1952.0,953.0
2026-07-22 14:50:58,2026-07-22 14:35,1913.0,1866.0,2.52,1729000,1922.5,1858.5,1952.0,953.0
2026-07-22 14:55:36,2026-07-22 14:40,1911.5,1866.0,2.44,1750200,1922.5,1858.5,1952.0,953.0
2026-07-22 15:00:36,2026-07-22 14:42,1909.5,1866.0,2.33,1759300,1922.5,1858.5,1952.0,953.0
2026-07-22 15:05:42,2026-07-22 14:50,1908.5,1866.0,2.28,1801700,1922.5,1858.5,1952.0,953.0
2026-07-22 15:10:41,2026-07-22 14:55,1909.5,1866.0,2.33,1818500,1922.5,1858.5,1952.0,953.0
2026-07-22 15:15:53,2026-07-22 15:00,1908.0,1866.0,2.25,1855800,1922.5,1858.5,1952.0,953.0
2026-07-22 15:20:33,2026-07-22 15:05,1906.0,1866.0,2.14,1887000,1922.5,1858.5,1952.0,953.0
2026-07-22 15:25:44,2026-07-22 15:10,1910.5,1866.0,2.38,1958600,1922.5,1858.5,1952.0,953.0
2026-07-22 15:30:55,2026-07-22 15:15,1908.0,1866.0,2.25,1999400,1922.5,1858.5,1952.0,953.0
2026-07-22 15:40:46,2026-07-22 15:24,1904.0,1866.0,2.04,2104100,1922.5,1858.5,1952.0,953.0
2026-07-23 09:05:34,2026-07-22 15:30,1899.0,1866.0,1.77,3273000,1922.5,1858.5,1952.0,970.5
2026-07-23 09:10:32,2026-07-22 15:30,1899.0,1866.0,1.77,3273000,1922.5,1858.5,1952.0,970.5
2026-07-23 09:15:32,2026-07-22 15:30,1899.0,1866.0,1.77,3273000,1922.5,1858.5,1952.0,970.5
2026-07-23 09:20:34,2026-07-23 09:05,1922.5,1899.0,1.24,400600,1936.5,1915.0,1952.0,970.5
2026-07-23 09:25:36,2026-07-23 09:10,1919.5,1899.0,1.08,505700,1936.5,1915.0,1952.0,970.5
2026-07-23 09:30:36,2026-07-23 09:15,1922.0,1899.0,1.21,545400,1936.5,1915.0,1952.0,970.5
2026-07-23 09:35:31,2026-07-23 09:20,1922.5,1899.0,1.24,584800,1936.5,1915.0,1952.0,970.5
2026-07-23 09:40:34,2026-07-23 09:25,1923.0,1899.0,1.26,629200,1936.5,1915.0,1952.0,970.5
2026-07-23 09:45:32,2026-07-23 09:30,1919.5,1899.0,1.08,670100,1936.5,1915.0,1952.0,970.5
2026-07-23 09:50:33,2026-07-23 09:35,1916.5,1899.0,0.92,690300,1936.5,1915.0,1952.0,970.5
2026-07-23 09:55:29,2026-07-23 09:40,1921.5,1899.0,1.18,706700,1936.5,1915.0,1952.0,970.5
2026-07-23 10:00:35,2026-07-23 09:45,1926.0,1899.0,1.42,730000,1936.5,1915.0,1952.0,970.5
2026-07-23 10:06:04,2026-07-23 09:51,1929.5,1899.0,1.61,754200,1936.5,1915.0,1952.0,970.5
2026-07-23 10:10:38,2026-07-23 09:55,1928.5,1899.0,1.55,781100,1936.5,1915.0,1952.0,970.5
2026-07-23 10:15:29,2026-07-23 10:00,1931.5,1899.0,1.71,790800,1936.5,1915.0,1952.0,970.5
2026-07-23 10:20:30,2026-07-23 10:05,1928.5,1899.0,1.55,818200,1936.5,1915.0,1952.0,970.5
2026-07-23 10:25:33,2026-07-23 10:10,1929.0,1899.0,1.58,837300,1936.5,1915.0,1952.0,970.5
2026-07-23 10:30:41,2026-07-23 10:15,1926.5,1899.0,1.45,850600,1936.5,1915.0,1952.0,970.5
2026-07-23 10:35:38,2026-07-23 10:20,1924.5,1899.0,1.34,864800,1936.5,1915.0,1952.0,970.5
2026-07-23 10:40:33,2026-07-23 10:25,1925.5,1899.0,1.4,876900,1936.5,1915.0,1952.0,970.5
2026-07-23 10:45:55,2026-07-23 10:30,1924.0,1899.0,1.32,888900,1936.5,1915.0,1952.0,970.5
2026-07-23 10:50:35,2026-07-23 10:35,1928.0,1899.0,1.53,899800,1936.5,1915.0,1952.0,970.5
2026-07-23 10:55:38,2026-07-23 10:40,1925.5,1899.0,1.4,917300,1936.5,1915.0,1952.0,970.5
2026-07-23 11:00:37,2026-07-23 10:45,1927.0,1899.0,1.47,931900,1936.5,1915.0,1952.0,970.5
2026-07-23 11:05:39,2026-07-23 10:50,1929.5,1899.0,1.61,944200,1936.5,1915.0,1952.0,970.5
2026-07-23 11:10:35,2026-07-23 10:55,1931.0,1899.0,1.69,956500,1936.5,1915.0,1952.0,970.5
2026-07-23 11:15:36,2026-07-23 11:00,1927.5,1899.0,1.5,971400,1936.5,1915.0,1952.0,970.5
2026-07-23 11:20:30,2026-07-23 11:05,1927.5,1899.0,1.5,980200,1936.5,1915.0,1952.0,970.5
2026-07-23 11:25:28,2026-07-23 11:10,1926.5,1899.0,1.45,993900,1936.5,1915.0,1952.0,970.5
2026-07-23 11:30:31,2026-07-23 11:15,1929.5,1899.0,1.61,1002900,1936.5,1915.0,1952.0,970.5
2026-07-23 12:30:32,2026-07-23 11:30,1932.0,1899.0,1.74,1064200,1936.5,1915.0,1952.0,970.5
2026-07-23 12:35:43,2026-07-23 11:30,1932.0,1899.0,1.74,1064200,1936.5,1915.0,1952.0,970.5
2026-07-23 12:40:30,2026-07-23 11:30,1932.0,1899.0,1.74,1064200,1936.5,1915.0,1952.0,970.5
2026-07-23 12:45:41,2026-07-23 12:30,1941.0,1899.0,2.21,1168900,1941.0,1915.0,1952.0,970.5
2026-07-23 12:50:35,2026-07-23 12:35,1933.5,1899.0,1.82,1230800,1941.5,1915.0,1952.0,970.5
2026-07-23 12:55:42,2026-07-23 12:40,1936.0,1899.0,1.95,1276000,1941.5,1915.0,1952.0,970.5
2026-07-23 13:00:35,2026-07-23 12:45,1940.0,1899.0,2.16,1296700,1941.5,1915.0,1952.0,970.5
2026-07-23 13:05:31,2026-07-23 12:50,1939.5,1899.0,2.13,1323600,1941.5,1915.0,1952.0,970.5
2026-07-23 13:10:31,2026-07-23 12:55,1941.5,1899.0,2.24,1377400,1942.5,1915.0,1952.0,970.5
2026-07-23 13:15:37,2026-07-23 13:00,1937.0,1899.0,2.0,1438000,1942.5,1915.0,1952.0,970.5
2026-07-23 13:20:39,2026-07-23 13:05,1943.0,1899.0,2.32,1481100,1943.0,1915.0,1952.0,970.5
2026-07-23 13:25:41,2026-07-23 13:10,1941.5,1899.0,2.24,1553800,1945.0,1915.0,1952.0,970.5
2026-07-23 13:30:36,2026-07-23 13:15,1943.5,1899.0,2.34,1590500,1945.0,1915.0,1952.0,970.5
2026-07-23 13:35:35,2026-07-23 13:20,1942.0,1899.0,2.26,1631700,1945.0,1915.0,1952.0,970.5
2026-07-23 13:40:33,2026-07-23 13:25,1944.0,1899.0,2.37,1674900,1945.0,1915.0,1952.0,970.5
2026-07-23 13:45:40,2026-07-23 13:30,1940.0,1899.0,2.16,1738800,1945.0,1915.0,1952.0,970.5
2026-07-23 13:50:41,2026-07-23 13:35,1940.5,1899.0,2.19,1790000,1945.0,1915.0,1952.0,970.5
2026-07-23 13:55:34,2026-07-23 13:40,1941.5,1899.0,2.24,1819200,1945.0,1915.0,1952.0,970.5
2026-07-23 14:00:35,2026-07-23 13:45,1941.0,1899.0,2.21,1848700,1945.0,1915.0,1952.0,970.5
2026-07-23 14:05:47,2026-07-23 13:50,1941.5,1899.0,2.24,1899100,1945.0,1915.0,1952.0,970.5
2026-07-23 14:10:32,2026-07-23 13:55,1942.0,1899.0,2.26,1986300,1945.0,1915.0,1952.0,970.5
2026-07-23 14:15:49,2026-07-23 14:00,1944.0,1899.0,2.37,2036600,1946.0,1915.0,1952.0,970.5
2026-07-23 14:20:30,2026-07-23 14:05,1944.5,1899.0,2.4,2054400,1946.0,1915.0,1952.0,970.5
2026-07-23 14:25:39,2026-07-23 14:10,1947.5,1899.0,2.55,2105800,1947.5,1915.0,1952.0,970.5
2026-07-23 14:30:31,2026-07-23 14:15,1949.0,1899.0,2.63,2167600,1949.5,1915.0,1952.0,970.5
2026-07-23 14:35:35,2026-07-23 14:20,1952.0,1899.0,2.79,2250100,1952.0,1915.0,1952.0,970.5
2026-07-23 14:40:50,2026-07-23 14:25,1954.5,1899.0,2.92,2302500,1955.0,1915.0,1955.0,970.5
2026-07-23 14:45:29,2026-07-23 14:30,1955.0,1899.0,2.95,2352200,1955.5,1915.0,1955.5,970.5
2026-07-23 14:50:37,2026-07-23 14:35,1949.0,1899.0,2.63,2416500,1956.0,1915.0,1956.0,970.5
2026-07-23 14:55:32,2026-07-23 14:40,1947.0,1899.0,2.53,2448100,1956.0,1915.0,1956.0,970.5
2026-07-23 15:00:53,2026-07-23 14:45,1944.5,1899.0,2.4,2480400,1956.0,1915.0,1956.0,970.5
2026-07-23 15:05:45,2026-07-23 14:50,1945.5,1899.0,2.45,2557000,1956.0,1915.0,1956.0,970.5
2026-07-23 15:10:31,2026-07-23 14:55,1944.5,1899.0,2.4,2592100,1956.0,1915.0,1956.0,970.5
2026-07-23 15:15:39,2026-07-23 15:00,1944.0,1899.0,2.37,2641800,1956.0,1915.0,1956.0,970.5
2026-07-23 15:20:40,2026-07-23 15:05,1941.5,1899.0,2.24,2685100,1956.0,1915.0,1956.0,970.5
2026-07-23 15:25:47,2026-07-23 15:10,1940.5,1899.0,2.19,2777400,1956.0,1915.0,1956.0,970.5
2026-07-23 15:30:48,2026-07-23 15:15,1942.0,1899.0,2.26,2848300,1956.0,1915.0,1956.0,970.5
2026-07-23 15:40:43,2026-07-23 15:24,1938.0,1899.0,2.05,3014800,1956.0,1915.0,1956.0,970.5
2026-07-24 09:05:39,2026-07-23 15:30,1941.0,1899.0,2.21,4059200,1956.0,1915.0,1956.0,970.5
2026-07-24 09:10:32,2026-07-23 15:30,1941.0,1899.0,2.21,4059200,1956.0,1915.0,1956.0,970.5
2026-07-24 09:15:35,2026-07-24 09:00,1941.0,1899.0,2.21,4275900,1929.0,1920.5,1952.0,970.5
2026-07-24 09:20:30,2026-07-24 09:05,1925.0,1941.0,-0.82,324800,1933.5,1919.0,1952.0,970.5
2026-07-24 09:25:52,2026-07-24 09:10,1930.0,1941.0,-0.57,417100,1933.5,1919.0,1952.0,970.5
2026-07-24 09:30:37,2026-07-24 09:15,1936.5,1941.0,-0.23,464100,1941.5,1919.0,1952.0,970.5
2026-07-24 09:35:34,2026-07-24 09:20,1937.0,1941.0,-0.21,537400,1948.5,1919.0,1952.0,970.5
2026-07-24 09:40:35,2026-07-24 09:25,1945.0,1941.0,0.21,612600,1950.0,1919.0,1952.0,970.5
2026-07-24 09:45:33,2026-07-24 09:30,1936.0,1941.0,-0.26,637400,1950.0,1919.0,1952.0,970.5
2026-07-24 09:50:41,2026-07-24 09:35,1932.0,1941.0,-0.46,676900,1950.0,1919.0,1952.0,970.5
2026-07-24 09:55:36,2026-07-24 09:40,1936.5,1941.0,-0.23,707900,1950.0,1919.0,1952.0,970.5
2026-07-24 10:00:41,2026-07-24 09:45,1938.0,1941.0,-0.15,723700,1950.0,1919.0,1952.0,970.5
2026-07-24 10:05:32,2026-07-24 09:50,1936.0,1941.0,-0.26,737100,1950.0,1919.0,1952.0,970.5
2026-07-24 10:10:30,2026-07-24 09:55,1932.0,1941.0,-0.46,781000,1950.0,1919.0,1952.0,970.5
2026-07-24 10:15:40,2026-07-24 10:00,1938.0,1941.0,-0.15,796100,1950.0,1919.0,1952.0,970.5
2026-07-24 10:20:31,2026-07-24 10:05,1937.5,1941.0,-0.18,811900,1950.0,1919.0,1952.0,970.5
2026-07-24 10:25:35,2026-07-24 10:10,1936.0,1941.0,-0.26,824600,1950.0,1919.0,1952.0,970.5
2026-07-24 10:30:36,2026-07-24 10:15,1935.5,1941.0,-0.28,837900,1950.0,1919.0,1952.0,970.5
2026-07-24 10:35:38,2026-07-24 10:20,1936.5,1941.0,-0.23,852900,1950.0,1919.0,1952.0,970.5
2026-07-24 10:40:43,2026-07-24 10:25,1940.5,1941.0,-0.03,861400,1950.0,1919.0,1952.0,970.5
2026-07-24 10:45:32,2026-07-24 10:30,1941.0,1941.0,0.0,872700,1950.0,1919.0,1956.0,970.5
2026-07-24 10:50:39,2026-07-24 10:35,1947.5,1941.0,0.33,892000,1950.0,1919.0,1956.0,970.5
2026-07-24 10:55:32,2026-07-24 10:40,1948.5,1941.0,0.39,918500,1951.0,1919.0,1956.0,970.5
2026-07-24 11:00:36,2026-07-24 10:45,1953.5,1941.0,0.64,930300,1954.0,1919.0,1956.0,970.5
2026-07-24 11:05:34,2026-07-24 10:50,1949.0,1941.0,0.41,1090000,1955.0,1919.0,1956.0,970.5
2026-07-24 11:10:49,2026-07-24 10:55,1949.0,1941.0,0.41,1117800,1955.0,1919.0,1956.0,970.5
2026-07-24 11:15:37,2026-07-24 11:00,1951.5,1941.0,0.54,1139700,1955.0,1919.0,1956.0,970.5
2026-07-24 11:20:41,2026-07-24 11:05,1949.5,1941.0,0.44,1152200,1955.0,1919.0,1956.0,970.5
2026-07-24 11:25:38,2026-07-24 11:10,1950.5,1941.0,0.49,1162800,1955.0,1919.0,1956.0,970.5
2026-07-24 11:30:30,2026-07-24 11:15,1952.5,1941.0,0.59,1173000,1955.0,1919.0,1956.0,970.5
2026-07-24 12:30:42,2026-07-24 11:30,1954.0,1941.0,0.67,1242500,1955.0,1919.0,1956.0,970.5
2026-07-24 12:35:36,2026-07-24 11:30,1954.0,1941.0,0.67,1242500,1955.0,1919.0,1956.0,970.5
2026-07-24 12:40:29,2026-07-24 11:30,1954.0,1941.0,0.67,1242500,1955.0,1919.0,1956.0,970.5
2026-07-24 12:45:31,2026-07-24 12:30,1953.5,1941.0,0.64,1289700,1955.0,1919.0,1956.0,970.5
2026-07-24 12:50:39,2026-07-24 12:35,1949.0,1941.0,0.41,1346100,1956.0,1919.0,1956.0,970.5
2026-07-24 12:55:38,2026-07-24 12:40,1948.5,1941.0,0.39,1360800,1956.0,1919.0,1956.0,970.5
2026-07-24 13:00:45,2026-07-24 12:45,1948.5,1941.0,0.39,1386900,1956.0,1919.0,1956.0,970.5
2026-07-24 13:05:34,2026-07-24 12:50,1950.5,1941.0,0.49,1406700,1956.0,1919.0,1956.0,970.5
2026-07-24 13:10:29,2026-07-24 12:55,1945.0,1941.0,0.21,1452600,1956.0,1919.0,1956.0,970.5
2026-07-24 13:15:34,2026-07-24 13:00,1941.0,1941.0,0.0,1506100,1956.0,1919.0,1956.0,970.5
2026-07-24 13:20:54,2026-07-24 13:05,1944.5,1941.0,0.18,1590600,1956.0,1919.0,1956.0,970.5
2026-07-24 13:25:33,2026-07-24 13:10,1944.0,1941.0,0.15,1605800,1956.0,1919.0,1956.0,970.5
2026-07-24 13:30:35,2026-07-24 13:15,1940.5,1941.0,-0.03,1622200,1956.0,1919.0,1956.0,970.5
2026-07-24 13:35:30,2026-07-24 13:20,1941.5,1941.0,0.03,1636900,1956.0,1919.0,1956.0,970.5
2026-07-24 13:40:43,2026-07-24 13:25,1948.5,1941.0,0.39,1653400,1956.0,1919.0,1956.0,970.5
2026-07-24 13:45:38,2026-07-24 13:30,1945.5,1941.0,0.23,1673500,1956.0,1919.0,1956.0,970.5
2026-07-24 13:50:29,2026-07-24 13:35,1945.5,1941.0,0.23,1683500,1956.0,1919.0,1956.0,970.5
2026-07-24 13:55:29,2026-07-24 13:40,1948.0,1941.0,0.36,1710600,1956.0,1919.0,1956.0,970.5
2026-07-24 14:00:38,2026-07-24 13:45,1950.5,1941.0,0.49,1730500,1956.0,1919.0,1956.0,970.5
2026-07-24 14:05:53,2026-07-24 13:50,1951.0,1941.0,0.52,1766400,1956.0,1919.0,1956.0,970.5
2026-07-24 14:10:52,2026-07-24 13:55,1950.0,1941.0,0.46,1788000,1956.0,1919.0,1956.0,970.5
2026-07-24 14:15:47,2026-07-24 13:59,1950.5,1941.0,0.49,1798400,1956.0,1919.0,1956.0,970.5
2026-07-24 14:20:50,2026-07-24 14:05,1948.0,1941.0,0.36,1816700,1956.0,1919.0,1956.0,970.5
2026-07-24 14:25:48,2026-07-24 14:10,1946.5,1941.0,0.28,1828500,1956.0,1919.0,1956.0,970.5
2026-07-24 14:30:31,2026-07-24 14:15,1946.5,1941.0,0.28,1843500,1956.0,1919.0,1956.0,970.5
2026-07-24 14:35:37,2026-07-24 14:20,1946.0,1941.0,0.26,1858200,1956.0,1919.0,1956.0,970.5
2026-07-24 14:40:31,2026-07-24 14:25,1947.5,1941.0,0.33,1914600,1956.0,1919.0,1956.0,970.5
2026-07-24 14:45:31,2026-07-24 14:30,1945.5,1941.0,0.23,1927300,1956.0,1919.0,1956.0,970.5
2026-07-24 14:50:30,2026-07-24 14:35,1944.5,1941.0,0.18,1960900,1956.0,1919.0,1956.0,970.5
2026-07-24 14:55:43,2026-07-24 14:40,1946.5,1941.0,0.28,1971900,1956.0,1919.0,1956.0,970.5
2026-07-24 15:01:05,2026-07-24 14:45,1950.5,1941.0,0.49,2000400,1956.0,1919.0,1956.0,970.5
2026-07-24 15:05:54,2026-07-24 14:50,1951.0,1941.0,0.52,2014500,1956.0,1919.0,1956.0,970.5
2026-07-24 15:10:37,2026-07-24 14:55,1949.0,1941.0,0.41,2051300,1956.0,1919.0,1956.0,970.5
2026-07-24 15:15:30,2026-07-24 15:00,1949.0,1941.0,0.41,2067500,1956.0,1919.0,1956.0,970.5
2026-07-24 15:20:42,2026-07-24 15:05,1944.0,1941.0,0.15,2090800,1956.0,1919.0,1956.0,970.5
2026-07-24 15:25:39,2026-07-24 15:10,1943.5,1941.0,0.13,2106300,1956.0,1919.0,1956.0,970.5
2026-07-24 15:30:36,2026-07-24 15:15,1944.5,1941.0,0.18,2139500,1956.0,1919.0,1956.0,970.5
2026-07-24 15:51:04,2026-07-24 15:30,1951.5,1941.0,0.54,3475900,1956.0,1919.0,1956.0,970.5
2026-07-27 09:05:36,2026-07-24 15:30,1951.5,1941.0,0.54,3475900,1956.0,1919.0,1956.0,970.5
2026-07-27 09:11:00,2026-07-24 15:30,1951.5,1941.0,0.54,3475900,1956.0,1919.0,1956.0,970.5
2026-07-27 09:15:44,2026-07-27 09:00,1975.0,1941.0,1.75,3619700,1978.0,1969.0,1978.0,970.5
2026-07-27 09:20:38,2026-07-27 09:05,1967.5,1951.5,0.82,228400,1978.0,1962.0,1978.0,970.5
2026-07-27 09:25:32,2026-07-27 09:10,1958.5,1951.5,0.36,307600,1978.0,1956.0,1978.0,970.5
2026-07-27 09:30:37,2026-07-27 09:15,1961.0,1951.5,0.49,355600,1978.0,1954.5,1978.0,970.5
2026-07-27 09:35:42,2026-07-27 09:20,1961.5,1951.5,0.51,393100,1978.0,1954.5,1978.0,970.5
2026-07-27 09:40:35,2026-07-27 09:25,1958.5,1951.5,0.36,422500,1978.0,1954.5,1978.0,970.5
2026-07-27 09:47:05,2026-07-27 09:32,1955.0,1951.5,0.18,467500,1978.0,1953.0,1978.0,970.5
2026-07-27 09:50:36,2026-07-27 09:35,1957.5,1951.5,0.31,488000,1978.0,1953.0,1978.0,970.5
2026-07-27 09:57:01,2026-07-27 09:41,1961.5,1951.5,0.51,517100,1978.0,1953.0,1978.0,970.5
2026-07-27 10:00:37,2026-07-27 09:45,1961.0,1951.5,0.49,550800,1978.0,1953.0,1978.0,970.5
2026-07-27 10:06:15,2026-07-27 09:51,1962.5,1951.5,0.56,588100,1978.0,1953.0,1978.0,970.5
2026-07-27 10:10:40,2026-07-27 09:55,1960.0,1951.5,0.44,613800,1978.0,1953.0,1978.0,970.5
2026-07-27 10:15:31,2026-07-27 10:00,1957.0,1951.5,0.28,650000,1978.0,1953.0,1978.0,970.5
2026-07-27 10:20:34,2026-07-27 10:05,1958.5,1951.5,0.36,674600,1978.0,1953.0,1978.0,970.5
2026-07-27 10:25:34,2026-07-27 10:10,1964.0,1951.5,0.64,706400,1978.0,1953.0,1978.0,970.5
2026-07-27 10:30:32,2026-07-27 10:15,1963.5,1951.5,0.61,726500,1978.0,1953.0,1978.0,970.5
2026-07-27 10:35:29,2026-07-27 10:20,1957.5,1951.5,0.31,759300,1978.0,1953.0,1978.0,970.5
2026-07-27 10:40:42,2026-07-27 10:25,1956.0,1951.5,0.23,778100,1978.0,1953.0,1978.0,970.5
2026-07-27 10:47:35,2026-07-27 10:32,1959.5,1951.5,0.41,809600,1978.0,1953.0,1978.0,970.5
2026-07-27 10:50:47,2026-07-27 10:35,1955.5,1951.5,0.2,826100,1978.0,1953.0,1978.0,970.5
2026-07-27 10:55:54,2026-07-27 10:40,1958.0,1951.5,0.33,845300,1978.0,1953.0,1978.0,970.5
2026-07-27 11:00:35,2026-07-27 10:45,1953.5,1951.5,0.1,863600,1978.0,1953.0,1978.0,970.5
2026-07-27 11:06:01,2026-07-27 10:50,1958.0,1951.5,0.33,886500,1978.0,1952.0,1978.0,970.5
2026-07-27 11:10:48,2026-07-27 10:55,1966.5,1951.5,0.77,910900,1978.0,1952.0,1978.0,970.5
2026-07-27 11:15:33,2026-07-27 11:00,1969.5,1951.5,0.92,936400,1978.0,1952.0,1978.0,970.5
2026-07-27 11:20:37,2026-07-27 11:05,1971.5,1951.5,1.02,976200,1978.0,1952.0,1978.0,970.5
2026-07-27 11:25:37,2026-07-27 11:10,1972.5,1951.5,1.08,1003300,1978.0,1952.0,1978.0,970.5
2026-07-27 11:30:42,2026-07-27 11:15,1977.0,1951.5,1.31,1035500,1978.0,1952.0,1978.0,970.5
2026-07-27 12:30:36,2026-07-27 11:30,1978.0,1951.5,1.36,1125500,1979.0,1952.0,1979.0,970.5
2026-07-27 12:36:59,2026-07-27 11:30,1978.0,1951.5,1.36,1125500,1979.0,1952.0,1979.0,970.5
2026-07-27 12:40:43,2026-07-27 11:30,1978.0,1951.5,1.36,1125500,1979.0,1952.0,1979.0,970.5
2026-07-27 12:45:36,2026-07-27 12:30,1980.5,1951.5,1.49,1198900,1981.5,1952.0,1981.5,970.5
2026-07-27 12:50:38,2026-07-27 12:35,1981.5,1951.5,1.54,1229300,1981.5,1952.0,1981.5,970.5
2026-07-27 12:55:40,2026-07-27 12:40,1981.0,1951.5,1.51,1258400,1983.0,1952.0,1983.0,970.5
2026-07-27 13:00:41,2026-07-27 12:45,1984.5,1951.5,1.69,1287000,1986.5,1952.0,1986.5,970.5
2026-07-27 13:06:50,2026-07-27 12:51,1978.5,1951.5,1.38,1314500,1986.5,1952.0,1986.5,970.5
2026-07-27 13:10:35,2026-07-27 12:55,1980.5,1951.5,1.49,1347800,1986.5,1952.0,1986.5,970.5
2026-07-27 13:15:33,2026-07-27 13:00,1981.5,1951.5,1.54,1373100,1986.5,1952.0,1986.5,970.5
2026-07-27 13:20:36,2026-07-27 13:05,1984.0,1951.5,1.67,1403700,1986.5,1952.0,1986.5,970.5
2026-07-27 13:26:56,2026-07-27 13:11,1979.5,1951.5,1.43,1429100,1986.5,1952.0,1986.5,970.5
2026-07-27 13:32:07,2026-07-27 13:17,1983.0,1951.5,1.61,1450200,1986.5,1952.0,1986.5,970.5
2026-07-27 13:35:47,2026-07-27 13:20,1984.5,1951.5,1.69,1464400,1986.5,1952.0,1986.5,970.5
2026-07-27 13:40:35,2026-07-27 13:25,1985.0,1951.5,1.72,1492900,1986.5,1952.0,1986.5,970.5
2026-07-27 13:45:42,2026-07-27 13:30,1982.0,1951.5,1.56,1520600,1986.5,1952.0,1986.5,970.5
2026-07-27 13:50:36,2026-07-27 13:35,1984.5,1951.5,1.69,1543000,1986.5,1952.0,1986.5,970.5
2026-07-27 13:55:31,2026-07-27 13:40,1989.0,1951.5,1.92,1571500,1989.5,1952.0,1989.5,970.5
2026-07-27 14:00:34,2026-07-27 13:45,1993.5,1951.5,2.15,1617900,1994.0,1952.0,1994.0,970.5
2026-07-27 14:05:32,2026-07-27 13:50,1993.0,1951.5,2.13,1643200,1995.0,1952.0,1995.0,970.5
2026-07-27 14:10:38,2026-07-27 13:55,1994.5,1951.5,2.2,1659800,1995.0,1952.0,1995.0,970.5
2026-07-27 14:17:04,2026-07-27 14:02,1992.5,1951.5,2.1,1686700,1995.5,1952.0,1995.5,970.5
2026-07-27 14:20:31,2026-07-27 14:05,1991.0,1951.5,2.02,1702300,1995.5,1952.0,1995.5,970.5
2026-07-27 14:25:39,2026-07-27 14:10,1993.5,1951.5,2.15,1721300,1995.5,1952.0,1995.5,970.5
2026-07-27 14:30:31,2026-07-27 14:15,1994.0,1951.5,2.18,1736900,1995.5,1952.0,1995.5,970.5
2026-07-27 14:36:51,2026-07-27 14:21,1994.0,1951.5,2.18,1759400,1995.5,1952.0,1995.5,970.5
2026-07-27 14:40:35,2026-07-27 14:25,1992.5,1951.5,2.1,1778600,1995.5,1952.0,1995.5,970.5
2026-07-27 14:45:34,2026-07-27 14:30,1992.5,1951.5,2.1,1799100,1995.5,1952.0,1995.5,970.5
2026-07-27 14:50:44,2026-07-27 14:35,1989.5,1951.5,1.95,1822700,1995.5,1952.0,1995.5,970.5
2026-07-27 14:56:55,2026-07-27 14:41,1990.5,1951.5,2.0,1854700,1995.5,1952.0,1995.5,970.5
2026-07-27 15:00:39,2026-07-27 14:45,1991.0,1951.5,2.02,1867300,1995.5,1952.0,1995.5,970.5
2026-07-27 15:05:35,2026-07-27 14:50,1991.5,1951.5,2.05,1886100,1995.5,1952.0,1995.5,970.5
2026-07-27 15:10:44,2026-07-27 14:55,1990.5,1951.5,2.0,1911900,1995.5,1952.0,1995.5,970.5
2026-07-27 15:17:10,2026-07-27 15:02,1990.0,1951.5,1.97,1939600,1995.5,1952.0,1995.5,970.5
2026-07-27 15:21:58,2026-07-27 15:06,1986.5,1951.5,1.79,1969900,1995.5,1952.0,1995.5,970.5
2026-07-27 15:25:34,2026-07-27 15:10,1986.5,1951.5,1.79,1996600,1995.5,1952.0,1995.5,970.5
2026-07-27 15:30:52,2026-07-27 15:15,1987.0,1951.5,1.82,2024900,1995.5,1952.0,1995.5,970.5
2026-07-27 15:40:40,2026-07-27 15:24,1990.5,1951.5,2.0,2097200,1995.5,1952.0,1995.5,970.5
2026-07-28 09:05:33,2026-07-27 15:30,1982.5,1951.5,1.59,3034800,1995.5,1952.0,1995.5,970.5
2026-07-28 09:10:36,2026-07-27 15:30,1982.5,1951.5,1.59,3034800,1995.5,1952.0,1995.5,970.5
2026-07-28 09:15:31,2026-07-28 09:00,1982.5,1951.5,1.59,3263800,1960.0,1942.5,1960.0,970.5
2026-07-28 09:20:38,2026-07-28 09:05,1939.0,1982.5,-2.19,398700,1964.0,1938.5,1964.0,970.5
2026-07-28 09:25:38,2026-07-28 09:10,1933.5,1982.5,-2.47,532500,1964.0,1932.5,1964.0,970.5
2026-07-28 09:30:37,2026-07-28 09:15,1930.0,1982.5,-2.65,643000,1964.0,1925.5,1964.0,970.5
2026-07-28 09:35:48,2026-07-28 09:20,1924.0,1982.5,-2.95,727800,1964.0,1916.5,1964.0,970.5
2026-07-28 09:40:35,2026-07-28 09:25,1920.0,1982.5,-3.15,772400,1964.0,1916.5,1964.0,970.5
2026-07-28 09:45:51,2026-07-28 09:30,1925.5,1982.5,-2.88,844100,1964.0,1916.5,1964.0,970.5
2026-07-28 09:50:31,2026-07-28 09:35,1929.0,1982.5,-2.7,918500,1964.0,1916.5,1964.0,970.5
2026-07-28 09:55:32,2026-07-28 09:40,1935.0,1982.5,-2.4,973400,1964.0,1916.5,1964.0,970.5
2026-07-28 10:00:44,2026-07-28 09:45,1926.0,1982.5,-2.85,1057000,1964.0,1916.5,1964.0,970.5
2026-07-28 10:05:44,2026-07-28 09:50,1917.5,1982.5,-3.28,1108800,1964.0,1916.5,1964.0,970.5
2026-07-28 10:10:42,2026-07-28 09:55,1910.5,1982.5,-3.63,1162500,1964.0,1910.5,1964.0,970.5
2026-07-28 10:15:31,2026-07-28 10:00,1905.0,1982.5,-3.91,1238700,1964.0,1905.0,1964.0,970.5
2026-07-28 10:20:45,2026-07-28 10:05,1912.5,1982.5,-3.53,1329200,1964.0,1900.5,1964.0,970.5
2026-07-28 10:25:44,2026-07-28 10:10,1911.5,1982.5,-3.58,1367600,1964.0,1900.5,1964.0,970.5
2026-07-28 10:30:31,2026-07-28 10:15,1912.0,1982.5,-3.56,1394200,1964.0,1900.5,1964.0,970.5
2026-07-28 10:35:38,2026-07-28 10:20,1911.5,1982.5,-3.58,1427000,1964.0,1900.5,1964.0,970.5
2026-07-28 10:40:36,2026-07-28 10:25,1921.5,1982.5,-3.08,1459100,1964.0,1900.5,1964.0,970.5
2026-07-28 10:45:33,2026-07-28 10:30,1922.0,1982.5,-3.05,1492000,1964.0,1900.5,1964.0,970.5
2026-07-28 10:50:29,2026-07-28 10:35,1926.5,1982.5,-2.82,1532600,1964.0,1900.5,1995.5,970.5
2026-07-28 10:55:39,2026-07-28 10:40,1923.0,1982.5,-3.0,1561900,1964.0,1900.5,1995.5,970.5
2026-07-28 11:00:37,2026-07-28 10:45,1921.0,1982.5,-3.1,1585600,1964.0,1900.5,1995.5,970.5
2026-07-28 11:05:48,2026-07-28 10:50,1921.0,1982.5,-3.1,1616600,1964.0,1900.5,1995.5,970.5
2026-07-28 11:10:34,2026-07-28 10:55,1913.0,1982.5,-3.51,1648400,1964.0,1900.5,1995.5,970.5
2026-07-28 11:15:43,2026-07-28 11:00,1909.0,1982.5,-3.71,1667700,1964.0,1900.5,1995.5,970.5
2026-07-28 11:20:38,2026-07-28 11:05,1907.5,1982.5,-3.78,1693100,1964.0,1900.5,1995.5,970.5
2026-07-28 11:25:35,2026-07-28 11:10,1909.5,1982.5,-3.68,1708700,1964.0,1900.5,1995.5,970.5
2026-07-28 11:30:36,2026-07-28 11:15,1907.5,1982.5,-3.78,1727400,1964.0,1900.5,1995.5,970.5
2026-07-28 12:30:29,2026-07-28 11:30,1925.5,1982.5,-2.88,1828100,1964.0,1900.5,1995.5,970.5
2026-07-28 12:35:35,2026-07-28 11:30,1925.5,1982.5,-2.88,1828100,1964.0,1900.5,1995.5,970.5
2026-07-28 12:40:41,2026-07-28 11:30,1925.5,1982.5,-2.88,1828100,1964.0,1900.5,1995.5,970.5
2026-07-28 12:45:31,2026-07-28 12:30,1926.0,1982.5,-2.85,1906200,1964.0,1900.5,1995.5,970.5
2026-07-28 12:50:48,2026-07-28 12:35,1934.0,1982.5,-2.45,1982100,1964.0,1900.5,1995.5,970.5
2026-07-28 12:55:39,2026-07-28 12:40,1939.5,1982.5,-2.17,2034200,1964.0,1900.5,1995.5,970.5
2026-07-28 13:00:37,2026-07-28 12:45,1943.0,1982.5,-1.99,2077100,1964.0,1900.5,1995.5,970.5
2026-07-28 13:05:32,2026-07-28 12:50,1944.0,1982.5,-1.94,2114400,1964.0,1900.5,1995.5,970.5
2026-07-28 13:10:42,2026-07-28 12:55,1943.5,1982.5,-1.97,2156400,1964.0,1900.5,1995.5,970.5
2026-07-28 13:15:33,2026-07-28 13:00,1941.5,1982.5,-2.07,2189400,1964.0,1900.5,1995.5,970.5
2026-07-28 13:20:35,2026-07-28 13:05,1939.5,1982.5,-2.17,2262800,1964.0,1900.5,1995.5,970.5
2026-07-28 13:25:41,2026-07-28 13:10,1936.5,1982.5,-2.32,2343200,1964.0,1900.5,1995.5,970.5
2026-07-28 13:30:38,2026-07-28 13:15,1933.5,1982.5,-2.47,2395900,1964.0,1900.5,1995.5,970.5
2026-07-28 13:35:36,2026-07-28 13:20,1937.0,1982.5,-2.3,2438900,1964.0,1900.5,1995.5,970.5
2026-07-28 13:40:37,2026-07-28 13:25,1936.0,1982.5,-2.35,2478100,1964.0,1900.5,1995.5,970.5
2026-07-28 13:45:32,2026-07-28 13:30,1938.0,1982.5,-2.24,2512100,1964.0,1900.5,1995.5,970.5
2026-07-28 13:50:42,2026-07-28 13:35,1938.5,1982.5,-2.22,2555700,1964.0,1900.5,1995.5,970.5
2026-07-28 13:55:40,2026-07-28 13:40,1940.0,1982.5,-2.14,2603500,1964.0,1900.5,1995.5,970.5
2026-07-28 14:00:31,2026-07-28 13:45,1941.0,1982.5,-2.09,2633200,1964.0,1900.5,1995.5,970.5
2026-07-28 14:05:45,2026-07-28 13:50,1940.5,1982.5,-2.12,2668900,1964.0,1900.5,1995.5,970.5
2026-07-28 14:10:34,2026-07-28 13:55,1939.5,1982.5,-2.17,2707800,1964.0,1900.5,1995.5,970.5
2026-07-28 14:15:31,2026-07-28 14:00,1935.5,1982.5,-2.37,2755800,1964.0,1900.5,1995.5,970.5
2026-07-28 14:20:38,2026-07-28 14:05,1935.5,1982.5,-2.37,2794400,1964.0,1900.5,1995.5,970.5
2026-07-28 14:25:36,2026-07-28 14:10,1933.5,1982.5,-2.47,2821800,1964.0,1900.5,1995.5,970.5
2026-07-28 14:30:33,2026-07-28 14:15,1931.0,1982.5,-2.6,2855500,1964.0,1900.5,1995.5,970.5
2026-07-28 14:35:51,2026-07-28 14:20,1931.0,1982.5,-2.6,2919900,1964.0,1900.5,1995.5,970.5
2026-07-28 14:40:40,2026-07-28 14:25,1928.5,1982.5,-2.72,2958100,1964.0,1900.5,1995.5,970.5
2026-07-28 14:45:31,2026-07-28 14:30,1927.0,1982.5,-2.8,2992000,1964.0,1900.5,1995.5,970.5
2026-07-28 14:50:39,2026-07-28 14:35,1924.0,1982.5,-2.95,3029600,1964.0,1900.5,1995.5,970.5
2026-07-28 14:55:36,2026-07-28 14:40,1923.0,1982.5,-3.0,3080700,1964.0,1900.5,1995.5,970.5
2026-07-28 15:00:41,2026-07-28 14:45,1920.0,1982.5,-3.15,3136700,1964.0,1900.5,1995.5,970.5
2026-07-28 15:05:49,2026-07-28 14:50,1921.0,1982.5,-3.1,3197200,1964.0,1900.5,1995.5,970.5
2026-07-28 15:10:49,2026-07-28 14:55,1924.0,1982.5,-2.95,3237400,1964.0,1900.5,1995.5,970.5
2026-07-28 15:15:48,2026-07-28 15:00,1925.5,1982.5,-2.88,3292000,1964.0,1900.5,1995.5,970.5
2026-07-28 15:20:41,2026-07-28 15:05,1920.5,1982.5,-3.13,3357400,1964.0,1900.5,1995.5,970.5
2026-07-28 15:25:36,2026-07-28 15:10,1919.5,1982.5,-3.18,3400800,1964.0,1900.5,1995.5,970.5
2026-07-28 15:30:37,2026-07-28 15:15,1917.5,1982.5,-3.28,3465700,1964.0,1900.5,1995.5,970.5
2026-07-28 15:40:35,2026-07-28 15:24,1918.5,1982.5,-3.23,3631200,1964.0,1900.5,1995.5,970.5
2026-07-29 09:10:45,2026-07-28 15:30,1925.5,1982.5,-2.88,4669300,1964.0,1900.5,1995.5,970.5
2026-07-29 09:15:31,2026-07-29 09:00,1925.5,1982.5,-2.88,4815000,1924.5,1909.0,1995.5,970.5
2026-07-29 09:20:38,2026-07-29 09:05,1915.5,1925.5,-0.52,291700,1924.5,1906.5,1995.5,970.5
2026-07-29 09:25:35,2026-07-29 09:10,1903.5,1925.5,-1.14,403100,1924.5,1902.5,1995.5,970.5
2026-07-29 09:30:32,2026-07-29 09:15,1890.5,1925.5,-1.82,518000,1924.5,1889.5,1995.5,970.5
2026-07-29 09:35:50,2026-07-29 09:20,1895.0,1925.5,-1.58,577900,1924.5,1889.5,1995.5,970.5
2026-07-29 09:40:36,2026-07-29 09:25,1887.5,1925.5,-1.97,638800,1924.5,1883.5,1995.5,970.5
2026-07-29 09:45:43,2026-07-29 09:30,1888.5,1925.5,-1.92,708100,1924.5,1878.5,1995.5,970.5
2026-07-29 09:50:38,2026-07-29 09:35,1889.5,1925.5,-1.87,745400,1924.5,1878.5,1995.5,970.5
2026-07-29 09:55:40,2026-07-29 09:40,1890.5,1925.5,-1.82,784200,1924.5,1878.5,1995.5,970.5
2026-07-29 10:00:36,2026-07-29 09:45,1885.0,1925.5,-2.1,817000,1924.5,1878.5,1995.5,970.5
2026-07-29 10:05:35,2026-07-29 09:50,1866.5,1925.5,-3.06,893200,1924.5,1866.5,1995.5,970.5
2026-07-29 10:10:43,2026-07-29 09:55,1873.5,1925.5,-2.7,951200,1924.5,1866.0,1995.5,970.5
2026-07-29 10:15:40,2026-07-29 10:00,1868.5,1925.5,-2.96,990800,1924.5,1866.0,1995.5,970.5
2026-07-29 10:20:34,2026-07-29 10:05,1872.5,1925.5,-2.75,1026200,1924.5,1866.0,1995.5,970.5
2026-07-29 10:25:36,2026-07-29 10:10,1865.5,1925.5,-3.12,1077700,1924.5,1860.5,1995.5,970.5
2026-07-29 10:30:31,2026-07-29 10:15,1860.5,1925.5,-3.38,1145500,1924.5,1859.0,1995.5,970.5
2026-07-29 10:35:34,2026-07-29 10:20,1868.0,1925.5,-2.99,1231000,1924.5,1856.0,1995.5,970.5
2026-07-29 10:40:36,2026-07-29 10:25,1877.5,1925.5,-2.49,1275900,1924.5,1856.0,1995.5,970.5
2026-07-29 10:45:32,2026-07-29 10:30,1873.5,1925.5,-2.7,1309400,1924.5,1856.0,1995.5,970.5
2026-07-29 10:50:45,2026-07-29 10:35,1867.5,1925.5,-3.01,1335900,1924.5,1856.0,1995.5,970.5
2026-07-29 10:55:35,2026-07-29 10:40,1862.5,1925.5,-3.27,1363300,1924.5,1856.0,1995.5,970.5
2026-07-29 11:00:47,2026-07-29 10:45,1863.5,1925.5,-3.22,1391200,1924.5,1856.0,1995.5,970.5
2026-07-29 11:05:47,2026-07-29 10:50,1861.0,1925.5,-3.35,1425500,1924.5,1856.0,1995.5,970.5
2026-07-29 11:10:38,2026-07-29 10:55,1856.5,1925.5,-3.58,1451300,1924.5,1854.5,1995.5,970.5
2026-07-29 11:15:32,2026-07-29 11:00,1853.0,1925.5,-3.77,1491200,1924.5,1851.0,1995.5,970.5
2026-07-29 11:20:37,2026-07-29 11:05,1857.5,1925.5,-3.53,1550900,1924.5,1851.0,1995.5,970.5
2026-07-29 11:25:32,2026-07-29 11:10,1865.5,1925.5,-3.12,1596700,1924.5,1851.0,1995.5,970.5
2026-07-29 11:30:43,2026-07-29 11:15,1867.0,1925.5,-3.04,1649900,1924.5,1851.0,1995.5,970.5
2026-07-29 12:30:41,2026-07-29 11:30,1882.0,1925.5,-2.26,1764100,1924.5,1851.0,1995.5,970.5
2026-07-29 12:35:36,2026-07-29 11:30,1882.0,1925.5,-2.26,1764100,1924.5,1851.0,1995.5,970.5
2026-07-29 12:40:35,2026-07-29 11:30,1882.0,1925.5,-2.26,1764100,1924.5,1851.0,1995.5,970.5
2026-07-29 12:45:41,2026-07-29 12:30,1871.5,1925.5,-2.8,1889500,1924.5,1851.0,1995.5,970.5
2026-07-29 12:50:34,2026-07-29 12:35,1866.5,1925.5,-3.06,1961600,1924.5,1851.0,1995.5,970.5
2026-07-29 12:55:31,2026-07-29 12:40,1861.5,1925.5,-3.32,2000100,1924.5,1851.0,1995.5,970.5
2026-07-29 13:00:36,2026-07-29 12:45,1867.0,1925.5,-3.04,2046700,1924.5,1851.0,1995.5,970.5
2026-07-29 13:05:39,2026-07-29 12:50,1864.0,1925.5,-3.19,2078300,1924.5,1851.0,1995.5,970.5
2026-07-29 13:10:47,2026-07-29 12:55,1860.0,1925.5,-3.4,2114300,1924.5,1851.0,1995.5,970.5
2026-07-29 13:15:34,2026-07-29 13:00,1863.0,1925.5,-3.25,2218100,1924.5,1851.0,1995.5,970.5
2026-07-29 13:20:34,2026-07-29 13:05,1860.5,1925.5,-3.38,2268400,1924.5,1851.0,1995.5,970.5
2026-07-29 13:25:41,2026-07-29 13:10,1864.5,1925.5,-3.17,2340300,1924.5,1851.0,1995.5,970.5
2026-07-29 13:30:37,2026-07-29 13:15,1867.0,1925.5,-3.04,2383900,1924.5,1851.0,1995.5,970.5
2026-07-29 13:35:43,2026-07-29 13:20,1875.0,1925.5,-2.62,2438800,1924.5,1851.0,1995.5,970.5
2026-07-29 13:40:44,2026-07-29 13:25,1874.0,1925.5,-2.67,2471500,1924.5,1851.0,1995.5,970.5
2026-07-29 13:45:45,2026-07-29 13:30,1874.0,1925.5,-2.67,2506100,1924.5,1851.0,1995.5,970.5
2026-07-29 13:50:30,2026-07-29 13:35,1869.5,1925.5,-2.91,2538900,1924.5,1851.0,1995.5,970.5
2026-07-29 13:55:39,2026-07-29 13:40,1870.5,1925.5,-2.86,2630500,1924.5,1851.0,1995.5,970.5
2026-07-29 14:00:32,2026-07-29 13:45,1869.0,1925.5,-2.93,2655700,1924.5,1851.0,1995.5,970.5
2026-07-29 14:05:44,2026-07-29 13:50,1888.0,1925.5,-1.95,2700600,1924.5,1851.0,1995.5,970.5
2026-07-29 14:10:37,2026-07-29 13:55,1888.5,1925.5,-1.92,2737700,1924.5,1851.0,1995.5,970.5
2026-07-29 14:15:36,2026-07-29 14:00,1891.5,1925.5,-1.77,2765500,1924.5,1851.0,1995.5,970.5
2026-07-29 14:20:44,2026-07-29 14:05,1889.5,1925.5,-1.87,2800100,1924.5,1851.0,1995.5,970.5
2026-07-29 14:25:43,2026-07-29 14:10,1894.0,1925.5,-1.64,2829900,1924.5,1851.0,1995.5,970.5
2026-07-29 14:30:41,2026-07-29 14:15,1896.5,1925.5,-1.51,2861700,1924.5,1851.0,1995.5,970.5
2026-07-29 14:35:48,2026-07-29 14:20,1899.0,1925.5,-1.38,2903600,1924.5,1851.0,1995.5,970.5
2026-07-29 14:40:31,2026-07-29 14:25,1905.5,1925.5,-1.04,2949400,1924.5,1851.0,1995.5,970.5
2026-07-29 14:45:43,2026-07-29 14:30,1904.0,1925.5,-1.12,3006500,1924.5,1851.0,1995.5,970.5
2026-07-29 14:50:48,2026-07-29 14:35,1914.5,1925.5,-0.57,3071700,1924.5,1851.0,1995.5,970.5
2026-07-29 14:55:34,2026-07-29 14:40,1912.5,1925.5,-0.68,3120700,1924.5,1851.0,1995.5,970.5
2026-07-29 15:00:35,2026-07-29 14:45,1911.0,1925.5,-0.75,3171800,1924.5,1851.0,1995.5,970.5
2026-07-29 15:05:42,2026-07-29 14:50,1913.5,1925.5,-0.62,3219800,1924.5,1851.0,1995.5,970.5
2026-07-29 15:10:41,2026-07-29 14:55,1915.0,1925.5,-0.55,3261000,1924.5,1851.0,1995.5,970.5
2026-07-29 15:15:52,2026-07-29 15:00,1912.0,1925.5,-0.7,3294300,1924.5,1851.0,1995.5,970.5
2026-07-29 15:20:40,2026-07-29 15:05,1907.5,1925.5,-0.93,3343200,1924.5,1851.0,1995.5,970.5
2026-07-29 15:25:34,2026-07-29 15:10,1901.5,1925.5,-1.25,3390700,1924.5,1851.0,1995.5,970.5
2026-07-29 15:30:40,2026-07-29 15:15,1905.5,1925.5,-1.04,3463900,1924.5,1851.0,1995.5,970.5
2026-07-29 15:40:38,2026-07-29 15:24,1911.0,1925.5,-0.75,3732200,1924.5,1851.0,1995.5,970.5
2026-07-30 09:05:39,2026-07-29 15:30,1912.0,1925.5,-0.7,5006200,1924.5,1851.0,1995.5,970.5
2026-07-30 09:10:43,2026-07-29 15:30,1912.0,1925.5,-0.7,5006200,1924.5,1851.0,1995.5,970.5
2026-07-30 09:15:32,2026-07-29 15:30,1912.0,1925.5,-0.7,5006200,1924.5,1851.0,1995.5,970.5
2026-07-30 09:20:33,2026-07-30 09:05,1849.0,1912.0,-3.29,225200,1881.0,1840.5,1995.5,970.5
2026-07-30 09:25:31,2026-07-30 09:10,1855.5,1912.0,-2.96,363900,1881.0,1840.5,1995.5,970.5
2026-07-30 09:30:34,2026-07-30 09:15,1858.0,1912.0,-2.82,449300,1881.0,1840.5,1995.5,970.5
2026-07-30 09:35:45,2026-07-30 09:20,1860.0,1912.0,-2.72,512800,1881.0,1840.5,1995.5,970.5
2026-07-30 09:40:45,2026-07-30 09:25,1862.5,1912.0,-2.59,578700,1881.0,1840.5,1995.5,970.5
2026-07-30 09:45:31,2026-07-30 09:30,1858.5,1912.0,-2.8,646300,1881.0,1840.5,1995.5,970.5
2026-07-30 09:50:39,2026-07-30 09:35,1852.0,1912.0,-3.14,729000,1881.0,1840.5,1995.5,970.5
2026-07-30 09:55:42,2026-07-30 09:40,1842.5,1912.0,-3.63,789200,1881.0,1840.5,1995.5,970.5
2026-07-30 10:00:37,2026-07-30 09:45,1844.5,1912.0,-3.53,848600,1881.0,1838.0,1995.5,970.5
2026-07-30 10:05:39,2026-07-30 09:50,1850.0,1912.0,-3.24,883500,1881.0,1838.0,1995.5,970.5
2026-07-30 10:10:51,2026-07-30 09:55,1856.5,1912.0,-2.9,911000,1881.0,1838.0,1995.5,970.5
2026-07-30 10:15:31,2026-07-30 10:00,1860.5,1912.0,-2.69,946600,1881.0,1838.0,1995.5,970.5
2026-07-30 10:20:37,2026-07-30 10:05,1858.0,1912.0,-2.82,981700,1881.0,1838.0,1995.5,970.5
2026-07-30 10:25:30,2026-07-30 10:10,1850.0,1912.0,-3.24,1025600,1881.0,1838.0,1995.5,970.5
2026-07-30 10:30:35,2026-07-30 10:15,1846.5,1912.0,-3.43,1048100,1881.0,1838.0,1995.5,970.5
2026-07-30 10:35:31,2026-07-30 10:20,1852.0,1912.0,-3.14,1072500,1881.0,1838.0,1995.5,970.5
2026-07-30 10:40:32,2026-07-30 10:25,1853.5,1912.0,-3.06,1094500,1881.0,1838.0,1995.5,970.5
2026-07-30 10:45:30,2026-07-30 10:30,1854.5,1912.0,-3.01,1110000,1881.0,1838.0,1995.5,970.5
2026-07-30 10:50:33,2026-07-30 10:35,1857.5,1912.0,-2.85,1138300,1881.0,1838.0,1995.5,970.5
2026-07-30 10:55:38,2026-07-30 10:40,1861.0,1912.0,-2.67,1159800,1881.0,1838.0,1995.5,970.5
2026-07-30 11:00:42,2026-07-30 10:45,1855.5,1912.0,-2.96,1200000,1881.0,1838.0,1995.5,970.5
2026-07-30 11:05:39,2026-07-30 10:50,1857.0,1912.0,-2.88,1222500,1881.0,1838.0,1995.5,970.5
2026-07-30 11:10:54,2026-07-30 10:55,1857.5,1912.0,-2.85,1247100,1881.0,1838.0,1995.5,970.5
2026-07-30 11:15:34,2026-07-30 11:00,1857.0,1912.0,-2.88,1264300,1881.0,1838.0,1995.5,970.5
2026-07-30 11:20:35,2026-07-30 11:05,1854.5,1912.0,-3.01,1290300,1881.0,1838.0,1995.5,970.5
2026-07-30 11:25:32,2026-07-30 11:10,1854.0,1912.0,-3.03,1314600,1881.0,1838.0,1995.5,970.5
2026-07-30 11:30:39,2026-07-30 11:15,1851.0,1912.0,-3.19,1326000,1881.0,1838.0,1995.5,970.5
2026-07-30 12:30:32,2026-07-30 11:30,1843.5,1912.0,-3.58,1407600,1881.0,1838.0,1995.5,970.5
2026-07-30 12:35:38,2026-07-30 11:30,1843.5,1912.0,-3.58,1407600,1881.0,1838.0,1995.5,970.5
2026-07-30 12:40:34,2026-07-30 11:30,1843.5,1912.0,-3.58,1407600,1881.0,1838.0,1995.5,970.5
2026-07-30 12:45:36,2026-07-30 12:30,1843.5,1912.0,-3.58,1537000,1881.0,1837.5,1995.5,970.5
2026-07-30 12:50:31,2026-07-30 12:35,1847.0,1912.0,-3.4,1599300,1881.0,1837.5,1995.5,970.5
2026-07-30 12:55:43,2026-07-30 12:40,1847.0,1912.0,-3.4,1623900,1881.0,1837.5,1995.5,970.5
2026-07-30 13:00:44,2026-07-30 12:45,1850.5,1912.0,-3.22,1651400,1881.0,1837.5,1995.5,970.5
2026-07-30 13:05:29,2026-07-30 12:50,1852.0,1912.0,-3.14,1671700,1881.0,1837.5,1995.5,970.5
2026-07-30 13:10:39,2026-07-30 12:55,1855.0,1912.0,-2.98,1697800,1881.0,1837.5,1995.5,970.5
2026-07-30 13:15:36,2026-07-30 13:00,1847.5,1912.0,-3.37,1724900,1881.0,1837.5,1995.5,970.5
2026-07-30 13:20:30,2026-07-30 13:05,1845.0,1912.0,-3.5,1748700,1881.0,1837.5,1995.5,970.5
2026-07-30 13:25:34,2026-07-30 13:10,1843.0,1912.0,-3.61,1780900,1881.0,1837.5,1995.5,970.5
2026-07-30 13:30:34,2026-07-30 13:15,1839.5,1912.0,-3.79,1813000,1881.0,1837.5,1995.5,970.5
2026-07-30 13:35:33,2026-07-30 13:20,1839.0,1912.0,-3.82,1841500,1881.0,1837.5,1995.5,970.5
2026-07-30 13:40:31,2026-07-30 13:25,1842.0,1912.0,-3.66,1878700,1881.0,1837.5,1995.5,970.5
2026-07-30 13:45:32,2026-07-30 13:30,1840.5,1912.0,-3.74,1900200,1881.0,1837.5,1995.5,970.5
2026-07-30 13:50:34,2026-07-30 13:35,1841.5,1912.0,-3.69,1932400,1881.0,1837.5,1995.5,970.5
2026-07-30 13:55:41,2026-07-30 13:40,1839.0,1912.0,-3.82,1958500,1881.0,1837.5,1995.5,970.5
2026-07-30 14:00:51,2026-07-30 13:45,1840.0,1912.0,-3.77,1986800,1881.0,1837.5,1995.5,970.5
2026-07-30 14:05:37,2026-07-30 13:50,1842.0,1912.0,-3.66,2035300,1881.0,1837.5,1995.5,970.5
2026-07-30 14:10:31,2026-07-30 13:55,1840.5,1912.0,-3.74,2052000,1881.0,1837.5,1995.5,970.5
2026-07-30 14:15:31,2026-07-30 14:00,1838.5,1912.0,-3.84,2078000,1881.0,1837.5,1995.5,970.5
2026-07-30 14:20:28,2026-07-30 14:05,1837.0,1912.0,-3.92,2116600,1881.0,1836.5,1995.5,970.5
2026-07-30 14:25:39,2026-07-30 14:10,1837.0,1912.0,-3.92,2142100,1881.0,1835.5,1995.5,970.5
2026-07-30 14:30:39,2026-07-30 14:15,1839.5,1912.0,-3.79,2169200,1881.0,1835.5,1995.5,970.5
2026-07-30 14:35:31,2026-07-30 14:20,1841.5,1912.0,-3.69,2195700,1881.0,1835.5,1995.5,970.5
2026-07-30 14:40:45,2026-07-30 14:25,1841.0,1912.0,-3.71,2221000,1881.0,1835.5,1995.5,970.5
2026-07-30 14:45:30,2026-07-30 14:30,1841.0,1912.0,-3.71,2244000,1881.0,1835.5,1995.5,970.5
2026-07-30 14:50:40,2026-07-30 14:35,1847.0,1912.0,-3.4,2287900,1881.0,1835.5,1995.5,970.5
2026-07-30 14:55:41,2026-07-30 14:40,1849.5,1912.0,-3.27,2333100,1881.0,1835.5,1995.5,970.5
2026-07-30 15:00:32,2026-07-30 14:45,1850.5,1912.0,-3.22,2364900,1881.0,1835.5,1995.5,970.5
2026-07-30 15:05:37,2026-07-30 14:50,1850.0,1912.0,-3.24,2402400,1881.0,1835.5,1995.5,970.5
2026-07-30 15:10:50,2026-07-30 14:55,1844.0,1912.0,-3.56,2437500,1881.0,1835.5,1995.5,970.5
2026-07-30 15:15:37,2026-07-30 15:00,1841.0,1912.0,-3.71,2470500,1881.0,1835.5,1995.5,970.5
2026-07-30 15:20:36,2026-07-30 15:05,1841.0,1912.0,-3.71,2513600,1881.0,1835.5,1995.5,970.5
2026-07-30 15:25:33,2026-07-30 15:10,1841.5,1912.0,-3.69,2557900,1881.0,1835.5,1995.5,970.5
2026-07-30 15:30:38,2026-07-30 15:15,1838.5,1912.0,-3.84,2604500,1881.0,1835.5,1995.5,970.5
2026-07-30 15:40:33,2026-07-30 15:24,1839.5,1912.0,-3.79,2725100,1881.0,1835.5,1995.5,970.5
2026-07-31 09:05:36,2026-07-30 15:30,1844.0,1912.0,-3.56,3906700,1881.0,1835.5,1995.5,970.5
2026-07-31 09:10:46,2026-07-30 15:30,1844.0,1912.0,-3.56,3906700,1881.0,1835.5,1995.5,970.5
2026-07-31 09:15:38,2026-07-31 09:00,1844.0,1912.0,-3.56,4117000,1869.0,1851.0,1995.5,970.5
2026-07-31 09:20:37,2026-07-31 09:05,1854.0,1844.0,0.54,306500,1869.0,1851.0,1995.5,970.5
2026-07-31 09:25:38,2026-07-31 09:10,1844.5,1844.0,0.03,360400,1869.0,1844.5,1995.5,970.5
2026-07-31 09:30:46,2026-07-31 09:15,1839.5,1844.0,-0.24,425500,1869.0,1839.0,1995.5,970.5
2026-07-31 09:35:41,2026-07-31 09:20,1833.0,1844.0,-0.6,493900,1869.0,1828.0,1995.5,970.5
2026-07-31 09:40:30,2026-07-31 09:25,1832.0,1844.0,-0.65,582500,1869.0,1822.5,1995.5,970.5
2026-07-31 09:45:41,2026-07-31 09:30,1843.0,1844.0,-0.05,640800,1869.0,1822.5,1995.5,970.5
2026-07-31 09:50:33,2026-07-31 09:35,1844.0,1844.0,0.0,726100,1869.0,1822.5,1995.5,970.5
2026-07-31 09:55:33,2026-07-31 09:40,1847.5,1844.0,0.19,808900,1869.0,1822.5,1995.5,970.5
2026-07-31 10:00:32,2026-07-31 09:45,1848.5,1844.0,0.24,888300,1869.0,1822.5,1995.5,970.5
2026-07-31 10:05:34,2026-07-31 09:50,1848.0,1844.0,0.22,945600,1869.0,1822.5,1995.5,970.5
2026-07-31 10:10:41,2026-07-31 09:55,1854.0,1844.0,0.54,1008500,1869.0,1822.5,1995.5,970.5
2026-07-31 10:15:31,2026-07-31 10:00,1863.0,1844.0,1.03,1105000,1869.0,1822.5,1995.5,970.5
2026-07-31 10:20:31,2026-07-31 10:05,1863.5,1844.0,1.06,1189400,1869.0,1822.5,1995.5,970.5
2026-07-31 10:25:39,2026-07-31 10:10,1867.0,1844.0,1.25,1246700,1869.0,1822.5,1995.5,970.5
2026-07-31 10:30:40,2026-07-31 10:15,1862.5,1844.0,1.0,1294700,1869.5,1822.5,1995.5,970.5
2026-07-31 10:35:34,2026-07-31 10:20,1864.5,1844.0,1.11,1337200,1869.5,1822.5,1995.5,970.5
2026-07-31 10:40:33,2026-07-31 10:25,1861.5,1844.0,0.95,1367700,1869.5,1822.5,1995.5,970.5
2026-07-31 10:45:38,2026-07-31 10:30,1860.5,1844.0,0.89,1420800,1869.5,1822.5,1995.5,970.5
2026-07-31 10:50:41,2026-07-31 10:35,1856.5,1844.0,0.68,1463300,1869.5,1822.5,1995.5,970.5
2026-07-31 10:55:31,2026-07-31 10:40,1858.5,1844.0,0.79,1507900,1869.5,1822.5,1995.5,970.5
2026-07-31 11:00:41,2026-07-31 10:45,1855.0,1844.0,0.6,1538000,1869.5,1822.5,1995.5,970.5
2026-07-31 11:05:32,2026-07-31 10:50,1850.0,1844.0,0.33,1578300,1869.5,1822.5,1995.5,970.5
2026-07-31 11:10:35,2026-07-31 10:55,1851.0,1844.0,0.38,1617200,1869.5,1822.5,1995.5,970.5
2026-07-31 11:15:39,2026-07-31 11:00,1860.5,1844.0,0.89,1657800,1869.5,1822.5,1995.5,970.5
2026-07-31 11:20:35,2026-07-31 11:05,1856.5,1844.0,0.68,1689200,1869.5,1822.5,1995.5,970.5
2026-07-31 11:25:33,2026-07-31 11:10,1858.0,1844.0,0.76,1722400,1869.5,1822.5,1995.5,970.5
2026-07-31 11:30:45,2026-07-31 11:15,1851.0,1844.0,0.38,1758900,1869.5,1822.5,1995.5,970.5
2026-07-31 12:30:48,2026-07-31 11:30,1848.0,1844.0,0.22,1891900,1869.5,1822.5,1995.5,970.5
2026-07-31 12:35:46,2026-07-31 11:30,1848.0,1844.0,0.22,1891900,1869.5,1822.5,1995.5,970.5
2026-07-31 12:40:35,2026-07-31 11:30,1848.0,1844.0,0.22,1891900,1869.5,1822.5,1995.5,970.5
2026-07-31 12:45:39,2026-07-31 12:30,1848.0,1844.0,0.22,1942800,1869.5,1822.5,1995.5,970.5
2026-07-31 12:50:32,2026-07-31 12:35,1838.0,1844.0,-0.33,1987900,1869.5,1822.5,1995.5,970.5
2026-07-31 12:55:37,2026-07-31 12:40,1839.5,1844.0,-0.24,2033900,1869.5,1822.5,1995.5,970.5
2026-07-31 13:00:38,2026-07-31 12:45,1841.5,1844.0,-0.14,2100600,1869.5,1822.5,1995.5,970.5
2026-07-31 13:05:41,2026-07-31 12:50,1840.5,1844.0,-0.19,2166700,1869.5,1822.5,1995.5,970.5
2026-07-31 13:10:30,2026-07-31 12:55,1846.5,1844.0,0.14,2243500,1869.5,1822.5,1995.5,970.5
2026-07-31 13:15:39,2026-07-31 13:00,1845.5,1844.0,0.08,2298700,1869.5,1822.5,1995.5,970.5
2026-07-31 13:20:37,2026-07-31 13:05,1846.0,1844.0,0.11,2345900,1869.5,1822.5,1995.5,970.5
2026-07-31 13:25:35,2026-07-31 13:10,1849.0,1844.0,0.27,2383300,1869.5,1822.5,1995.5,970.5
2026-07-31 13:30:30,2026-07-31 13:15,1844.0,1844.0,0.0,2421800,1869.5,1822.5,1995.5,970.5
2026-07-31 13:35:36,2026-07-31 13:20,1841.0,1844.0,-0.16,2458600,1869.5,1822.5,1995.5,970.5
2026-07-31 13:40:37,2026-07-31 13:25,1839.5,1844.0,-0.24,2541000,1869.5,1822.5,1995.5,970.5
2026-07-31 13:45:43,2026-07-31 13:30,1843.5,1844.0,-0.03,2598700,1869.5,1822.5,1995.5,970.5
2026-07-31 13:50:35,2026-07-31 13:35,1841.5,1844.0,-0.14,2633700,1869.5,1822.5,1995.5,970.5
2026-07-31 13:55:43,2026-07-31 13:40,1844.0,1844.0,0.0,2671100,1869.5,1822.5,1995.5,970.5
2026-07-31 14:00:36,2026-07-31 13:45,1846.0,1844.0,0.11,2716000,1869.5,1822.5,1995.5,970.5
2026-07-31 14:05:31,2026-07-31 13:50,1845.0,1844.0,0.05,2747500,1869.5,1822.5,1995.5,970.5
2026-07-31 14:10:31,2026-07-31 13:55,1842.0,1844.0,-0.11,2784100,1869.5,1822.5,1995.5,970.5
2026-07-31 14:15:55,2026-07-31 14:00,1841.5,1844.0,-0.14,2828000,1869.5,1822.5,1995.5,970.5
2026-07-31 14:20:31,2026-07-31 14:05,1841.5,1844.0,-0.14,2862200,1869.5,1822.5,1995.5,970.5
2026-07-31 14:25:42,2026-07-31 14:10,1844.5,1844.0,0.03,2895000,1869.5,1822.5,1995.5,970.5
2026-07-31 14:30:40,2026-07-31 14:15,1847.5,1844.0,0.19,2921700,1869.5,1822.5,1995.5,970.5
2026-07-31 14:36:23,2026-07-31 14:20,1849.5,1844.0,0.3,2954100,1869.5,1822.5,1995.5,970.5
2026-07-31 14:40:50,2026-07-31 14:25,1850.5,1844.0,0.35,2990900,1869.5,1822.5,1995.5,970.5
2026-07-31 14:45:37,2026-07-31 14:30,1850.0,1844.0,0.33,3020800,1869.5,1822.5,1995.5,970.5
2026-07-31 14:50:31,2026-07-31 14:35,1840.0,1844.0,-0.22,3071100,1869.5,1822.5,1995.5,970.5
2026-07-31 14:55:35,2026-07-31 14:40,1842.0,1844.0,-0.11,3110800,1869.5,1822.5,1995.5,970.5
2026-07-31 15:00:45,2026-07-31 14:45,1840.5,1844.0,-0.19,3142900,1869.5,1822.5,1995.5,970.5
2026-07-31 15:05:40,2026-07-31 14:50,1843.0,1844.0,-0.05,3177200,1869.5,1822.5,1995.5,970.5
2026-07-31 15:10:45,2026-07-31 14:55,1844.5,1844.0,0.03,3215000,1869.5,1822.5,1995.5,970.5
2026-07-31 15:15:38,2026-07-31 15:00,1843.5,1844.0,-0.03,3247700,1869.5,1822.5,1995.5,970.5
2026-07-31 15:20:46,2026-07-31 15:05,1845.5,1844.0,0.08,3282900,1869.5,1822.5,1995.5,970.5
2026-07-31 15:25:40,2026-07-31 15:10,1841.5,1844.0,-0.14,3317000,1869.5,1822.5,1995.5,970.5
2026-07-31 15:30:51,2026-07-31 15:15,1840.5,1844.0,-0.19,3359700,1869.5,1822.5,1995.5,970.5
2026-07-31 15:40:41,2026-07-31 15:24,1846.5,1844.0,0.14,3476500,1869.5,1822.5,1995.5,970.5
2026-08-03 09:05:31,2026-07-31 15:30,1839.0,1844.0,-0.27,4634200,1869.5,1822.5,1995.5,970.5
2026-08-03 09:10:32,2026-07-31 15:30,1839.0,1844.0,-0.27,4634200,1869.5,1822.5,1995.5,970.5
2026-08-03 09:15:40,2026-08-03 09:00,1807.5,1844.0,-1.98,4859200,1813.0,1800.0,1995.5,970.5
2026-08-03 09:20:34,2026-08-03 09:05,1827.5,1839.0,-0.63,387900,1828.0,1800.0,1995.5,970.5
2026-08-03 09:25:48,2026-08-03 09:10,1834.0,1839.0,-0.27,485900,1839.5,1800.0,1995.5,970.5
2026-08-03 09:30:35,2026-08-03 09:15,1826.0,1839.0,-0.71,565800,1839.5,1800.0,1995.5,970.5
2026-08-03 09:35:38,2026-08-03 09:20,1815.0,1839.0,-1.31,650000,1839.5,1800.0,1995.5,970.5
2026-08-03 09:40:32,2026-08-03 09:25,1803.5,1839.0,-1.93,720200,1839.5,1800.0,1995.5,970.5
2026-08-03 09:45:41,2026-08-03 09:30,1794.5,1839.0,-2.42,882800,1839.5,1788.0,1995.5,970.5
2026-08-03 09:50:32,2026-08-03 09:35,1782.5,1839.0,-3.07,962600,1839.5,1780.0,1995.5,970.5
2026-08-03 09:55:32,2026-08-03 09:40,1775.5,1839.0,-3.45,1060800,1839.5,1769.5,1995.5,970.5
2026-08-03 10:00:33,2026-08-03 09:45,1767.5,1839.0,-3.89,1132200,1839.5,1764.5,1995.5,970.5
2026-08-03 10:05:34,2026-08-03 09:50,1768.0,1839.0,-3.86,1187100,1839.5,1764.5,1995.5,970.5
2026-08-03 10:10:31,2026-08-03 09:55,1768.5,1839.0,-3.83,1251100,1839.5,1762.5,1995.5,970.5
2026-08-03 10:15:38,2026-08-03 10:00,1769.5,1839.0,-3.78,1307100,1839.5,1762.5,1995.5,970.5
2026-08-03 10:20:35,2026-08-03 10:05,1771.5,1839.0,-3.67,1346900,1839.5,1762.5,1995.5,970.5
2026-08-03 10:25:46,2026-08-03 10:10,1764.0,1839.0,-4.08,1386800,1839.5,1762.5,1995.5,970.5
2026-08-03 10:30:39,2026-08-03 10:15,1752.5,1839.0,-4.7,1444600,1839.5,1750.0,1995.5,970.5
2026-08-03 10:35:46,2026-08-03 10:20,1766.0,1839.0,-3.97,1487400,1839.5,1750.0,1995.5,970.5
2026-08-03 10:40:39,2026-08-03 10:25,1767.5,1839.0,-3.89,1522300,1839.5,1750.0,1995.5,970.5
2026-08-03 10:45:41,2026-08-03 10:30,1770.0,1839.0,-3.75,1557600,1839.5,1750.0,1995.5,970.5
2026-08-03 10:50:41,2026-08-03 10:35,1768.0,1839.0,-3.86,1582800,1839.5,1750.0,1995.5,970.5
2026-08-03 10:55:33,2026-08-03 10:40,1772.0,1839.0,-3.64,1611100,1839.5,1750.0,1995.5,970.5
2026-08-03 11:00:44,2026-08-03 10:45,1776.0,1839.0,-3.43,1637300,1839.5,1750.0,1995.5,970.5
2026-08-03 11:05:41,2026-08-03 10:50,1776.0,1839.0,-3.43,1657800,1839.5,1750.0,1995.5,970.5
2026-08-03 11:10:47,2026-08-03 10:55,1768.0,1839.0,-3.86,1695100,1839.5,1750.0,1995.5,970.5
2026-08-03 11:15:36,2026-08-03 11:00,1761.5,1839.0,-4.21,1722100,1839.5,1750.0,1995.5,970.5
2026-08-03 11:20:36,2026-08-03 11:05,1760.0,1839.0,-4.3,1759300,1839.5,1750.0,1995.5,970.5
2026-08-03 11:25:35,2026-08-03 11:10,1766.5,1839.0,-3.94,1795900,1839.5,1750.0,1995.5,970.5
2026-08-03 11:30:41,2026-08-03 11:15,1762.5,1839.0,-4.16,1833600,1839.5,1750.0,1995.5,970.5
2026-08-03 12:30:32,2026-08-03 11:30,1765.0,1839.0,-4.02,1957800,1839.5,1750.0,1995.5,970.5
2026-08-03 12:35:40,2026-08-03 11:30,1765.0,1839.0,-4.02,1957800,1839.5,1750.0,1995.5,970.5
2026-08-03 12:40:36,2026-08-03 11:30,1765.0,1839.0,-4.02,1957800,1839.5,1750.0,1995.5,970.5
2026-08-03 12:45:33,2026-08-03 12:30,1775.5,1839.0,-3.45,2028000,1839.5,1750.0,1995.5,970.5
2026-08-03 12:50:37,2026-08-03 12:35,1785.5,1839.0,-2.91,2105200,1839.5,1750.0,1995.5,970.5
2026-08-03 12:55:33,2026-08-03 12:40,1800.0,1839.0,-2.12,2148400,1839.5,1750.0,1995.5,970.5
2026-08-03 13:00:41,2026-08-03 12:45,1801.5,1839.0,-2.04,2201100,1839.5,1750.0,1995.5,970.5
2026-08-03 13:05:37,2026-08-03 12:50,1808.0,1839.0,-1.69,2240500,1839.5,1750.0,1995.5,970.5
2026-08-03 13:10:35,2026-08-03 12:55,1812.5,1839.0,-1.44,2282100,1839.5,1750.0,1995.5,970.5
2026-08-03 13:15:38,2026-08-03 13:00,1811.0,1839.0,-1.52,2314500,1839.5,1750.0,1995.5,970.5
2026-08-03 13:20:39,2026-08-03 13:05,1809.5,1839.0,-1.6,2343800,1839.5,1750.0,1995.5,970.5
2026-08-03 13:25:38,2026-08-03 13:10,1813.0,1839.0,-1.41,2369900,1839.5,1750.0,1995.5,970.5
2026-08-03 13:30:36,2026-08-03 13:15,1816.5,1839.0,-1.22,2405200,1839.5,1750.0,1995.5,970.5
2026-08-03 13:35:37,2026-08-03 13:20,1818.5,1839.0,-1.11,2439400,1839.5,1750.0,1995.5,970.5
2026-08-03 13:40:37,2026-08-03 13:25,1821.5,1839.0,-0.95,2478000,1839.5,1750.0,1995.5,970.5
2026-08-03 13:45:32,2026-08-03 13:30,1821.5,1839.0,-0.95,2496200,1839.5,1750.0,1995.5,970.5
2026-08-03 13:51:13,2026-08-03 13:36,1827.0,1839.0,-0.65,2541900,1839.5,1750.0,1995.5,970.5
2026-08-03 13:55:43,2026-08-03 13:40,1822.5,1839.0,-0.9,2578900,1839.5,1750.0,1995.5,970.5
2026-08-03 14:00:32,2026-08-03 13:45,1818.5,1839.0,-1.11,2612600,1839.5,1750.0,1995.5,970.5
2026-08-03 14:05:40,2026-08-03 13:50,1822.0,1839.0,-0.92,2646300,1839.5,1750.0,1995.5,970.5
2026-08-03 14:10:30,2026-08-03 13:55,1822.0,1839.0,-0.92,2663500,1839.5,1750.0,1995.5,970.5
2026-08-03 14:15:42,2026-08-03 14:00,1827.5,1839.0,-0.63,2705000,1839.5,1750.0,1995.5,970.5
2026-08-03 14:20:50,2026-08-03 14:05,1826.5,1839.0,-0.68,2746200,1839.5,1750.0,1995.5,970.5
2026-08-03 14:25:42,2026-08-03 14:10,1824.0,1839.0,-0.82,2776100,1839.5,1750.0,1995.5,970.5
2026-08-03 14:30:31,2026-08-03 14:15,1820.5,1839.0,-1.01,2799100,1839.5,1750.0,1995.5,970.5
2026-08-03 14:35:39,2026-08-03 14:20,1818.0,1839.0,-1.14,2829200,1839.5,1750.0,1995.5,970.5
2026-08-03 14:40:43,2026-08-03 14:25,1816.0,1839.0,-1.25,2865800,1839.5,1750.0,1995.5,970.5
2026-08-03 14:45:36,2026-08-03 14:30,1812.0,1839.0,-1.47,2900100,1839.5,1750.0,1995.5,970.5
2026-08-03 14:50:42,2026-08-03 14:35,1815.0,1839.0,-1.31,2938500,1839.5,1750.0,1995.5,970.5
2026-08-03 14:55:31,2026-08-03 14:40,1812.0,1839.0,-1.47,2966800,1839.5,1750.0,1995.5,970.5
2026-08-03 15:00:37,2026-08-03 14:45,1814.0,1839.0,-1.36,3006100,1839.5,1750.0,1995.5,970.5
2026-08-03 15:05:31,2026-08-03 14:50,1818.0,1839.0,-1.14,3053300,1839.5,1750.0,1995.5,970.5
2026-08-03 15:10:39,2026-08-03 14:55,1819.5,1839.0,-1.06,3100000,1839.5,1750.0,1995.5,970.5
2026-08-03 15:15:48,2026-08-03 15:00,1816.0,1839.0,-1.25,3164600,1839.5,1750.0,1995.5,970.5
2026-08-03 15:20:46,2026-08-03 15:05,1822.5,1839.0,-0.9,3228500,1839.5,1750.0,1995.5,970.5
2026-08-03 15:25:44,2026-08-03 15:10,1824.5,1839.0,-0.79,3257700,1839.5,1750.0,1995.5,970.5
2026-08-03 15:30:43,2026-08-03 15:15,1823.5,1839.0,-0.84,3299400,1839.5,1750.0,1995.5,970.5
2026-08-03 15:40:48,2026-08-03 15:24,1816.5,1839.0,-1.22,3440000,1839.5,1750.0,1995.5,970.5
2026-08-04 09:05:46,2026-08-03 15:30,1815.5,1839.0,-1.28,4845000,1839.5,1750.0,1995.5,970.5
2026-08-04 09:10:31,2026-08-03 15:30,1815.5,1839.0,-1.28,4845000,1839.5,1750.0,1995.5,970.5
2026-08-04 09:15:39,2026-08-04 09:00,1815.5,1839.0,-1.28,4972300,1820.0,1806.5,1995.5,970.5
2026-08-04 09:20:37,2026-08-04 09:05,1808.0,1815.5,-0.41,178600,1820.0,1804.0,1995.5,970.5
2026-08-04 09:25:40,2026-08-04 09:10,1810.0,1815.5,-0.3,301700,1820.0,1798.0,1995.5,970.5
2026-08-04 09:30:32,2026-08-04 09:15,1814.5,1815.5,-0.06,336500,1820.0,1798.0,1995.5,970.5
2026-08-04 09:35:44,2026-08-04 09:20,1832.0,1815.5,0.91,383500,1833.0,1798.0,1995.5,970.5
2026-08-04 09:40:41,2026-08-04 09:25,1838.0,1815.5,1.24,443000,1838.0,1798.0,1995.5,970.5
2026-08-04 09:45:41,2026-08-04 09:30,1834.0,1815.5,1.02,483900,1838.5,1798.0,1995.5,970.5
2026-08-04 09:50:34,2026-08-04 09:35,1833.0,1815.5,0.96,520100,1842.0,1798.0,1995.5,970.5
2026-08-04 09:55:53,2026-08-04 09:40,1826.5,1815.5,0.61,542800,1842.0,1798.0,1995.5,970.5
2026-08-04 10:00:50,2026-08-04 09:45,1828.0,1815.5,0.69,558500,1842.0,1798.0,1995.5,970.5
2026-08-04 10:05:40,2026-08-04 09:50,1834.0,1815.5,1.02,575700,1842.0,1798.0,1995.5,970.5
2026-08-04 10:10:47,2026-08-04 09:55,1826.5,1815.5,0.61,604800,1842.0,1798.0,1995.5,970.5
2026-08-04 10:15:46,2026-08-04 10:00,1821.5,1815.5,0.33,626500,1842.0,1798.0,1995.5,970.5
2026-08-04 10:20:36,2026-08-04 10:05,1826.0,1815.5,0.58,644500,1842.0,1798.0,1995.5,970.5
2026-08-04 10:25:31,2026-08-04 10:10,1830.0,1815.5,0.8,662200,1842.0,1798.0,1995.5,970.5
2026-08-04 10:30:35,2026-08-04 10:15,1831.5,1815.5,0.88,685800,1842.0,1798.0,1995.5,970.5
2026-08-04 10:35:41,2026-08-04 10:20,1825.0,1815.5,0.52,710600,1842.0,1798.0,1995.5,970.5
2026-08-04 10:40:45,2026-08-04 10:25,1823.0,1815.5,0.41,726300,1842.0,1798.0,1995.5,970.5
2026-08-04 10:45:43,2026-08-04 10:30,1829.0,1815.5,0.74,743600,1842.0,1798.0,1995.5,970.5
2026-08-04 10:50:45,2026-08-04 10:35,1826.5,1815.5,0.61,760700,1842.0,1798.0,1995.5,970.5
2026-08-04 11:10:56,2026-08-04 10:55,1825.0,1815.5,0.52,840800,1842.0,1798.0,1995.5,970.5
2026-08-04 11:15:41,2026-08-04 11:00,1821.5,1815.5,0.33,861000,1842.0,1798.0,1995.5,970.5
2026-08-04 11:20:37,2026-08-04 11:05,1820.0,1815.5,0.25,872200,1842.0,1798.0,1995.5,970.5
2026-08-04 11:25:34,2026-08-04 11:10,1826.0,1815.5,0.58,884900,1842.0,1798.0,1995.5,970.5
2026-08-04 11:30:34,2026-08-04 11:15,1821.0,1815.5,0.3,896700,1842.0,1798.0,1995.5,970.5
2026-08-04 12:30:39,2026-08-04 11:30,1820.0,1815.5,0.25,940000,1842.0,1798.0,1995.5,970.5
2026-08-04 12:35:39,2026-08-04 11:30,1820.0,1815.5,0.25,940000,1842.0,1798.0,1995.5,970.5
2026-08-04 12:40:37,2026-08-04 11:30,1820.0,1815.5,0.25,940000,1842.0,1798.0,1995.5,970.5
2026-08-04 12:45:39,2026-08-04 12:30,1823.0,1815.5,0.41,960200,1842.0,1798.0,1995.5,970.5
2026-08-04 12:50:36,2026-08-04 12:35,1834.0,1815.5,1.02,990300,1842.0,1798.0,1995.5,970.5
2026-08-04 12:55:39,2026-08-04 12:40,1835.5,1815.5,1.1,1001100,1842.0,1798.0,1995.5,970.5
2026-08-04 13:00:37,2026-08-04 12:45,1828.5,1815.5,0.72,1016900,1842.0,1798.0,1995.5,970.5
2026-08-04 13:05:43,2026-08-04 12:50,1832.0,1815.5,0.91,1039400,1842.0,1798.0,1995.5,970.5
2026-08-04 13:10:45,2026-08-04 12:55,1831.5,1815.5,0.88,1058400,1842.0,1798.0,1995.5,970.5
2026-08-04 13:15:48,2026-08-04 13:00,1834.5,1815.5,1.05,1070600,1842.0,1798.0,1995.5,970.5
2026-08-04 13:20:28,2026-08-04 13:05,1828.5,1815.5,0.72,1089700,1842.0,1798.0,1995.5,970.5
2026-08-04 13:25:35,2026-08-04 13:10,1825.0,1815.5,0.52,1104800,1842.0,1798.0,1995.5,970.5
2026-08-04 13:30:41,2026-08-04 13:15,1834.0,1815.5,1.02,1122900,1842.0,1798.0,1995.5,970.5
2026-08-04 13:35:43,2026-08-04 13:20,1832.5,1815.5,0.94,1147800,1842.0,1798.0,1995.5,970.5
2026-08-04 13:40:37,2026-08-04 13:25,1831.0,1815.5,0.85,1168700,1842.0,1798.0,1995.5,970.5
2026-08-04 13:45:45,2026-08-04 13:30,1829.0,1815.5,0.74,1191900,1842.0,1798.0,1995.5,970.5
2026-08-04 13:50:36,2026-08-04 13:35,1828.0,1815.5,0.69,1201500,1842.0,1798.0,1995.5,970.5
2026-08-04 13:55:31,2026-08-04 13:40,1822.5,1815.5,0.39,1222600,1842.0,1798.0,1995.5,970.5
2026-08-04 14:00:39,2026-08-04 13:45,1823.5,1815.5,0.44,1234600,1842.0,1798.0,1995.5,970.5
2026-08-04 14:05:39,2026-08-04 13:50,1827.0,1815.5,0.63,1248600,1842.0,1798.0,1995.5,970.5
2026-08-04 14:10:45,2026-08-04 13:55,1829.0,1815.5,0.74,1269100,1842.0,1798.0,1995.5,970.5
2026-08-04 14:15:42,2026-08-04 14:00,1826.0,1815.5,0.58,1282600,1842.0,1798.0,1995.5,970.5
2026-08-04 14:20:45,2026-08-04 14:05,1824.0,1815.5,0.47,1301900,1842.0,1798.0,1995.5,970.5
2026-08-04 14:25:43,2026-08-04 14:10,1825.5,1815.5,0.55,1314600,1842.0,1798.0,1995.5,970.5
2026-08-04 14:30:36,2026-08-04 14:15,1823.5,1815.5,0.44,1330300,1842.0,1798.0,1995.5,970.5
2026-08-04 14:35:38,2026-08-04 14:20,1824.0,1815.5,0.47,1346300,1842.0,1798.0,1995.5,970.5
2026-08-04 14:40:37,2026-08-04 14:25,1827.0,1815.5,0.63,1362100,1842.0,1798.0,1995.5,970.5
2026-08-04 14:45:33,2026-08-04 14:30,1822.0,1815.5,0.36,1388000,1842.0,1798.0,1995.5,970.5
2026-08-04 14:50:42,2026-08-04 14:35,1822.5,1815.5,0.39,1416300,1842.0,1798.0,1995.5,970.5
2026-08-04 14:55:35,2026-08-04 14:40,1827.0,1815.5,0.63,1435200,1842.0,1798.0,1995.5,970.5
2026-08-04 15:40:48,2026-08-04 15:24,1833.0,1815.5,0.96,1750000,1842.0,1798.0,1995.5,970.5
2026-08-05 09:05:32,2026-08-04 15:30,1821.5,1815.5,0.33,2602200,1842.0,1798.0,1995.5,980.0
2026-08-05 09:10:38,2026-08-04 15:30,1821.5,1815.5,0.33,2602200,1842.0,1798.0,1995.5,980.0
2026-08-05 09:15:43,2026-08-05 09:00,1821.5,1815.5,0.33,2772300,1827.0,1815.0,1995.5,980.0
2026-08-05 09:20:35,2026-08-05 09:05,1828.5,1821.5,0.38,269300,1833.5,1815.0,1995.5,980.0
2026-08-05 09:25:34,2026-08-05 09:10,1823.5,1821.5,0.11,330900,1833.5,1815.0,1995.5,980.0
2026-08-05 09:30:38,2026-08-05 09:15,1839.0,1821.5,0.96,371100,1839.5,1815.0,1995.5,980.0
2026-08-05 09:35:35,2026-08-05 09:20,1831.5,1821.5,0.55,402600,1840.0,1815.0,1995.5,980.0
2026-08-05 09:40:44,2026-08-05 09:25,1826.5,1821.5,0.27,443300,1840.0,1815.0,1995.5,980.0
2026-08-05 09:45:45,2026-08-05 09:30,1833.5,1821.5,0.66,477800,1840.0,1815.0,1995.5,980.0
2026-08-05 09:50:52,2026-08-05 09:35,1830.5,1821.5,0.49,502800,1840.0,1815.0,1995.5,980.0
2026-08-05 09:55:40,2026-08-05 09:40,1833.0,1821.5,0.63,529900,1840.0,1815.0,1995.5,980.0
2026-08-05 10:00:53,2026-08-05 09:45,1829.0,1821.5,0.41,556500,1840.0,1815.0,1995.5,980.0
2026-08-05 10:05:32,2026-08-05 09:50,1836.0,1821.5,0.8,589600,1840.0,1815.0,1995.5,980.0
2026-08-05 10:10:32,2026-08-05 09:55,1833.5,1821.5,0.66,606800,1840.0,1815.0,1995.5,980.0
2026-08-05 10:15:38,2026-08-05 10:00,1837.0,1821.5,0.85,644100,1840.0,1815.0,1995.5,980.0
2026-08-05 10:20:35,2026-08-05 10:05,1838.5,1821.5,0.93,777500,1840.0,1815.0,1995.5,980.0
2026-08-05 10:25:41,2026-08-05 10:10,1837.5,1821.5,0.88,809100,1840.0,1815.0,1995.5,980.0
2026-08-05 10:30:43,2026-08-05 10:15,1836.0,1821.5,0.8,833800,1840.5,1815.0,1995.5,980.0
2026-08-05 10:35:32,2026-08-05 10:20,1845.5,1821.5,1.32,860500,1846.0,1815.0,1995.5,980.0
2026-08-05 10:40:40,2026-08-05 10:25,1848.5,1821.5,1.48,889500,1850.0,1815.0,1995.5,980.0
2026-08-05 10:45:48,2026-08-05 10:30,1851.5,1821.5,1.65,923200,1852.0,1815.0,1995.5,980.0
2026-08-05 10:50:42,2026-08-05 10:35,1851.0,1821.5,1.62,944200,1853.5,1815.0,1995.5,980.0
2026-08-05 10:55:36,2026-08-05 10:40,1854.5,1821.5,1.81,969800,1857.5,1815.0,1995.5,980.0
2026-08-05 11:00:43,2026-08-05 10:45,1856.0,1821.5,1.89,991100,1858.0,1815.0,1995.5,980.0
2026-08-05 11:05:48,2026-08-05 10:50,1849.0,1821.5,1.51,1013600,1858.0,1815.0,1995.5,980.0
2026-08-05 11:10:45,2026-08-05 10:55,1849.0,1821.5,1.51,1038400,1858.0,1815.0,1995.5,980.0
2026-08-05 11:15:35,2026-08-05 11:00,1849.5,1821.5,1.54,1058600,1858.0,1815.0,1995.5,980.0
2026-08-05 11:20:35,2026-08-05 11:05,1855.0,1821.5,1.84,1072700,1858.0,1815.0,1995.5,980.0
2026-08-05 11:25:40,2026-08-05 11:10,1851.5,1821.5,1.65,1092400,1858.0,1815.0,1995.5,980.0
2026-08-05 11:30:42,2026-08-05 11:15,1852.5,1821.5,1.7,1108900,1858.0,1815.0,1995.5,980.0
2026-08-05 12:30:40,2026-08-05 11:30,1841.5,1821.5,1.1,1179600,1858.0,1815.0,1995.5,980.0
2026-08-05 12:35:35,2026-08-05 11:30,1841.5,1821.5,1.1,1179600,1858.0,1815.0,1995.5,980.0
2026-08-05 12:40:39,2026-08-05 11:30,1841.5,1821.5,1.1,1179600,1858.0,1815.0,1995.5,980.0
2026-08-05 12:45:38,2026-08-05 12:30,1842.5,1821.5,1.15,1217400,1858.0,1815.0,1995.5,980.0
2026-08-05 12:50:40,2026-08-05 12:35,1848.5,1821.5,1.48,1238700,1858.0,1815.0,1995.5,980.0
2026-08-05 12:55:34,2026-08-05 12:40,1849.5,1821.5,1.54,1255400,1858.0,1815.0,1995.5,980.0
2026-08-05 13:00:45,2026-08-05 12:45,1853.5,1821.5,1.76,1270100,1858.0,1815.0,1995.5,980.0
2026-08-05 13:05:39,2026-08-05 12:50,1854.0,1821.5,1.78,1289200,1858.0,1815.0,1995.5,980.0
2026-08-05 13:10:37,2026-08-05 12:55,1849.5,1821.5,1.54,1313800,1858.0,1815.0,1995.5,980.0
2026-08-05 13:15:39,2026-08-05 13:00,1853.5,1821.5,1.76,1324200,1858.0,1815.0,1995.5,980.0
2026-08-05 13:20:38,2026-08-05 13:05,1852.5,1821.5,1.7,1345900,1858.0,1815.0,1995.5,980.0
2026-08-05 13:25:37,2026-08-05 13:10,1855.5,1821.5,1.87,1354100,1858.0,1815.0,1995.5,980.0
2026-08-05 13:30:44,2026-08-05 13:15,1849.5,1821.5,1.54,1384600,1858.0,1815.0,1995.5,980.0
2026-08-05 13:35:45,2026-08-05 13:20,1849.0,1821.5,1.51,1412600,1858.0,1815.0,1995.5,980.0
2026-08-05 13:40:39,2026-08-05 13:25,1852.5,1821.5,1.7,1436400,1858.0,1815.0,1995.5,980.0
2026-08-05 13:45:31,2026-08-05 13:30,1852.0,1821.5,1.67,1450900,1858.0,1815.0,1995.5,980.0
2026-08-05 13:50:30,2026-08-05 13:35,1851.5,1821.5,1.65,1466400,1858.0,1815.0,1995.5,980.0
2026-08-05 13:55:36,2026-08-05 13:40,1851.0,1821.5,1.62,1480100,1858.0,1815.0,1995.5,980.0
2026-08-05 14:00:44,2026-08-05 13:45,1851.5,1821.5,1.65,1495600,1858.0,1815.0,1995.5,980.0
2026-08-05 14:05:39,2026-08-05 13:50,1855.5,1821.5,1.87,1518100,1858.0,1815.0,1995.5,980.0
2026-08-05 14:10:40,2026-08-05 13:55,1853.5,1821.5,1.76,1541100,1858.0,1815.0,1995.5,980.0
2026-08-05 14:31:02,2026-08-05 14:15,1853.5,1821.5,1.76,1641000,1858.0,1815.0,1995.5,980.0
2026-08-05 14:35:37,2026-08-05 14:20,1850.5,1821.5,1.59,1675000,1858.0,1815.0,1995.5,980.0
2026-08-05 14:40:42,2026-08-05 14:25,1852.0,1821.5,1.67,1689800,1858.0,1815.0,1995.5,980.0
2026-08-05 14:45:39,2026-08-05 14:30,1852.5,1821.5,1.7,1716700,1858.0,1815.0,1995.5,980.0
2026-08-05 14:50:42,2026-08-05 14:35,1849.0,1821.5,1.51,1745300,1858.0,1815.0,1995.5,980.0
2026-08-05 14:55:41,2026-08-05 14:40,1848.5,1821.5,1.48,1769700,1858.0,1815.0,1995.5,980.0
2026-08-05 15:00:33,2026-08-05 14:45,1851.0,1821.5,1.62,1825700,1858.0,1815.0,1995.5,980.0
2026-08-05 15:05:39,2026-08-05 14:50,1847.5,1821.5,1.43,1863200,1858.0,1815.0,1995.5,980.0
2026-08-05 15:10:55,2026-08-05 14:55,1851.0,1821.5,1.62,1885000,1858.0,1815.0,1995.5,980.0
2026-08-05 15:16:19,2026-08-05 15:01,1852.5,1821.5,1.7,1921000,1858.0,1815.0,1995.5,980.0
2026-08-05 15:20:30,2026-08-05 15:05,1849.5,1821.5,1.54,1945500,1858.0,1815.0,1995.5,980.0
2026-08-05 15:25:31,2026-08-05 15:10,1856.0,1821.5,1.89,1978900,1858.0,1815.0,1995.5,980.0
2026-08-05 15:30:50,2026-08-05 15:15,1856.0,1821.5,1.89,2029900,1859.5,1815.0,1995.5,980.0
2026-08-05 15:40:40,2026-08-05 15:24,1857.5,1821.5,1.98,2113700,1859.5,1815.0,1995.5,980.0
2026-08-06 09:05:44,2026-08-05 15:30,1855.0,1821.5,1.84,3122500,1859.5,1815.0,1995.5,1007.5
2026-08-06 09:10:33,2026-08-05 15:30,1855.0,1821.5,1.84,3122500,1859.5,1815.0,1995.5,1007.5
2026-08-06 09:15:36,2026-08-06 09:00,1855.0,1821.5,1.84,3355900,1870.0,1855.0,1995.5,1007.5
2026-08-06 09:20:37,2026-08-06 09:05,1847.0,1855.0,-0.43,415900,1870.5,1837.0,1995.5,1007.5
2026-08-06 09:25:36,2026-08-06 09:10,1869.0,1855.0,0.75,561900,1875.0,1837.0,1995.5,1007.5
2026-08-06 09:30:39,2026-08-06 09:15,1858.5,1855.0,0.19,706300,1878.5,1837.0,1995.5,1007.5
2026-08-06 09:35:45,2026-08-06 09:20,1847.0,1855.0,-0.43,836400,1878.5,1837.0,1995.5,1007.5
2026-08-06 09:46:08,2026-08-06 09:31,1846.5,1855.0,-0.46,1068200,1878.5,1835.0,1995.5,1007.5
2026-08-06 09:46:46,2026-08-06 09:31,1836.5,1855.0,-1.0,1102600,1878.5,1835.0,1995.5,1007.5
2026-08-06 09:50:30,2026-08-06 09:35,1836.5,1855.0,-1.0,1160700,1878.5,1830.5,1995.5,1007.5
2026-08-06 09:55:43,2026-08-06 09:40,1830.0,1855.0,-1.35,1257500,1878.5,1823.0,1995.5,1007.5
2026-08-06 10:00:45,2026-08-06 09:45,1825.0,1855.0,-1.62,1303800,1878.5,1823.0,1995.5,1007.5
2026-08-06 10:05:46,2026-08-06 09:50,1822.0,1855.0,-1.78,1369700,1878.5,1821.0,1995.5,1007.5
2026-08-06 10:10:42,2026-08-06 09:55,1812.5,1855.0,-2.29,1459400,1878.5,1812.5,1995.5,1007.5
2026-08-06 10:15:43,2026-08-06 10:00,1816.5,1855.0,-2.08,1554600,1878.5,1808.0,1995.5,1007.5
2026-08-06 10:20:47,2026-08-06 10:05,1816.0,1855.0,-2.1,1635200,1878.5,1808.0,1995.5,1007.5
2026-08-06 10:25:41,2026-08-06 10:10,1814.5,1855.0,-2.18,1692100,1878.5,1808.0,1995.5,1007.5
2026-08-06 10:30:42,2026-08-06 10:15,1812.0,1855.0,-2.32,1732300,1878.5,1808.0,1995.5,1007.5
2026-08-06 10:35:37,2026-08-06 10:20,1809.0,1855.0,-2.48,1774600,1878.5,1808.0,1995.5,1007.5
2026-08-06 10:40:36,2026-08-06 10:25,1821.5,1855.0,-1.81,1828500,1878.5,1808.0,1995.5,1007.5
2026-08-06 10:45:37,2026-08-06 10:30,1820.5,1855.0,-1.86,1868200,1878.5,1808.0,1995.5,1007.5
2026-08-06 10:50:48,2026-08-06 10:35,1818.0,1855.0,-1.99,1912200,1878.5,1808.0,1995.5,1007.5
2026-08-06 10:55:32,2026-08-06 10:40,1815.5,1855.0,-2.13,1956000,1878.5,1808.0,1995.5,1007.5
2026-08-06 11:00:43,2026-08-06 10:45,1812.0,1855.0,-2.32,1992300,1878.5,1808.0,1995.5,1007.5
2026-08-06 11:05:35,2026-08-06 10:50,1821.5,1855.0,-1.81,2048200,1878.5,1808.0,1995.5,1007.5
2026-08-06 11:10:48,2026-08-06 10:55,1817.5,1855.0,-2.02,2094400,1878.5,1808.0,1995.5,1007.5
2026-08-06 11:15:40,2026-08-06 11:00,1818.0,1855.0,-1.99,2119300,1878.5,1808.0,1995.5,1007.5
2026-08-06 11:20:41,2026-08-06 11:05,1822.0,1855.0,-1.78,2137500,1878.5,1808.0,1995.5,1007.5
2026-08-06 11:25:34,2026-08-06 11:10,1817.0,1855.0,-2.05,2166600,1878.5,1808.0,1995.5,1007.5
2026-08-06 11:30:51,2026-08-06 11:15,1815.5,1855.0,-2.13,2208100,1878.5,1808.0,1995.5,1007.5
2026-08-06 12:30:38,2026-08-06 11:30,1808.0,1855.0,-2.53,2326800,1878.5,1808.0,1995.5,1007.5
2026-08-06 12:35:35,2026-08-06 11:30,1808.0,1855.0,-2.53,2326800,1878.5,1808.0,1995.5,1007.5
2026-08-06 12:40:50,2026-08-06 11:30,1808.0,1855.0,-2.53,2326800,1878.5,1808.0,1995.5,1007.5
2026-08-06 12:45:38,2026-08-06 12:30,1800.0,1855.0,-2.96,2572200,1878.5,1786.0,1995.5,1007.5
2026-08-06 12:50:49,2026-08-06 12:35,1809.0,1855.0,-2.48,2632800,1878.5,1786.0,1995.5,1007.5
2026-08-06 12:55:37,2026-08-06 12:40,1814.0,1855.0,-2.21,2698900,1878.5,1786.0,1995.5,1007.5
2026-08-06 13:00:36,2026-08-06 12:45,1806.5,1855.0,-2.61,2754900,1878.5,1786.0,1995.5,1007.5
2026-08-06 13:05:34,2026-08-06 12:50,1808.0,1855.0,-2.53,2796200,1878.5,1786.0,1995.5,1007.5
2026-08-06 13:10:41,2026-08-06 12:55,1805.5,1855.0,-2.67,2830400,1878.5,1786.0,1995.5,1007.5
2026-08-06 13:15:31,2026-08-06 13:00,1804.5,1855.0,-2.72,2852700,1878.5,1786.0,1995.5,1007.5
2026-08-06 13:20:45,2026-08-06 13:05,1810.5,1855.0,-2.4,2887900,1878.5,1786.0,1995.5,1007.5
2026-08-06 13:25:32,2026-08-06 13:10,1809.0,1855.0,-2.48,2915300,1878.5,1786.0,1995.5,1007.5
2026-08-06 13:30:47,2026-08-06 13:15,1808.0,1855.0,-2.53,2942200,1878.5,1786.0,1995.5,1007.5
2026-08-06 13:35:40,2026-08-06 13:20,1807.0,1855.0,-2.59,2986700,1878.5,1786.0,1995.5,1007.5
2026-08-06 13:40:42,2026-08-06 13:25,1806.0,1855.0,-2.64,3006600,1878.5,1786.0,1995.5,1007.5
2026-08-06 13:45:39,2026-08-06 13:30,1805.0,1855.0,-2.7,3048400,1878.5,1786.0,1995.5,1007.5
2026-08-06 13:50:37,2026-08-06 13:35,1803.5,1855.0,-2.78,3073400,1878.5,1786.0,1995.5,1007.5
2026-08-06 13:55:45,2026-08-06 13:40,1804.0,1855.0,-2.75,3098500,1878.5,1786.0,1995.5,1007.5
2026-08-06 14:00:33,2026-08-06 13:45,1806.5,1855.0,-2.61,3128200,1878.5,1786.0,1995.5,1007.5
2026-08-06 14:05:42,2026-08-06 13:50,1804.0,1855.0,-2.75,3154300,1878.5,1786.0,1995.5,1007.5
2026-08-06 14:10:36,2026-08-06 13:55,1805.5,1855.0,-2.67,3181600,1878.5,1786.0,1995.5,1007.5
2026-08-06 14:15:34,2026-08-06 14:00,1805.5,1855.0,-2.67,3205900,1878.5,1786.0,1995.5,1007.5
2026-08-06 14:20:39,2026-08-06 14:05,1808.5,1855.0,-2.51,3231400,1878.5,1786.0,1995.5,1007.5
2026-08-06 14:25:39,2026-08-06 14:10,1807.0,1855.0,-2.59,3278800,1878.5,1786.0,1995.5,1007.5
2026-08-06 14:30:37,2026-08-06 14:15,1808.0,1855.0,-2.53,3300100,1878.5,1786.0,1995.5,1007.5
2026-08-06 14:35:29,2026-08-06 14:20,1810.0,1855.0,-2.43,3321300,1878.5,1786.0,1995.5,1007.5
2026-08-06 14:40:32,2026-08-06 14:25,1814.0,1855.0,-2.21,3353900,1878.5,1786.0,1995.5,1007.5
2026-08-06 14:45:37,2026-08-06 14:30,1816.5,1855.0,-2.08,3382200,1878.5,1786.0,1995.5,1007.5
2026-08-06 14:50:37,2026-08-06 14:35,1816.5,1855.0,-2.08,3410100,1878.5,1786.0,1995.5,1007.5
2026-08-06 14:55:39,2026-08-06 14:40,1821.0,1855.0,-1.83,3442000,1878.5,1786.0,1995.5,1007.5
2026-08-06 15:00:39,2026-08-06 14:45,1822.5,1855.0,-1.75,3479800,1878.5,1786.0,1995.5,1007.5
2026-08-06 15:05:37,2026-08-06 14:50,1818.5,1855.0,-1.97,3540100,1878.5,1786.0,1995.5,1007.5
2026-08-06 15:10:49,2026-08-06 14:55,1821.5,1855.0,-1.81,3583000,1878.5,1786.0,1995.5,1007.5
2026-08-06 15:15:41,2026-08-06 15:00,1821.0,1855.0,-1.83,3616000,1878.5,1786.0,1995.5,1007.5
2026-08-06 15:20:44,2026-08-06 15:05,1817.0,1855.0,-2.05,3703500,1878.5,1786.0,1995.5,1007.5
2026-08-06 15:25:32,2026-08-06 15:10,1816.0,1855.0,-2.1,3744200,1878.5,1786.0,1995.5,1007.5
2026-08-06 15:40:47,2026-08-06 15:24,1810.0,1855.0,-2.43,3931300,1878.5,1786.0,1995.5,1007.5
2026-08-07 09:05:51,2026-08-06 15:30,1821.0,1855.0,-1.83,5087000,1878.5,1786.0,1995.5,1029.0
2026-08-07 09:10:38,2026-08-06 15:30,1821.0,1855.0,-1.83,5087000,1878.5,1786.0,1995.5,1029.0
2026-08-07 09:15:44,2026-08-07 09:00,1821.0,1855.0,-1.83,5229300,1843.0,1832.0,1995.5,1029.0
2026-08-07 09:20:43,2026-08-07 09:05,1826.5,1821.0,0.3,233900,1843.0,1821.5,1995.5,1029.0
2026-08-07 09:25:39,2026-08-07 09:10,1818.5,1821.0,-0.14,334500,1843.0,1815.0,1995.5,1029.0
2026-08-07 09:30:36,2026-08-07 09:15,1819.0,1821.0,-0.11,374600,1843.0,1815.0,1995.5,1029.0
2026-08-07 09:35:37,2026-08-07 09:20,1820.0,1821.0,-0.05,401800,1843.0,1815.0,1995.5,1029.0
2026-08-07 09:40:42,2026-08-07 09:25,1830.0,1821.0,0.49,429400,1843.0,1815.0,1995.5,1029.0
2026-08-07 09:45:47,2026-08-07 09:30,1833.5,1821.0,0.69,501700,1843.0,1815.0,1995.5,1029.0
2026-08-07 09:50:40,2026-08-07 09:35,1839.5,1821.0,1.02,539800,1843.0,1815.0,1995.5,1029.0
2026-08-07 09:56:12,2026-08-07 09:41,1841.0,1821.0,1.1,573700,1843.0,1815.0,1995.5,1029.0
2026-08-07 10:00:33,2026-08-07 09:45,1845.5,1821.0,1.35,639200,1847.5,1815.0,1995.5,1029.0
2026-08-07 10:05:35,2026-08-07 09:50,1844.0,1821.0,1.26,690600,1849.0,1815.0,1995.5,1029.0
2026-08-07 10:10:48,2026-08-07 09:55,1843.5,1821.0,1.24,716700,1849.0,1815.0,1995.5,1029.0
2026-08-07 10:15:35,2026-08-07 10:00,1845.0,1821.0,1.32,736200,1849.0,1815.0,1995.5,1029.0
2026-08-07 10:20:32,2026-08-07 10:05,1838.5,1821.0,0.96,759800,1849.0,1815.0,1995.5,1029.0
2026-08-07 10:25:40,2026-08-07 10:10,1837.5,1821.0,0.91,779300,1849.0,1815.0,1995.5,1029.0
2026-08-07 10:30:40,2026-08-07 10:15,1837.5,1821.0,0.91,797400,1849.0,1815.0,1995.5,1029.0
2026-08-07 10:35:38,2026-08-07 10:20,1839.0,1821.0,0.99,824000,1849.0,1815.0,1995.5,1029.0
2026-08-07 10:40:39,2026-08-07 10:25,1830.0,1821.0,0.49,865300,1849.0,1815.0,1995.5,1029.0
2026-08-07 10:45:36,2026-08-07 10:30,1834.5,1821.0,0.74,880300,1849.0,1815.0,1995.5,1029.0
2026-08-07 10:50:44,2026-08-07 10:35,1834.5,1821.0,0.74,897100,1849.0,1815.0,1995.5,1029.0
2026-08-07 10:55:39,2026-08-07 10:40,1824.0,1821.0,0.16,917500,1849.0,1815.0,1995.5,1029.0
2026-08-07 11:00:52,2026-08-07 10:45,1834.0,1821.0,0.71,936500,1849.0,1815.0,1995.5,1029.0
2026-08-07 11:05:39,2026-08-07 10:50,1840.0,1821.0,1.04,955800,1849.0,1815.0,1995.5,1029.0
2026-08-07 11:10:37,2026-08-07 10:55,1842.5,1821.0,1.18,982800,1849.0,1815.0,1995.5,1029.0
2026-08-07 11:15:32,2026-08-07 11:00,1840.0,1821.0,1.04,1005300,1849.0,1815.0,1995.5,1029.0
2026-08-07 11:20:46,2026-08-07 11:05,1840.0,1821.0,1.04,1023100,1849.0,1815.0,1995.5,1029.0
2026-08-07 11:25:46,2026-08-07 11:10,1842.0,1821.0,1.15,1052000,1849.0,1815.0,1995.5,1029.0
2026-08-07 11:30:36,2026-08-07 11:15,1844.0,1821.0,1.26,1072300,1849.0,1815.0,1995.5,1029.0
2026-08-07 12:30:36,2026-08-07 11:30,1848.0,1821.0,1.48,1141100,1849.0,1815.0,1995.5,1029.0
2026-08-07 12:35:39,2026-08-07 11:30,1848.0,1821.0,1.48,1141100,1849.0,1815.0,1995.5,1029.0
2026-08-07 12:40:59,2026-08-07 11:30,1848.0,1821.0,1.48,1141100,1849.0,1815.0,1995.5,1029.0
2026-08-07 12:45:37,2026-08-07 12:30,1847.5,1821.0,1.46,1199400,1850.5,1815.0,1995.5,1029.0
2026-08-07 12:50:34,2026-08-07 12:35,1846.5,1821.0,1.4,1230500,1851.0,1815.0,1995.5,1029.0
2026-08-07 12:55:37,2026-08-07 12:40,1840.5,1821.0,1.07,1251400,1851.0,1815.0,1995.5,1029.0
2026-08-07 13:00:32,2026-08-07 12:45,1833.0,1821.0,0.66,1280500,1851.0,1815.0,1995.5,1029.0
2026-08-07 13:05:32,2026-08-07 12:50,1835.5,1821.0,0.8,1305900,1851.0,1815.0,1995.5,1029.0
2026-08-07 13:10:31,2026-08-07 12:55,1838.5,1821.0,0.96,1321400,1851.0,1815.0,1995.5,1029.0
2026-08-07 13:15:34,2026-08-07 13:00,1836.5,1821.0,0.85,1341900,1851.0,1815.0,1995.5,1029.0
2026-08-07 13:20:38,2026-08-07 13:05,1829.0,1821.0,0.44,1371400,1851.0,1815.0,1995.5,1029.0
2026-08-07 13:25:41,2026-08-07 13:10,1833.5,1821.0,0.69,1393600,1851.0,1815.0,1995.5,1029.0
2026-08-07 13:30:47,2026-08-07 13:15,1834.5,1821.0,0.74,1407600,1851.0,1815.0,1995.5,1029.0
2026-08-07 13:35:47,2026-08-07 13:20,1837.5,1821.0,0.91,1431600,1851.0,1815.0,1995.5,1029.0
2026-08-07 13:40:37,2026-08-07 13:25,1838.5,1821.0,0.96,1445000,1851.0,1815.0,1995.5,1029.0
2026-08-07 13:45:39,2026-08-07 13:30,1837.5,1821.0,0.91,1464100,1851.0,1815.0,1995.5,1029.0
2026-08-07 13:50:40,2026-08-07 13:35,1840.0,1821.0,1.04,1489600,1851.0,1815.0,1995.5,1029.0
2026-08-07 13:55:35,2026-08-07 13:40,1836.5,1821.0,0.85,1508400,1851.0,1815.0,1995.5,1029.0
2026-08-07 14:00:40,2026-08-07 13:45,1837.5,1821.0,0.91,1519100,1851.0,1815.0,1995.5,1029.0
2026-08-07 14:05:47,2026-08-07 13:50,1838.0,1821.0,0.93,1528500,1851.0,1815.0,1995.5,1029.0
2026-08-07 14:10:42,2026-08-07 13:55,1838.0,1821.0,0.93,1538900,1851.0,1815.0,1995.5,1029.0
2026-08-07 14:15:41,2026-08-07 14:00,1838.0,1821.0,0.93,1552600,1851.0,1815.0,1995.5,1029.0
2026-08-07 14:20:35,2026-08-07 14:05,1836.0,1821.0,0.82,1575900,1851.0,1815.0,1995.5,1029.0
2026-08-07 14:25:42,2026-08-07 14:10,1836.5,1821.0,0.85,1586000,1851.0,1815.0,1995.5,1029.0
2026-08-07 14:30:38,2026-08-07 14:15,1840.0,1821.0,1.04,1610800,1851.0,1815.0,1995.5,1029.0
2026-08-07 14:35:29,2026-08-07 14:20,1843.0,1821.0,1.21,1627600,1851.0,1815.0,1995.5,1029.0
2026-08-07 14:40:33,2026-08-07 14:25,1841.5,1821.0,1.13,1653500,1851.0,1815.0,1995.5,1029.0
2026-08-07 14:45:38,2026-08-07 14:30,1842.5,1821.0,1.18,1683900,1851.0,1815.0,1995.5,1029.0
2026-08-07 14:50:39,2026-08-07 14:35,1840.0,1821.0,1.04,1700500,1851.0,1815.0,1995.5,1029.0
2026-08-07 14:55:34,2026-08-07 14:40,1835.5,1821.0,0.8,1720500,1851.0,1815.0,1995.5,1029.0
2026-08-07 15:00:33,2026-08-07 14:45,1836.5,1821.0,0.85,1742400,1851.0,1815.0,1995.5,1029.0
2026-08-07 15:05:42,2026-08-07 14:50,1838.0,1821.0,0.93,1767000,1851.0,1815.0,1995.5,1029.0
2026-08-07 15:10:40,2026-08-07 14:55,1837.5,1821.0,0.91,1791900,1851.0,1815.0,1995.5,1029.0
2026-08-07 15:15:41,2026-08-07 15:00,1834.5,1821.0,0.74,1820600,1851.0,1815.0,1995.5,1029.0
2026-08-07 15:20:41,2026-08-07 15:05,1833.5,1821.0,0.69,1840000,1851.0,1815.0,1995.5,1029.0
2026-08-07 15:25:47,2026-08-07 15:10,1836.0,1821.0,0.82,1862000,1851.0,1815.0,1995.5,1029.0
2026-08-07 15:30:45,2026-08-07 15:15,1835.5,1821.0,0.8,1889400,1851.0,1815.0,1995.5,1029.0
2026-08-07 15:40:42,2026-08-07 15:24,1834.5,1821.0,0.74,1956100,1851.0,1815.0,1995.5,1029.0
2026-08-10 09:05:39,2026-08-07 15:30,1839.0,1821.0,0.99,3064800,1851.0,1815.0,1995.5,1055.0
2026-08-10 09:10:47,2026-08-07 15:30,1839.0,1821.0,0.99,3064800,1851.0,1815.0,1995.5,1055.0
2026-08-10 09:15:40,2026-08-10 09:00,1846.0,1821.0,1.37,3325400,1852.0,1844.5,1995.5,1055.0
2026-08-10 09:20:33,2026-08-10 09:05,1847.0,1839.0,0.44,401300,1854.5,1844.5,1995.5,1055.0
2026-08-10 09:25:34,2026-08-10 09:10,1860.0,1839.0,1.14,482600,1862.0,1844.5,1995.5,1055.0
2026-08-10 09:30:42,2026-08-10 09:15,1852.5,1839.0,0.73,558100,1862.0,1844.5,1995.5,1055.0
2026-08-10 09:35:31,2026-08-10 09:20,1857.5,1839.0,1.01,623200,1862.0,1844.5,1995.5,1055.0
2026-08-10 09:40:43,2026-08-10 09:25,1851.5,1839.0,0.68,692100,1862.0,1844.5,1995.5,1055.0
2026-08-10 09:45:40,2026-08-10 09:30,1846.0,1839.0,0.38,767000,1862.0,1836.0,1995.5,1055.0
2026-08-10 09:50:35,2026-08-10 09:35,1841.0,1839.0,0.11,811600,1862.0,1836.0,1995.5,1055.0
2026-08-10 09:55:40,2026-08-10 09:40,1844.0,1839.0,0.27,846000,1862.0,1836.0,1995.5,1055.0
2026-08-10 10:00:35,2026-08-10 09:45,1844.0,1839.0,0.27,888900,1862.0,1836.0,1995.5,1055.0
2026-08-10 10:05:41,2026-08-10 09:50,1837.5,1839.0,-0.08,926800,1862.0,1836.0,1995.5,1055.0
2026-08-10 10:10:37,2026-08-10 09:55,1833.0,1839.0,-0.33,961600,1862.0,1832.0,1995.5,1055.0
2026-08-10 10:15:41,2026-08-10 10:00,1831.5,1839.0,-0.41,1008400,1862.0,1831.0,1995.5,1055.0
2026-08-10 10:20:36,2026-08-10 10:05,1839.0,1839.0,0.0,1048400,1862.0,1831.0,1995.5,1055.0
2026-08-10 10:25:57,2026-08-10 10:10,1840.5,1839.0,0.08,1090800,1862.0,1831.0,1995.5,1055.0
2026-08-10 10:30:29,2026-08-10 10:15,1838.0,1839.0,-0.05,1119200,1862.0,1831.0,1995.5,1055.0
2026-08-10 10:35:39,2026-08-10 10:20,1841.0,1839.0,0.11,1186400,1862.0,1831.0,1995.5,1055.0
2026-08-10 10:40:34,2026-08-10 10:25,1834.5,1839.0,-0.24,1233000,1862.0,1831.0,1995.5,1055.0
2026-08-10 10:45:37,2026-08-10 10:30,1838.5,1839.0,-0.03,1267700,1862.0,1831.0,1995.5,1055.0
2026-08-10 10:50:47,2026-08-10 10:35,1841.5,1839.0,0.14,1301400,1862.0,1831.0,1995.5,1055.0
2026-08-10 10:55:39,2026-08-10 10:40,1838.5,1839.0,-0.03,1327100,1862.0,1831.0,1995.5,1055.0
2026-08-10 11:00:33,2026-08-10 10:45,1843.0,1839.0,0.22,1357300,1862.0,1831.0,1995.5,1055.0
2026-08-10 11:05:36,2026-08-10 10:50,1844.0,1839.0,0.27,1392500,1862.0,1831.0,1995.5,1055.0
2026-08-10 11:10:34,2026-08-10 10:55,1842.0,1839.0,0.16,1421300,1862.0,1831.0,1995.5,1055.0
2026-08-10 11:15:41,2026-08-10 11:00,1843.5,1839.0,0.24,1454600,1862.0,1831.0,1995.5,1055.0
2026-08-10 11:20:37,2026-08-10 11:05,1836.5,1839.0,-0.14,1484900,1862.0,1831.0,1995.5,1055.0
2026-08-10 11:25:35,2026-08-10 11:10,1830.5,1839.0,-0.46,1516700,1862.0,1830.0,1995.5,1055.0
2026-08-10 11:30:42,2026-08-10 11:15,1833.5,1839.0,-0.3,1542000,1862.0,1830.0,1995.5,1055.0
2026-08-10 12:30:37,2026-08-10 11:30,1836.0,1839.0,-0.16,1629700,1862.0,1830.0,1995.5,1055.0
2026-08-10 12:35:40,2026-08-10 11:30,1836.0,1839.0,-0.16,1629700,1862.0,1830.0,1995.5,1055.0
2026-08-10 12:40:37,2026-08-10 11:30,1836.0,1839.0,-0.16,1629700,1862.0,1830.0,1995.5,1055.0
2026-08-10 12:45:34,2026-08-10 12:30,1833.5,1839.0,-0.3,1684700,1862.0,1830.0,1995.5,1055.0
2026-08-10 12:50:42,2026-08-10 12:35,1834.5,1839.0,-0.24,1741700,1862.0,1826.5,1995.5,1055.0
2026-08-10 12:55:39,2026-08-10 12:40,1837.0,1839.0,-0.11,1769800,1862.0,1826.5,1995.5,1055.0
2026-08-10 13:00:34,2026-08-10 12:45,1839.5,1839.0,0.03,1796100,1862.0,1826.5,1995.5,1055.0
2026-08-10 13:05:36,2026-08-10 12:50,1836.0,1839.0,-0.16,1828000,1862.0,1826.5,1995.5,1055.0
2026-08-10 13:10:31,2026-08-10 12:55,1836.0,1839.0,-0.16,1862600,1862.0,1826.5,1995.5,1055.0
2026-08-10 13:15:38,2026-08-10 13:00,1839.0,1839.0,0.0,1887300,1862.0,1826.5,1995.5,1055.0
2026-08-10 13:20:36,2026-08-10 13:05,1838.5,1839.0,-0.03,1919500,1862.0,1826.5,1995.5,1055.0
2026-08-10 13:25:33,2026-08-10 13:10,1839.5,1839.0,0.03,1948300,1862.0,1826.5,1995.5,1055.0
2026-08-10 13:30:39,2026-08-10 13:15,1838.0,1839.0,-0.05,1986600,1862.0,1826.5,1995.5,1055.0
2026-08-10 13:35:32,2026-08-10 13:20,1841.5,1839.0,0.14,2020700,1862.0,1826.5,1995.5,1055.0
2026-08-10 13:40:38,2026-08-10 13:25,1841.0,1839.0,0.11,2042300,1862.0,1826.5,1995.5,1055.0
2026-08-10 13:45:36,2026-08-10 13:30,1840.0,1839.0,0.05,2064500,1862.0,1826.5,1995.5,1055.0
2026-08-10 13:50:36,2026-08-10 13:35,1837.5,1839.0,-0.08,2087700,1862.0,1826.5,1995.5,1055.0
2026-08-10 13:55:41,2026-08-10 13:40,1834.5,1839.0,-0.24,2121700,1862.0,1826.5,1995.5,1055.0
2026-08-10 14:00:40,2026-08-10 13:45,1834.0,1839.0,-0.27,2144000,1862.0,1826.5,1995.5,1055.0
2026-08-10 14:05:40,2026-08-10 13:50,1834.0,1839.0,-0.27,2166300,1862.0,1826.5,1995.5,1055.0
2026-08-10 14:10:47,2026-08-10 13:55,1835.5,1839.0,-0.19,2187600,1862.0,1826.5,1995.5,1055.0
2026-08-10 14:15:45,2026-08-10 14:00,1835.5,1839.0,-0.19,2218200,1862.0,1826.5,1995.5,1055.0
2026-08-10 14:20:38,2026-08-10 14:05,1836.0,1839.0,-0.16,2246100,1862.0,1826.5,1995.5,1055.0
2026-08-10 14:25:37,2026-08-10 14:10,1836.5,1839.0,-0.14,2264800,1862.0,1826.5,1995.5,1055.0
2026-08-10 14:30:44,2026-08-10 14:15,1839.5,1839.0,0.03,2294200,1862.0,1826.5,1995.5,1055.0
2026-08-10 14:35:38,2026-08-10 14:20,1839.5,1839.0,0.03,2313900,1862.0,1826.5,1995.5,1055.0
2026-08-10 14:40:41,2026-08-10 14:25,1838.5,1839.0,-0.03,2336700,1862.0,1826.5,1995.5,1055.0
2026-08-10 14:45:39,2026-08-10 14:30,1837.0,1839.0,-0.11,2360000,1862.0,1826.5,1995.5,1055.0
2026-08-10 14:50:38,2026-08-10 14:35,1834.5,1839.0,-0.24,2390700,1862.0,1826.5,1995.5,1055.0
2026-08-10 14:55:41,2026-08-10 14:40,1836.5,1839.0,-0.14,2421100,1862.0,1826.5,1995.5,1055.0
2026-08-10 15:00:53,2026-08-10 14:45,1839.5,1839.0,0.03,2452900,1862.0,1826.5,1995.5,1055.0
2026-08-10 15:05:44,2026-08-10 14:50,1840.5,1839.0,0.08,2502400,1862.0,1826.5,1995.5,1055.0
2026-08-10 15:10:44,2026-08-10 14:55,1840.5,1839.0,0.08,2531400,1862.0,1826.5,1995.5,1055.0
2026-08-10 15:15:35,2026-08-10 15:00,1841.0,1839.0,0.11,2568300,1862.0,1826.5,1995.5,1055.0
2026-08-10 15:20:34,2026-08-10 15:05,1841.5,1839.0,0.14,2607600,1862.0,1826.5,1995.5,1055.0
2026-08-10 15:25:37,2026-08-10 15:10,1836.0,1839.0,-0.16,2657200,1862.0,1826.5,1995.5,1055.0
2026-08-10 15:30:44,2026-08-10 15:15,1832.5,1839.0,-0.35,2707000,1862.0,1826.5,1995.5,1055.0
2026-08-10 15:40:37,2026-08-10 15:24,1833.0,1839.0,-0.33,2828100,1862.0,1826.5,1995.5,1055.0
2026-08-12 09:05:33,2026-08-10 15:30,1837.5,1839.0,-0.08,4194800,1862.0,1826.5,1995.5,1055.0
2026-08-12 09:10:47,2026-08-10 15:30,1837.5,1839.0,-0.08,4194800,1862.0,1826.5,1995.5,1055.0
2026-08-12 09:15:41,2026-08-12 09:00,1837.5,1839.0,-0.08,4309300,1866.0,1855.5,1995.5,1055.0
2026-08-12 09:20:45,2026-08-12 09:05,1856.0,1837.5,1.01,202700,1866.0,1852.0,1995.5,1055.0
2026-08-12 09:25:40,2026-08-12 09:10,1857.0,1837.5,1.06,241800,1866.0,1852.0,1995.5,1055.0
2026-08-12 09:30:46,2026-08-12 09:15,1856.0,1837.5,1.01,300700,1868.0,1852.0,1995.5,1055.0
2026-08-12 09:35:43,2026-08-12 09:20,1859.0,1837.5,1.17,328900,1868.0,1852.0,1995.5,1055.0
2026-08-12 09:40:40,2026-08-12 09:25,1854.5,1837.5,0.93,364300,1868.0,1852.0,1995.5,1055.0
2026-08-12 09:45:37,2026-08-12 09:30,1861.0,1837.5,1.28,388500,1868.0,1852.0,1995.5,1055.0
2026-08-12 09:50:32,2026-08-12 09:35,1871.0,1837.5,1.82,446300,1874.0,1852.0,1995.5,1055.0
2026-08-12 09:55:33,2026-08-12 09:40,1880.5,1837.5,2.34,523400,1881.5,1852.0,1995.5,1055.0
2026-08-12 10:00:35,2026-08-12 09:45,1876.5,1837.5,2.12,571400,1881.5,1852.0,1995.5,1055.0
2026-08-12 10:05:38,2026-08-12 09:50,1886.5,1837.5,2.67,628800,1887.5,1852.0,1995.5,1055.0
2026-08-12 10:10:33,2026-08-12 09:55,1879.5,1837.5,2.29,656900,1887.5,1852.0,1995.5,1055.0
2026-08-12 10:15:49,2026-08-12 10:00,1874.0,1837.5,1.99,679200,1887.5,1852.0,1995.5,1055.0
2026-08-12 10:20:35,2026-08-12 10:05,1870.5,1837.5,1.8,702800,1887.5,1852.0,1995.5,1055.0
2026-08-12 10:25:33,2026-08-12 10:10,1866.0,1837.5,1.55,729600,1887.5,1852.0,1995.5,1055.0
2026-08-12 10:30:44,2026-08-12 10:15,1866.0,1837.5,1.55,750600,1887.5,1852.0,1995.5,1055.0
2026-08-12 10:35:36,2026-08-12 10:20,1864.0,1837.5,1.44,771800,1887.5,1852.0,1995.5,1055.0
2026-08-12 10:40:43,2026-08-12 10:25,1868.0,1837.5,1.66,786800,1887.5,1852.0,1995.5,1055.0
2026-08-12 10:45:32,2026-08-12 10:30,1865.5,1837.5,1.52,805900,1887.5,1852.0,1995.5,1055.0
2026-08-12 10:50:58,2026-08-12 10:35,1864.5,1837.5,1.47,820500,1887.5,1852.0,1995.5,1055.0
2026-08-12 10:55:32,2026-08-12 10:40,1865.5,1837.5,1.52,841600,1887.5,1852.0,1995.5,1055.0
2026-08-12 11:00:32,2026-08-12 10:45,1863.5,1837.5,1.41,859500,1887.5,1852.0,1995.5,1055.0
2026-08-12 11:05:37,2026-08-12 10:50,1860.5,1837.5,1.25,880700,1887.5,1852.0,1995.5,1055.0
2026-08-12 11:10:30,2026-08-12 10:55,1860.5,1837.5,1.25,896900,1887.5,1852.0,1995.5,1055.0
2026-08-12 11:15:41,2026-08-12 11:00,1861.5,1837.5,1.31,918200,1887.5,1852.0,1995.5,1055.0
2026-08-12 11:20:35,2026-08-12 11:05,1863.5,1837.5,1.41,935100,1887.5,1852.0,1995.5,1055.0
2026-08-12 11:25:56,2026-08-12 11:10,1858.0,1837.5,1.12,967200,1887.5,1852.0,1995.5,1055.0
2026-08-12 11:30:32,2026-08-12 11:15,1858.0,1837.5,1.12,976300,1887.5,1852.0,1995.5,1055.0
2026-08-12 12:30:29,2026-08-12 11:30,1854.0,1837.5,0.9,1015700,1887.5,1852.0,1995.5,1055.0
2026-08-12 12:35:30,2026-08-12 11:30,1854.0,1837.5,0.9,1015700,1887.5,1852.0,1995.5,1055.0
2026-08-12 12:40:36,2026-08-12 11:30,1854.0,1837.5,0.9,1015700,1887.5,1852.0,1995.5,1055.0
2026-08-12 12:46:01,2026-08-12 12:31,1869.0,1837.5,1.71,1077100,1887.5,1852.0,1995.5,1055.0
2026-08-12 12:50:33,2026-08-12 12:35,1861.0,1837.5,1.28,1107100,1887.5,1852.0,1995.5,1055.0
2026-08-12 12:55:38,2026-08-12 12:40,1859.0,1837.5,1.17,1127300,1887.5,1852.0,1995.5,1055.0
2026-08-12 13:00:31,2026-08-12 12:45,1864.5,1837.5,1.47,1148500,1887.5,1852.0,1995.5,1055.0
2026-08-12 13:05:33,2026-08-12 12:50,1866.5,1837.5,1.58,1166500,1887.5,1852.0,1995.5,1055.0
2026-08-12 13:10:37,2026-08-12 12:55,1866.5,1837.5,1.58,1190600,1887.5,1852.0,1995.5,1055.0
2026-08-12 13:15:38,2026-08-12 13:00,1867.0,1837.5,1.61,1212200,1887.5,1852.0,1995.5,1055.0
2026-08-12 13:20:30,2026-08-12 13:05,1867.0,1837.5,1.61,1246000,1887.5,1852.0,1995.5,1055.0
2026-08-12 13:25:53,2026-08-12 13:10,1866.0,1837.5,1.55,1263600,1887.5,1852.0,1995.5,1055.0
2026-08-12 13:30:36,2026-08-12 13:15,1866.5,1837.5,1.58,1277400,1887.5,1852.0,1995.5,1055.0
2026-08-12 13:35:33,2026-08-12 13:20,1866.5,1837.5,1.58,1294600,1887.5,1852.0,1995.5,1055.0
2026-08-12 13:41:12,2026-08-12 13:25,1867.0,1837.5,1.61,1311800,1887.5,1852.0,1995.5,1055.0
2026-08-12 13:45:36,2026-08-12 13:30,1870.5,1837.5,1.8,1333700,1887.5,1852.0,1995.5,1055.0
2026-08-12 13:50:48,2026-08-12 13:35,1869.5,1837.5,1.74,1356600,1887.5,1852.0,1995.5,1055.0
2026-08-12 13:55:40,2026-08-12 13:40,1869.5,1837.5,1.74,1369100,1887.5,1852.0,1995.5,1055.0
2026-08-12 14:00:33,2026-08-12 13:45,1870.5,1837.5,1.8,1384800,1887.5,1852.0,1995.5,1055.0
2026-08-12 14:05:40,2026-08-12 13:50,1870.5,1837.5,1.8,1396000,1887.5,1852.0,1995.5,1055.0
2026-08-12 14:10:37,2026-08-12 13:55,1873.0,1837.5,1.93,1421200,1887.5,1852.0,1995.5,1055.0
2026-08-12 14:15:36,2026-08-12 14:00,1869.5,1837.5,1.74,1441600,1887.5,1852.0,1995.5,1055.0
2026-08-12 14:20:37,2026-08-12 14:05,1871.5,1837.5,1.85,1467500,1887.5,1852.0,1995.5,1055.0
2026-08-12 14:25:39,2026-08-12 14:10,1871.5,1837.5,1.85,1480900,1887.5,1852.0,1995.5,1055.0
2026-08-12 14:30:41,2026-08-12 14:15,1874.5,1837.5,2.01,1507500,1887.5,1852.0,1995.5,1055.0
2026-08-12 14:35:45,2026-08-12 14:20,1874.5,1837.5,2.01,1516500,1887.5,1852.0,1995.5,1055.0
2026-08-12 14:40:37,2026-08-12 14:25,1875.5,1837.5,2.07,1543200,1887.5,1852.0,1995.5,1055.0
2026-08-12 14:45:46,2026-08-12 14:30,1876.5,1837.5,2.12,1565000,1887.5,1852.0,1995.5,1055.0
2026-08-12 14:50:39,2026-08-12 14:35,1877.0,1837.5,2.15,1593700,1887.5,1852.0,1995.5,1055.0
2026-08-12 14:55:33,2026-08-12 14:40,1876.0,1837.5,2.1,1616900,1887.5,1852.0,1995.5,1055.0
2026-08-12 15:00:38,2026-08-12 14:45,1876.5,1837.5,2.12,1661300,1887.5,1852.0,1995.5,1055.0
2026-08-12 15:05:43,2026-08-12 14:50,1877.0,1837.5,2.15,1684400,1887.5,1852.0,1995.5,1055.0
2026-08-12 15:10:36,2026-08-12 14:55,1878.0,1837.5,2.2,1710600,1887.5,1852.0,1995.5,1055.0
2026-08-12 15:15:52,2026-08-12 15:00,1876.0,1837.5,2.1,1738400,1887.5,1852.0,1995.5,1055.0
2026-08-12 15:20:36,2026-08-12 15:05,1877.0,1837.5,2.15,1769900,1887.5,1852.0,1995.5,1055.0
2026-08-12 15:25:30,2026-08-12 15:10,1873.5,1837.5,1.96,1814500,1887.5,1852.0,1995.5,1055.0
2026-08-12 15:30:32,2026-08-12 15:15,1869.5,1837.5,1.74,1851000,1887.5,1852.0,1995.5,1055.0
2026-08-12 15:40:41,2026-08-12 15:24,1870.0,1837.5,1.77,1985100,1887.5,1852.0,1995.5,1055.0
2026-08-13 09:05:41,2026-08-12 15:30,1874.5,1837.5,2.01,2861300,1887.5,1852.0,1995.5,1055.0
2026-08-13 09:10:32,2026-08-12 15:30,1874.5,1837.5,2.01,2861300,1887.5,1852.0,1995.5,1055.0
2026-08-13 09:15:45,2026-08-13 09:00,1874.5,1837.5,2.01,3037300,1911.5,1896.0,1995.5,1055.0
2026-08-13 09:20:30,2026-08-13 09:05,1908.5,1874.5,1.81,257000,1913.0,1893.0,1995.5,1055.0
2026-08-13 09:25:43,2026-08-13 09:10,1906.0,1874.5,1.68,321300,1913.0,1893.0,1995.5,1055.0
2026-08-13 09:30:32,2026-08-13 09:15,1905.5,1874.5,1.65,373400,1914.5,1893.0,1995.5,1055.0
2026-08-13 09:35:33,2026-08-13 09:20,1910.0,1874.5,1.89,409500,1914.5,1893.0,1995.5,1055.0
2026-08-13 09:40:37,2026-08-13 09:25,1902.5,1874.5,1.49,451800,1914.5,1893.0,1995.5,1055.0
2026-08-13 09:45:48,2026-08-13 09:30,1902.5,1874.5,1.49,486100,1914.5,1893.0,1995.5,1055.0
2026-08-13 09:50:39,2026-08-13 09:35,1900.5,1874.5,1.39,511400,1914.5,1893.0,1995.5,1055.0
2026-08-13 09:55:49,2026-08-13 09:40,1900.5,1874.5,1.39,564800,1914.5,1893.0,1995.5,1055.0
2026-08-13 10:00:31,2026-08-13 09:45,1904.0,1874.5,1.57,593900,1914.5,1893.0,1995.5,1055.0
2026-08-13 10:05:41,2026-08-13 09:50,1900.0,1874.5,1.36,618200,1914.5,1893.0,1995.5,1055.0
2026-08-13 10:10:45,2026-08-13 09:55,1893.0,1874.5,0.99,658600,1914.5,1891.0,1995.5,1055.0
2026-08-13 10:15:30,2026-08-13 10:00,1898.5,1874.5,1.28,682600,1914.5,1890.5,1995.5,1055.0
2026-08-13 10:20:46,2026-08-13 10:05,1896.5,1874.5,1.17,703300,1914.5,1890.5,1995.5,1055.0
2026-08-13 10:25:33,2026-08-13 10:10,1896.5,1874.5,1.17,721800,1914.5,1890.5,1995.5,1055.0
2026-08-13 10:30:31,2026-08-13 10:15,1892.0,1874.5,0.93,745600,1914.5,1890.5,1995.5,1055.0
2026-08-13 10:35:36,2026-08-13 10:20,1892.0,1874.5,0.93,774100,1914.5,1890.5,1995.5,1055.0
2026-08-13 10:40:32,2026-08-13 10:25,1892.5,1874.5,0.96,790700,1914.5,1890.5,1995.5,1055.0
2026-08-13 10:45:32,2026-08-13 10:30,1890.0,1874.5,0.83,813000,1914.5,1889.0,1995.5,1055.0
2026-08-13 10:50:31,2026-08-13 10:35,1885.0,1874.5,0.56,854000,1914.5,1883.5,1995.5,1055.0
2026-08-13 10:55:42,2026-08-13 10:40,1885.0,1874.5,0.56,871600,1914.5,1883.5,1995.5,1055.0
2026-08-13 11:00:35,2026-08-13 10:45,1882.5,1874.5,0.43,890600,1914.5,1882.0,1995.5,1055.0
2026-08-13 11:05:35,2026-08-13 10:50,1882.0,1874.5,0.4,918300,1914.5,1880.5,1995.5,1055.0
2026-08-13 11:10:34,2026-08-13 10:55,1886.5,1874.5,0.64,938200,1914.5,1880.5,1995.5,1055.0
2026-08-13 11:15:46,2026-08-13 11:00,1883.0,1874.5,0.45,955500,1914.5,1880.5,1995.5,1055.0
2026-08-13 11:20:34,2026-08-13 11:05,1886.0,1874.5,0.61,968300,1914.5,1880.5,1995.5,1055.0
2026-08-13 11:25:32,2026-08-13 11:10,1883.5,1874.5,0.48,991900,1914.5,1880.5,1995.5,1055.0
2026-08-13 11:30:35,2026-08-13 11:15,1887.5,1874.5,0.69,1021700,1914.5,1880.5,1995.5,1055.0
2026-08-13 12:30:37,2026-08-13 11:30,1887.5,1874.5,0.69,1082700,1914.5,1880.5,1995.5,1055.0
2026-08-13 12:35:37,2026-08-13 11:30,1887.5,1874.5,0.69,1082700,1914.5,1880.5,1995.5,1055.0
2026-08-13 12:40:36,2026-08-13 11:30,1887.5,1874.5,0.69,1082700,1914.5,1880.5,1995.5,1055.0
2026-08-13 12:45:47,2026-08-13 12:30,1896.0,1874.5,1.15,1117800,1914.5,1880.5,1995.5,1055.0
2026-08-13 12:50:31,2026-08-13 12:35,1896.5,1874.5,1.17,1162600,1914.5,1880.5,1995.5,1055.0
2026-08-13 12:55:39,2026-08-13 12:40,1897.5,1874.5,1.23,1191900,1914.5,1880.5,1995.5,1055.0
2026-08-13 13:00:41,2026-08-13 12:45,1899.0,1874.5,1.31,1224500,1914.5,1880.5,1995.5,1055.0
2026-08-13 13:05:35,2026-08-13 12:50,1900.5,1874.5,1.39,1241900,1914.5,1880.5,1995.5,1055.0
2026-08-13 13:10:45,2026-08-13 12:55,1899.5,1874.5,1.33,1254300,1914.5,1880.5,1995.5,1055.0
2026-08-13 13:15:38,2026-08-13 13:00,1897.5,1874.5,1.23,1273600,1914.5,1880.5,1995.5,1055.0
2026-08-13 13:20:39,2026-08-13 13:05,1898.5,1874.5,1.28,1299400,1914.5,1880.5,1995.5,1055.0
2026-08-13 13:26:02,2026-08-13 13:10,1902.0,1874.5,1.47,1331400,1914.5,1880.5,1995.5,1055.0
2026-08-13 13:30:35,2026-08-13 13:15,1903.5,1874.5,1.55,1358000,1914.5,1880.5,1995.5,1055.0
2026-08-13 13:35:33,2026-08-13 13:20,1905.5,1874.5,1.65,1385300,1914.5,1880.5,1995.5,1055.0
2026-08-13 13:40:40,2026-08-13 13:25,1905.0,1874.5,1.63,1411700,1914.5,1880.5,1995.5,1055.0
2026-08-13 13:45:39,2026-08-13 13:30,1904.0,1874.5,1.57,1430300,1914.5,1880.5,1995.5,1055.0
2026-08-13 13:51:04,2026-08-13 13:35,1901.0,1874.5,1.41,1443800,1914.5,1880.5,1995.5,1055.0
2026-08-13 13:55:36,2026-08-13 13:40,1900.5,1874.5,1.39,1459400,1914.5,1880.5,1995.5,1055.0
2026-08-13 14:00:38,2026-08-13 13:45,1901.0,1874.5,1.41,1521700,1914.5,1880.5,1995.5,1055.0
2026-08-13 14:05:48,2026-08-13 13:50,1908.0,1874.5,1.79,1597800,1914.5,1880.5,1995.5,1055.0
2026-08-13 14:10:36,2026-08-13 13:55,1910.5,1874.5,1.92,1625200,1914.5,1880.5,1995.5,1055.0
2026-08-13 14:15:43,2026-08-13 14:00,1909.0,1874.5,1.84,1662300,1914.5,1880.5,1995.5,1055.0
2026-08-13 14:20:43,2026-08-13 14:05,1909.0,1874.5,1.84,1680700,1914.5,1880.5,1995.5,1055.0
2026-08-13 14:25:34,2026-08-13 14:08,1909.5,1874.5,1.87,1690200,1914.5,1880.5,1995.5,1055.0
2026-08-13 14:30:37,2026-08-13 14:15,1914.5,1874.5,2.13,1755800,1915.0,1880.5,1995.5,1055.0
2026-08-13 14:35:34,2026-08-13 14:20,1914.0,1874.5,2.11,1775400,1915.0,1880.5,1995.5,1055.0
2026-08-13 14:40:41,2026-08-13 14:25,1912.0,1874.5,2.0,1806300,1915.0,1880.5,1995.5,1055.0
2026-08-13 14:45:40,2026-08-13 14:30,1913.5,1874.5,2.08,1826800,1915.0,1880.5,1995.5,1055.0
2026-08-13 14:50:37,2026-08-13 14:35,1914.0,1874.5,2.11,1863900,1917.0,1880.5,1995.5,1055.0
2026-08-13 14:55:58,2026-08-13 14:40,1913.0,1874.5,2.05,1927500,1917.0,1880.5,1995.5,1055.0
2026-08-13 15:01:01,2026-08-13 14:45,1912.5,1874.5,2.03,1951500,1917.0,1880.5,1995.5,1055.0
2026-08-13 15:05:35,2026-08-13 14:50,1913.0,1874.5,2.05,1975700,1917.0,1880.5,1995.5,1055.0
2026-08-13 15:10:34,2026-08-13 14:55,1913.5,1874.5,2.08,2014900,1917.0,1880.5,1995.5,1055.0
2026-08-13 15:16:00,2026-08-13 15:00,1915.5,1874.5,2.19,2046600,1917.0,1880.5,1995.5,1055.0
2026-08-13 15:20:37,2026-08-13 15:05,1915.5,1874.5,2.19,2090300,1917.0,1880.5,1995.5,1055.0
2026-08-13 15:25:51,2026-08-13 15:10,1917.0,1874.5,2.27,2130100,1918.0,1880.5,1995.5,1055.0
2026-08-13 15:30:35,2026-08-13 15:15,1917.5,1874.5,2.29,2170800,1918.0,1880.5,1995.5,1055.0
2026-08-13 15:40:37,2026-08-13 15:24,1924.0,1874.5,2.64,2317100,1924.0,1880.5,1995.5,1055.0
2026-08-14 09:05:35,2026-08-13 15:30,1927.0,1874.5,2.8,3277400,1927.0,1880.5,1995.5,1055.0
2026-08-14 09:11:28,2026-08-13 15:30,1927.0,1874.5,2.8,3277400,1927.0,1880.5,1995.5,1055.0
2026-08-14 09:15:41,2026-08-14 09:00,1927.0,1874.5,2.8,3706700,1929.0,1920.5,1995.5,1055.0
2026-08-14 09:20:30,2026-08-14 09:05,1936.5,1927.0,0.49,581900,1939.0,1920.5,1995.5,1055.0
2026-08-14 09:25:31,2026-08-14 09:10,1936.0,1927.0,0.47,644300,1939.0,1920.5,1995.5,1055.0
2026-08-14 09:30:50,2026-08-14 09:15,1928.5,1927.0,0.08,766500,1940.5,1920.5,1995.5,1055.0
2026-08-14 09:35:31,2026-08-14 09:20,1940.5,1927.0,0.7,815900,1941.5,1920.5,1995.5,1055.0
2026-08-14 09:40:37,2026-08-14 09:25,1941.0,1927.0,0.73,861100,1943.0,1920.5,1995.5,1055.0
2026-08-14 09:45:39,2026-08-14 09:30,1938.0,1927.0,0.57,894300,1943.0,1920.5,1995.5,1055.0
2026-08-14 09:50:34,2026-08-14 09:35,1931.0,1927.0,0.21,933400,1943.0,1920.5,1995.5,1055.0
2026-08-14 09:55:30,2026-08-14 09:40,1929.0,1927.0,0.1,995900,1943.0,1920.5,1995.5,1055.0
2026-08-14 10:00:31,2026-08-14 09:45,1925.5,1927.0,-0.08,1044100,1943.0,1920.5,1995.5,1055.0
2026-08-14 10:05:46,2026-08-14 09:50,1927.5,1927.0,0.03,1074100,1943.0,1920.5,1995.5,1055.0
2026-08-14 10:10:49,2026-08-14 09:55,1933.5,1927.0,0.34,1120700,1943.0,1920.5,1995.5,1055.0
2026-08-14 10:15:48,2026-08-14 10:00,1937.0,1927.0,0.52,1156000,1943.0,1920.5,1995.5,1055.0
2026-08-14 10:20:32,2026-08-14 10:05,1939.5,1927.0,0.65,1214400,1943.0,1920.5,1995.5,1055.0
2026-08-14 10:25:35,2026-08-14 10:10,1946.0,1927.0,0.99,1279800,1946.0,1920.5,1995.5,1055.0
2026-08-14 10:30:35,2026-08-14 10:15,1948.0,1927.0,1.09,1341400,1948.5,1920.5,1995.5,1055.0
2026-08-14 10:35:39,2026-08-14 10:18,1951.5,1927.0,1.27,1385100,1952.5,1920.5,1995.5,1055.0
2026-08-14 10:40:35,2026-08-14 10:25,1949.0,1927.0,1.14,1453600,1955.0,1920.5,1995.5,1055.0
2026-08-14 10:45:41,2026-08-14 10:30,1949.0,1927.0,1.14,1496800,1955.0,1920.5,1995.5,1055.0
2026-08-14 10:50:39,2026-08-14 10:35,1947.0,1927.0,1.04,1538500,1955.0,1920.5,1995.5,1055.0
2026-08-14 10:55:42,2026-08-14 10:40,1944.0,1927.0,0.88,1565800,1955.0,1920.5,1995.5,1055.0
2026-08-14 11:00:35,2026-08-14 10:45,1944.5,1927.0,0.91,1587000,1955.0,1920.5,1995.5,1055.0
2026-08-14 11:05:43,2026-08-14 10:50,1940.5,1927.0,0.7,1606600,1955.0,1920.5,1995.5,1055.0
2026-08-14 11:10:30,2026-08-14 10:55,1940.0,1927.0,0.67,1630500,1955.0,1920.5,1995.5,1055.0
2026-08-14 11:15:33,2026-08-14 11:00,1939.5,1927.0,0.65,1645100,1955.0,1920.5,1995.5,1055.0
2026-08-14 11:20:32,2026-08-14 11:05,1939.5,1927.0,0.65,1665100,1955.0,1920.5,1995.5,1055.0
2026-08-14 11:25:37,2026-08-14 11:10,1937.5,1927.0,0.54,1682600,1955.0,1920.5,1995.5,1055.0
2026-08-14 11:30:44,2026-08-14 11:15,1938.0,1927.0,0.57,1699700,1955.0,1920.5,1995.5,1055.0
2026-08-14 12:30:34,2026-08-14 11:30,1935.0,1927.0,0.42,1761600,1955.0,1920.5,1995.5,1055.0
2026-08-14 12:35:35,2026-08-14 11:30,1935.0,1927.0,0.42,1761600,1955.0,1920.5,1995.5,1055.0
2026-08-14 12:40:35,2026-08-14 11:30,1935.0,1927.0,0.42,1761600,1955.0,1920.5,1995.5,1055.0
2026-08-14 12:45:39,2026-08-14 11:30,1935.0,1927.0,0.42,1761600,1955.0,1920.5,1995.5,1055.0
2026-08-14 12:50:31,2026-08-14 12:35,1937.0,1927.0,0.52,1840300,1955.0,1920.5,1995.5,1055.0
2026-08-14 12:55:35,2026-08-14 12:40,1935.5,1927.0,0.44,1871700,1955.0,1920.5,1995.5,1055.0
2026-08-14 13:00:38,2026-08-14 12:45,1932.5,1927.0,0.29,1910900,1955.0,1920.5,1995.5,1055.0
2026-08-14 13:05:37,2026-08-14 12:50,1930.5,1927.0,0.18,1935500,1955.0,1920.5,1995.5,1055.0
2026-08-14 13:10:32,2026-08-14 12:55,1928.5,1927.0,0.08,1960600,1955.0,1920.5,1995.5,1055.0
2026-08-14 13:15:37,2026-08-14 13:00,1925.0,1927.0,-0.1,1989200,1955.0,1920.5,1995.5,1055.0
2026-08-14 13:20:35,2026-08-14 13:05,1925.5,1927.0,-0.08,2033500,1955.0,1920.5,1995.5,1055.0
2026-08-14 13:25:35,2026-08-14 13:10,1924.0,1927.0,-0.16,2068700,1955.0,1920.5,1995.5,1055.0
2026-08-14 13:30:32,2026-08-14 13:15,1921.5,1927.0,-0.29,2102300,1955.0,1920.0,1995.5,1055.0
2026-08-14 13:35:37,2026-08-14 13:20,1921.0,1927.0,-0.31,2134800,1955.0,1919.5,1995.5,1055.0
2026-08-14 13:40:41,2026-08-14 13:25,1919.5,1927.0,-0.39,2166500,1955.0,1918.5,1995.5,1055.0
2026-08-14 13:45:41,2026-08-14 13:30,1923.5,1927.0,-0.18,2210900,1955.0,1918.5,1995.5,1055.0
2026-08-14 13:50:39,2026-08-14 13:35,1921.0,1927.0,-0.31,2231000,1955.0,1918.5,1995.5,1055.0
2026-08-14 13:55:39,2026-08-14 13:40,1919.5,1927.0,-0.39,2252100,1955.0,1918.5,1995.5,1055.0
2026-08-14 14:00:39,2026-08-14 13:45,1918.5,1927.0,-0.44,2269100,1955.0,1917.0,1995.5,1055.0
2026-08-14 14:05:43,2026-08-14 13:50,1916.5,1927.0,-0.54,2289200,1955.0,1916.0,1995.5,1055.0
2026-08-14 14:10:34,2026-08-14 13:55,1918.0,1927.0,-0.47,2309600,1955.0,1916.0,1995.5,1055.0
2026-08-14 14:15:49,2026-08-14 14:00,1920.0,1927.0,-0.36,2340700,1955.0,1916.0,1995.5,1055.0
2026-08-14 14:20:39,2026-08-14 14:05,1919.0,1927.0,-0.42,2359200,1955.0,1916.0,1995.5,1055.0
2026-08-14 14:25:58,2026-08-14 14:10,1919.0,1927.0,-0.42,2391500,1955.0,1916.0,1995.5,1055.0
2026-08-14 14:30:36,2026-08-14 14:15,1919.5,1927.0,-0.39,2419400,1955.0,1916.0,1995.5,1055.0
2026-08-14 14:35:33,2026-08-14 14:20,1921.5,1927.0,-0.29,2462700,1955.0,1916.0,1995.5,1055.0
2026-08-14 14:40:40,2026-08-14 14:25,1922.5,1927.0,-0.23,2494000,1955.0,1916.0,1995.5,1055.0
2026-08-14 14:45:54,2026-08-14 14:30,1922.0,1927.0,-0.26,2511500,1955.0,1916.0,1995.5,1055.0
2026-08-14 14:50:40,2026-08-14 14:35,1924.5,1927.0,-0.13,2536200,1955.0,1916.0,1995.5,1055.0
2026-08-14 14:55:46,2026-08-14 14:40,1925.5,1927.0,-0.08,2589100,1955.0,1916.0,1995.5,1055.0
2026-08-14 15:00:39,2026-08-14 14:45,1924.0,1927.0,-0.16,2619900,1955.0,1916.0,1995.5,1055.0
2026-08-14 15:05:45,2026-08-14 14:50,1927.5,1927.0,0.03,2660000,1955.0,1916.0,1995.5,1055.0
2026-08-14 15:10:39,2026-08-14 14:55,1927.0,1927.0,0.0,2719300,1955.0,1916.0,1995.5,1055.0
2026-08-14 15:15:36,2026-08-14 15:00,1929.5,1927.0,0.13,2762200,1955.0,1916.0,1995.5,1055.0
2026-08-14 15:20:51,2026-08-14 15:05,1928.5,1927.0,0.08,2808300,1955.0,1916.0,1995.5,1055.0
2026-08-14 15:25:31,2026-08-14 15:10,1930.0,1927.0,0.16,2839400,1955.0,1916.0,1995.5,1055.0
2026-08-14 15:30:38,2026-08-14 15:15,1930.0,1927.0,0.16,2873100,1955.0,1916.0,1995.5,1055.0
2026-08-14 15:40:33,2026-08-14 15:24,1934.0,1927.0,0.36,2966200,1955.0,1916.0,1995.5,1055.0
2026-08-17 09:05:35,2026-08-14 15:30,1934.5,1927.0,0.39,4067200,1955.0,1916.0,1995.5,1055.0
2026-08-17 09:10:34,2026-08-14 15:30,1934.5,1927.0,0.39,4067200,1955.0,1916.0,1995.5,1055.0
2026-08-17 09:15:31,2026-08-17 09:00,1936.0,1927.0,0.47,4227300,1941.0,1926.0,1995.5,1055.0
2026-08-17 09:20:35,2026-08-17 09:05,1929.0,1934.5,-0.28,278000,1945.0,1926.0,1995.5,1055.0
2026-08-17 09:25:40,2026-08-17 09:10,1931.0,1934.5,-0.18,336200,1945.0,1924.5,1995.5,1055.0
2026-08-17 09:30:55,2026-08-17 09:15,1926.0,1934.5,-0.44,394700,1945.0,1923.5,1995.5,1055.0
2026-08-17 09:35:40,2026-08-17 09:20,1920.5,1934.5,-0.72,432100,1945.0,1920.5,1995.5,1055.0
2026-08-17 09:40:39,2026-08-17 09:25,1914.5,1934.5,-1.03,502700,1945.0,1914.0,1995.5,1055.0
2026-08-17 09:45:35,2026-08-17 09:30,1913.5,1934.5,-1.09,578700,1945.0,1909.0,1995.5,1055.0
2026-08-17 09:50:31,2026-08-17 09:35,1911.5,1934.5,-1.19,609900,1945.0,1909.0,1995.5,1055.0
2026-08-17 09:55:30,2026-08-17 09:40,1909.5,1934.5,-1.29,657000,1945.0,1908.5,1995.5,1055.0
2026-08-17 10:00:46,2026-08-17 09:45,1912.0,1934.5,-1.16,687200,1945.0,1908.5,1995.5,1055.0
2026-08-17 10:05:43,2026-08-17 09:50,1915.0,1934.5,-1.01,711800,1945.0,1908.5,1995.5,1055.0
2026-08-17 10:10:41,2026-08-17 09:55,1917.5,1934.5,-0.88,733000,1945.0,1908.5,1995.5,1055.0
2026-08-17 10:15:31,2026-08-17 10:00,1914.0,1934.5,-1.06,747800,1945.0,1908.5,1995.5,1055.0
2026-08-17 10:20:39,2026-08-17 10:05,1917.5,1934.5,-0.88,769600,1945.0,1908.5,1995.5,1055.0
2026-08-17 10:25:35,2026-08-17 10:10,1915.0,1934.5,-1.01,801300,1945.0,1908.5,1995.5,1055.0
2026-08-17 10:30:32,2026-08-17 10:15,1916.5,1934.5,-0.93,823100,1945.0,1908.5,1995.5,1055.0
2026-08-17 10:35:32,2026-08-17 10:20,1917.5,1934.5,-0.88,846100,1945.0,1908.5,1995.5,1055.0
2026-08-17 10:40:36,2026-08-17 10:25,1917.0,1934.5,-0.9,864200,1945.0,1908.5,1995.5,1055.0
2026-08-17 10:45:35,2026-08-17 10:30,1919.0,1934.5,-0.8,887100,1945.0,1908.5,1995.5,1055.0
2026-08-17 10:50:39,2026-08-17 10:35,1917.5,1934.5,-0.88,909800,1945.0,1908.5,1995.5,1055.0
2026-08-17 10:55:44,2026-08-17 10:40,1919.0,1934.5,-0.8,929600,1945.0,1908.5,1995.5,1055.0
2026-08-17 11:00:32,2026-08-17 10:45,1915.5,1934.5,-0.98,951700,1945.0,1908.5,1995.5,1055.0
2026-08-17 11:05:43,2026-08-17 10:50,1915.0,1934.5,-1.01,974100,1945.0,1908.5,1995.5,1055.0
2026-08-17 11:10:35,2026-08-17 10:55,1913.0,1934.5,-1.11,997000,1945.0,1908.5,1995.5,1055.0
2026-08-17 11:15:37,2026-08-17 11:00,1915.0,1934.5,-1.01,1029300,1945.0,1908.5,1995.5,1055.0
2026-08-17 11:20:38,2026-08-17 11:05,1915.0,1934.5,-1.01,1054500,1945.0,1908.5,1995.5,1055.0
2026-08-17 11:25:42,2026-08-17 11:10,1915.5,1934.5,-0.98,1076600,1945.0,1908.5,1995.5,1055.0
2026-08-17 11:30:37,2026-08-17 11:15,1912.0,1934.5,-1.16,1100000,1945.0,1908.5,1995.5,1055.0
2026-08-17 12:30:34,2026-08-17 11:30,1912.5,1934.5,-1.14,1156800,1945.0,1908.5,1995.5,1055.0
2026-08-17 12:35:34,2026-08-17 11:30,1912.5,1934.5,-1.14,1156800,1945.0,1908.5,1995.5,1055.0
2026-08-17 12:40:37,2026-08-17 11:30,1912.5,1934.5,-1.14,1156800,1945.0,1908.5,1995.5,1055.0
2026-08-17 12:45:33,2026-08-17 11:30,1912.5,1934.5,-1.14,1156800,1945.0,1908.5,1995.5,1055.0
2026-08-17 12:50:43,2026-08-17 12:35,1912.0,1934.5,-1.16,1258900,1945.0,1908.5,1995.5,1055.0
2026-08-17 12:55:32,2026-08-17 12:40,1909.5,1934.5,-1.29,1290100,1945.0,1908.5,1995.5,1055.0
2026-08-17 13:00:44,2026-08-17 12:45,1911.0,1934.5,-1.21,1311500,1945.0,1908.5,1995.5,1055.0
2026-08-17 13:05:40,2026-08-17 12:50,1909.5,1934.5,-1.29,1342500,1945.0,1908.5,1995.5,1055.0
2026-08-17 13:10:37,2026-08-17 12:55,1909.5,1934.5,-1.29,1362800,1945.0,1908.5,1995.5,1055.0
2026-08-17 13:15:43,2026-08-17 13:00,1909.0,1934.5,-1.32,1385300,1945.0,1908.5,1995.5,1055.0
2026-08-17 13:20:43,2026-08-17 13:05,1907.5,1934.5,-1.4,1408200,1945.0,1907.5,1995.5,1055.0
2026-08-17 13:25:42,2026-08-17 13:10,1908.0,1934.5,-1.37,1445000,1945.0,1906.0,1995.5,1055.0
2026-08-17 13:30:35,2026-08-17 13:15,1908.5,1934.5,-1.34,1465200,1945.0,1906.0,1995.5,1055.0
2026-08-17 13:35:34,2026-08-17 13:20,1912.5,1934.5,-1.14,1496500,1945.0,1906.0,1995.5,1055.0
2026-08-17 13:40:36,2026-08-17 13:25,1914.5,1934.5,-1.03,1513300,1945.0,1906.0,1995.5,1055.0
2026-08-17 13:45:34,2026-08-17 13:30,1916.0,1934.5,-0.96,1535600,1945.0,1906.0,1995.5,1055.0
2026-08-17 13:50:37,2026-08-17 13:35,1917.5,1934.5,-0.88,1557300,1945.0,1906.0,1995.5,1055.0
2026-08-17 13:55:30,2026-08-17 13:40,1918.5,1934.5,-0.83,1581100,1945.0,1906.0,1995.5,1055.0
2026-08-17 14:00:46,2026-08-17 13:45,1912.0,1934.5,-1.16,1617400,1945.0,1906.0,1995.5,1055.0
2026-08-17 14:05:42,2026-08-17 13:50,1912.0,1934.5,-1.16,1633400,1945.0,1906.0,1995.5,1055.0
2026-08-17 14:10:36,2026-08-17 13:55,1910.5,1934.5,-1.24,1644800,1945.0,1906.0,1995.5,1055.0
2026-08-17 14:15:38,2026-08-17 14:00,1909.0,1934.5,-1.32,1692800,1945.0,1906.0,1995.5,1055.0
2026-08-17 14:20:39,2026-08-17 14:05,1909.0,1934.5,-1.32,1716300,1945.0,1906.0,1995.5,1055.0
2026-08-17 14:25:46,2026-08-17 14:10,1910.0,1934.5,-1.27,1734400,1945.0,1906.0,1995.5,1055.0
2026-08-17 14:30:37,2026-08-17 14:15,1910.5,1934.5,-1.24,1762700,1945.0,1906.0,1995.5,1055.0
2026-08-17 14:35:31,2026-08-17 14:20,1910.0,1934.5,-1.27,1782700,1945.0,1906.0,1995.5,1055.0
2026-08-17 14:40:34,2026-08-17 14:25,1909.5,1934.5,-1.29,1802000,1945.0,1906.0,1995.5,1055.0
2026-08-17 14:45:33,2026-08-17 14:30,1908.5,1934.5,-1.34,1833000,1945.0,1906.0,1995.5,1055.0
2026-08-17 14:50:33,2026-08-17 14:35,1909.0,1934.5,-1.32,1850000,1945.0,1906.0,1995.5,1055.0
2026-08-17 14:55:33,2026-08-17 14:40,1910.5,1934.5,-1.24,1908000,1945.0,1906.0,1995.5,1055.0
2026-08-17 15:00:35,2026-08-17 14:45,1910.5,1934.5,-1.24,1934100,1945.0,1906.0,1995.5,1055.0
2026-08-17 15:05:33,2026-08-17 14:50,1914.5,1934.5,-1.03,1981700,1945.0,1906.0,1995.5,1055.0
2026-08-17 15:10:33,2026-08-17 14:55,1917.0,1934.5,-0.9,2015700,1945.0,1906.0,1995.5,1055.0
2026-08-17 15:15:34,2026-08-17 15:00,1916.5,1934.5,-0.93,2064200,1945.0,1906.0,1995.5,1055.0
2026-08-17 15:20:33,2026-08-17 15:05,1915.0,1934.5,-1.01,2098700,1945.0,1906.0,1995.5,1055.0
2026-08-17 15:25:41,2026-08-17 15:10,1913.0,1934.5,-1.11,2133800,1945.0,1906.0,1995.5,1055.0
2026-08-17 15:30:34,2026-08-17 15:15,1910.0,1934.5,-1.27,2189000,1945.0,1906.0,1995.5,1055.0
2026-08-17 15:40:43,2026-08-17 15:24,1910.5,1934.5,-1.24,2301700,1945.0,1906.0,1995.5,1055.0
2026-08-18 09:05:38,2026-08-17 15:30,1911.0,1934.5,-1.21,3217800,1945.0,1906.0,1995.5,1055.0
2026-08-18 09:11:31,2026-08-17 15:30,1911.0,1934.5,-1.21,3217800,1945.0,1906.0,1995.5,1055.0
2026-08-18 09:15:36,2026-08-18 09:00,1911.0,1934.5,-1.21,3340100,1941.5,1929.0,1995.5,1055.0
2026-08-18 09:20:36,2026-08-18 09:05,1938.5,1911.0,1.44,255100,1941.5,1928.0,1995.5,1055.0
2026-08-18 09:25:45,2026-08-18 09:10,1935.5,1911.0,1.28,399700,1946.5,1928.0,1995.5,1055.0
2026-08-18 09:46:04,2026-08-18 09:30,1955.0,1911.0,2.3,680000,1957.0,1928.0,1995.5,1055.0
2026-08-18 09:52:20,2026-08-18 09:37,1962.0,1911.0,2.67,802900,1963.0,1928.0,1995.5,1055.0
2026-08-18 09:55:34,2026-08-18 09:40,1961.5,1911.0,2.64,850500,1963.0,1928.0,1995.5,1055.0
2026-08-18 10:00:37,2026-08-18 09:45,1967.5,1911.0,2.96,910900,1968.5,1928.0,1995.5,1055.0
2026-08-18 10:05:37,2026-08-18 09:50,1962.0,1911.0,2.67,955000,1969.5,1928.0,1995.5,1055.0
2026-08-18 10:10:53,2026-08-18 09:55,1956.0,1911.0,2.35,1005900,1969.5,1928.0,1995.5,1055.0
2026-08-18 10:15:37,2026-08-18 10:00,1953.5,1911.0,2.22,1033100,1969.5,1928.0,1995.5,1055.0
2026-08-18 10:31:41,2026-08-18 10:16,1966.0,1911.0,2.88,1127800,1969.5,1928.0,1995.5,1055.0
2026-08-18 10:33:37,2026-08-18 10:18,1967.5,1911.0,2.96,1139400,1969.5,1928.0,1995.5,1055.0
2026-08-18 10:41:00,2026-08-18 10:25,1962.5,1911.0,2.69,1189000,1969.5,1928.0,1995.5,1055.0
2026-08-18 10:41:40,2026-08-18 10:26,1964.5,1911.0,2.8,1192000,1969.5,1928.0,1995.5,1055.0
2026-08-18 10:45:41,2026-08-18 10:30,1961.5,1911.0,2.64,1226300,1969.5,1928.0,1995.5,1055.0
2026-08-18 11:21:16,2026-08-18 11:06,1968.0,1911.0,2.98,1494300,1969.5,1928.0,1995.5,1055.0
2026-08-18 11:25:37,2026-08-18 11:10,1967.5,1911.0,2.96,1522000,1970.0,1928.0,1995.5,1055.0
2026-08-18 12:42:00,2026-08-18 11:30,1957.0,1911.0,2.41,1613300,1970.0,1928.0,1995.5,1055.0
2026-08-18 12:47:11,2026-08-18 12:32,1943.0,1911.0,1.67,1681800,1970.0,1928.0,1995.5,1055.0
2026-08-18 12:50:43,2026-08-18 12:35,1943.0,1911.0,1.67,1719300,1970.0,1928.0,1995.5,1055.0
2026-08-18 12:55:53,2026-08-18 12:40,1939.5,1911.0,1.49,1746100,1970.0,1928.0,1995.5,1055.0
2026-08-18 13:02:56,2026-08-18 12:47,1941.0,1911.0,1.57,1778000,1970.0,1928.0,1995.5,1055.0
2026-08-18 13:05:41,2026-08-18 12:50,1941.0,1911.0,1.57,1787800,1970.0,1928.0,1995.5,1055.0
2026-08-18 13:10:58,2026-08-18 12:55,1941.5,1911.0,1.6,1803000,1970.0,1928.0,1995.5,1055.0
2026-08-18 13:16:27,2026-08-18 13:01,1943.5,1911.0,1.7,1831100,1970.0,1928.0,1995.5,1055.0
2026-08-18 13:22:09,2026-08-18 13:07,1943.0,1911.0,1.67,1854500,1970.0,1928.0,1995.5,1055.0
2026-08-18 13:25:55,2026-08-18 13:10,1943.0,1911.0,1.67,1867800,1970.0,1928.0,1995.5,1055.0
2026-08-18 13:30:43,2026-08-18 13:15,1944.0,1911.0,1.73,1892100,1970.0,1928.0,1995.5,1055.0
2026-08-18 13:35:32,2026-08-18 13:20,1942.5,1911.0,1.65,1910100,1970.0,1928.0,1995.5,1055.0
2026-08-18 13:40:37,2026-08-18 13:25,1941.0,1911.0,1.57,1930800,1970.0,1928.0,1995.5,1055.0
2026-08-18 13:45:37,2026-08-18 13:30,1945.0,1911.0,1.78,1951400,1970.0,1928.0,1995.5,1055.0
2026-08-18 13:50:35,2026-08-18 13:35,1945.0,1911.0,1.78,1970800,1970.0,1928.0,1995.5,1055.0
2026-08-18 13:55:37,2026-08-18 13:40,1944.0,1911.0,1.73,1988700,1970.0,1928.0,1995.5,1055.0
2026-08-18 14:00:40,2026-08-18 13:45,1945.0,1911.0,1.78,2005200,1970.0,1928.0,1995.5,1055.0
2026-08-18 14:05:37,2026-08-18 13:50,1947.0,1911.0,1.88,2023100,1970.0,1928.0,1995.5,1055.0
2026-08-18 14:10:42,2026-08-18 13:55,1947.0,1911.0,1.88,2042200,1970.0,1928.0,1995.5,1055.0
2026-08-18 14:15:37,2026-08-18 14:00,1947.5,1911.0,1.91,2060100,1970.0,1928.0,1995.5,1055.0
2026-08-18 14:20:35,2026-08-18 14:05,1946.0,1911.0,1.83,2080800,1970.0,1928.0,1995.5,1055.0
2026-08-18 14:26:06,2026-08-18 14:10,1948.0,1911.0,1.94,2092200,1970.0,1928.0,1995.5,1055.0
2026-08-18 14:30:40,2026-08-18 14:15,1949.5,1911.0,2.01,2114800,1970.0,1928.0,1995.5,1055.0
2026-08-18 14:35:29,2026-08-18 14:20,1950.0,1911.0,2.04,2152500,1970.0,1928.0,1995.5,1055.0
2026-08-18 14:42:14,2026-08-18 14:27,1948.5,1911.0,1.96,2169500,1970.0,1928.0,1995.5,1055.0
2026-08-18 14:45:38,2026-08-18 14:30,1946.5,1911.0,1.86,2182400,1970.0,1928.0,1995.5,1055.0
2026-08-18 14:51:08,2026-08-18 14:36,1946.5,1911.0,1.86,2217800,1970.0,1928.0,1995.5,1055.0
2026-08-18 14:55:38,2026-08-18 14:40,1944.5,1911.0,1.75,2245000,1970.0,1928.0,1995.5,1055.0
2026-08-18 15:00:39,2026-08-18 14:45,1943.5,1911.0,1.7,2299700,1970.0,1928.0,1995.5,1055.0
2026-08-18 15:08:15,2026-08-18 14:53,1944.5,1911.0,1.75,2341500,1970.0,1928.0,1995.5,1055.0
2026-08-18 15:10:41,2026-08-18 14:55,1944.0,1911.0,1.73,2385300,1970.0,1928.0,1995.5,1055.0
2026-08-18 15:15:40,2026-08-18 15:00,1941.0,1911.0,1.57,2423600,1970.0,1928.0,1995.5,1055.0
2026-08-18 15:20:34,2026-08-18 15:05,1936.5,1911.0,1.33,2456700,1970.0,1928.0,1995.5,1055.0
2026-08-18 15:25:54,2026-08-18 15:10,1938.0,1911.0,1.41,2503900,1970.0,1928.0,1995.5,1055.0
2026-08-18 15:30:37,2026-08-18 15:15,1941.5,1911.0,1.6,2545900,1970.0,1928.0,1995.5,1055.0
2026-08-18 15:40:40,2026-08-18 15:24,1944.0,1911.0,1.73,2707800,1970.0,1928.0,1995.5,1055.0
2026-08-19 09:05:36,2026-08-18 15:30,1935.5,1911.0,1.28,3608300,1970.0,1928.0,1995.5,1055.0
2026-08-19 09:10:42,2026-08-18 15:30,1935.5,1911.0,1.28,3608300,1970.0,1928.0,1995.5,1055.0
2026-08-19 09:15:36,2026-08-19 09:00,1935.5,1911.0,1.28,3913100,1911.5,1892.0,1995.5,1055.0
2026-08-19 09:20:32,2026-08-19 09:05,1881.0,1935.5,-2.82,473200,1911.5,1876.0,1995.5,1055.0
2026-08-19 09:26:04,2026-08-19 09:11,1877.0,1935.5,-3.02,630400,1911.5,1875.0,1995.5,1055.0
2026-08-19 09:30:39,2026-08-19 09:15,1874.0,1935.5,-3.18,760400,1911.5,1872.0,1995.5,1055.0
2026-08-19 09:35:39,2026-08-19 09:20,1871.0,1935.5,-3.33,865900,1911.5,1864.5,1995.5,1055.0
2026-08-19 09:40:31,2026-08-19 09:25,1871.0,1935.5,-3.33,925600,1911.5,1864.5,1995.5,1055.0
2026-08-19 09:45:35,2026-08-19 09:30,1876.0,1935.5,-3.07,993600,1911.5,1864.5,1995.5,1055.0
2026-08-19 09:50:45,2026-08-19 09:35,1884.5,1935.5,-2.63,1064600,1911.5,1864.5,1995.5,1055.0
2026-08-19 09:56:26,2026-08-19 09:41,1890.5,1935.5,-2.32,1135100,1911.5,1864.5,1995.5,1055.0
2026-08-19 10:00:44,2026-08-19 09:45,1893.5,1935.5,-2.17,1193600,1911.5,1864.5,1995.5,1055.0
2026-08-19 10:05:44,2026-08-19 09:50,1893.5,1935.5,-2.17,1244600,1911.5,1864.5,1995.5,1055.0
2026-08-19 10:11:02,2026-08-19 09:55,1895.0,1935.5,-2.09,1302800,1911.5,1864.5,1995.5,1055.0
2026-08-19 10:15:31,2026-08-19 10:00,1892.5,1935.5,-2.22,1349400,1911.5,1864.5,1995.5,1055.0
2026-08-19 10:20:35,2026-08-19 10:05,1894.5,1935.5,-2.12,1381900,1911.5,1864.5,1995.5,1055.0
2026-08-19 10:25:37,2026-08-19 10:10,1896.5,1935.5,-2.01,1437000,1911.5,1864.5,1995.5,1055.0
2026-08-19 10:30:44,2026-08-19 10:15,1889.5,1935.5,-2.38,1491800,1911.5,1864.5,1995.5,1055.0
2026-08-19 10:35:38,2026-08-19 10:20,1886.0,1935.5,-2.56,1533800,1911.5,1864.5,1995.5,1055.0
2026-08-19 10:40:43,2026-08-19 10:25,1883.0,1935.5,-2.71,1566100,1911.5,1864.5,1995.5,1055.0
2026-08-19 10:45:35,2026-08-19 10:30,1887.5,1935.5,-2.48,1597000,1911.5,1864.5,1995.5,1055.0
2026-08-19 10:50:41,2026-08-19 10:35,1884.0,1935.5,-2.66,1641100,1911.5,1864.5,1995.5,1055.0
2026-08-19 11:11:52,2026-08-19 10:56,1881.0,1935.5,-2.82,1771500,1911.5,1864.5,1995.5,1055.0
2026-08-19 11:16:03,2026-08-19 11:01,1878.5,1935.5,-2.94,1795100,1911.5,1864.5,1995.5,1055.0
2026-08-19 11:22:15,2026-08-19 11:07,1874.0,1935.5,-3.18,1830700,1911.5,1864.5,1995.5,1055.0
2026-08-19 12:45:54,2026-08-19 12:30,1867.0,1935.5,-3.54,2062200,1911.5,1863.0,1995.5,1055.0
2026-08-19 12:51:30,2026-08-19 12:36,1873.0,1935.5,-3.23,2125500,1911.5,1863.0,1995.5,1055.0
2026-08-19 12:55:30,2026-08-19 12:40,1875.0,1935.5,-3.13,2170400,1911.5,1863.0,1995.5,1055.0
2026-08-19 13:06:28,2026-08-19 12:51,1873.5,1935.5,-3.2,2235400,1911.5,1863.0,1995.5,1055.0
2026-08-19 13:07:05,2026-08-19 12:51,1873.5,1935.5,-3.2,2238800,1911.5,1863.0,1995.5,1055.0
2026-08-19 13:10:44,2026-08-19 12:55,1873.5,1935.5,-3.2,2258400,1911.5,1863.0,1995.5,1055.0
2026-08-19 13:15:35,2026-08-19 13:00,1872.5,1935.5,-3.25,2297100,1911.5,1863.0,1995.5,1055.0
2026-08-19 13:20:33,2026-08-19 13:05,1871.0,1935.5,-3.33,2326600,1911.5,1863.0,1995.5,1055.0
2026-08-19 13:25:34,2026-08-19 13:10,1866.5,1935.5,-3.56,2371100,1911.5,1863.0,1995.5,1055.0
2026-08-19 13:33:30,2026-08-19 13:18,1865.0,1935.5,-3.64,2420000,1911.5,1863.0,1995.5,1055.0
2026-08-19 13:38:58,2026-08-19 13:23,1865.5,1935.5,-3.62,2451600,1911.5,1863.0,1995.5,1055.0
2026-08-19 13:43:33,2026-08-19 13:28,1868.0,1935.5,-3.49,2483500,1911.5,1863.0,1995.5,1055.0
2026-08-19 13:57:06,2026-08-19 13:41,1859.5,1935.5,-3.93,2582800,1911.5,1859.0,1995.5,1055.0
2026-08-19 14:03:37,2026-08-19 13:48,1860.0,1935.5,-3.9,2626800,1911.5,1859.0,1995.5,1055.0
2026-08-19 14:20:56,2026-08-19 14:05,1864.0,1935.5,-3.69,2722300,1911.5,1857.5,1995.5,1055.0
2026-08-19 14:24:09,2026-08-19 14:08,1861.5,1935.5,-3.82,2733000,1911.5,1857.5,1995.5,1055.0
2026-08-19 14:27:56,2026-08-19 14:12,1858.5,1935.5,-3.98,2752700,1911.5,1857.5,1995.5,1055.0
2026-08-19 14:33:11,2026-08-19 14:18,1856.0,1935.5,-4.11,2789600,1911.5,1856.0,1995.5,1055.0
2026-08-19 14:35:37,2026-08-19 14:20,1857.0,1935.5,-4.06,2800100,1911.5,1855.0,1995.5,1055.0
2026-08-19 14:49:48,2026-08-19 14:34,1860.0,1935.5,-3.9,2911300,1911.5,1855.0,1995.5,1055.0
2026-08-19 14:50:31,2026-08-19 14:35,1859.0,1935.5,-3.95,2917200,1911.5,1855.0,1995.5,1055.0
2026-08-19 14:51:14,2026-08-19 14:36,1857.5,1935.5,-4.03,2923300,1911.5,1855.0,1995.5,1055.0
2026-08-19 14:55:41,2026-08-19 14:40,1856.5,1935.5,-4.08,2964600,1911.5,1855.0,1995.5,1055.0
2026-08-19 15:00:31,2026-08-19 14:45,1856.5,1935.5,-4.08,3007500,1911.5,1854.5,1995.5,1055.0
2026-08-19 15:05:43,2026-08-19 14:50,1856.0,1935.5,-4.11,3061000,1911.5,1852.5,1995.5,1055.0
2026-08-19 15:10:44,2026-08-19 14:55,1857.0,1935.5,-4.06,3093200,1911.5,1852.5,1995.5,1055.0
2026-08-19 15:16:13,2026-08-19 15:01,1858.5,1935.5,-3.98,3170000,1911.5,1852.5,1995.5,1055.0
2026-08-19 15:20:55,2026-08-19 15:05,1859.0,1935.5,-3.95,3208100,1911.5,1852.5,1995.5,1055.0
2026-08-19 15:41:42,2026-08-19 15:24,1862.0,1935.5,-3.8,3490000,1911.5,1852.5,1995.5,1055.0
2026-08-20 09:06:41,2026-08-19 15:30,1853.0,1935.5,-4.26,4639400,1911.5,1852.5,1995.5,1055.0
2026-08-20 09:10:48,2026-08-19 15:30,1853.0,1935.5,-4.26,4639400,1911.5,1852.5,1995.5,1055.0
2026-08-20 09:15:40,2026-08-20 09:00,1853.0,1935.5,-4.26,4843300,1850.0,1830.0,1995.5,1055.0
2026-08-20 09:21:42,2026-08-20 09:06,1838.5,1853.0,-0.78,398900,1850.0,1830.0,1995.5,1055.0
2026-08-20 09:25:34,2026-08-20 09:10,1832.5,1853.0,-1.11,471200,1850.0,1830.0,1995.5,1055.0
2026-08-20 09:30:37,2026-08-20 09:15,1836.5,1853.0,-0.89,541600,1850.0,1827.5,1995.5,1055.0
2026-08-20 09:35:46,2026-08-20 09:20,1835.0,1853.0,-0.97,606900,1850.0,1827.5,1995.5,1055.0
2026-08-20 09:40:32,2026-08-20 09:25,1837.0,1853.0,-0.86,651400,1850.0,1827.5,1995.5,1055.0
2026-08-20 09:45:40,2026-08-20 09:30,1841.0,1853.0,-0.65,711900,1850.0,1827.5,1995.5,1055.0
2026-08-20 09:50:36,2026-08-20 09:35,1844.5,1853.0,-0.46,782500,1850.0,1827.5,1995.5,1055.0
2026-08-20 09:56:43,2026-08-20 09:41,1857.0,1853.0,0.22,872100,1857.0,1827.5,1995.5,1055.0
2026-08-20 10:00:40,2026-08-20 09:45,1861.0,1853.0,0.43,911400,1861.5,1827.5,1995.5,1055.0
2026-08-20 10:05:42,2026-08-20 09:50,1859.0,1853.0,0.32,956700,1865.5,1827.5,1995.5,1055.0
2026-08-20 10:10:37,2026-08-20 09:55,1857.0,1853.0,0.22,1017200,1865.5,1827.5,1995.5,1055.0
2026-08-20 10:15:35,2026-08-20 10:00,1857.5,1853.0,0.24,1063000,1865.5,1827.5,1995.5,1055.0
2026-08-20 10:20:45,2026-08-20 10:05,1856.5,1853.0,0.19,1109100,1865.5,1827.5,1995.5,1055.0
2026-08-20 10:25:39,2026-08-20 10:10,1856.5,1853.0,0.19,1149300,1865.5,1827.5,1995.5,1055.0
2026-08-20 10:30:38,2026-08-20 10:15,1857.5,1853.0,0.24,1187300,1865.5,1827.5,1995.5,1055.0
2026-08-20 10:35:50,2026-08-20 10:20,1857.0,1853.0,0.22,1228500,1865.5,1827.5,1995.5,1055.0
2026-08-20 10:40:35,2026-08-20 10:25,1855.0,1853.0,0.11,1258000,1865.5,1827.5,1995.5,1055.0
2026-08-20 10:45:38,2026-08-20 10:30,1857.0,1853.0,0.22,1299000,1865.5,1827.5,1995.5,1055.0
2026-08-20 10:50:31,2026-08-20 10:35,1854.5,1853.0,0.08,1330700,1865.5,1827.5,1995.5,1055.0
2026-08-20 10:55:32,2026-08-20 10:40,1855.5,1853.0,0.13,1352200,1865.5,1827.5,1995.5,1055.0
2026-08-20 11:00:40,2026-08-20 10:45,1859.5,1853.0,0.35,1381000,1865.5,1827.5,1995.5,1055.0
2026-08-20 11:05:35,2026-08-20 10:50,1859.0,1853.0,0.32,1410700,1865.5,1827.5,1995.5,1055.0
2026-08-20 11:10:45,2026-08-20 10:55,1854.5,1853.0,0.08,1442200,1865.5,1827.5,1995.5,1055.0
2026-08-20 11:15:41,2026-08-20 11:00,1853.0,1853.0,0.0,1465800,1865.5,1827.5,1995.5,1055.0
2026-08-20 11:20:44,2026-08-20 11:05,1848.0,1853.0,-0.27,1500000,1865.5,1827.5,1995.5,1055.0
2026-08-20 11:25:42,2026-08-20 11:10,1852.5,1853.0,-0.03,1540600,1865.5,1827.5,1995.5,1055.0
2026-08-20 11:30:41,2026-08-20 11:15,1852.5,1853.0,-0.03,1565500,1865.5,1827.5,1995.5,1055.0
2026-08-20 12:30:32,2026-08-20 11:30,1855.5,1853.0,0.13,1625700,1865.5,1827.5,1995.5,1055.0
2026-08-20 12:35:30,2026-08-20 11:30,1855.5,1853.0,0.13,1625700,1865.5,1827.5,1995.5,1055.0
2026-08-20 12:40:38,2026-08-20 11:30,1855.5,1853.0,0.13,1625700,1865.5,1827.5,1995.5,1055.0
2026-08-20 12:46:45,2026-08-20 12:31,1849.5,1853.0,-0.19,1739400,1865.5,1827.5,1995.5,1055.0
2026-08-20 12:50:33,2026-08-20 12:35,1846.5,1853.0,-0.35,1779200,1865.5,1827.5,1995.5,1055.0
2026-08-20 12:55:36,2026-08-20 12:39,1845.5,1853.0,-0.4,1806500,1865.5,1827.5,1995.5,1055.0
2026-08-20 13:00:30,2026-08-20 12:45,1850.0,1853.0,-0.16,1840800,1865.5,1827.5,1995.5,1055.0
2026-08-20 13:05:42,2026-08-20 12:50,1852.0,1853.0,-0.05,1860900,1865.5,1827.5,1995.5,1055.0
2026-08-20 13:20:14,2026-08-20 13:04,1854.5,1853.0,0.08,1924700,1865.5,1827.5,1995.5,1055.0
2026-08-20 13:20:50,2026-08-20 13:05,1856.0,1853.0,0.16,1925800,1865.5,1827.5,1995.5,1055.0
2026-08-20 13:25:32,2026-08-20 13:10,1854.5,1853.0,0.08,1965000,1865.5,1827.5,1995.5,1055.0
2026-08-20 13:30:32,2026-08-20 13:15,1854.0,1853.0,0.05,2003500,1865.5,1827.5,1995.5,1055.0
2026-08-20 13:35:33,2026-08-20 13:20,1855.0,1853.0,0.11,2033000,1865.5,1827.5,1995.5,1055.0
2026-08-20 13:40:41,2026-08-20 13:25,1854.5,1853.0,0.08,2081300,1865.5,1827.5,1995.5,1055.0
2026-08-20 13:45:42,2026-08-20 13:30,1857.0,1853.0,0.22,2117400,1865.5,1827.5,1995.5,1055.0
2026-08-20 13:50:38,2026-08-20 13:35,1855.5,1853.0,0.13,2133700,1865.5,1827.5,1995.5,1055.0
2026-08-20 13:55:34,2026-08-20 13:40,1858.0,1853.0,0.27,2167100,1865.5,1827.5,1995.5,1055.0
2026-08-20 14:00:42,2026-08-20 13:45,1857.5,1853.0,0.24,2202600,1865.5,1827.5,1995.5,1055.0
2026-08-20 14:05:40,2026-08-20 13:50,1853.0,1853.0,0.0,2289100,1865.5,1827.5,1995.5,1055.0
2026-08-20 14:10:45,2026-08-20 13:55,1852.5,1853.0,-0.03,2317300,1865.5,1827.5,1995.5,1055.0
2026-08-20 14:15:37,2026-08-20 14:00,1852.0,1853.0,-0.05,2343900,1865.5,1827.5,1995.5,1055.0
2026-08-20 14:20:44,2026-08-20 14:05,1853.0,1853.0,0.0,2380300,1865.5,1827.5,1995.5,1055.0
2026-08-20 14:25:32,2026-08-20 14:10,1853.5,1853.0,0.03,2395300,1865.5,1827.5,1995.5,1055.0
2026-08-20 14:30:48,2026-08-20 14:15,1853.0,1853.0,0.0,2418200,1865.5,1827.5,1995.5,1055.0
2026-08-20 14:35:50,2026-08-20 14:19,1856.5,1853.0,0.19,2448500,1865.5,1827.5,1995.5,1055.0
2026-08-20 14:40:36,2026-08-20 14:25,1857.0,1853.0,0.22,2497900,1865.5,1827.5,1995.5,1055.0
2026-08-20 14:45:30,2026-08-20 14:30,1854.5,1853.0,0.08,2532900,1865.5,1827.5,1995.5,1055.0
2026-08-20 14:50:30,2026-08-20 14:35,1855.5,1853.0,0.13,2575500,1865.5,1827.5,1995.5,1055.0
2026-08-20 14:55:42,2026-08-20 14:40,1856.0,1853.0,0.16,2625600,1865.5,1827.5,1995.5,1055.0
2026-08-20 15:00:30,2026-08-20 14:45,1857.0,1853.0,0.22,2685700,1865.5,1827.5,1995.5,1055.0
2026-08-20 15:05:40,2026-08-20 14:50,1856.0,1853.0,0.16,2732000,1865.5,1827.5,1995.5,1055.0
2026-08-20 15:10:47,2026-08-20 14:55,1857.0,1853.0,0.22,2772500,1865.5,1827.5,1995.5,1055.0
2026-08-20 15:15:40,2026-08-20 15:00,1859.0,1853.0,0.32,2814000,1865.5,1827.5,1995.5,1055.0
2026-08-20 15:20:45,2026-08-20 15:05,1860.0,1853.0,0.38,2860700,1865.5,1827.5,1995.5,1055.0
2026-08-20 15:25:33,2026-08-20 15:10,1859.5,1853.0,0.35,2908100,1865.5,1827.5,1995.5,1055.0
2026-08-20 15:30:34,2026-08-20 15:15,1858.5,1853.0,0.3,2957400,1865.5,1827.5,1995.5,1055.0
2026-08-20 15:40:36,2026-08-20 15:24,1856.0,1853.0,0.16,3114500,1865.5,1827.5,1995.5,1055.0
2026-08-21 09:05:34,2026-08-20 15:30,1853.0,1853.0,0.0,4242500,1865.5,1827.5,1995.5,1055.0
2026-08-21 09:10:47,2026-08-20 15:30,1853.0,1853.0,0.0,4242500,1865.5,1827.5,1995.5,1055.0
2026-08-21 09:15:29,2026-08-21 09:00,1853.0,1853.0,0.0,4412300,1849.0,1838.5,1995.5,1055.0
2026-08-21 09:20:34,2026-08-21 09:05,1852.5,1853.0,-0.03,387100,1854.0,1838.5,1995.5,1055.0
2026-08-21 09:25:29,2026-08-21 09:10,1855.0,1853.0,0.11,536900,1859.5,1838.5,1995.5,1055.0
2026-08-21 09:30:32,2026-08-21 09:15,1857.0,1853.0,0.22,669000,1859.5,1838.5,1995.5,1055.0
2026-08-21 09:35:44,2026-08-21 09:20,1859.5,1853.0,0.35,866700,1860.0,1838.5,1995.5,1055.0
