抓取时间,行情时刻,价格,昨收,涨跌幅%,成交量,当日最高,当日最低,52周最高,52周最低
2026-07-06 09:31:26,2026-07-06 09:16,3222.0,3253.0,-0.95,166600,3260.0,3196.0,4631.0,2736.0
2026-07-06 10:18:16,2026-07-06 10:03,3231.0,3253.0,-0.68,325400,3262.0,3196.0,4631.0,2736.0
2026-07-06 10:55:25,2026-07-06 10:40,3250.0,3253.0,-0.09,414300,3262.0,3196.0,4631.0,2736.0
2026-07-06 10:58:55,2026-07-06 10:43,3247.0,3253.0,-0.18,418500,3262.0,3196.0,4631.0,2736.0
2026-07-06 11:00:36,2026-07-06 10:45,3250.0,3253.0,-0.09,422100,3262.0,3196.0,4631.0,2736.0
2026-07-06 11:05:38,2026-07-06 10:50,3257.0,3253.0,0.12,433300,3262.0,3196.0,4631.0,2736.0
2026-07-06 11:10:38,2026-07-06 10:55,3265.0,3253.0,0.37,479800,3272.0,3196.0,4631.0,2736.0
2026-07-06 11:15:31,2026-07-06 11:00,3256.0,3253.0,0.09,508400,3275.0,3196.0,4631.0,2736.0
2026-07-06 11:20:35,2026-07-06 11:05,3259.0,3253.0,0.18,511700,3275.0,3196.0,4631.0,2736.0
2026-07-06 11:25:37,2026-07-06 11:10,3268.0,3253.0,0.46,523200,3275.0,3196.0,4631.0,2736.0
2026-07-06 11:30:36,2026-07-06 11:15,3271.0,3253.0,0.55,534600,3276.0,3196.0,4631.0,2736.0
2026-07-06 12:30:35,2026-07-06 11:30,3282.0,3253.0,0.89,561900,3282.0,3196.0,4631.0,2736.0
2026-07-06 12:35:33,2026-07-06 11:30,3282.0,3253.0,0.89,561900,3282.0,3196.0,4631.0,2736.0
2026-07-06 12:40:35,2026-07-06 11:30,3282.0,3253.0,0.89,561900,3282.0,3196.0,4631.0,2736.0
2026-07-06 12:45:35,2026-07-06 12:30,3285.0,3253.0,0.98,585500,3287.0,3196.0,4631.0,2736.0
2026-07-06 12:50:36,2026-07-06 12:35,3288.0,3253.0,1.08,612900,3289.0,3196.0,4631.0,2736.0
2026-07-06 12:55:44,2026-07-06 12:40,3293.0,3253.0,1.23,648900,3301.0,3196.0,4631.0,2736.0
2026-07-06 13:00:47,2026-07-06 12:45,3283.0,3253.0,0.92,660400,3301.0,3196.0,4631.0,2736.0
2026-07-06 13:05:33,2026-07-06 12:50,3288.0,3253.0,1.08,672500,3301.0,3196.0,4631.0,2736.0
2026-07-06 13:10:40,2026-07-06 12:55,3282.0,3253.0,0.89,689000,3301.0,3196.0,4631.0,2736.0
2026-07-06 13:15:36,2026-07-06 13:00,3276.0,3253.0,0.71,698600,3301.0,3196.0,4631.0,2736.0
2026-07-06 13:20:34,2026-07-06 13:05,3277.0,3253.0,0.74,709000,3301.0,3196.0,4631.0,2736.0
2026-07-06 13:25:43,2026-07-06 13:10,3279.0,3253.0,0.8,718100,3301.0,3196.0,4631.0,2736.0
2026-07-06 13:30:42,2026-07-06 13:15,3282.0,3253.0,0.89,725000,3301.0,3196.0,4631.0,2736.0
2026-07-06 13:35:35,2026-07-06 13:20,3274.0,3253.0,0.65,734400,3301.0,3196.0,4631.0,2736.0
2026-07-06 13:40:40,2026-07-06 13:25,3276.0,3253.0,0.71,751300,3301.0,3196.0,4631.0,2736.0
2026-07-06 13:45:46,2026-07-06 13:30,3281.0,3253.0,0.86,759500,3301.0,3196.0,4631.0,2736.0
2026-07-06 13:50:36,2026-07-06 13:35,3276.0,3253.0,0.71,766100,3301.0,3196.0,4631.0,2736.0
2026-07-06 13:55:36,2026-07-06 13:40,3278.0,3253.0,0.77,775800,3301.0,3196.0,4631.0,2736.0
2026-07-06 14:00:40,2026-07-06 13:45,3282.0,3253.0,0.89,785200,3301.0,3196.0,4631.0,2736.0
2026-07-06 14:05:44,2026-07-06 13:50,3281.0,3253.0,0.86,794500,3301.0,3196.0,4631.0,2736.0
2026-07-06 14:10:39,2026-07-06 13:55,3285.0,3253.0,0.98,803200,3301.0,3196.0,4631.0,2736.0
2026-07-06 14:15:40,2026-07-06 14:00,3285.0,3253.0,0.98,821100,3301.0,3196.0,4631.0,2736.0
2026-07-06 14:20:39,2026-07-06 14:05,3278.0,3253.0,0.77,854700,3301.0,3196.0,4631.0,2736.0
2026-07-06 14:25:33,2026-07-06 14:10,3282.0,3253.0,0.89,865300,3301.0,3196.0,4631.0,2736.0
2026-07-06 14:30:40,2026-07-06 14:15,3281.0,3253.0,0.86,879500,3301.0,3196.0,4631.0,2736.0
2026-07-06 14:35:39,2026-07-06 14:20,3277.0,3253.0,0.74,888800,3301.0,3196.0,4631.0,2736.0
2026-07-06 14:40:34,2026-07-06 14:25,3267.0,3253.0,0.43,907100,3301.0,3196.0,4631.0,2736.0
2026-07-06 14:45:42,2026-07-06 14:30,3267.0,3253.0,0.43,916500,3301.0,3196.0,4631.0,2736.0
2026-07-06 14:50:44,2026-07-06 14:35,3269.0,3253.0,0.49,926900,3301.0,3196.0,4631.0,2736.0
2026-07-06 14:55:41,2026-07-06 14:40,3271.0,3253.0,0.55,944300,3301.0,3196.0,4631.0,2736.0
2026-07-06 15:00:35,2026-07-06 14:44,3283.0,3253.0,0.92,960000,3301.0,3196.0,4631.0,2736.0
2026-07-06 15:16:27,2026-07-06 15:00,3276.0,3253.0,0.71,1004500,3301.0,3196.0,4631.0,2736.0
2026-07-06 15:20:39,2026-07-06 15:05,3277.0,3253.0,0.74,1013500,3301.0,3196.0,4631.0,2736.0
2026-07-06 15:25:44,2026-07-06 15:10,3275.0,3253.0,0.68,1025900,3301.0,3196.0,4631.0,2736.0
2026-07-06 15:30:38,2026-07-06 15:15,3275.0,3253.0,0.68,1042000,3301.0,3196.0,4631.0,2736.0
2026-07-07 09:00:35,2026-07-06 15:30,3299.0,3253.0,1.41,1555400,3301.0,3196.0,4631.0,2736.0
2026-07-07 09:05:31,2026-07-06 15:30,3299.0,3253.0,1.41,1555400,3301.0,3196.0,4631.0,2736.0
2026-07-07 09:10:33,2026-07-06 15:30,3299.0,3253.0,1.41,1555400,3301.0,3196.0,4631.0,2736.0
2026-07-07 09:15:34,2026-07-07 09:00,3299.0,3253.0,1.41,1629300,3325.0,3300.0,4631.0,2736.0
2026-07-07 09:20:31,2026-07-07 09:05,3320.0,3299.0,0.64,111700,3333.0,3300.0,4631.0,2736.0
2026-07-07 09:25:33,2026-07-07 09:10,3332.0,3299.0,1.0,154400,3335.0,3300.0,4631.0,2736.0
2026-07-07 09:30:34,2026-07-07 09:15,3345.0,3299.0,1.39,234900,3358.0,3300.0,4631.0,2736.0
2026-07-07 09:35:33,2026-07-07 09:20,3353.0,3299.0,1.64,271800,3358.0,3300.0,4631.0,2736.0
2026-07-07 09:40:33,2026-07-07 09:25,3345.0,3299.0,1.39,316400,3362.0,3300.0,4631.0,2736.0
2026-07-07 09:45:35,2026-07-07 09:30,3350.0,3299.0,1.55,349800,3362.0,3300.0,4631.0,2736.0
2026-07-07 09:50:39,2026-07-07 09:35,3347.0,3299.0,1.45,386300,3362.0,3300.0,4631.0,2736.0
2026-07-07 09:55:31,2026-07-07 09:40,3347.0,3299.0,1.45,416900,3362.0,3300.0,4631.0,2736.0
2026-07-07 10:00:37,2026-07-07 09:45,3347.0,3299.0,1.45,447900,3362.0,3300.0,4631.0,2736.0
2026-07-07 10:05:37,2026-07-07 09:50,3344.0,3299.0,1.36,467500,3362.0,3300.0,4631.0,2736.0
2026-07-07 10:10:34,2026-07-07 09:55,3351.0,3299.0,1.58,499200,3362.0,3300.0,4631.0,2736.0
2026-07-07 10:15:35,2026-07-07 10:00,3360.0,3299.0,1.85,532200,3363.0,3300.0,4631.0,2736.0
2026-07-07 10:20:31,2026-07-07 10:05,3368.0,3299.0,2.09,563700,3368.0,3300.0,4631.0,2736.0
2026-07-07 10:25:46,2026-07-07 10:10,3379.0,3299.0,2.42,644200,3388.0,3300.0,4631.0,2736.0
2026-07-07 10:30:31,2026-07-07 10:15,3390.0,3299.0,2.76,668900,3392.0,3300.0,4631.0,2736.0
2026-07-07 10:35:36,2026-07-07 10:20,3395.0,3299.0,2.91,705500,3400.0,3300.0,4631.0,2736.0
2026-07-07 10:40:36,2026-07-07 10:25,3389.0,3299.0,2.73,754000,3402.0,3300.0,4631.0,2736.0
2026-07-07 10:45:36,2026-07-07 10:30,3383.0,3299.0,2.55,783800,3402.0,3300.0,4631.0,2736.0
2026-07-07 10:50:45,2026-07-07 10:35,3369.0,3299.0,2.12,804000,3402.0,3300.0,4631.0,2736.0
2026-07-07 10:55:34,2026-07-07 10:40,3359.0,3299.0,1.82,823300,3402.0,3300.0,4631.0,2736.0
2026-07-07 11:00:35,2026-07-07 10:45,3356.0,3299.0,1.73,830900,3402.0,3300.0,4631.0,2736.0
2026-07-07 11:05:34,2026-07-07 10:50,3368.0,3299.0,2.09,850100,3402.0,3300.0,4631.0,2736.0
2026-07-07 11:10:37,2026-07-07 10:55,3374.0,3299.0,2.27,859600,3402.0,3300.0,4631.0,2736.0
2026-07-07 11:15:38,2026-07-07 11:00,3375.0,3299.0,2.3,877700,3402.0,3300.0,4631.0,2736.0
2026-07-07 11:20:37,2026-07-07 11:05,3376.0,3299.0,2.33,890400,3402.0,3300.0,4631.0,2736.0
2026-07-07 11:25:34,2026-07-07 11:10,3370.0,3299.0,2.15,902600,3402.0,3300.0,4631.0,2736.0
2026-07-07 11:30:42,2026-07-07 11:15,3368.0,3299.0,2.09,915600,3402.0,3300.0,4631.0,2736.0
2026-07-07 12:30:30,2026-07-07 11:30,3361.0,3299.0,1.88,963700,3402.0,3300.0,4631.0,2736.0
2026-07-07 12:35:33,2026-07-07 11:30,3361.0,3299.0,1.88,963700,3402.0,3300.0,4631.0,2736.0
2026-07-07 12:40:34,2026-07-07 11:30,3361.0,3299.0,1.88,963700,3402.0,3300.0,4631.0,2736.0
2026-07-07 12:45:36,2026-07-07 12:30,3356.0,3299.0,1.73,995400,3402.0,3300.0,4631.0,2736.0
2026-07-07 12:50:32,2026-07-07 12:35,3349.0,3299.0,1.52,1016700,3402.0,3300.0,4631.0,2736.0
2026-07-07 12:55:35,2026-07-07 12:40,3335.0,3299.0,1.09,1051300,3402.0,3300.0,4631.0,2736.0
2026-07-07 13:00:35,2026-07-07 12:45,3323.0,3299.0,0.73,1073400,3402.0,3300.0,4631.0,2736.0
2026-07-07 13:05:34,2026-07-07 12:50,3318.0,3299.0,0.58,1090400,3402.0,3300.0,4631.0,2736.0
2026-07-07 13:10:34,2026-07-07 12:55,3331.0,3299.0,0.97,1152300,3402.0,3300.0,4631.0,2736.0
2026-07-07 13:15:34,2026-07-07 13:00,3331.0,3299.0,0.97,1164300,3402.0,3300.0,4631.0,2736.0
2026-07-07 13:20:31,2026-07-07 13:05,3330.0,3299.0,0.94,1182900,3402.0,3300.0,4631.0,2736.0
2026-07-07 13:25:38,2026-07-07 13:10,3335.0,3299.0,1.09,1200700,3402.0,3300.0,4631.0,2736.0
2026-07-07 13:30:40,2026-07-07 13:15,3340.0,3299.0,1.24,1222200,3402.0,3300.0,4631.0,2736.0
2026-07-07 13:35:41,2026-07-07 13:20,3343.0,3299.0,1.33,1234400,3402.0,3300.0,4631.0,2736.0
2026-07-07 13:40:32,2026-07-07 13:25,3345.0,3299.0,1.39,1257100,3402.0,3300.0,4631.0,2736.0
2026-07-07 13:45:37,2026-07-07 13:30,3354.0,3299.0,1.67,1270800,3402.0,3300.0,4631.0,2736.0
2026-07-07 13:50:44,2026-07-07 13:35,3349.0,3299.0,1.52,1287900,3402.0,3300.0,4631.0,2736.0
2026-07-07 13:55:37,2026-07-07 13:40,3346.0,3299.0,1.42,1299600,3402.0,3300.0,4631.0,2736.0
2026-07-07 14:00:38,2026-07-07 13:45,3350.0,3299.0,1.55,1314800,3402.0,3300.0,4631.0,2736.0
2026-07-07 14:05:42,2026-07-07 13:50,3352.0,3299.0,1.61,1322900,3402.0,3300.0,4631.0,2736.0
2026-07-07 14:10:47,2026-07-07 13:55,3353.0,3299.0,1.64,1338800,3402.0,3300.0,4631.0,2736.0
2026-07-07 14:15:41,2026-07-07 14:00,3352.0,3299.0,1.61,1350400,3402.0,3300.0,4631.0,2736.0
2026-07-07 14:20:48,2026-07-07 14:05,3344.0,3299.0,1.36,1362300,3402.0,3300.0,4631.0,2736.0
2026-07-07 14:25:32,2026-07-07 14:10,3342.0,3299.0,1.3,1372400,3402.0,3300.0,4631.0,2736.0
2026-07-07 14:30:40,2026-07-07 14:15,3335.0,3299.0,1.09,1392500,3402.0,3300.0,4631.0,2736.0
2026-07-07 14:35:38,2026-07-07 14:20,3333.0,3299.0,1.03,1410400,3402.0,3300.0,4631.0,2736.0
2026-07-07 14:40:33,2026-07-07 14:25,3342.0,3299.0,1.3,1426200,3402.0,3300.0,4631.0,2736.0
2026-07-07 14:45:54,2026-07-07 14:30,3342.0,3299.0,1.3,1436400,3402.0,3300.0,4631.0,2736.0
2026-07-07 14:50:33,2026-07-07 14:35,3337.0,3299.0,1.15,1456300,3402.0,3300.0,4631.0,2736.0
2026-07-07 14:56:00,2026-07-07 14:40,3345.0,3299.0,1.39,1475900,3402.0,3300.0,4631.0,2736.0
2026-07-07 15:00:50,2026-07-07 14:45,3344.0,3299.0,1.36,1495900,3402.0,3300.0,4631.0,2736.0
2026-07-07 15:05:42,2026-07-07 14:50,3332.0,3299.0,1.0,1526600,3402.0,3300.0,4631.0,2736.0
2026-07-07 15:10:42,2026-07-07 14:55,3329.0,3299.0,0.91,1547800,3402.0,3300.0,4631.0,2736.0
2026-07-07 15:15:47,2026-07-07 15:00,3327.0,3299.0,0.85,1572900,3402.0,3300.0,4631.0,2736.0
2026-07-07 15:20:35,2026-07-07 15:05,3326.0,3299.0,0.82,1592200,3402.0,3300.0,4631.0,2736.0
2026-07-07 15:25:37,2026-07-07 15:10,3331.0,3299.0,0.97,1626000,3402.0,3300.0,4631.0,2736.0
2026-07-07 15:30:37,2026-07-07 15:15,3327.0,3299.0,0.85,1646300,3402.0,3300.0,4631.0,2736.0
2026-07-08 09:00:45,2026-07-07 15:30,3325.0,3299.0,0.79,2489000,3402.0,3300.0,4631.0,2736.0
2026-07-08 09:05:32,2026-07-07 15:30,3325.0,3299.0,0.79,2489000,3402.0,3300.0,4631.0,2736.0
2026-07-08 09:10:36,2026-07-07 15:30,3325.0,3299.0,0.79,2489000,3402.0,3300.0,4631.0,2736.0
2026-07-08 09:15:39,2026-07-08 09:00,3325.0,3299.0,0.79,2611600,3404.0,3346.0,4631.0,2736.0
2026-07-08 09:20:36,2026-07-08 09:05,3394.0,3325.0,2.08,235500,3427.0,3346.0,4631.0,2736.0
2026-07-08 09:25:33,2026-07-08 09:10,3379.0,3325.0,1.62,293800,3427.0,3346.0,4631.0,2736.0
2026-07-08 09:30:43,2026-07-08 09:15,3372.0,3325.0,1.41,358000,3427.0,3346.0,4631.0,2736.0
2026-07-08 09:35:30,2026-07-08 09:20,3359.0,3325.0,1.02,406800,3427.0,3346.0,4631.0,2736.0
2026-07-08 09:40:32,2026-07-08 09:25,3344.0,3325.0,0.57,449100,3427.0,3344.0,4631.0,2736.0
2026-07-08 09:45:30,2026-07-08 09:30,3340.0,3325.0,0.45,477600,3427.0,3336.0,4631.0,2736.0
2026-07-08 09:50:36,2026-07-08 09:35,3343.0,3325.0,0.54,524500,3427.0,3336.0,4631.0,2736.0
2026-07-08 09:55:33,2026-07-08 09:40,3355.0,3325.0,0.9,551800,3427.0,3336.0,4631.0,2736.0
2026-07-08 10:00:46,2026-07-08 09:45,3348.0,3325.0,0.69,574900,3427.0,3336.0,4631.0,2736.0
2026-07-08 10:05:33,2026-07-08 09:50,3345.0,3325.0,0.6,597500,3427.0,3336.0,4631.0,2736.0
2026-07-08 10:10:30,2026-07-08 09:55,3351.0,3325.0,0.78,617200,3427.0,3336.0,4631.0,2736.0
2026-07-08 10:15:32,2026-07-08 10:00,3339.0,3325.0,0.42,638900,3427.0,3336.0,4631.0,2736.0
2026-07-08 10:20:34,2026-07-08 10:05,3324.0,3325.0,-0.03,662700,3427.0,3322.0,4631.0,2736.0
2026-07-08 10:25:30,2026-07-08 10:10,3318.0,3325.0,-0.21,688800,3427.0,3317.0,4631.0,2736.0
2026-07-08 10:30:31,2026-07-08 10:15,3319.0,3325.0,-0.18,721400,3427.0,3317.0,4631.0,2736.0
2026-07-08 10:35:34,2026-07-08 10:20,3323.0,3325.0,-0.06,736900,3427.0,3317.0,4631.0,2736.0
2026-07-08 10:40:34,2026-07-08 10:25,3326.0,3325.0,0.03,777900,3427.0,3317.0,4631.0,2736.0
2026-07-08 10:45:31,2026-07-08 10:30,3329.0,3325.0,0.12,793900,3427.0,3317.0,4631.0,2736.0
2026-07-08 10:50:34,2026-07-08 10:35,3331.0,3325.0,0.18,822300,3427.0,3317.0,4631.0,2736.0
2026-07-08 10:55:30,2026-07-08 10:40,3338.0,3325.0,0.39,839900,3427.0,3317.0,4631.0,2736.0
2026-07-08 11:00:31,2026-07-08 10:45,3342.0,3325.0,0.51,860000,3427.0,3317.0,4631.0,2736.0
2026-07-08 11:05:44,2026-07-08 10:50,3337.0,3325.0,0.36,874100,3427.0,3317.0,4631.0,2736.0
2026-07-08 11:10:36,2026-07-08 10:55,3346.0,3325.0,0.63,899700,3427.0,3317.0,4631.0,2736.0
2026-07-08 11:15:35,2026-07-08 11:00,3350.0,3325.0,0.75,920100,3427.0,3317.0,4631.0,2736.0
2026-07-08 11:20:33,2026-07-08 11:05,3348.0,3325.0,0.69,934600,3427.0,3317.0,4631.0,2736.0
2026-07-08 11:25:33,2026-07-08 11:10,3345.0,3325.0,0.6,962000,3427.0,3317.0,4631.0,2736.0
2026-07-08 11:30:30,2026-07-08 11:15,3344.0,3325.0,0.57,976800,3427.0,3317.0,4631.0,2736.0
2026-07-08 12:30:34,2026-07-08 11:30,3343.0,3325.0,0.54,1028800,3427.0,3317.0,4631.0,2736.0
2026-07-08 12:35:32,2026-07-08 11:30,3343.0,3325.0,0.54,1028800,3427.0,3317.0,4631.0,2736.0
2026-07-08 12:40:38,2026-07-08 11:30,3343.0,3325.0,0.54,1028800,3427.0,3317.0,4631.0,2736.0
2026-07-08 12:45:40,2026-07-08 12:30,3334.0,3325.0,0.27,1067300,3427.0,3317.0,4631.0,2736.0
2026-07-08 12:50:32,2026-07-08 12:35,3336.0,3325.0,0.33,1094900,3427.0,3317.0,4631.0,2736.0
2026-07-08 12:55:31,2026-07-08 12:40,3339.0,3325.0,0.42,1128400,3427.0,3317.0,4631.0,2736.0
2026-07-08 13:00:35,2026-07-08 12:45,3340.0,3325.0,0.45,1146400,3427.0,3317.0,4631.0,2736.0
2026-07-08 13:05:31,2026-07-08 12:50,3349.0,3325.0,0.72,1167600,3427.0,3317.0,4631.0,2736.0
2026-07-08 13:10:35,2026-07-08 12:55,3353.0,3325.0,0.84,1189400,3427.0,3317.0,4631.0,2736.0
2026-07-08 13:15:33,2026-07-08 13:00,3352.0,3325.0,0.81,1204400,3427.0,3317.0,4631.0,2736.0
2026-07-08 13:20:31,2026-07-08 13:05,3341.0,3325.0,0.48,1217900,3427.0,3317.0,4631.0,2736.0
2026-07-08 13:25:29,2026-07-08 13:10,3334.0,3325.0,0.27,1234900,3427.0,3317.0,4631.0,2736.0
2026-07-08 13:30:29,2026-07-08 13:15,3336.0,3325.0,0.33,1252800,3427.0,3317.0,4631.0,2736.0
2026-07-08 13:35:29,2026-07-08 13:20,3342.0,3325.0,0.51,1265700,3427.0,3317.0,4631.0,2736.0
2026-07-08 13:40:32,2026-07-08 13:25,3332.0,3325.0,0.21,1281000,3427.0,3317.0,4631.0,2736.0
2026-07-08 13:45:30,2026-07-08 13:30,3334.0,3325.0,0.27,1294200,3427.0,3317.0,4631.0,2736.0
2026-07-08 13:50:33,2026-07-08 13:35,3334.0,3325.0,0.27,1307100,3427.0,3317.0,4631.0,2736.0
2026-07-08 13:55:39,2026-07-08 13:40,3337.0,3325.0,0.36,1316700,3427.0,3317.0,4631.0,2736.0
2026-07-08 14:00:31,2026-07-08 13:45,3339.0,3325.0,0.42,1325600,3427.0,3317.0,4631.0,2736.0
2026-07-08 14:05:38,2026-07-08 13:50,3334.0,3325.0,0.27,1341400,3427.0,3317.0,4631.0,2736.0
2026-07-08 14:10:30,2026-07-08 13:55,3331.0,3325.0,0.18,1358500,3427.0,3317.0,4631.0,2736.0
2026-07-08 14:15:34,2026-07-08 14:00,3331.0,3325.0,0.18,1379900,3427.0,3317.0,4631.0,2736.0
2026-07-08 14:20:31,2026-07-08 14:05,3325.0,3325.0,0.0,1394200,3427.0,3317.0,4631.0,2736.0
2026-07-08 14:25:31,2026-07-08 14:10,3332.0,3325.0,0.21,1411300,3427.0,3317.0,4631.0,2736.0
2026-07-08 14:30:47,2026-07-08 14:15,3336.0,3325.0,0.33,1422600,3427.0,3317.0,4631.0,2736.0
2026-07-08 14:35:33,2026-07-08 14:20,3338.0,3325.0,0.39,1439300,3427.0,3317.0,4631.0,2736.0
2026-07-08 14:40:39,2026-07-08 14:25,3335.0,3325.0,0.3,1457400,3427.0,3317.0,4631.0,2736.0
2026-07-08 14:45:36,2026-07-08 14:30,3330.0,3325.0,0.15,1473800,3427.0,3317.0,4631.0,2736.0
2026-07-08 14:50:34,2026-07-08 14:35,3336.0,3325.0,0.33,1490600,3427.0,3317.0,4631.0,2736.0
2026-07-08 14:55:35,2026-07-08 14:40,3339.0,3325.0,0.42,1501000,3427.0,3317.0,4631.0,2736.0
2026-07-08 15:00:31,2026-07-08 14:45,3340.0,3325.0,0.45,1512700,3427.0,3317.0,4631.0,2736.0
2026-07-08 15:05:31,2026-07-08 14:50,3342.0,3325.0,0.51,1522900,3427.0,3317.0,4631.0,2736.0
2026-07-08 15:10:43,2026-07-08 14:55,3334.0,3325.0,0.27,1539300,3427.0,3317.0,4631.0,2736.0
2026-07-08 15:15:34,2026-07-08 15:00,3338.0,3325.0,0.39,1556100,3427.0,3317.0,4631.0,2736.0
2026-07-08 15:20:37,2026-07-08 15:05,3342.0,3325.0,0.51,1578200,3427.0,3317.0,4631.0,2736.0
2026-07-08 15:25:35,2026-07-08 15:10,3343.0,3325.0,0.54,1605300,3427.0,3317.0,4631.0,2736.0
2026-07-08 15:30:33,2026-07-08 15:15,3346.0,3325.0,0.63,1623300,3427.0,3317.0,4631.0,2736.0
2026-07-09 09:00:36,2026-07-08 15:30,3339.0,3325.0,0.42,2558800,3427.0,3317.0,4631.0,2736.0
2026-07-09 09:05:34,2026-07-08 15:30,3339.0,3325.0,0.42,2558800,3427.0,3317.0,4631.0,2736.0
2026-07-09 09:10:36,2026-07-08 15:30,3339.0,3325.0,0.42,2558800,3427.0,3317.0,4631.0,2736.0
2026-07-09 09:15:33,2026-07-09 09:00,3339.0,3325.0,0.42,2653400,3329.0,3307.0,4631.0,2736.0
2026-07-09 09:20:40,2026-07-09 09:05,3299.0,3339.0,-1.2,166400,3329.0,3286.0,4631.0,2736.0
2026-07-09 09:25:35,2026-07-09 09:10,3308.0,3339.0,-0.93,204400,3329.0,3286.0,4631.0,2736.0
2026-07-09 09:30:36,2026-07-09 09:15,3312.0,3339.0,-0.81,226800,3329.0,3286.0,4631.0,2736.0
2026-07-09 09:35:32,2026-07-09 09:20,3326.0,3339.0,-0.39,244900,3329.0,3286.0,4631.0,2736.0
2026-07-09 09:40:34,2026-07-09 09:25,3304.0,3339.0,-1.05,271700,3329.0,3286.0,4631.0,2736.0
2026-07-09 09:45:34,2026-07-09 09:30,3311.0,3339.0,-0.84,286500,3329.0,3286.0,4631.0,2736.0
2026-07-09 09:50:32,2026-07-09 09:35,3317.0,3339.0,-0.66,306600,3329.0,3286.0,4631.0,2736.0
2026-07-09 09:55:30,2026-07-09 09:40,3315.0,3339.0,-0.72,324000,3329.0,3286.0,4631.0,2736.0
2026-07-09 10:00:33,2026-07-09 09:45,3308.0,3339.0,-0.93,337100,3329.0,3286.0,4631.0,2736.0
2026-07-09 10:05:34,2026-07-09 09:50,3307.0,3339.0,-0.96,362000,3329.0,3286.0,4631.0,2736.0
2026-07-09 10:10:33,2026-07-09 09:55,3319.0,3339.0,-0.6,384500,3329.0,3286.0,4631.0,2736.0
2026-07-09 10:15:53,2026-07-09 10:00,3311.0,3339.0,-0.84,403500,3329.0,3286.0,4631.0,2736.0
2026-07-09 10:20:34,2026-07-09 10:05,3320.0,3339.0,-0.57,418800,3329.0,3286.0,4631.0,2736.0
2026-07-09 10:25:29,2026-07-09 10:10,3319.0,3339.0,-0.6,434900,3329.0,3286.0,4631.0,2736.0
2026-07-09 10:30:30,2026-07-09 10:15,3322.0,3339.0,-0.51,447600,3329.0,3286.0,4631.0,2736.0
2026-07-09 10:35:40,2026-07-09 10:20,3293.0,3339.0,-1.38,486300,3329.0,3286.0,4631.0,2736.0
2026-07-09 10:40:32,2026-07-09 10:25,3299.0,3339.0,-1.2,503500,3329.0,3286.0,4631.0,2736.0
2026-07-09 10:45:38,2026-07-09 10:30,3293.0,3339.0,-1.38,520700,3329.0,3286.0,4631.0,2736.0
2026-07-09 10:50:33,2026-07-09 10:35,3299.0,3339.0,-1.2,536700,3329.0,3286.0,4631.0,2736.0
2026-07-09 10:55:31,2026-07-09 10:40,3304.0,3339.0,-1.05,550100,3329.0,3286.0,4631.0,2736.0
2026-07-09 11:00:40,2026-07-09 10:45,3292.0,3339.0,-1.41,560500,3329.0,3286.0,4631.0,2736.0
2026-07-09 11:05:51,2026-07-09 10:50,3305.0,3339.0,-1.02,573200,3329.0,3286.0,4631.0,2736.0
2026-07-09 11:10:45,2026-07-09 10:55,3310.0,3339.0,-0.87,585800,3329.0,3286.0,4631.0,2736.0
2026-07-09 11:15:36,2026-07-09 11:00,3319.0,3339.0,-0.6,606200,3329.0,3286.0,4631.0,2736.0
2026-07-09 11:20:47,2026-07-09 11:05,3320.0,3339.0,-0.57,621200,3329.0,3286.0,4631.0,2736.0
2026-07-09 11:25:38,2026-07-09 11:10,3329.0,3339.0,-0.3,636700,3332.0,3286.0,4631.0,2736.0
2026-07-09 11:30:34,2026-07-09 11:15,3337.0,3339.0,-0.06,651100,3338.0,3286.0,4631.0,2736.0
2026-07-09 12:30:39,2026-07-09 11:30,3341.0,3339.0,0.06,693600,3343.0,3286.0,4631.0,2736.0
2026-07-09 12:35:50,2026-07-09 11:30,3341.0,3339.0,0.06,693600,3343.0,3286.0,4631.0,2736.0
2026-07-09 12:40:40,2026-07-09 11:30,3341.0,3339.0,0.06,693600,3343.0,3286.0,4631.0,2736.0
2026-07-09 12:45:31,2026-07-09 12:30,3346.0,3339.0,0.21,725200,3353.0,3286.0,4631.0,2736.0
2026-07-09 12:50:28,2026-07-09 12:35,3342.0,3339.0,0.09,767300,3353.0,3286.0,4631.0,2736.0
2026-07-09 12:55:35,2026-07-09 12:40,3341.0,3339.0,0.06,785400,3353.0,3286.0,4631.0,2736.0
2026-07-09 13:00:40,2026-07-09 12:45,3339.0,3339.0,0.0,803600,3353.0,3286.0,4631.0,2736.0
2026-07-09 13:05:30,2026-07-09 12:50,3341.0,3339.0,0.06,812900,3353.0,3286.0,4631.0,2736.0
2026-07-09 13:10:32,2026-07-09 12:55,3339.0,3339.0,0.0,828500,3353.0,3286.0,4631.0,2736.0
2026-07-09 13:15:31,2026-07-09 13:00,3347.0,3339.0,0.24,845100,3353.0,3286.0,4631.0,2736.0
2026-07-09 13:20:35,2026-07-09 13:05,3337.0,3339.0,-0.06,864400,3353.0,3286.0,4631.0,2736.0
2026-07-09 13:25:36,2026-07-09 13:10,3334.0,3339.0,-0.15,876100,3353.0,3286.0,4631.0,2736.0
2026-07-09 13:30:39,2026-07-09 13:15,3334.0,3339.0,-0.15,888000,3353.0,3286.0,4631.0,2736.0
2026-07-09 13:35:32,2026-07-09 13:19,3330.0,3339.0,-0.27,902300,3353.0,3286.0,4631.0,2736.0
2026-07-09 13:40:47,2026-07-09 13:25,3332.0,3339.0,-0.21,911000,3353.0,3286.0,4631.0,2736.0
2026-07-09 13:45:33,2026-07-09 13:30,3337.0,3339.0,-0.06,922800,3353.0,3286.0,4631.0,2736.0
2026-07-09 13:50:30,2026-07-09 13:35,3341.0,3339.0,0.06,939700,3353.0,3286.0,4631.0,2736.0
2026-07-09 13:55:30,2026-07-09 13:40,3341.0,3339.0,0.06,950000,3353.0,3286.0,4631.0,2736.0
2026-07-09 14:00:30,2026-07-09 13:45,3343.0,3339.0,0.12,956100,3353.0,3286.0,4631.0,2736.0
2026-07-09 14:10:32,2026-07-09 13:55,3346.0,3339.0,0.21,977500,3353.0,3286.0,4631.0,2736.0
2026-07-09 14:15:38,2026-07-09 14:00,3346.0,3339.0,0.21,994300,3353.0,3286.0,4631.0,2736.0
2026-07-09 14:20:37,2026-07-09 14:05,3344.0,3339.0,0.15,999600,3353.0,3286.0,4631.0,2736.0
2026-07-09 14:25:32,2026-07-09 14:10,3339.0,3339.0,0.0,1014100,3353.0,3286.0,4631.0,2736.0
2026-07-09 14:30:41,2026-07-09 14:15,3343.0,3339.0,0.12,1024500,3353.0,3286.0,4631.0,2736.0
2026-07-09 14:35:45,2026-07-09 14:20,3338.0,3339.0,-0.03,1038900,3353.0,3286.0,4631.0,2736.0
2026-07-09 14:45:33,2026-07-09 14:30,3338.0,3339.0,-0.03,1070500,3353.0,3286.0,4631.0,2736.0
2026-07-09 14:50:34,2026-07-09 14:35,3336.0,3339.0,-0.09,1090300,3353.0,3286.0,4631.0,2736.0
2026-07-09 14:55:43,2026-07-09 14:40,3342.0,3339.0,0.09,1103300,3353.0,3286.0,4631.0,2736.0
2026-07-09 15:05:46,2026-07-09 14:50,3342.0,3339.0,0.09,1133000,3353.0,3286.0,4631.0,2736.0
2026-07-09 15:10:42,2026-07-09 14:55,3344.0,3339.0,0.15,1147500,3353.0,3286.0,4631.0,2736.0
2026-07-09 15:15:36,2026-07-09 15:00,3345.0,3339.0,0.18,1166400,3353.0,3286.0,4631.0,2736.0
2026-07-09 15:20:42,2026-07-09 15:05,3336.0,3339.0,-0.09,1185400,3353.0,3286.0,4631.0,2736.0
2026-07-09 15:25:48,2026-07-09 15:10,3336.0,3339.0,-0.09,1201400,3353.0,3286.0,4631.0,2736.0
2026-07-09 15:30:52,2026-07-09 15:15,3329.0,3339.0,-0.3,1227400,3353.0,3286.0,4631.0,2736.0
2026-07-09 15:33:05,2026-07-09 15:18,3332.0,3339.0,-0.21,1240400,3353.0,3286.0,4631.0,2736.0
2026-07-10 09:00:35,2026-07-09 15:30,3331.0,3339.0,-0.24,1943500,3353.0,3286.0,4631.0,2736.0
2026-07-10 09:05:50,2026-07-09 15:30,3331.0,3339.0,-0.24,1943500,3353.0,3286.0,4631.0,2736.0
2026-07-10 09:10:39,2026-07-09 15:30,3331.0,3339.0,-0.24,1943500,3353.0,3286.0,4631.0,2736.0
2026-07-10 09:15:40,2026-07-10 09:00,3331.0,3339.0,-0.24,2030700,3335.0,3319.0,4631.0,2736.0
2026-07-10 09:20:32,2026-07-10 09:05,3328.0,3331.0,-0.09,126500,3338.0,3312.0,4631.0,2736.0
2026-07-10 09:25:34,2026-07-10 09:10,3329.0,3331.0,-0.06,153600,3338.0,3312.0,4631.0,2736.0
2026-07-10 09:30:41,2026-07-10 09:15,3332.0,3331.0,0.03,197300,3338.0,3312.0,4631.0,2736.0
2026-07-10 09:35:43,2026-07-10 09:20,3326.0,3331.0,-0.15,219100,3338.0,3312.0,4631.0,2736.0
2026-07-10 09:40:33,2026-07-10 09:25,3320.0,3331.0,-0.33,240100,3338.0,3312.0,4631.0,2736.0
2026-07-10 09:46:06,2026-07-10 09:30,3310.0,3331.0,-0.63,270400,3338.0,3307.0,4631.0,2736.0
2026-07-10 09:50:30,2026-07-10 09:35,3319.0,3331.0,-0.36,291900,3338.0,3303.0,4631.0,2736.0
2026-07-10 09:55:35,2026-07-10 09:40,3318.0,3331.0,-0.39,301300,3338.0,3303.0,4631.0,2736.0
2026-07-10 10:00:31,2026-07-10 09:45,3318.0,3331.0,-0.39,324100,3338.0,3303.0,4631.0,2736.0
2026-07-10 10:05:33,2026-07-10 09:50,3314.0,3331.0,-0.51,340400,3338.0,3303.0,4631.0,2736.0
2026-07-10 10:10:39,2026-07-10 09:55,3314.0,3331.0,-0.51,366900,3338.0,3303.0,4631.0,2736.0
2026-07-10 10:15:34,2026-07-10 10:00,3323.0,3331.0,-0.24,383300,3338.0,3303.0,4631.0,2736.0
2026-07-10 10:20:34,2026-07-10 10:05,3315.0,3331.0,-0.48,397600,3338.0,3303.0,4631.0,2736.0
2026-07-10 10:25:41,2026-07-10 10:10,3317.0,3331.0,-0.42,415300,3338.0,3303.0,4631.0,2736.0
2026-07-10 10:30:31,2026-07-10 10:15,3314.0,3331.0,-0.51,429000,3338.0,3303.0,4631.0,2736.0
2026-07-10 10:35:30,2026-07-10 10:20,3312.0,3331.0,-0.57,440200,3338.0,3303.0,4631.0,2736.0
2026-07-10 10:40:29,2026-07-10 10:25,3318.0,3331.0,-0.39,457300,3338.0,3303.0,4631.0,2736.0
2026-07-10 10:45:33,2026-07-10 10:30,3318.0,3331.0,-0.39,469200,3338.0,3303.0,4631.0,2736.0
2026-07-10 10:50:42,2026-07-10 10:35,3313.0,3331.0,-0.54,483300,3338.0,3303.0,4631.0,2736.0
2026-07-10 10:55:46,2026-07-10 10:40,3308.0,3331.0,-0.69,492400,3338.0,3303.0,4631.0,2736.0
2026-07-10 11:00:32,2026-07-10 10:45,3309.0,3331.0,-0.66,507900,3338.0,3303.0,4631.0,2736.0
2026-07-10 11:05:37,2026-07-10 10:50,3306.0,3331.0,-0.75,518000,3338.0,3303.0,4631.0,2736.0
2026-07-10 11:10:40,2026-07-10 10:55,3307.0,3331.0,-0.72,524900,3338.0,3303.0,4631.0,2736.0
2026-07-10 11:15:36,2026-07-10 11:00,3308.0,3331.0,-0.69,537800,3338.0,3303.0,4631.0,2736.0
2026-07-10 11:20:37,2026-07-10 11:05,3304.0,3331.0,-0.81,546200,3338.0,3303.0,4631.0,2736.0
2026-07-10 11:25:42,2026-07-10 11:10,3303.0,3331.0,-0.84,568000,3338.0,3296.0,4631.0,2736.0
2026-07-10 11:30:43,2026-07-10 11:15,3306.0,3331.0,-0.75,582100,3338.0,3296.0,4631.0,2736.0
2026-07-10 12:30:32,2026-07-10 11:30,3306.0,3331.0,-0.75,616400,3338.0,3296.0,4631.0,2736.0
2026-07-10 12:35:33,2026-07-10 11:30,3306.0,3331.0,-0.75,616400,3338.0,3296.0,4631.0,2736.0
2026-07-10 12:40:40,2026-07-10 11:30,3306.0,3331.0,-0.75,616400,3338.0,3296.0,4631.0,2736.0
2026-07-10 12:45:37,2026-07-10 12:30,3306.0,3331.0,-0.75,636700,3338.0,3296.0,4631.0,2736.0
2026-07-10 12:50:50,2026-07-10 12:35,3308.0,3331.0,-0.69,652200,3338.0,3296.0,4631.0,2736.0
2026-07-10 12:55:30,2026-07-10 12:40,3306.0,3331.0,-0.75,683500,3338.0,3296.0,4631.0,2736.0
2026-07-10 13:00:55,2026-07-10 12:45,3311.0,3331.0,-0.6,696200,3338.0,3296.0,4631.0,2736.0
2026-07-10 13:05:35,2026-07-10 12:50,3312.0,3331.0,-0.57,703700,3338.0,3296.0,4631.0,2736.0
2026-07-10 13:10:35,2026-07-10 12:55,3314.0,3331.0,-0.51,714200,3338.0,3296.0,4631.0,2736.0
2026-07-10 13:15:36,2026-07-10 13:00,3301.0,3331.0,-0.9,732800,3338.0,3296.0,4631.0,2736.0
2026-07-10 13:20:36,2026-07-10 13:05,3298.0,3331.0,-0.99,743600,3338.0,3296.0,4631.0,2736.0
2026-07-10 13:25:33,2026-07-10 13:10,3295.0,3331.0,-1.08,755800,3338.0,3293.0,4631.0,2736.0
2026-07-10 13:30:34,2026-07-10 13:15,3295.0,3331.0,-1.08,765200,3338.0,3293.0,4631.0,2736.0
2026-07-10 13:35:44,2026-07-10 13:20,3303.0,3331.0,-0.84,781500,3338.0,3293.0,4631.0,2736.0
2026-07-10 13:40:39,2026-07-10 13:25,3302.0,3331.0,-0.87,798500,3338.0,3293.0,4631.0,2736.0
2026-07-10 13:45:32,2026-07-10 13:30,3306.0,3331.0,-0.75,811800,3338.0,3293.0,4631.0,2736.0
2026-07-10 13:50:35,2026-07-10 13:35,3302.0,3331.0,-0.87,820500,3338.0,3293.0,4631.0,2736.0
2026-07-10 13:55:35,2026-07-10 13:40,3302.0,3331.0,-0.87,829600,3338.0,3293.0,4631.0,2736.0
2026-07-10 14:00:46,2026-07-10 13:45,3297.0,3331.0,-1.02,841600,3338.0,3293.0,4631.0,2736.0
2026-07-10 14:05:40,2026-07-10 13:50,3292.0,3331.0,-1.17,860100,3338.0,3292.0,4631.0,2736.0
2026-07-10 14:10:40,2026-07-10 13:55,3298.0,3331.0,-0.99,874000,3338.0,3292.0,4631.0,2736.0
2026-07-10 14:15:29,2026-07-10 14:00,3294.0,3331.0,-1.11,885700,3338.0,3292.0,4631.0,2736.0
2026-07-10 14:20:36,2026-07-10 14:05,3295.0,3331.0,-1.08,893500,3338.0,3292.0,4631.0,2736.0
2026-07-10 14:25:33,2026-07-10 14:10,3293.0,3331.0,-1.14,903700,3338.0,3292.0,4631.0,2736.0
2026-07-10 14:30:37,2026-07-10 14:15,3292.0,3331.0,-1.17,914000,3338.0,3292.0,4631.0,2736.0
2026-07-10 14:35:33,2026-07-10 14:20,3296.0,3331.0,-1.05,924700,3338.0,3292.0,4631.0,2736.0
2026-07-10 14:40:36,2026-07-10 14:25,3295.0,3331.0,-1.08,932000,3338.0,3292.0,4631.0,2736.0
2026-07-10 14:45:49,2026-07-10 14:30,3293.0,3331.0,-1.14,946800,3338.0,3292.0,4631.0,2736.0
2026-07-10 14:50:37,2026-07-10 14:35,3300.0,3331.0,-0.93,954400,3338.0,3292.0,4631.0,2736.0
2026-07-10 14:55:35,2026-07-10 14:40,3307.0,3331.0,-0.72,970400,3338.0,3292.0,4631.0,2736.0
2026-07-10 15:00:37,2026-07-10 14:45,3298.0,3331.0,-0.99,988100,3338.0,3292.0,4631.0,2736.0
2026-07-10 15:05:37,2026-07-10 14:50,3294.0,3331.0,-1.11,1008100,3338.0,3292.0,4631.0,2736.0
2026-07-10 15:10:41,2026-07-10 14:55,3297.0,3331.0,-1.02,1019100,3338.0,3292.0,4631.0,2736.0
2026-07-10 15:15:32,2026-07-10 15:00,3298.0,3331.0,-0.99,1039100,3338.0,3292.0,4631.0,2736.0
2026-07-10 15:20:42,2026-07-10 15:05,3293.0,3331.0,-1.14,1066800,3338.0,3290.0,4631.0,2736.0
2026-07-10 15:25:35,2026-07-10 15:10,3301.0,3331.0,-0.9,1087300,3338.0,3290.0,4631.0,2736.0
2026-07-10 15:30:56,2026-07-10 15:15,3294.0,3331.0,-1.11,1117100,3338.0,3289.0,4631.0,2736.0
2026-07-10 15:40:39,2026-07-10 15:24,3296.0,3331.0,-1.05,1168100,3338.0,3289.0,4631.0,2736.0
2026-07-13 09:00:31,2026-07-10 15:30,3307.0,3331.0,-0.72,1773700,3338.0,3289.0,4631.0,2736.0
2026-07-13 09:05:34,2026-07-10 15:30,3307.0,3331.0,-0.72,1773700,3338.0,3289.0,4631.0,2736.0
2026-07-13 09:10:39,2026-07-10 15:30,3307.0,3331.0,-0.72,1773700,3338.0,3289.0,4631.0,2736.0
2026-07-13 09:15:33,2026-07-13 09:00,3272.0,3331.0,-1.77,1826100,3299.0,3272.0,4631.0,2736.0
2026-07-13 09:20:36,2026-07-13 09:05,3302.0,3307.0,-0.15,107000,3312.0,3268.0,4631.0,2736.0
2026-07-13 09:25:42,2026-07-13 09:10,3283.0,3307.0,-0.73,128700,3312.0,3268.0,4631.0,2736.0
2026-07-13 09:30:46,2026-07-13 09:15,3292.0,3307.0,-0.45,150000,3312.0,3268.0,4631.0,2736.0
2026-07-13 09:36:52,2026-07-13 09:21,3309.0,3307.0,0.06,189700,3312.0,3268.0,4631.0,2736.0
2026-07-13 09:40:59,2026-07-13 09:25,3284.0,3307.0,-0.7,204400,3312.0,3268.0,4631.0,2736.0
2026-07-13 09:47:20,2026-07-13 09:32,3288.0,3307.0,-0.57,224000,3312.0,3268.0,4631.0,2736.0
2026-07-13 09:52:11,2026-07-13 09:37,3291.0,3307.0,-0.48,239900,3312.0,3268.0,4631.0,2736.0
2026-07-13 09:58:08,2026-07-13 09:42,3293.0,3307.0,-0.42,253000,3312.0,3268.0,4631.0,2736.0
2026-07-13 10:03:55,2026-07-13 09:48,3285.0,3307.0,-0.67,268100,3312.0,3268.0,4631.0,2736.0
2026-07-13 10:06:39,2026-07-13 09:51,3295.0,3307.0,-0.36,276000,3312.0,3268.0,4631.0,2736.0
2026-07-13 10:12:20,2026-07-13 09:57,3284.0,3307.0,-0.7,288300,3312.0,3268.0,4631.0,2736.0
2026-07-13 10:15:43,2026-07-13 10:00,3280.0,3307.0,-0.82,295200,3312.0,3268.0,4631.0,2736.0
2026-07-13 10:20:36,2026-07-13 10:05,3287.0,3307.0,-0.6,306300,3312.0,3268.0,4631.0,2736.0
2026-07-13 10:25:44,2026-07-13 10:10,3294.0,3307.0,-0.39,320300,3312.0,3268.0,4631.0,2736.0
2026-07-13 10:30:37,2026-07-13 10:15,3293.0,3307.0,-0.42,326500,3312.0,3268.0,4631.0,2736.0
2026-07-13 10:35:35,2026-07-13 10:20,3297.0,3307.0,-0.3,337900,3312.0,3268.0,4631.0,2736.0
2026-07-13 10:40:36,2026-07-13 10:25,3303.0,3307.0,-0.12,350300,3312.0,3268.0,4631.0,2736.0
2026-07-13 10:47:41,2026-07-13 10:32,3299.0,3307.0,-0.24,361700,3312.0,3268.0,4631.0,2736.0
2026-07-13 10:50:44,2026-07-13 10:35,3290.0,3307.0,-0.51,368500,3312.0,3268.0,4631.0,2736.0
2026-07-13 10:55:32,2026-07-13 10:40,3291.0,3307.0,-0.48,373700,3312.0,3268.0,4631.0,2736.0
2026-07-13 11:00:30,2026-07-13 10:45,3298.0,3307.0,-0.27,384200,3312.0,3268.0,4631.0,2736.0
2026-07-13 11:05:36,2026-07-13 10:50,3309.0,3307.0,0.06,395300,3312.0,3268.0,4631.0,2736.0
2026-07-13 11:10:35,2026-07-13 10:55,3309.0,3307.0,0.06,407100,3314.0,3268.0,4631.0,2736.0
2026-07-13 11:15:32,2026-07-13 11:00,3310.0,3307.0,0.09,415400,3314.0,3268.0,4631.0,2736.0
2026-07-13 11:20:32,2026-07-13 11:05,3314.0,3307.0,0.21,426000,3319.0,3268.0,4631.0,2736.0
2026-07-13 11:25:41,2026-07-13 11:10,3311.0,3307.0,0.12,434800,3319.0,3268.0,4631.0,2736.0
2026-07-13 11:30:33,2026-07-13 11:15,3321.0,3307.0,0.42,445700,3324.0,3268.0,4631.0,2736.0
2026-07-13 12:30:37,2026-07-13 11:30,3318.0,3307.0,0.33,469300,3324.0,3268.0,4631.0,2736.0
2026-07-13 12:35:31,2026-07-13 11:30,3318.0,3307.0,0.33,469300,3324.0,3268.0,4631.0,2736.0
2026-07-13 12:40:30,2026-07-13 11:30,3318.0,3307.0,0.33,469300,3324.0,3268.0,4631.0,2736.0
2026-07-13 12:45:32,2026-07-13 12:30,3318.0,3307.0,0.33,490600,3328.0,3268.0,4631.0,2736.0
2026-07-13 12:50:34,2026-07-13 12:35,3331.0,3307.0,0.73,514200,3331.0,3268.0,4631.0,2736.0
2026-07-13 12:56:14,2026-07-13 12:41,3330.0,3307.0,0.7,537500,3334.0,3268.0,4631.0,2736.0
2026-07-13 13:00:31,2026-07-13 12:45,3333.0,3307.0,0.79,548800,3334.0,3268.0,4631.0,2736.0
2026-07-13 13:05:38,2026-07-13 12:50,3335.0,3307.0,0.85,561900,3336.0,3268.0,4631.0,2736.0
2026-07-13 13:10:33,2026-07-13 12:55,3332.0,3307.0,0.76,569900,3336.0,3268.0,4631.0,2736.0
2026-07-13 13:15:33,2026-07-13 13:00,3326.0,3307.0,0.57,578700,3336.0,3268.0,4631.0,2736.0
2026-07-13 13:22:37,2026-07-13 13:07,3328.0,3307.0,0.64,599400,3336.0,3268.0,4631.0,2736.0
2026-07-13 13:25:32,2026-07-13 13:10,3326.0,3307.0,0.57,602400,3336.0,3268.0,4631.0,2736.0
2026-07-13 13:32:40,2026-07-13 13:17,3321.0,3307.0,0.42,614400,3336.0,3268.0,4631.0,2736.0
2026-07-13 13:35:42,2026-07-13 13:20,3318.0,3307.0,0.33,617900,3336.0,3268.0,4631.0,2736.0
2026-07-13 13:40:32,2026-07-13 13:25,3312.0,3307.0,0.15,626000,3336.0,3268.0,4631.0,2736.0
2026-07-13 13:45:41,2026-07-13 13:30,3314.0,3307.0,0.21,634000,3336.0,3268.0,4631.0,2736.0
2026-07-13 13:50:33,2026-07-13 13:35,3313.0,3307.0,0.18,641000,3336.0,3268.0,4631.0,2736.0
2026-07-13 13:55:43,2026-07-13 13:40,3317.0,3307.0,0.3,650100,3336.0,3268.0,4631.0,2736.0
2026-07-13 14:00:29,2026-07-13 13:45,3317.0,3307.0,0.3,656100,3336.0,3268.0,4631.0,2736.0
2026-07-13 14:05:29,2026-07-13 13:50,3320.0,3307.0,0.39,666000,3336.0,3268.0,4631.0,2736.0
2026-07-13 14:10:30,2026-07-13 13:55,3320.0,3307.0,0.39,671900,3336.0,3268.0,4631.0,2736.0
2026-07-13 14:15:44,2026-07-13 14:00,3318.0,3307.0,0.33,681600,3336.0,3268.0,4631.0,2736.0
2026-07-13 14:20:33,2026-07-13 14:05,3318.0,3307.0,0.33,688100,3336.0,3268.0,4631.0,2736.0
2026-07-13 14:25:41,2026-07-13 14:10,3320.0,3307.0,0.39,693200,3336.0,3268.0,4631.0,2736.0
2026-07-13 14:30:35,2026-07-13 14:15,3319.0,3307.0,0.36,699400,3336.0,3268.0,4631.0,2736.0
2026-07-13 14:35:36,2026-07-13 14:20,3320.0,3307.0,0.39,704600,3336.0,3268.0,4631.0,2736.0
2026-07-13 14:40:33,2026-07-13 14:25,3326.0,3307.0,0.57,719700,3336.0,3268.0,4631.0,2736.0
2026-07-13 14:45:34,2026-07-13 14:30,3323.0,3307.0,0.48,726200,3336.0,3268.0,4631.0,2736.0
2026-07-13 14:50:33,2026-07-13 14:35,3323.0,3307.0,0.48,734500,3336.0,3268.0,4631.0,2736.0
2026-07-13 14:55:30,2026-07-13 14:40,3324.0,3307.0,0.51,741400,3336.0,3268.0,4631.0,2736.0
2026-07-13 15:00:32,2026-07-13 14:45,3327.0,3307.0,0.6,749300,3336.0,3268.0,4631.0,2736.0
2026-07-13 15:05:44,2026-07-13 14:50,3328.0,3307.0,0.64,758600,3336.0,3268.0,4631.0,2736.0
2026-07-13 15:10:31,2026-07-13 14:55,3325.0,3307.0,0.54,763600,3336.0,3268.0,4631.0,2736.0
2026-07-13 15:15:39,2026-07-13 15:00,3328.0,3307.0,0.64,773100,3336.0,3268.0,4631.0,2736.0
2026-07-13 15:20:39,2026-07-13 15:05,3332.0,3307.0,0.76,796600,3338.0,3268.0,4631.0,2736.0
2026-07-13 15:25:38,2026-07-13 15:10,3332.0,3307.0,0.76,808700,3338.0,3268.0,4631.0,2736.0
2026-07-13 15:30:31,2026-07-13 15:15,3332.0,3307.0,0.76,821600,3338.0,3268.0,4631.0,2736.0
2026-07-13 15:40:31,2026-07-13 15:24,3336.0,3307.0,0.88,857500,3338.0,3268.0,4631.0,2736.0
2026-07-14 09:00:31,2026-07-13 15:30,3336.0,3307.0,0.88,1272200,3338.0,3268.0,4631.0,2736.0
2026-07-14 09:05:34,2026-07-13 15:30,3336.0,3307.0,0.88,1272200,3338.0,3268.0,4631.0,2736.0
2026-07-14 09:10:58,2026-07-13 15:30,3336.0,3307.0,0.88,1272200,3338.0,3268.0,4631.0,2736.0
2026-07-14 09:15:32,2026-07-14 09:00,3336.0,3307.0,0.88,1358000,3398.0,3371.0,4631.0,2736.0
2026-07-14 09:20:33,2026-07-14 09:05,3329.0,3336.0,-0.21,124400,3398.0,3315.0,4631.0,2736.0
2026-07-14 09:25:38,2026-07-14 09:10,3336.0,3336.0,0.0,145000,3398.0,3315.0,4631.0,2736.0
2026-07-14 09:30:30,2026-07-14 09:15,3336.0,3336.0,0.0,155600,3398.0,3315.0,4631.0,2736.0
2026-07-14 09:35:34,2026-07-14 09:19,3355.0,3336.0,0.57,170600,3398.0,3315.0,4631.0,2736.0
2026-07-14 09:40:37,2026-07-14 09:25,3351.0,3336.0,0.45,183100,3398.0,3315.0,4631.0,2736.0
2026-07-14 09:45:38,2026-07-14 09:30,3354.0,3336.0,0.54,191900,3398.0,3315.0,4631.0,2736.0
2026-07-14 09:50:32,2026-07-14 09:35,3337.0,3336.0,0.03,201700,3398.0,3315.0,4631.0,2736.0
2026-07-14 09:55:35,2026-07-14 09:40,3342.0,3336.0,0.18,208200,3398.0,3315.0,4631.0,2736.0
2026-07-14 10:00:31,2026-07-14 09:45,3341.0,3336.0,0.15,214100,3398.0,3315.0,4631.0,2736.0
2026-07-14 10:05:31,2026-07-14 09:50,3337.0,3336.0,0.03,220400,3398.0,3315.0,4631.0,2736.0
2026-07-14 10:10:30,2026-07-14 09:55,3337.0,3336.0,0.03,239200,3398.0,3315.0,4631.0,2736.0
2026-07-14 10:15:40,2026-07-14 10:00,3333.0,3336.0,-0.09,252800,3398.0,3315.0,4631.0,2736.0
2026-07-14 10:20:32,2026-07-14 10:05,3336.0,3336.0,0.0,259500,3398.0,3315.0,4631.0,2736.0
2026-07-14 10:25:32,2026-07-14 10:10,3342.0,3336.0,0.18,272100,3398.0,3315.0,4631.0,2736.0
2026-07-14 10:30:37,2026-07-14 10:15,3343.0,3336.0,0.21,278200,3398.0,3315.0,4631.0,2736.0
2026-07-14 10:35:42,2026-07-14 10:20,3345.0,3336.0,0.27,284400,3398.0,3315.0,4631.0,2736.0
2026-07-14 10:40:41,2026-07-14 10:25,3349.0,3336.0,0.39,294700,3398.0,3315.0,4631.0,2736.0
2026-07-14 10:45:34,2026-07-14 10:30,3344.0,3336.0,0.24,302200,3398.0,3315.0,4631.0,2736.0
2026-07-14 10:50:35,2026-07-14 10:35,3344.0,3336.0,0.24,306400,3398.0,3315.0,4631.0,2736.0
2026-07-14 10:55:35,2026-07-14 10:40,3343.0,3336.0,0.21,313400,3398.0,3315.0,4631.0,2736.0
2026-07-14 11:00:31,2026-07-14 10:45,3338.0,3336.0,0.06,320900,3398.0,3315.0,4631.0,2736.0
2026-07-14 11:05:38,2026-07-14 10:50,3333.0,3336.0,-0.09,330500,3398.0,3315.0,4631.0,2736.0
2026-07-14 11:10:45,2026-07-14 10:55,3329.0,3336.0,-0.21,343200,3398.0,3315.0,4631.0,2736.0
2026-07-14 11:15:38,2026-07-14 11:00,3330.0,3336.0,-0.18,349900,3398.0,3315.0,4631.0,2736.0
2026-07-14 11:20:57,2026-07-14 11:05,3327.0,3336.0,-0.27,361900,3398.0,3315.0,4631.0,2736.0
2026-07-14 11:25:30,2026-07-14 11:10,3326.0,3336.0,-0.3,371600,3398.0,3315.0,4631.0,2736.0
2026-07-14 11:30:56,2026-07-14 11:15,3330.0,3336.0,-0.18,380900,3398.0,3315.0,4631.0,2736.0
2026-07-14 12:30:43,2026-07-14 11:30,3324.0,3336.0,-0.36,404700,3398.0,3315.0,4631.0,2736.0
2026-07-14 12:35:35,2026-07-14 11:30,3324.0,3336.0,-0.36,404700,3398.0,3315.0,4631.0,2736.0
2026-07-14 12:40:31,2026-07-14 11:30,3324.0,3336.0,-0.36,404700,3398.0,3315.0,4631.0,2736.0
2026-07-14 12:45:36,2026-07-14 12:30,3320.0,3336.0,-0.48,422500,3398.0,3315.0,4631.0,2736.0
2026-07-14 12:50:31,2026-07-14 12:35,3314.0,3336.0,-0.66,454800,3398.0,3306.0,4631.0,2736.0
2026-07-14 12:55:41,2026-07-14 12:40,3315.0,3336.0,-0.63,465100,3398.0,3306.0,4631.0,2736.0
2026-07-14 13:00:54,2026-07-14 12:45,3319.0,3336.0,-0.51,473100,3398.0,3306.0,4631.0,2736.0
2026-07-14 13:05:39,2026-07-14 12:50,3323.0,3336.0,-0.39,485600,3398.0,3306.0,4631.0,2736.0
2026-07-14 13:10:39,2026-07-14 12:55,3325.0,3336.0,-0.33,495400,3398.0,3306.0,4631.0,2736.0
2026-07-14 13:15:36,2026-07-14 13:00,3323.0,3336.0,-0.39,500900,3398.0,3306.0,4631.0,2736.0
2026-07-14 13:20:38,2026-07-14 13:05,3323.0,3336.0,-0.39,509000,3398.0,3306.0,4631.0,2736.0
2026-07-14 13:25:30,2026-07-14 13:10,3325.0,3336.0,-0.33,513800,3398.0,3306.0,4631.0,2736.0
2026-07-14 13:30:36,2026-07-14 13:15,3326.0,3336.0,-0.3,520400,3398.0,3306.0,4631.0,2736.0
2026-07-14 13:35:30,2026-07-14 13:20,3319.0,3336.0,-0.51,530100,3398.0,3306.0,4631.0,2736.0
2026-07-14 13:40:50,2026-07-14 13:25,3314.0,3336.0,-0.66,541300,3398.0,3306.0,4631.0,2736.0
2026-07-14 13:45:30,2026-07-14 13:30,3314.0,3336.0,-0.66,558500,3398.0,3306.0,4631.0,2736.0
2026-07-14 13:50:35,2026-07-14 13:35,3324.0,3336.0,-0.36,566700,3398.0,3306.0,4631.0,2736.0
2026-07-14 13:55:33,2026-07-14 13:40,3334.0,3336.0,-0.06,598100,3398.0,3306.0,4631.0,2736.0
2026-07-14 14:00:36,2026-07-14 13:45,3337.0,3336.0,0.03,607600,3398.0,3306.0,4631.0,2736.0
2026-07-14 14:05:32,2026-07-14 13:50,3338.0,3336.0,0.06,617000,3398.0,3306.0,4631.0,2736.0
2026-07-14 14:10:33,2026-07-14 13:55,3333.0,3336.0,-0.09,624400,3398.0,3306.0,4631.0,2736.0
2026-07-14 14:15:31,2026-07-14 14:00,3330.0,3336.0,-0.18,634500,3398.0,3306.0,4631.0,2736.0
2026-07-14 14:20:34,2026-07-14 14:05,3318.0,3336.0,-0.54,643000,3398.0,3306.0,4631.0,2736.0
2026-07-14 14:25:37,2026-07-14 14:10,3313.0,3336.0,-0.69,649600,3398.0,3306.0,4631.0,2736.0
2026-07-14 14:30:30,2026-07-14 14:15,3317.0,3336.0,-0.57,657400,3398.0,3306.0,4631.0,2736.0
2026-07-14 14:35:39,2026-07-14 14:20,3306.0,3336.0,-0.9,673000,3398.0,3306.0,4631.0,2736.0
2026-07-14 14:40:36,2026-07-14 14:25,3308.0,3336.0,-0.84,683100,3398.0,3303.0,4631.0,2736.0
2026-07-14 14:45:33,2026-07-14 14:30,3314.0,3336.0,-0.66,698600,3398.0,3303.0,4631.0,2736.0
2026-07-14 14:50:31,2026-07-14 14:35,3310.0,3336.0,-0.78,707900,3398.0,3303.0,4631.0,2736.0
2026-07-14 14:55:38,2026-07-14 14:40,3313.0,3336.0,-0.69,714200,3398.0,3303.0,4631.0,2736.0
2026-07-14 15:00:38,2026-07-14 14:45,3309.0,3336.0,-0.81,725800,3398.0,3303.0,4631.0,2736.0
2026-07-14 15:05:47,2026-07-14 14:50,3305.0,3336.0,-0.93,739400,3398.0,3302.0,4631.0,2736.0
2026-07-14 15:10:31,2026-07-14 14:55,3306.0,3336.0,-0.9,747000,3398.0,3302.0,4631.0,2736.0
2026-07-14 15:15:42,2026-07-14 15:00,3301.0,3336.0,-1.05,756800,3398.0,3301.0,4631.0,2736.0
2026-07-14 15:20:39,2026-07-14 15:05,3298.0,3336.0,-1.14,770400,3398.0,3297.0,4631.0,2736.0
2026-07-14 15:25:29,2026-07-14 15:10,3290.0,3336.0,-1.38,784900,3398.0,3290.0,4631.0,2736.0
2026-07-14 15:30:37,2026-07-14 15:15,3291.0,3336.0,-1.35,807300,3398.0,3287.0,4631.0,2736.0
2026-07-14 15:40:54,2026-07-14 15:24,3298.0,3336.0,-1.14,856400,3398.0,3287.0,4631.0,2736.0
2026-07-15 09:05:30,2026-07-14 15:30,3314.0,3336.0,-0.66,1399800,3398.0,3287.0,4631.0,2736.0
2026-07-15 09:10:30,2026-07-14 15:30,3314.0,3336.0,-0.66,1399800,3398.0,3287.0,4631.0,2736.0
2026-07-15 09:15:43,2026-07-15 09:00,3314.0,3336.0,-0.66,1467400,3283.0,3263.0,4631.0,2736.0
2026-07-15 09:20:29,2026-07-15 09:05,3268.0,3314.0,-1.39,112800,3283.0,3255.0,4631.0,2736.0
2026-07-15 09:25:36,2026-07-15 09:10,3269.0,3314.0,-1.36,153500,3285.0,3255.0,4631.0,2736.0
2026-07-15 09:30:38,2026-07-15 09:15,3260.0,3314.0,-1.63,191100,3285.0,3255.0,4631.0,2736.0
2026-07-15 09:35:29,2026-07-15 09:20,3279.0,3314.0,-1.06,214500,3285.0,3255.0,4631.0,2736.0
2026-07-15 09:40:35,2026-07-15 09:25,3272.0,3314.0,-1.27,229400,3285.0,3255.0,4631.0,2736.0
2026-07-15 09:45:32,2026-07-15 09:30,3269.0,3314.0,-1.36,238600,3285.0,3255.0,4631.0,2736.0
2026-07-15 09:50:36,2026-07-15 09:35,3266.0,3314.0,-1.45,245100,3285.0,3255.0,4631.0,2736.0
2026-07-15 09:55:30,2026-07-15 09:40,3251.0,3314.0,-1.9,274000,3285.0,3247.0,4631.0,2736.0
2026-07-15 10:00:40,2026-07-15 09:45,3262.0,3314.0,-1.57,299100,3285.0,3247.0,4631.0,2736.0
2026-07-15 10:05:42,2026-07-15 09:50,3250.0,3314.0,-1.93,306300,3285.0,3247.0,4631.0,2736.0
2026-07-15 10:10:34,2026-07-15 09:55,3250.0,3314.0,-1.93,314800,3285.0,3245.0,4631.0,2736.0
2026-07-15 10:15:30,2026-07-15 10:00,3249.0,3314.0,-1.96,324000,3285.0,3242.0,4631.0,2736.0
2026-07-15 10:20:30,2026-07-15 10:05,3252.0,3314.0,-1.87,337900,3285.0,3242.0,4631.0,2736.0
2026-07-15 10:25:30,2026-07-15 10:10,3264.0,3314.0,-1.51,367500,3285.0,3242.0,4631.0,2736.0
2026-07-15 10:30:38,2026-07-15 10:15,3263.0,3314.0,-1.54,380100,3285.0,3242.0,4631.0,2736.0
2026-07-15 10:35:29,2026-07-15 10:20,3248.0,3314.0,-1.99,398600,3285.0,3242.0,4631.0,2736.0
2026-07-15 10:40:31,2026-07-15 10:25,3246.0,3314.0,-2.05,407800,3285.0,3241.0,4631.0,2736.0
2026-07-15 10:45:38,2026-07-15 10:30,3239.0,3314.0,-2.26,424800,3285.0,3239.0,4631.0,2736.0
2026-07-15 10:50:46,2026-07-15 10:35,3237.0,3314.0,-2.32,443000,3285.0,3231.0,4631.0,2736.0
2026-07-15 10:55:29,2026-07-15 10:40,3240.0,3314.0,-2.23,449800,3285.0,3231.0,4631.0,2736.0
2026-07-15 11:00:33,2026-07-15 10:45,3243.0,3314.0,-2.14,464100,3285.0,3231.0,4631.0,2736.0
2026-07-15 11:05:43,2026-07-15 10:50,3241.0,3314.0,-2.2,472500,3285.0,3231.0,4631.0,2736.0
2026-07-15 11:10:39,2026-07-15 10:55,3243.0,3314.0,-2.14,485000,3285.0,3231.0,4631.0,2736.0
2026-07-15 11:15:32,2026-07-15 11:00,3247.0,3314.0,-2.02,498800,3285.0,3231.0,4631.0,2736.0
2026-07-15 11:20:37,2026-07-15 11:05,3253.0,3314.0,-1.84,504900,3285.0,3231.0,4631.0,2736.0
2026-07-15 11:25:37,2026-07-15 11:10,3255.0,3314.0,-1.78,513700,3285.0,3231.0,4631.0,2736.0
2026-07-15 11:30:30,2026-07-15 11:15,3258.0,3314.0,-1.69,520400,3285.0,3231.0,4631.0,2736.0
2026-07-15 12:30:33,2026-07-15 11:30,3247.0,3314.0,-2.02,541400,3285.0,3231.0,4631.0,2736.0
2026-07-15 12:35:39,2026-07-15 11:30,3247.0,3314.0,-2.02,541400,3285.0,3231.0,4631.0,2736.0
2026-07-15 12:40:34,2026-07-15 11:30,3247.0,3314.0,-2.02,541400,3285.0,3231.0,4631.0,2736.0
2026-07-15 12:45:35,2026-07-15 12:30,3258.0,3314.0,-1.69,579600,3285.0,3231.0,4631.0,2736.0
2026-07-15 12:50:35,2026-07-15 12:35,3250.0,3314.0,-1.93,594300,3285.0,3231.0,4631.0,2736.0
2026-07-15 12:55:31,2026-07-15 12:40,3233.0,3314.0,-2.44,633200,3285.0,3231.0,4631.0,2736.0
2026-07-15 13:00:37,2026-07-15 12:45,3234.0,3314.0,-2.41,661000,3285.0,3230.0,4631.0,2736.0
2026-07-15 13:05:31,2026-07-15 12:50,3232.0,3314.0,-2.47,672800,3285.0,3229.0,4631.0,2736.0
2026-07-15 13:10:33,2026-07-15 12:55,3230.0,3314.0,-2.53,682500,3285.0,3229.0,4631.0,2736.0
2026-07-15 13:15:36,2026-07-15 13:00,3231.0,3314.0,-2.5,700500,3285.0,3228.0,4631.0,2736.0
2026-07-15 13:20:39,2026-07-15 13:05,3232.0,3314.0,-2.47,715700,3285.0,3228.0,4631.0,2736.0
2026-07-15 13:25:38,2026-07-15 13:10,3230.0,3314.0,-2.53,728000,3285.0,3228.0,4631.0,2736.0
2026-07-15 13:30:29,2026-07-15 13:15,3230.0,3314.0,-2.53,745500,3285.0,3227.0,4631.0,2736.0
2026-07-15 13:35:34,2026-07-15 13:20,3230.0,3314.0,-2.53,755900,3285.0,3227.0,4631.0,2736.0
2026-07-15 13:40:41,2026-07-15 13:25,3229.0,3314.0,-2.56,771100,3285.0,3226.0,4631.0,2736.0
2026-07-15 13:45:32,2026-07-15 13:30,3229.0,3314.0,-2.56,783400,3285.0,3226.0,4631.0,2736.0
2026-07-15 13:50:32,2026-07-15 13:35,3230.0,3314.0,-2.53,796600,3285.0,3226.0,4631.0,2736.0
2026-07-15 13:55:36,2026-07-15 13:39,3232.0,3314.0,-2.47,805800,3285.0,3226.0,4631.0,2736.0
2026-07-15 14:00:35,2026-07-15 13:44,3232.0,3314.0,-2.47,814900,3285.0,3226.0,4631.0,2736.0
2026-07-15 14:05:40,2026-07-15 13:50,3234.0,3314.0,-2.41,831100,3285.0,3226.0,4631.0,2736.0
2026-07-15 14:10:35,2026-07-15 13:55,3234.0,3314.0,-2.41,840200,3285.0,3226.0,4631.0,2736.0
2026-07-15 14:15:29,2026-07-15 14:00,3233.0,3314.0,-2.44,857500,3285.0,3226.0,4631.0,2736.0
2026-07-15 14:20:38,2026-07-15 14:05,3240.0,3314.0,-2.23,872000,3285.0,3226.0,4631.0,2736.0
2026-07-15 14:25:34,2026-07-15 14:10,3240.0,3314.0,-2.23,879400,3285.0,3226.0,4631.0,2736.0
2026-07-15 14:30:30,2026-07-15 14:15,3248.0,3314.0,-1.99,894100,3285.0,3226.0,4631.0,2736.0
2026-07-15 14:35:31,2026-07-15 14:20,3249.0,3314.0,-1.96,905200,3285.0,3226.0,4631.0,2736.0
2026-07-15 14:40:40,2026-07-15 14:25,3245.0,3314.0,-2.08,913600,3285.0,3226.0,4631.0,2736.0
2026-07-15 14:45:52,2026-07-15 14:30,3243.0,3314.0,-2.14,924200,3285.0,3226.0,4631.0,2736.0
2026-07-15 14:50:31,2026-07-15 14:35,3243.0,3314.0,-2.14,930700,3285.0,3226.0,4631.0,2736.0
2026-07-15 14:55:30,2026-07-15 14:40,3239.0,3314.0,-2.26,950700,3285.0,3226.0,4631.0,2736.0
2026-07-15 15:00:41,2026-07-15 14:45,3244.0,3314.0,-2.11,963900,3285.0,3226.0,4631.0,2736.0
2026-07-15 15:05:33,2026-07-15 14:50,3241.0,3314.0,-2.2,978700,3285.0,3226.0,4631.0,2736.0
2026-07-15 15:10:30,2026-07-15 14:55,3240.0,3314.0,-2.23,997200,3285.0,3226.0,4631.0,2736.0
2026-07-15 15:15:32,2026-07-15 15:00,3243.0,3314.0,-2.14,1026000,3285.0,3226.0,4631.0,2736.0
2026-07-15 15:20:39,2026-07-15 15:05,3248.0,3314.0,-1.99,1051900,3285.0,3226.0,4631.0,2736.0
2026-07-15 15:25:31,2026-07-15 15:10,3244.0,3314.0,-2.11,1073000,3285.0,3226.0,4631.0,2736.0
2026-07-15 15:30:37,2026-07-15 15:15,3239.0,3314.0,-2.26,1102900,3285.0,3226.0,4631.0,2736.0
2026-07-15 15:41:17,2026-07-15 15:24,3230.0,3314.0,-2.53,1155500,3285.0,3226.0,4631.0,2736.0
2026-07-16 09:05:31,2026-07-15 15:30,3246.0,3314.0,-2.05,1718200,3285.0,3226.0,4631.0,2736.0
2026-07-16 09:10:34,2026-07-15 15:30,3246.0,3314.0,-2.05,1718200,3285.0,3226.0,4631.0,2736.0
2026-07-16 09:15:38,2026-07-16 09:00,3246.0,3314.0,-2.05,1760700,3270.0,3246.0,4631.0,2736.0
2026-07-16 09:20:35,2026-07-16 09:05,3255.0,3246.0,0.28,81200,3270.0,3239.0,4631.0,2736.0
2026-07-16 09:25:31,2026-07-16 09:10,3258.0,3246.0,0.37,101500,3270.0,3239.0,4631.0,2736.0
2026-07-16 09:30:32,2026-07-16 09:15,3270.0,3246.0,0.74,128900,3276.0,3239.0,4631.0,2736.0
2026-07-16 09:35:28,2026-07-16 09:20,3286.0,3246.0,1.23,152800,3290.0,3239.0,4631.0,2736.0
2026-07-16 09:40:31,2026-07-16 09:24,3289.0,3246.0,1.32,171600,3295.0,3239.0,4631.0,2736.0
2026-07-16 09:45:35,2026-07-16 09:30,3285.0,3246.0,1.2,186700,3295.0,3239.0,4631.0,2736.0
2026-07-16 09:50:41,2026-07-16 09:35,3276.0,3246.0,0.92,195400,3295.0,3239.0,4631.0,2736.0
2026-07-16 09:55:32,2026-07-16 09:40,3296.0,3246.0,1.54,220500,3297.0,3239.0,4631.0,2736.0
2026-07-16 10:00:31,2026-07-16 09:45,3285.0,3246.0,1.2,232300,3298.0,3239.0,4631.0,2736.0
2026-07-16 10:05:41,2026-07-16 09:50,3286.0,3246.0,1.23,244600,3298.0,3239.0,4631.0,2736.0
2026-07-16 10:10:40,2026-07-16 09:55,3283.0,3246.0,1.14,254700,3298.0,3239.0,4631.0,2736.0
2026-07-16 10:15:36,2026-07-16 10:00,3283.0,3246.0,1.14,265400,3298.0,3239.0,4631.0,2736.0
2026-07-16 10:20:31,2026-07-16 10:05,3286.0,3246.0,1.23,291700,3298.0,3239.0,4631.0,2736.0
2026-07-16 10:25:42,2026-07-16 10:10,3281.0,3246.0,1.08,303000,3298.0,3239.0,4631.0,2736.0
2026-07-16 10:30:35,2026-07-16 10:15,3282.0,3246.0,1.11,312700,3298.0,3239.0,4631.0,2736.0
2026-07-16 10:35:32,2026-07-16 10:20,3296.0,3246.0,1.54,344000,3298.0,3239.0,4631.0,2736.0
2026-07-16 10:40:33,2026-07-16 10:25,3292.0,3246.0,1.42,357100,3298.0,3239.0,4631.0,2736.0
2026-07-16 10:45:30,2026-07-16 10:29,3295.0,3246.0,1.51,366500,3298.0,3239.0,4631.0,2736.0
2026-07-16 10:50:33,2026-07-16 10:35,3293.0,3246.0,1.45,375100,3298.0,3239.0,4631.0,2736.0
2026-07-16 10:55:37,2026-07-16 10:40,3298.0,3246.0,1.6,391800,3299.0,3239.0,4631.0,2736.0
2026-07-16 11:00:34,2026-07-16 10:45,3304.0,3246.0,1.79,418900,3305.0,3239.0,4631.0,2736.0
2026-07-16 11:05:35,2026-07-16 10:50,3296.0,3246.0,1.54,443700,3307.0,3239.0,4631.0,2736.0
2026-07-16 11:10:33,2026-07-16 10:55,3296.0,3246.0,1.54,465900,3307.0,3239.0,4631.0,2736.0
2026-07-16 11:15:34,2026-07-16 10:59,3296.0,3246.0,1.54,491200,3307.0,3239.0,4631.0,2736.0
2026-07-16 11:20:55,2026-07-16 11:05,3304.0,3246.0,1.79,502000,3307.0,3239.0,4631.0,2736.0
2026-07-16 11:25:34,2026-07-16 11:10,3308.0,3246.0,1.91,514400,3309.0,3239.0,4631.0,2736.0
2026-07-16 11:30:35,2026-07-16 11:15,3306.0,3246.0,1.85,524300,3310.0,3239.0,4631.0,2736.0
2026-07-16 12:30:37,2026-07-16 11:30,3302.0,3246.0,1.73,548100,3310.0,3239.0,4631.0,2736.0
2026-07-16 12:35:33,2026-07-16 11:30,3302.0,3246.0,1.73,548100,3310.0,3239.0,4631.0,2736.0
2026-07-16 12:40:29,2026-07-16 11:30,3302.0,3246.0,1.73,548100,3310.0,3239.0,4631.0,2736.0
2026-07-16 12:45:43,2026-07-16 12:30,3312.0,3246.0,2.03,574300,3316.0,3239.0,4631.0,2736.0
2026-07-16 12:50:34,2026-07-16 12:35,3316.0,3246.0,2.16,595300,3318.0,3239.0,4631.0,2736.0
2026-07-16 12:55:41,2026-07-16 12:40,3317.0,3246.0,2.19,614300,3322.0,3239.0,4631.0,2736.0
2026-07-16 13:00:38,2026-07-16 12:45,3314.0,3246.0,2.09,632100,3325.0,3239.0,4631.0,2736.0
2026-07-16 13:05:37,2026-07-16 12:50,3307.0,3246.0,1.88,645300,3325.0,3239.0,4631.0,2736.0
2026-07-16 13:10:41,2026-07-16 12:55,3306.0,3246.0,1.85,658400,3325.0,3239.0,4631.0,2736.0
2026-07-16 13:15:32,2026-07-16 13:00,3303.0,3246.0,1.76,666200,3325.0,3239.0,4631.0,2736.0
2026-07-16 13:20:41,2026-07-16 13:05,3307.0,3246.0,1.88,680000,3325.0,3239.0,4631.0,2736.0
2026-07-16 13:25:39,2026-07-16 13:10,3303.0,3246.0,1.76,690100,3325.0,3239.0,4631.0,2736.0
2026-07-16 13:30:44,2026-07-16 13:15,3309.0,3246.0,1.94,699300,3325.0,3239.0,4631.0,2736.0
2026-07-16 13:35:31,2026-07-16 13:20,3311.0,3246.0,2.0,704300,3325.0,3239.0,4631.0,2736.0
2026-07-16 13:40:34,2026-07-16 13:25,3307.0,3246.0,1.88,716700,3325.0,3239.0,4631.0,2736.0
2026-07-16 13:45:29,2026-07-16 13:30,3298.0,3246.0,1.6,730300,3325.0,3239.0,4631.0,2736.0
2026-07-16 13:50:32,2026-07-16 13:35,3295.0,3246.0,1.51,740800,3325.0,3239.0,4631.0,2736.0
2026-07-16 13:55:41,2026-07-16 13:40,3291.0,3246.0,1.39,757700,3325.0,3239.0,4631.0,2736.0
2026-07-16 14:00:47,2026-07-16 13:45,3300.0,3246.0,1.66,772600,3325.0,3239.0,4631.0,2736.0
2026-07-16 14:05:33,2026-07-16 13:50,3301.0,3246.0,1.69,785800,3325.0,3239.0,4631.0,2736.0
2026-07-16 14:10:35,2026-07-16 13:55,3298.0,3246.0,1.6,796200,3325.0,3239.0,4631.0,2736.0
2026-07-16 14:15:36,2026-07-16 14:00,3301.0,3246.0,1.69,808700,3325.0,3239.0,4631.0,2736.0
2026-07-16 14:20:32,2026-07-16 14:05,3299.0,3246.0,1.63,819100,3325.0,3239.0,4631.0,2736.0
2026-07-16 14:25:46,2026-07-16 14:10,3297.0,3246.0,1.57,833200,3325.0,3239.0,4631.0,2736.0
2026-07-16 14:30:29,2026-07-16 14:15,3296.0,3246.0,1.54,854100,3325.0,3239.0,4631.0,2736.0
2026-07-16 14:35:37,2026-07-16 14:20,3295.0,3246.0,1.51,861100,3325.0,3239.0,4631.0,2736.0
2026-07-16 14:40:31,2026-07-16 14:25,3297.0,3246.0,1.57,877000,3325.0,3239.0,4631.0,2736.0
2026-07-16 14:45:42,2026-07-16 14:30,3298.0,3246.0,1.6,891600,3325.0,3239.0,4631.0,2736.0
2026-07-16 14:50:33,2026-07-16 14:35,3296.0,3246.0,1.54,905000,3325.0,3239.0,4631.0,2736.0
2026-07-16 14:55:33,2026-07-16 14:38,3302.0,3246.0,1.73,915600,3325.0,3239.0,4631.0,2736.0
2026-07-16 15:00:37,2026-07-16 14:45,3308.0,3246.0,1.91,944600,3325.0,3239.0,4631.0,2736.0
2026-07-16 15:05:28,2026-07-16 14:50,3300.0,3246.0,1.66,960800,3325.0,3239.0,4631.0,2736.0
2026-07-16 15:10:32,2026-07-16 14:55,3295.0,3246.0,1.51,976800,3325.0,3239.0,4631.0,2736.0
2026-07-16 15:15:53,2026-07-16 15:00,3294.0,3246.0,1.48,988200,3325.0,3239.0,4631.0,2736.0
2026-07-16 15:20:42,2026-07-16 15:05,3294.0,3246.0,1.48,1006200,3325.0,3239.0,4631.0,2736.0
2026-07-16 15:25:36,2026-07-16 15:10,3281.0,3246.0,1.08,1034700,3325.0,3239.0,4631.0,2736.0
2026-07-16 15:30:31,2026-07-16 15:15,3280.0,3246.0,1.05,1099900,3325.0,3239.0,4631.0,2736.0
2026-07-16 15:40:34,2026-07-16 15:24,3279.0,3246.0,1.02,1154200,3325.0,3239.0,4631.0,2736.0
2026-07-17 09:05:46,2026-07-16 15:30,3279.0,3246.0,1.02,1656400,3325.0,3239.0,4631.0,2736.0
2026-07-17 09:10:57,2026-07-16 15:30,3279.0,3246.0,1.02,1656400,3325.0,3239.0,4631.0,2736.0
2026-07-17 09:15:32,2026-07-16 15:30,3279.0,3246.0,1.02,1656400,3325.0,3239.0,4631.0,2736.0
2026-07-17 09:20:36,2026-07-17 09:05,3417.0,3279.0,4.21,301000,3455.0,3390.0,4631.0,2736.0
2026-07-17 09:25:31,2026-07-17 09:10,3407.0,3279.0,3.9,364900,3455.0,3390.0,4631.0,2736.0
2026-07-17 09:30:33,2026-07-17 09:15,3402.0,3279.0,3.75,424500,3455.0,3390.0,4631.0,2736.0
2026-07-17 09:35:40,2026-07-17 09:20,3421.0,3279.0,4.33,473400,3455.0,3390.0,4631.0,2736.0
2026-07-17 09:40:29,2026-07-17 09:25,3425.0,3279.0,4.45,504800,3455.0,3390.0,4631.0,2736.0
2026-07-17 09:45:33,2026-07-17 09:30,3434.0,3279.0,4.73,560200,3455.0,3390.0,4631.0,2736.0
2026-07-17 09:50:40,2026-07-17 09:35,3425.0,3279.0,4.45,617800,3455.0,3390.0,4631.0,2736.0
2026-07-17 09:55:37,2026-07-17 09:40,3432.0,3279.0,4.67,669600,3455.0,3390.0,4631.0,2736.0
2026-07-17 10:00:40,2026-07-17 09:45,3446.0,3279.0,5.09,712200,3455.0,3390.0,4631.0,2736.0
2026-07-17 10:05:29,2026-07-17 09:50,3449.0,3279.0,5.18,779400,3457.0,3390.0,4631.0,2736.0
2026-07-17 10:10:41,2026-07-17 09:55,3475.0,3279.0,5.98,873100,3476.0,3390.0,4631.0,2736.0
2026-07-17 10:15:32,2026-07-17 10:00,3478.0,3279.0,6.07,965100,3484.0,3390.0,4631.0,2736.0
2026-07-17 10:20:39,2026-07-17 10:05,3477.0,3279.0,6.04,1013200,3484.0,3390.0,4631.0,2736.0
2026-07-17 10:25:48,2026-07-17 10:10,3493.0,3279.0,6.53,1061000,3498.0,3390.0,4631.0,2736.0
2026-07-17 10:30:32,2026-07-17 10:15,3484.0,3279.0,6.25,1101900,3498.0,3390.0,4631.0,2736.0
2026-07-17 10:35:35,2026-07-17 10:20,3470.0,3279.0,5.82,1147000,3498.0,3390.0,4631.0,2736.0
2026-07-17 10:40:48,2026-07-17 10:25,3459.0,3279.0,5.49,1191400,3498.0,3390.0,4631.0,2736.0
2026-07-17 10:45:46,2026-07-17 10:30,3467.0,3279.0,5.73,1278500,3498.0,3390.0,4631.0,2736.0
2026-07-17 10:50:43,2026-07-17 10:35,3470.0,3279.0,5.82,1308900,3498.0,3390.0,4631.0,2736.0
2026-07-17 10:55:34,2026-07-17 10:40,3457.0,3279.0,5.43,1331100,3498.0,3390.0,4631.0,2736.0
2026-07-17 11:00:42,2026-07-17 10:45,3451.0,3279.0,5.25,1357900,3498.0,3390.0,4631.0,2736.0
2026-07-17 11:05:42,2026-07-17 10:50,3453.0,3279.0,5.31,1399200,3498.0,3390.0,4631.0,2736.0
2026-07-17 11:10:42,2026-07-17 10:55,3447.0,3279.0,5.12,1433300,3498.0,3390.0,4631.0,2736.0
2026-07-17 11:15:32,2026-07-17 11:00,3454.0,3279.0,5.34,1462400,3498.0,3390.0,4631.0,2736.0
2026-07-17 11:20:34,2026-07-17 11:05,3451.0,3279.0,5.25,1482100,3498.0,3390.0,4631.0,2736.0
2026-07-17 11:25:40,2026-07-17 11:10,3433.0,3279.0,4.7,1512000,3498.0,3390.0,4631.0,2736.0
2026-07-17 11:30:29,2026-07-17 11:15,3434.0,3279.0,4.73,1539600,3498.0,3390.0,4631.0,2736.0
2026-07-17 12:30:38,2026-07-17 11:30,3434.0,3279.0,4.73,1603400,3498.0,3390.0,4631.0,2736.0
2026-07-17 12:35:30,2026-07-17 11:30,3434.0,3279.0,4.73,1603400,3498.0,3390.0,4631.0,2736.0
2026-07-17 12:40:36,2026-07-17 11:30,3434.0,3279.0,4.73,1603400,3498.0,3390.0,4631.0,2736.0
2026-07-17 12:45:40,2026-07-17 12:30,3429.0,3279.0,4.57,1661700,3498.0,3390.0,4631.0,2736.0
2026-07-17 12:50:49,2026-07-17 12:35,3455.0,3279.0,5.37,1729200,3498.0,3390.0,4631.0,2736.0
2026-07-17 12:55:32,2026-07-17 12:40,3458.0,3279.0,5.46,1795900,3498.0,3390.0,4631.0,2736.0
2026-07-17 13:00:36,2026-07-17 12:45,3460.0,3279.0,5.52,1863000,3498.0,3390.0,4631.0,2736.0
2026-07-17 13:05:35,2026-07-17 12:50,3452.0,3279.0,5.28,1894200,3498.0,3390.0,4631.0,2736.0
2026-07-17 13:10:46,2026-07-17 12:55,3443.0,3279.0,5.0,1916000,3498.0,3390.0,4631.0,2736.0
2026-07-17 13:15:37,2026-07-17 13:00,3442.0,3279.0,4.97,1940300,3498.0,3390.0,4631.0,2736.0
2026-07-17 13:20:30,2026-07-17 13:05,3441.0,3279.0,4.94,1961800,3498.0,3390.0,4631.0,2736.0
2026-07-17 13:25:29,2026-07-17 13:10,3439.0,3279.0,4.88,1974700,3498.0,3390.0,4631.0,2736.0
2026-07-17 13:30:32,2026-07-17 13:15,3440.0,3279.0,4.91,1987600,3498.0,3390.0,4631.0,2736.0
2026-07-17 13:35:32,2026-07-17 13:20,3442.0,3279.0,4.97,2000000,3498.0,3390.0,4631.0,2736.0
2026-07-17 13:40:40,2026-07-17 13:25,3435.0,3279.0,4.76,2016900,3498.0,3390.0,4631.0,2736.0
2026-07-17 13:45:30,2026-07-17 13:30,3433.0,3279.0,4.7,2034600,3498.0,3390.0,4631.0,2736.0
2026-07-17 13:50:30,2026-07-17 13:35,3425.0,3279.0,4.45,2052600,3498.0,3390.0,4631.0,2736.0
2026-07-17 13:55:32,2026-07-17 13:40,3424.0,3279.0,4.42,2061000,3498.0,3390.0,4631.0,2736.0
2026-07-17 14:00:41,2026-07-17 13:45,3418.0,3279.0,4.24,2078600,3498.0,3390.0,4631.0,2736.0
2026-07-17 14:05:35,2026-07-17 13:50,3417.0,3279.0,4.21,2096700,3498.0,3390.0,4631.0,2736.0
2026-07-17 14:10:30,2026-07-17 13:55,3418.0,3279.0,4.24,2109200,3498.0,3390.0,4631.0,2736.0
2026-07-17 14:15:33,2026-07-17 14:00,3417.0,3279.0,4.21,2122700,3498.0,3390.0,4631.0,2736.0
2026-07-17 14:20:37,2026-07-17 14:05,3415.0,3279.0,4.15,2131400,3498.0,3390.0,4631.0,2736.0
2026-07-17 14:25:46,2026-07-17 14:10,3420.0,3279.0,4.3,2146300,3498.0,3390.0,4631.0,2736.0
2026-07-17 14:30:32,2026-07-17 14:15,3419.0,3279.0,4.27,2159000,3498.0,3390.0,4631.0,2736.0
2026-07-17 14:35:51,2026-07-17 14:20,3417.0,3279.0,4.21,2175200,3498.0,3390.0,4631.0,2736.0
2026-07-17 14:40:30,2026-07-17 14:25,3414.0,3279.0,4.12,2181800,3498.0,3390.0,4631.0,2736.0
2026-07-17 14:45:35,2026-07-17 14:30,3409.0,3279.0,3.96,2202500,3498.0,3390.0,4631.0,2736.0
2026-07-17 14:50:28,2026-07-17 14:35,3405.0,3279.0,3.84,2224300,3498.0,3390.0,4631.0,2736.0
2026-07-17 14:55:39,2026-07-17 14:40,3403.0,3279.0,3.78,2235000,3498.0,3390.0,4631.0,2736.0
2026-07-17 15:00:28,2026-07-17 14:45,3409.0,3279.0,3.96,2251200,3498.0,3390.0,4631.0,2736.0
2026-07-17 15:05:56,2026-07-17 14:50,3409.0,3279.0,3.96,2263300,3498.0,3390.0,4631.0,2736.0
2026-07-17 15:10:32,2026-07-17 14:55,3413.0,3279.0,4.09,2279700,3498.0,3390.0,4631.0,2736.0
2026-07-17 15:15:36,2026-07-17 15:00,3410.0,3279.0,4.0,2288200,3498.0,3390.0,4631.0,2736.0
2026-07-17 15:20:37,2026-07-17 15:05,3414.0,3279.0,4.12,2315300,3498.0,3390.0,4631.0,2736.0
2026-07-17 15:25:46,2026-07-17 15:10,3416.0,3279.0,4.18,2336900,3498.0,3390.0,4631.0,2736.0
2026-07-17 15:30:35,2026-07-17 15:15,3423.0,3279.0,4.39,2382500,3498.0,3390.0,4631.0,2736.0
2026-07-17 15:40:42,2026-07-17 15:24,3411.0,3279.0,4.03,2443600,3498.0,3390.0,4631.0,2736.0
2026-07-21 09:05:30,2026-07-17 15:30,3412.0,3279.0,4.06,3105400,3498.0,3390.0,4631.0,2736.0
2026-07-21 09:10:32,2026-07-17 15:30,3412.0,3279.0,4.06,3105400,3498.0,3390.0,4631.0,2736.0
2026-07-21 09:15:29,2026-07-21 09:00,3433.0,3279.0,4.7,3296200,3446.0,3406.0,4631.0,2736.0
2026-07-21 09:20:39,2026-07-21 09:05,3401.0,3412.0,-0.32,295500,3446.0,3389.0,4631.0,2736.0
2026-07-21 09:25:44,2026-07-21 09:10,3395.0,3412.0,-0.5,334200,3446.0,3372.0,4631.0,2736.0
2026-07-21 09:30:39,2026-07-21 09:15,3404.0,3412.0,-0.23,410400,3446.0,3372.0,4631.0,2736.0
2026-07-21 09:35:43,2026-07-21 09:20,3423.0,3412.0,0.32,471100,3446.0,3372.0,4631.0,2736.0
2026-07-21 09:40:34,2026-07-21 09:25,3428.0,3412.0,0.47,508300,3446.0,3372.0,4631.0,2736.0
2026-07-21 09:45:34,2026-07-21 09:30,3437.0,3412.0,0.73,551200,3446.0,3372.0,4631.0,2736.0
2026-07-21 09:50:31,2026-07-21 09:35,3423.0,3412.0,0.32,590400,3446.0,3372.0,4631.0,2736.0
2026-07-21 09:55:35,2026-07-21 09:40,3427.0,3412.0,0.44,619400,3446.0,3372.0,4631.0,2736.0
2026-07-21 10:00:30,2026-07-21 09:45,3423.0,3412.0,0.32,640500,3446.0,3372.0,4631.0,2736.0
2026-07-21 10:05:50,2026-07-21 09:50,3397.0,3412.0,-0.44,685500,3446.0,3372.0,4631.0,2736.0
2026-07-21 10:10:29,2026-07-21 09:55,3413.0,3412.0,0.03,719700,3446.0,3372.0,4631.0,2736.0
2026-07-21 10:15:32,2026-07-21 10:00,3436.0,3412.0,0.7,761200,3446.0,3372.0,4631.0,2736.0
2026-07-21 10:20:34,2026-07-21 10:05,3428.0,3412.0,0.47,793800,3446.0,3372.0,4631.0,2736.0
2026-07-21 10:25:30,2026-07-21 10:10,3445.0,3412.0,0.97,852100,3452.0,3372.0,4631.0,2736.0
2026-07-21 10:30:33,2026-07-21 10:15,3451.0,3412.0,1.14,873900,3453.0,3372.0,4631.0,2736.0
2026-07-21 10:35:32,2026-07-21 10:20,3443.0,3412.0,0.91,918300,3457.0,3372.0,4631.0,2736.0
2026-07-21 10:40:29,2026-07-21 10:25,3443.0,3412.0,0.91,943100,3457.0,3372.0,4631.0,2736.0
2026-07-21 10:45:39,2026-07-21 10:30,3440.0,3412.0,0.82,962200,3457.0,3372.0,4631.0,2736.0
2026-07-21 10:50:48,2026-07-21 10:35,3446.0,3412.0,1.0,981700,3457.0,3372.0,4631.0,2736.0
2026-07-21 10:55:44,2026-07-21 10:40,3454.0,3412.0,1.23,1001200,3457.0,3372.0,4631.0,2736.0
2026-07-21 11:00:30,2026-07-21 10:45,3454.0,3412.0,1.23,1018800,3457.0,3372.0,4631.0,2736.0
2026-07-21 11:05:36,2026-07-21 10:50,3456.0,3412.0,1.29,1038600,3457.0,3372.0,4631.0,2736.0
2026-07-21 11:10:37,2026-07-21 10:55,3457.0,3412.0,1.32,1063300,3460.0,3372.0,4631.0,2736.0
2026-07-21 11:15:30,2026-07-21 11:00,3455.0,3412.0,1.26,1082200,3460.0,3372.0,4631.0,2736.0
2026-07-21 11:20:32,2026-07-21 11:05,3457.0,3412.0,1.32,1099600,3460.0,3372.0,4631.0,2736.0
2026-07-21 11:25:35,2026-07-21 11:10,3458.0,3412.0,1.35,1120400,3461.0,3372.0,4631.0,2736.0
2026-07-21 11:30:39,2026-07-21 11:15,3432.0,3412.0,0.59,1145800,3461.0,3372.0,4631.0,2736.0
2026-07-21 12:30:33,2026-07-21 11:30,3428.0,3412.0,0.47,1224400,3461.0,3372.0,4631.0,2736.0
2026-07-21 12:35:30,2026-07-21 11:30,3428.0,3412.0,0.47,1224400,3461.0,3372.0,4631.0,2736.0
2026-07-21 12:40:28,2026-07-21 11:30,3428.0,3412.0,0.47,1224400,3461.0,3372.0,4631.0,2736.0
2026-07-21 12:45:53,2026-07-21 12:30,3446.0,3412.0,1.0,1283800,3461.0,3372.0,4631.0,2736.0
2026-07-21 12:50:33,2026-07-21 12:35,3440.0,3412.0,0.82,1321900,3461.0,3372.0,4631.0,2736.0
2026-07-21 12:55:34,2026-07-21 12:40,3439.0,3412.0,0.79,1352200,3461.0,3372.0,4631.0,2736.0
2026-07-21 13:00:30,2026-07-21 12:45,3437.0,3412.0,0.73,1372500,3461.0,3372.0,4631.0,2736.0
2026-07-21 13:05:32,2026-07-21 12:50,3429.0,3412.0,0.5,1403900,3461.0,3372.0,4631.0,2736.0
2026-07-21 13:10:37,2026-07-21 12:55,3429.0,3412.0,0.5,1424600,3461.0,3372.0,4631.0,2736.0
2026-07-21 13:15:38,2026-07-21 13:00,3429.0,3412.0,0.5,1441900,3461.0,3372.0,4631.0,2736.0
2026-07-21 13:20:49,2026-07-21 13:05,3424.0,3412.0,0.35,1461700,3461.0,3372.0,4631.0,2736.0
2026-07-21 13:25:31,2026-07-21 13:10,3426.0,3412.0,0.41,1480300,3461.0,3372.0,4631.0,2736.0
2026-07-21 13:30:43,2026-07-21 13:15,3417.0,3412.0,0.15,1504900,3461.0,3372.0,4631.0,2736.0
2026-07-21 13:35:34,2026-07-21 13:20,3418.0,3412.0,0.18,1527700,3461.0,3372.0,4631.0,2736.0
2026-07-21 13:40:41,2026-07-21 13:25,3422.0,3412.0,0.29,1547600,3461.0,3372.0,4631.0,2736.0
2026-07-21 13:45:37,2026-07-21 13:30,3402.0,3412.0,-0.29,1580300,3461.0,3372.0,4631.0,2736.0
2026-07-21 13:50:30,2026-07-21 13:35,3399.0,3412.0,-0.38,1599900,3461.0,3372.0,4631.0,2736.0
2026-07-21 13:55:36,2026-07-21 13:40,3400.0,3412.0,-0.35,1621400,3461.0,3372.0,4631.0,2736.0
2026-07-21 14:00:47,2026-07-21 13:45,3390.0,3412.0,-0.64,1643600,3461.0,3372.0,4631.0,2736.0
2026-07-21 14:05:37,2026-07-21 13:50,3392.0,3412.0,-0.59,1664200,3461.0,3372.0,4631.0,2736.0
2026-07-21 14:10:37,2026-07-21 13:55,3394.0,3412.0,-0.53,1683000,3461.0,3372.0,4631.0,2736.0
2026-07-21 14:15:38,2026-07-21 14:00,3396.0,3412.0,-0.47,1702600,3461.0,3372.0,4631.0,2736.0
2026-07-21 14:20:38,2026-07-21 14:05,3393.0,3412.0,-0.56,1718200,3461.0,3372.0,4631.0,2736.0
2026-07-21 14:25:33,2026-07-21 14:10,3406.0,3412.0,-0.18,1748400,3461.0,3372.0,4631.0,2736.0
2026-07-21 14:30:40,2026-07-21 14:15,3396.0,3412.0,-0.47,1772200,3461.0,3372.0,4631.0,2736.0
2026-07-21 14:35:38,2026-07-21 14:19,3395.0,3412.0,-0.5,1793400,3461.0,3372.0,4631.0,2736.0
2026-07-21 14:40:30,2026-07-21 14:25,3391.0,3412.0,-0.62,1811500,3461.0,3372.0,4631.0,2736.0
2026-07-21 14:45:35,2026-07-21 14:30,3391.0,3412.0,-0.62,1838200,3461.0,3372.0,4631.0,2736.0
2026-07-21 14:50:43,2026-07-21 14:35,3402.0,3412.0,-0.29,1863000,3461.0,3372.0,4631.0,2736.0
2026-07-21 14:55:35,2026-07-21 14:40,3401.0,3412.0,-0.32,1889500,3461.0,3372.0,4631.0,2736.0
2026-07-21 15:00:38,2026-07-21 14:45,3397.0,3412.0,-0.44,1915700,3461.0,3372.0,4631.0,2736.0
2026-07-21 15:05:41,2026-07-21 14:50,3395.0,3412.0,-0.5,1939500,3461.0,3372.0,4631.0,2736.0
2026-07-21 15:10:45,2026-07-21 14:55,3394.0,3412.0,-0.53,1961600,3461.0,3372.0,4631.0,2736.0
2026-07-21 15:15:40,2026-07-21 15:00,3386.0,3412.0,-0.76,1979700,3461.0,3372.0,4631.0,2736.0
2026-07-21 15:20:33,2026-07-21 15:05,3391.0,3412.0,-0.62,2018400,3461.0,3372.0,4631.0,2736.0
2026-07-21 15:25:34,2026-07-21 15:10,3395.0,3412.0,-0.5,2052600,3461.0,3372.0,4631.0,2736.0
2026-07-21 15:30:29,2026-07-21 15:15,3399.0,3412.0,-0.38,2081800,3461.0,3372.0,4631.0,2736.0
2026-07-21 15:40:32,2026-07-21 15:24,3404.0,3412.0,-0.23,2154900,3461.0,3372.0,4631.0,2736.0
2026-07-22 09:05:31,2026-07-21 15:30,3410.0,3412.0,-0.06,2983200,3461.0,3372.0,4631.0,2736.0
2026-07-22 09:10:43,2026-07-21 15:30,3410.0,3412.0,-0.06,2983200,3461.0,3372.0,4631.0,2736.0
2026-07-22 09:15:28,2026-07-22 09:00,3410.0,3412.0,-0.06,3095400,3350.0,3326.0,4631.0,2736.0
2026-07-22 09:20:29,2026-07-22 09:05,3354.0,3410.0,-1.64,210500,3362.0,3326.0,4631.0,2736.0
2026-07-22 09:25:32,2026-07-22 09:10,3350.0,3410.0,-1.76,262300,3362.0,3326.0,4631.0,2736.0
2026-07-22 09:30:35,2026-07-22 09:15,3350.0,3410.0,-1.76,298400,3364.0,3326.0,4631.0,2736.0
2026-07-22 09:35:40,2026-07-22 09:20,3345.0,3410.0,-1.91,342300,3364.0,3326.0,4631.0,2736.0
2026-07-22 09:40:40,2026-07-22 09:25,3341.0,3410.0,-2.02,397500,3364.0,3326.0,4631.0,2736.0
2026-07-22 09:45:38,2026-07-22 09:30,3340.0,3410.0,-2.05,432600,3364.0,3326.0,4631.0,2736.0
2026-07-22 09:50:40,2026-07-22 09:35,3337.0,3410.0,-2.14,461200,3364.0,3326.0,4631.0,2736.0
2026-07-22 09:55:28,2026-07-22 09:40,3359.0,3410.0,-1.5,501600,3364.0,3326.0,4631.0,2736.0
2026-07-22 10:00:30,2026-07-22 09:45,3345.0,3410.0,-1.91,528300,3364.0,3326.0,4631.0,2736.0
2026-07-22 10:05:29,2026-07-22 09:50,3349.0,3410.0,-1.79,550900,3364.0,3326.0,4631.0,2736.0
2026-07-22 10:10:30,2026-07-22 09:55,3348.0,3410.0,-1.82,579000,3364.0,3326.0,4631.0,2736.0
2026-07-22 10:15:32,2026-07-22 10:00,3352.0,3410.0,-1.7,622400,3364.0,3326.0,4631.0,2736.0
2026-07-22 10:20:44,2026-07-22 10:05,3350.0,3410.0,-1.76,657500,3364.0,3326.0,4631.0,2736.0
2026-07-22 10:25:50,2026-07-22 10:10,3349.0,3410.0,-1.79,687200,3364.0,3326.0,4631.0,2736.0
2026-07-22 10:30:37,2026-07-22 10:15,3349.0,3410.0,-1.79,704500,3364.0,3326.0,4631.0,2736.0
2026-07-22 10:35:29,2026-07-22 10:20,3351.0,3410.0,-1.73,731900,3364.0,3326.0,4631.0,2736.0
2026-07-22 10:40:33,2026-07-22 10:25,3361.0,3410.0,-1.44,768000,3364.0,3326.0,4631.0,2736.0
2026-07-22 10:45:43,2026-07-22 10:30,3357.0,3410.0,-1.55,792200,3364.0,3326.0,4631.0,2736.0
2026-07-22 10:50:32,2026-07-22 10:35,3357.0,3410.0,-1.55,823900,3364.0,3326.0,4631.0,2736.0
2026-07-22 10:55:39,2026-07-22 10:40,3361.0,3410.0,-1.44,840400,3364.0,3326.0,4631.0,2736.0
2026-07-22 11:00:38,2026-07-22 10:45,3356.0,3410.0,-1.58,866000,3364.0,3326.0,4631.0,2736.0
2026-07-22 11:05:45,2026-07-22 10:50,3348.0,3410.0,-1.82,887500,3364.0,3326.0,4631.0,2736.0
2026-07-22 11:10:33,2026-07-22 10:55,3343.0,3410.0,-1.96,915800,3364.0,3326.0,4631.0,2736.0
2026-07-22 11:15:38,2026-07-22 11:00,3339.0,3410.0,-2.08,940800,3364.0,3326.0,4631.0,2736.0
2026-07-22 11:20:31,2026-07-22 11:04,3336.0,3410.0,-2.17,949900,3364.0,3326.0,4631.0,2736.0
2026-07-22 11:25:34,2026-07-22 11:10,3341.0,3410.0,-2.02,977800,3364.0,3326.0,4631.0,2736.0
2026-07-22 11:30:30,2026-07-22 11:15,3339.0,3410.0,-2.08,991600,3364.0,3326.0,4631.0,2736.0
2026-07-22 12:30:37,2026-07-22 11:30,3343.0,3410.0,-1.96,1032200,3364.0,3326.0,4631.0,2736.0
2026-07-22 12:35:40,2026-07-22 11:30,3343.0,3410.0,-1.96,1032200,3364.0,3326.0,4631.0,2736.0
2026-07-22 12:40:38,2026-07-22 11:30,3343.0,3410.0,-1.96,1032200,3364.0,3326.0,4631.0,2736.0
2026-07-22 12:45:34,2026-07-22 12:30,3351.0,3410.0,-1.73,1071400,3364.0,3326.0,4631.0,2736.0
2026-07-22 12:50:32,2026-07-22 12:35,3343.0,3410.0,-1.96,1115600,3364.0,3326.0,4631.0,2736.0
2026-07-22 12:55:36,2026-07-22 12:40,3345.0,3410.0,-1.91,1148100,3364.0,3326.0,4631.0,2736.0
2026-07-22 13:00:47,2026-07-22 12:45,3352.0,3410.0,-1.7,1178200,3364.0,3326.0,4631.0,2736.0
2026-07-22 13:05:31,2026-07-22 12:50,3352.0,3410.0,-1.7,1200800,3364.0,3326.0,4631.0,2736.0
2026-07-22 13:10:34,2026-07-22 12:55,3354.0,3410.0,-1.64,1218200,3364.0,3326.0,4631.0,2736.0
2026-07-22 13:15:34,2026-07-22 12:59,3351.0,3410.0,-1.73,1238800,3364.0,3326.0,4631.0,2736.0
2026-07-22 13:20:33,2026-07-22 13:05,3354.0,3410.0,-1.64,1253800,3364.0,3326.0,4631.0,2736.0
2026-07-22 13:25:59,2026-07-22 13:10,3344.0,3410.0,-1.94,1279100,3364.0,3326.0,4631.0,2736.0
2026-07-22 13:30:44,2026-07-22 13:15,3350.0,3410.0,-1.76,1300400,3364.0,3326.0,4631.0,2736.0
2026-07-22 13:35:38,2026-07-22 13:20,3351.0,3410.0,-1.73,1316700,3364.0,3326.0,4631.0,2736.0
2026-07-22 13:40:37,2026-07-22 13:25,3347.0,3410.0,-1.85,1328100,3364.0,3326.0,4631.0,2736.0
2026-07-22 13:45:42,2026-07-22 13:30,3357.0,3410.0,-1.55,1357900,3364.0,3326.0,4631.0,2736.0
2026-07-22 13:50:39,2026-07-22 13:35,3358.0,3410.0,-1.52,1372500,3364.0,3326.0,4631.0,2736.0
2026-07-22 13:55:36,2026-07-22 13:40,3362.0,3410.0,-1.41,1432200,3366.0,3326.0,4631.0,2736.0
2026-07-22 14:00:39,2026-07-22 13:45,3366.0,3410.0,-1.29,1467800,3371.0,3326.0,4631.0,2736.0
2026-07-22 14:05:44,2026-07-22 13:50,3370.0,3410.0,-1.17,1492900,3371.0,3326.0,4631.0,2736.0
2026-07-22 14:10:35,2026-07-22 13:55,3374.0,3410.0,-1.06,1529400,3380.0,3326.0,4631.0,2736.0
2026-07-22 14:15:53,2026-07-22 14:00,3376.0,3410.0,-1.0,1579800,3380.0,3326.0,4631.0,2736.0
2026-07-22 14:20:39,2026-07-22 14:05,3385.0,3410.0,-0.73,1651600,3389.0,3326.0,4631.0,2736.0
2026-07-22 14:25:36,2026-07-22 14:10,3387.0,3410.0,-0.67,1684800,3390.0,3326.0,4631.0,2736.0
2026-07-22 14:30:37,2026-07-22 14:15,3389.0,3410.0,-0.62,1708100,3392.0,3326.0,4631.0,2736.0
2026-07-22 14:35:36,2026-07-22 14:20,3393.0,3410.0,-0.5,1733000,3393.0,3326.0,4631.0,2736.0
2026-07-22 14:40:33,2026-07-22 14:25,3387.0,3410.0,-0.67,1798200,3395.0,3326.0,4631.0,2736.0
2026-07-22 14:45:41,2026-07-22 14:30,3380.0,3410.0,-0.88,1819800,3395.0,3326.0,4631.0,2736.0
2026-07-22 14:50:58,2026-07-22 14:35,3377.0,3410.0,-0.97,1842200,3395.0,3326.0,4631.0,2736.0
2026-07-22 14:55:35,2026-07-22 14:40,3382.0,3410.0,-0.82,1866900,3395.0,3326.0,4631.0,2736.0
2026-07-22 15:00:35,2026-07-22 14:43,3379.0,3410.0,-0.91,1875900,3395.0,3326.0,4631.0,2736.0
2026-07-22 15:05:41,2026-07-22 14:50,3385.0,3410.0,-0.73,1921000,3395.0,3326.0,4631.0,2736.0
2026-07-22 15:10:40,2026-07-22 14:55,3378.0,3410.0,-0.94,1948300,3395.0,3326.0,4631.0,2736.0
2026-07-22 15:15:52,2026-07-22 15:00,3376.0,3410.0,-1.0,2007900,3395.0,3326.0,4631.0,2736.0
2026-07-22 15:20:32,2026-07-22 15:05,3379.0,3410.0,-0.91,2049800,3395.0,3326.0,4631.0,2736.0
2026-07-22 15:25:44,2026-07-22 15:10,3379.0,3410.0,-0.91,2103300,3395.0,3326.0,4631.0,2736.0
2026-07-22 15:30:54,2026-07-22 15:15,3366.0,3410.0,-1.29,2162400,3395.0,3326.0,4631.0,2736.0
2026-07-22 15:40:45,2026-07-22 15:25,3377.0,3410.0,-0.97,2272400,3395.0,3326.0,4631.0,2736.0
2026-07-23 09:05:33,2026-07-22 15:30,3362.0,3410.0,-1.41,3122800,3395.0,3326.0,4631.0,2736.0
2026-07-23 09:10:31,2026-07-22 15:30,3362.0,3410.0,-1.41,3122800,3395.0,3326.0,4631.0,2736.0
2026-07-23 09:15:31,2026-07-22 15:30,3362.0,3410.0,-1.41,3122800,3395.0,3326.0,4631.0,2736.0
2026-07-23 09:20:34,2026-07-23 09:05,3280.0,3362.0,-2.44,263300,3312.0,3275.0,4631.0,2736.0
2026-07-23 09:25:36,2026-07-23 09:10,3290.0,3362.0,-2.14,314900,3312.0,3275.0,4631.0,2736.0
2026-07-23 09:30:35,2026-07-23 09:15,3287.0,3362.0,-2.23,361200,3312.0,3275.0,4631.0,2736.0
2026-07-23 09:35:31,2026-07-23 09:20,3295.0,3362.0,-1.99,399700,3312.0,3275.0,4631.0,2736.0
2026-07-23 09:40:34,2026-07-23 09:25,3312.0,3362.0,-1.49,441700,3316.0,3275.0,4631.0,2736.0
2026-07-23 09:45:32,2026-07-23 09:30,3310.0,3362.0,-1.55,457300,3316.0,3275.0,4631.0,2736.0
2026-07-23 09:50:32,2026-07-23 09:35,3311.0,3362.0,-1.52,476200,3316.0,3275.0,4631.0,2736.0
2026-07-23 09:55:29,2026-07-23 09:40,3308.0,3362.0,-1.61,511600,3316.0,3275.0,4631.0,2736.0
2026-07-23 10:00:34,2026-07-23 09:45,3321.0,3362.0,-1.22,536800,3321.0,3275.0,4631.0,2736.0
2026-07-23 10:06:04,2026-07-23 09:50,3318.0,3362.0,-1.31,564300,3322.0,3275.0,4631.0,2736.0
2026-07-23 10:10:37,2026-07-23 09:55,3321.0,3362.0,-1.22,577900,3323.0,3275.0,4631.0,2736.0
2026-07-23 10:15:29,2026-07-23 10:00,3328.0,3362.0,-1.01,594600,3328.0,3275.0,4631.0,2736.0
2026-07-23 10:20:30,2026-07-23 10:05,3322.0,3362.0,-1.19,621900,3329.0,3275.0,4631.0,2736.0
2026-07-23 10:25:33,2026-07-23 10:10,3318.0,3362.0,-1.31,650500,3329.0,3275.0,4631.0,2736.0
2026-07-23 10:30:40,2026-07-23 10:15,3318.0,3362.0,-1.31,672600,3329.0,3275.0,4631.0,2736.0
2026-07-23 10:35:38,2026-07-23 10:20,3319.0,3362.0,-1.28,691400,3329.0,3275.0,4631.0,2736.0
2026-07-23 10:40:33,2026-07-23 10:25,3320.0,3362.0,-1.25,706800,3329.0,3275.0,4631.0,2736.0
2026-07-23 10:45:55,2026-07-23 10:30,3316.0,3362.0,-1.37,721300,3329.0,3275.0,4631.0,2736.0
2026-07-23 10:50:34,2026-07-23 10:35,3307.0,3362.0,-1.64,739500,3329.0,3275.0,4631.0,2736.0
2026-07-23 10:55:38,2026-07-23 10:40,3313.0,3362.0,-1.46,758500,3329.0,3275.0,4631.0,2736.0
2026-07-23 11:00:37,2026-07-23 10:45,3297.0,3362.0,-1.93,788100,3329.0,3275.0,4631.0,2736.0
2026-07-23 11:05:39,2026-07-23 10:50,3296.0,3362.0,-1.96,812800,3329.0,3275.0,4631.0,2736.0
2026-07-23 11:10:35,2026-07-23 10:55,3294.0,3362.0,-2.02,834900,3329.0,3275.0,4631.0,2736.0
2026-07-23 11:15:36,2026-07-23 10:59,3297.0,3362.0,-1.93,867200,3329.0,3275.0,4631.0,2736.0
2026-07-23 11:20:29,2026-07-23 11:05,3299.0,3362.0,-1.87,891600,3329.0,3275.0,4631.0,2736.0
2026-07-23 11:25:28,2026-07-23 11:10,3296.0,3362.0,-1.96,909700,3329.0,3275.0,4631.0,2736.0
2026-07-23 11:30:31,2026-07-23 11:15,3298.0,3362.0,-1.9,934200,3329.0,3275.0,4631.0,2736.0
2026-07-23 12:30:31,2026-07-23 11:30,3303.0,3362.0,-1.75,1024100,3329.0,3275.0,4631.0,2736.0
2026-07-23 12:35:43,2026-07-23 11:30,3303.0,3362.0,-1.75,1024100,3329.0,3275.0,4631.0,2736.0
2026-07-23 12:40:30,2026-07-23 11:30,3303.0,3362.0,-1.75,1024100,3329.0,3275.0,4631.0,2736.0
2026-07-23 12:45:40,2026-07-23 12:30,3340.0,3362.0,-0.65,1094400,3341.0,3275.0,4631.0,2736.0
2026-07-23 12:50:34,2026-07-23 12:35,3330.0,3362.0,-0.95,1151800,3343.0,3275.0,4631.0,2736.0
2026-07-23 12:55:42,2026-07-23 12:40,3328.0,3362.0,-1.01,1174500,3343.0,3275.0,4631.0,2736.0
2026-07-23 13:00:35,2026-07-23 12:45,3333.0,3362.0,-0.86,1193700,3343.0,3275.0,4631.0,2736.0
2026-07-23 13:05:31,2026-07-23 12:50,3339.0,3362.0,-0.68,1212500,3343.0,3275.0,4631.0,2736.0
2026-07-23 13:10:30,2026-07-23 12:55,3337.0,3362.0,-0.74,1232900,3343.0,3275.0,4631.0,2736.0
2026-07-23 13:15:37,2026-07-23 13:00,3334.0,3362.0,-0.83,1248400,3343.0,3275.0,4631.0,2736.0
2026-07-23 13:20:38,2026-07-23 13:05,3335.0,3362.0,-0.8,1256500,3343.0,3275.0,4631.0,2736.0
2026-07-23 13:25:40,2026-07-23 13:10,3337.0,3362.0,-0.74,1269200,3343.0,3275.0,4631.0,2736.0
2026-07-23 13:30:35,2026-07-23 13:15,3341.0,3362.0,-0.62,1283200,3343.0,3275.0,4631.0,2736.0
2026-07-23 13:35:34,2026-07-23 13:20,3340.0,3362.0,-0.65,1296200,3344.0,3275.0,4631.0,2736.0
2026-07-23 13:40:33,2026-07-23 13:25,3334.0,3362.0,-0.83,1318800,3344.0,3275.0,4631.0,2736.0
2026-07-23 13:45:40,2026-07-23 13:30,3338.0,3362.0,-0.71,1330200,3344.0,3275.0,4631.0,2736.0
2026-07-23 13:50:40,2026-07-23 13:35,3338.0,3362.0,-0.71,1341300,3344.0,3275.0,4631.0,2736.0
2026-07-23 13:55:34,2026-07-23 13:40,3340.0,3362.0,-0.65,1351200,3344.0,3275.0,4631.0,2736.0
2026-07-23 14:00:34,2026-07-23 13:45,3336.0,3362.0,-0.77,1358100,3344.0,3275.0,4631.0,2736.0
2026-07-23 14:05:47,2026-07-23 13:50,3338.0,3362.0,-0.71,1366000,3344.0,3275.0,4631.0,2736.0
2026-07-23 14:10:32,2026-07-23 13:55,3337.0,3362.0,-0.74,1380400,3344.0,3275.0,4631.0,2736.0
2026-07-23 14:15:48,2026-07-23 14:00,3330.0,3362.0,-0.95,1397000,3344.0,3275.0,4631.0,2736.0
2026-07-23 14:20:30,2026-07-23 14:05,3327.0,3362.0,-1.04,1411400,3344.0,3275.0,4631.0,2736.0
2026-07-23 14:25:38,2026-07-23 14:10,3331.0,3362.0,-0.92,1423600,3344.0,3275.0,4631.0,2736.0
2026-07-23 14:30:30,2026-07-23 14:15,3332.0,3362.0,-0.89,1430000,3344.0,3275.0,4631.0,2736.0
2026-07-23 14:35:34,2026-07-23 14:20,3331.0,3362.0,-0.92,1444800,3344.0,3275.0,4631.0,2736.0
2026-07-23 14:40:49,2026-07-23 14:25,3329.0,3362.0,-0.98,1453500,3344.0,3275.0,4631.0,2736.0
2026-07-23 14:45:29,2026-07-23 14:30,3340.0,3362.0,-0.65,1513300,3344.0,3275.0,4631.0,2736.0
2026-07-23 14:50:36,2026-07-23 14:35,3340.0,3362.0,-0.65,1547200,3344.0,3275.0,4631.0,2736.0
2026-07-23 14:55:32,2026-07-23 14:40,3342.0,3362.0,-0.59,1564600,3344.0,3275.0,4631.0,2736.0
2026-07-23 15:00:53,2026-07-23 14:45,3345.0,3362.0,-0.51,1585800,3346.0,3275.0,4631.0,2736.0
2026-07-23 15:05:44,2026-07-23 14:50,3348.0,3362.0,-0.42,1607000,3349.0,3275.0,4631.0,2736.0
2026-07-23 15:10:31,2026-07-23 14:55,3350.0,3362.0,-0.36,1625400,3352.0,3275.0,4631.0,2736.0
2026-07-23 15:15:38,2026-07-23 15:00,3350.0,3362.0,-0.36,1644800,3353.0,3275.0,4631.0,2736.0
2026-07-23 15:20:39,2026-07-23 15:05,3353.0,3362.0,-0.27,1664100,3354.0,3275.0,4631.0,2736.0
2026-07-23 15:25:47,2026-07-23 15:10,3353.0,3362.0,-0.27,1683000,3359.0,3275.0,4631.0,2736.0
2026-07-23 15:30:47,2026-07-23 15:15,3354.0,3362.0,-0.24,1759200,3361.0,3275.0,4631.0,2736.0
2026-07-23 15:40:42,2026-07-23 15:24,3348.0,3362.0,-0.42,1848600,3361.0,3275.0,4631.0,2736.0
2026-07-24 09:05:38,2026-07-23 15:30,3357.0,3362.0,-0.15,2521000,3361.0,3275.0,4631.0,2736.0
2026-07-24 09:10:31,2026-07-23 15:30,3357.0,3362.0,-0.15,2521000,3361.0,3275.0,4631.0,2736.0
2026-07-24 09:15:35,2026-07-24 09:00,3357.0,3362.0,-0.15,2626200,3324.0,3280.0,4631.0,2736.0
2026-07-24 09:20:29,2026-07-24 09:05,3298.0,3357.0,-1.76,152500,3324.0,3280.0,4631.0,2736.0
2026-07-24 09:25:51,2026-07-24 09:10,3319.0,3357.0,-1.13,192800,3324.0,3280.0,4631.0,2736.0
2026-07-24 09:30:36,2026-07-24 09:15,3318.0,3357.0,-1.16,202800,3324.0,3280.0,4631.0,2736.0
2026-07-24 09:35:33,2026-07-24 09:20,3310.0,3357.0,-1.4,235000,3324.0,3280.0,4631.0,2736.0
2026-07-24 09:40:34,2026-07-24 09:25,3314.0,3357.0,-1.28,252200,3324.0,3280.0,4631.0,2736.0
2026-07-24 09:45:33,2026-07-24 09:30,3298.0,3357.0,-1.76,277100,3324.0,3280.0,4631.0,2736.0
2026-07-24 09:50:41,2026-07-24 09:35,3297.0,3357.0,-1.79,298400,3324.0,3280.0,4631.0,2736.0
2026-07-24 09:55:35,2026-07-24 09:39,3295.0,3357.0,-1.85,306400,3324.0,3280.0,4631.0,2736.0
2026-07-24 10:00:41,2026-07-24 09:45,3311.0,3357.0,-1.37,323500,3324.0,3280.0,4631.0,2736.0
2026-07-24 10:05:32,2026-07-24 09:50,3321.0,3357.0,-1.07,341000,3326.0,3280.0,4631.0,2736.0
2026-07-24 10:10:30,2026-07-24 09:55,3330.0,3357.0,-0.8,349500,3331.0,3280.0,4631.0,2736.0
2026-07-24 10:15:39,2026-07-24 10:00,3323.0,3357.0,-1.01,359100,3331.0,3280.0,4631.0,2736.0
2026-07-24 10:20:30,2026-07-24 10:05,3322.0,3357.0,-1.04,364900,3331.0,3280.0,4631.0,2736.0
2026-07-24 10:25:35,2026-07-24 10:09,3325.0,3357.0,-0.95,373500,3331.0,3280.0,4631.0,2736.0
2026-07-24 10:30:35,2026-07-24 10:15,3327.0,3357.0,-0.89,389900,3331.0,3280.0,4631.0,2736.0
2026-07-24 10:35:37,2026-07-24 10:20,3322.0,3357.0,-1.04,395900,3331.0,3280.0,4631.0,2736.0
2026-07-24 10:40:42,2026-07-24 10:25,3318.0,3357.0,-1.16,419300,3331.0,3280.0,4631.0,2736.0
2026-07-24 10:45:31,2026-07-24 10:30,3322.0,3357.0,-1.04,426100,3331.0,3280.0,4631.0,2736.0
2026-07-24 10:50:39,2026-07-24 10:35,3325.0,3357.0,-0.95,430500,3331.0,3280.0,4631.0,2736.0
2026-07-24 10:55:32,2026-07-24 10:39,3322.0,3357.0,-1.04,437700,3331.0,3280.0,4631.0,2736.0
2026-07-24 11:00:35,2026-07-24 10:45,3323.0,3357.0,-1.01,462200,3332.0,3280.0,4631.0,2736.0
2026-07-24 11:05:33,2026-07-24 10:49,3328.0,3357.0,-0.86,471000,3332.0,3280.0,4631.0,2736.0
2026-07-24 11:10:48,2026-07-24 10:55,3335.0,3357.0,-0.66,506100,3340.0,3280.0,4631.0,2736.0
2026-07-24 11:15:36,2026-07-24 11:00,3339.0,3357.0,-0.54,539000,3348.0,3280.0,4631.0,2736.0
2026-07-24 11:20:41,2026-07-24 11:05,3353.0,3357.0,-0.12,560000,3354.0,3280.0,4631.0,2736.0
2026-07-24 11:25:38,2026-07-24 11:10,3353.0,3357.0,-0.12,580700,3358.0,3280.0,4631.0,2736.0
2026-07-24 11:30:30,2026-07-24 11:15,3355.0,3357.0,-0.06,587500,3358.0,3280.0,4631.0,2736.0
2026-07-24 12:30:41,2026-07-24 11:30,3373.0,3357.0,0.48,643200,3373.0,3280.0,4631.0,2736.0
2026-07-24 12:35:36,2026-07-24 11:30,3373.0,3357.0,0.48,643200,3373.0,3280.0,4631.0,2736.0
2026-07-24 12:40:29,2026-07-24 11:30,3373.0,3357.0,0.48,643200,3373.0,3280.0,4631.0,2736.0
2026-07-24 12:45:31,2026-07-24 12:30,3371.0,3357.0,0.42,682500,3380.0,3280.0,4631.0,2736.0
2026-07-24 12:50:38,2026-07-24 12:35,3363.0,3357.0,0.18,707500,3380.0,3280.0,4631.0,2736.0
2026-07-24 12:55:38,2026-07-24 12:40,3361.0,3357.0,0.12,722300,3380.0,3280.0,4631.0,2736.0
2026-07-24 13:00:45,2026-07-24 12:45,3357.0,3357.0,0.0,729800,3380.0,3280.0,4631.0,2736.0
2026-07-24 13:05:34,2026-07-24 12:50,3353.0,3357.0,-0.12,744800,3380.0,3280.0,4631.0,2736.0
2026-07-24 13:10:28,2026-07-24 12:55,3357.0,3357.0,0.0,767800,3380.0,3280.0,4631.0,2736.0
2026-07-24 13:15:34,2026-07-24 12:59,3363.0,3357.0,0.18,805600,3380.0,3280.0,4631.0,2736.0
2026-07-24 13:20:54,2026-07-24 13:05,3358.0,3357.0,0.03,824300,3380.0,3280.0,4631.0,2736.0
2026-07-24 13:25:32,2026-07-24 13:10,3368.0,3357.0,0.33,838200,3380.0,3280.0,4631.0,2736.0
2026-07-24 13:30:35,2026-07-24 13:15,3373.0,3357.0,0.48,855200,3380.0,3280.0,4631.0,2736.0
2026-07-24 13:35:30,2026-07-24 13:20,3380.0,3357.0,0.69,900700,3384.0,3280.0,4631.0,2736.0
2026-07-24 13:40:42,2026-07-24 13:25,3382.0,3357.0,0.74,924100,3387.0,3280.0,4631.0,2736.0
2026-07-24 13:45:37,2026-07-24 13:30,3375.0,3357.0,0.54,941100,3387.0,3280.0,4631.0,2736.0
2026-07-24 13:50:28,2026-07-24 13:35,3375.0,3357.0,0.54,955300,3387.0,3280.0,4631.0,2736.0
2026-07-24 13:55:29,2026-07-24 13:40,3371.0,3357.0,0.42,970100,3387.0,3280.0,4631.0,2736.0
2026-07-24 14:00:37,2026-07-24 13:45,3375.0,3357.0,0.54,983600,3387.0,3280.0,4631.0,2736.0
2026-07-24 14:05:52,2026-07-24 13:50,3374.0,3357.0,0.51,995500,3387.0,3280.0,4631.0,2736.0
2026-07-24 14:10:51,2026-07-24 13:55,3374.0,3357.0,0.51,1004700,3387.0,3280.0,4631.0,2736.0
2026-07-24 14:15:47,2026-07-24 14:00,3373.0,3357.0,0.48,1015400,3387.0,3280.0,4631.0,2736.0
2026-07-24 14:20:50,2026-07-24 14:05,3367.0,3357.0,0.3,1030800,3387.0,3280.0,4631.0,2736.0
2026-07-24 14:25:47,2026-07-24 14:10,3368.0,3357.0,0.33,1045600,3387.0,3280.0,4631.0,2736.0
2026-07-24 14:30:31,2026-07-24 14:15,3374.0,3357.0,0.51,1057600,3387.0,3280.0,4631.0,2736.0
2026-07-24 14:35:37,2026-07-24 14:20,3373.0,3357.0,0.48,1066100,3387.0,3280.0,4631.0,2736.0
2026-07-24 14:40:31,2026-07-24 14:25,3373.0,3357.0,0.48,1078600,3387.0,3280.0,4631.0,2736.0
2026-07-24 14:45:31,2026-07-24 14:30,3376.0,3357.0,0.57,1096100,3387.0,3280.0,4631.0,2736.0
2026-07-24 14:50:29,2026-07-24 14:35,3380.0,3357.0,0.69,1108400,3387.0,3280.0,4631.0,2736.0
2026-07-24 14:55:43,2026-07-24 14:40,3376.0,3357.0,0.57,1118400,3387.0,3280.0,4631.0,2736.0
2026-07-24 15:01:04,2026-07-24 14:46,3378.0,3357.0,0.63,1128600,3387.0,3280.0,4631.0,2736.0
2026-07-24 15:05:54,2026-07-24 14:50,3372.0,3357.0,0.45,1139900,3387.0,3280.0,4631.0,2736.0
2026-07-24 15:10:36,2026-07-24 14:55,3374.0,3357.0,0.51,1151500,3387.0,3280.0,4631.0,2736.0
2026-07-24 15:15:30,2026-07-24 15:00,3372.0,3357.0,0.45,1167900,3387.0,3280.0,4631.0,2736.0
2026-07-24 15:20:42,2026-07-24 15:05,3366.0,3357.0,0.27,1189300,3387.0,3280.0,4631.0,2736.0
2026-07-24 15:25:38,2026-07-24 15:10,3371.0,3357.0,0.42,1209600,3387.0,3280.0,4631.0,2736.0
2026-07-24 15:30:36,2026-07-24 15:15,3374.0,3357.0,0.51,1222100,3387.0,3280.0,4631.0,2736.0
2026-07-24 15:51:03,2026-07-24 15:30,3364.0,3357.0,0.21,1941000,3387.0,3280.0,4631.0,2736.0
2026-07-27 09:05:36,2026-07-24 15:30,3364.0,3357.0,0.21,1941000,3387.0,3280.0,4464.0,2736.0
2026-07-27 09:10:59,2026-07-24 15:30,3364.0,3357.0,0.21,1941000,3387.0,3280.0,4464.0,2736.0
2026-07-27 09:15:43,2026-07-24 15:30,3364.0,3357.0,0.21,1941000,3387.0,3280.0,4464.0,2736.0
2026-07-27 09:20:38,2026-07-27 09:05,3436.0,3364.0,2.14,172300,3463.0,3430.0,4464.0,2736.0
2026-07-27 09:25:32,2026-07-27 09:10,3450.0,3364.0,2.56,237900,3463.0,3424.0,4464.0,2736.0
2026-07-27 09:30:36,2026-07-27 09:15,3483.0,3364.0,3.54,318300,3493.0,3424.0,4464.0,2736.0
2026-07-27 09:35:41,2026-07-27 09:20,3496.0,3364.0,3.92,394100,3503.0,3424.0,4464.0,2736.0
2026-07-27 09:40:34,2026-07-27 09:25,3511.0,3364.0,4.37,446900,3522.0,3424.0,4464.0,2736.0
2026-07-27 09:47:04,2026-07-27 09:31,3515.0,3364.0,4.49,510700,3522.0,3424.0,4464.0,2736.0
2026-07-27 09:50:36,2026-07-27 09:35,3518.0,3364.0,4.58,542100,3524.0,3424.0,4464.0,2736.0
2026-07-27 09:57:00,2026-07-27 09:41,3526.0,3364.0,4.82,636300,3528.0,3424.0,4464.0,2736.0
2026-07-27 10:00:37,2026-07-27 09:45,3536.0,3364.0,5.11,671100,3536.0,3424.0,4464.0,2736.0
2026-07-27 10:06:15,2026-07-27 09:51,3532.0,3364.0,4.99,740100,3543.0,3424.0,4464.0,2736.0
2026-07-27 10:10:40,2026-07-27 09:55,3539.0,3364.0,5.2,785600,3543.0,3424.0,4464.0,2736.0
2026-07-27 10:15:30,2026-07-27 10:00,3545.0,3364.0,5.38,821800,3545.0,3424.0,4464.0,2736.0
2026-07-27 10:20:34,2026-07-27 10:05,3539.0,3364.0,5.2,860500,3545.0,3424.0,4464.0,2736.0
2026-07-27 10:25:34,2026-07-27 10:10,3545.0,3364.0,5.38,893500,3547.0,3424.0,4464.0,2736.0
2026-07-27 10:30:31,2026-07-27 10:15,3545.0,3364.0,5.38,919400,3547.0,3424.0,4464.0,2736.0
2026-07-27 10:35:29,2026-07-27 10:20,3544.0,3364.0,5.35,942900,3547.0,3424.0,4464.0,2736.0
2026-07-27 10:40:42,2026-07-27 10:25,3542.0,3364.0,5.29,968000,3547.0,3424.0,4464.0,2736.0
2026-07-27 10:47:35,2026-07-27 10:32,3541.0,3364.0,5.26,1002300,3547.0,3424.0,4464.0,2736.0
2026-07-27 10:50:47,2026-07-27 10:35,3540.0,3364.0,5.23,1014600,3547.0,3424.0,4464.0,2736.0
2026-07-27 10:55:53,2026-07-27 10:40,3545.0,3364.0,5.38,1056200,3547.0,3424.0,4464.0,2736.0
2026-07-27 11:00:35,2026-07-27 10:45,3543.0,3364.0,5.32,1077400,3547.0,3424.0,4464.0,2736.0
2026-07-27 11:06:01,2026-07-27 10:50,3544.0,3364.0,5.35,1101900,3547.0,3424.0,4464.0,2736.0
2026-07-27 11:10:48,2026-07-27 10:55,3546.0,3364.0,5.41,1131700,3547.0,3424.0,4464.0,2736.0
2026-07-27 11:15:33,2026-07-27 11:00,3545.0,3364.0,5.38,1141500,3547.0,3424.0,4464.0,2736.0
2026-07-27 11:20:36,2026-07-27 11:05,3550.0,3364.0,5.53,1166900,3550.0,3424.0,4464.0,2736.0
2026-07-27 11:25:37,2026-07-27 11:10,3553.0,3364.0,5.62,1218000,3557.0,3424.0,4464.0,2736.0
2026-07-27 11:30:42,2026-07-27 11:15,3564.0,3364.0,5.95,1258300,3566.0,3424.0,4464.0,2736.0
2026-07-27 12:30:36,2026-07-27 11:30,3552.0,3364.0,5.59,1322500,3566.0,3424.0,4464.0,2736.0
2026-07-27 12:36:59,2026-07-27 11:30,3552.0,3364.0,5.59,1322500,3566.0,3424.0,4464.0,2736.0
2026-07-27 12:40:43,2026-07-27 11:30,3552.0,3364.0,5.59,1322500,3566.0,3424.0,4464.0,2736.0
2026-07-27 12:45:35,2026-07-27 12:30,3554.0,3364.0,5.65,1379800,3566.0,3424.0,4464.0,2736.0
2026-07-27 12:50:38,2026-07-27 12:35,3543.0,3364.0,5.32,1414700,3566.0,3424.0,4464.0,2736.0
2026-07-27 12:55:40,2026-07-27 12:40,3536.0,3364.0,5.11,1438500,3566.0,3424.0,4464.0,2736.0
2026-07-27 13:00:41,2026-07-27 12:45,3536.0,3364.0,5.11,1461200,3566.0,3424.0,4464.0,2736.0
2026-07-27 13:06:49,2026-07-27 12:51,3534.0,3364.0,5.05,1483300,3566.0,3424.0,4464.0,2736.0
2026-07-27 13:10:35,2026-07-27 12:55,3531.0,3364.0,4.96,1494000,3566.0,3424.0,4464.0,2736.0
2026-07-27 13:15:32,2026-07-27 13:00,3524.0,3364.0,4.76,1519600,3566.0,3424.0,4464.0,2736.0
2026-07-27 13:20:36,2026-07-27 13:05,3533.0,3364.0,5.02,1547700,3566.0,3424.0,4464.0,2736.0
2026-07-27 13:26:56,2026-07-27 13:11,3544.0,3364.0,5.35,1572600,3566.0,3424.0,4464.0,2736.0
2026-07-27 13:32:07,2026-07-27 13:17,3539.0,3364.0,5.2,1586000,3566.0,3424.0,4464.0,2736.0
2026-07-27 13:35:47,2026-07-27 13:20,3534.0,3364.0,5.05,1600500,3566.0,3424.0,4464.0,2736.0
2026-07-27 13:40:35,2026-07-27 13:25,3533.0,3364.0,5.02,1616800,3566.0,3424.0,4464.0,2736.0
2026-07-27 13:45:41,2026-07-27 13:30,3536.0,3364.0,5.11,1636400,3566.0,3424.0,4464.0,2736.0
2026-07-27 13:50:36,2026-07-27 13:35,3532.0,3364.0,4.99,1663300,3566.0,3424.0,4464.0,2736.0
2026-07-27 13:55:31,2026-07-27 13:40,3536.0,3364.0,5.11,1686400,3566.0,3424.0,4464.0,2736.0
2026-07-27 14:00:34,2026-07-27 13:45,3538.0,3364.0,5.17,1714300,3566.0,3424.0,4464.0,2736.0
2026-07-27 14:05:32,2026-07-27 13:50,3535.0,3364.0,5.08,1743100,3566.0,3424.0,4464.0,2736.0
2026-07-27 14:10:38,2026-07-27 13:55,3531.0,3364.0,4.96,1762400,3566.0,3424.0,4464.0,2736.0
2026-07-27 14:17:03,2026-07-27 14:01,3518.0,3364.0,4.58,1798700,3566.0,3424.0,4464.0,2736.0
2026-07-27 14:20:31,2026-07-27 14:05,3515.0,3364.0,4.49,1810800,3566.0,3424.0,4464.0,2736.0
2026-07-27 14:25:39,2026-07-27 14:10,3518.0,3364.0,4.58,1829100,3566.0,3424.0,4464.0,2736.0
2026-07-27 14:30:31,2026-07-27 14:15,3517.0,3364.0,4.55,1841300,3566.0,3424.0,4464.0,2736.0
2026-07-27 14:36:51,2026-07-27 14:21,3525.0,3364.0,4.79,1862900,3566.0,3424.0,4464.0,2736.0
2026-07-27 14:40:35,2026-07-27 14:24,3522.0,3364.0,4.7,1874100,3566.0,3424.0,4464.0,2736.0
2026-07-27 14:45:34,2026-07-27 14:30,3521.0,3364.0,4.67,1895600,3566.0,3424.0,4464.0,2736.0
2026-07-27 14:50:44,2026-07-27 14:35,3524.0,3364.0,4.76,1909800,3566.0,3424.0,4464.0,2736.0
2026-07-27 14:56:55,2026-07-27 14:41,3525.0,3364.0,4.79,1937500,3566.0,3424.0,4464.0,2736.0
2026-07-27 15:00:39,2026-07-27 14:45,3526.0,3364.0,4.82,1952600,3566.0,3424.0,4464.0,2736.0
2026-07-27 15:05:35,2026-07-27 14:50,3524.0,3364.0,4.76,1972400,3566.0,3424.0,4464.0,2736.0
2026-07-27 15:10:43,2026-07-27 14:55,3527.0,3364.0,4.85,1993900,3566.0,3424.0,4464.0,2736.0
2026-07-27 15:17:10,2026-07-27 15:02,3529.0,3364.0,4.9,2027700,3566.0,3424.0,4464.0,2736.0
2026-07-27 15:21:58,2026-07-27 15:06,3525.0,3364.0,4.79,2055200,3566.0,3424.0,4464.0,2736.0
2026-07-27 15:25:34,2026-07-27 15:10,3528.0,3364.0,4.88,2093000,3566.0,3424.0,4464.0,2736.0
2026-07-27 15:30:51,2026-07-27 15:15,3525.0,3364.0,4.79,2131700,3566.0,3424.0,4464.0,2736.0
2026-07-27 15:40:39,2026-07-27 15:24,3521.0,3364.0,4.67,2217700,3566.0,3424.0,4464.0,2736.0
2026-07-28 09:05:33,2026-07-27 15:30,3519.0,3364.0,4.61,2989600,3566.0,3424.0,4464.0,2736.0
2026-07-28 09:10:36,2026-07-27 15:30,3519.0,3364.0,4.61,2989600,3566.0,3424.0,4464.0,2736.0
2026-07-28 09:15:30,2026-07-28 09:00,3519.0,3364.0,4.61,3139800,3575.0,3549.0,4464.0,2736.0
2026-07-28 09:20:38,2026-07-28 09:05,3500.0,3519.0,-0.54,262300,3575.0,3494.0,4464.0,2736.0
2026-07-28 09:25:37,2026-07-28 09:10,3511.0,3519.0,-0.23,307900,3575.0,3494.0,4464.0,2736.0
2026-07-28 09:30:36,2026-07-28 09:15,3537.0,3519.0,0.51,359300,3575.0,3494.0,4464.0,2736.0
2026-07-28 09:35:47,2026-07-28 09:20,3538.0,3519.0,0.54,415300,3575.0,3494.0,4464.0,2736.0
2026-07-28 09:40:35,2026-07-28 09:25,3526.0,3519.0,0.2,449300,3575.0,3494.0,4464.0,2736.0
2026-07-28 09:45:50,2026-07-28 09:30,3517.0,3519.0,-0.06,496800,3575.0,3494.0,4464.0,2736.0
2026-07-28 09:50:31,2026-07-28 09:35,3506.0,3519.0,-0.37,519300,3575.0,3494.0,4464.0,2736.0
2026-07-28 09:55:32,2026-07-28 09:40,3486.0,3519.0,-0.94,557800,3575.0,3486.0,4464.0,2736.0
2026-07-28 10:00:44,2026-07-28 09:45,3484.0,3519.0,-0.99,583900,3575.0,3479.0,4464.0,2736.0
2026-07-28 10:05:43,2026-07-28 09:50,3489.0,3519.0,-0.85,600500,3575.0,3479.0,4464.0,2736.0
2026-07-28 10:10:41,2026-07-28 09:55,3500.0,3519.0,-0.54,621900,3575.0,3479.0,4464.0,2736.0
2026-07-28 10:15:31,2026-07-28 10:00,3495.0,3519.0,-0.68,646700,3575.0,3479.0,4464.0,2736.0
2026-07-28 10:20:45,2026-07-28 10:05,3494.0,3519.0,-0.71,669300,3575.0,3479.0,4464.0,2736.0
2026-07-28 10:25:44,2026-07-28 10:10,3503.0,3519.0,-0.45,705700,3575.0,3479.0,4464.0,2736.0
2026-07-28 10:30:30,2026-07-28 10:15,3503.0,3519.0,-0.45,720100,3575.0,3479.0,4464.0,2736.0
2026-07-28 10:35:37,2026-07-28 10:20,3507.0,3519.0,-0.34,750800,3575.0,3479.0,4464.0,2736.0
2026-07-28 10:40:35,2026-07-28 10:25,3511.0,3519.0,-0.23,785500,3575.0,3479.0,4464.0,2736.0
2026-07-28 10:45:32,2026-07-28 10:30,3513.0,3519.0,-0.17,806100,3575.0,3479.0,4464.0,2736.0
2026-07-28 10:50:29,2026-07-28 10:35,3529.0,3519.0,0.28,850500,3575.0,3479.0,4464.0,2736.0
2026-07-28 10:55:39,2026-07-28 10:40,3511.0,3519.0,-0.23,874500,3575.0,3479.0,4464.0,2736.0
2026-07-28 11:00:37,2026-07-28 10:45,3520.0,3519.0,0.03,891500,3575.0,3479.0,4464.0,2736.0
2026-07-28 11:05:48,2026-07-28 10:50,3525.0,3519.0,0.17,929600,3575.0,3479.0,4464.0,2736.0
2026-07-28 11:10:34,2026-07-28 10:55,3528.0,3519.0,0.26,945800,3575.0,3479.0,4464.0,2736.0
2026-07-28 11:15:43,2026-07-28 11:00,3527.0,3519.0,0.23,966200,3575.0,3479.0,4464.0,2736.0
2026-07-28 11:20:38,2026-07-28 11:05,3530.0,3519.0,0.31,984300,3575.0,3479.0,4464.0,2736.0
2026-07-28 11:25:35,2026-07-28 11:10,3530.0,3519.0,0.31,1004000,3575.0,3479.0,4464.0,2736.0
2026-07-28 11:30:36,2026-07-28 11:15,3526.0,3519.0,0.2,1017800,3575.0,3479.0,4464.0,2736.0
2026-07-28 12:30:29,2026-07-28 11:30,3517.0,3519.0,-0.06,1080300,3575.0,3479.0,4464.0,2736.0
2026-07-28 12:35:35,2026-07-28 11:30,3517.0,3519.0,-0.06,1080300,3575.0,3479.0,4464.0,2736.0
2026-07-28 12:40:41,2026-07-28 11:30,3517.0,3519.0,-0.06,1080300,3575.0,3479.0,4464.0,2736.0
2026-07-28 12:45:31,2026-07-28 12:30,3537.0,3519.0,0.51,1142900,3575.0,3479.0,4464.0,2736.0
2026-07-28 12:50:47,2026-07-28 12:35,3541.0,3519.0,0.63,1184200,3575.0,3479.0,4464.0,2736.0
2026-07-28 12:55:38,2026-07-28 12:40,3547.0,3519.0,0.8,1260800,3575.0,3479.0,4464.0,2736.0
2026-07-28 13:00:37,2026-07-28 12:45,3549.0,3519.0,0.85,1298400,3575.0,3479.0,4464.0,2736.0
2026-07-28 13:05:32,2026-07-28 12:50,3553.0,3519.0,0.97,1316700,3575.0,3479.0,4464.0,2736.0
2026-07-28 13:10:41,2026-07-28 12:55,3566.0,3519.0,1.34,1359300,3575.0,3479.0,4464.0,2736.0
2026-07-28 13:15:33,2026-07-28 13:00,3565.0,3519.0,1.31,1373400,3575.0,3479.0,4464.0,2736.0
2026-07-28 13:20:35,2026-07-28 13:05,3568.0,3519.0,1.39,1394200,3575.0,3479.0,4464.0,2736.0
2026-07-28 13:25:41,2026-07-28 13:10,3561.0,3519.0,1.19,1413200,3575.0,3479.0,4464.0,2736.0
2026-07-28 13:30:37,2026-07-28 13:15,3551.0,3519.0,0.91,1435200,3575.0,3479.0,4464.0,2736.0
2026-07-28 13:35:35,2026-07-28 13:20,3552.0,3519.0,0.94,1452300,3575.0,3479.0,4464.0,2736.0
2026-07-28 13:40:37,2026-07-28 13:25,3550.0,3519.0,0.88,1464400,3575.0,3479.0,4464.0,2736.0
2026-07-28 13:45:32,2026-07-28 13:30,3549.0,3519.0,0.85,1485000,3575.0,3479.0,4464.0,2736.0
2026-07-28 13:50:42,2026-07-28 13:35,3562.0,3519.0,1.22,1511200,3575.0,3479.0,4464.0,2736.0
2026-07-28 13:55:40,2026-07-28 13:40,3561.0,3519.0,1.19,1571100,3575.0,3479.0,4464.0,2736.0
2026-07-28 14:00:31,2026-07-28 13:45,3561.0,3519.0,1.19,1584300,3575.0,3479.0,4464.0,2736.0
2026-07-28 14:05:44,2026-07-28 13:50,3566.0,3519.0,1.34,1609500,3575.0,3479.0,4464.0,2736.0
2026-07-28 14:10:33,2026-07-28 13:55,3565.0,3519.0,1.31,1651200,3575.0,3479.0,4464.0,2736.0
2026-07-28 14:15:31,2026-07-28 14:00,3565.0,3519.0,1.31,1672700,3575.0,3479.0,4464.0,2736.0
2026-07-28 14:20:38,2026-07-28 14:05,3567.0,3519.0,1.36,1701200,3575.0,3479.0,4464.0,2736.0
2026-07-28 14:25:36,2026-07-28 14:10,3563.0,3519.0,1.25,1721500,3575.0,3479.0,4464.0,2736.0
2026-07-28 14:30:33,2026-07-28 14:15,3567.0,3519.0,1.36,1738200,3575.0,3479.0,4464.0,2736.0
2026-07-28 14:35:51,2026-07-28 14:20,3567.0,3519.0,1.36,1764300,3575.0,3479.0,4464.0,2736.0
2026-07-28 14:40:40,2026-07-28 14:25,3566.0,3519.0,1.34,1785900,3575.0,3479.0,4464.0,2736.0
2026-07-28 14:45:31,2026-07-28 14:30,3563.0,3519.0,1.25,1823900,3575.0,3479.0,4464.0,2736.0
2026-07-28 14:50:39,2026-07-28 14:35,3565.0,3519.0,1.31,1868000,3575.0,3479.0,4464.0,2736.0
2026-07-28 14:55:36,2026-07-28 14:40,3568.0,3519.0,1.39,1886900,3575.0,3479.0,4464.0,2736.0
2026-07-28 15:00:41,2026-07-28 14:45,3566.0,3519.0,1.34,1937800,3575.0,3479.0,4464.0,2736.0
2026-07-28 15:05:49,2026-07-28 14:50,3573.0,3519.0,1.53,1990800,3579.0,3479.0,4464.0,2736.0
2026-07-28 15:10:49,2026-07-28 14:55,3571.0,3519.0,1.48,2014000,3579.0,3479.0,4464.0,2736.0
2026-07-28 15:15:48,2026-07-28 15:00,3574.0,3519.0,1.56,2036700,3579.0,3479.0,4464.0,2736.0
2026-07-28 15:20:41,2026-07-28 15:05,3578.0,3519.0,1.68,2090700,3579.0,3479.0,4464.0,2736.0
2026-07-28 15:25:35,2026-07-28 15:10,3576.0,3519.0,1.62,2123700,3581.0,3479.0,4464.0,2736.0
2026-07-28 15:30:37,2026-07-28 15:15,3598.0,3519.0,2.24,2255900,3602.0,3479.0,4464.0,2736.0
2026-07-28 15:40:34,2026-07-28 15:24,3582.0,3519.0,1.79,2378800,3602.0,3479.0,4464.0,2736.0
2026-07-29 09:10:45,2026-07-28 15:30,3529.0,3519.0,0.28,3345400,3602.0,3479.0,4464.0,2736.0
2026-07-29 09:15:30,2026-07-28 15:30,3529.0,3519.0,0.28,3345400,3602.0,3479.0,4464.0,2736.0
2026-07-29 09:20:37,2026-07-28 15:30,3529.0,3519.0,0.28,3345400,3602.0,3479.0,4464.0,2736.0
2026-07-29 09:25:34,2026-07-28 15:30,3529.0,3519.0,0.28,3345400,3602.0,3479.0,4464.0,2736.0
2026-07-29 09:30:31,2026-07-29 09:15,3898.0,3529.0,10.46,1719200,3933.0,3836.0,4464.0,2736.0
2026-07-29 09:35:50,2026-07-29 09:20,3922.0,3529.0,11.14,2979700,3963.0,3836.0,4464.0,2736.0
2026-07-29 09:40:36,2026-07-29 09:25,3995.0,3529.0,13.2,3804100,4019.0,3836.0,4464.0,2736.0
2026-07-29 09:45:42,2026-07-29 09:30,4033.0,3529.0,14.28,4476400,4045.0,3836.0,4464.0,2736.0
2026-07-29 09:50:38,2026-07-29 09:35,4116.0,3529.0,16.63,5421900,4122.0,3836.0,4464.0,2736.0
2026-07-29 09:55:40,2026-07-29 09:40,4114.0,3529.0,16.58,6000800,4136.0,3836.0,4464.0,2736.0
2026-07-29 10:00:35,2026-07-29 09:45,4089.0,3529.0,15.87,6391300,4136.0,3836.0,4464.0,2736.0
2026-07-29 10:05:34,2026-07-29 09:50,4147.0,3529.0,17.51,7045100,4170.0,3836.0,4464.0,2736.0
2026-07-29 10:10:42,2026-07-29 09:55,4171.0,3529.0,18.19,7429500,4179.0,3836.0,4464.0,2736.0
2026-07-29 10:15:39,2026-07-29 10:00,4188.0,3529.0,18.67,7870500,4204.0,3836.0,4464.0,2736.0
2026-07-29 10:20:34,2026-07-29 10:05,4179.0,3529.0,18.42,8275400,4214.0,3836.0,4464.0,2736.0
2026-07-29 10:25:36,2026-07-29 10:10,4220.0,3529.0,19.58,8681600,4226.0,3836.0,4464.0,2736.0
2026-07-29 10:30:31,2026-07-29 10:15,4200.0,3529.0,19.01,8946600,4226.0,3836.0,4464.0,2736.0
2026-07-29 10:35:34,2026-07-29 10:20,4175.0,3529.0,18.31,9186800,4226.0,3836.0,4464.0,2736.0
2026-07-29 10:40:36,2026-07-29 10:25,4117.0,3529.0,16.66,9626200,4226.0,3836.0,4464.0,2736.0
2026-07-29 10:45:32,2026-07-29 10:30,4126.0,3529.0,16.92,10035800,4226.0,3836.0,4464.0,2736.0
2026-07-29 10:50:45,2026-07-29 10:35,4140.0,3529.0,17.31,10218500,4226.0,3836.0,4464.0,2736.0
2026-07-29 10:55:35,2026-07-29 10:40,4145.0,3529.0,17.46,10381800,4226.0,3836.0,4464.0,2736.0
2026-07-29 11:00:46,2026-07-29 10:45,4165.0,3529.0,18.02,10611100,4226.0,3836.0,4464.0,2736.0
2026-07-29 11:05:46,2026-07-29 10:50,4152.0,3529.0,17.65,10796100,4226.0,3836.0,4464.0,2736.0
2026-07-29 11:10:38,2026-07-29 10:55,4188.0,3529.0,18.67,10962800,4226.0,3836.0,4464.0,2736.0
2026-07-29 11:15:31,2026-07-29 11:00,4166.0,3529.0,18.05,11125600,4226.0,3836.0,4464.0,2736.0
2026-07-29 11:20:37,2026-07-29 11:05,4193.0,3529.0,18.82,11247100,4226.0,3836.0,4464.0,2736.0
2026-07-29 11:25:32,2026-07-29 11:10,4200.0,3529.0,19.01,11416400,4226.0,3836.0,4464.0,2736.0
2026-07-29 11:30:43,2026-07-29 11:15,4212.0,3529.0,19.35,11558900,4226.0,3836.0,4464.0,2736.0
2026-07-29 12:30:40,2026-07-29 11:30,4204.0,3529.0,19.13,11961200,4226.0,3836.0,4464.0,2736.0
2026-07-29 12:35:36,2026-07-29 11:30,4204.0,3529.0,19.13,11961200,4226.0,3836.0,4464.0,2736.0
2026-07-29 12:40:35,2026-07-29 11:30,4204.0,3529.0,19.13,11961200,4226.0,3836.0,4464.0,2736.0
2026-07-29 12:45:41,2026-07-29 12:30,4151.0,3529.0,17.63,12170700,4226.0,3836.0,4464.0,2736.0
2026-07-29 12:50:34,2026-07-29 12:35,4203.0,3529.0,19.1,12583200,4226.0,3836.0,4464.0,2736.0
2026-07-29 12:55:31,2026-07-29 12:40,4192.0,3529.0,18.79,12780800,4226.0,3836.0,4464.0,2736.0
2026-07-29 13:00:36,2026-07-29 12:45,4168.0,3529.0,18.11,12973900,4226.0,3836.0,4464.0,2736.0
2026-07-29 13:05:39,2026-07-29 12:50,4161.0,3529.0,17.91,13115600,4226.0,3836.0,4464.0,2736.0
2026-07-29 13:10:47,2026-07-29 12:55,4168.0,3529.0,18.11,13252300,4226.0,3836.0,4464.0,2736.0
2026-07-29 13:15:34,2026-07-29 13:00,4177.0,3529.0,18.36,13337500,4226.0,3836.0,4464.0,2736.0
2026-07-29 13:20:34,2026-07-29 13:05,4175.0,3529.0,18.31,13444000,4226.0,3836.0,4464.0,2736.0
2026-07-29 13:25:41,2026-07-29 13:10,4164.0,3529.0,17.99,13558000,4226.0,3836.0,4464.0,2736.0
2026-07-29 13:30:37,2026-07-29 13:15,4166.0,3529.0,18.05,13630300,4226.0,3836.0,4464.0,2736.0
2026-07-29 13:35:43,2026-07-29 13:20,4172.0,3529.0,18.22,13722900,4226.0,3836.0,4464.0,2736.0
2026-07-29 13:40:43,2026-07-29 13:25,4162.0,3529.0,17.94,13794400,4226.0,3836.0,4464.0,2736.0
2026-07-29 13:45:45,2026-07-29 13:30,4172.0,3529.0,18.22,13867400,4226.0,3836.0,4464.0,2736.0
2026-07-29 13:50:30,2026-07-29 13:35,4172.0,3529.0,18.22,13922300,4226.0,3836.0,4464.0,2736.0
2026-07-29 13:55:39,2026-07-29 13:40,4195.0,3529.0,18.87,14100300,4226.0,3836.0,4464.0,2736.0
2026-07-29 14:00:32,2026-07-29 13:45,4194.0,3529.0,18.84,14188100,4226.0,3836.0,4464.0,2736.0
2026-07-29 14:05:44,2026-07-29 13:50,4182.0,3529.0,18.5,14305200,4226.0,3836.0,4464.0,2736.0
2026-07-29 14:10:37,2026-07-29 13:55,4173.0,3529.0,18.25,14387900,4226.0,3836.0,4464.0,2736.0
2026-07-29 14:15:36,2026-07-29 14:00,4183.0,3529.0,18.53,14458300,4226.0,3836.0,4464.0,2736.0
2026-07-29 14:20:43,2026-07-29 14:05,4182.0,3529.0,18.5,14506700,4226.0,3836.0,4464.0,2736.0
2026-07-29 14:25:43,2026-07-29 14:10,4182.0,3529.0,18.5,14573900,4226.0,3836.0,4464.0,2736.0
2026-07-29 14:30:41,2026-07-29 14:15,4193.0,3529.0,18.82,14630200,4226.0,3836.0,4464.0,2736.0
2026-07-29 14:35:47,2026-07-29 14:20,4195.0,3529.0,18.87,14702500,4226.0,3836.0,4464.0,2736.0
2026-07-29 14:40:31,2026-07-29 14:25,4188.0,3529.0,18.67,14790800,4226.0,3836.0,4464.0,2736.0
2026-07-29 14:45:43,2026-07-29 14:30,4187.0,3529.0,18.65,14855800,4226.0,3836.0,4464.0,2736.0
2026-07-29 14:50:48,2026-07-29 14:35,4190.0,3529.0,18.73,14912200,4226.0,3836.0,4464.0,2736.0
2026-07-29 14:55:33,2026-07-29 14:40,4186.0,3529.0,18.62,14969300,4226.0,3836.0,4464.0,2736.0
2026-07-29 15:00:34,2026-07-29 14:45,4188.0,3529.0,18.67,15019000,4226.0,3836.0,4464.0,2736.0
2026-07-29 15:05:41,2026-07-29 14:50,4209.0,3529.0,19.27,15110800,4226.0,3836.0,4464.0,2736.0
2026-07-29 15:10:41,2026-07-29 14:55,4213.0,3529.0,19.38,15174200,4226.0,3836.0,4464.0,2736.0
2026-07-29 15:15:52,2026-07-29 15:00,4220.0,3529.0,19.58,15280000,4226.0,3836.0,4464.0,2736.0
2026-07-29 15:20:39,2026-07-29 15:05,4211.0,3529.0,19.33,15358700,4226.0,3836.0,4464.0,2736.0
2026-07-29 15:25:34,2026-07-29 15:10,4215.0,3529.0,19.44,15446700,4226.0,3836.0,4464.0,2736.0
2026-07-29 15:30:40,2026-07-29 15:15,4209.0,3529.0,19.27,15598500,4226.0,3836.0,4464.0,2736.0
2026-07-29 15:40:37,2026-07-29 15:24,4210.0,3529.0,19.3,15820600,4226.0,3836.0,4464.0,2736.0
2026-07-30 09:05:39,2026-07-29 15:30,4229.0,3529.0,19.84,17555400,4229.0,3836.0,4464.0,2736.0
2026-07-30 09:10:42,2026-07-29 15:30,4229.0,3529.0,19.84,17555400,4229.0,3836.0,4464.0,2736.0
2026-07-30 09:15:31,2026-07-30 09:00,4229.0,3529.0,19.84,17921000,4210.0,4150.0,4464.0,2736.0
2026-07-30 09:20:33,2026-07-30 09:05,4175.0,4229.0,-1.28,759200,4210.0,4113.0,4464.0,2736.0
2026-07-30 09:25:31,2026-07-30 09:10,4112.0,4229.0,-2.77,943400,4210.0,4105.0,4464.0,2736.0
2026-07-30 09:30:33,2026-07-30 09:15,4102.0,4229.0,-3.0,1307000,4210.0,4095.0,4464.0,2736.0
2026-07-30 09:35:45,2026-07-30 09:20,4074.0,4229.0,-3.67,1523900,4210.0,4069.0,4464.0,2736.0
2026-07-30 09:40:44,2026-07-30 09:25,4066.0,4229.0,-3.85,1741200,4210.0,4056.0,4464.0,2736.0
2026-07-30 09:45:31,2026-07-30 09:30,4063.0,4229.0,-3.93,1910700,4210.0,4029.0,4464.0,2736.0
2026-07-30 09:50:38,2026-07-30 09:35,4044.0,4229.0,-4.37,2071100,4210.0,4029.0,4464.0,2736.0
2026-07-30 09:55:42,2026-07-30 09:40,4034.0,4229.0,-4.61,2254700,4210.0,4021.0,4464.0,2736.0
2026-07-30 10:00:37,2026-07-30 09:45,4028.0,4229.0,-4.75,2388600,4210.0,4016.0,4464.0,2736.0
2026-07-30 10:05:39,2026-07-30 09:50,4019.0,4229.0,-4.97,2532700,4210.0,4016.0,4464.0,2736.0
2026-07-30 10:10:50,2026-07-30 09:55,4028.0,4229.0,-4.75,2620600,4210.0,4012.0,4464.0,2736.0
2026-07-30 10:15:30,2026-07-30 10:00,4047.0,4229.0,-4.3,2731200,4210.0,4012.0,4464.0,2736.0
2026-07-30 10:20:37,2026-07-30 10:05,4022.0,4229.0,-4.89,2807800,4210.0,4012.0,4464.0,2736.0
2026-07-30 10:25:30,2026-07-30 10:10,4028.0,4229.0,-4.75,2880700,4210.0,4011.0,4464.0,2736.0
2026-07-30 10:30:34,2026-07-30 10:15,4028.0,4229.0,-4.75,2947200,4210.0,4011.0,4464.0,2736.0
2026-07-30 10:35:31,2026-07-30 10:20,4019.0,4229.0,-4.97,2998100,4210.0,4011.0,4464.0,2736.0
2026-07-30 10:40:32,2026-07-30 10:25,4033.0,4229.0,-4.63,3047200,4210.0,4011.0,4464.0,2736.0
2026-07-30 10:45:30,2026-07-30 10:30,4021.0,4229.0,-4.92,3100300,4210.0,4011.0,4464.0,2736.0
2026-07-30 10:50:33,2026-07-30 10:35,4034.0,4229.0,-4.61,3153600,4210.0,4011.0,4464.0,2736.0
2026-07-30 10:55:38,2026-07-30 10:40,4049.0,4229.0,-4.26,3237000,4210.0,4011.0,4464.0,2736.0
2026-07-30 11:00:42,2026-07-30 10:45,4050.0,4229.0,-4.23,3306400,4210.0,4011.0,4464.0,2736.0
2026-07-30 11:05:38,2026-07-30 10:50,4049.0,4229.0,-4.26,3370000,4210.0,4011.0,4464.0,2736.0
2026-07-30 11:10:54,2026-07-30 10:55,4033.0,4229.0,-4.63,3435400,4210.0,4011.0,4464.0,2736.0
2026-07-30 11:15:34,2026-07-30 11:00,4028.0,4229.0,-4.75,3470000,4210.0,4011.0,4464.0,2736.0
2026-07-30 11:20:35,2026-07-30 11:05,4045.0,4229.0,-4.35,3507200,4210.0,4011.0,4464.0,2736.0
2026-07-30 11:25:32,2026-07-30 11:10,4047.0,4229.0,-4.3,3549400,4210.0,4011.0,4464.0,2736.0
2026-07-30 11:30:38,2026-07-30 11:15,4051.0,4229.0,-4.21,3574700,4210.0,4011.0,4464.0,2736.0
2026-07-30 12:30:31,2026-07-30 11:30,4063.0,4229.0,-3.93,3650700,4210.0,4011.0,4464.0,2736.0
2026-07-30 12:35:38,2026-07-30 11:30,4063.0,4229.0,-3.93,3650700,4210.0,4011.0,4464.0,2736.0
2026-07-30 12:40:33,2026-07-30 11:30,4063.0,4229.0,-3.93,3650700,4210.0,4011.0,4464.0,2736.0
2026-07-30 12:45:36,2026-07-30 12:30,4058.0,4229.0,-4.04,3743400,4210.0,4011.0,4464.0,2736.0
2026-07-30 12:50:31,2026-07-30 12:35,4094.0,4229.0,-3.19,3885500,4210.0,4011.0,4464.0,2736.0
2026-07-30 12:55:43,2026-07-30 12:40,4085.0,4229.0,-3.41,3944000,4210.0,4011.0,4464.0,2736.0
2026-07-30 13:00:44,2026-07-30 12:45,4077.0,4229.0,-3.59,3989800,4210.0,4011.0,4464.0,2736.0
2026-07-30 13:05:29,2026-07-30 12:50,4087.0,4229.0,-3.36,4040200,4210.0,4011.0,4464.0,2736.0
2026-07-30 13:10:39,2026-07-30 12:55,4087.0,4229.0,-3.36,4069000,4210.0,4011.0,4464.0,2736.0
2026-07-30 13:15:35,2026-07-30 13:00,4081.0,4229.0,-3.5,4097300,4210.0,4011.0,4464.0,2736.0
2026-07-30 13:20:30,2026-07-30 13:05,4081.0,4229.0,-3.5,4118900,4210.0,4011.0,4464.0,2736.0
2026-07-30 13:25:33,2026-07-30 13:10,4080.0,4229.0,-3.52,4145200,4210.0,4011.0,4464.0,2736.0
2026-07-30 13:30:34,2026-07-30 13:15,4085.0,4229.0,-3.41,4174100,4210.0,4011.0,4464.0,2736.0
2026-07-30 13:35:33,2026-07-30 13:20,4089.0,4229.0,-3.31,4200800,4210.0,4011.0,4464.0,2736.0
2026-07-30 13:40:31,2026-07-30 13:25,4090.0,4229.0,-3.29,4240100,4210.0,4011.0,4464.0,2736.0
2026-07-30 13:45:32,2026-07-30 13:30,4104.0,4229.0,-2.96,4297900,4210.0,4011.0,4464.0,2736.0
2026-07-30 13:50:34,2026-07-30 13:35,4106.0,4229.0,-2.91,4324400,4210.0,4011.0,4464.0,2736.0
2026-07-30 13:55:41,2026-07-30 13:40,4102.0,4229.0,-3.0,4373600,4210.0,4011.0,4464.0,2736.0
2026-07-30 14:00:51,2026-07-30 13:45,4106.0,4229.0,-2.91,4388700,4210.0,4011.0,4464.0,2736.0
2026-07-30 14:05:37,2026-07-30 13:50,4105.0,4229.0,-2.93,4415800,4210.0,4011.0,4464.0,2736.0
2026-07-30 14:10:31,2026-07-30 13:55,4117.0,4229.0,-2.65,4459400,4210.0,4011.0,4464.0,2736.0
2026-07-30 14:15:31,2026-07-30 14:00,4110.0,4229.0,-2.81,4473500,4210.0,4011.0,4464.0,2736.0
2026-07-30 14:20:28,2026-07-30 14:05,4110.0,4229.0,-2.81,4504200,4210.0,4011.0,4464.0,2736.0
2026-07-30 14:25:39,2026-07-30 14:10,4104.0,4229.0,-2.96,4522700,4210.0,4011.0,4464.0,2736.0
2026-07-30 14:30:39,2026-07-30 14:15,4104.0,4229.0,-2.96,4544600,4210.0,4011.0,4464.0,2736.0
2026-07-30 14:35:31,2026-07-30 14:20,4101.0,4229.0,-3.03,4570200,4210.0,4011.0,4464.0,2736.0
2026-07-30 14:40:45,2026-07-30 14:25,4100.0,4229.0,-3.05,4599800,4210.0,4011.0,4464.0,2736.0
2026-07-30 14:45:29,2026-07-30 14:30,4095.0,4229.0,-3.17,4625900,4210.0,4011.0,4464.0,2736.0
2026-07-30 14:50:40,2026-07-30 14:35,4101.0,4229.0,-3.03,4650000,4210.0,4011.0,4464.0,2736.0
2026-07-30 14:55:40,2026-07-30 14:40,4092.0,4229.0,-3.24,4684100,4210.0,4011.0,4464.0,2736.0
2026-07-30 15:00:32,2026-07-30 14:45,4097.0,4229.0,-3.12,4709500,4210.0,4011.0,4464.0,2736.0
2026-07-30 15:05:37,2026-07-30 14:50,4099.0,4229.0,-3.07,4746800,4210.0,4011.0,4464.0,2736.0
2026-07-30 15:10:50,2026-07-30 14:55,4086.0,4229.0,-3.38,4781800,4210.0,4011.0,4464.0,2736.0
2026-07-30 15:15:37,2026-07-30 15:00,4086.0,4229.0,-3.38,4818100,4210.0,4011.0,4464.0,2736.0
2026-07-30 15:20:36,2026-07-30 15:05,4094.0,4229.0,-3.19,4855800,4210.0,4011.0,4464.0,2736.0
2026-07-30 15:25:33,2026-07-30 15:10,4103.0,4229.0,-2.98,4900300,4210.0,4011.0,4464.0,2736.0
2026-07-30 15:30:38,2026-07-30 15:15,4105.0,4229.0,-2.93,4940000,4210.0,4011.0,4464.0,2736.0
2026-07-30 15:40:32,2026-07-30 15:24,4101.0,4229.0,-3.03,5122600,4210.0,4011.0,4464.0,2736.0
2026-07-31 09:05:36,2026-07-30 15:30,4107.0,4229.0,-2.88,6612700,4210.0,4011.0,4464.0,2736.0
2026-07-31 09:10:45,2026-07-30 15:30,4107.0,4229.0,-2.88,6612700,4210.0,4011.0,4464.0,2736.0
2026-07-31 09:15:37,2026-07-30 15:30,4107.0,4229.0,-2.88,6612700,4210.0,4011.0,4464.0,2736.0
2026-07-31 09:20:37,2026-07-30 15:30,4107.0,4229.0,-2.88,6612700,4210.0,4011.0,4464.0,2736.0
2026-07-31 09:25:37,2026-07-31 09:10,3845.0,4107.0,-6.38,449200,3856.0,3814.0,4464.0,2736.0
2026-07-31 09:30:46,2026-07-31 09:15,3918.0,4107.0,-4.6,647000,3929.0,3814.0,4464.0,2736.0
2026-07-31 09:35:41,2026-07-31 09:20,3930.0,4107.0,-4.31,971000,3980.0,3814.0,4464.0,2736.0
2026-07-31 09:40:30,2026-07-31 09:25,3952.0,4107.0,-3.77,1103900,3980.0,3814.0,4464.0,2736.0
2026-07-31 09:45:40,2026-07-31 09:30,3973.0,4107.0,-3.26,1213100,3980.0,3814.0,4464.0,2736.0
2026-07-31 09:50:33,2026-07-31 09:35,3964.0,4107.0,-3.48,1264200,3980.0,3814.0,4464.0,2736.0
2026-07-31 09:55:33,2026-07-31 09:40,3983.0,4107.0,-3.02,1357300,3986.0,3814.0,4464.0,2736.0
2026-07-31 10:00:32,2026-07-31 09:45,3956.0,4107.0,-3.68,1421700,3986.0,3814.0,4464.0,2736.0
2026-07-31 10:05:33,2026-07-31 09:50,3970.0,4107.0,-3.34,1479900,3986.0,3814.0,4464.0,2736.0
2026-07-31 10:10:41,2026-07-31 09:55,3964.0,4107.0,-3.48,1553500,3986.0,3814.0,4464.0,2736.0
2026-07-31 10:15:30,2026-07-31 10:00,4012.0,4107.0,-2.31,1662200,4020.0,3814.0,4464.0,2736.0
2026-07-31 10:20:31,2026-07-31 10:05,4014.0,4107.0,-2.26,1712300,4025.0,3814.0,4464.0,2736.0
2026-07-31 10:25:39,2026-07-31 10:10,4014.0,4107.0,-2.26,1746500,4025.0,3814.0,4464.0,2736.0
2026-07-31 10:30:40,2026-07-31 10:15,4032.0,4107.0,-1.83,1807000,4032.0,3814.0,4464.0,2736.0
2026-07-31 10:35:34,2026-07-31 10:20,4013.0,4107.0,-2.29,1844700,4033.0,3814.0,4464.0,2736.0
2026-07-31 10:40:33,2026-07-31 10:25,4027.0,4107.0,-1.95,1889700,4034.0,3814.0,4464.0,2736.0
2026-07-31 10:45:38,2026-07-31 10:30,4034.0,4107.0,-1.78,1944800,4040.0,3814.0,4464.0,2736.0
2026-07-31 10:50:40,2026-07-31 10:35,4046.0,4107.0,-1.49,2031100,4052.0,3814.0,4464.0,2736.0
2026-07-31 10:55:30,2026-07-31 10:40,4046.0,4107.0,-1.49,2079600,4052.0,3814.0,4464.0,2736.0
2026-07-31 11:00:40,2026-07-31 10:45,4036.0,4107.0,-1.73,2111000,4052.0,3814.0,4464.0,2736.0
2026-07-31 11:05:32,2026-07-31 10:50,4036.0,4107.0,-1.73,2161900,4052.0,3814.0,4464.0,2736.0
2026-07-31 11:10:35,2026-07-31 10:55,4050.0,4107.0,-1.39,2215600,4067.0,3814.0,4464.0,2736.0
2026-07-31 11:15:39,2026-07-31 11:00,4055.0,4107.0,-1.27,2244200,4067.0,3814.0,4464.0,2736.0
2026-07-31 11:20:35,2026-07-31 11:05,4063.0,4107.0,-1.07,2283400,4067.0,3814.0,4464.0,2736.0
2026-07-31 11:25:32,2026-07-31 11:10,4058.0,4107.0,-1.19,2324700,4067.0,3814.0,4464.0,2736.0
2026-07-31 11:30:45,2026-07-31 11:15,4073.0,4107.0,-0.83,2387800,4077.0,3814.0,4464.0,2736.0
2026-07-31 12:30:47,2026-07-31 11:30,4028.0,4107.0,-1.92,2527100,4077.0,3814.0,4464.0,2736.0
2026-07-31 12:35:45,2026-07-31 11:30,4028.0,4107.0,-1.92,2527100,4077.0,3814.0,4464.0,2736.0
2026-07-31 12:40:34,2026-07-31 11:30,4028.0,4107.0,-1.92,2527100,4077.0,3814.0,4464.0,2736.0
2026-07-31 12:45:38,2026-07-31 12:30,4020.0,4107.0,-2.12,2590300,4077.0,3814.0,4464.0,2736.0
2026-07-31 12:50:31,2026-07-31 12:35,4014.0,4107.0,-2.26,2659000,4077.0,3814.0,4464.0,2736.0
2026-07-31 12:55:37,2026-07-31 12:40,4015.0,4107.0,-2.24,2757400,4077.0,3814.0,4464.0,2736.0
2026-07-31 13:00:38,2026-07-31 12:45,4012.0,4107.0,-2.31,2807400,4077.0,3814.0,4464.0,2736.0
2026-07-31 13:05:41,2026-07-31 12:50,4002.0,4107.0,-2.56,2873800,4077.0,3814.0,4464.0,2736.0
2026-07-31 13:10:30,2026-07-31 12:55,4016.0,4107.0,-2.22,2929500,4077.0,3814.0,4464.0,2736.0
2026-07-31 13:15:38,2026-07-31 13:00,4027.0,4107.0,-1.95,2976100,4077.0,3814.0,4464.0,2736.0
2026-07-31 13:20:37,2026-07-31 13:05,4010.0,4107.0,-2.36,3018600,4077.0,3814.0,4464.0,2736.0
2026-07-31 13:25:35,2026-07-31 13:10,4003.0,4107.0,-2.53,3049200,4077.0,3814.0,4464.0,2736.0
2026-07-31 13:30:30,2026-07-31 13:15,3999.0,4107.0,-2.63,3088900,4077.0,3814.0,4464.0,2736.0
2026-07-31 13:35:35,2026-07-31 13:20,3988.0,4107.0,-2.9,3132200,4077.0,3814.0,4464.0,2736.0
2026-07-31 13:40:37,2026-07-31 13:25,3981.0,4107.0,-3.07,3175600,4077.0,3814.0,4464.0,2736.0
2026-07-31 13:45:43,2026-07-31 13:30,3986.0,4107.0,-2.95,3214800,4077.0,3814.0,4464.0,2736.0
2026-07-31 13:50:35,2026-07-31 13:35,3990.0,4107.0,-2.85,3244800,4077.0,3814.0,4464.0,2736.0
2026-07-31 13:55:42,2026-07-31 13:40,3988.0,4107.0,-2.9,3280700,4077.0,3814.0,4464.0,2736.0
2026-07-31 14:00:36,2026-07-31 13:45,3992.0,4107.0,-2.8,3303500,4077.0,3814.0,4464.0,2736.0
2026-07-31 14:05:31,2026-07-31 13:50,3989.0,4107.0,-2.87,3346800,4077.0,3814.0,4464.0,2736.0
2026-07-31 14:10:31,2026-07-31 13:55,3994.0,4107.0,-2.75,3391700,4077.0,3814.0,4464.0,2736.0
2026-07-31 14:15:55,2026-07-31 14:00,4002.0,4107.0,-2.56,3430400,4077.0,3814.0,4464.0,2736.0
2026-07-31 14:20:31,2026-07-31 14:05,3998.0,4107.0,-2.65,3470400,4077.0,3814.0,4464.0,2736.0
2026-07-31 14:25:41,2026-07-31 14:10,3999.0,4107.0,-2.63,3501000,4077.0,3814.0,4464.0,2736.0
2026-07-31 14:30:40,2026-07-31 14:15,3995.0,4107.0,-2.73,3523500,4077.0,3814.0,4464.0,2736.0
2026-07-31 14:36:23,2026-07-31 14:21,3997.0,4107.0,-2.68,3553600,4077.0,3814.0,4464.0,2736.0
2026-07-31 14:40:49,2026-07-31 14:25,3999.0,4107.0,-2.63,3581400,4077.0,3814.0,4464.0,2736.0
2026-07-31 14:45:36,2026-07-31 14:30,3996.0,4107.0,-2.7,3602900,4077.0,3814.0,4464.0,2736.0
2026-07-31 14:50:31,2026-07-31 14:35,3995.0,4107.0,-2.73,3622400,4077.0,3814.0,4464.0,2736.0
2026-07-31 14:55:34,2026-07-31 14:40,3998.0,4107.0,-2.65,3654800,4077.0,3814.0,4464.0,2736.0
2026-07-31 15:00:45,2026-07-31 14:45,3996.0,4107.0,-2.7,3678100,4077.0,3814.0,4464.0,2736.0
2026-07-31 15:05:40,2026-07-31 14:50,4000.0,4107.0,-2.61,3710700,4077.0,3814.0,4464.0,2736.0
2026-07-31 15:10:44,2026-07-31 14:55,3992.0,4107.0,-2.8,3739300,4077.0,3814.0,4464.0,2736.0
2026-07-31 15:15:37,2026-07-31 15:00,3991.0,4107.0,-2.82,3777100,4077.0,3814.0,4464.0,2736.0
2026-07-31 15:20:45,2026-07-31 15:05,3986.0,4107.0,-2.95,3828800,4077.0,3814.0,4464.0,2736.0
2026-07-31 15:25:39,2026-07-31 15:10,3978.0,4107.0,-3.14,3874200,4077.0,3814.0,4464.0,2736.0
2026-07-31 15:30:51,2026-07-31 15:15,3983.0,4107.0,-3.02,3943500,4077.0,3814.0,4464.0,2736.0
2026-07-31 15:40:40,2026-07-31 15:25,3959.0,4107.0,-3.6,4093800,4077.0,3814.0,4464.0,2736.0
2026-08-03 09:05:30,2026-07-31 15:30,3964.0,4107.0,-3.48,5452100,4077.0,3814.0,4464.0,2736.0
2026-08-03 09:10:31,2026-07-31 15:30,3964.0,4107.0,-3.48,5452100,4077.0,3814.0,4464.0,2736.0
2026-08-03 09:15:39,2026-08-03 09:00,3918.0,4107.0,-4.6,5640600,3934.0,3891.0,4464.0,2736.0
2026-08-03 09:20:34,2026-08-03 09:05,3948.0,3964.0,-0.4,312700,3950.0,3891.0,4464.0,2736.0
2026-08-03 09:25:48,2026-08-03 09:10,3960.0,3964.0,-0.1,396600,3967.0,3891.0,4464.0,2736.0
2026-08-03 09:30:35,2026-08-03 09:15,3954.0,3964.0,-0.25,446900,3967.0,3891.0,4464.0,2736.0
2026-08-03 09:35:37,2026-08-03 09:20,3895.0,3964.0,-1.74,531500,3967.0,3891.0,4464.0,2736.0
2026-08-03 09:40:31,2026-08-03 09:25,3860.0,3964.0,-2.62,594200,3967.0,3855.0,4464.0,2736.0
2026-08-03 09:45:41,2026-08-03 09:30,3869.0,3964.0,-2.4,650800,3967.0,3844.0,4464.0,2736.0
2026-08-03 09:50:31,2026-08-03 09:35,3873.0,3964.0,-2.3,707100,3967.0,3844.0,4464.0,2736.0
2026-08-03 09:55:32,2026-08-03 09:40,3879.0,3964.0,-2.14,766200,3967.0,3844.0,4464.0,2736.0
2026-08-03 10:00:33,2026-08-03 09:45,3849.0,3964.0,-2.9,805900,3967.0,3844.0,4464.0,2736.0
2026-08-03 10:05:34,2026-08-03 09:50,3866.0,3964.0,-2.47,844000,3967.0,3844.0,4464.0,2736.0
2026-08-03 10:10:31,2026-08-03 09:55,3850.0,3964.0,-2.88,880800,3967.0,3844.0,4464.0,2736.0
2026-08-03 10:15:38,2026-08-03 10:00,3832.0,3964.0,-3.33,929400,3967.0,3832.0,4464.0,2736.0
2026-08-03 10:20:34,2026-08-03 10:05,3830.0,3964.0,-3.38,954500,3967.0,3827.0,4464.0,2736.0
2026-08-03 10:25:45,2026-08-03 10:10,3824.0,3964.0,-3.53,988800,3967.0,3815.0,4464.0,2736.0
2026-08-03 10:30:39,2026-08-03 10:15,3826.0,3964.0,-3.48,1050700,3967.0,3800.0,4464.0,2736.0
2026-08-03 10:35:45,2026-08-03 10:20,3831.0,3964.0,-3.36,1078900,3967.0,3800.0,4464.0,2736.0
2026-08-03 10:40:39,2026-08-03 10:25,3825.0,3964.0,-3.51,1111800,3967.0,3800.0,4464.0,2736.0
2026-08-03 10:45:41,2026-08-03 10:30,3821.0,3964.0,-3.61,1145000,3967.0,3800.0,4464.0,2736.0
2026-08-03 10:50:41,2026-08-03 10:35,3824.0,3964.0,-3.53,1170500,3967.0,3800.0,4464.0,2736.0
2026-08-03 10:55:33,2026-08-03 10:40,3809.0,3964.0,-3.91,1190900,3967.0,3800.0,4464.0,2736.0
2026-08-03 11:00:43,2026-08-03 10:45,3812.0,3964.0,-3.83,1221800,3967.0,3800.0,4464.0,2736.0
2026-08-03 11:05:41,2026-08-03 10:50,3821.0,3964.0,-3.61,1254000,3967.0,3800.0,4464.0,2736.0
2026-08-03 11:10:46,2026-08-03 10:55,3827.0,3964.0,-3.46,1282800,3967.0,3800.0,4464.0,2736.0
2026-08-03 11:15:35,2026-08-03 11:00,3813.0,3964.0,-3.81,1309200,3967.0,3800.0,4464.0,2736.0
2026-08-03 11:20:35,2026-08-03 11:05,3825.0,3964.0,-3.51,1333800,3967.0,3800.0,4464.0,2736.0
2026-08-03 11:25:34,2026-08-03 11:10,3817.0,3964.0,-3.71,1358900,3967.0,3800.0,4464.0,2736.0
2026-08-03 11:30:40,2026-08-03 11:15,3815.0,3964.0,-3.76,1394700,3967.0,3800.0,4464.0,2736.0
2026-08-03 12:30:31,2026-08-03 11:30,3825.0,3964.0,-3.51,1474700,3967.0,3800.0,4464.0,2736.0
2026-08-03 12:35:40,2026-08-03 11:30,3825.0,3964.0,-3.51,1474700,3967.0,3800.0,4464.0,2736.0
2026-08-03 12:40:36,2026-08-03 11:30,3825.0,3964.0,-3.51,1474700,3967.0,3800.0,4464.0,2736.0
2026-08-03 12:45:33,2026-08-03 12:30,3854.0,3964.0,-2.77,1540500,3967.0,3800.0,4464.0,2736.0
2026-08-03 12:50:36,2026-08-03 12:35,3869.0,3964.0,-2.4,1601400,3967.0,3800.0,4464.0,2736.0
2026-08-03 12:55:33,2026-08-03 12:40,3882.0,3964.0,-2.07,1647200,3967.0,3800.0,4464.0,2736.0
2026-08-03 13:00:41,2026-08-03 12:45,3861.0,3964.0,-2.6,1681400,3967.0,3800.0,4464.0,2736.0
2026-08-03 13:05:37,2026-08-03 12:50,3886.0,3964.0,-1.97,1716800,3967.0,3800.0,4464.0,2736.0
2026-08-03 13:10:34,2026-08-03 12:55,3884.0,3964.0,-2.02,1742000,3967.0,3800.0,4464.0,2736.0
2026-08-03 13:15:38,2026-08-03 13:00,3879.0,3964.0,-2.14,1781700,3967.0,3800.0,4464.0,2736.0
2026-08-03 13:20:39,2026-08-03 13:05,3869.0,3964.0,-2.4,1817600,3967.0,3800.0,4464.0,2736.0
2026-08-03 13:25:38,2026-08-03 13:10,3885.0,3964.0,-1.99,1848200,3967.0,3800.0,4464.0,2736.0
2026-08-03 13:30:36,2026-08-03 13:15,3889.0,3964.0,-1.89,1870400,3967.0,3800.0,4464.0,2736.0
2026-08-03 13:35:37,2026-08-03 13:20,3891.0,3964.0,-1.84,1903800,3967.0,3800.0,4464.0,2736.0
2026-08-03 13:40:36,2026-08-03 13:25,3894.0,3964.0,-1.77,1946900,3967.0,3800.0,4464.0,2736.0
2026-08-03 13:45:32,2026-08-03 13:30,3895.0,3964.0,-1.74,1972700,3967.0,3800.0,4464.0,2736.0
2026-08-03 13:51:13,2026-08-03 13:36,3888.0,3964.0,-1.92,1994900,3967.0,3800.0,4464.0,2736.0
2026-08-03 13:55:43,2026-08-03 13:40,3887.0,3964.0,-1.94,2012800,3967.0,3800.0,4464.0,2736.0
2026-08-03 14:00:32,2026-08-03 13:45,3885.0,3964.0,-1.99,2031800,3967.0,3800.0,4464.0,2736.0
2026-08-03 14:05:39,2026-08-03 13:50,3887.0,3964.0,-1.94,2056700,3967.0,3800.0,4464.0,2736.0
2026-08-03 14:10:30,2026-08-03 13:55,3884.0,3964.0,-2.02,2082300,3967.0,3800.0,4464.0,2736.0
2026-08-03 14:15:42,2026-08-03 14:00,3885.0,3964.0,-1.99,2105400,3967.0,3800.0,4464.0,2736.0
2026-08-03 14:20:50,2026-08-03 14:05,3891.0,3964.0,-1.84,2126000,3967.0,3800.0,4464.0,2736.0
2026-08-03 14:25:42,2026-08-03 14:10,3890.0,3964.0,-1.87,2165900,3967.0,3800.0,4464.0,2736.0
2026-08-03 14:30:31,2026-08-03 14:15,3893.0,3964.0,-1.79,2183700,3967.0,3800.0,4464.0,2736.0
2026-08-03 14:35:38,2026-08-03 14:20,3892.0,3964.0,-1.82,2223400,3967.0,3800.0,4464.0,2736.0
2026-08-03 14:40:42,2026-08-03 14:25,3901.0,3964.0,-1.59,2246500,3967.0,3800.0,4464.0,2736.0
2026-08-03 14:45:36,2026-08-03 14:30,3898.0,3964.0,-1.66,2271500,3967.0,3800.0,4464.0,2736.0
2026-08-03 14:50:41,2026-08-03 14:35,3892.0,3964.0,-1.82,2292600,3967.0,3800.0,4464.0,2736.0
2026-08-03 14:55:31,2026-08-03 14:40,3904.0,3964.0,-1.51,2346500,3967.0,3800.0,4464.0,2736.0
2026-08-03 15:00:37,2026-08-03 14:45,3904.0,3964.0,-1.51,2369500,3967.0,3800.0,4464.0,2736.0
2026-08-03 15:05:30,2026-08-03 14:50,3907.0,3964.0,-1.44,2397800,3967.0,3800.0,4464.0,2736.0
2026-08-03 15:10:39,2026-08-03 14:55,3907.0,3964.0,-1.44,2422000,3967.0,3800.0,4464.0,2736.0
2026-08-03 15:15:47,2026-08-03 15:00,3904.0,3964.0,-1.51,2456700,3967.0,3800.0,4464.0,2736.0
2026-08-03 15:20:46,2026-08-03 15:05,3893.0,3964.0,-1.79,2489700,3967.0,3800.0,4464.0,2736.0
2026-08-03 15:25:43,2026-08-03 15:10,3878.0,3964.0,-2.17,2525800,3967.0,3800.0,4464.0,2736.0
2026-08-03 15:30:43,2026-08-03 15:15,3877.0,3964.0,-2.19,2559000,3967.0,3800.0,4464.0,2736.0
2026-08-03 15:40:47,2026-08-03 15:24,3875.0,3964.0,-2.25,2680200,3967.0,3800.0,4464.0,2736.0
2026-08-04 09:05:46,2026-08-03 15:30,3888.0,3964.0,-1.92,3486300,3967.0,3800.0,4464.0,2736.0
2026-08-04 09:10:31,2026-08-03 15:30,3888.0,3964.0,-1.92,3486300,3967.0,3800.0,4464.0,2736.0
2026-08-04 09:15:39,2026-08-04 09:00,3888.0,3964.0,-1.92,3615900,3888.0,3858.0,4464.0,2736.0
2026-08-04 09:20:37,2026-08-04 09:05,3861.0,3888.0,-0.69,182000,3888.0,3855.0,4464.0,2736.0
2026-08-04 09:25:40,2026-08-04 09:10,3828.0,3888.0,-1.54,225700,3888.0,3828.0,4464.0,2736.0
2026-08-04 09:30:32,2026-08-04 09:15,3845.0,3888.0,-1.11,256800,3888.0,3815.0,4464.0,2736.0
2026-08-04 09:35:44,2026-08-04 09:20,3864.0,3888.0,-0.62,294300,3888.0,3815.0,4464.0,2736.0
2026-08-04 09:40:41,2026-08-04 09:25,3865.0,3888.0,-0.59,335700,3888.0,3815.0,4464.0,2736.0
2026-08-04 09:45:40,2026-08-04 09:30,3870.0,3888.0,-0.46,372200,3888.0,3815.0,4464.0,2736.0
2026-08-04 09:50:33,2026-08-04 09:35,3888.0,3888.0,0.0,409500,3893.0,3815.0,4464.0,2736.0
2026-08-04 09:55:52,2026-08-04 09:40,3894.0,3888.0,0.15,454800,3903.0,3815.0,4464.0,2736.0
2026-08-04 10:00:50,2026-08-04 09:45,3894.0,3888.0,0.15,482300,3910.0,3815.0,4464.0,2736.0
2026-08-04 10:05:39,2026-08-04 09:50,3900.0,3888.0,0.31,507700,3912.0,3815.0,4464.0,2736.0
2026-08-04 10:10:46,2026-08-04 09:55,3901.0,3888.0,0.33,535300,3912.0,3815.0,4464.0,2736.0
2026-08-04 10:15:45,2026-08-04 10:00,3900.0,3888.0,0.31,557200,3912.0,3815.0,4464.0,2736.0
2026-08-04 10:20:35,2026-08-04 10:05,3897.0,3888.0,0.23,573100,3912.0,3815.0,4464.0,2736.0
2026-08-04 10:25:31,2026-08-04 10:10,3892.0,3888.0,0.1,600500,3912.0,3815.0,4464.0,2736.0
2026-08-04 10:30:35,2026-08-04 10:15,3884.0,3888.0,-0.1,630300,3912.0,3815.0,4464.0,2736.0
2026-08-04 10:35:41,2026-08-04 10:20,3895.0,3888.0,0.18,659000,3912.0,3815.0,4464.0,2736.0
2026-08-04 10:40:44,2026-08-04 10:25,3883.0,3888.0,-0.13,681800,3912.0,3815.0,4464.0,2736.0
2026-08-04 10:45:42,2026-08-04 10:30,3879.0,3888.0,-0.23,693700,3912.0,3815.0,4464.0,2736.0
2026-08-04 10:50:44,2026-08-04 10:35,3884.0,3888.0,-0.1,728500,3912.0,3815.0,4464.0,2736.0
2026-08-04 11:10:56,2026-08-04 10:55,3873.0,3888.0,-0.39,793000,3912.0,3815.0,4464.0,2736.0
2026-08-04 11:15:41,2026-08-04 11:00,3868.0,3888.0,-0.51,811400,3912.0,3815.0,4464.0,2736.0
2026-08-04 11:20:37,2026-08-04 11:05,3868.0,3888.0,-0.51,820600,3912.0,3815.0,4464.0,2736.0
2026-08-04 11:25:34,2026-08-04 11:10,3876.0,3888.0,-0.31,836200,3912.0,3815.0,4464.0,2736.0
2026-08-04 11:30:33,2026-08-04 11:15,3875.0,3888.0,-0.33,847200,3912.0,3815.0,4464.0,2736.0
2026-08-04 12:30:38,2026-08-04 11:30,3881.0,3888.0,-0.18,893700,3912.0,3815.0,4464.0,2736.0
2026-08-04 12:35:38,2026-08-04 11:30,3881.0,3888.0,-0.18,893700,3912.0,3815.0,4464.0,2736.0
2026-08-04 12:40:37,2026-08-04 11:30,3881.0,3888.0,-0.18,893700,3912.0,3815.0,4464.0,2736.0
2026-08-04 12:45:38,2026-08-04 12:30,3898.0,3888.0,0.26,917400,3912.0,3815.0,4464.0,2736.0
2026-08-04 12:50:35,2026-08-04 12:35,3907.0,3888.0,0.49,954600,3912.0,3815.0,4464.0,2736.0
2026-08-04 12:55:39,2026-08-04 12:40,3912.0,3888.0,0.62,971600,3912.0,3815.0,4464.0,2736.0
2026-08-04 13:00:37,2026-08-04 12:45,3907.0,3888.0,0.49,992500,3912.0,3815.0,4464.0,2736.0
2026-08-04 13:05:43,2026-08-04 12:50,3878.0,3888.0,-0.26,1018700,3912.0,3815.0,4464.0,2736.0
2026-08-04 13:10:45,2026-08-04 12:55,3876.0,3888.0,-0.31,1043300,3912.0,3815.0,4464.0,2736.0
2026-08-04 13:15:48,2026-08-04 13:00,3869.0,3888.0,-0.49,1061100,3912.0,3815.0,4464.0,2736.0
2026-08-04 13:20:28,2026-08-04 13:05,3876.0,3888.0,-0.31,1074000,3912.0,3815.0,4464.0,2736.0
2026-08-04 13:25:35,2026-08-04 13:10,3877.0,3888.0,-0.28,1088400,3912.0,3815.0,4464.0,2736.0
2026-08-04 13:30:41,2026-08-04 13:15,3882.0,3888.0,-0.15,1110200,3912.0,3815.0,4464.0,2736.0
2026-08-04 13:35:43,2026-08-04 13:20,3880.0,3888.0,-0.21,1122000,3912.0,3815.0,4464.0,2736.0
2026-08-04 13:40:37,2026-08-04 13:25,3879.0,3888.0,-0.23,1138300,3912.0,3815.0,4464.0,2736.0
2026-08-04 13:45:45,2026-08-04 13:30,3881.0,3888.0,-0.18,1155500,3912.0,3815.0,4464.0,2736.0
2026-08-04 13:50:35,2026-08-04 13:35,3876.0,3888.0,-0.31,1170800,3912.0,3815.0,4464.0,2736.0
2026-08-04 13:55:31,2026-08-04 13:40,3872.0,3888.0,-0.41,1185200,3912.0,3815.0,4464.0,2736.0
2026-08-04 14:00:38,2026-08-04 13:45,3861.0,3888.0,-0.69,1202900,3912.0,3815.0,4464.0,2736.0
2026-08-04 14:05:39,2026-08-04 13:50,3872.0,3888.0,-0.41,1219200,3912.0,3815.0,4464.0,2736.0
2026-08-04 14:10:44,2026-08-04 13:55,3882.0,3888.0,-0.15,1237800,3912.0,3815.0,4464.0,2736.0
2026-08-04 14:15:42,2026-08-04 14:00,3881.0,3888.0,-0.18,1252900,3912.0,3815.0,4464.0,2736.0
2026-08-04 14:20:44,2026-08-04 14:05,3874.0,3888.0,-0.36,1268100,3912.0,3815.0,4464.0,2736.0
2026-08-04 14:25:43,2026-08-04 14:10,3880.0,3888.0,-0.21,1277100,3912.0,3815.0,4464.0,2736.0
2026-08-04 14:30:35,2026-08-04 14:15,3874.0,3888.0,-0.36,1290200,3912.0,3815.0,4464.0,2736.0
2026-08-04 14:35:38,2026-08-04 14:20,3880.0,3888.0,-0.21,1302500,3912.0,3815.0,4464.0,2736.0
2026-08-04 14:40:36,2026-08-04 14:25,3886.0,3888.0,-0.05,1321800,3912.0,3815.0,4464.0,2736.0
2026-08-04 14:45:32,2026-08-04 14:30,3875.0,3888.0,-0.33,1347100,3912.0,3815.0,4464.0,2736.0
2026-08-04 14:50:42,2026-08-04 14:35,3871.0,3888.0,-0.44,1369200,3912.0,3815.0,4464.0,2736.0
2026-08-04 14:55:35,2026-08-04 14:40,3867.0,3888.0,-0.54,1378800,3912.0,3815.0,4464.0,2736.0
2026-08-04 15:40:47,2026-08-04 15:24,3898.0,3888.0,0.26,1659100,3912.0,3815.0,4464.0,2736.0
2026-08-05 09:05:32,2026-08-04 15:30,3882.0,3888.0,-0.15,2487900,3912.0,3815.0,4464.0,2736.0
2026-08-05 09:10:37,2026-08-04 15:30,3882.0,3888.0,-0.15,2487900,3912.0,3815.0,4464.0,2736.0
2026-08-05 09:15:43,2026-08-05 09:00,3882.0,3888.0,-0.15,2623000,3890.0,3848.0,4464.0,2736.0
2026-08-05 09:20:35,2026-08-05 09:05,3898.0,3882.0,0.41,195300,3900.0,3848.0,4464.0,2736.0
2026-08-05 09:25:33,2026-08-05 09:10,3885.0,3882.0,0.08,233600,3900.0,3848.0,4464.0,2736.0
2026-08-05 09:30:38,2026-08-05 09:15,3906.0,3882.0,0.62,283500,3910.0,3848.0,4464.0,2736.0
2026-08-05 09:35:34,2026-08-05 09:20,3891.0,3882.0,0.23,306600,3915.0,3848.0,4464.0,2736.0
2026-08-05 09:40:43,2026-08-05 09:25,3901.0,3882.0,0.49,334900,3915.0,3848.0,4464.0,2736.0
2026-08-05 09:45:45,2026-08-05 09:30,3892.0,3882.0,0.26,360400,3916.0,3848.0,4464.0,2736.0
2026-08-05 09:50:51,2026-08-05 09:35,3890.0,3882.0,0.21,384800,3916.0,3848.0,4464.0,2736.0
2026-08-05 09:55:40,2026-08-05 09:40,3882.0,3882.0,0.0,404300,3916.0,3848.0,4464.0,2736.0
2026-08-05 10:00:53,2026-08-05 09:45,3867.0,3882.0,-0.39,432700,3916.0,3848.0,4464.0,2736.0
2026-08-05 10:05:32,2026-08-05 09:50,3878.0,3882.0,-0.1,450800,3916.0,3848.0,4464.0,2736.0
2026-08-05 10:10:31,2026-08-05 09:55,3866.0,3882.0,-0.41,466200,3916.0,3848.0,4464.0,2736.0
2026-08-05 10:15:38,2026-08-05 10:00,3867.0,3882.0,-0.39,486700,3916.0,3848.0,4464.0,2736.0
2026-08-05 10:20:35,2026-08-05 10:05,3875.0,3882.0,-0.18,504100,3916.0,3848.0,4464.0,2736.0
2026-08-05 10:25:40,2026-08-05 10:10,3866.0,3882.0,-0.41,525900,3916.0,3848.0,4464.0,2736.0
2026-08-05 10:30:43,2026-08-05 10:15,3866.0,3882.0,-0.41,537800,3916.0,3848.0,4464.0,2736.0
2026-08-05 10:35:32,2026-08-05 10:20,3849.0,3882.0,-0.85,564400,3916.0,3841.0,4464.0,2736.0
2026-08-05 10:40:39,2026-08-05 10:25,3844.0,3882.0,-0.98,580100,3916.0,3841.0,4464.0,2736.0
2026-08-05 10:45:48,2026-08-05 10:30,3855.0,3882.0,-0.7,598100,3916.0,3841.0,4464.0,2736.0
2026-08-05 10:50:42,2026-08-05 10:35,3848.0,3882.0,-0.88,611300,3916.0,3841.0,4464.0,2736.0
2026-08-05 10:55:36,2026-08-05 10:40,3847.0,3882.0,-0.9,626100,3916.0,3841.0,4464.0,2736.0
2026-08-05 11:00:43,2026-08-05 10:45,3837.0,3882.0,-1.16,644800,3916.0,3836.0,4464.0,2736.0
2026-08-05 11:05:48,2026-08-05 10:50,3833.0,3882.0,-1.26,660600,3916.0,3832.0,4464.0,2736.0
2026-08-05 11:10:45,2026-08-05 10:55,3836.0,3882.0,-1.18,677800,3916.0,3826.0,4464.0,2736.0
2026-08-05 11:15:35,2026-08-05 11:00,3833.0,3882.0,-1.26,690000,3916.0,3826.0,4464.0,2736.0
2026-08-05 11:20:35,2026-08-05 11:05,3832.0,3882.0,-1.29,712200,3916.0,3817.0,4464.0,2736.0
2026-08-05 11:25:39,2026-08-05 11:10,3832.0,3882.0,-1.29,724800,3916.0,3817.0,4464.0,2736.0
2026-08-05 11:30:42,2026-08-05 11:15,3841.0,3882.0,-1.06,734500,3916.0,3817.0,4464.0,2736.0
2026-08-05 12:30:40,2026-08-05 11:30,3844.0,3882.0,-0.98,774100,3916.0,3817.0,4464.0,2736.0
2026-08-05 12:35:35,2026-08-05 11:30,3844.0,3882.0,-0.98,774100,3916.0,3817.0,4464.0,2736.0
2026-08-05 12:40:39,2026-08-05 11:30,3844.0,3882.0,-0.98,774100,3916.0,3817.0,4464.0,2736.0
2026-08-05 12:45:38,2026-08-05 12:30,3841.0,3882.0,-1.06,811900,3916.0,3817.0,4464.0,2736.0
2026-08-05 12:50:39,2026-08-05 12:35,3850.0,3882.0,-0.82,850500,3916.0,3817.0,4464.0,2736.0
2026-08-05 12:55:34,2026-08-05 12:40,3848.0,3882.0,-0.88,865700,3916.0,3817.0,4464.0,2736.0
2026-08-05 13:00:45,2026-08-05 12:45,3842.0,3882.0,-1.03,880600,3916.0,3817.0,4464.0,2736.0
2026-08-05 13:05:39,2026-08-05 12:50,3840.0,3882.0,-1.08,894100,3916.0,3817.0,4464.0,2736.0
2026-08-05 13:10:37,2026-08-05 12:55,3834.0,3882.0,-1.24,910200,3916.0,3817.0,4464.0,2736.0
2026-08-05 13:15:38,2026-08-05 13:00,3844.0,3882.0,-0.98,925300,3916.0,3817.0,4464.0,2736.0
2026-08-05 13:20:37,2026-08-05 13:05,3845.0,3882.0,-0.95,937100,3916.0,3817.0,4464.0,2736.0
2026-08-05 13:25:37,2026-08-05 13:10,3848.0,3882.0,-0.88,950000,3916.0,3817.0,4464.0,2736.0
2026-08-05 13:30:44,2026-08-05 13:15,3853.0,3882.0,-0.75,964600,3916.0,3817.0,4464.0,2736.0
2026-08-05 13:35:45,2026-08-05 13:20,3856.0,3882.0,-0.67,977500,3916.0,3817.0,4464.0,2736.0
2026-08-05 13:40:38,2026-08-05 13:25,3853.0,3882.0,-0.75,989300,3916.0,3817.0,4464.0,2736.0
2026-08-05 13:45:31,2026-08-05 13:30,3848.0,3882.0,-0.88,1003700,3916.0,3817.0,4464.0,2736.0
2026-08-05 13:50:30,2026-08-05 13:35,3846.0,3882.0,-0.93,1016300,3916.0,3817.0,4464.0,2736.0
2026-08-05 13:55:36,2026-08-05 13:40,3842.0,3882.0,-1.03,1031000,3916.0,3817.0,4464.0,2736.0
2026-08-05 14:00:44,2026-08-05 13:45,3842.0,3882.0,-1.03,1049700,3916.0,3817.0,4464.0,2736.0
2026-08-05 14:05:38,2026-08-05 13:50,3838.0,3882.0,-1.13,1062200,3916.0,3817.0,4464.0,2736.0
2026-08-05 14:10:40,2026-08-05 13:55,3839.0,3882.0,-1.11,1076700,3916.0,3817.0,4464.0,2736.0
2026-08-05 14:31:02,2026-08-05 14:15,3855.0,3882.0,-0.7,1142400,3916.0,3817.0,4464.0,2736.0
2026-08-05 14:35:36,2026-08-05 14:20,3855.0,3882.0,-0.7,1152400,3916.0,3817.0,4464.0,2736.0
2026-08-05 14:40:42,2026-08-05 14:25,3856.0,3882.0,-0.67,1172000,3916.0,3817.0,4464.0,2736.0
2026-08-05 14:45:38,2026-08-05 14:30,3857.0,3882.0,-0.64,1194000,3916.0,3817.0,4464.0,2736.0
2026-08-05 14:50:42,2026-08-05 14:35,3859.0,3882.0,-0.59,1230700,3916.0,3817.0,4464.0,2736.0
2026-08-05 14:55:41,2026-08-05 14:40,3858.0,3882.0,-0.62,1243800,3916.0,3817.0,4464.0,2736.0
2026-08-05 15:00:33,2026-08-05 14:45,3858.0,3882.0,-0.62,1260900,3916.0,3817.0,4464.0,2736.0
2026-08-05 15:05:38,2026-08-05 14:50,3856.0,3882.0,-0.67,1275800,3916.0,3817.0,4464.0,2736.0
2026-08-05 15:10:55,2026-08-05 14:55,3850.0,3882.0,-0.82,1291900,3916.0,3817.0,4464.0,2736.0
2026-08-05 15:16:18,2026-08-05 15:01,3843.0,3882.0,-1.0,1323100,3916.0,3817.0,4464.0,2736.0
2026-08-05 15:20:30,2026-08-05 15:05,3840.0,3882.0,-1.08,1345200,3916.0,3817.0,4464.0,2736.0
2026-08-05 15:25:31,2026-08-05 15:10,3842.0,3882.0,-1.03,1375500,3916.0,3817.0,4464.0,2736.0
2026-08-05 15:30:50,2026-08-05 15:15,3841.0,3882.0,-1.06,1419300,3916.0,3817.0,4464.0,2736.0
2026-08-05 15:40:39,2026-08-05 15:24,3829.0,3882.0,-1.37,1519500,3916.0,3817.0,4464.0,2736.0
2026-08-06 09:05:44,2026-08-05 15:30,3840.0,3882.0,-1.08,2339700,3916.0,3817.0,4464.0,2736.0
2026-08-06 09:10:33,2026-08-05 15:30,3840.0,3882.0,-1.08,2339700,3916.0,3817.0,4464.0,2736.0
2026-08-06 09:15:35,2026-08-06 09:00,3840.0,3882.0,-1.08,2479400,3884.0,3860.0,4464.0,2736.0
2026-08-06 09:20:36,2026-08-06 09:05,3893.0,3840.0,1.38,265600,3937.0,3860.0,4464.0,2736.0
2026-08-06 09:25:35,2026-08-06 09:10,3879.0,3840.0,1.02,318200,3937.0,3860.0,4464.0,2736.0
2026-08-06 09:30:39,2026-08-06 09:15,3890.0,3840.0,1.3,365200,3937.0,3860.0,4464.0,2736.0
2026-08-06 09:35:45,2026-08-06 09:20,3952.0,3840.0,2.92,438200,3954.0,3860.0,4464.0,2736.0
2026-08-06 09:46:08,2026-08-06 09:31,3921.0,3840.0,2.11,567800,3963.0,3860.0,4464.0,2736.0
2026-08-06 09:46:45,2026-08-06 09:31,3930.0,3840.0,2.34,576300,3963.0,3860.0,4464.0,2736.0
2026-08-06 09:50:30,2026-08-06 09:35,3890.0,3840.0,1.3,597800,3963.0,3860.0,4464.0,2736.0
2026-08-06 09:55:43,2026-08-06 09:40,3873.0,3840.0,0.86,639000,3963.0,3860.0,4464.0,2736.0
2026-08-06 10:00:44,2026-08-06 09:45,3885.0,3840.0,1.17,675400,3963.0,3860.0,4464.0,2736.0
2026-08-06 10:05:46,2026-08-06 09:50,3884.0,3840.0,1.15,696700,3963.0,3860.0,4464.0,2736.0
2026-08-06 10:10:42,2026-08-06 09:55,3883.0,3840.0,1.12,717400,3963.0,3860.0,4464.0,2736.0
2026-08-06 10:15:42,2026-08-06 10:00,3872.0,3840.0,0.83,741600,3963.0,3860.0,4464.0,2736.0
2026-08-06 10:20:44,2026-08-06 10:05,3871.0,3840.0,0.81,759600,3963.0,3860.0,4464.0,2736.0
2026-08-06 10:25:41,2026-08-06 10:10,3878.0,3840.0,0.99,779300,3963.0,3860.0,4464.0,2736.0
2026-08-06 10:30:42,2026-08-06 10:15,3879.0,3840.0,1.02,810000,3963.0,3860.0,4464.0,2736.0
2026-08-06 10:35:37,2026-08-06 10:20,3888.0,3840.0,1.25,828700,3963.0,3860.0,4464.0,2736.0
2026-08-06 10:40:35,2026-08-06 10:25,3888.0,3840.0,1.25,847600,3963.0,3860.0,4464.0,2736.0
2026-08-06 10:45:37,2026-08-06 10:30,3903.0,3840.0,1.64,869200,3963.0,3860.0,4464.0,2736.0
2026-08-06 10:50:48,2026-08-06 10:35,3914.0,3840.0,1.93,899300,3963.0,3860.0,4464.0,2736.0
2026-08-06 10:55:31,2026-08-06 10:40,3929.0,3840.0,2.32,940300,3963.0,3860.0,4464.0,2736.0
2026-08-06 11:00:43,2026-08-06 10:45,3944.0,3840.0,2.71,1007000,3963.0,3860.0,4464.0,2736.0
2026-08-06 11:05:35,2026-08-06 10:50,3946.0,3840.0,2.76,1031200,3963.0,3860.0,4464.0,2736.0
2026-08-06 11:10:47,2026-08-06 10:55,3962.0,3840.0,3.18,1075500,3963.0,3860.0,4464.0,2736.0
2026-08-06 11:15:37,2026-08-06 11:00,3958.0,3840.0,3.07,1115400,3969.0,3860.0,4464.0,2736.0
2026-08-06 11:20:40,2026-08-06 11:05,3958.0,3840.0,3.07,1136900,3969.0,3860.0,4464.0,2736.0
2026-08-06 11:25:34,2026-08-06 11:10,3955.0,3840.0,2.99,1153800,3969.0,3860.0,4464.0,2736.0
2026-08-06 11:30:51,2026-08-06 11:15,3948.0,3840.0,2.81,1177300,3969.0,3860.0,4464.0,2736.0
2026-08-06 12:30:37,2026-08-06 11:30,3953.0,3840.0,2.94,1264900,3969.0,3860.0,4464.0,2736.0
2026-08-06 12:35:35,2026-08-06 11:30,3953.0,3840.0,2.94,1264900,3969.0,3860.0,4464.0,2736.0
2026-08-06 12:40:48,2026-08-06 11:30,3953.0,3840.0,2.94,1264900,3969.0,3860.0,4464.0,2736.0
2026-08-06 12:45:38,2026-08-06 12:30,3972.0,3840.0,3.44,1320900,3985.0,3860.0,4464.0,2736.0
2026-08-06 12:50:47,2026-08-06 12:35,3970.0,3840.0,3.39,1359500,3988.0,3860.0,4464.0,2736.0
2026-08-06 12:55:37,2026-08-06 12:40,3968.0,3840.0,3.33,1404500,3988.0,3860.0,4464.0,2736.0
2026-08-06 13:00:36,2026-08-06 12:45,3982.0,3840.0,3.7,1420600,3988.0,3860.0,4464.0,2736.0
2026-08-06 13:05:33,2026-08-06 12:50,3980.0,3840.0,3.65,1441000,3988.0,3860.0,4464.0,2736.0
2026-08-06 13:10:40,2026-08-06 12:55,3985.0,3840.0,3.78,1465400,3990.0,3860.0,4464.0,2736.0
2026-08-06 13:15:31,2026-08-06 13:00,3982.0,3840.0,3.7,1483700,3990.0,3860.0,4464.0,2736.0
2026-08-06 13:20:45,2026-08-06 13:05,3973.0,3840.0,3.46,1508700,3990.0,3860.0,4464.0,2736.0
2026-08-06 13:25:31,2026-08-06 13:10,3968.0,3840.0,3.33,1530300,3990.0,3860.0,4464.0,2736.0
2026-08-06 13:30:47,2026-08-06 13:15,3964.0,3840.0,3.23,1549200,3990.0,3860.0,4464.0,2736.0
2026-08-06 13:35:40,2026-08-06 13:20,3963.0,3840.0,3.2,1562100,3990.0,3860.0,4464.0,2736.0
2026-08-06 13:40:42,2026-08-06 13:25,3963.0,3840.0,3.2,1575000,3990.0,3860.0,4464.0,2736.0
2026-08-06 13:45:38,2026-08-06 13:30,3956.0,3840.0,3.02,1609600,3990.0,3860.0,4464.0,2736.0
2026-08-06 13:50:37,2026-08-06 13:35,3957.0,3840.0,3.05,1622900,3990.0,3860.0,4464.0,2736.0
2026-08-06 13:55:45,2026-08-06 13:40,3962.0,3840.0,3.18,1636100,3990.0,3860.0,4464.0,2736.0
2026-08-06 14:00:33,2026-08-06 13:45,3959.0,3840.0,3.1,1646600,3990.0,3860.0,4464.0,2736.0
2026-08-06 14:05:42,2026-08-06 13:50,3963.0,3840.0,3.2,1660100,3990.0,3860.0,4464.0,2736.0
2026-08-06 14:10:36,2026-08-06 13:55,3966.0,3840.0,3.28,1669700,3990.0,3860.0,4464.0,2736.0
2026-08-06 14:15:34,2026-08-06 14:00,3954.0,3840.0,2.97,1695500,3990.0,3860.0,4464.0,2736.0
2026-08-06 14:20:39,2026-08-06 14:05,3960.0,3840.0,3.12,1710300,3990.0,3860.0,4464.0,2736.0
2026-08-06 14:25:39,2026-08-06 14:10,3964.0,3840.0,3.23,1724000,3990.0,3860.0,4464.0,2736.0
2026-08-06 14:30:37,2026-08-06 14:15,3961.0,3840.0,3.15,1742300,3990.0,3860.0,4464.0,2736.0
2026-08-06 14:35:29,2026-08-06 14:20,3966.0,3840.0,3.28,1759800,3990.0,3860.0,4464.0,2736.0
2026-08-06 14:40:31,2026-08-06 14:25,3965.0,3840.0,3.26,1781700,3990.0,3860.0,4464.0,2736.0
2026-08-06 14:45:37,2026-08-06 14:30,3968.0,3840.0,3.33,1805600,3990.0,3860.0,4464.0,2736.0
2026-08-06 14:50:37,2026-08-06 14:35,3962.0,3840.0,3.18,1825100,3990.0,3860.0,4464.0,2736.0
2026-08-06 14:55:39,2026-08-06 14:40,3966.0,3840.0,3.28,1838600,3990.0,3860.0,4464.0,2736.0
2026-08-06 15:00:38,2026-08-06 14:45,3968.0,3840.0,3.33,1855500,3990.0,3860.0,4464.0,2736.0
2026-08-06 15:05:36,2026-08-06 14:50,3972.0,3840.0,3.44,1867500,3990.0,3860.0,4464.0,2736.0
2026-08-06 15:10:49,2026-08-06 14:55,3971.0,3840.0,3.41,1894100,3990.0,3860.0,4464.0,2736.0
2026-08-06 15:15:40,2026-08-06 15:00,3965.0,3840.0,3.26,1921200,3990.0,3860.0,4464.0,2736.0
2026-08-06 15:20:44,2026-08-06 15:05,3966.0,3840.0,3.28,1943700,3990.0,3860.0,4464.0,2736.0
2026-08-06 15:25:31,2026-08-06 15:10,3968.0,3840.0,3.33,1969800,3990.0,3860.0,4464.0,2736.0
2026-08-06 15:40:46,2026-08-06 15:24,3961.0,3840.0,3.15,2122700,3990.0,3860.0,4464.0,2736.0
2026-08-07 09:05:51,2026-08-06 15:30,3942.0,3840.0,2.66,2901600,3990.0,3860.0,4464.0,2736.0
2026-08-07 09:10:38,2026-08-06 15:30,3942.0,3840.0,2.66,2901600,3990.0,3860.0,4464.0,2736.0
2026-08-07 09:15:43,2026-08-07 09:00,3942.0,3840.0,2.66,2967300,4002.0,3980.0,4464.0,2736.0
2026-08-07 09:20:42,2026-08-07 09:05,3975.0,3942.0,0.84,119800,4032.0,3975.0,4464.0,2736.0
2026-08-07 09:25:39,2026-08-07 09:10,4035.0,3942.0,2.36,174600,4035.0,3965.0,4464.0,2736.0
2026-08-07 09:30:35,2026-08-07 09:15,4032.0,3942.0,2.28,241500,4054.0,3965.0,4464.0,2736.0
2026-08-07 09:35:37,2026-08-07 09:20,4055.0,3942.0,2.87,277900,4055.0,3965.0,4464.0,2736.0
2026-08-07 09:40:42,2026-08-07 09:25,4081.0,3942.0,3.53,349000,4082.0,3965.0,4464.0,2736.0
2026-08-07 09:45:47,2026-08-07 09:30,4082.0,3942.0,3.55,435000,4089.0,3965.0,4464.0,2736.0
2026-08-07 09:50:39,2026-08-07 09:35,4064.0,3942.0,3.09,481800,4089.0,3965.0,4464.0,2736.0
2026-08-07 09:56:12,2026-08-07 09:41,4088.0,3942.0,3.7,528500,4092.0,3965.0,4464.0,2736.0
2026-08-07 10:00:33,2026-08-07 09:45,4112.0,3942.0,4.31,604900,4113.0,3965.0,4464.0,2736.0
2026-08-07 10:05:35,2026-08-07 09:50,4112.0,3942.0,4.31,670600,4121.0,3965.0,4464.0,2736.0
2026-08-07 10:10:48,2026-08-07 09:55,4109.0,3942.0,4.24,706800,4121.0,3965.0,4464.0,2736.0
2026-08-07 10:15:34,2026-08-07 10:00,4127.0,3942.0,4.69,771700,4129.0,3965.0,4464.0,2736.0
2026-08-07 10:20:32,2026-08-07 10:05,4131.0,3942.0,4.79,817700,4135.0,3965.0,4464.0,2736.0
2026-08-07 10:25:40,2026-08-07 10:10,4132.0,3942.0,4.82,874100,4145.0,3965.0,4464.0,2736.0
2026-08-07 10:30:40,2026-08-07 10:15,4146.0,3942.0,5.18,936100,4150.0,3965.0,4464.0,2736.0
2026-08-07 10:35:37,2026-08-07 10:20,4156.0,3942.0,5.43,987400,4158.0,3965.0,4464.0,2736.0
2026-08-07 10:40:39,2026-08-07 10:25,4158.0,3942.0,5.48,1029500,4169.0,3965.0,4464.0,2736.0
2026-08-07 10:45:36,2026-08-07 10:30,4155.0,3942.0,5.4,1071500,4169.0,3965.0,4464.0,2736.0
2026-08-07 10:50:43,2026-08-07 10:35,4157.0,3942.0,5.45,1132900,4169.0,3965.0,4464.0,2736.0
2026-08-07 10:55:38,2026-08-07 10:40,4154.0,3942.0,5.38,1174900,4171.0,3965.0,4464.0,2736.0
2026-08-07 11:00:51,2026-08-07 10:45,4171.0,3942.0,5.81,1200800,4173.0,3965.0,4464.0,2736.0
2026-08-07 11:05:38,2026-08-07 10:50,4155.0,3942.0,5.4,1234600,4174.0,3965.0,4464.0,2736.0
2026-08-07 11:10:37,2026-08-07 10:55,4166.0,3942.0,5.68,1258900,4174.0,3965.0,4464.0,2736.0
2026-08-07 11:15:32,2026-08-07 11:00,4156.0,3942.0,5.43,1293000,4174.0,3965.0,4464.0,2736.0
2026-08-07 11:20:46,2026-08-07 11:05,4121.0,3942.0,4.54,1361700,4174.0,3965.0,4464.0,2736.0
2026-08-07 11:25:46,2026-08-07 11:10,4133.0,3942.0,4.85,1399200,4174.0,3965.0,4464.0,2736.0
2026-08-07 11:30:35,2026-08-07 11:15,4132.0,3942.0,4.82,1428600,4174.0,3965.0,4464.0,2736.0
2026-08-07 12:30:36,2026-08-07 11:30,4128.0,3942.0,4.72,1487000,4174.0,3965.0,4464.0,2736.0
2026-08-07 12:35:39,2026-08-07 11:30,4128.0,3942.0,4.72,1487000,4174.0,3965.0,4464.0,2736.0
2026-08-07 12:40:59,2026-08-07 11:30,4128.0,3942.0,4.72,1487000,4174.0,3965.0,4464.0,2736.0
2026-08-07 12:45:36,2026-08-07 12:30,4121.0,3942.0,4.54,1522300,4174.0,3965.0,4464.0,2736.0
2026-08-07 12:50:34,2026-08-07 12:35,4125.0,3942.0,4.64,1572600,4174.0,3965.0,4464.0,2736.0
2026-08-07 12:55:37,2026-08-07 12:40,4132.0,3942.0,4.82,1592300,4174.0,3965.0,4464.0,2736.0
2026-08-07 13:00:32,2026-08-07 12:45,4138.0,3942.0,4.97,1619800,4174.0,3965.0,4464.0,2736.0
2026-08-07 13:05:32,2026-08-07 12:50,4153.0,3942.0,5.35,1660000,4174.0,3965.0,4464.0,2736.0
2026-08-07 13:10:31,2026-08-07 12:55,4165.0,3942.0,5.66,1690400,4174.0,3965.0,4464.0,2736.0
2026-08-07 13:15:33,2026-08-07 13:00,4170.0,3942.0,5.78,1730500,4174.0,3965.0,4464.0,2736.0
2026-08-07 13:20:37,2026-08-07 13:05,4166.0,3942.0,5.68,1757100,4174.0,3965.0,4464.0,2736.0
2026-08-07 13:25:41,2026-08-07 13:10,4157.0,3942.0,5.45,1788400,4174.0,3965.0,4464.0,2736.0
2026-08-07 13:30:47,2026-08-07 13:15,4159.0,3942.0,5.5,1812100,4174.0,3965.0,4464.0,2736.0
2026-08-07 13:35:47,2026-08-07 13:20,4156.0,3942.0,5.43,1826800,4174.0,3965.0,4464.0,2736.0
2026-08-07 13:40:37,2026-08-07 13:25,4167.0,3942.0,5.71,1841800,4174.0,3965.0,4464.0,2736.0
2026-08-07 13:45:39,2026-08-07 13:30,4164.0,3942.0,5.63,1863800,4174.0,3965.0,4464.0,2736.0
2026-08-07 13:50:39,2026-08-07 13:35,4163.0,3942.0,5.61,1885300,4174.0,3965.0,4464.0,2736.0
2026-08-07 13:55:35,2026-08-07 13:40,4163.0,3942.0,5.61,1895900,4174.0,3965.0,4464.0,2736.0
2026-08-07 14:00:40,2026-08-07 13:45,4167.0,3942.0,5.71,1909200,4174.0,3965.0,4464.0,2736.0
2026-08-07 14:05:46,2026-08-07 13:50,4160.0,3942.0,5.53,1925200,4174.0,3965.0,4464.0,2736.0
2026-08-07 14:10:42,2026-08-07 13:55,4161.0,3942.0,5.56,1947100,4174.0,3965.0,4464.0,2736.0
2026-08-07 14:15:40,2026-08-07 14:00,4143.0,3942.0,5.1,1978400,4174.0,3965.0,4464.0,2736.0
2026-08-07 14:20:35,2026-08-07 14:05,4146.0,3942.0,5.18,1995300,4174.0,3965.0,4464.0,2736.0
2026-08-07 14:25:42,2026-08-07 14:10,4158.0,3942.0,5.48,2010700,4174.0,3965.0,4464.0,2736.0
2026-08-07 14:30:38,2026-08-07 14:15,4168.0,3942.0,5.73,2029500,4174.0,3965.0,4464.0,2736.0
2026-08-07 14:35:29,2026-08-07 14:20,4159.0,3942.0,5.5,2048800,4174.0,3965.0,4464.0,2736.0
2026-08-07 14:40:33,2026-08-07 14:25,4150.0,3942.0,5.28,2079300,4174.0,3965.0,4464.0,2736.0
2026-08-07 14:45:37,2026-08-07 14:30,4149.0,3942.0,5.25,2101400,4174.0,3965.0,4464.0,2736.0
2026-08-07 14:50:38,2026-08-07 14:35,4155.0,3942.0,5.4,2113100,4174.0,3965.0,4464.0,2736.0
2026-08-07 14:55:34,2026-08-07 14:40,4157.0,3942.0,5.45,2131400,4174.0,3965.0,4464.0,2736.0
2026-08-07 15:00:33,2026-08-07 14:45,4149.0,3942.0,5.25,2152700,4174.0,3965.0,4464.0,2736.0
2026-08-07 15:05:42,2026-08-07 14:50,4160.0,3942.0,5.53,2176600,4174.0,3965.0,4464.0,2736.0
2026-08-07 15:10:39,2026-08-07 14:55,4163.0,3942.0,5.61,2199200,4174.0,3965.0,4464.0,2736.0
2026-08-07 15:15:41,2026-08-07 15:00,4161.0,3942.0,5.56,2242500,4174.0,3965.0,4464.0,2736.0
2026-08-07 15:20:40,2026-08-07 15:05,4162.0,3942.0,5.58,2267900,4174.0,3965.0,4464.0,2736.0
2026-08-07 15:25:47,2026-08-07 15:10,4156.0,3942.0,5.43,2293000,4174.0,3965.0,4464.0,2736.0
2026-08-07 15:30:45,2026-08-07 15:15,4157.0,3942.0,5.45,2318300,4174.0,3965.0,4464.0,2736.0
2026-08-07 15:40:40,2026-08-07 15:24,4159.0,3942.0,5.5,2392800,4174.0,3965.0,4464.0,2736.0
2026-08-10 09:05:39,2026-08-07 15:30,4149.0,3942.0,5.25,3096800,4174.0,3965.0,4464.0,2736.0
2026-08-10 09:10:47,2026-08-07 15:30,4149.0,3942.0,5.25,3096800,4174.0,3965.0,4464.0,2736.0
2026-08-10 09:15:40,2026-08-10 09:00,4145.0,3942.0,5.15,3232000,4155.0,4125.0,4464.0,2736.0
2026-08-10 09:20:33,2026-08-10 09:05,4128.0,4149.0,-0.51,207200,4161.0,4125.0,4464.0,2736.0
2026-08-10 09:25:34,2026-08-10 09:10,4192.0,4149.0,1.04,322200,4197.0,4116.0,4464.0,2736.0
2026-08-10 09:30:41,2026-08-10 09:15,4214.0,4149.0,1.57,413300,4217.0,4116.0,4464.0,2736.0
2026-08-10 09:35:31,2026-08-10 09:20,4195.0,4149.0,1.11,472100,4219.0,4116.0,4464.0,2736.0
2026-08-10 09:40:43,2026-08-10 09:25,4227.0,4149.0,1.88,522800,4229.0,4116.0,4464.0,2736.0
2026-08-10 09:45:39,2026-08-10 09:30,4177.0,4149.0,0.67,593500,4229.0,4116.0,4464.0,2736.0
2026-08-10 09:50:35,2026-08-10 09:35,4201.0,4149.0,1.25,642500,4229.0,4116.0,4464.0,2736.0
2026-08-10 09:55:40,2026-08-10 09:40,4223.0,4149.0,1.78,675900,4229.0,4116.0,4464.0,2736.0
2026-08-10 10:00:34,2026-08-10 09:45,4223.0,4149.0,1.78,751100,4238.0,4116.0,4464.0,2736.0
2026-08-10 10:05:41,2026-08-10 09:50,4236.0,4149.0,2.1,802400,4242.0,4116.0,4464.0,2736.0
2026-08-10 10:10:36,2026-08-10 09:55,4230.0,4149.0,1.95,843500,4244.0,4116.0,4464.0,2736.0
2026-08-10 10:15:40,2026-08-10 10:00,4236.0,4149.0,2.1,877800,4244.0,4116.0,4464.0,2736.0
2026-08-10 10:20:36,2026-08-10 10:05,4248.0,4149.0,2.39,941400,4252.0,4116.0,4464.0,2736.0
2026-08-10 10:25:56,2026-08-10 10:10,4259.0,4149.0,2.65,998500,4267.0,4116.0,4464.0,2736.0
2026-08-10 10:30:28,2026-08-10 10:15,4248.0,4149.0,2.39,1052400,4267.0,4116.0,4464.0,2736.0
2026-08-10 10:35:38,2026-08-10 10:20,4240.0,4149.0,2.19,1093500,4267.0,4116.0,4464.0,2736.0
2026-08-10 10:40:34,2026-08-10 10:25,4240.0,4149.0,2.19,1121600,4267.0,4116.0,4464.0,2736.0
2026-08-10 10:45:36,2026-08-10 10:30,4241.0,4149.0,2.22,1145300,4267.0,4116.0,4464.0,2736.0
2026-08-10 10:50:47,2026-08-10 10:35,4239.0,4149.0,2.17,1174300,4267.0,4116.0,4464.0,2736.0
2026-08-10 10:55:39,2026-08-10 10:40,4237.0,4149.0,2.12,1200600,4267.0,4116.0,4464.0,2736.0
2026-08-10 11:00:33,2026-08-10 10:45,4239.0,4149.0,2.17,1227700,4267.0,4116.0,4464.0,2736.0
2026-08-10 11:05:36,2026-08-10 10:50,4246.0,4149.0,2.34,1257700,4267.0,4116.0,4464.0,2736.0
2026-08-10 11:10:34,2026-08-10 10:55,4250.0,4149.0,2.43,1289900,4267.0,4116.0,4464.0,2736.0
2026-08-10 11:15:40,2026-08-10 11:00,4257.0,4149.0,2.6,1319800,4267.0,4116.0,4464.0,2736.0
2026-08-10 11:20:37,2026-08-10 11:05,4266.0,4149.0,2.82,1345400,4267.0,4116.0,4464.0,2736.0
2026-08-10 11:25:34,2026-08-10 11:10,4273.0,4149.0,2.99,1384200,4275.0,4116.0,4464.0,2736.0
2026-08-10 11:30:41,2026-08-10 11:15,4269.0,4149.0,2.89,1433600,4282.0,4116.0,4464.0,2736.0
2026-08-10 12:30:37,2026-08-10 11:30,4230.0,4149.0,1.95,1550700,4282.0,4116.0,4464.0,2736.0
2026-08-10 12:35:39,2026-08-10 11:30,4230.0,4149.0,1.95,1550700,4282.0,4116.0,4464.0,2736.0
2026-08-10 12:40:37,2026-08-10 11:30,4230.0,4149.0,1.95,1550700,4282.0,4116.0,4464.0,2736.0
2026-08-10 12:45:34,2026-08-10 12:30,4205.0,4149.0,1.35,1589500,4282.0,4116.0,4464.0,2736.0
2026-08-10 12:50:42,2026-08-10 12:35,4208.0,4149.0,1.42,1635700,4282.0,4116.0,4464.0,2736.0
2026-08-10 12:55:39,2026-08-10 12:40,4220.0,4149.0,1.71,1656900,4282.0,4116.0,4464.0,2736.0
2026-08-10 13:00:33,2026-08-10 12:45,4200.0,4149.0,1.23,1677800,4282.0,4116.0,4464.0,2736.0
2026-08-10 13:05:35,2026-08-10 12:50,4188.0,4149.0,0.94,1692200,4282.0,4116.0,4464.0,2736.0
2026-08-10 13:10:31,2026-08-10 12:55,4210.0,4149.0,1.47,1706000,4282.0,4116.0,4464.0,2736.0
2026-08-10 13:15:38,2026-08-10 13:00,4211.0,4149.0,1.49,1719700,4282.0,4116.0,4464.0,2736.0
2026-08-10 13:20:35,2026-08-10 13:05,4215.0,4149.0,1.59,1734400,4282.0,4116.0,4464.0,2736.0
2026-08-10 13:25:33,2026-08-10 13:10,4221.0,4149.0,1.74,1744500,4282.0,4116.0,4464.0,2736.0
2026-08-10 13:30:39,2026-08-10 13:15,4215.0,4149.0,1.59,1755300,4282.0,4116.0,4464.0,2736.0
2026-08-10 13:35:32,2026-08-10 13:20,4204.0,4149.0,1.33,1764500,4282.0,4116.0,4464.0,2736.0
2026-08-10 13:40:38,2026-08-10 13:25,4209.0,4149.0,1.45,1776300,4282.0,4116.0,4464.0,2736.0
2026-08-10 13:45:36,2026-08-10 13:30,4213.0,4149.0,1.54,1785100,4282.0,4116.0,4464.0,2736.0
2026-08-10 13:50:36,2026-08-10 13:35,4209.0,4149.0,1.45,1796700,4282.0,4116.0,4464.0,2736.0
2026-08-10 13:55:40,2026-08-10 13:40,4206.0,4149.0,1.37,1808500,4282.0,4116.0,4464.0,2736.0
2026-08-10 14:00:39,2026-08-10 13:45,4208.0,4149.0,1.42,1824200,4282.0,4116.0,4464.0,2736.0
2026-08-10 14:05:40,2026-08-10 13:50,4208.0,4149.0,1.42,1844900,4282.0,4116.0,4464.0,2736.0
2026-08-10 14:10:47,2026-08-10 13:55,4204.0,4149.0,1.33,1857200,4282.0,4116.0,4464.0,2736.0
2026-08-10 14:15:44,2026-08-10 14:00,4213.0,4149.0,1.54,1876200,4282.0,4116.0,4464.0,2736.0
2026-08-10 14:20:37,2026-08-10 14:05,4215.0,4149.0,1.59,1888200,4282.0,4116.0,4464.0,2736.0
2026-08-10 14:25:37,2026-08-10 14:10,4217.0,4149.0,1.64,1897100,4282.0,4116.0,4464.0,2736.0
2026-08-10 14:30:44,2026-08-10 14:15,4215.0,4149.0,1.59,1909600,4282.0,4116.0,4464.0,2736.0
2026-08-10 14:35:38,2026-08-10 14:20,4209.0,4149.0,1.45,1921500,4282.0,4116.0,4464.0,2736.0
2026-08-10 14:40:40,2026-08-10 14:25,4210.0,4149.0,1.47,1930800,4282.0,4116.0,4464.0,2736.0
2026-08-10 14:45:38,2026-08-10 14:30,4210.0,4149.0,1.47,1942100,4282.0,4116.0,4464.0,2736.0
2026-08-10 14:50:38,2026-08-10 14:35,4210.0,4149.0,1.47,1953500,4282.0,4116.0,4464.0,2736.0
2026-08-10 14:55:41,2026-08-10 14:40,4211.0,4149.0,1.49,1961500,4282.0,4116.0,4464.0,2736.0
2026-08-10 15:00:53,2026-08-10 14:45,4216.0,4149.0,1.61,1973000,4282.0,4116.0,4464.0,2736.0
2026-08-10 15:05:44,2026-08-10 14:50,4219.0,4149.0,1.69,1988000,4282.0,4116.0,4464.0,2736.0
2026-08-10 15:10:43,2026-08-10 14:55,4210.0,4149.0,1.47,2005200,4282.0,4116.0,4464.0,2736.0
2026-08-10 15:15:35,2026-08-10 15:00,4209.0,4149.0,1.45,2023700,4282.0,4116.0,4464.0,2736.0
2026-08-10 15:20:33,2026-08-10 15:05,4208.0,4149.0,1.42,2044800,4282.0,4116.0,4464.0,2736.0
2026-08-10 15:25:36,2026-08-10 15:10,4211.0,4149.0,1.49,2066600,4282.0,4116.0,4464.0,2736.0
2026-08-10 15:30:43,2026-08-10 15:15,4207.0,4149.0,1.4,2090000,4282.0,4116.0,4464.0,2736.0
2026-08-10 15:40:36,2026-08-10 15:24,4203.0,4149.0,1.3,2131300,4282.0,4116.0,4464.0,2736.0
2026-08-12 09:05:32,2026-08-10 15:30,4223.0,4149.0,1.78,2673800,4282.0,4116.0,4464.0,2736.0
2026-08-12 09:10:46,2026-08-10 15:30,4223.0,4149.0,1.78,2673800,4282.0,4116.0,4464.0,2736.0
2026-08-12 09:15:41,2026-08-12 09:00,4223.0,4149.0,1.78,2795600,4234.0,4203.0,4464.0,2736.0
2026-08-12 09:20:45,2026-08-12 09:05,4273.0,4223.0,1.18,194400,4281.0,4203.0,4464.0,2736.0
2026-08-12 09:25:40,2026-08-12 09:10,4232.0,4223.0,0.21,237400,4281.0,4203.0,4464.0,2736.0
2026-08-12 09:30:46,2026-08-12 09:15,4262.0,4223.0,0.92,281000,4281.0,4203.0,4464.0,2736.0
2026-08-12 09:35:43,2026-08-12 09:20,4190.0,4223.0,-0.78,341400,4281.0,4183.0,4464.0,2736.0
2026-08-12 09:40:40,2026-08-12 09:25,4193.0,4223.0,-0.71,377100,4281.0,4183.0,4464.0,2736.0
2026-08-12 09:45:36,2026-08-12 09:30,4208.0,4223.0,-0.36,403300,4281.0,4183.0,4464.0,2736.0
2026-08-12 09:50:32,2026-08-12 09:35,4197.0,4223.0,-0.62,423700,4281.0,4183.0,4464.0,2736.0
2026-08-12 09:55:33,2026-08-12 09:40,4173.0,4223.0,-1.18,463700,4281.0,4170.0,4464.0,2736.0
2026-08-12 10:00:34,2026-08-12 09:45,4164.0,4223.0,-1.4,485500,4281.0,4156.0,4464.0,2736.0
2026-08-12 10:05:38,2026-08-12 09:50,4171.0,4223.0,-1.23,502900,4281.0,4156.0,4464.0,2736.0
2026-08-12 10:10:33,2026-08-12 09:55,4162.0,4223.0,-1.44,517800,4281.0,4156.0,4464.0,2736.0
2026-08-12 10:15:48,2026-08-12 10:00,4161.0,4223.0,-1.47,535200,4281.0,4156.0,4464.0,2736.0
2026-08-12 10:20:35,2026-08-12 10:05,4152.0,4223.0,-1.68,546300,4281.0,4152.0,4464.0,2736.0
2026-08-12 10:25:32,2026-08-12 10:10,4148.0,4223.0,-1.78,566100,4281.0,4142.0,4464.0,2736.0
2026-08-12 10:30:43,2026-08-12 10:15,4151.0,4223.0,-1.7,583600,4281.0,4142.0,4464.0,2736.0
2026-08-12 10:35:35,2026-08-12 10:20,4140.0,4223.0,-1.97,605100,4281.0,4137.0,4464.0,2736.0
2026-08-12 10:40:42,2026-08-12 10:25,4141.0,4223.0,-1.94,630300,4281.0,4137.0,4464.0,2736.0
2026-08-12 10:45:32,2026-08-12 10:30,4145.0,4223.0,-1.85,644100,4281.0,4137.0,4464.0,2736.0
2026-08-12 10:50:58,2026-08-12 10:35,4136.0,4223.0,-2.06,665100,4281.0,4136.0,4464.0,2736.0
2026-08-12 10:55:32,2026-08-12 10:40,4135.0,4223.0,-2.08,680100,4281.0,4133.0,4464.0,2736.0
2026-08-12 11:00:32,2026-08-12 10:45,4138.0,4223.0,-2.01,698700,4281.0,4132.0,4464.0,2736.0
2026-08-12 11:05:37,2026-08-12 10:50,4130.0,4223.0,-2.2,719900,4281.0,4129.0,4464.0,2736.0
2026-08-12 11:10:30,2026-08-12 10:55,4142.0,4223.0,-1.92,737000,4281.0,4128.0,4464.0,2736.0
2026-08-12 11:15:41,2026-08-12 11:00,4159.0,4223.0,-1.52,761900,4281.0,4128.0,4464.0,2736.0
2026-08-12 11:20:34,2026-08-12 11:05,4153.0,4223.0,-1.66,777000,4281.0,4128.0,4464.0,2736.0
2026-08-12 11:25:55,2026-08-12 11:10,4158.0,4223.0,-1.54,792900,4281.0,4128.0,4464.0,2736.0
2026-08-12 11:30:32,2026-08-12 11:15,4163.0,4223.0,-1.42,808800,4281.0,4128.0,4464.0,2736.0
2026-08-12 12:30:29,2026-08-12 11:30,4142.0,4223.0,-1.92,847500,4281.0,4128.0,4464.0,2736.0
2026-08-12 12:35:30,2026-08-12 11:30,4142.0,4223.0,-1.92,847500,4281.0,4128.0,4464.0,2736.0
2026-08-12 12:40:36,2026-08-12 11:30,4142.0,4223.0,-1.92,847500,4281.0,4128.0,4464.0,2736.0
2026-08-12 12:46:00,2026-08-12 12:30,4160.0,4223.0,-1.49,900000,4281.0,4128.0,4464.0,2736.0
2026-08-12 12:50:33,2026-08-12 12:35,4164.0,4223.0,-1.4,921300,4281.0,4128.0,4464.0,2736.0
2026-08-12 12:55:38,2026-08-12 12:40,4161.0,4223.0,-1.47,948100,4281.0,4128.0,4464.0,2736.0
2026-08-12 13:00:31,2026-08-12 12:45,4147.0,4223.0,-1.8,966800,4281.0,4128.0,4464.0,2736.0
2026-08-12 13:05:33,2026-08-12 12:50,4157.0,4223.0,-1.56,985200,4281.0,4128.0,4464.0,2736.0
2026-08-12 13:10:36,2026-08-12 12:55,4153.0,4223.0,-1.66,1004000,4281.0,4128.0,4464.0,2736.0
2026-08-12 13:15:38,2026-08-12 13:00,4147.0,4223.0,-1.8,1032600,4281.0,4128.0,4464.0,2736.0
2026-08-12 13:20:30,2026-08-12 13:05,4151.0,4223.0,-1.7,1050600,4281.0,4128.0,4464.0,2736.0
2026-08-12 13:25:53,2026-08-12 13:10,4153.0,4223.0,-1.66,1073800,4281.0,4128.0,4464.0,2736.0
2026-08-12 13:30:36,2026-08-12 13:15,4150.0,4223.0,-1.73,1089100,4281.0,4128.0,4464.0,2736.0
2026-08-12 13:35:33,2026-08-12 13:20,4150.0,4223.0,-1.73,1107800,4281.0,4128.0,4464.0,2736.0
2026-08-12 13:41:12,2026-08-12 13:26,4147.0,4223.0,-1.8,1122600,4281.0,4128.0,4464.0,2736.0
2026-08-12 13:45:36,2026-08-12 13:30,4146.0,4223.0,-1.82,1151700,4281.0,4128.0,4464.0,2736.0
2026-08-12 13:50:47,2026-08-12 13:35,4130.0,4223.0,-2.2,1174500,4281.0,4128.0,4464.0,2736.0
2026-08-12 13:55:39,2026-08-12 13:40,4129.0,4223.0,-2.23,1208500,4281.0,4125.0,4464.0,2736.0
2026-08-12 14:00:33,2026-08-12 13:45,4129.0,4223.0,-2.23,1226100,4281.0,4125.0,4464.0,2736.0
2026-08-12 14:05:39,2026-08-12 13:50,4132.0,4223.0,-2.15,1246000,4281.0,4125.0,4464.0,2736.0
2026-08-12 14:10:37,2026-08-12 13:55,4128.0,4223.0,-2.25,1263300,4281.0,4125.0,4464.0,2736.0
2026-08-12 14:15:36,2026-08-12 14:00,4128.0,4223.0,-2.25,1299200,4281.0,4121.0,4464.0,2736.0
2026-08-12 14:20:36,2026-08-12 14:05,4123.0,4223.0,-2.37,1312100,4281.0,4121.0,4464.0,2736.0
2026-08-12 14:25:39,2026-08-12 14:10,4128.0,4223.0,-2.25,1332400,4281.0,4120.0,4464.0,2736.0
2026-08-12 14:30:40,2026-08-12 14:15,4128.0,4223.0,-2.25,1349400,4281.0,4120.0,4464.0,2736.0
2026-08-12 14:35:45,2026-08-12 14:20,4127.0,4223.0,-2.27,1367400,4281.0,4120.0,4464.0,2736.0
2026-08-12 14:40:36,2026-08-12 14:25,4125.0,4223.0,-2.32,1381000,4281.0,4120.0,4464.0,2736.0
2026-08-12 14:45:46,2026-08-12 14:30,4127.0,4223.0,-2.27,1416800,4281.0,4120.0,4464.0,2736.0
2026-08-12 14:50:38,2026-08-12 14:35,4123.0,4223.0,-2.37,1445100,4281.0,4120.0,4464.0,2736.0
2026-08-12 14:55:33,2026-08-12 14:40,4126.0,4223.0,-2.3,1457900,4281.0,4120.0,4464.0,2736.0
2026-08-12 15:00:38,2026-08-12 14:45,4122.0,4223.0,-2.39,1476200,4281.0,4119.0,4464.0,2736.0
2026-08-12 15:05:43,2026-08-12 14:50,4124.0,4223.0,-2.34,1495600,4281.0,4117.0,4464.0,2736.0
2026-08-12 15:10:36,2026-08-12 14:55,4133.0,4223.0,-2.13,1519500,4281.0,4117.0,4464.0,2736.0
2026-08-12 15:15:52,2026-08-12 15:00,4136.0,4223.0,-2.06,1539000,4281.0,4117.0,4464.0,2736.0
2026-08-12 15:20:36,2026-08-12 15:05,4138.0,4223.0,-2.01,1572100,4281.0,4117.0,4464.0,2736.0
2026-08-12 15:25:30,2026-08-12 15:10,4133.0,4223.0,-2.13,1600100,4281.0,4117.0,4464.0,2736.0
2026-08-12 15:30:32,2026-08-12 15:15,4134.0,4223.0,-2.11,1620300,4281.0,4117.0,4464.0,2736.0
2026-08-12 15:40:40,2026-08-12 15:24,4133.0,4223.0,-2.13,1711500,4281.0,4117.0,4464.0,2736.0
2026-08-13 09:05:40,2026-08-12 15:30,4147.0,4223.0,-1.8,2434700,4281.0,4117.0,4464.0,2736.0
2026-08-13 09:10:31,2026-08-12 15:30,4147.0,4223.0,-1.8,2434700,4281.0,4117.0,4464.0,2736.0
2026-08-13 09:15:45,2026-08-13 09:00,4147.0,4223.0,-1.8,2513300,4120.0,4094.0,4464.0,2736.0
2026-08-13 09:20:29,2026-08-13 09:05,4101.0,4147.0,-1.11,116500,4125.0,4094.0,4464.0,2736.0
2026-08-13 09:25:42,2026-08-13 09:10,4093.0,4147.0,-1.3,199900,4125.0,4069.0,4464.0,2736.0
2026-08-13 09:30:31,2026-08-13 09:15,4091.0,4147.0,-1.35,249600,4125.0,4065.0,4464.0,2736.0
2026-08-13 09:35:33,2026-08-13 09:20,4071.0,4147.0,-1.83,291800,4125.0,4061.0,4464.0,2736.0
2026-08-13 09:40:37,2026-08-13 09:25,4074.0,4147.0,-1.76,319800,4125.0,4061.0,4464.0,2736.0
2026-08-13 09:45:47,2026-08-13 09:30,4067.0,4147.0,-1.93,350500,4125.0,4061.0,4464.0,2736.0
2026-08-13 09:50:39,2026-08-13 09:35,4082.0,4147.0,-1.57,386100,4125.0,4061.0,4464.0,2736.0
2026-08-13 09:55:49,2026-08-13 09:40,4079.0,4147.0,-1.64,401100,4125.0,4061.0,4464.0,2736.0
2026-08-13 10:00:31,2026-08-13 09:45,4054.0,4147.0,-2.24,438400,4125.0,4044.0,4464.0,2736.0
2026-08-13 10:05:41,2026-08-13 09:50,4052.0,4147.0,-2.29,479000,4125.0,4039.0,4464.0,2736.0
2026-08-13 10:10:45,2026-08-13 09:55,4027.0,4147.0,-2.89,517900,4125.0,4027.0,4464.0,2736.0
2026-08-13 10:15:29,2026-08-13 10:00,4022.0,4147.0,-3.01,545400,4125.0,4021.0,4464.0,2736.0
2026-08-13 10:20:45,2026-08-13 10:05,4013.0,4147.0,-3.23,590100,4125.0,4005.0,4464.0,2736.0
2026-08-13 10:25:33,2026-08-13 10:10,4018.0,4147.0,-3.11,622200,4125.0,4005.0,4464.0,2736.0
2026-08-13 10:30:31,2026-08-13 10:15,4009.0,4147.0,-3.33,664800,4125.0,4005.0,4464.0,2736.0
2026-08-13 10:35:36,2026-08-13 10:20,4010.0,4147.0,-3.3,687900,4125.0,4005.0,4464.0,2736.0
2026-08-13 10:40:32,2026-08-13 10:25,4020.0,4147.0,-3.06,707900,4125.0,4005.0,4464.0,2736.0
2026-08-13 10:45:32,2026-08-13 10:30,4015.0,4147.0,-3.18,729000,4125.0,4005.0,4464.0,2736.0
2026-08-13 10:50:31,2026-08-13 10:35,4015.0,4147.0,-3.18,752800,4125.0,4005.0,4464.0,2736.0
2026-08-13 10:55:41,2026-08-13 10:40,4016.0,4147.0,-3.16,818000,4125.0,4005.0,4464.0,2736.0
2026-08-13 11:00:35,2026-08-13 10:45,4008.0,4147.0,-3.35,842200,4125.0,4005.0,4464.0,2736.0
2026-08-13 11:05:35,2026-08-13 10:50,4014.0,4147.0,-3.21,866200,4125.0,4005.0,4464.0,2736.0
2026-08-13 11:10:34,2026-08-13 10:55,4014.0,4147.0,-3.21,886700,4125.0,4005.0,4464.0,2736.0
2026-08-13 11:15:46,2026-08-13 11:00,4023.0,4147.0,-2.99,919700,4125.0,4005.0,4464.0,2736.0
2026-08-13 11:20:34,2026-08-13 11:05,4022.0,4147.0,-3.01,960600,4125.0,4005.0,4464.0,2736.0
2026-08-13 11:25:32,2026-08-13 11:10,4023.0,4147.0,-2.99,983400,4125.0,4005.0,4464.0,2736.0
2026-08-13 11:30:34,2026-08-13 11:15,4022.0,4147.0,-3.01,1006100,4125.0,4005.0,4464.0,2736.0
2026-08-13 12:30:37,2026-08-13 11:30,4011.0,4147.0,-3.28,1114400,4125.0,4005.0,4464.0,2736.0
2026-08-13 12:35:36,2026-08-13 11:30,4011.0,4147.0,-3.28,1114400,4125.0,4005.0,4464.0,2736.0
2026-08-13 12:40:36,2026-08-13 11:30,4011.0,4147.0,-3.28,1114400,4125.0,4005.0,4464.0,2736.0
2026-08-13 12:45:47,2026-08-13 12:30,4014.0,4147.0,-3.21,1218000,4125.0,3990.0,4464.0,2736.0
2026-08-13 12:50:30,2026-08-13 12:35,4010.0,4147.0,-3.3,1275000,4125.0,3990.0,4464.0,2736.0
2026-08-13 12:55:39,2026-08-13 12:40,4002.0,4147.0,-3.5,1304900,4125.0,3990.0,4464.0,2736.0
2026-08-13 13:00:40,2026-08-13 12:45,4006.0,4147.0,-3.4,1349700,4125.0,3990.0,4464.0,2736.0
2026-08-13 13:05:35,2026-08-13 12:50,4019.0,4147.0,-3.09,1386300,4125.0,3990.0,4464.0,2736.0
2026-08-13 13:10:45,2026-08-13 12:55,4016.0,4147.0,-3.16,1406500,4125.0,3990.0,4464.0,2736.0
2026-08-13 13:15:38,2026-08-13 13:00,4024.0,4147.0,-2.97,1429000,4125.0,3990.0,4464.0,2736.0
2026-08-13 13:20:38,2026-08-13 13:05,4025.0,4147.0,-2.94,1468000,4125.0,3990.0,4464.0,2736.0
2026-08-13 13:26:02,2026-08-13 13:10,4025.0,4147.0,-2.94,1490400,4125.0,3990.0,4464.0,2736.0
2026-08-13 13:30:35,2026-08-13 13:15,4033.0,4147.0,-2.75,1507700,4125.0,3990.0,4464.0,2736.0
2026-08-13 13:35:33,2026-08-13 13:20,4035.0,4147.0,-2.7,1522900,4125.0,3990.0,4464.0,2736.0
2026-08-13 13:40:40,2026-08-13 13:25,4027.0,4147.0,-2.89,1547000,4125.0,3990.0,4464.0,2736.0
2026-08-13 13:45:39,2026-08-13 13:30,4024.0,4147.0,-2.97,1566100,4125.0,3990.0,4464.0,2736.0
2026-08-13 13:51:04,2026-08-13 13:35,4022.0,4147.0,-3.01,1578000,4125.0,3990.0,4464.0,2736.0
2026-08-13 13:55:36,2026-08-13 13:40,4023.0,4147.0,-2.99,1591900,4125.0,3990.0,4464.0,2736.0
2026-08-13 14:00:37,2026-08-13 13:45,4024.0,4147.0,-2.97,1624100,4125.0,3990.0,4464.0,2736.0
2026-08-13 14:05:48,2026-08-13 13:50,4022.0,4147.0,-3.01,1638300,4125.0,3990.0,4464.0,2736.0
2026-08-13 14:10:35,2026-08-13 13:55,4023.0,4147.0,-2.99,1651600,4125.0,3990.0,4464.0,2736.0
2026-08-13 14:15:43,2026-08-13 14:00,4017.0,4147.0,-3.13,1702100,4125.0,3990.0,4464.0,2736.0
2026-08-13 14:20:42,2026-08-13 14:05,4022.0,4147.0,-3.01,1711400,4125.0,3990.0,4464.0,2736.0
2026-08-13 14:25:34,2026-08-13 14:10,4017.0,4147.0,-3.13,1721100,4125.0,3990.0,4464.0,2736.0
2026-08-13 14:30:37,2026-08-13 14:15,4022.0,4147.0,-3.01,1741900,4125.0,3990.0,4464.0,2736.0
2026-08-13 14:35:33,2026-08-13 14:20,4022.0,4147.0,-3.01,1755700,4125.0,3990.0,4464.0,2736.0
2026-08-13 14:40:40,2026-08-13 14:25,4021.0,4147.0,-3.04,1772600,4125.0,3990.0,4464.0,2736.0
2026-08-13 14:45:40,2026-08-13 14:30,4025.0,4147.0,-2.94,1786500,4125.0,3990.0,4464.0,2736.0
2026-08-13 14:50:37,2026-08-13 14:35,4021.0,4147.0,-3.04,1801400,4125.0,3990.0,4464.0,2736.0
2026-08-13 14:55:58,2026-08-13 14:40,4021.0,4147.0,-3.04,1822400,4125.0,3990.0,4464.0,2736.0
2026-08-13 15:01:01,2026-08-13 14:45,4018.0,4147.0,-3.11,1841600,4125.0,3990.0,4464.0,2736.0
2026-08-13 15:05:35,2026-08-13 14:50,4019.0,4147.0,-3.09,1861900,4125.0,3990.0,4464.0,2736.0
2026-08-13 15:10:33,2026-08-13 14:55,4021.0,4147.0,-3.04,1883300,4125.0,3990.0,4464.0,2736.0
2026-08-13 15:15:59,2026-08-13 15:00,4014.0,4147.0,-3.21,1904700,4125.0,3990.0,4464.0,2736.0
2026-08-13 15:20:36,2026-08-13 15:05,4006.0,4147.0,-3.4,1935300,4125.0,3990.0,4464.0,2736.0
2026-08-13 15:25:51,2026-08-13 15:10,4013.0,4147.0,-3.23,1970000,4125.0,3990.0,4464.0,2736.0
2026-08-13 15:30:35,2026-08-13 15:15,4022.0,4147.0,-3.01,2004300,4125.0,3990.0,4464.0,2736.0
2026-08-13 15:40:36,2026-08-13 15:24,4019.0,4147.0,-3.09,2093400,4125.0,3990.0,4464.0,2736.0
2026-08-14 09:05:34,2026-08-13 15:30,4028.0,4147.0,-2.87,2704400,4125.0,3990.0,4464.0,2736.0
2026-08-14 09:11:27,2026-08-13 15:30,4028.0,4147.0,-2.87,2704400,4125.0,3990.0,4464.0,2736.0
2026-08-14 09:15:41,2026-08-14 09:00,4028.0,4147.0,-2.87,2781900,4053.0,4030.0,4464.0,2736.0
2026-08-14 09:20:29,2026-08-14 09:05,4046.0,4028.0,0.45,117500,4067.0,4030.0,4464.0,2736.0
2026-08-14 09:25:31,2026-08-14 09:10,4048.0,4028.0,0.5,136800,4067.0,4030.0,4464.0,2736.0
2026-08-14 09:30:50,2026-08-14 09:15,4071.0,4028.0,1.07,174200,4075.0,4030.0,4464.0,2736.0
2026-08-14 09:35:31,2026-08-14 09:20,4082.0,4028.0,1.34,208200,4099.0,4030.0,4464.0,2736.0
2026-08-14 09:40:37,2026-08-14 09:25,4097.0,4028.0,1.71,246700,4108.0,4030.0,4464.0,2736.0
2026-08-14 09:45:39,2026-08-14 09:30,4079.0,4028.0,1.27,270400,4108.0,4030.0,4464.0,2736.0
2026-08-14 09:50:34,2026-08-14 09:35,4108.0,4028.0,1.99,295100,4108.0,4030.0,4464.0,2736.0
2026-08-14 09:55:30,2026-08-14 09:40,4121.0,4028.0,2.31,327300,4122.0,4030.0,4464.0,2736.0
2026-08-14 10:00:30,2026-08-14 09:45,4126.0,4028.0,2.43,363800,4128.0,4030.0,4464.0,2736.0
2026-08-14 10:05:46,2026-08-14 09:50,4119.0,4028.0,2.26,389900,4128.0,4030.0,4464.0,2736.0
2026-08-14 10:10:48,2026-08-14 09:55,4099.0,4028.0,1.76,413600,4128.0,4030.0,4464.0,2736.0
2026-08-14 10:15:48,2026-08-14 10:00,4117.0,4028.0,2.21,432400,4128.0,4030.0,4464.0,2736.0
2026-08-14 10:20:31,2026-08-14 10:05,4140.0,4028.0,2.78,476100,4140.0,4030.0,4464.0,2736.0
