抓取时间,行情时刻,价格,昨收,涨跌幅%,成交量,当日最高,当日最低,52周最高,52周最低
2026-07-06 09:31:27,2026-07-06 09:16,3363.0,3380.0,-0.5,1504200,3395.0,3361.0,4776.0,3043.0
2026-07-06 10:18:17,2026-07-06 10:03,3351.0,3380.0,-0.86,3071400,3395.0,3347.0,4776.0,3043.0
2026-07-06 10:55:26,2026-07-06 10:40,3364.0,3380.0,-0.47,4103600,3395.0,3347.0,4776.0,3043.0
2026-07-06 10:58:56,2026-07-06 10:43,3362.0,3380.0,-0.53,4166300,3395.0,3347.0,4776.0,3043.0
2026-07-06 11:00:38,2026-07-06 10:45,3362.0,3380.0,-0.53,4196200,3395.0,3347.0,4776.0,3043.0
2026-07-06 11:05:39,2026-07-06 10:50,3358.0,3380.0,-0.65,4287100,3395.0,3347.0,4776.0,3043.0
2026-07-06 11:10:39,2026-07-06 10:55,3362.0,3380.0,-0.53,4391400,3395.0,3347.0,4776.0,3043.0
2026-07-06 11:15:32,2026-07-06 11:00,3368.0,3380.0,-0.36,4512800,3395.0,3347.0,4776.0,3043.0
2026-07-06 11:20:36,2026-07-06 11:05,3371.0,3380.0,-0.27,4602900,3395.0,3347.0,4776.0,3043.0
2026-07-06 11:25:38,2026-07-06 11:10,3373.0,3380.0,-0.21,4777400,3395.0,3347.0,4776.0,3043.0
2026-07-06 11:30:38,2026-07-06 11:15,3380.0,3380.0,0.0,4894600,3395.0,3347.0,4776.0,3043.0
2026-07-06 12:30:37,2026-07-06 11:30,3385.0,3380.0,0.15,5268300,3395.0,3347.0,4776.0,3043.0
2026-07-06 12:35:34,2026-07-06 11:30,3385.0,3380.0,0.15,5268300,3395.0,3347.0,4776.0,3043.0
2026-07-06 12:40:36,2026-07-06 11:30,3385.0,3380.0,0.15,5268300,3395.0,3347.0,4776.0,3043.0
2026-07-06 12:45:36,2026-07-06 12:30,3414.0,3380.0,1.01,5592200,3416.0,3347.0,4776.0,3043.0
2026-07-06 12:50:37,2026-07-06 12:35,3410.0,3380.0,0.89,5801700,3416.0,3347.0,4776.0,3043.0
2026-07-06 12:55:46,2026-07-06 12:40,3407.0,3380.0,0.8,6037800,3416.0,3347.0,4776.0,3043.0
2026-07-06 13:00:48,2026-07-06 12:45,3404.0,3380.0,0.71,6140200,3416.0,3347.0,4776.0,3043.0
2026-07-06 13:05:34,2026-07-06 12:50,3402.0,3380.0,0.65,6251600,3416.0,3347.0,4776.0,3043.0
2026-07-06 13:10:41,2026-07-06 12:55,3396.0,3380.0,0.47,6408800,3416.0,3347.0,4776.0,3043.0
2026-07-06 13:15:38,2026-07-06 13:00,3394.0,3380.0,0.41,6527400,3416.0,3347.0,4776.0,3043.0
2026-07-06 13:20:36,2026-07-06 13:05,3396.0,3380.0,0.47,6623400,3416.0,3347.0,4776.0,3043.0
2026-07-06 13:25:44,2026-07-06 13:10,3394.0,3380.0,0.41,6687700,3416.0,3347.0,4776.0,3043.0
2026-07-06 13:30:44,2026-07-06 13:15,3394.0,3380.0,0.41,6838400,3416.0,3347.0,4776.0,3043.0
2026-07-06 13:35:36,2026-07-06 13:20,3393.0,3380.0,0.38,6922200,3416.0,3347.0,4776.0,3043.0
2026-07-06 13:40:41,2026-07-06 13:25,3390.0,3380.0,0.3,6997700,3416.0,3347.0,4776.0,3043.0
2026-07-06 13:45:48,2026-07-06 13:30,3398.0,3380.0,0.53,7109300,3416.0,3347.0,4776.0,3043.0
2026-07-06 13:50:38,2026-07-06 13:35,3395.0,3380.0,0.44,7188600,3416.0,3347.0,4776.0,3043.0
2026-07-06 13:55:38,2026-07-06 13:40,3396.0,3380.0,0.47,7254300,3416.0,3347.0,4776.0,3043.0
2026-07-06 14:00:42,2026-07-06 13:45,3398.0,3380.0,0.53,7345900,3416.0,3347.0,4776.0,3043.0
2026-07-06 14:05:45,2026-07-06 13:50,3404.0,3380.0,0.71,7483800,3416.0,3347.0,4776.0,3043.0
2026-07-06 14:10:40,2026-07-06 13:55,3402.0,3380.0,0.65,7580200,3416.0,3347.0,4776.0,3043.0
2026-07-06 14:15:41,2026-07-06 14:00,3397.0,3380.0,0.5,7664900,3416.0,3347.0,4776.0,3043.0
2026-07-06 14:20:40,2026-07-06 14:05,3400.0,3380.0,0.59,7736600,3416.0,3347.0,4776.0,3043.0
2026-07-06 14:25:35,2026-07-06 14:10,3403.0,3380.0,0.68,7821400,3416.0,3347.0,4776.0,3043.0
2026-07-06 14:30:41,2026-07-06 14:15,3407.0,3380.0,0.8,7923500,3416.0,3347.0,4776.0,3043.0
2026-07-06 14:35:41,2026-07-06 14:20,3402.0,3380.0,0.65,8036600,3416.0,3347.0,4776.0,3043.0
2026-07-06 14:40:36,2026-07-06 14:25,3397.0,3380.0,0.5,8125500,3416.0,3347.0,4776.0,3043.0
2026-07-06 14:45:43,2026-07-06 14:30,3396.0,3380.0,0.47,8212500,3416.0,3347.0,4776.0,3043.0
2026-07-06 14:50:45,2026-07-06 14:35,3401.0,3380.0,0.62,8338600,3416.0,3347.0,4776.0,3043.0
2026-07-06 14:55:42,2026-07-06 14:40,3401.0,3380.0,0.62,8521000,3416.0,3347.0,4776.0,3043.0
2026-07-06 15:00:36,2026-07-06 14:45,3403.0,3380.0,0.68,8685600,3416.0,3347.0,4776.0,3043.0
2026-07-06 15:16:28,2026-07-06 15:01,3409.0,3380.0,0.86,9009700,3416.0,3347.0,4776.0,3043.0
2026-07-06 15:20:40,2026-07-06 15:05,3413.0,3380.0,0.98,9150500,3416.0,3347.0,4776.0,3043.0
2026-07-06 15:25:46,2026-07-06 15:10,3412.0,3380.0,0.95,9350200,3417.0,3347.0,4776.0,3043.0
2026-07-06 15:30:40,2026-07-06 15:15,3418.0,3380.0,1.12,9494200,3418.0,3347.0,4776.0,3043.0
2026-07-07 09:00:36,2026-07-06 15:30,3422.0,3380.0,1.24,12783400,3422.0,3347.0,4776.0,3043.0
2026-07-07 09:05:32,2026-07-06 15:30,3422.0,3380.0,1.24,12783400,3422.0,3347.0,4776.0,3043.0
2026-07-07 09:10:33,2026-07-06 15:30,3422.0,3380.0,1.24,12783400,3422.0,3347.0,4776.0,3043.0
2026-07-07 09:15:34,2026-07-07 09:00,3422.0,3380.0,1.24,13966200,3454.0,3411.0,4776.0,3043.0
2026-07-07 09:20:32,2026-07-07 09:05,3424.0,3422.0,0.06,1578300,3454.0,3411.0,4776.0,3043.0
2026-07-07 09:25:33,2026-07-07 09:10,3430.0,3422.0,0.23,1835700,3454.0,3411.0,4776.0,3043.0
2026-07-07 09:30:35,2026-07-07 09:15,3447.0,3422.0,0.73,2128600,3454.0,3411.0,4776.0,3043.0
2026-07-07 09:35:33,2026-07-07 09:20,3459.0,3422.0,1.08,2608800,3462.0,3411.0,4776.0,3043.0
2026-07-07 09:40:33,2026-07-07 09:25,3448.0,3422.0,0.76,2825200,3462.0,3411.0,4776.0,3043.0
2026-07-07 09:45:35,2026-07-07 09:30,3450.0,3422.0,0.82,3015100,3462.0,3411.0,4776.0,3043.0
2026-07-07 09:50:39,2026-07-07 09:35,3452.0,3422.0,0.88,3178000,3462.0,3411.0,4776.0,3043.0
2026-07-07 09:55:31,2026-07-07 09:40,3454.0,3422.0,0.94,3389900,3462.0,3411.0,4776.0,3043.0
2026-07-07 10:00:37,2026-07-07 09:45,3447.0,3422.0,0.73,3557800,3462.0,3411.0,4776.0,3043.0
2026-07-07 10:05:38,2026-07-07 09:50,3450.0,3422.0,0.82,3838600,3462.0,3411.0,4776.0,3043.0
2026-07-07 10:10:34,2026-07-07 09:55,3454.0,3422.0,0.94,4018300,3462.0,3411.0,4776.0,3043.0
2026-07-07 10:15:36,2026-07-07 10:00,3454.0,3422.0,0.94,4157500,3462.0,3411.0,4776.0,3043.0
2026-07-07 10:20:32,2026-07-07 10:05,3455.0,3422.0,0.96,4278800,3462.0,3411.0,4776.0,3043.0
2026-07-07 10:25:46,2026-07-07 10:10,3457.0,3422.0,1.02,4460900,3464.0,3411.0,4776.0,3043.0
2026-07-07 10:30:32,2026-07-07 10:15,3462.0,3422.0,1.17,4580600,3464.0,3411.0,4776.0,3043.0
2026-07-07 10:35:37,2026-07-07 10:20,3470.0,3422.0,1.4,4925900,3471.0,3411.0,4776.0,3043.0
2026-07-07 10:40:37,2026-07-07 10:25,3462.0,3422.0,1.17,5056200,3471.0,3411.0,4776.0,3043.0
2026-07-07 10:45:37,2026-07-07 10:30,3464.0,3422.0,1.23,5193800,3471.0,3411.0,4776.0,3043.0
2026-07-07 10:50:46,2026-07-07 10:35,3467.0,3422.0,1.32,5373600,3471.0,3411.0,4776.0,3043.0
2026-07-07 10:55:35,2026-07-07 10:40,3465.0,3422.0,1.26,5499200,3471.0,3411.0,4776.0,3043.0
2026-07-07 11:00:35,2026-07-07 10:45,3474.0,3422.0,1.52,5672400,3477.0,3411.0,4776.0,3043.0
2026-07-07 11:05:35,2026-07-07 10:50,3475.0,3422.0,1.55,5862200,3480.0,3411.0,4776.0,3043.0
2026-07-07 11:10:37,2026-07-07 10:55,3475.0,3422.0,1.55,6033500,3480.0,3411.0,4776.0,3043.0
2026-07-07 11:15:39,2026-07-07 11:00,3494.0,3422.0,2.1,6574300,3497.0,3411.0,4776.0,3043.0
2026-07-07 11:20:38,2026-07-07 11:05,3496.0,3422.0,2.16,7198400,3508.0,3411.0,4776.0,3043.0
2026-07-07 11:25:35,2026-07-07 11:10,3500.0,3422.0,2.28,7470400,3508.0,3411.0,4776.0,3043.0
2026-07-07 11:30:43,2026-07-07 11:15,3492.0,3422.0,2.05,7615700,3508.0,3411.0,4776.0,3043.0
2026-07-07 12:30:31,2026-07-07 11:30,3493.0,3422.0,2.07,8086200,3508.0,3411.0,4776.0,3043.0
2026-07-07 12:35:34,2026-07-07 11:30,3493.0,3422.0,2.07,8086200,3508.0,3411.0,4776.0,3043.0
2026-07-07 12:40:34,2026-07-07 11:30,3493.0,3422.0,2.07,8086200,3508.0,3411.0,4776.0,3043.0
2026-07-07 12:45:37,2026-07-07 12:30,3505.0,3422.0,2.43,8543800,3510.0,3411.0,4776.0,3043.0
2026-07-07 12:50:32,2026-07-07 12:35,3510.0,3422.0,2.57,9139400,3516.0,3411.0,4776.0,3043.0
2026-07-07 12:55:35,2026-07-07 12:40,3497.0,3422.0,2.19,9485500,3516.0,3411.0,4776.0,3043.0
2026-07-07 13:00:36,2026-07-07 12:45,3483.0,3422.0,1.78,9745000,3516.0,3411.0,4776.0,3043.0
2026-07-07 13:05:35,2026-07-07 12:50,3474.0,3422.0,1.52,9975100,3516.0,3411.0,4776.0,3043.0
2026-07-07 13:10:34,2026-07-07 12:55,3475.0,3422.0,1.55,10126200,3516.0,3411.0,4776.0,3043.0
2026-07-07 13:15:35,2026-07-07 13:00,3477.0,3422.0,1.61,10246900,3516.0,3411.0,4776.0,3043.0
2026-07-07 13:20:31,2026-07-07 13:05,3475.0,3422.0,1.55,10395200,3516.0,3411.0,4776.0,3043.0
2026-07-07 13:25:39,2026-07-07 13:10,3482.0,3422.0,1.75,10554300,3516.0,3411.0,4776.0,3043.0
2026-07-07 13:30:41,2026-07-07 13:15,3488.0,3422.0,1.93,10706500,3516.0,3411.0,4776.0,3043.0
2026-07-07 13:35:42,2026-07-07 13:20,3489.0,3422.0,1.96,10870300,3516.0,3411.0,4776.0,3043.0
2026-07-07 13:40:33,2026-07-07 13:25,3484.0,3422.0,1.81,11066400,3516.0,3411.0,4776.0,3043.0
2026-07-07 13:45:38,2026-07-07 13:30,3485.0,3422.0,1.84,11279000,3516.0,3411.0,4776.0,3043.0
2026-07-07 13:50:45,2026-07-07 13:35,3484.0,3422.0,1.81,11397300,3516.0,3411.0,4776.0,3043.0
2026-07-07 13:55:38,2026-07-07 13:40,3484.0,3422.0,1.81,11543900,3516.0,3411.0,4776.0,3043.0
2026-07-07 14:00:39,2026-07-07 13:45,3492.0,3422.0,2.05,11718500,3516.0,3411.0,4776.0,3043.0
2026-07-07 14:05:43,2026-07-07 13:50,3491.0,3422.0,2.02,11840000,3516.0,3411.0,4776.0,3043.0
2026-07-07 14:10:48,2026-07-07 13:55,3485.0,3422.0,1.84,12015000,3516.0,3411.0,4776.0,3043.0
2026-07-07 14:15:41,2026-07-07 14:00,3484.0,3422.0,1.81,12138600,3516.0,3411.0,4776.0,3043.0
2026-07-07 14:20:48,2026-07-07 14:05,3483.0,3422.0,1.78,12257000,3516.0,3411.0,4776.0,3043.0
2026-07-07 14:25:33,2026-07-07 14:10,3474.0,3422.0,1.52,12394200,3516.0,3411.0,4776.0,3043.0
2026-07-07 14:30:40,2026-07-07 14:15,3472.0,3422.0,1.46,12537300,3516.0,3411.0,4776.0,3043.0
2026-07-07 14:35:39,2026-07-07 14:20,3475.0,3422.0,1.55,12690200,3516.0,3411.0,4776.0,3043.0
2026-07-07 14:40:34,2026-07-07 14:25,3483.0,3422.0,1.78,12828800,3516.0,3411.0,4776.0,3043.0
2026-07-07 14:45:55,2026-07-07 14:30,3481.0,3422.0,1.72,13012100,3516.0,3411.0,4776.0,3043.0
2026-07-07 14:50:33,2026-07-07 14:35,3483.0,3422.0,1.78,13150600,3516.0,3411.0,4776.0,3043.0
2026-07-07 14:56:00,2026-07-07 14:40,3483.0,3422.0,1.78,13292300,3516.0,3411.0,4776.0,3043.0
2026-07-07 15:00:51,2026-07-07 14:45,3480.0,3422.0,1.69,13473600,3516.0,3411.0,4776.0,3043.0
2026-07-07 15:05:42,2026-07-07 14:50,3479.0,3422.0,1.67,13665700,3516.0,3411.0,4776.0,3043.0
2026-07-07 15:10:43,2026-07-07 14:55,3483.0,3422.0,1.78,13812200,3516.0,3411.0,4776.0,3043.0
2026-07-07 15:15:47,2026-07-07 15:00,3483.0,3422.0,1.78,13977600,3516.0,3411.0,4776.0,3043.0
2026-07-07 15:20:35,2026-07-07 15:05,3486.0,3422.0,1.87,14202100,3516.0,3411.0,4776.0,3043.0
2026-07-07 15:25:37,2026-07-07 15:10,3487.0,3422.0,1.9,14361100,3516.0,3411.0,4776.0,3043.0
2026-07-07 15:30:39,2026-07-07 15:15,3481.0,3422.0,1.72,14644900,3516.0,3411.0,4776.0,3043.0
2026-07-08 09:00:45,2026-07-07 15:30,3502.0,3422.0,2.34,21078700,3516.0,3411.0,4776.0,3043.0
2026-07-08 09:05:34,2026-07-07 15:30,3502.0,3422.0,2.34,21078700,3516.0,3411.0,4776.0,3043.0
2026-07-08 09:10:37,2026-07-07 15:30,3502.0,3422.0,2.34,21078700,3516.0,3411.0,4776.0,3043.0
2026-07-08 09:15:40,2026-07-08 09:00,3502.0,3422.0,2.34,22732200,3504.0,3478.0,4776.0,3043.0
2026-07-08 09:20:37,2026-07-08 09:05,3487.0,3502.0,-0.43,2144900,3504.0,3471.0,4776.0,3043.0
2026-07-08 09:25:34,2026-07-08 09:10,3482.0,3502.0,-0.57,2539400,3504.0,3468.0,4776.0,3043.0
2026-07-08 09:30:44,2026-07-08 09:15,3480.0,3502.0,-0.63,2867600,3504.0,3467.0,4776.0,3043.0
2026-07-08 09:35:30,2026-07-08 09:20,3522.0,3502.0,0.57,3984600,3549.0,3467.0,4776.0,3043.0
2026-07-08 09:40:32,2026-07-08 09:25,3502.0,3502.0,0.0,4371200,3549.0,3467.0,4776.0,3043.0
2026-07-08 09:45:31,2026-07-08 09:30,3500.0,3502.0,-0.06,4651300,3549.0,3467.0,4776.0,3043.0
2026-07-08 09:50:37,2026-07-08 09:35,3492.0,3502.0,-0.29,4772600,3549.0,3467.0,4776.0,3043.0
2026-07-08 09:55:34,2026-07-08 09:40,3497.0,3502.0,-0.14,4859000,3549.0,3467.0,4776.0,3043.0
2026-07-08 10:00:47,2026-07-08 09:45,3489.0,3502.0,-0.37,4998200,3549.0,3467.0,4776.0,3043.0
2026-07-08 10:05:33,2026-07-08 09:50,3490.0,3502.0,-0.34,5124900,3549.0,3467.0,4776.0,3043.0
2026-07-08 10:10:30,2026-07-08 09:55,3488.0,3502.0,-0.4,5231100,3549.0,3467.0,4776.0,3043.0
2026-07-08 10:15:33,2026-07-08 10:00,3487.0,3502.0,-0.43,5308200,3549.0,3467.0,4776.0,3043.0
2026-07-08 10:20:34,2026-07-08 10:05,3483.0,3502.0,-0.54,5394400,3549.0,3467.0,4776.0,3043.0
2026-07-08 10:25:30,2026-07-08 10:10,3478.0,3502.0,-0.69,5487000,3549.0,3467.0,4776.0,3043.0
2026-07-08 10:30:31,2026-07-08 10:15,3482.0,3502.0,-0.57,5562300,3549.0,3467.0,4776.0,3043.0
2026-07-08 10:35:34,2026-07-08 10:20,3492.0,3502.0,-0.29,5635100,3549.0,3467.0,4776.0,3043.0
2026-07-08 10:40:35,2026-07-08 10:25,3487.0,3502.0,-0.43,5836800,3549.0,3467.0,4776.0,3043.0
2026-07-08 10:45:31,2026-07-08 10:30,3488.0,3502.0,-0.4,5946300,3549.0,3467.0,4776.0,3043.0
2026-07-08 10:50:34,2026-07-08 10:35,3497.0,3502.0,-0.14,6047000,3549.0,3467.0,4776.0,3043.0
2026-07-08 10:55:30,2026-07-08 10:40,3504.0,3502.0,0.06,6183700,3549.0,3467.0,4776.0,3043.0
2026-07-08 11:00:31,2026-07-08 10:45,3497.0,3502.0,-0.14,6310000,3549.0,3467.0,4776.0,3043.0
2026-07-08 11:05:45,2026-07-08 10:50,3493.0,3502.0,-0.26,6384900,3549.0,3467.0,4776.0,3043.0
2026-07-08 11:10:36,2026-07-08 10:55,3495.0,3502.0,-0.2,6461100,3549.0,3467.0,4776.0,3043.0
2026-07-08 11:15:35,2026-07-08 11:00,3492.0,3502.0,-0.29,6533000,3549.0,3467.0,4776.0,3043.0
2026-07-08 11:20:33,2026-07-08 11:05,3489.0,3502.0,-0.37,6602200,3549.0,3467.0,4776.0,3043.0
2026-07-08 11:25:34,2026-07-08 11:10,3493.0,3502.0,-0.26,6699500,3549.0,3467.0,4776.0,3043.0
2026-07-08 11:30:30,2026-07-08 11:15,3494.0,3502.0,-0.23,6756100,3549.0,3467.0,4776.0,3043.0
2026-07-08 12:30:35,2026-07-08 11:30,3490.0,3502.0,-0.34,6968700,3549.0,3467.0,4776.0,3043.0
2026-07-08 12:35:32,2026-07-08 11:30,3490.0,3502.0,-0.34,6968700,3549.0,3467.0,4776.0,3043.0
2026-07-08 12:40:38,2026-07-08 11:30,3490.0,3502.0,-0.34,6968700,3549.0,3467.0,4776.0,3043.0
2026-07-08 12:45:41,2026-07-08 12:30,3506.0,3502.0,0.11,7156500,3549.0,3467.0,4776.0,3043.0
2026-07-08 12:50:33,2026-07-08 12:35,3507.0,3502.0,0.14,7282800,3549.0,3467.0,4776.0,3043.0
2026-07-08 12:55:32,2026-07-08 12:40,3507.0,3502.0,0.14,7386500,3549.0,3467.0,4776.0,3043.0
2026-07-08 13:00:36,2026-07-08 12:45,3496.0,3502.0,-0.17,7496100,3549.0,3467.0,4776.0,3043.0
2026-07-08 13:05:31,2026-07-08 12:50,3512.0,3502.0,0.29,7618000,3549.0,3467.0,4776.0,3043.0
2026-07-08 13:10:36,2026-07-08 12:55,3510.0,3502.0,0.23,7689500,3549.0,3467.0,4776.0,3043.0
2026-07-08 13:15:33,2026-07-08 13:00,3507.0,3502.0,0.14,7741600,3549.0,3467.0,4776.0,3043.0
2026-07-08 13:20:31,2026-07-08 13:05,3510.0,3502.0,0.23,7816700,3549.0,3467.0,4776.0,3043.0
2026-07-08 13:25:30,2026-07-08 13:10,3506.0,3502.0,0.11,7866200,3549.0,3467.0,4776.0,3043.0
2026-07-08 13:30:29,2026-07-08 13:15,3498.0,3502.0,-0.11,7981800,3549.0,3467.0,4776.0,3043.0
2026-07-08 13:35:29,2026-07-08 13:20,3503.0,3502.0,0.03,8020600,3549.0,3467.0,4776.0,3043.0
2026-07-08 13:40:33,2026-07-08 13:25,3489.0,3502.0,-0.37,8152100,3549.0,3467.0,4776.0,3043.0
2026-07-08 13:45:31,2026-07-08 13:30,3494.0,3502.0,-0.23,8209400,3549.0,3467.0,4776.0,3043.0
2026-07-08 13:50:33,2026-07-08 13:35,3496.0,3502.0,-0.17,8273100,3549.0,3467.0,4776.0,3043.0
2026-07-08 13:55:40,2026-07-08 13:40,3497.0,3502.0,-0.14,8337600,3549.0,3467.0,4776.0,3043.0
2026-07-08 14:00:31,2026-07-08 13:45,3498.0,3502.0,-0.11,8391800,3549.0,3467.0,4776.0,3043.0
2026-07-08 14:05:38,2026-07-08 13:50,3498.0,3502.0,-0.11,8438000,3549.0,3467.0,4776.0,3043.0
2026-07-08 14:10:31,2026-07-08 13:55,3491.0,3502.0,-0.31,8508000,3549.0,3467.0,4776.0,3043.0
2026-07-08 14:15:35,2026-07-08 14:00,3497.0,3502.0,-0.14,8589100,3549.0,3467.0,4776.0,3043.0
2026-07-08 14:20:31,2026-07-08 14:05,3494.0,3502.0,-0.23,8639400,3549.0,3467.0,4776.0,3043.0
2026-07-08 14:25:32,2026-07-08 14:10,3493.0,3502.0,-0.26,8692600,3549.0,3467.0,4776.0,3043.0
2026-07-08 14:30:47,2026-07-08 14:15,3499.0,3502.0,-0.09,8767400,3549.0,3467.0,4776.0,3043.0
2026-07-08 14:35:33,2026-07-08 14:20,3499.0,3502.0,-0.09,8804200,3549.0,3467.0,4776.0,3043.0
2026-07-08 14:40:40,2026-07-08 14:25,3498.0,3502.0,-0.11,8897200,3549.0,3467.0,4776.0,3043.0
2026-07-08 14:45:36,2026-07-08 14:30,3499.0,3502.0,-0.09,8968100,3549.0,3467.0,4776.0,3043.0
2026-07-08 14:50:35,2026-07-08 14:35,3498.0,3502.0,-0.11,9122400,3549.0,3467.0,4776.0,3043.0
2026-07-08 14:55:36,2026-07-08 14:40,3498.0,3502.0,-0.11,9209200,3549.0,3467.0,4776.0,3043.0
2026-07-08 15:00:31,2026-07-08 14:45,3497.0,3502.0,-0.14,9302200,3549.0,3467.0,4776.0,3043.0
2026-07-08 15:05:31,2026-07-08 14:50,3492.0,3502.0,-0.29,9378000,3549.0,3467.0,4776.0,3043.0
2026-07-08 15:10:43,2026-07-08 14:55,3491.0,3502.0,-0.31,9505400,3549.0,3467.0,4776.0,3043.0
2026-07-08 15:15:35,2026-07-08 15:00,3494.0,3502.0,-0.23,9601300,3549.0,3467.0,4776.0,3043.0
2026-07-08 15:20:37,2026-07-08 15:05,3485.0,3502.0,-0.49,9706800,3549.0,3467.0,4776.0,3043.0
2026-07-08 15:25:36,2026-07-08 15:10,3484.0,3502.0,-0.51,9798900,3549.0,3467.0,4776.0,3043.0
2026-07-08 15:30:34,2026-07-08 15:15,3490.0,3502.0,-0.34,9986000,3549.0,3467.0,4776.0,3043.0
2026-07-09 09:00:37,2026-07-08 15:30,3468.0,3502.0,-0.97,15801000,3549.0,3467.0,4776.0,3043.0
2026-07-09 09:05:35,2026-07-08 15:30,3468.0,3502.0,-0.97,15801000,3549.0,3467.0,4776.0,3043.0
2026-07-09 09:10:37,2026-07-08 15:30,3468.0,3502.0,-0.97,15801000,3549.0,3467.0,4776.0,3043.0
2026-07-09 09:15:33,2026-07-08 15:30,3468.0,3502.0,-0.97,15801000,3549.0,3467.0,4776.0,3043.0
2026-07-09 09:20:41,2026-07-09 09:05,3408.0,3468.0,-1.73,1702300,3430.0,3392.0,4776.0,3043.0
2026-07-09 09:25:35,2026-07-09 09:10,3415.0,3468.0,-1.53,2213600,3430.0,3392.0,4776.0,3043.0
2026-07-09 09:30:36,2026-07-09 09:15,3421.0,3468.0,-1.36,2645600,3430.0,3392.0,4776.0,3043.0
2026-07-09 09:35:32,2026-07-09 09:20,3418.0,3468.0,-1.44,2848100,3430.0,3392.0,4776.0,3043.0
2026-07-09 09:40:35,2026-07-09 09:25,3401.0,3468.0,-1.93,3266700,3430.0,3392.0,4776.0,3043.0
2026-07-09 09:45:35,2026-07-09 09:30,3407.0,3468.0,-1.76,3575800,3430.0,3392.0,4776.0,3043.0
2026-07-09 09:50:32,2026-07-09 09:35,3410.0,3468.0,-1.67,3723000,3430.0,3392.0,4776.0,3043.0
2026-07-09 09:55:31,2026-07-09 09:40,3411.0,3468.0,-1.64,3925800,3430.0,3392.0,4776.0,3043.0
2026-07-09 10:00:33,2026-07-09 09:45,3405.0,3468.0,-1.82,4029600,3430.0,3392.0,4776.0,3043.0
2026-07-09 10:05:34,2026-07-09 09:50,3404.0,3468.0,-1.85,4132200,3430.0,3392.0,4776.0,3043.0
2026-07-09 10:10:34,2026-07-09 09:55,3412.0,3468.0,-1.61,4275200,3430.0,3392.0,4776.0,3043.0
2026-07-09 10:15:53,2026-07-09 10:00,3404.0,3468.0,-1.85,4406100,3430.0,3392.0,4776.0,3043.0
2026-07-09 10:20:35,2026-07-09 10:05,3411.0,3468.0,-1.64,4513200,3430.0,3392.0,4776.0,3043.0
2026-07-09 10:25:29,2026-07-09 10:10,3410.0,3468.0,-1.67,4580000,3430.0,3392.0,4776.0,3043.0
2026-07-09 10:30:31,2026-07-09 10:15,3409.0,3468.0,-1.7,4645200,3430.0,3392.0,4776.0,3043.0
2026-07-09 10:35:41,2026-07-09 10:20,3403.0,3468.0,-1.87,4729200,3430.0,3392.0,4776.0,3043.0
2026-07-09 10:40:32,2026-07-09 10:25,3402.0,3468.0,-1.9,5063300,3430.0,3392.0,4776.0,3043.0
2026-07-09 10:45:38,2026-07-09 10:30,3395.0,3468.0,-2.1,5580600,3430.0,3385.0,4776.0,3043.0
2026-07-09 10:50:33,2026-07-09 10:35,3403.0,3468.0,-1.87,5687700,3430.0,3385.0,4776.0,3043.0
2026-07-09 10:55:32,2026-07-09 10:40,3402.0,3468.0,-1.9,5762900,3430.0,3385.0,4776.0,3043.0
2026-07-09 11:00:40,2026-07-09 10:45,3402.0,3468.0,-1.9,5857400,3430.0,3385.0,4776.0,3043.0
2026-07-09 11:05:52,2026-07-09 10:50,3404.0,3468.0,-1.85,5955700,3430.0,3385.0,4776.0,3043.0
2026-07-09 11:10:45,2026-07-09 10:55,3404.0,3468.0,-1.85,6031500,3430.0,3385.0,4776.0,3043.0
2026-07-09 11:15:37,2026-07-09 11:00,3412.0,3468.0,-1.61,6117200,3430.0,3385.0,4776.0,3043.0
2026-07-09 11:20:48,2026-07-09 11:05,3415.0,3468.0,-1.53,6388200,3430.0,3385.0,4776.0,3043.0
2026-07-09 11:25:38,2026-07-09 11:10,3419.0,3468.0,-1.41,6508200,3430.0,3385.0,4776.0,3043.0
2026-07-09 11:30:35,2026-07-09 11:15,3426.0,3468.0,-1.21,6600400,3430.0,3385.0,4776.0,3043.0
2026-07-09 12:30:40,2026-07-09 11:30,3418.0,3468.0,-1.44,6920100,3432.0,3385.0,4776.0,3043.0
2026-07-09 12:35:50,2026-07-09 11:30,3418.0,3468.0,-1.44,6920100,3432.0,3385.0,4776.0,3043.0
2026-07-09 12:40:40,2026-07-09 11:30,3418.0,3468.0,-1.44,6920100,3432.0,3385.0,4776.0,3043.0
2026-07-09 12:45:32,2026-07-09 12:30,3416.0,3468.0,-1.5,7076900,3432.0,3385.0,4776.0,3043.0
2026-07-09 12:50:29,2026-07-09 12:35,3422.0,3468.0,-1.33,7200900,3432.0,3385.0,4776.0,3043.0
2026-07-09 12:55:36,2026-07-09 12:40,3423.0,3468.0,-1.3,7296700,3432.0,3385.0,4776.0,3043.0
2026-07-09 13:00:41,2026-07-09 12:45,3423.0,3468.0,-1.3,7375100,3432.0,3385.0,4776.0,3043.0
2026-07-09 13:05:31,2026-07-09 12:50,3428.0,3468.0,-1.15,7500000,3432.0,3385.0,4776.0,3043.0
2026-07-09 13:10:32,2026-07-09 12:55,3425.0,3468.0,-1.24,7590300,3432.0,3385.0,4776.0,3043.0
2026-07-09 13:15:32,2026-07-09 13:00,3428.0,3468.0,-1.15,7633800,3432.0,3385.0,4776.0,3043.0
2026-07-09 13:20:36,2026-07-09 13:05,3423.0,3468.0,-1.3,7677600,3432.0,3385.0,4776.0,3043.0
2026-07-09 13:25:37,2026-07-09 13:10,3422.0,3468.0,-1.33,7724700,3432.0,3385.0,4776.0,3043.0
2026-07-09 13:30:39,2026-07-09 13:15,3422.0,3468.0,-1.33,7812200,3432.0,3385.0,4776.0,3043.0
2026-07-09 13:35:33,2026-07-09 13:20,3418.0,3468.0,-1.44,7906600,3432.0,3385.0,4776.0,3043.0
2026-07-09 13:40:47,2026-07-09 13:25,3411.0,3468.0,-1.64,7984600,3432.0,3385.0,4776.0,3043.0
2026-07-09 13:45:34,2026-07-09 13:30,3410.0,3468.0,-1.67,8033500,3432.0,3385.0,4776.0,3043.0
2026-07-09 13:50:30,2026-07-09 13:35,3415.0,3468.0,-1.53,8114300,3432.0,3385.0,4776.0,3043.0
2026-07-09 13:55:31,2026-07-09 13:40,3419.0,3468.0,-1.41,8180900,3432.0,3385.0,4776.0,3043.0
2026-07-09 14:00:31,2026-07-09 13:45,3417.0,3468.0,-1.47,8261800,3432.0,3385.0,4776.0,3043.0
2026-07-09 14:10:32,2026-07-09 13:55,3420.0,3468.0,-1.38,8395700,3432.0,3385.0,4776.0,3043.0
2026-07-09 14:15:39,2026-07-09 14:00,3415.0,3468.0,-1.53,8445400,3432.0,3385.0,4776.0,3043.0
2026-07-09 14:20:38,2026-07-09 14:05,3411.0,3468.0,-1.64,8598100,3432.0,3385.0,4776.0,3043.0
2026-07-09 14:25:33,2026-07-09 14:10,3408.0,3468.0,-1.73,8756700,3432.0,3385.0,4776.0,3043.0
2026-07-09 14:30:41,2026-07-09 14:15,3407.0,3468.0,-1.76,8939200,3432.0,3385.0,4776.0,3043.0
2026-07-09 14:35:45,2026-07-09 14:20,3400.0,3468.0,-1.96,9209000,3432.0,3385.0,4776.0,3043.0
2026-07-09 14:45:34,2026-07-09 14:30,3399.0,3468.0,-1.99,9404500,3432.0,3385.0,4776.0,3043.0
2026-07-09 14:50:34,2026-07-09 14:35,3395.0,3468.0,-2.1,9572100,3432.0,3385.0,4776.0,3043.0
2026-07-09 14:55:44,2026-07-09 14:40,3397.0,3468.0,-2.05,9656000,3432.0,3385.0,4776.0,3043.0
2026-07-09 15:05:46,2026-07-09 14:50,3401.0,3468.0,-1.93,9813700,3432.0,3385.0,4776.0,3043.0
2026-07-09 15:10:43,2026-07-09 14:55,3401.0,3468.0,-1.93,9887400,3432.0,3385.0,4776.0,3043.0
2026-07-09 15:15:36,2026-07-09 15:00,3404.0,3468.0,-1.85,10072000,3432.0,3385.0,4776.0,3043.0
2026-07-09 15:20:43,2026-07-09 15:05,3396.0,3468.0,-2.08,10271900,3432.0,3385.0,4776.0,3043.0
2026-07-09 15:25:48,2026-07-09 15:10,3392.0,3468.0,-2.19,10446900,3432.0,3385.0,4776.0,3043.0
2026-07-09 15:30:53,2026-07-09 15:15,3389.0,3468.0,-2.28,10693000,3432.0,3385.0,4776.0,3043.0
2026-07-09 15:33:06,2026-07-09 15:18,3390.0,3468.0,-2.25,10753300,3432.0,3385.0,4776.0,3043.0
2026-07-10 09:00:35,2026-07-09 15:30,3409.0,3468.0,-1.7,15472900,3432.0,3385.0,4776.0,3043.0
2026-07-10 09:05:50,2026-07-09 15:30,3409.0,3468.0,-1.7,15472900,3432.0,3385.0,4776.0,3043.0
2026-07-10 09:10:39,2026-07-09 15:30,3409.0,3468.0,-1.7,15472900,3432.0,3385.0,4776.0,3043.0
2026-07-10 09:15:41,2026-07-10 09:00,3409.0,3468.0,-1.7,17216600,3410.0,3374.0,4776.0,3043.0
2026-07-10 09:20:33,2026-07-10 09:05,3379.0,3409.0,-0.88,2308300,3410.0,3361.0,4776.0,3043.0
2026-07-10 09:25:34,2026-07-10 09:10,3393.0,3409.0,-0.47,2619600,3410.0,3361.0,4776.0,3043.0
2026-07-10 09:30:41,2026-07-10 09:15,3370.0,3409.0,-1.14,2944100,3410.0,3361.0,4776.0,3043.0
2026-07-10 09:35:43,2026-07-10 09:20,3373.0,3409.0,-1.06,3189800,3410.0,3361.0,4776.0,3043.0
2026-07-10 09:40:33,2026-07-10 09:25,3364.0,3409.0,-1.32,3391400,3410.0,3361.0,4776.0,3043.0
2026-07-10 09:46:07,2026-07-10 09:31,3364.0,3409.0,-1.32,3677200,3410.0,3358.0,4776.0,3043.0
2026-07-10 09:50:30,2026-07-10 09:35,3364.0,3409.0,-1.32,3894600,3410.0,3356.0,4776.0,3043.0
2026-07-10 09:55:35,2026-07-10 09:40,3362.0,3409.0,-1.38,4023900,3410.0,3356.0,4776.0,3043.0
2026-07-10 10:00:31,2026-07-10 09:45,3363.0,3409.0,-1.35,4183400,3410.0,3356.0,4776.0,3043.0
2026-07-10 10:05:34,2026-07-10 09:50,3360.0,3409.0,-1.44,4309500,3410.0,3356.0,4776.0,3043.0
2026-07-10 10:10:39,2026-07-10 09:55,3360.0,3409.0,-1.44,4410700,3410.0,3356.0,4776.0,3043.0
2026-07-10 10:15:35,2026-07-10 10:00,3355.0,3409.0,-1.58,4685100,3410.0,3353.0,4776.0,3043.0
2026-07-10 10:20:34,2026-07-10 10:05,3355.0,3409.0,-1.58,4826600,3410.0,3351.0,4776.0,3043.0
2026-07-10 10:25:41,2026-07-10 10:10,3347.0,3409.0,-1.82,5117900,3410.0,3343.0,4776.0,3043.0
2026-07-10 10:30:32,2026-07-10 10:15,3342.0,3409.0,-1.97,5372200,3410.0,3339.0,4776.0,3043.0
2026-07-10 10:35:30,2026-07-10 10:20,3349.0,3409.0,-1.76,5542600,3410.0,3339.0,4776.0,3043.0
2026-07-10 10:40:30,2026-07-10 10:25,3351.0,3409.0,-1.7,5609400,3410.0,3339.0,4776.0,3043.0
2026-07-10 10:45:34,2026-07-10 10:30,3355.0,3409.0,-1.58,5693000,3410.0,3339.0,4776.0,3043.0
2026-07-10 10:50:43,2026-07-10 10:35,3354.0,3409.0,-1.61,5763800,3410.0,3339.0,4776.0,3043.0
2026-07-10 10:55:47,2026-07-10 10:40,3348.0,3409.0,-1.79,6030700,3410.0,3339.0,4776.0,3043.0
2026-07-10 11:00:33,2026-07-10 10:45,3351.0,3409.0,-1.7,6097600,3410.0,3339.0,4776.0,3043.0
2026-07-10 11:05:38,2026-07-10 10:50,3343.0,3409.0,-1.94,6258400,3410.0,3339.0,4776.0,3043.0
2026-07-10 11:10:41,2026-07-10 10:55,3343.0,3409.0,-1.94,6514500,3410.0,3337.0,4776.0,3043.0
2026-07-10 11:15:36,2026-07-10 11:00,3347.0,3409.0,-1.82,6582200,3410.0,3337.0,4776.0,3043.0
2026-07-10 11:20:38,2026-07-10 11:05,3355.0,3409.0,-1.58,6743800,3410.0,3337.0,4776.0,3043.0
2026-07-10 11:25:42,2026-07-10 11:10,3350.0,3409.0,-1.73,6820100,3410.0,3337.0,4776.0,3043.0
2026-07-10 11:30:44,2026-07-10 11:15,3352.0,3409.0,-1.67,6884800,3410.0,3337.0,4776.0,3043.0
2026-07-10 12:30:33,2026-07-10 11:30,3350.0,3409.0,-1.73,7123200,3410.0,3337.0,4776.0,3043.0
2026-07-10 12:35:33,2026-07-10 11:30,3350.0,3409.0,-1.73,7123200,3410.0,3337.0,4776.0,3043.0
2026-07-10 12:40:40,2026-07-10 11:30,3350.0,3409.0,-1.73,7123200,3410.0,3337.0,4776.0,3043.0
2026-07-10 12:45:37,2026-07-10 12:30,3366.0,3409.0,-1.26,7456800,3410.0,3337.0,4776.0,3043.0
2026-07-10 12:50:50,2026-07-10 12:35,3362.0,3409.0,-1.38,7858100,3410.0,3337.0,4776.0,3043.0
2026-07-10 12:55:30,2026-07-10 12:40,3361.0,3409.0,-1.41,8065400,3410.0,3337.0,4776.0,3043.0
2026-07-10 13:00:56,2026-07-10 12:45,3367.0,3409.0,-1.23,8168200,3410.0,3337.0,4776.0,3043.0
2026-07-10 13:05:36,2026-07-10 12:50,3369.0,3409.0,-1.17,8203400,3410.0,3337.0,4776.0,3043.0
2026-07-10 13:10:35,2026-07-10 12:55,3369.0,3409.0,-1.17,8287200,3410.0,3337.0,4776.0,3043.0
2026-07-10 13:15:36,2026-07-10 13:00,3364.0,3409.0,-1.32,8349900,3410.0,3337.0,4776.0,3043.0
2026-07-10 13:20:36,2026-07-10 13:05,3365.0,3409.0,-1.29,8404900,3410.0,3337.0,4776.0,3043.0
2026-07-10 13:25:34,2026-07-10 13:10,3364.0,3409.0,-1.32,8449900,3410.0,3337.0,4776.0,3043.0
2026-07-10 13:30:34,2026-07-10 13:15,3361.0,3409.0,-1.41,8510000,3410.0,3337.0,4776.0,3043.0
2026-07-10 13:35:44,2026-07-10 13:20,3364.0,3409.0,-1.32,8532100,3410.0,3337.0,4776.0,3043.0
2026-07-10 13:40:39,2026-07-10 13:25,3362.0,3409.0,-1.38,8564400,3410.0,3337.0,4776.0,3043.0
2026-07-10 13:45:33,2026-07-10 13:30,3363.0,3409.0,-1.35,8600600,3410.0,3337.0,4776.0,3043.0
2026-07-10 13:50:35,2026-07-10 13:35,3363.0,3409.0,-1.35,8647600,3410.0,3337.0,4776.0,3043.0
2026-07-10 13:55:36,2026-07-10 13:40,3361.0,3409.0,-1.41,8667400,3410.0,3337.0,4776.0,3043.0
2026-07-10 14:00:47,2026-07-10 13:45,3359.0,3409.0,-1.47,8735100,3410.0,3337.0,4776.0,3043.0
2026-07-10 14:05:41,2026-07-10 13:50,3359.0,3409.0,-1.47,8771500,3410.0,3337.0,4776.0,3043.0
2026-07-10 14:10:41,2026-07-10 13:55,3358.0,3409.0,-1.5,8826600,3410.0,3337.0,4776.0,3043.0
2026-07-10 14:15:30,2026-07-10 14:00,3363.0,3409.0,-1.35,8890900,3410.0,3337.0,4776.0,3043.0
2026-07-10 14:20:37,2026-07-10 14:05,3360.0,3409.0,-1.44,9032900,3410.0,3337.0,4776.0,3043.0
2026-07-10 14:25:34,2026-07-10 14:10,3366.0,3409.0,-1.26,9142500,3410.0,3337.0,4776.0,3043.0
2026-07-10 14:30:38,2026-07-10 14:15,3364.0,3409.0,-1.32,9178500,3410.0,3337.0,4776.0,3043.0
2026-07-10 14:35:33,2026-07-10 14:20,3368.0,3409.0,-1.2,9241900,3410.0,3337.0,4776.0,3043.0
2026-07-10 14:40:36,2026-07-10 14:25,3367.0,3409.0,-1.23,9296200,3410.0,3337.0,4776.0,3043.0
2026-07-10 14:45:49,2026-07-10 14:30,3364.0,3409.0,-1.32,9363200,3410.0,3337.0,4776.0,3043.0
2026-07-10 14:50:38,2026-07-10 14:35,3365.0,3409.0,-1.29,9411800,3410.0,3337.0,4776.0,3043.0
2026-07-10 14:55:36,2026-07-10 14:40,3363.0,3409.0,-1.35,9440400,3410.0,3337.0,4776.0,3043.0
2026-07-10 15:00:38,2026-07-10 14:45,3365.0,3409.0,-1.29,9518800,3410.0,3337.0,4776.0,3043.0
2026-07-10 15:05:38,2026-07-10 14:50,3368.0,3409.0,-1.2,9564100,3410.0,3337.0,4776.0,3043.0
2026-07-10 15:10:41,2026-07-10 14:55,3371.0,3409.0,-1.11,9635200,3410.0,3337.0,4776.0,3043.0
2026-07-10 15:15:32,2026-07-10 15:00,3370.0,3409.0,-1.14,9791500,3410.0,3337.0,4776.0,3043.0
2026-07-10 15:20:43,2026-07-10 15:05,3374.0,3409.0,-1.03,9959200,3410.0,3337.0,4776.0,3043.0
2026-07-10 15:25:35,2026-07-10 15:10,3378.0,3409.0,-0.91,10153400,3410.0,3337.0,4776.0,3043.0
2026-07-10 15:30:57,2026-07-10 15:15,3376.0,3409.0,-0.97,10273900,3410.0,3337.0,4776.0,3043.0
2026-07-10 15:40:40,2026-07-10 15:24,3367.0,3409.0,-1.23,10656500,3410.0,3337.0,4776.0,3043.0
2026-07-13 09:00:32,2026-07-10 15:30,3359.0,3409.0,-1.47,17008800,3410.0,3337.0,4776.0,3043.0
2026-07-13 09:05:35,2026-07-10 15:30,3359.0,3409.0,-1.47,17008800,3410.0,3337.0,4776.0,3043.0
2026-07-13 09:10:40,2026-07-10 15:30,3359.0,3409.0,-1.47,17008800,3410.0,3337.0,4776.0,3043.0
2026-07-13 09:15:33,2026-07-13 09:00,3367.0,3409.0,-1.23,17577300,3384.0,3361.0,4776.0,3043.0
2026-07-13 09:20:37,2026-07-13 09:05,3359.0,3359.0,0.0,865800,3384.0,3344.0,4776.0,3043.0
2026-07-13 09:25:43,2026-07-13 09:10,3347.0,3359.0,-0.36,1038300,3384.0,3340.0,4776.0,3043.0
2026-07-13 09:30:47,2026-07-13 09:15,3339.0,3359.0,-0.6,1203100,3384.0,3335.0,4776.0,3043.0
2026-07-13 09:36:53,2026-07-13 09:21,3341.0,3359.0,-0.54,1404300,3384.0,3332.0,4776.0,3043.0
2026-07-13 09:40:59,2026-07-13 09:25,3331.0,3359.0,-0.83,1511100,3384.0,3330.0,4776.0,3043.0
2026-07-13 09:47:20,2026-07-13 09:32,3327.0,3359.0,-0.95,1739500,3384.0,3324.0,4776.0,3043.0
2026-07-13 09:52:11,2026-07-13 09:37,3330.0,3359.0,-0.86,1849600,3384.0,3322.0,4776.0,3043.0
2026-07-13 09:58:09,2026-07-13 09:43,3329.0,3359.0,-0.89,2010400,3384.0,3322.0,4776.0,3043.0
2026-07-13 10:03:55,2026-07-13 09:48,3322.0,3359.0,-1.1,2107900,3384.0,3321.0,4776.0,3043.0
2026-07-13 10:06:39,2026-07-13 09:51,3326.0,3359.0,-0.98,2165600,3384.0,3320.0,4776.0,3043.0
2026-07-13 10:12:21,2026-07-13 09:57,3319.0,3359.0,-1.19,2291300,3384.0,3318.0,4776.0,3043.0
2026-07-13 10:15:44,2026-07-13 10:00,3308.0,3359.0,-1.52,2418500,3384.0,3307.0,4776.0,3043.0
2026-07-13 10:20:36,2026-07-13 10:05,3313.0,3359.0,-1.37,2511400,3384.0,3306.0,4776.0,3043.0
2026-07-13 10:25:45,2026-07-13 10:10,3320.0,3359.0,-1.16,2660600,3384.0,3306.0,4776.0,3043.0
2026-07-13 10:30:37,2026-07-13 10:15,3321.0,3359.0,-1.13,2724400,3384.0,3306.0,4776.0,3043.0
2026-07-13 10:35:35,2026-07-13 10:20,3326.0,3359.0,-0.98,2802100,3384.0,3306.0,4776.0,3043.0
2026-07-13 10:40:36,2026-07-13 10:25,3328.0,3359.0,-0.92,2984500,3384.0,3306.0,4776.0,3043.0
2026-07-13 10:47:42,2026-07-13 10:32,3321.0,3359.0,-1.13,3072700,3384.0,3306.0,4776.0,3043.0
2026-07-13 10:50:45,2026-07-13 10:35,3321.0,3359.0,-1.13,3114400,3384.0,3306.0,4776.0,3043.0
2026-07-13 10:55:33,2026-07-13 10:40,3320.0,3359.0,-1.16,3168200,3384.0,3306.0,4776.0,3043.0
2026-07-13 11:00:30,2026-07-13 10:45,3325.0,3359.0,-1.01,3249400,3384.0,3306.0,4776.0,3043.0
2026-07-13 11:05:36,2026-07-13 10:50,3329.0,3359.0,-0.89,3299200,3384.0,3306.0,4776.0,3043.0
2026-07-13 11:10:35,2026-07-13 10:55,3325.0,3359.0,-1.01,3388200,3384.0,3306.0,4776.0,3043.0
2026-07-13 11:15:33,2026-07-13 11:00,3322.0,3359.0,-1.1,3433600,3384.0,3306.0,4776.0,3043.0
2026-07-13 11:20:33,2026-07-13 11:05,3325.0,3359.0,-1.01,3481900,3384.0,3306.0,4776.0,3043.0
2026-07-13 11:25:42,2026-07-13 11:10,3330.0,3359.0,-0.86,3565100,3384.0,3306.0,4776.0,3043.0
2026-07-13 11:30:34,2026-07-13 11:15,3345.0,3359.0,-0.42,3711000,3384.0,3306.0,4776.0,3043.0
2026-07-13 12:30:38,2026-07-13 11:30,3344.0,3359.0,-0.45,4001700,3384.0,3306.0,4776.0,3043.0
2026-07-13 12:35:32,2026-07-13 11:30,3344.0,3359.0,-0.45,4001700,3384.0,3306.0,4776.0,3043.0
2026-07-13 12:40:31,2026-07-13 11:30,3344.0,3359.0,-0.45,4001700,3384.0,3306.0,4776.0,3043.0
2026-07-13 12:45:32,2026-07-13 12:30,3348.0,3359.0,-0.33,4127800,3384.0,3306.0,4776.0,3043.0
2026-07-13 12:50:34,2026-07-13 12:35,3349.0,3359.0,-0.3,4267500,3384.0,3306.0,4776.0,3043.0
2026-07-13 12:56:15,2026-07-13 12:41,3345.0,3359.0,-0.42,4436100,3384.0,3306.0,4776.0,3043.0
2026-07-13 13:00:31,2026-07-13 12:45,3346.0,3359.0,-0.39,4503700,3384.0,3306.0,4776.0,3043.0
2026-07-13 13:05:39,2026-07-13 12:50,3344.0,3359.0,-0.45,4611100,3384.0,3306.0,4776.0,3043.0
2026-07-13 13:10:33,2026-07-13 12:55,3341.0,3359.0,-0.54,4671200,3384.0,3306.0,4776.0,3043.0
2026-07-13 13:15:33,2026-07-13 13:00,3340.0,3359.0,-0.57,4742300,3384.0,3306.0,4776.0,3043.0
2026-07-13 13:22:37,2026-07-13 13:07,3339.0,3359.0,-0.6,4873700,3384.0,3306.0,4776.0,3043.0
2026-07-13 13:25:33,2026-07-13 13:10,3338.0,3359.0,-0.63,4920900,3384.0,3306.0,4776.0,3043.0
2026-07-13 13:32:41,2026-07-13 13:17,3334.0,3359.0,-0.74,5057000,3384.0,3306.0,4776.0,3043.0
2026-07-13 13:35:43,2026-07-13 13:20,3337.0,3359.0,-0.65,5114700,3384.0,3306.0,4776.0,3043.0
2026-07-13 13:40:32,2026-07-13 13:25,3332.0,3359.0,-0.8,5203200,3384.0,3306.0,4776.0,3043.0
2026-07-13 13:45:42,2026-07-13 13:30,3333.0,3359.0,-0.77,5315200,3384.0,3306.0,4776.0,3043.0
2026-07-13 13:50:34,2026-07-13 13:35,3329.0,3359.0,-0.89,5397100,3384.0,3306.0,4776.0,3043.0
2026-07-13 13:55:44,2026-07-13 13:40,3328.0,3359.0,-0.92,5501500,3384.0,3306.0,4776.0,3043.0
2026-07-13 14:00:30,2026-07-13 13:45,3326.0,3359.0,-0.98,5563800,3384.0,3306.0,4776.0,3043.0
2026-07-13 14:05:30,2026-07-13 13:50,3326.0,3359.0,-0.98,5592300,3384.0,3306.0,4776.0,3043.0
2026-07-13 14:10:30,2026-07-13 13:55,3328.0,3359.0,-0.92,5648900,3384.0,3306.0,4776.0,3043.0
2026-07-13 14:15:44,2026-07-13 14:00,3326.0,3359.0,-0.98,5731000,3384.0,3306.0,4776.0,3043.0
2026-07-13 14:20:33,2026-07-13 14:05,3332.0,3359.0,-0.8,5825800,3384.0,3306.0,4776.0,3043.0
2026-07-13 14:25:41,2026-07-13 14:10,3332.0,3359.0,-0.8,5890700,3384.0,3306.0,4776.0,3043.0
2026-07-13 14:30:35,2026-07-13 14:15,3330.0,3359.0,-0.86,5937400,3384.0,3306.0,4776.0,3043.0
2026-07-13 14:35:37,2026-07-13 14:20,3326.0,3359.0,-0.98,6042000,3384.0,3306.0,4776.0,3043.0
2026-07-13 14:40:34,2026-07-13 14:25,3323.0,3359.0,-1.07,6149600,3384.0,3306.0,4776.0,3043.0
2026-07-13 14:45:34,2026-07-13 14:30,3317.0,3359.0,-1.25,6243000,3384.0,3306.0,4776.0,3043.0
2026-07-13 14:50:34,2026-07-13 14:35,3322.0,3359.0,-1.1,6387000,3384.0,3306.0,4776.0,3043.0
2026-07-13 14:55:30,2026-07-13 14:40,3324.0,3359.0,-1.04,6519400,3384.0,3306.0,4776.0,3043.0
2026-07-13 15:00:32,2026-07-13 14:45,3324.0,3359.0,-1.04,6619500,3384.0,3306.0,4776.0,3043.0
2026-07-13 15:05:44,2026-07-13 14:50,3328.0,3359.0,-0.92,6737200,3384.0,3306.0,4776.0,3043.0
2026-07-13 15:10:31,2026-07-13 14:55,3327.0,3359.0,-0.95,6805400,3384.0,3306.0,4776.0,3043.0
2026-07-13 15:15:39,2026-07-13 15:00,3331.0,3359.0,-0.83,6916400,3384.0,3306.0,4776.0,3043.0
2026-07-13 15:20:39,2026-07-13 15:05,3330.0,3359.0,-0.86,7004400,3384.0,3306.0,4776.0,3043.0
2026-07-13 15:25:38,2026-07-13 15:10,3325.0,3359.0,-1.01,7110500,3384.0,3306.0,4776.0,3043.0
2026-07-13 15:30:31,2026-07-13 15:15,3322.0,3359.0,-1.1,7216800,3384.0,3306.0,4776.0,3043.0
2026-07-13 15:40:32,2026-07-13 15:24,3326.0,3359.0,-0.98,7567200,3384.0,3306.0,4776.0,3043.0
2026-07-14 09:00:31,2026-07-13 15:30,3341.0,3359.0,-0.54,10860400,3384.0,3306.0,4776.0,3043.0
2026-07-14 09:05:35,2026-07-13 15:30,3341.0,3359.0,-0.54,10860400,3384.0,3306.0,4776.0,3043.0
2026-07-14 09:10:59,2026-07-13 15:30,3341.0,3359.0,-0.54,10860400,3384.0,3306.0,4776.0,3043.0
2026-07-14 09:15:32,2026-07-14 09:00,3341.0,3359.0,-0.54,11926200,3394.0,3361.0,4776.0,3043.0
2026-07-14 09:20:34,2026-07-14 09:05,3397.0,3341.0,1.68,1493300,3398.0,3361.0,4776.0,3043.0
2026-07-14 09:25:39,2026-07-14 09:10,3377.0,3341.0,1.08,2072500,3408.0,3361.0,4776.0,3043.0
2026-07-14 09:30:30,2026-07-14 09:15,3396.0,3341.0,1.65,2269600,3408.0,3361.0,4776.0,3043.0
2026-07-14 09:35:35,2026-07-14 09:20,3408.0,3341.0,2.01,2572800,3417.0,3361.0,4776.0,3043.0
2026-07-14 09:40:37,2026-07-14 09:25,3407.0,3341.0,1.98,2823000,3424.0,3361.0,4776.0,3043.0
2026-07-14 09:45:38,2026-07-14 09:30,3408.0,3341.0,2.01,3030500,3424.0,3361.0,4776.0,3043.0
2026-07-14 09:50:32,2026-07-14 09:35,3405.0,3341.0,1.92,3164700,3424.0,3361.0,4776.0,3043.0
2026-07-14 09:55:36,2026-07-14 09:40,3407.0,3341.0,1.98,3340900,3424.0,3361.0,4776.0,3043.0
2026-07-14 10:00:32,2026-07-14 09:45,3408.0,3341.0,2.01,3505900,3424.0,3361.0,4776.0,3043.0
2026-07-14 10:05:32,2026-07-14 09:50,3409.0,3341.0,2.04,3711200,3424.0,3361.0,4776.0,3043.0
2026-07-14 10:10:31,2026-07-14 09:55,3404.0,3341.0,1.89,3809700,3424.0,3361.0,4776.0,3043.0
2026-07-14 10:15:41,2026-07-14 10:00,3398.0,3341.0,1.71,4035900,3424.0,3361.0,4776.0,3043.0
2026-07-14 10:20:32,2026-07-14 10:05,3403.0,3341.0,1.86,4122700,3424.0,3361.0,4776.0,3043.0
2026-07-14 10:25:32,2026-07-14 10:10,3408.0,3341.0,2.01,4204500,3424.0,3361.0,4776.0,3043.0
2026-07-14 10:30:38,2026-07-14 10:15,3408.0,3341.0,2.01,4324700,3424.0,3361.0,4776.0,3043.0
2026-07-14 10:35:42,2026-07-14 10:20,3416.0,3341.0,2.24,4445000,3424.0,3361.0,4776.0,3043.0
2026-07-14 10:40:42,2026-07-14 10:25,3418.0,3341.0,2.3,4506800,3424.0,3361.0,4776.0,3043.0
2026-07-14 10:45:35,2026-07-14 10:30,3415.0,3341.0,2.21,4643900,3424.0,3361.0,4776.0,3043.0
2026-07-14 10:50:35,2026-07-14 10:35,3408.0,3341.0,2.01,4729300,3424.0,3361.0,4776.0,3043.0
2026-07-14 10:55:36,2026-07-14 10:40,3410.0,3341.0,2.07,4836800,3424.0,3361.0,4776.0,3043.0
2026-07-14 11:00:31,2026-07-14 10:45,3405.0,3341.0,1.92,4920800,3424.0,3361.0,4776.0,3043.0
2026-07-14 11:05:39,2026-07-14 10:50,3406.0,3341.0,1.95,4973900,3424.0,3361.0,4776.0,3043.0
2026-07-14 11:10:45,2026-07-14 10:55,3408.0,3341.0,2.01,5091900,3424.0,3361.0,4776.0,3043.0
2026-07-14 11:15:39,2026-07-14 11:00,3412.0,3341.0,2.13,5171500,3424.0,3361.0,4776.0,3043.0
2026-07-14 11:20:57,2026-07-14 11:05,3409.0,3341.0,2.04,5269800,3424.0,3361.0,4776.0,3043.0
2026-07-14 11:25:31,2026-07-14 11:10,3410.0,3341.0,2.07,5343200,3424.0,3361.0,4776.0,3043.0
2026-07-14 11:30:56,2026-07-14 11:15,3408.0,3341.0,2.01,5506300,3424.0,3361.0,4776.0,3043.0
2026-07-14 12:30:44,2026-07-14 11:30,3410.0,3341.0,2.07,5788300,3424.0,3361.0,4776.0,3043.0
2026-07-14 12:35:36,2026-07-14 11:30,3410.0,3341.0,2.07,5788300,3424.0,3361.0,4776.0,3043.0
2026-07-14 12:40:31,2026-07-14 11:30,3410.0,3341.0,2.07,5788300,3424.0,3361.0,4776.0,3043.0
2026-07-14 12:45:36,2026-07-14 12:30,3412.0,3341.0,2.13,5994300,3424.0,3361.0,4776.0,3043.0
2026-07-14 12:50:32,2026-07-14 12:35,3412.0,3341.0,2.13,6229000,3424.0,3361.0,4776.0,3043.0
2026-07-14 12:55:42,2026-07-14 12:40,3406.0,3341.0,1.95,6356600,3424.0,3361.0,4776.0,3043.0
2026-07-14 13:00:54,2026-07-14 12:45,3402.0,3341.0,1.83,6528600,3424.0,3361.0,4776.0,3043.0
2026-07-14 13:05:39,2026-07-14 12:50,3407.0,3341.0,1.98,6624600,3424.0,3361.0,4776.0,3043.0
2026-07-14 13:10:40,2026-07-14 12:55,3411.0,3341.0,2.1,6723900,3424.0,3361.0,4776.0,3043.0
2026-07-14 13:15:37,2026-07-14 13:00,3412.0,3341.0,2.13,6809400,3424.0,3361.0,4776.0,3043.0
2026-07-14 13:20:39,2026-07-14 13:05,3413.0,3341.0,2.16,6892600,3424.0,3361.0,4776.0,3043.0
2026-07-14 13:25:31,2026-07-14 13:10,3412.0,3341.0,2.13,7000700,3424.0,3361.0,4776.0,3043.0
2026-07-14 13:30:36,2026-07-14 13:15,3408.0,3341.0,2.01,7171300,3424.0,3361.0,4776.0,3043.0
2026-07-14 13:35:30,2026-07-14 13:20,3405.0,3341.0,1.92,7239000,3424.0,3361.0,4776.0,3043.0
2026-07-14 13:40:50,2026-07-14 13:25,3405.0,3341.0,1.92,7288800,3424.0,3361.0,4776.0,3043.0
2026-07-14 13:45:31,2026-07-14 13:30,3405.0,3341.0,1.92,7342900,3424.0,3361.0,4776.0,3043.0
2026-07-14 13:50:36,2026-07-14 13:35,3408.0,3341.0,2.01,7444700,3424.0,3361.0,4776.0,3043.0
2026-07-14 13:55:34,2026-07-14 13:40,3411.0,3341.0,2.1,7608800,3424.0,3361.0,4776.0,3043.0
2026-07-14 14:00:37,2026-07-14 13:45,3408.0,3341.0,2.01,7687900,3424.0,3361.0,4776.0,3043.0
2026-07-14 14:05:32,2026-07-14 13:50,3411.0,3341.0,2.1,7829100,3424.0,3361.0,4776.0,3043.0
2026-07-14 14:10:34,2026-07-14 13:55,3410.0,3341.0,2.07,7949400,3424.0,3361.0,4776.0,3043.0
2026-07-14 14:15:32,2026-07-14 14:00,3406.0,3341.0,1.95,8051000,3424.0,3361.0,4776.0,3043.0
2026-07-14 14:20:35,2026-07-14 14:05,3401.0,3341.0,1.8,8143600,3424.0,3361.0,4776.0,3043.0
2026-07-14 14:25:38,2026-07-14 14:10,3398.0,3341.0,1.71,8220800,3424.0,3361.0,4776.0,3043.0
2026-07-14 14:30:30,2026-07-14 14:15,3399.0,3341.0,1.74,8304500,3424.0,3361.0,4776.0,3043.0
2026-07-14 14:35:39,2026-07-14 14:20,3398.0,3341.0,1.71,8411900,3424.0,3361.0,4776.0,3043.0
2026-07-14 14:40:36,2026-07-14 14:25,3395.0,3341.0,1.62,8489100,3424.0,3361.0,4776.0,3043.0
2026-07-14 14:45:34,2026-07-14 14:30,3391.0,3341.0,1.5,8650300,3424.0,3361.0,4776.0,3043.0
2026-07-14 14:50:32,2026-07-14 14:35,3387.0,3341.0,1.38,8733200,3424.0,3361.0,4776.0,3043.0
2026-07-14 14:55:38,2026-07-14 14:40,3387.0,3341.0,1.38,8814000,3424.0,3361.0,4776.0,3043.0
2026-07-14 15:00:39,2026-07-14 14:45,3393.0,3341.0,1.56,8949000,3424.0,3361.0,4776.0,3043.0
2026-07-14 15:05:47,2026-07-14 14:50,3386.0,3341.0,1.35,9028700,3424.0,3361.0,4776.0,3043.0
2026-07-14 15:10:32,2026-07-14 14:55,3385.0,3341.0,1.32,9139300,3424.0,3361.0,4776.0,3043.0
2026-07-14 15:15:43,2026-07-14 15:00,3383.0,3341.0,1.26,9235800,3424.0,3361.0,4776.0,3043.0
2026-07-14 15:20:39,2026-07-14 15:05,3379.0,3341.0,1.14,9387200,3424.0,3361.0,4776.0,3043.0
2026-07-14 15:25:30,2026-07-14 15:10,3377.0,3341.0,1.08,9516900,3424.0,3361.0,4776.0,3043.0
2026-07-14 15:30:38,2026-07-14 15:15,3375.0,3341.0,1.02,9757200,3424.0,3361.0,4776.0,3043.0
2026-07-14 15:40:55,2026-07-14 15:24,3374.0,3341.0,0.99,10147200,3424.0,3361.0,4776.0,3043.0
2026-07-15 09:05:30,2026-07-14 15:30,3383.0,3341.0,1.26,13640700,3424.0,3361.0,4776.0,3043.0
2026-07-15 09:10:30,2026-07-14 15:30,3383.0,3341.0,1.26,13640700,3424.0,3361.0,4776.0,3043.0
2026-07-15 09:15:44,2026-07-15 09:00,3383.0,3341.0,1.26,14530700,3386.0,3374.0,4776.0,3043.0
2026-07-15 09:20:30,2026-07-15 09:05,3382.0,3383.0,-0.03,1322100,3390.0,3369.0,4776.0,3043.0
2026-07-15 09:25:37,2026-07-15 09:10,3372.0,3383.0,-0.33,1546300,3390.0,3369.0,4776.0,3043.0
2026-07-15 09:30:39,2026-07-15 09:15,3361.0,3383.0,-0.65,1813400,3390.0,3360.0,4776.0,3043.0
2026-07-15 09:35:30,2026-07-15 09:20,3376.0,3383.0,-0.21,2036000,3390.0,3357.0,4776.0,3043.0
2026-07-15 09:40:36,2026-07-15 09:25,3377.0,3383.0,-0.18,2182300,3390.0,3357.0,4776.0,3043.0
2026-07-15 09:45:32,2026-07-15 09:30,3379.0,3383.0,-0.12,2245900,3390.0,3357.0,4776.0,3043.0
2026-07-15 09:50:37,2026-07-15 09:35,3375.0,3383.0,-0.24,2343600,3390.0,3357.0,4776.0,3043.0
2026-07-15 09:55:31,2026-07-15 09:40,3372.0,3383.0,-0.33,2466400,3390.0,3357.0,4776.0,3043.0
2026-07-15 10:00:40,2026-07-15 09:45,3371.0,3383.0,-0.35,2598200,3390.0,3357.0,4776.0,3043.0
2026-07-15 10:05:42,2026-07-15 09:50,3365.0,3383.0,-0.53,2717600,3390.0,3357.0,4776.0,3043.0
2026-07-15 10:10:35,2026-07-15 09:55,3357.0,3383.0,-0.77,2884000,3390.0,3355.0,4776.0,3043.0
2026-07-15 10:15:30,2026-07-15 10:00,3356.0,3383.0,-0.8,2957600,3390.0,3355.0,4776.0,3043.0
2026-07-15 10:20:30,2026-07-15 10:05,3348.0,3383.0,-1.03,3158600,3390.0,3344.0,4776.0,3043.0
2026-07-15 10:25:31,2026-07-15 10:10,3346.0,3383.0,-1.09,3250900,3390.0,3344.0,4776.0,3043.0
2026-07-15 10:30:39,2026-07-15 10:15,3348.0,3383.0,-1.03,3319900,3390.0,3344.0,4776.0,3043.0
2026-07-15 10:35:29,2026-07-15 10:20,3350.0,3383.0,-0.98,3383000,3390.0,3344.0,4776.0,3043.0
2026-07-15 10:40:32,2026-07-15 10:25,3342.0,3383.0,-1.21,3484300,3390.0,3340.0,4776.0,3043.0
2026-07-15 10:45:39,2026-07-15 10:30,3337.0,3383.0,-1.36,3567200,3390.0,3336.0,4776.0,3043.0
2026-07-15 10:50:48,2026-07-15 10:35,3339.0,3383.0,-1.3,3644200,3390.0,3335.0,4776.0,3043.0
2026-07-15 10:55:29,2026-07-15 10:40,3341.0,3383.0,-1.24,3687600,3390.0,3335.0,4776.0,3043.0
2026-07-15 11:00:34,2026-07-15 10:45,3341.0,3383.0,-1.24,3726700,3390.0,3335.0,4776.0,3043.0
2026-07-15 11:05:44,2026-07-15 10:50,3342.0,3383.0,-1.21,3800300,3390.0,3335.0,4776.0,3043.0
2026-07-15 11:10:39,2026-07-15 10:55,3348.0,3383.0,-1.03,3909100,3390.0,3335.0,4776.0,3043.0
2026-07-15 11:15:33,2026-07-15 11:00,3352.0,3383.0,-0.92,3969000,3390.0,3335.0,4776.0,3043.0
2026-07-15 11:20:38,2026-07-15 11:05,3349.0,3383.0,-1.01,4044600,3390.0,3335.0,4776.0,3043.0
2026-07-15 11:25:38,2026-07-15 11:10,3348.0,3383.0,-1.03,4119100,3390.0,3335.0,4776.0,3043.0
2026-07-15 11:30:30,2026-07-15 11:15,3347.0,3383.0,-1.06,4154200,3390.0,3335.0,4776.0,3043.0
2026-07-15 12:30:33,2026-07-15 11:30,3348.0,3383.0,-1.03,4283800,3390.0,3335.0,4776.0,3043.0
2026-07-15 12:35:40,2026-07-15 11:30,3348.0,3383.0,-1.03,4283800,3390.0,3335.0,4776.0,3043.0
2026-07-15 12:40:35,2026-07-15 11:30,3348.0,3383.0,-1.03,4283800,3390.0,3335.0,4776.0,3043.0
2026-07-15 12:45:36,2026-07-15 12:30,3355.0,3383.0,-0.83,4487800,3390.0,3335.0,4776.0,3043.0
2026-07-15 12:50:36,2026-07-15 12:35,3351.0,3383.0,-0.95,4558800,3390.0,3335.0,4776.0,3043.0
2026-07-15 12:55:31,2026-07-15 12:40,3355.0,3383.0,-0.83,4642500,3390.0,3335.0,4776.0,3043.0
2026-07-15 13:00:38,2026-07-15 12:45,3355.0,3383.0,-0.83,4754300,3390.0,3335.0,4776.0,3043.0
2026-07-15 13:05:32,2026-07-15 12:50,3356.0,3383.0,-0.8,4798700,3390.0,3335.0,4776.0,3043.0
2026-07-15 13:10:34,2026-07-15 12:55,3358.0,3383.0,-0.74,4821800,3390.0,3335.0,4776.0,3043.0
2026-07-15 13:15:37,2026-07-15 13:00,3361.0,3383.0,-0.65,4869900,3390.0,3335.0,4776.0,3043.0
2026-07-15 13:20:40,2026-07-15 13:05,3357.0,3383.0,-0.77,4930800,3390.0,3335.0,4776.0,3043.0
2026-07-15 13:25:39,2026-07-15 13:10,3355.0,3383.0,-0.83,4957600,3390.0,3335.0,4776.0,3043.0
2026-07-15 13:30:29,2026-07-15 13:15,3356.0,3383.0,-0.8,5004600,3390.0,3335.0,4776.0,3043.0
2026-07-15 13:35:35,2026-07-15 13:20,3358.0,3383.0,-0.74,5040800,3390.0,3335.0,4776.0,3043.0
2026-07-15 13:40:41,2026-07-15 13:25,3355.0,3383.0,-0.83,5071300,3390.0,3335.0,4776.0,3043.0
2026-07-15 13:45:33,2026-07-15 13:30,3354.0,3383.0,-0.86,5111900,3390.0,3335.0,4776.0,3043.0
2026-07-15 13:50:33,2026-07-15 13:35,3356.0,3383.0,-0.8,5158100,3390.0,3335.0,4776.0,3043.0
2026-07-15 13:55:37,2026-07-15 13:40,3358.0,3383.0,-0.74,5184000,3390.0,3335.0,4776.0,3043.0
2026-07-15 14:00:36,2026-07-15 13:45,3354.0,3383.0,-0.86,5224800,3390.0,3335.0,4776.0,3043.0
2026-07-15 14:05:41,2026-07-15 13:50,3357.0,3383.0,-0.77,5294300,3390.0,3335.0,4776.0,3043.0
2026-07-15 14:10:37,2026-07-15 13:55,3358.0,3383.0,-0.74,5324900,3390.0,3335.0,4776.0,3043.0
2026-07-15 14:15:30,2026-07-15 14:00,3355.0,3383.0,-0.83,5418700,3390.0,3335.0,4776.0,3043.0
2026-07-15 14:20:39,2026-07-15 14:05,3361.0,3383.0,-0.65,5563200,3390.0,3335.0,4776.0,3043.0
2026-07-15 14:25:34,2026-07-15 14:10,3360.0,3383.0,-0.68,5643500,3390.0,3335.0,4776.0,3043.0
2026-07-15 14:30:30,2026-07-15 14:15,3356.0,3383.0,-0.8,5687800,3390.0,3335.0,4776.0,3043.0
2026-07-15 14:35:31,2026-07-15 14:20,3357.0,3383.0,-0.77,5751700,3390.0,3335.0,4776.0,3043.0
2026-07-15 14:40:40,2026-07-15 14:25,3358.0,3383.0,-0.74,5831000,3390.0,3335.0,4776.0,3043.0
2026-07-15 14:45:54,2026-07-15 14:30,3357.0,3383.0,-0.77,5892100,3390.0,3335.0,4776.0,3043.0
2026-07-15 14:50:31,2026-07-15 14:35,3358.0,3383.0,-0.74,6016300,3390.0,3335.0,4776.0,3043.0
2026-07-15 14:55:31,2026-07-15 14:40,3363.0,3383.0,-0.59,6076800,3390.0,3335.0,4776.0,3043.0
2026-07-15 15:00:41,2026-07-15 14:45,3364.0,3383.0,-0.56,6146800,3390.0,3335.0,4776.0,3043.0
2026-07-15 15:05:33,2026-07-15 14:50,3364.0,3383.0,-0.56,6239600,3390.0,3335.0,4776.0,3043.0
2026-07-15 15:10:30,2026-07-15 14:55,3367.0,3383.0,-0.47,6312200,3390.0,3335.0,4776.0,3043.0
2026-07-15 15:15:32,2026-07-15 15:00,3369.0,3383.0,-0.41,6445800,3390.0,3335.0,4776.0,3043.0
2026-07-15 15:20:40,2026-07-15 15:05,3372.0,3383.0,-0.33,6557200,3390.0,3335.0,4776.0,3043.0
2026-07-15 15:25:31,2026-07-15 15:10,3373.0,3383.0,-0.3,6666300,3390.0,3335.0,4776.0,3043.0
2026-07-15 15:30:37,2026-07-15 15:15,3370.0,3383.0,-0.38,6833400,3390.0,3335.0,4776.0,3043.0
2026-07-15 15:41:18,2026-07-15 15:24,3369.0,3383.0,-0.41,7192300,3390.0,3335.0,4776.0,3043.0
2026-07-16 09:05:32,2026-07-15 15:30,3389.0,3383.0,0.18,12717000,3390.0,3335.0,4776.0,3043.0
2026-07-16 09:10:35,2026-07-15 15:30,3389.0,3383.0,0.18,12717000,3390.0,3335.0,4776.0,3043.0
2026-07-16 09:15:39,2026-07-16 09:00,3389.0,3383.0,0.18,13712400,3400.0,3383.0,4776.0,3043.0
2026-07-16 09:20:36,2026-07-16 09:05,3397.0,3389.0,0.24,1295500,3400.0,3375.0,4776.0,3043.0
2026-07-16 09:25:32,2026-07-16 09:10,3409.0,3389.0,0.59,1560600,3412.0,3375.0,4776.0,3043.0
2026-07-16 09:30:33,2026-07-16 09:15,3429.0,3389.0,1.18,2037400,3432.0,3375.0,4776.0,3043.0
2026-07-16 09:35:29,2026-07-16 09:20,3426.0,3389.0,1.09,2516600,3441.0,3375.0,4776.0,3043.0
2026-07-16 09:40:32,2026-07-16 09:25,3432.0,3389.0,1.27,2766800,3441.0,3375.0,4776.0,3043.0
2026-07-16 09:45:36,2026-07-16 09:30,3431.0,3389.0,1.24,3004100,3441.0,3375.0,4776.0,3043.0
2026-07-16 09:50:42,2026-07-16 09:35,3421.0,3389.0,0.94,3270700,3441.0,3375.0,4776.0,3043.0
2026-07-16 09:55:32,2026-07-16 09:40,3423.0,3389.0,1.0,3440100,3441.0,3375.0,4776.0,3043.0
2026-07-16 10:00:31,2026-07-16 09:45,3432.0,3389.0,1.27,3589800,3441.0,3375.0,4776.0,3043.0
2026-07-16 10:05:42,2026-07-16 09:50,3436.0,3389.0,1.39,3745700,3441.0,3375.0,4776.0,3043.0
2026-07-16 10:10:40,2026-07-16 09:55,3448.0,3389.0,1.74,4013800,3449.0,3375.0,4776.0,3043.0
2026-07-16 10:15:37,2026-07-16 10:00,3449.0,3389.0,1.77,4160200,3450.0,3375.0,4776.0,3043.0
2026-07-16 10:20:31,2026-07-16 10:05,3443.0,3389.0,1.59,4333000,3450.0,3375.0,4776.0,3043.0
2026-07-16 10:25:43,2026-07-16 10:10,3426.0,3389.0,1.09,4630300,3450.0,3375.0,4776.0,3043.0
2026-07-16 10:30:36,2026-07-16 10:15,3422.0,3389.0,0.97,4898000,3450.0,3375.0,4776.0,3043.0
2026-07-16 10:35:32,2026-07-16 10:20,3421.0,3389.0,0.94,5079200,3450.0,3375.0,4776.0,3043.0
2026-07-16 10:40:33,2026-07-16 10:25,3422.0,3389.0,0.97,5182000,3450.0,3375.0,4776.0,3043.0
2026-07-16 10:45:31,2026-07-16 10:30,3427.0,3389.0,1.12,5244800,3450.0,3375.0,4776.0,3043.0
2026-07-16 10:50:34,2026-07-16 10:35,3424.0,3389.0,1.03,5400000,3450.0,3375.0,4776.0,3043.0
2026-07-16 10:55:38,2026-07-16 10:40,3426.0,3389.0,1.09,5490300,3450.0,3375.0,4776.0,3043.0
2026-07-16 11:00:35,2026-07-16 10:45,3431.0,3389.0,1.24,5565700,3450.0,3375.0,4776.0,3043.0
2026-07-16 11:05:35,2026-07-16 10:50,3433.0,3389.0,1.3,5662700,3450.0,3375.0,4776.0,3043.0
2026-07-16 11:10:34,2026-07-16 10:55,3434.0,3389.0,1.33,5778200,3450.0,3375.0,4776.0,3043.0
2026-07-16 11:15:34,2026-07-16 11:00,3427.0,3389.0,1.12,5860800,3450.0,3375.0,4776.0,3043.0
2026-07-16 11:20:55,2026-07-16 11:05,3428.0,3389.0,1.15,5935700,3450.0,3375.0,4776.0,3043.0
2026-07-16 11:25:35,2026-07-16 11:10,3430.0,3389.0,1.21,6037000,3450.0,3375.0,4776.0,3043.0
2026-07-16 11:30:36,2026-07-16 11:15,3428.0,3389.0,1.15,6104700,3450.0,3375.0,4776.0,3043.0
2026-07-16 12:30:38,2026-07-16 11:30,3427.0,3389.0,1.12,6352500,3450.0,3375.0,4776.0,3043.0
2026-07-16 12:35:33,2026-07-16 11:30,3427.0,3389.0,1.12,6352500,3450.0,3375.0,4776.0,3043.0
2026-07-16 12:40:29,2026-07-16 11:30,3427.0,3389.0,1.12,6352500,3450.0,3375.0,4776.0,3043.0
2026-07-16 12:45:44,2026-07-16 12:30,3436.0,3389.0,1.39,6520900,3450.0,3375.0,4776.0,3043.0
2026-07-16 12:50:34,2026-07-16 12:35,3439.0,3389.0,1.48,6715700,3450.0,3375.0,4776.0,3043.0
2026-07-16 12:55:42,2026-07-16 12:40,3436.0,3389.0,1.39,6955200,3450.0,3375.0,4776.0,3043.0
2026-07-16 13:00:39,2026-07-16 12:45,3437.0,3389.0,1.42,7064200,3450.0,3375.0,4776.0,3043.0
2026-07-16 13:05:38,2026-07-16 12:50,3435.0,3389.0,1.36,7118500,3450.0,3375.0,4776.0,3043.0
2026-07-16 13:10:42,2026-07-16 12:55,3434.0,3389.0,1.33,7195800,3450.0,3375.0,4776.0,3043.0
2026-07-16 13:15:33,2026-07-16 13:00,3435.0,3389.0,1.36,7231200,3450.0,3375.0,4776.0,3043.0
2026-07-16 13:20:42,2026-07-16 13:05,3436.0,3389.0,1.39,7308900,3450.0,3375.0,4776.0,3043.0
2026-07-16 13:25:40,2026-07-16 13:10,3436.0,3389.0,1.39,7370900,3450.0,3375.0,4776.0,3043.0
2026-07-16 13:30:45,2026-07-16 13:15,3438.0,3389.0,1.45,7430300,3450.0,3375.0,4776.0,3043.0
2026-07-16 13:35:32,2026-07-16 13:20,3437.0,3389.0,1.42,7481000,3450.0,3375.0,4776.0,3043.0
2026-07-16 13:40:34,2026-07-16 13:25,3433.0,3389.0,1.3,7599600,3450.0,3375.0,4776.0,3043.0
2026-07-16 13:45:30,2026-07-16 13:30,3429.0,3389.0,1.18,7683400,3450.0,3375.0,4776.0,3043.0
2026-07-16 13:50:33,2026-07-16 13:35,3428.0,3389.0,1.15,7748500,3450.0,3375.0,4776.0,3043.0
2026-07-16 13:55:42,2026-07-16 13:40,3427.0,3389.0,1.12,7845100,3450.0,3375.0,4776.0,3043.0
2026-07-16 14:00:48,2026-07-16 13:45,3426.0,3389.0,1.09,7955800,3450.0,3375.0,4776.0,3043.0
2026-07-16 14:05:34,2026-07-16 13:50,3423.0,3389.0,1.0,8115200,3450.0,3375.0,4776.0,3043.0
2026-07-16 14:10:36,2026-07-16 13:55,3426.0,3389.0,1.09,8187500,3450.0,3375.0,4776.0,3043.0
2026-07-16 14:15:38,2026-07-16 14:00,3431.0,3389.0,1.24,8248000,3450.0,3375.0,4776.0,3043.0
2026-07-16 14:20:33,2026-07-16 14:05,3430.0,3389.0,1.21,8300200,3450.0,3375.0,4776.0,3043.0
2026-07-16 14:25:47,2026-07-16 14:10,3430.0,3389.0,1.21,8443000,3450.0,3375.0,4776.0,3043.0
2026-07-16 14:30:30,2026-07-16 14:15,3436.0,3389.0,1.39,8520900,3450.0,3375.0,4776.0,3043.0
2026-07-16 14:35:38,2026-07-16 14:20,3435.0,3389.0,1.36,8588700,3450.0,3375.0,4776.0,3043.0
2026-07-16 14:40:32,2026-07-16 14:25,3437.0,3389.0,1.42,8797400,3450.0,3375.0,4776.0,3043.0
2026-07-16 14:45:43,2026-07-16 14:30,3441.0,3389.0,1.53,8906700,3450.0,3375.0,4776.0,3043.0
2026-07-16 14:50:34,2026-07-16 14:35,3430.0,3389.0,1.21,9044300,3450.0,3375.0,4776.0,3043.0
2026-07-16 14:55:33,2026-07-16 14:38,3427.0,3389.0,1.12,9116700,3450.0,3375.0,4776.0,3043.0
2026-07-16 15:00:37,2026-07-16 14:45,3433.0,3389.0,1.3,9261900,3450.0,3375.0,4776.0,3043.0
2026-07-16 15:05:28,2026-07-16 14:50,3433.0,3389.0,1.3,9302900,3450.0,3375.0,4776.0,3043.0
2026-07-16 15:10:32,2026-07-16 14:55,3432.0,3389.0,1.27,9371200,3450.0,3375.0,4776.0,3043.0
2026-07-16 15:15:54,2026-07-16 15:00,3435.0,3389.0,1.36,9517500,3450.0,3375.0,4776.0,3043.0
2026-07-16 15:20:42,2026-07-16 15:05,3435.0,3389.0,1.36,9612600,3450.0,3375.0,4776.0,3043.0
2026-07-16 15:25:36,2026-07-16 15:10,3426.0,3389.0,1.09,9886000,3450.0,3375.0,4776.0,3043.0
2026-07-16 15:30:31,2026-07-16 15:15,3432.0,3389.0,1.27,10061100,3450.0,3375.0,4776.0,3043.0
2026-07-16 15:40:36,2026-07-16 15:24,3429.0,3389.0,1.18,10499200,3450.0,3375.0,4776.0,3043.0
2026-07-17 09:05:47,2026-07-16 15:30,3438.0,3389.0,1.45,14759800,3450.0,3375.0,4776.0,3043.0
2026-07-17 09:10:58,2026-07-16 15:30,3438.0,3389.0,1.45,14759800,3450.0,3375.0,4776.0,3043.0
2026-07-17 09:15:32,2026-07-17 09:00,3438.0,3389.0,1.45,16090500,3448.0,3425.0,4776.0,3043.0
2026-07-17 09:20:37,2026-07-17 09:05,3468.0,3438.0,0.87,2186400,3479.0,3425.0,4776.0,3043.0
2026-07-17 09:25:32,2026-07-17 09:10,3452.0,3438.0,0.41,2850400,3482.0,3425.0,4776.0,3043.0
2026-07-17 09:30:34,2026-07-17 09:15,3426.0,3438.0,-0.35,3333300,3482.0,3425.0,4776.0,3043.0
2026-07-17 09:35:41,2026-07-17 09:20,3458.0,3438.0,0.58,3978600,3482.0,3422.0,4776.0,3043.0
2026-07-17 09:40:30,2026-07-17 09:25,3465.0,3438.0,0.79,4456900,3482.0,3422.0,4776.0,3043.0
2026-07-17 09:45:34,2026-07-17 09:30,3470.0,3438.0,0.93,4866900,3482.0,3422.0,4776.0,3043.0
2026-07-17 09:50:41,2026-07-17 09:35,3487.0,3438.0,1.43,5976000,3505.0,3422.0,4776.0,3043.0
2026-07-17 09:55:38,2026-07-17 09:40,3482.0,3438.0,1.28,6251700,3505.0,3422.0,4776.0,3043.0
2026-07-17 10:00:41,2026-07-17 09:45,3480.0,3438.0,1.22,6541100,3505.0,3422.0,4776.0,3043.0
2026-07-17 10:05:29,2026-07-17 09:50,3479.0,3438.0,1.19,6707500,3505.0,3422.0,4776.0,3043.0
2026-07-17 10:10:42,2026-07-17 09:55,3489.0,3438.0,1.48,6955900,3505.0,3422.0,4776.0,3043.0
2026-07-17 10:15:33,2026-07-17 10:00,3481.0,3438.0,1.25,7206000,3505.0,3422.0,4776.0,3043.0
2026-07-17 10:20:40,2026-07-17 10:05,3486.0,3438.0,1.4,7346200,3505.0,3422.0,4776.0,3043.0
2026-07-17 10:25:49,2026-07-17 10:10,3493.0,3438.0,1.6,7556400,3505.0,3422.0,4776.0,3043.0
2026-07-17 10:30:32,2026-07-17 10:15,3484.0,3438.0,1.34,7682200,3505.0,3422.0,4776.0,3043.0
2026-07-17 10:35:36,2026-07-17 10:20,3491.0,3438.0,1.54,7797200,3505.0,3422.0,4776.0,3043.0
2026-07-17 10:40:49,2026-07-17 10:25,3484.0,3438.0,1.34,7909000,3505.0,3422.0,4776.0,3043.0
2026-07-17 10:45:46,2026-07-17 10:30,3488.0,3438.0,1.45,8018500,3505.0,3422.0,4776.0,3043.0
2026-07-17 10:50:44,2026-07-17 10:35,3487.0,3438.0,1.43,8165600,3505.0,3422.0,4776.0,3043.0
2026-07-17 10:55:35,2026-07-17 10:40,3477.0,3438.0,1.13,8281000,3505.0,3422.0,4776.0,3043.0
2026-07-17 11:00:43,2026-07-17 10:45,3477.0,3438.0,1.13,8433600,3505.0,3422.0,4776.0,3043.0
2026-07-17 11:05:42,2026-07-17 10:50,3479.0,3438.0,1.19,8630600,3505.0,3422.0,4776.0,3043.0
2026-07-17 11:10:42,2026-07-17 10:55,3476.0,3438.0,1.11,8693500,3505.0,3422.0,4776.0,3043.0
2026-07-17 11:15:33,2026-07-17 11:00,3484.0,3438.0,1.34,8834500,3505.0,3422.0,4776.0,3043.0
2026-07-17 11:20:35,2026-07-17 11:05,3491.0,3438.0,1.54,9098300,3505.0,3422.0,4776.0,3043.0
2026-07-17 11:25:41,2026-07-17 11:10,3487.0,3438.0,1.43,9239600,3505.0,3422.0,4776.0,3043.0
2026-07-17 11:30:30,2026-07-17 11:15,3486.0,3438.0,1.4,9444100,3505.0,3422.0,4776.0,3043.0
2026-07-17 12:30:38,2026-07-17 11:30,3481.0,3438.0,1.25,9899600,3505.0,3422.0,4776.0,3043.0
2026-07-17 12:35:30,2026-07-17 11:30,3481.0,3438.0,1.25,9899600,3505.0,3422.0,4776.0,3043.0
2026-07-17 12:40:36,2026-07-17 11:30,3481.0,3438.0,1.25,9899600,3505.0,3422.0,4776.0,3043.0
2026-07-17 12:45:40,2026-07-17 12:30,3498.0,3438.0,1.75,10684500,3505.0,3422.0,4776.0,3043.0
2026-07-17 12:50:50,2026-07-17 12:35,3505.0,3438.0,1.95,11150800,3506.0,3422.0,4776.0,3043.0
2026-07-17 12:55:32,2026-07-17 12:40,3507.0,3438.0,2.01,11482900,3510.0,3422.0,4776.0,3043.0
2026-07-17 13:00:37,2026-07-17 12:45,3503.0,3438.0,1.89,11898900,3510.0,3422.0,4776.0,3043.0
2026-07-17 13:05:35,2026-07-17 12:50,3501.0,3438.0,1.83,12088000,3510.0,3422.0,4776.0,3043.0
2026-07-17 13:10:47,2026-07-17 12:55,3494.0,3438.0,1.63,12419500,3510.0,3422.0,4776.0,3043.0
2026-07-17 13:15:38,2026-07-17 13:00,3494.0,3438.0,1.63,12562600,3510.0,3422.0,4776.0,3043.0
2026-07-17 13:20:31,2026-07-17 13:05,3490.0,3438.0,1.51,12740800,3510.0,3422.0,4776.0,3043.0
2026-07-17 13:25:30,2026-07-17 13:10,3495.0,3438.0,1.66,12954100,3510.0,3422.0,4776.0,3043.0
2026-07-17 13:30:32,2026-07-17 13:15,3492.0,3438.0,1.57,13133900,3510.0,3422.0,4776.0,3043.0
2026-07-17 13:35:32,2026-07-17 13:20,3494.0,3438.0,1.63,13304700,3510.0,3422.0,4776.0,3043.0
2026-07-17 13:40:41,2026-07-17 13:25,3474.0,3438.0,1.05,13707000,3510.0,3422.0,4776.0,3043.0
2026-07-17 13:45:30,2026-07-17 13:30,3471.0,3438.0,0.96,13951900,3510.0,3422.0,4776.0,3043.0
2026-07-17 13:50:31,2026-07-17 13:35,3461.0,3438.0,0.67,14190200,3510.0,3422.0,4776.0,3043.0
2026-07-17 13:55:34,2026-07-17 13:40,3457.0,3438.0,0.55,14415500,3510.0,3422.0,4776.0,3043.0
2026-07-17 14:00:42,2026-07-17 13:45,3461.0,3438.0,0.67,14832900,3510.0,3422.0,4776.0,3043.0
2026-07-17 14:05:36,2026-07-17 13:50,3462.0,3438.0,0.7,14975900,3510.0,3422.0,4776.0,3043.0
2026-07-17 14:10:31,2026-07-17 13:55,3458.0,3438.0,0.58,15051600,3510.0,3422.0,4776.0,3043.0
2026-07-17 14:15:34,2026-07-17 14:00,3452.0,3438.0,0.41,15152600,3510.0,3422.0,4776.0,3043.0
2026-07-17 14:20:38,2026-07-17 14:05,3448.0,3438.0,0.29,15251300,3510.0,3422.0,4776.0,3043.0
2026-07-17 14:25:47,2026-07-17 14:10,3448.0,3438.0,0.29,15441600,3510.0,3422.0,4776.0,3043.0
2026-07-17 14:30:33,2026-07-17 14:15,3453.0,3438.0,0.44,15558400,3510.0,3422.0,4776.0,3043.0
2026-07-17 14:35:52,2026-07-17 14:20,3451.0,3438.0,0.38,15659000,3510.0,3422.0,4776.0,3043.0
2026-07-17 14:40:30,2026-07-17 14:25,3448.0,3438.0,0.29,15763100,3510.0,3422.0,4776.0,3043.0
2026-07-17 14:45:35,2026-07-17 14:30,3455.0,3438.0,0.49,15867600,3510.0,3422.0,4776.0,3043.0
2026-07-17 14:50:29,2026-07-17 14:35,3454.0,3438.0,0.47,15964200,3510.0,3422.0,4776.0,3043.0
2026-07-17 14:55:40,2026-07-17 14:40,3458.0,3438.0,0.58,16115600,3510.0,3422.0,4776.0,3043.0
2026-07-17 15:00:29,2026-07-17 14:45,3456.0,3438.0,0.52,16257100,3510.0,3422.0,4776.0,3043.0
2026-07-17 15:05:57,2026-07-17 14:50,3459.0,3438.0,0.61,16460800,3510.0,3422.0,4776.0,3043.0
2026-07-17 15:10:32,2026-07-17 14:55,3456.0,3438.0,0.52,16641200,3510.0,3422.0,4776.0,3043.0
2026-07-17 15:15:37,2026-07-17 15:00,3458.0,3438.0,0.58,16766800,3510.0,3422.0,4776.0,3043.0
2026-07-17 15:20:38,2026-07-17 15:05,3467.0,3438.0,0.84,16949700,3510.0,3422.0,4776.0,3043.0
2026-07-17 15:25:47,2026-07-17 15:10,3474.0,3438.0,1.05,17191300,3510.0,3422.0,4776.0,3043.0
2026-07-17 15:30:36,2026-07-17 15:15,3479.0,3438.0,1.19,17433900,3510.0,3422.0,4776.0,3043.0
2026-07-17 15:40:43,2026-07-17 15:24,3472.0,3438.0,0.99,18087600,3510.0,3422.0,4776.0,3043.0
2026-07-21 09:05:31,2026-07-17 15:30,3470.0,3438.0,0.93,22560200,3510.0,3422.0,4776.0,3043.0
2026-07-21 09:10:32,2026-07-17 15:30,3470.0,3438.0,0.93,22560200,3510.0,3422.0,4776.0,3043.0
2026-07-21 09:15:30,2026-07-21 09:00,3468.0,3438.0,0.87,24088400,3470.0,3444.0,4776.0,3043.0
2026-07-21 09:20:39,2026-07-21 09:05,3464.0,3470.0,-0.17,2145900,3484.0,3444.0,4776.0,3043.0
2026-07-21 09:25:44,2026-07-21 09:10,3459.0,3470.0,-0.32,2464200,3484.0,3442.0,4776.0,3043.0
2026-07-21 09:30:40,2026-07-21 09:15,3481.0,3470.0,0.32,2771200,3487.0,3442.0,4776.0,3043.0
2026-07-21 09:35:44,2026-07-21 09:20,3483.0,3470.0,0.37,3096900,3490.0,3442.0,4776.0,3043.0
2026-07-21 09:40:35,2026-07-21 09:25,3478.0,3470.0,0.23,3316500,3490.0,3442.0,4776.0,3043.0
2026-07-21 09:45:35,2026-07-21 09:30,3488.0,3470.0,0.52,3457400,3490.0,3442.0,4776.0,3043.0
2026-07-21 09:50:31,2026-07-21 09:35,3479.0,3470.0,0.26,3634300,3494.0,3442.0,4776.0,3043.0
2026-07-21 09:55:37,2026-07-21 09:40,3482.0,3470.0,0.35,3787800,3494.0,3442.0,4776.0,3043.0
2026-07-21 10:00:30,2026-07-21 09:45,3492.0,3470.0,0.63,3959900,3495.0,3442.0,4776.0,3043.0
2026-07-21 10:05:52,2026-07-21 09:50,3492.0,3470.0,0.63,4077500,3496.0,3442.0,4776.0,3043.0
2026-07-21 10:10:30,2026-07-21 09:55,3486.0,3470.0,0.46,4185300,3496.0,3442.0,4776.0,3043.0
2026-07-21 10:15:32,2026-07-21 10:00,3492.0,3470.0,0.63,4276900,3496.0,3442.0,4776.0,3043.0
2026-07-21 10:20:35,2026-07-21 10:05,3486.0,3470.0,0.46,4392700,3496.0,3442.0,4776.0,3043.0
2026-07-21 10:25:30,2026-07-21 10:10,3508.0,3470.0,1.1,4622300,3509.0,3442.0,4776.0,3043.0
2026-07-21 10:30:34,2026-07-21 10:15,3513.0,3470.0,1.24,4834800,3514.0,3442.0,4776.0,3043.0
2026-07-21 10:35:33,2026-07-21 10:20,3499.0,3470.0,0.84,5046200,3515.0,3442.0,4776.0,3043.0
2026-07-21 10:40:29,2026-07-21 10:25,3503.0,3470.0,0.95,5151300,3515.0,3442.0,4776.0,3043.0
2026-07-21 10:45:40,2026-07-21 10:30,3503.0,3470.0,0.95,5242800,3515.0,3442.0,4776.0,3043.0
2026-07-21 10:50:49,2026-07-21 10:35,3505.0,3470.0,1.01,5313100,3515.0,3442.0,4776.0,3043.0
2026-07-21 10:55:45,2026-07-21 10:40,3505.0,3470.0,1.01,5398300,3515.0,3442.0,4776.0,3043.0
2026-07-21 11:00:31,2026-07-21 10:45,3507.0,3470.0,1.07,5482800,3515.0,3442.0,4776.0,3043.0
2026-07-21 11:05:37,2026-07-21 10:50,3512.0,3470.0,1.21,5580000,3515.0,3442.0,4776.0,3043.0
2026-07-21 11:10:38,2026-07-21 10:55,3512.0,3470.0,1.21,5650500,3515.0,3442.0,4776.0,3043.0
2026-07-21 11:15:31,2026-07-21 11:00,3516.0,3470.0,1.33,5744300,3517.0,3442.0,4776.0,3043.0
2026-07-21 11:20:33,2026-07-21 11:05,3518.0,3470.0,1.38,5857300,3518.0,3442.0,4776.0,3043.0
2026-07-21 11:25:36,2026-07-21 11:10,3520.0,3470.0,1.44,6017100,3522.0,3442.0,4776.0,3043.0
2026-07-21 11:30:40,2026-07-21 11:15,3517.0,3470.0,1.35,6106800,3522.0,3442.0,4776.0,3043.0
2026-07-21 12:30:34,2026-07-21 11:30,3515.0,3470.0,1.3,6380300,3522.0,3442.0,4776.0,3043.0
2026-07-21 12:35:30,2026-07-21 11:30,3515.0,3470.0,1.3,6380300,3522.0,3442.0,4776.0,3043.0
2026-07-21 12:40:29,2026-07-21 11:30,3515.0,3470.0,1.3,6380300,3522.0,3442.0,4776.0,3043.0
2026-07-21 12:45:55,2026-07-21 12:30,3497.0,3470.0,0.78,6649100,3522.0,3442.0,4776.0,3043.0
2026-07-21 12:50:34,2026-07-21 12:35,3485.0,3470.0,0.43,6824800,3522.0,3442.0,4776.0,3043.0
2026-07-21 12:55:36,2026-07-21 12:40,3488.0,3470.0,0.52,6934500,3522.0,3442.0,4776.0,3043.0
2026-07-21 13:00:31,2026-07-21 12:45,3487.0,3470.0,0.49,7033000,3522.0,3442.0,4776.0,3043.0
2026-07-21 13:05:32,2026-07-21 12:50,3479.0,3470.0,0.26,7261600,3522.0,3442.0,4776.0,3043.0
2026-07-21 13:10:38,2026-07-21 12:55,3475.0,3470.0,0.14,7341400,3522.0,3442.0,4776.0,3043.0
2026-07-21 13:15:39,2026-07-21 13:00,3467.0,3470.0,-0.09,7485000,3522.0,3442.0,4776.0,3043.0
2026-07-21 13:20:50,2026-07-21 13:05,3452.0,3470.0,-0.52,7682000,3522.0,3442.0,4776.0,3043.0
2026-07-21 13:25:31,2026-07-21 13:10,3462.0,3470.0,-0.23,7807400,3522.0,3442.0,4776.0,3043.0
2026-07-21 13:30:44,2026-07-21 13:15,3464.0,3470.0,-0.17,7941300,3522.0,3442.0,4776.0,3043.0
2026-07-21 13:35:35,2026-07-21 13:20,3459.0,3470.0,-0.32,8032800,3522.0,3442.0,4776.0,3043.0
2026-07-21 13:40:42,2026-07-21 13:25,3459.0,3470.0,-0.32,8089900,3522.0,3442.0,4776.0,3043.0
2026-07-21 13:45:38,2026-07-21 13:30,3463.0,3470.0,-0.2,8260000,3522.0,3442.0,4776.0,3043.0
2026-07-21 13:50:31,2026-07-21 13:35,3463.0,3470.0,-0.2,8333000,3522.0,3442.0,4776.0,3043.0
2026-07-21 13:55:37,2026-07-21 13:40,3466.0,3470.0,-0.12,8420500,3522.0,3442.0,4776.0,3043.0
2026-07-21 14:00:48,2026-07-21 13:45,3458.0,3470.0,-0.35,8520000,3522.0,3442.0,4776.0,3043.0
2026-07-21 14:05:37,2026-07-21 13:50,3456.0,3470.0,-0.4,8587900,3522.0,3442.0,4776.0,3043.0
2026-07-21 14:10:37,2026-07-21 13:55,3457.0,3470.0,-0.37,8645300,3522.0,3442.0,4776.0,3043.0
2026-07-21 14:15:39,2026-07-21 14:00,3459.0,3470.0,-0.32,8700200,3522.0,3442.0,4776.0,3043.0
2026-07-21 14:20:39,2026-07-21 14:05,3458.0,3470.0,-0.35,8746800,3522.0,3442.0,4776.0,3043.0
2026-07-21 14:25:34,2026-07-21 14:10,3451.0,3470.0,-0.55,8812400,3522.0,3442.0,4776.0,3043.0
2026-07-21 14:30:41,2026-07-21 14:15,3450.0,3470.0,-0.58,8894100,3522.0,3442.0,4776.0,3043.0
2026-07-21 14:35:39,2026-07-21 14:20,3451.0,3470.0,-0.55,8947700,3522.0,3442.0,4776.0,3043.0
2026-07-21 14:40:30,2026-07-21 14:25,3446.0,3470.0,-0.69,9028300,3522.0,3442.0,4776.0,3043.0
2026-07-21 14:45:37,2026-07-21 14:30,3450.0,3470.0,-0.58,9091300,3522.0,3442.0,4776.0,3043.0
2026-07-21 14:50:44,2026-07-21 14:35,3454.0,3470.0,-0.46,9163300,3522.0,3442.0,4776.0,3043.0
2026-07-21 14:55:36,2026-07-21 14:40,3454.0,3470.0,-0.46,9222600,3522.0,3442.0,4776.0,3043.0
2026-07-21 15:00:39,2026-07-21 14:45,3455.0,3470.0,-0.43,9284800,3522.0,3442.0,4776.0,3043.0
2026-07-21 15:05:41,2026-07-21 14:50,3453.0,3470.0,-0.49,9396900,3522.0,3442.0,4776.0,3043.0
2026-07-21 15:10:46,2026-07-21 14:55,3456.0,3470.0,-0.4,9481500,3522.0,3442.0,4776.0,3043.0
2026-07-21 15:15:41,2026-07-21 15:00,3458.0,3470.0,-0.35,9569700,3522.0,3442.0,4776.0,3043.0
2026-07-21 15:20:33,2026-07-21 15:05,3454.0,3470.0,-0.46,9703000,3522.0,3442.0,4776.0,3043.0
2026-07-21 15:25:34,2026-07-21 15:10,3450.0,3470.0,-0.58,9866600,3522.0,3442.0,4776.0,3043.0
2026-07-21 15:30:30,2026-07-21 15:15,3452.0,3470.0,-0.52,10023700,3522.0,3442.0,4776.0,3043.0
2026-07-21 15:40:33,2026-07-21 15:24,3452.0,3470.0,-0.52,10415600,3522.0,3442.0,4776.0,3043.0
2026-07-22 09:05:31,2026-07-21 15:30,3458.0,3470.0,-0.35,15484100,3522.0,3442.0,4776.0,3043.0
2026-07-22 09:10:44,2026-07-21 15:30,3458.0,3470.0,-0.35,15484100,3522.0,3442.0,4776.0,3043.0
2026-07-22 09:15:29,2026-07-22 09:00,3458.0,3470.0,-0.35,16988800,3426.0,3400.0,4776.0,3043.0
2026-07-22 09:20:29,2026-07-22 09:05,3424.0,3458.0,-0.98,1907200,3431.0,3400.0,4776.0,3043.0
2026-07-22 09:25:33,2026-07-22 09:10,3427.0,3458.0,-0.9,2287800,3441.0,3400.0,4776.0,3043.0
2026-07-22 09:30:36,2026-07-22 09:15,3421.0,3458.0,-1.07,2553200,3441.0,3400.0,4776.0,3043.0
2026-07-22 09:35:42,2026-07-22 09:20,3420.0,3458.0,-1.1,2827500,3441.0,3400.0,4776.0,3043.0
2026-07-22 09:40:41,2026-07-22 09:25,3411.0,3458.0,-1.36,3070200,3441.0,3400.0,4776.0,3043.0
2026-07-22 09:45:39,2026-07-22 09:30,3428.0,3458.0,-0.87,3282000,3441.0,3400.0,4776.0,3043.0
2026-07-22 09:50:41,2026-07-22 09:35,3429.0,3458.0,-0.84,3440300,3441.0,3400.0,4776.0,3043.0
2026-07-22 09:55:29,2026-07-22 09:40,3441.0,3458.0,-0.49,3602600,3444.0,3400.0,4776.0,3043.0
2026-07-22 10:00:30,2026-07-22 09:45,3435.0,3458.0,-0.67,3720100,3444.0,3400.0,4776.0,3043.0
2026-07-22 10:05:29,2026-07-22 09:50,3433.0,3458.0,-0.72,3793500,3444.0,3400.0,4776.0,3043.0
2026-07-22 10:10:30,2026-07-22 09:55,3426.0,3458.0,-0.93,3890000,3444.0,3400.0,4776.0,3043.0
2026-07-22 10:15:32,2026-07-22 10:00,3433.0,3458.0,-0.72,3961700,3444.0,3400.0,4776.0,3043.0
2026-07-22 10:20:44,2026-07-22 10:05,3429.0,3458.0,-0.84,4056500,3444.0,3400.0,4776.0,3043.0
2026-07-22 10:25:51,2026-07-22 10:10,3428.0,3458.0,-0.87,4112500,3444.0,3400.0,4776.0,3043.0
2026-07-22 10:30:38,2026-07-22 10:15,3422.0,3458.0,-1.04,4234500,3444.0,3400.0,4776.0,3043.0
2026-07-22 10:35:30,2026-07-22 10:20,3422.0,3458.0,-1.04,4327400,3444.0,3400.0,4776.0,3043.0
2026-07-22 10:40:34,2026-07-22 10:25,3426.0,3458.0,-0.93,4400000,3444.0,3400.0,4776.0,3043.0
2026-07-22 10:45:44,2026-07-22 10:30,3424.0,3458.0,-0.98,4455500,3444.0,3400.0,4776.0,3043.0
2026-07-22 10:50:32,2026-07-22 10:35,3430.0,3458.0,-0.81,4576500,3444.0,3400.0,4776.0,3043.0
2026-07-22 10:55:41,2026-07-22 10:40,3432.0,3458.0,-0.75,4656200,3444.0,3400.0,4776.0,3043.0
2026-07-22 11:00:39,2026-07-22 10:45,3428.0,3458.0,-0.87,4734800,3444.0,3400.0,4776.0,3043.0
2026-07-22 11:05:46,2026-07-22 10:50,3423.0,3458.0,-1.01,4790300,3444.0,3400.0,4776.0,3043.0
2026-07-22 11:10:33,2026-07-22 10:55,3421.0,3458.0,-1.07,4864500,3444.0,3400.0,4776.0,3043.0
2026-07-22 11:15:38,2026-07-22 11:00,3421.0,3458.0,-1.07,4959800,3444.0,3400.0,4776.0,3043.0
2026-07-22 11:20:32,2026-07-22 11:05,3440.0,3458.0,-0.52,5208000,3444.0,3400.0,4776.0,3043.0
2026-07-22 11:25:35,2026-07-22 11:10,3442.0,3458.0,-0.46,5440900,3454.0,3400.0,4776.0,3043.0
2026-07-22 11:30:30,2026-07-22 11:15,3439.0,3458.0,-0.55,5536300,3454.0,3400.0,4776.0,3043.0
2026-07-22 12:30:38,2026-07-22 11:30,3430.0,3458.0,-0.81,5798400,3454.0,3400.0,4776.0,3043.0
2026-07-22 12:35:42,2026-07-22 11:30,3430.0,3458.0,-0.81,5798400,3454.0,3400.0,4776.0,3043.0
2026-07-22 12:40:39,2026-07-22 11:30,3430.0,3458.0,-0.81,5798400,3454.0,3400.0,4776.0,3043.0
2026-07-22 12:45:35,2026-07-22 12:30,3433.0,3458.0,-0.72,6024200,3454.0,3400.0,4776.0,3043.0
2026-07-22 12:50:32,2026-07-22 12:35,3442.0,3458.0,-0.46,6197000,3454.0,3400.0,4776.0,3043.0
2026-07-22 12:55:37,2026-07-22 12:40,3442.0,3458.0,-0.46,6319700,3454.0,3400.0,4776.0,3043.0
2026-07-22 13:00:48,2026-07-22 12:45,3442.0,3458.0,-0.46,6396400,3454.0,3400.0,4776.0,3043.0
2026-07-22 13:05:31,2026-07-22 12:50,3442.0,3458.0,-0.46,6471000,3454.0,3400.0,4776.0,3043.0
2026-07-22 13:10:34,2026-07-22 12:55,3444.0,3458.0,-0.4,6598800,3454.0,3400.0,4776.0,3043.0
2026-07-22 13:15:35,2026-07-22 13:00,3445.0,3458.0,-0.38,6679400,3454.0,3400.0,4776.0,3043.0
2026-07-22 13:20:34,2026-07-22 13:05,3449.0,3458.0,-0.26,6759400,3454.0,3400.0,4776.0,3043.0
2026-07-22 13:26:00,2026-07-22 13:10,3441.0,3458.0,-0.49,6825500,3454.0,3400.0,4776.0,3043.0
2026-07-22 13:30:45,2026-07-22 13:15,3441.0,3458.0,-0.49,6891400,3454.0,3400.0,4776.0,3043.0
2026-07-22 13:35:39,2026-07-22 13:20,3444.0,3458.0,-0.4,6947300,3454.0,3400.0,4776.0,3043.0
2026-07-22 13:40:38,2026-07-22 13:25,3443.0,3458.0,-0.43,6994200,3454.0,3400.0,4776.0,3043.0
2026-07-22 13:45:43,2026-07-22 13:30,3449.0,3458.0,-0.26,7066900,3454.0,3400.0,4776.0,3043.0
2026-07-22 13:50:40,2026-07-22 13:35,3447.0,3458.0,-0.32,7112600,3454.0,3400.0,4776.0,3043.0
2026-07-22 13:55:37,2026-07-22 13:40,3447.0,3458.0,-0.32,7164400,3454.0,3400.0,4776.0,3043.0
2026-07-22 14:00:40,2026-07-22 13:45,3449.0,3458.0,-0.26,7207700,3454.0,3400.0,4776.0,3043.0
2026-07-22 14:05:45,2026-07-22 13:50,3451.0,3458.0,-0.2,7312700,3454.0,3400.0,4776.0,3043.0
2026-07-22 14:10:35,2026-07-22 13:55,3452.0,3458.0,-0.17,7388700,3454.0,3400.0,4776.0,3043.0
2026-07-22 14:15:54,2026-07-22 14:00,3456.0,3458.0,-0.06,7506300,3456.0,3400.0,4776.0,3043.0
2026-07-22 14:20:40,2026-07-22 14:05,3455.0,3458.0,-0.09,7590700,3458.0,3400.0,4776.0,3043.0
2026-07-22 14:25:37,2026-07-22 14:10,3458.0,3458.0,0.0,7731600,3459.0,3400.0,4776.0,3043.0
2026-07-22 14:30:38,2026-07-22 14:15,3463.0,3458.0,0.14,7920100,3465.0,3400.0,4776.0,3043.0
2026-07-22 14:35:36,2026-07-22 14:20,3465.0,3458.0,0.2,8050000,3466.0,3400.0,4776.0,3043.0
2026-07-22 14:40:34,2026-07-22 14:25,3462.0,3458.0,0.12,8189500,3467.0,3400.0,4776.0,3043.0
2026-07-22 14:45:42,2026-07-22 14:30,3463.0,3458.0,0.14,8321800,3467.0,3400.0,4776.0,3043.0
2026-07-22 14:50:59,2026-07-22 14:35,3463.0,3458.0,0.14,8459400,3467.0,3400.0,4776.0,3043.0
2026-07-22 14:55:36,2026-07-22 14:40,3464.0,3458.0,0.17,8557400,3467.0,3400.0,4776.0,3043.0
2026-07-22 15:00:36,2026-07-22 14:42,3465.0,3458.0,0.2,8590700,3467.0,3400.0,4776.0,3043.0
2026-07-22 15:05:42,2026-07-22 14:50,3464.0,3458.0,0.17,8763500,3467.0,3400.0,4776.0,3043.0
2026-07-22 15:10:41,2026-07-22 14:55,3461.0,3458.0,0.09,8866300,3467.0,3400.0,4776.0,3043.0
2026-07-22 15:15:53,2026-07-22 15:00,3459.0,3458.0,0.03,8992600,3467.0,3400.0,4776.0,3043.0
2026-07-22 15:20:34,2026-07-22 15:05,3457.0,3458.0,-0.03,9127200,3467.0,3400.0,4776.0,3043.0
2026-07-22 15:25:45,2026-07-22 15:10,3459.0,3458.0,0.03,9257000,3467.0,3400.0,4776.0,3043.0
2026-07-22 15:30:55,2026-07-22 15:15,3457.0,3458.0,-0.03,9400100,3467.0,3400.0,4776.0,3043.0
2026-07-22 15:40:46,2026-07-22 15:24,3453.0,3458.0,-0.14,9847700,3467.0,3400.0,4776.0,3043.0
2026-07-23 09:05:34,2026-07-22 15:30,3444.0,3458.0,-0.4,14994100,3467.0,3400.0,4776.0,3043.0
2026-07-23 09:10:32,2026-07-22 15:30,3444.0,3458.0,-0.4,14994100,3467.0,3400.0,4776.0,3043.0
2026-07-23 09:15:32,2026-07-22 15:30,3444.0,3458.0,-0.4,14994100,3467.0,3400.0,4776.0,3043.0
2026-07-23 09:20:34,2026-07-23 09:05,3437.0,3444.0,-0.2,1452900,3452.0,3421.0,4776.0,3043.0
2026-07-23 09:25:37,2026-07-23 09:10,3429.0,3444.0,-0.44,1869500,3452.0,3421.0,4776.0,3043.0
2026-07-23 09:30:36,2026-07-23 09:15,3424.0,3444.0,-0.58,2071100,3452.0,3416.0,4776.0,3043.0
2026-07-23 09:35:32,2026-07-23 09:20,3419.0,3444.0,-0.73,2287800,3452.0,3416.0,4776.0,3043.0
2026-07-23 09:40:35,2026-07-23 09:25,3423.0,3444.0,-0.61,2408700,3452.0,3416.0,4776.0,3043.0
2026-07-23 09:45:32,2026-07-23 09:30,3419.0,3444.0,-0.73,2510100,3452.0,3416.0,4776.0,3043.0
2026-07-23 09:50:33,2026-07-23 09:35,3418.0,3444.0,-0.75,2622900,3452.0,3413.0,4776.0,3043.0
2026-07-23 09:55:29,2026-07-23 09:40,3414.0,3444.0,-0.87,2752400,3452.0,3413.0,4776.0,3043.0
2026-07-23 10:00:35,2026-07-23 09:45,3421.0,3444.0,-0.67,2853400,3452.0,3413.0,4776.0,3043.0
2026-07-23 10:06:04,2026-07-23 09:51,3419.0,3444.0,-0.73,2936500,3452.0,3413.0,4776.0,3043.0
2026-07-23 10:10:39,2026-07-23 09:55,3421.0,3444.0,-0.67,2985200,3452.0,3413.0,4776.0,3043.0
2026-07-23 10:15:30,2026-07-23 10:00,3433.0,3444.0,-0.32,3063600,3452.0,3413.0,4776.0,3043.0
2026-07-23 10:20:30,2026-07-23 10:05,3430.0,3444.0,-0.41,3149400,3452.0,3413.0,4776.0,3043.0
2026-07-23 10:25:33,2026-07-23 10:10,3432.0,3444.0,-0.35,3256600,3452.0,3413.0,4776.0,3043.0
2026-07-23 10:30:41,2026-07-23 10:15,3431.0,3444.0,-0.38,3354000,3452.0,3413.0,4776.0,3043.0
2026-07-23 10:35:39,2026-07-23 10:20,3429.0,3444.0,-0.44,3403200,3452.0,3413.0,4776.0,3043.0
2026-07-23 10:40:33,2026-07-23 10:25,3430.0,3444.0,-0.41,3440600,3452.0,3413.0,4776.0,3043.0
2026-07-23 10:45:55,2026-07-23 10:30,3433.0,3444.0,-0.32,3506000,3452.0,3413.0,4776.0,3043.0
2026-07-23 10:50:36,2026-07-23 10:35,3433.0,3444.0,-0.32,3559900,3452.0,3413.0,4776.0,3043.0
2026-07-23 10:55:39,2026-07-23 10:40,3431.0,3444.0,-0.38,3609600,3452.0,3413.0,4776.0,3043.0
2026-07-23 11:00:37,2026-07-23 10:45,3426.0,3444.0,-0.52,3685700,3452.0,3413.0,4776.0,3043.0
2026-07-23 11:05:39,2026-07-23 10:50,3428.0,3444.0,-0.46,3761500,3452.0,3413.0,4776.0,3043.0
2026-07-23 11:10:36,2026-07-23 10:55,3430.0,3444.0,-0.41,3804900,3452.0,3413.0,4776.0,3043.0
2026-07-23 11:15:36,2026-07-23 11:00,3427.0,3444.0,-0.49,3863200,3452.0,3413.0,4776.0,3043.0
2026-07-23 11:20:30,2026-07-23 11:05,3429.0,3444.0,-0.44,3907600,3452.0,3413.0,4776.0,3043.0
2026-07-23 11:25:28,2026-07-23 11:10,3429.0,3444.0,-0.44,3972900,3452.0,3413.0,4776.0,3043.0
2026-07-23 11:30:32,2026-07-23 11:15,3429.0,3444.0,-0.44,4006600,3452.0,3413.0,4776.0,3043.0
2026-07-23 12:30:32,2026-07-23 11:30,3422.0,3444.0,-0.64,4263300,3452.0,3413.0,4776.0,3043.0
2026-07-23 12:35:44,2026-07-23 11:30,3422.0,3444.0,-0.64,4263300,3452.0,3413.0,4776.0,3043.0
2026-07-23 12:40:31,2026-07-23 11:30,3422.0,3444.0,-0.64,4263300,3452.0,3413.0,4776.0,3043.0
2026-07-23 12:45:41,2026-07-23 12:30,3425.0,3444.0,-0.55,4471300,3452.0,3413.0,4776.0,3043.0
2026-07-23 12:50:35,2026-07-23 12:35,3421.0,3444.0,-0.67,4584700,3452.0,3413.0,4776.0,3043.0
2026-07-23 12:55:43,2026-07-23 12:40,3422.0,3444.0,-0.64,4674100,3452.0,3413.0,4776.0,3043.0
2026-07-23 13:00:36,2026-07-23 12:45,3428.0,3444.0,-0.46,4735200,3452.0,3413.0,4776.0,3043.0
2026-07-23 13:05:31,2026-07-23 12:50,3423.0,3444.0,-0.61,4819000,3452.0,3413.0,4776.0,3043.0
2026-07-23 13:10:31,2026-07-23 12:55,3419.0,3444.0,-0.73,4897000,3452.0,3413.0,4776.0,3043.0
2026-07-23 13:15:38,2026-07-23 13:00,3421.0,3444.0,-0.67,4951700,3452.0,3413.0,4776.0,3043.0
2026-07-23 13:20:39,2026-07-23 13:05,3421.0,3444.0,-0.67,5012600,3452.0,3413.0,4776.0,3043.0
2026-07-23 13:25:41,2026-07-23 13:10,3420.0,3444.0,-0.7,5095700,3452.0,3413.0,4776.0,3043.0
2026-07-23 13:30:36,2026-07-23 13:15,3427.0,3444.0,-0.49,5196200,3452.0,3413.0,4776.0,3043.0
2026-07-23 13:35:35,2026-07-23 13:20,3427.0,3444.0,-0.49,5244800,3452.0,3413.0,4776.0,3043.0
2026-07-23 13:40:33,2026-07-23 13:25,3430.0,3444.0,-0.41,5286500,3452.0,3413.0,4776.0,3043.0
2026-07-23 13:45:41,2026-07-23 13:30,3433.0,3444.0,-0.32,5365400,3452.0,3413.0,4776.0,3043.0
2026-07-23 13:50:41,2026-07-23 13:35,3431.0,3444.0,-0.38,5425900,3452.0,3413.0,4776.0,3043.0
2026-07-23 13:55:35,2026-07-23 13:40,3431.0,3444.0,-0.38,5471000,3452.0,3413.0,4776.0,3043.0
2026-07-23 14:00:36,2026-07-23 13:45,3428.0,3444.0,-0.46,5537400,3452.0,3413.0,4776.0,3043.0
2026-07-23 14:05:48,2026-07-23 13:50,3429.0,3444.0,-0.44,5573500,3452.0,3413.0,4776.0,3043.0
2026-07-23 14:10:32,2026-07-23 13:55,3426.0,3444.0,-0.52,5616600,3452.0,3413.0,4776.0,3043.0
2026-07-23 14:15:49,2026-07-23 14:00,3428.0,3444.0,-0.46,5655300,3452.0,3413.0,4776.0,3043.0
2026-07-23 14:20:30,2026-07-23 14:05,3433.0,3444.0,-0.32,5714200,3452.0,3413.0,4776.0,3043.0
2026-07-23 14:25:39,2026-07-23 14:10,3431.0,3444.0,-0.38,5795500,3452.0,3413.0,4776.0,3043.0
2026-07-23 14:30:31,2026-07-23 14:15,3431.0,3444.0,-0.38,5843000,3452.0,3413.0,4776.0,3043.0
2026-07-23 14:35:35,2026-07-23 14:20,3432.0,3444.0,-0.35,5931000,3452.0,3413.0,4776.0,3043.0
2026-07-23 14:40:50,2026-07-23 14:25,3436.0,3444.0,-0.23,5986500,3452.0,3413.0,4776.0,3043.0
2026-07-23 14:45:29,2026-07-23 14:30,3435.0,3444.0,-0.26,6058600,3452.0,3413.0,4776.0,3043.0
2026-07-23 14:50:37,2026-07-23 14:35,3435.0,3444.0,-0.26,6136000,3452.0,3413.0,4776.0,3043.0
2026-07-23 14:55:33,2026-07-23 14:40,3435.0,3444.0,-0.26,6196200,3452.0,3413.0,4776.0,3043.0
2026-07-23 15:00:53,2026-07-23 14:45,3435.0,3444.0,-0.26,6250600,3452.0,3413.0,4776.0,3043.0
2026-07-23 15:05:45,2026-07-23 14:50,3440.0,3444.0,-0.12,6365300,3452.0,3413.0,4776.0,3043.0
2026-07-23 15:10:32,2026-07-23 14:55,3440.0,3444.0,-0.12,6450800,3452.0,3413.0,4776.0,3043.0
2026-07-23 15:15:39,2026-07-23 15:00,3437.0,3444.0,-0.2,6531700,3452.0,3413.0,4776.0,3043.0
2026-07-23 15:20:40,2026-07-23 15:05,3440.0,3444.0,-0.12,6596200,3452.0,3413.0,4776.0,3043.0
2026-07-23 15:25:47,2026-07-23 15:10,3436.0,3444.0,-0.23,6746800,3452.0,3413.0,4776.0,3043.0
2026-07-23 15:30:48,2026-07-23 15:15,3437.0,3444.0,-0.2,6836600,3452.0,3413.0,4776.0,3043.0
2026-07-23 15:40:44,2026-07-23 15:24,3438.0,3444.0,-0.17,7150900,3452.0,3413.0,4776.0,3043.0
2026-07-24 09:05:39,2026-07-23 15:30,3445.0,3444.0,0.03,11688400,3452.0,3413.0,4776.0,3043.0
2026-07-24 09:10:32,2026-07-23 15:30,3445.0,3444.0,0.03,11688400,3452.0,3413.0,4776.0,3043.0
2026-07-24 09:15:35,2026-07-24 09:00,3445.0,3444.0,0.03,12758000,3410.0,3382.0,4776.0,3043.0
2026-07-24 09:20:30,2026-07-24 09:05,3376.0,3445.0,-2.0,1614300,3410.0,3361.0,4776.0,3043.0
2026-07-24 09:25:52,2026-07-24 09:10,3379.0,3445.0,-1.92,1947800,3410.0,3360.0,4776.0,3043.0
2026-07-24 09:30:37,2026-07-24 09:15,3384.0,3445.0,-1.77,2131900,3410.0,3360.0,4776.0,3043.0
2026-07-24 09:35:34,2026-07-24 09:20,3380.0,3445.0,-1.89,2347100,3410.0,3360.0,4776.0,3043.0
2026-07-24 09:40:35,2026-07-24 09:25,3378.0,3445.0,-1.94,2511700,3410.0,3360.0,4776.0,3043.0
2026-07-24 09:45:33,2026-07-24 09:30,3364.0,3445.0,-2.35,2671500,3410.0,3360.0,4776.0,3043.0
2026-07-24 09:50:41,2026-07-24 09:35,3369.0,3445.0,-2.21,2837300,3410.0,3360.0,4776.0,3043.0
2026-07-24 09:55:36,2026-07-24 09:40,3371.0,3445.0,-2.15,2907700,3410.0,3360.0,4776.0,3043.0
2026-07-24 10:00:43,2026-07-24 09:45,3378.0,3445.0,-1.94,3009800,3410.0,3360.0,4776.0,3043.0
2026-07-24 10:05:33,2026-07-24 09:50,3380.0,3445.0,-1.89,3127000,3410.0,3360.0,4776.0,3043.0
2026-07-24 10:10:30,2026-07-24 09:55,3381.0,3445.0,-1.86,3203600,3410.0,3360.0,4776.0,3043.0
2026-07-24 10:15:40,2026-07-24 10:00,3382.0,3445.0,-1.83,3270500,3410.0,3360.0,4776.0,3043.0
2026-07-24 10:20:31,2026-07-24 10:05,3380.0,3445.0,-1.89,3338400,3410.0,3360.0,4776.0,3043.0
2026-07-24 10:25:36,2026-07-24 10:10,3383.0,3445.0,-1.8,3416100,3410.0,3360.0,4776.0,3043.0
2026-07-24 10:30:37,2026-07-24 10:15,3383.0,3445.0,-1.8,3501800,3410.0,3360.0,4776.0,3043.0
2026-07-24 10:35:38,2026-07-24 10:20,3384.0,3445.0,-1.77,3587500,3410.0,3360.0,4776.0,3043.0
2026-07-24 10:40:44,2026-07-24 10:25,3379.0,3445.0,-1.92,3668700,3410.0,3360.0,4776.0,3043.0
2026-07-24 10:45:32,2026-07-24 10:30,3385.0,3445.0,-1.74,3751700,3410.0,3360.0,4776.0,3043.0
2026-07-24 10:50:40,2026-07-24 10:35,3389.0,3445.0,-1.63,3807600,3410.0,3360.0,4776.0,3043.0
2026-07-24 10:55:33,2026-07-24 10:40,3383.0,3445.0,-1.8,3862100,3410.0,3360.0,4776.0,3043.0
2026-07-24 11:00:36,2026-07-24 10:45,3387.0,3445.0,-1.68,3938100,3410.0,3360.0,4776.0,3043.0
2026-07-24 11:05:34,2026-07-24 10:50,3388.0,3445.0,-1.65,3976500,3410.0,3360.0,4776.0,3043.0
2026-07-24 11:10:49,2026-07-24 10:55,3393.0,3445.0,-1.51,4033300,3410.0,3360.0,4776.0,3043.0
2026-07-24 11:15:37,2026-07-24 11:00,3395.0,3445.0,-1.45,4152900,3410.0,3360.0,4776.0,3043.0
2026-07-24 11:20:42,2026-07-24 11:05,3400.0,3445.0,-1.31,4252100,3410.0,3360.0,4776.0,3043.0
2026-07-24 11:25:38,2026-07-24 11:10,3407.0,3445.0,-1.1,4382000,3410.0,3360.0,4776.0,3043.0
2026-07-24 11:30:30,2026-07-24 11:15,3409.0,3445.0,-1.04,4451100,3410.0,3360.0,4776.0,3043.0
2026-07-24 12:30:42,2026-07-24 11:30,3432.0,3445.0,-0.38,5032300,3433.0,3360.0,4776.0,3043.0
2026-07-24 12:35:36,2026-07-24 11:30,3432.0,3445.0,-0.38,5032300,3433.0,3360.0,4776.0,3043.0
2026-07-24 12:40:30,2026-07-24 11:30,3432.0,3445.0,-0.38,5032300,3433.0,3360.0,4776.0,3043.0
2026-07-24 12:45:32,2026-07-24 12:30,3418.0,3445.0,-0.78,5221300,3433.0,3360.0,4776.0,3043.0
2026-07-24 12:50:39,2026-07-24 12:35,3426.0,3445.0,-0.55,5345700,3433.0,3360.0,4776.0,3043.0
2026-07-24 12:55:39,2026-07-24 12:40,3425.0,3445.0,-0.58,5424700,3433.0,3360.0,4776.0,3043.0
2026-07-24 13:00:46,2026-07-24 12:45,3417.0,3445.0,-0.81,5504700,3433.0,3360.0,4776.0,3043.0
2026-07-24 13:05:35,2026-07-24 12:50,3421.0,3445.0,-0.7,5594600,3433.0,3360.0,4776.0,3043.0
2026-07-24 13:10:29,2026-07-24 12:55,3424.0,3445.0,-0.61,5643800,3433.0,3360.0,4776.0,3043.0
2026-07-24 13:15:34,2026-07-24 13:00,3423.0,3445.0,-0.64,5699700,3433.0,3360.0,4776.0,3043.0
2026-07-24 13:20:55,2026-07-24 13:05,3425.0,3445.0,-0.58,5764900,3433.0,3360.0,4776.0,3043.0
2026-07-24 13:25:34,2026-07-24 13:10,3427.0,3445.0,-0.52,5812700,3433.0,3360.0,4776.0,3043.0
2026-07-24 13:30:36,2026-07-24 13:15,3424.0,3445.0,-0.61,5860100,3433.0,3360.0,4776.0,3043.0
2026-07-24 13:35:30,2026-07-24 13:20,3425.0,3445.0,-0.58,5915000,3433.0,3360.0,4776.0,3043.0
2026-07-24 13:40:43,2026-07-24 13:25,3427.0,3445.0,-0.52,5980100,3433.0,3360.0,4776.0,3043.0
2026-07-24 13:45:38,2026-07-24 13:30,3422.0,3445.0,-0.67,6052300,3433.0,3360.0,4776.0,3043.0
2026-07-24 13:50:29,2026-07-24 13:35,3420.0,3445.0,-0.73,6108500,3433.0,3360.0,4776.0,3043.0
2026-07-24 13:55:29,2026-07-24 13:40,3415.0,3445.0,-0.87,6156000,3433.0,3360.0,4776.0,3043.0
2026-07-24 14:00:38,2026-07-24 13:45,3416.0,3445.0,-0.84,6193600,3433.0,3360.0,4776.0,3043.0
2026-07-24 14:05:53,2026-07-24 13:50,3414.0,3445.0,-0.9,6243900,3433.0,3360.0,4776.0,3043.0
2026-07-24 14:10:52,2026-07-24 13:55,3416.0,3445.0,-0.84,6288900,3433.0,3360.0,4776.0,3043.0
2026-07-24 14:15:47,2026-07-24 14:00,3418.0,3445.0,-0.78,6322900,3433.0,3360.0,4776.0,3043.0
2026-07-24 14:20:51,2026-07-24 14:05,3414.0,3445.0,-0.9,6389800,3433.0,3360.0,4776.0,3043.0
2026-07-24 14:25:48,2026-07-24 14:10,3414.0,3445.0,-0.9,6442800,3433.0,3360.0,4776.0,3043.0
2026-07-24 14:30:31,2026-07-24 14:15,3415.0,3445.0,-0.87,6495000,3433.0,3360.0,4776.0,3043.0
2026-07-24 14:35:38,2026-07-24 14:20,3416.0,3445.0,-0.84,6522500,3433.0,3360.0,4776.0,3043.0
2026-07-24 14:40:32,2026-07-24 14:25,3409.0,3445.0,-1.04,6605800,3433.0,3360.0,4776.0,3043.0
2026-07-24 14:45:31,2026-07-24 14:30,3411.0,3445.0,-0.99,6656800,3433.0,3360.0,4776.0,3043.0
2026-07-24 14:50:30,2026-07-24 14:35,3411.0,3445.0,-0.99,6720500,3433.0,3360.0,4776.0,3043.0
2026-07-24 14:55:44,2026-07-24 14:40,3413.0,3445.0,-0.93,6783300,3433.0,3360.0,4776.0,3043.0
2026-07-24 15:01:05,2026-07-24 14:46,3416.0,3445.0,-0.84,6845500,3433.0,3360.0,4776.0,3043.0
2026-07-24 15:05:54,2026-07-24 14:50,3414.0,3445.0,-0.9,6891900,3433.0,3360.0,4776.0,3043.0
2026-07-24 15:10:37,2026-07-24 14:55,3414.0,3445.0,-0.9,6940500,3433.0,3360.0,4776.0,3043.0
2026-07-24 15:15:30,2026-07-24 15:00,3413.0,3445.0,-0.93,7006500,3433.0,3360.0,4776.0,3043.0
2026-07-24 15:20:42,2026-07-24 15:05,3406.0,3445.0,-1.13,7089200,3433.0,3360.0,4776.0,3043.0
2026-07-24 15:25:39,2026-07-24 15:10,3406.0,3445.0,-1.13,7157200,3433.0,3360.0,4776.0,3043.0
2026-07-24 15:30:36,2026-07-24 15:15,3409.0,3445.0,-1.04,7281800,3433.0,3360.0,4776.0,3043.0
2026-07-24 15:51:05,2026-07-24 15:30,3409.0,3445.0,-1.04,10286800,3433.0,3360.0,4776.0,3043.0
2026-07-27 09:05:37,2026-07-24 15:30,3409.0,3445.0,-1.04,10286800,3433.0,3360.0,4776.0,3043.0
2026-07-27 09:11:00,2026-07-24 15:30,3409.0,3445.0,-1.04,10286800,3433.0,3360.0,4776.0,3043.0
2026-07-27 09:15:44,2026-07-27 09:00,3467.0,3445.0,0.64,11359100,3468.0,3452.0,4776.0,3043.0
2026-07-27 09:20:38,2026-07-27 09:05,3452.0,3409.0,1.26,1393600,3471.0,3440.0,4776.0,3043.0
2026-07-27 09:25:32,2026-07-27 09:10,3466.0,3409.0,1.67,1633100,3471.0,3440.0,4776.0,3043.0
2026-07-27 09:30:37,2026-07-27 09:15,3500.0,3409.0,2.67,2234900,3507.0,3440.0,4776.0,3043.0
2026-07-27 09:35:42,2026-07-27 09:20,3505.0,3409.0,2.82,2524800,3515.0,3440.0,4776.0,3043.0
2026-07-27 09:40:35,2026-07-27 09:25,3511.0,3409.0,2.99,2739100,3516.0,3440.0,4776.0,3043.0
2026-07-27 09:47:05,2026-07-27 09:32,3518.0,3409.0,3.2,2952800,3519.0,3440.0,4776.0,3043.0
2026-07-27 09:50:37,2026-07-27 09:35,3538.0,3409.0,3.78,3281300,3538.0,3440.0,4776.0,3043.0
2026-07-27 09:57:01,2026-07-27 09:42,3540.0,3409.0,3.84,3587500,3543.0,3440.0,4776.0,3043.0
2026-07-27 10:00:38,2026-07-27 09:45,3538.0,3409.0,3.78,3706900,3543.0,3440.0,4776.0,3043.0
2026-07-27 10:06:15,2026-07-27 09:51,3537.0,3409.0,3.75,3900800,3543.0,3440.0,4776.0,3043.0
2026-07-27 10:10:41,2026-07-27 09:55,3549.0,3409.0,4.11,4255200,3551.0,3440.0,4776.0,3043.0
2026-07-27 10:15:31,2026-07-27 10:00,3555.0,3409.0,4.28,4590700,3558.0,3440.0,4776.0,3043.0
2026-07-27 10:20:34,2026-07-27 10:05,3538.0,3409.0,3.78,4787900,3558.0,3440.0,4776.0,3043.0
2026-07-27 10:25:35,2026-07-27 10:10,3547.0,3409.0,4.05,4934200,3558.0,3440.0,4776.0,3043.0
2026-07-27 10:30:32,2026-07-27 10:15,3537.0,3409.0,3.75,5030200,3558.0,3440.0,4776.0,3043.0
2026-07-27 10:35:30,2026-07-27 10:20,3545.0,3409.0,3.99,5169000,3558.0,3440.0,4776.0,3043.0
2026-07-27 10:40:42,2026-07-27 10:25,3542.0,3409.0,3.9,5270600,3558.0,3440.0,4776.0,3043.0
2026-07-27 10:47:35,2026-07-27 10:32,3549.0,3409.0,4.11,5480800,3558.0,3440.0,4776.0,3043.0
2026-07-27 10:50:47,2026-07-27 10:35,3545.0,3409.0,3.99,5572600,3558.0,3440.0,4776.0,3043.0
2026-07-27 10:55:54,2026-07-27 10:40,3546.0,3409.0,4.02,5717800,3558.0,3440.0,4776.0,3043.0
2026-07-27 11:00:35,2026-07-27 10:45,3546.0,3409.0,4.02,5853600,3558.0,3440.0,4776.0,3043.0
2026-07-27 11:06:02,2026-07-27 10:50,3558.0,3409.0,4.37,6162600,3560.0,3440.0,4776.0,3043.0
2026-07-27 11:10:48,2026-07-27 10:55,3558.0,3409.0,4.37,6303800,3560.0,3440.0,4776.0,3043.0
2026-07-27 11:15:33,2026-07-27 11:00,3557.0,3409.0,4.34,6457400,3560.0,3440.0,4776.0,3043.0
2026-07-27 11:20:37,2026-07-27 11:05,3563.0,3409.0,4.52,6662100,3564.0,3440.0,4776.0,3043.0
2026-07-27 11:25:38,2026-07-27 11:10,3561.0,3409.0,4.46,6811500,3564.0,3440.0,4776.0,3043.0
2026-07-27 11:30:42,2026-07-27 11:15,3568.0,3409.0,4.66,6937400,3568.0,3440.0,4776.0,3043.0
2026-07-27 12:30:36,2026-07-27 11:30,3566.0,3409.0,4.61,7325800,3570.0,3440.0,4776.0,3043.0
2026-07-27 12:37:00,2026-07-27 11:30,3566.0,3409.0,4.61,7325800,3570.0,3440.0,4776.0,3043.0
2026-07-27 12:40:43,2026-07-27 11:30,3566.0,3409.0,4.61,7325800,3570.0,3440.0,4776.0,3043.0
2026-07-27 12:45:36,2026-07-27 12:30,3554.0,3409.0,4.25,7618500,3570.0,3440.0,4776.0,3043.0
2026-07-27 12:50:38,2026-07-27 12:35,3555.0,3409.0,4.28,7893000,3570.0,3440.0,4776.0,3043.0
2026-07-27 12:55:40,2026-07-27 12:40,3556.0,3409.0,4.31,8006100,3570.0,3440.0,4776.0,3043.0
2026-07-27 13:00:41,2026-07-27 12:45,3556.0,3409.0,4.31,8104500,3570.0,3440.0,4776.0,3043.0
2026-07-27 13:06:50,2026-07-27 12:51,3557.0,3409.0,4.34,8201500,3570.0,3440.0,4776.0,3043.0
2026-07-27 13:10:35,2026-07-27 12:55,3558.0,3409.0,4.37,8290500,3570.0,3440.0,4776.0,3043.0
2026-07-27 13:15:33,2026-07-27 13:00,3563.0,3409.0,4.52,8378200,3570.0,3440.0,4776.0,3043.0
2026-07-27 13:20:37,2026-07-27 13:05,3564.0,3409.0,4.55,8496300,3570.0,3440.0,4776.0,3043.0
2026-07-27 13:26:56,2026-07-27 13:11,3567.0,3409.0,4.63,8615300,3570.0,3440.0,4776.0,3043.0
2026-07-27 13:32:08,2026-07-27 13:17,3566.0,3409.0,4.61,8695600,3570.0,3440.0,4776.0,3043.0
2026-07-27 13:35:47,2026-07-27 13:20,3564.0,3409.0,4.55,8744200,3570.0,3440.0,4776.0,3043.0
2026-07-27 13:40:35,2026-07-27 13:25,3567.0,3409.0,4.63,8857400,3570.0,3440.0,4776.0,3043.0
2026-07-27 13:45:42,2026-07-27 13:30,3568.0,3409.0,4.66,8981400,3570.0,3440.0,4776.0,3043.0
2026-07-27 13:50:36,2026-07-27 13:35,3569.0,3409.0,4.69,9104800,3570.0,3440.0,4776.0,3043.0
2026-07-27 13:55:31,2026-07-27 13:40,3570.0,3409.0,4.72,9330600,3571.0,3440.0,4776.0,3043.0
2026-07-27 14:00:34,2026-07-27 13:45,3572.0,3409.0,4.78,9475800,3574.0,3440.0,4776.0,3043.0
2026-07-27 14:05:32,2026-07-27 13:50,3571.0,3409.0,4.75,9566900,3574.0,3440.0,4776.0,3043.0
2026-07-27 14:10:38,2026-07-27 13:55,3571.0,3409.0,4.75,9645100,3574.0,3440.0,4776.0,3043.0
2026-07-27 14:17:04,2026-07-27 14:02,3563.0,3409.0,4.52,9789400,3574.0,3440.0,4776.0,3043.0
2026-07-27 14:20:31,2026-07-27 14:05,3566.0,3409.0,4.61,9839300,3574.0,3440.0,4776.0,3043.0
2026-07-27 14:25:39,2026-07-27 14:10,3566.0,3409.0,4.61,9931300,3574.0,3440.0,4776.0,3043.0
2026-07-27 14:30:31,2026-07-27 14:15,3571.0,3409.0,4.75,10045300,3574.0,3440.0,4776.0,3043.0
2026-07-27 14:36:51,2026-07-27 14:21,3566.0,3409.0,4.61,10267300,3574.0,3440.0,4776.0,3043.0
2026-07-27 14:40:35,2026-07-27 14:25,3566.0,3409.0,4.61,10308400,3574.0,3440.0,4776.0,3043.0
2026-07-27 14:45:34,2026-07-27 14:30,3568.0,3409.0,4.66,10437900,3574.0,3440.0,4776.0,3043.0
2026-07-27 14:50:44,2026-07-27 14:35,3563.0,3409.0,4.52,10554200,3574.0,3440.0,4776.0,3043.0
2026-07-27 14:56:56,2026-07-27 14:41,3562.0,3409.0,4.49,10812000,3574.0,3440.0,4776.0,3043.0
2026-07-27 15:00:39,2026-07-27 14:45,3563.0,3409.0,4.52,10916300,3574.0,3440.0,4776.0,3043.0
2026-07-27 15:05:35,2026-07-27 14:50,3562.0,3409.0,4.49,11011000,3574.0,3440.0,4776.0,3043.0
2026-07-27 15:10:44,2026-07-27 14:55,3564.0,3409.0,4.55,11198500,3574.0,3440.0,4776.0,3043.0
2026-07-27 15:17:11,2026-07-27 15:02,3565.0,3409.0,4.58,11335200,3574.0,3440.0,4776.0,3043.0
2026-07-27 15:21:58,2026-07-27 15:06,3563.0,3409.0,4.52,11508000,3574.0,3440.0,4776.0,3043.0
2026-07-27 15:25:34,2026-07-27 15:10,3565.0,3409.0,4.58,11612200,3574.0,3440.0,4776.0,3043.0
2026-07-27 15:30:52,2026-07-27 15:15,3561.0,3409.0,4.46,11864400,3574.0,3440.0,4776.0,3043.0
2026-07-27 15:40:41,2026-07-27 15:24,3562.0,3409.0,4.49,12330800,3574.0,3440.0,4776.0,3043.0
2026-07-28 09:05:33,2026-07-27 15:30,3574.0,3409.0,4.84,16590300,3574.0,3440.0,4776.0,3043.0
2026-07-28 09:10:37,2026-07-27 15:30,3574.0,3409.0,4.84,16590300,3574.0,3440.0,4776.0,3043.0
2026-07-28 09:15:31,2026-07-28 09:00,3574.0,3409.0,4.84,18325500,3613.0,3584.0,4776.0,3043.0
2026-07-28 09:20:38,2026-07-28 09:05,3582.0,3574.0,0.22,2435800,3614.0,3560.0,4776.0,3043.0
2026-07-28 09:25:38,2026-07-28 09:10,3589.0,3574.0,0.42,3038300,3614.0,3560.0,4776.0,3043.0
2026-07-28 09:30:37,2026-07-28 09:15,3594.0,3574.0,0.56,3505000,3614.0,3560.0,4776.0,3043.0
2026-07-28 09:35:48,2026-07-28 09:20,3591.0,3574.0,0.48,3967200,3614.0,3560.0,4776.0,3043.0
2026-07-28 09:40:35,2026-07-28 09:25,3584.0,3574.0,0.28,4230300,3614.0,3560.0,4776.0,3043.0
2026-07-28 09:45:51,2026-07-28 09:30,3572.0,3574.0,-0.06,4536500,3614.0,3560.0,4776.0,3043.0
2026-07-28 09:50:31,2026-07-28 09:35,3556.0,3574.0,-0.5,4838700,3614.0,3553.0,4776.0,3043.0
2026-07-28 09:55:33,2026-07-28 09:40,3548.0,3574.0,-0.73,5133600,3614.0,3541.0,4776.0,3043.0
2026-07-28 10:00:44,2026-07-28 09:45,3542.0,3574.0,-0.9,5379000,3614.0,3541.0,4776.0,3043.0
2026-07-28 10:05:44,2026-07-28 09:50,3544.0,3574.0,-0.84,5543800,3614.0,3536.0,4776.0,3043.0
2026-07-28 10:10:42,2026-07-28 09:55,3551.0,3574.0,-0.64,5668700,3614.0,3536.0,4776.0,3043.0
2026-07-28 10:15:31,2026-07-28 10:00,3552.0,3574.0,-0.62,5775900,3614.0,3536.0,4776.0,3043.0
2026-07-28 10:20:46,2026-07-28 10:05,3556.0,3574.0,-0.5,5940800,3614.0,3536.0,4776.0,3043.0
2026-07-28 10:25:44,2026-07-28 10:10,3560.0,3574.0,-0.39,6027300,3614.0,3536.0,4776.0,3043.0
2026-07-28 10:30:31,2026-07-28 10:15,3556.0,3574.0,-0.5,6128400,3614.0,3536.0,4776.0,3043.0
2026-07-28 10:35:38,2026-07-28 10:20,3548.0,3574.0,-0.73,6289300,3614.0,3536.0,4776.0,3043.0
2026-07-28 10:40:37,2026-07-28 10:25,3550.0,3574.0,-0.67,6389500,3614.0,3536.0,4776.0,3043.0
2026-07-28 10:45:34,2026-07-28 10:30,3563.0,3574.0,-0.31,6543700,3614.0,3536.0,4776.0,3043.0
2026-07-28 10:50:29,2026-07-28 10:35,3576.0,3574.0,0.06,6712800,3614.0,3536.0,4776.0,3043.0
2026-07-28 10:55:40,2026-07-28 10:40,3567.0,3574.0,-0.2,6829500,3614.0,3536.0,4776.0,3043.0
2026-07-28 11:00:37,2026-07-28 10:45,3574.0,3574.0,0.0,6948000,3614.0,3536.0,4776.0,3043.0
2026-07-28 11:05:48,2026-07-28 10:50,3574.0,3574.0,0.0,7101600,3614.0,3536.0,4776.0,3043.0
2026-07-28 11:10:35,2026-07-28 10:55,3575.0,3574.0,0.03,7188500,3614.0,3536.0,4776.0,3043.0
2026-07-28 11:15:43,2026-07-28 11:00,3577.0,3574.0,0.08,7276600,3614.0,3536.0,4776.0,3043.0
2026-07-28 11:20:39,2026-07-28 11:05,3580.0,3574.0,0.17,7443800,3614.0,3536.0,4776.0,3043.0
2026-07-28 11:25:36,2026-07-28 11:10,3582.0,3574.0,0.22,7554200,3614.0,3536.0,4776.0,3043.0
2026-07-28 11:30:36,2026-07-28 11:15,3589.0,3574.0,0.42,7671100,3614.0,3536.0,4776.0,3043.0
2026-07-28 12:30:29,2026-07-28 11:30,3597.0,3574.0,0.64,8438900,3614.0,3536.0,4776.0,3043.0
2026-07-28 12:35:36,2026-07-28 11:30,3597.0,3574.0,0.64,8438900,3614.0,3536.0,4776.0,3043.0
2026-07-28 12:40:41,2026-07-28 11:30,3597.0,3574.0,0.64,8438900,3614.0,3536.0,4776.0,3043.0
2026-07-28 12:45:31,2026-07-28 12:30,3599.0,3574.0,0.7,8741000,3614.0,3536.0,4776.0,3043.0
2026-07-28 12:50:48,2026-07-28 12:35,3609.0,3574.0,0.98,9062400,3614.0,3536.0,4776.0,3043.0
2026-07-28 12:55:39,2026-07-28 12:40,3612.0,3574.0,1.06,9527900,3622.0,3536.0,4776.0,3043.0
2026-07-28 13:00:38,2026-07-28 12:45,3621.0,3574.0,1.32,9710000,3622.0,3536.0,4776.0,3043.0
2026-07-28 13:05:33,2026-07-28 12:50,3621.0,3574.0,1.32,9857400,3622.0,3536.0,4776.0,3043.0
2026-07-28 13:10:42,2026-07-28 12:55,3623.0,3574.0,1.37,9997700,3623.0,3536.0,4776.0,3043.0
2026-07-28 13:15:33,2026-07-28 13:00,3624.0,3574.0,1.4,10178200,3628.0,3536.0,4776.0,3043.0
2026-07-28 13:20:36,2026-07-28 13:05,3619.0,3574.0,1.26,10291400,3628.0,3536.0,4776.0,3043.0
2026-07-28 13:25:42,2026-07-28 13:10,3608.0,3574.0,0.95,10632700,3628.0,3536.0,4776.0,3043.0
2026-07-28 13:30:38,2026-07-28 13:15,3607.0,3574.0,0.92,10715900,3628.0,3536.0,4776.0,3043.0
2026-07-28 13:35:36,2026-07-28 13:20,3610.0,3574.0,1.01,10943300,3628.0,3536.0,4776.0,3043.0
2026-07-28 13:40:37,2026-07-28 13:25,3615.0,3574.0,1.15,11040600,3628.0,3536.0,4776.0,3043.0
2026-07-28 13:45:32,2026-07-28 13:30,3618.0,3574.0,1.23,11155000,3628.0,3536.0,4776.0,3043.0
2026-07-28 13:50:42,2026-07-28 13:35,3628.0,3574.0,1.51,11397200,3628.0,3536.0,4776.0,3043.0
2026-07-28 13:55:40,2026-07-28 13:40,3618.0,3574.0,1.23,11540300,3628.0,3536.0,4776.0,3043.0
2026-07-28 14:00:31,2026-07-28 13:45,3637.0,3574.0,1.76,11879100,3637.0,3536.0,4776.0,3043.0
2026-07-28 14:05:45,2026-07-28 13:50,3638.0,3574.0,1.79,12072500,3642.0,3536.0,4776.0,3043.0
2026-07-28 14:10:34,2026-07-28 13:55,3644.0,3574.0,1.96,12179800,3645.0,3536.0,4776.0,3043.0
2026-07-28 14:15:32,2026-07-28 14:00,3633.0,3574.0,1.65,12340700,3645.0,3536.0,4776.0,3043.0
2026-07-28 14:20:39,2026-07-28 14:05,3637.0,3574.0,1.76,12436600,3645.0,3536.0,4776.0,3043.0
2026-07-28 14:25:37,2026-07-28 14:10,3636.0,3574.0,1.73,12567200,3645.0,3536.0,4776.0,3043.0
2026-07-28 14:30:33,2026-07-28 14:15,3637.0,3574.0,1.76,12655700,3645.0,3536.0,4776.0,3043.0
2026-07-28 14:35:51,2026-07-28 14:20,3647.0,3574.0,2.04,12895800,3649.0,3536.0,4776.0,3043.0
2026-07-28 14:40:40,2026-07-28 14:25,3650.0,3574.0,2.13,13340700,3652.0,3536.0,4776.0,3043.0
2026-07-28 14:45:31,2026-07-28 14:30,3650.0,3574.0,2.13,13492800,3653.0,3536.0,4776.0,3043.0
2026-07-28 14:50:40,2026-07-28 14:35,3644.0,3574.0,1.96,13671800,3653.0,3536.0,4776.0,3043.0
2026-07-28 14:55:36,2026-07-28 14:40,3646.0,3574.0,2.01,13869500,3653.0,3536.0,4776.0,3043.0
2026-07-28 15:00:41,2026-07-28 14:45,3644.0,3574.0,1.96,14031500,3653.0,3536.0,4776.0,3043.0
2026-07-28 15:05:49,2026-07-28 14:50,3650.0,3574.0,2.13,14198100,3653.0,3536.0,4776.0,3043.0
2026-07-28 15:10:50,2026-07-28 14:55,3655.0,3574.0,2.27,14501500,3655.0,3536.0,4776.0,3043.0
2026-07-28 15:15:48,2026-07-28 15:00,3657.0,3574.0,2.32,14773100,3660.0,3536.0,4776.0,3043.0
2026-07-28 15:20:41,2026-07-28 15:05,3652.0,3574.0,2.18,14978600,3660.0,3536.0,4776.0,3043.0
2026-07-28 15:25:36,2026-07-28 15:10,3653.0,3574.0,2.21,15237500,3660.0,3536.0,4776.0,3043.0
2026-07-28 15:30:38,2026-07-28 15:15,3657.0,3574.0,2.32,15470400,3660.0,3536.0,4776.0,3043.0
2026-07-28 15:40:36,2026-07-28 15:24,3661.0,3574.0,2.43,16286600,3663.0,3536.0,4776.0,3043.0
2026-07-29 09:10:45,2026-07-28 15:30,3662.0,3574.0,2.46,21933500,3664.0,3536.0,4776.0,3043.0
2026-07-29 09:15:31,2026-07-29 09:00,3662.0,3574.0,2.46,23981500,3706.0,3670.0,4776.0,3043.0
2026-07-29 09:20:38,2026-07-29 09:05,3681.0,3662.0,0.52,2908000,3714.0,3670.0,4776.0,3043.0
2026-07-29 09:25:35,2026-07-29 09:10,3659.0,3662.0,-0.08,3448900,3714.0,3659.0,4776.0,3043.0
2026-07-29 09:30:32,2026-07-29 09:15,3658.0,3662.0,-0.11,3995200,3714.0,3654.0,4776.0,3043.0
2026-07-29 09:35:51,2026-07-29 09:20,3655.0,3662.0,-0.19,4456100,3714.0,3646.0,4776.0,3043.0
2026-07-29 09:40:36,2026-07-29 09:25,3681.0,3662.0,0.52,4981700,3714.0,3646.0,4776.0,3043.0
2026-07-29 09:45:43,2026-07-29 09:30,3697.0,3662.0,0.96,5446400,3714.0,3646.0,4776.0,3043.0
2026-07-29 09:50:38,2026-07-29 09:35,3707.0,3662.0,1.23,5987300,3714.0,3646.0,4776.0,3043.0
2026-07-29 09:55:40,2026-07-29 09:40,3739.0,3662.0,2.1,6780400,3745.0,3646.0,4776.0,3043.0
2026-07-29 10:00:36,2026-07-29 09:45,3754.0,3662.0,2.51,7705600,3764.0,3646.0,4776.0,3043.0
2026-07-29 10:05:35,2026-07-29 09:50,3760.0,3662.0,2.68,8310400,3769.0,3646.0,4776.0,3043.0
2026-07-29 10:10:43,2026-07-29 09:55,3756.0,3662.0,2.57,8792200,3769.0,3646.0,4776.0,3043.0
2026-07-29 10:15:40,2026-07-29 10:00,3750.0,3662.0,2.4,9165100,3769.0,3646.0,4776.0,3043.0
2026-07-29 10:20:35,2026-07-29 10:05,3743.0,3662.0,2.21,9525900,3769.0,3646.0,4776.0,3043.0
2026-07-29 10:25:37,2026-07-29 10:10,3737.0,3662.0,2.05,9846100,3769.0,3646.0,4776.0,3043.0
2026-07-29 10:30:31,2026-07-29 10:15,3729.0,3662.0,1.83,10186700,3769.0,3646.0,4776.0,3043.0
2026-07-29 10:35:34,2026-07-29 10:20,3757.0,3662.0,2.59,10603200,3769.0,3646.0,4776.0,3043.0
2026-07-29 10:40:36,2026-07-29 10:25,3762.0,3662.0,2.73,10977000,3769.0,3646.0,4776.0,3043.0
2026-07-29 10:45:32,2026-07-29 10:30,3767.0,3662.0,2.87,11382000,3773.0,3646.0,4776.0,3043.0
2026-07-29 10:50:45,2026-07-29 10:35,3762.0,3662.0,2.73,11578800,3773.0,3646.0,4776.0,3043.0
2026-07-29 10:55:35,2026-07-29 10:40,3761.0,3662.0,2.7,11715600,3773.0,3646.0,4776.0,3043.0
2026-07-29 11:00:47,2026-07-29 10:45,3760.0,3662.0,2.68,11883700,3773.0,3646.0,4776.0,3043.0
2026-07-29 11:05:47,2026-07-29 10:50,3761.0,3662.0,2.7,12008800,3773.0,3646.0,4776.0,3043.0
2026-07-29 11:10:38,2026-07-29 10:55,3771.0,3662.0,2.98,12245100,3773.0,3646.0,4776.0,3043.0
2026-07-29 11:15:32,2026-07-29 11:00,3763.0,3662.0,2.76,12438300,3773.0,3646.0,4776.0,3043.0
2026-07-29 11:20:37,2026-07-29 11:05,3762.0,3662.0,2.73,12678200,3773.0,3646.0,4776.0,3043.0
2026-07-29 11:25:32,2026-07-29 11:10,3775.0,3662.0,3.09,13085700,3779.0,3646.0,4776.0,3043.0
2026-07-29 11:30:43,2026-07-29 11:15,3772.0,3662.0,3.0,13440200,3780.0,3646.0,4776.0,3043.0
2026-07-29 12:30:41,2026-07-29 11:30,3784.0,3662.0,3.33,14212000,3784.0,3646.0,4776.0,3043.0
2026-07-29 12:35:36,2026-07-29 11:30,3784.0,3662.0,3.33,14212000,3784.0,3646.0,4776.0,3043.0
2026-07-29 12:40:35,2026-07-29 11:30,3784.0,3662.0,3.33,14212000,3784.0,3646.0,4776.0,3043.0
2026-07-29 12:45:41,2026-07-29 12:30,3775.0,3662.0,3.09,14917700,3786.0,3646.0,4776.0,3043.0
2026-07-29 12:50:34,2026-07-29 12:35,3782.0,3662.0,3.28,15387500,3789.0,3646.0,4776.0,3043.0
2026-07-29 12:55:31,2026-07-29 12:40,3781.0,3662.0,3.25,15656900,3789.0,3646.0,4776.0,3043.0
2026-07-29 13:00:36,2026-07-29 12:45,3772.0,3662.0,3.0,15924500,3789.0,3646.0,4776.0,3043.0
2026-07-29 13:05:40,2026-07-29 12:50,3776.0,3662.0,3.11,16151000,3789.0,3646.0,4776.0,3043.0
2026-07-29 13:10:47,2026-07-29 12:55,3782.0,3662.0,3.28,16344900,3789.0,3646.0,4776.0,3043.0
2026-07-29 13:15:34,2026-07-29 13:00,3786.0,3662.0,3.39,16581900,3789.0,3646.0,4776.0,3043.0
2026-07-29 13:20:34,2026-07-29 13:05,3792.0,3662.0,3.55,16941000,3794.0,3646.0,4776.0,3043.0
2026-07-29 13:25:41,2026-07-29 13:10,3796.0,3662.0,3.66,17228600,3797.0,3646.0,4776.0,3043.0
2026-07-29 13:30:37,2026-07-29 13:15,3788.0,3662.0,3.44,17479800,3797.0,3646.0,4776.0,3043.0
2026-07-29 13:35:43,2026-07-29 13:20,3804.0,3662.0,3.88,18444700,3808.0,3646.0,4776.0,3043.0
2026-07-29 13:40:44,2026-07-29 13:25,3804.0,3662.0,3.88,18736600,3808.0,3646.0,4776.0,3043.0
2026-07-29 13:45:46,2026-07-29 13:30,3798.0,3662.0,3.71,18986000,3808.0,3646.0,4776.0,3043.0
2026-07-29 13:50:30,2026-07-29 13:35,3796.0,3662.0,3.66,19163600,3808.0,3646.0,4776.0,3043.0
2026-07-29 13:55:39,2026-07-29 13:40,3803.0,3662.0,3.85,19429400,3808.0,3646.0,4776.0,3043.0
2026-07-29 14:00:32,2026-07-29 13:45,3803.0,3662.0,3.85,19571900,3808.0,3646.0,4776.0,3043.0
2026-07-29 14:05:44,2026-07-29 13:50,3800.0,3662.0,3.77,19917700,3809.0,3646.0,4776.0,3043.0
2026-07-29 14:10:38,2026-07-29 13:55,3798.0,3662.0,3.71,20172500,3809.0,3646.0,4776.0,3043.0
2026-07-29 14:15:36,2026-07-29 14:00,3800.0,3662.0,3.77,20465700,3809.0,3646.0,4776.0,3043.0
2026-07-29 14:20:44,2026-07-29 14:05,3790.0,3662.0,3.5,20719700,3809.0,3646.0,4776.0,3043.0
2026-07-29 14:25:43,2026-07-29 14:10,3791.0,3662.0,3.52,20944500,3809.0,3646.0,4776.0,3043.0
2026-07-29 14:30:41,2026-07-29 14:15,3799.0,3662.0,3.74,21134200,3809.0,3646.0,4776.0,3043.0
2026-07-29 14:35:48,2026-07-29 14:20,3803.0,3662.0,3.85,21353000,3809.0,3646.0,4776.0,3043.0
2026-07-29 14:40:32,2026-07-29 14:25,3798.0,3662.0,3.71,21619100,3809.0,3646.0,4776.0,3043.0
2026-07-29 14:45:43,2026-07-29 14:30,3794.0,3662.0,3.6,21804300,3809.0,3646.0,4776.0,3043.0
2026-07-29 14:50:49,2026-07-29 14:35,3795.0,3662.0,3.63,21994500,3809.0,3646.0,4776.0,3043.0
2026-07-29 14:55:34,2026-07-29 14:40,3796.0,3662.0,3.66,22181800,3809.0,3646.0,4776.0,3043.0
2026-07-29 15:00:35,2026-07-29 14:45,3800.0,3662.0,3.77,22401000,3809.0,3646.0,4776.0,3043.0
2026-07-29 15:05:42,2026-07-29 14:50,3801.0,3662.0,3.8,22678600,3809.0,3646.0,4776.0,3043.0
2026-07-29 15:10:41,2026-07-29 14:55,3804.0,3662.0,3.88,22927800,3809.0,3646.0,4776.0,3043.0
2026-07-29 15:15:52,2026-07-29 15:00,3806.0,3662.0,3.93,23204700,3809.0,3646.0,4776.0,3043.0
2026-07-29 15:20:40,2026-07-29 15:05,3801.0,3662.0,3.8,23438300,3809.0,3646.0,4776.0,3043.0
2026-07-29 15:25:34,2026-07-29 15:10,3800.0,3662.0,3.77,23686400,3809.0,3646.0,4776.0,3043.0
2026-07-29 15:30:40,2026-07-29 15:15,3807.0,3662.0,3.96,24018900,3809.0,3646.0,4776.0,3043.0
2026-07-29 15:40:39,2026-07-29 15:24,3806.0,3662.0,3.93,24860000,3810.0,3646.0,4776.0,3043.0
2026-07-30 09:05:39,2026-07-29 15:30,3809.0,3662.0,4.01,32149300,3810.0,3646.0,4776.0,3043.0
2026-07-30 09:10:43,2026-07-29 15:30,3809.0,3662.0,4.01,32149300,3810.0,3646.0,4776.0,3043.0
2026-07-30 09:15:32,2026-07-30 09:00,3809.0,3662.0,4.01,34108400,3846.0,3795.0,4776.0,3043.0
2026-07-30 09:20:33,2026-07-30 09:05,3840.0,3809.0,0.81,3053500,3855.0,3795.0,4776.0,3043.0
2026-07-30 09:25:31,2026-07-30 09:10,3829.0,3809.0,0.53,3766300,3862.0,3795.0,4776.0,3043.0
2026-07-30 09:30:34,2026-07-30 09:15,3785.0,3809.0,-0.63,4304100,3862.0,3781.0,4776.0,3043.0
2026-07-30 09:35:45,2026-07-30 09:20,3758.0,3809.0,-1.34,4941500,3862.0,3753.0,4776.0,3043.0
2026-07-30 09:40:45,2026-07-30 09:25,3734.0,3809.0,-1.97,5447100,3862.0,3733.0,4776.0,3043.0
2026-07-30 09:45:32,2026-07-30 09:30,3749.0,3809.0,-1.58,5903600,3862.0,3730.0,4776.0,3043.0
2026-07-30 09:50:39,2026-07-30 09:35,3734.0,3809.0,-1.97,6325100,3862.0,3730.0,4776.0,3043.0
2026-07-30 09:55:43,2026-07-30 09:40,3747.0,3809.0,-1.63,6889000,3862.0,3730.0,4776.0,3043.0
2026-07-30 10:00:37,2026-07-30 09:45,3754.0,3809.0,-1.44,7490600,3862.0,3730.0,4776.0,3043.0
2026-07-30 10:05:39,2026-07-30 09:50,3765.0,3809.0,-1.16,7953200,3862.0,3730.0,4776.0,3043.0
2026-07-30 10:10:51,2026-07-30 09:55,3774.0,3809.0,-0.92,8216500,3862.0,3730.0,4776.0,3043.0
2026-07-30 10:15:31,2026-07-30 10:00,3786.0,3809.0,-0.6,8423800,3862.0,3730.0,4776.0,3043.0
2026-07-30 10:20:38,2026-07-30 10:05,3795.0,3809.0,-0.37,8770300,3862.0,3730.0,4776.0,3043.0
2026-07-30 10:25:31,2026-07-30 10:10,3788.0,3809.0,-0.55,9167100,3862.0,3730.0,4776.0,3043.0
2026-07-30 10:30:35,2026-07-30 10:15,3790.0,3809.0,-0.5,9537000,3862.0,3730.0,4776.0,3043.0
2026-07-30 10:35:31,2026-07-30 10:20,3789.0,3809.0,-0.53,9791500,3862.0,3730.0,4776.0,3043.0
2026-07-30 10:40:32,2026-07-30 10:25,3791.0,3809.0,-0.47,10076300,3862.0,3730.0,4776.0,3043.0
2026-07-30 10:45:30,2026-07-30 10:30,3786.0,3809.0,-0.6,10280000,3862.0,3730.0,4776.0,3043.0
2026-07-30 10:50:33,2026-07-30 10:35,3783.0,3809.0,-0.68,10440900,3862.0,3730.0,4776.0,3043.0
2026-07-30 10:55:39,2026-07-30 10:40,3797.0,3809.0,-0.32,10726300,3862.0,3730.0,4776.0,3043.0
2026-07-30 11:00:42,2026-07-30 10:45,3797.0,3809.0,-0.32,10913200,3862.0,3730.0,4776.0,3043.0
2026-07-30 11:05:39,2026-07-30 10:50,3804.0,3809.0,-0.13,11123500,3862.0,3730.0,4776.0,3043.0
2026-07-30 11:10:54,2026-07-30 10:55,3791.0,3809.0,-0.47,11297700,3862.0,3730.0,4776.0,3043.0
2026-07-30 11:15:35,2026-07-30 11:00,3784.0,3809.0,-0.66,11482600,3862.0,3730.0,4776.0,3043.0
2026-07-30 11:20:35,2026-07-30 11:05,3784.0,3809.0,-0.66,11656800,3862.0,3730.0,4776.0,3043.0
2026-07-30 11:25:32,2026-07-30 11:10,3788.0,3809.0,-0.55,11833600,3862.0,3730.0,4776.0,3043.0
2026-07-30 11:30:39,2026-07-30 11:15,3791.0,3809.0,-0.47,11999400,3862.0,3730.0,4776.0,3043.0
2026-07-30 12:30:32,2026-07-30 11:30,3799.0,3809.0,-0.26,12476500,3862.0,3730.0,4776.0,3043.0
2026-07-30 12:35:38,2026-07-30 11:30,3799.0,3809.0,-0.26,12476500,3862.0,3730.0,4776.0,3043.0
2026-07-30 12:40:34,2026-07-30 11:30,3799.0,3809.0,-0.26,12476500,3862.0,3730.0,4776.0,3043.0
2026-07-30 12:45:37,2026-07-30 12:30,3781.0,3809.0,-0.74,12770400,3862.0,3730.0,4776.0,3043.0
2026-07-30 12:50:32,2026-07-30 12:35,3788.0,3809.0,-0.55,13051500,3862.0,3730.0,4776.0,3043.0
2026-07-30 12:55:43,2026-07-30 12:40,3786.0,3809.0,-0.6,13331800,3862.0,3730.0,4776.0,3043.0
2026-07-30 13:00:44,2026-07-30 12:45,3786.0,3809.0,-0.6,13459200,3862.0,3730.0,4776.0,3043.0
2026-07-30 13:05:30,2026-07-30 12:50,3792.0,3809.0,-0.45,13652800,3862.0,3730.0,4776.0,3043.0
2026-07-30 13:10:40,2026-07-30 12:55,3796.0,3809.0,-0.34,13752100,3862.0,3730.0,4776.0,3043.0
2026-07-30 13:15:36,2026-07-30 13:00,3789.0,3809.0,-0.53,13849100,3862.0,3730.0,4776.0,3043.0
2026-07-30 13:20:30,2026-07-30 13:05,3791.0,3809.0,-0.47,13929700,3862.0,3730.0,4776.0,3043.0
2026-07-30 13:25:34,2026-07-30 13:10,3786.0,3809.0,-0.6,14017300,3862.0,3730.0,4776.0,3043.0
2026-07-30 13:30:35,2026-07-30 13:15,3788.0,3809.0,-0.55,14202000,3862.0,3730.0,4776.0,3043.0
2026-07-30 13:35:33,2026-07-30 13:20,3791.0,3809.0,-0.47,14293800,3862.0,3730.0,4776.0,3043.0
2026-07-30 13:40:31,2026-07-30 13:25,3793.0,3809.0,-0.42,14377800,3862.0,3730.0,4776.0,3043.0
2026-07-30 13:45:33,2026-07-30 13:30,3794.0,3809.0,-0.39,14500500,3862.0,3730.0,4776.0,3043.0
2026-07-30 13:50:35,2026-07-30 13:35,3799.0,3809.0,-0.26,14675200,3862.0,3730.0,4776.0,3043.0
2026-07-30 13:55:41,2026-07-30 13:40,3801.0,3809.0,-0.21,14943800,3862.0,3730.0,4776.0,3043.0
2026-07-30 14:00:51,2026-07-30 13:45,3797.0,3809.0,-0.32,15070500,3862.0,3730.0,4776.0,3043.0
2026-07-30 14:05:37,2026-07-30 13:50,3800.0,3809.0,-0.24,15190200,3862.0,3730.0,4776.0,3043.0
2026-07-30 14:10:31,2026-07-30 13:55,3801.0,3809.0,-0.21,15282300,3862.0,3730.0,4776.0,3043.0
2026-07-30 14:15:31,2026-07-30 14:00,3795.0,3809.0,-0.37,15433700,3862.0,3730.0,4776.0,3043.0
2026-07-30 14:20:28,2026-07-30 14:05,3800.0,3809.0,-0.24,15687100,3862.0,3730.0,4776.0,3043.0
2026-07-30 14:25:40,2026-07-30 14:10,3798.0,3809.0,-0.29,15831100,3862.0,3730.0,4776.0,3043.0
2026-07-30 14:30:39,2026-07-30 14:15,3801.0,3809.0,-0.21,15939300,3862.0,3730.0,4776.0,3043.0
2026-07-30 14:35:31,2026-07-30 14:20,3808.0,3809.0,-0.03,16127000,3862.0,3730.0,4776.0,3043.0
2026-07-30 14:40:45,2026-07-30 14:25,3804.0,3809.0,-0.13,16237000,3862.0,3730.0,4776.0,3043.0
2026-07-30 14:45:30,2026-07-30 14:30,3802.0,3809.0,-0.18,16331000,3862.0,3730.0,4776.0,3043.0
2026-07-30 14:50:40,2026-07-30 14:35,3804.0,3809.0,-0.13,16515900,3862.0,3730.0,4776.0,3043.0
2026-07-30 14:55:41,2026-07-30 14:40,3801.0,3809.0,-0.21,16639600,3862.0,3730.0,4776.0,3043.0
2026-07-30 15:00:33,2026-07-30 14:45,3803.0,3809.0,-0.16,16794300,3862.0,3730.0,4776.0,3043.0
2026-07-30 15:05:37,2026-07-30 14:50,3801.0,3809.0,-0.21,16936200,3862.0,3730.0,4776.0,3043.0
2026-07-30 15:10:51,2026-07-30 14:55,3795.0,3809.0,-0.37,17076700,3862.0,3730.0,4776.0,3043.0
2026-07-30 15:15:38,2026-07-30 15:00,3798.0,3809.0,-0.29,17219300,3862.0,3730.0,4776.0,3043.0
2026-07-30 15:20:36,2026-07-30 15:05,3796.0,3809.0,-0.34,17348100,3862.0,3730.0,4776.0,3043.0
2026-07-30 15:25:34,2026-07-30 15:10,3795.0,3809.0,-0.37,17523800,3862.0,3730.0,4776.0,3043.0
2026-07-30 15:30:38,2026-07-30 15:15,3793.0,3809.0,-0.42,17667100,3862.0,3730.0,4776.0,3043.0
2026-07-30 15:40:33,2026-07-30 15:24,3804.0,3809.0,-0.13,18145400,3862.0,3730.0,4776.0,3043.0
2026-07-31 09:05:36,2026-07-30 15:30,3809.0,3809.0,0.0,25084500,3862.0,3730.0,4776.0,3043.0
2026-07-31 09:10:46,2026-07-30 15:30,3809.0,3809.0,0.0,25084500,3862.0,3730.0,4776.0,3043.0
2026-07-31 09:15:38,2026-07-30 15:30,3809.0,3809.0,0.0,25084500,3862.0,3730.0,4776.0,3043.0
2026-07-31 09:20:37,2026-07-31 09:05,3710.0,3809.0,-2.6,3091800,3738.0,3689.0,4776.0,3043.0
2026-07-31 09:25:38,2026-07-31 09:10,3692.0,3809.0,-3.07,3947100,3738.0,3683.0,4776.0,3043.0
2026-07-31 09:30:46,2026-07-31 09:15,3697.0,3809.0,-2.94,4596000,3738.0,3683.0,4776.0,3043.0
2026-07-31 09:35:42,2026-07-31 09:20,3699.0,3809.0,-2.89,4961700,3738.0,3683.0,4776.0,3043.0
2026-07-31 09:40:30,2026-07-31 09:25,3704.0,3809.0,-2.76,5470400,3738.0,3683.0,4776.0,3043.0
2026-07-31 09:45:41,2026-07-31 09:30,3721.0,3809.0,-2.31,5858300,3738.0,3683.0,4776.0,3043.0
2026-07-31 09:50:33,2026-07-31 09:35,3730.0,3809.0,-2.07,6193400,3738.0,3683.0,4776.0,3043.0
2026-07-31 09:55:34,2026-07-31 09:40,3743.0,3809.0,-1.73,6579900,3745.0,3683.0,4776.0,3043.0
2026-07-31 10:00:33,2026-07-31 09:45,3725.0,3809.0,-2.21,7085800,3745.0,3683.0,4776.0,3043.0
2026-07-31 10:05:34,2026-07-31 09:50,3713.0,3809.0,-2.52,7477600,3745.0,3683.0,4776.0,3043.0
2026-07-31 10:10:42,2026-07-31 09:55,3722.0,3809.0,-2.28,7685500,3745.0,3683.0,4776.0,3043.0
2026-07-31 10:15:31,2026-07-31 10:00,3737.0,3809.0,-1.89,7894100,3745.0,3683.0,4776.0,3043.0
2026-07-31 10:20:31,2026-07-31 10:05,3737.0,3809.0,-1.89,8245300,3747.0,3683.0,4776.0,3043.0
2026-07-31 10:25:39,2026-07-31 10:10,3751.0,3809.0,-1.52,8584700,3754.0,3683.0,4776.0,3043.0
2026-07-31 10:30:40,2026-07-31 10:15,3758.0,3809.0,-1.34,8856700,3758.0,3683.0,4776.0,3043.0
2026-07-31 10:35:35,2026-07-31 10:20,3751.0,3809.0,-1.52,9026200,3758.0,3683.0,4776.0,3043.0
2026-07-31 10:40:33,2026-07-31 10:25,3747.0,3809.0,-1.63,9213200,3758.0,3683.0,4776.0,3043.0
2026-07-31 10:45:39,2026-07-31 10:30,3753.0,3809.0,-1.47,9432100,3758.0,3683.0,4776.0,3043.0
2026-07-31 10:50:41,2026-07-31 10:35,3750.0,3809.0,-1.55,9578900,3758.0,3683.0,4776.0,3043.0
2026-07-31 10:55:31,2026-07-31 10:40,3741.0,3809.0,-1.79,9765200,3758.0,3683.0,4776.0,3043.0
2026-07-31 11:00:41,2026-07-31 10:45,3716.0,3809.0,-2.44,10051000,3758.0,3683.0,4776.0,3043.0
2026-07-31 11:05:32,2026-07-31 10:50,3719.0,3809.0,-2.36,10285000,3758.0,3683.0,4776.0,3043.0
2026-07-31 11:10:36,2026-07-31 10:55,3713.0,3809.0,-2.52,10508200,3758.0,3683.0,4776.0,3043.0
2026-07-31 11:15:39,2026-07-31 11:00,3719.0,3809.0,-2.36,10706900,3758.0,3683.0,4776.0,3043.0
2026-07-31 11:20:35,2026-07-31 11:05,3728.0,3809.0,-2.13,10836300,3758.0,3683.0,4776.0,3043.0
2026-07-31 11:25:33,2026-07-31 11:10,3729.0,3809.0,-2.1,10982100,3758.0,3683.0,4776.0,3043.0
2026-07-31 11:30:45,2026-07-31 11:15,3738.0,3809.0,-1.86,11143900,3758.0,3683.0,4776.0,3043.0
2026-07-31 12:30:48,2026-07-31 11:30,3708.0,3809.0,-2.65,12241500,3758.0,3683.0,4776.0,3043.0
2026-07-31 12:35:46,2026-07-31 11:30,3708.0,3809.0,-2.65,12241500,3758.0,3683.0,4776.0,3043.0
2026-07-31 12:40:35,2026-07-31 11:30,3708.0,3809.0,-2.65,12241500,3758.0,3683.0,4776.0,3043.0
2026-07-31 12:45:39,2026-07-31 11:30,3708.0,3809.0,-2.65,12241500,3758.0,3683.0,4776.0,3043.0
2026-07-31 12:50:32,2026-07-31 11:30,3708.0,3809.0,-2.65,12241500,3758.0,3683.0,4776.0,3043.0
2026-07-31 12:55:38,2026-07-31 12:40,3931.0,3809.0,3.2,17980800,3955.0,3683.0,4776.0,3043.0
2026-07-31 13:00:39,2026-07-31 12:45,3873.0,3809.0,1.68,20852800,3964.0,3683.0,4776.0,3043.0
2026-07-31 13:05:42,2026-07-31 12:50,3856.0,3809.0,1.23,22559600,3964.0,3683.0,4776.0,3043.0
2026-07-31 13:10:31,2026-07-31 12:55,3859.0,3809.0,1.31,23383800,3964.0,3683.0,4776.0,3043.0
2026-07-31 13:15:39,2026-07-31 13:00,3826.0,3809.0,0.45,23909200,3964.0,3683.0,4776.0,3043.0
2026-07-31 13:20:37,2026-07-31 13:05,3828.0,3809.0,0.5,24419800,3964.0,3683.0,4776.0,3043.0
2026-07-31 13:25:35,2026-07-31 13:10,3818.0,3809.0,0.24,24853700,3964.0,3683.0,4776.0,3043.0
2026-07-31 13:30:30,2026-07-31 13:15,3811.0,3809.0,0.05,25242700,3964.0,3683.0,4776.0,3043.0
2026-07-31 13:35:36,2026-07-31 13:20,3812.0,3809.0,0.08,25522600,3964.0,3683.0,4776.0,3043.0
2026-07-31 13:40:37,2026-07-31 13:25,3810.0,3809.0,0.03,26125500,3964.0,3683.0,4776.0,3043.0
2026-07-31 13:45:43,2026-07-31 13:30,3830.0,3809.0,0.55,26592700,3964.0,3683.0,4776.0,3043.0
2026-07-31 13:50:35,2026-07-31 13:35,3831.0,3809.0,0.58,26876200,3964.0,3683.0,4776.0,3043.0
2026-07-31 13:55:43,2026-07-31 13:40,3839.0,3809.0,0.79,27189800,3964.0,3683.0,4776.0,3043.0
2026-07-31 14:00:37,2026-07-31 13:45,3823.0,3809.0,0.37,27549400,3964.0,3683.0,4776.0,3043.0
2026-07-31 14:05:31,2026-07-31 13:50,3819.0,3809.0,0.26,27766600,3964.0,3683.0,4776.0,3043.0
2026-07-31 14:10:31,2026-07-31 13:55,3809.0,3809.0,0.0,27976800,3964.0,3683.0,4776.0,3043.0
2026-07-31 14:15:56,2026-07-31 14:00,3813.0,3809.0,0.11,28218700,3964.0,3683.0,4776.0,3043.0
2026-07-31 14:20:31,2026-07-31 14:05,3808.0,3809.0,-0.03,28381900,3964.0,3683.0,4776.0,3043.0
2026-07-31 14:25:42,2026-07-31 14:10,3805.0,3809.0,-0.11,28582100,3964.0,3683.0,4776.0,3043.0
2026-07-31 14:30:41,2026-07-31 14:15,3808.0,3809.0,-0.03,28732800,3964.0,3683.0,4776.0,3043.0
2026-07-31 14:36:23,2026-07-31 14:21,3806.0,3809.0,-0.08,29058800,3964.0,3683.0,4776.0,3043.0
2026-07-31 14:40:50,2026-07-31 14:25,3803.0,3809.0,-0.16,29188100,3964.0,3683.0,4776.0,3043.0
2026-07-31 14:45:37,2026-07-31 14:30,3791.0,3809.0,-0.47,29422100,3964.0,3683.0,4776.0,3043.0
2026-07-31 14:50:31,2026-07-31 14:35,3795.0,3809.0,-0.37,29593200,3964.0,3683.0,4776.0,3043.0
2026-07-31 14:55:35,2026-07-31 14:40,3817.0,3809.0,0.21,30020700,3964.0,3683.0,4776.0,3043.0
2026-07-31 15:00:45,2026-07-31 14:45,3809.0,3809.0,0.0,30392900,3964.0,3683.0,4776.0,3043.0
2026-07-31 15:05:40,2026-07-31 14:50,3811.0,3809.0,0.05,30660400,3964.0,3683.0,4776.0,3043.0
2026-07-31 15:10:45,2026-07-31 14:55,3835.0,3809.0,0.68,31132700,3964.0,3683.0,4776.0,3043.0
2026-07-31 15:15:38,2026-07-31 15:00,3845.0,3809.0,0.95,31558000,3964.0,3683.0,4776.0,3043.0
2026-07-31 15:20:46,2026-07-31 15:05,3827.0,3809.0,0.47,31905600,3964.0,3683.0,4776.0,3043.0
2026-07-31 15:25:40,2026-07-31 15:10,3809.0,3809.0,0.0,32253500,3964.0,3683.0,4776.0,3043.0
2026-07-31 15:30:51,2026-07-31 15:15,3813.0,3809.0,0.11,32587200,3964.0,3683.0,4776.0,3043.0
2026-07-31 15:40:42,2026-07-31 15:24,3807.0,3809.0,-0.05,33195800,3964.0,3683.0,4776.0,3043.0
2026-08-03 09:05:31,2026-07-31 15:30,3787.0,3809.0,-0.58,39278600,3964.0,3683.0,4776.0,3043.0
2026-08-03 09:10:32,2026-07-31 15:30,3787.0,3809.0,-0.58,39278600,3964.0,3683.0,4776.0,3043.0
2026-08-03 09:15:40,2026-07-31 15:30,3787.0,3809.0,-0.58,39278600,3964.0,3683.0,4776.0,3043.0
2026-08-03 09:20:35,2026-07-31 15:30,3787.0,3809.0,-0.58,39278600,3964.0,3683.0,4776.0,3043.0
2026-08-03 09:25:48,2026-08-03 09:10,3623.0,3787.0,-4.33,3237600,3683.0,3588.0,4776.0,3043.0
2026-08-03 09:30:35,2026-08-03 09:15,3628.0,3787.0,-4.2,3915100,3683.0,3588.0,4776.0,3043.0
2026-08-03 09:35:38,2026-08-03 09:20,3635.0,3787.0,-4.01,4608700,3683.0,3588.0,4776.0,3043.0
2026-08-03 09:40:32,2026-08-03 09:25,3606.0,3787.0,-4.78,5269700,3683.0,3588.0,4776.0,3043.0
2026-08-03 09:45:42,2026-08-03 09:30,3610.0,3787.0,-4.67,5998900,3683.0,3588.0,4776.0,3043.0
2026-08-03 09:50:32,2026-08-03 09:35,3607.0,3787.0,-4.75,6439600,3683.0,3588.0,4776.0,3043.0
2026-08-03 09:55:33,2026-08-03 09:40,3623.0,3787.0,-4.33,6871700,3683.0,3588.0,4776.0,3043.0
2026-08-03 10:00:34,2026-08-03 09:45,3599.0,3787.0,-4.96,7456200,3683.0,3588.0,4776.0,3043.0
2026-08-03 10:05:35,2026-08-03 09:50,3603.0,3787.0,-4.86,7717000,3683.0,3588.0,4776.0,3043.0
2026-08-03 10:10:31,2026-08-03 09:55,3586.0,3787.0,-5.31,8021300,3683.0,3584.0,4776.0,3043.0
2026-08-03 10:15:38,2026-08-03 10:00,3573.0,3787.0,-5.65,8306500,3683.0,3572.0,4776.0,3043.0
2026-08-03 10:20:35,2026-08-03 10:05,3570.0,3787.0,-5.73,8598400,3683.0,3565.0,4776.0,3043.0
2026-08-03 10:25:46,2026-08-03 10:10,3570.0,3787.0,-5.73,8875600,3683.0,3563.0,4776.0,3043.0
2026-08-03 10:30:39,2026-08-03 10:15,3574.0,3787.0,-5.62,9153300,3683.0,3561.0,4776.0,3043.0
2026-08-03 10:35:46,2026-08-03 10:20,3577.0,3787.0,-5.55,9394800,3683.0,3561.0,4776.0,3043.0
2026-08-03 10:40:39,2026-08-03 10:25,3561.0,3787.0,-5.97,9661800,3683.0,3555.0,4776.0,3043.0
2026-08-03 10:45:41,2026-08-03 10:30,3564.0,3787.0,-5.89,9849500,3683.0,3555.0,4776.0,3043.0
2026-08-03 10:50:41,2026-08-03 10:35,3570.0,3787.0,-5.73,10055400,3683.0,3555.0,4776.0,3043.0
2026-08-03 10:55:34,2026-08-03 10:40,3566.0,3787.0,-5.84,10248500,3683.0,3555.0,4776.0,3043.0
2026-08-03 11:00:44,2026-08-03 10:45,3570.0,3787.0,-5.73,10427300,3683.0,3555.0,4776.0,3043.0
2026-08-03 11:05:41,2026-08-03 10:50,3574.0,3787.0,-5.62,10626600,3683.0,3555.0,4776.0,3043.0
2026-08-03 11:10:47,2026-08-03 10:55,3574.0,3787.0,-5.62,10881500,3683.0,3555.0,4776.0,3043.0
2026-08-03 11:15:36,2026-08-03 11:00,3563.0,3787.0,-5.91,11065200,3683.0,3555.0,4776.0,3043.0
2026-08-03 11:20:36,2026-08-03 11:05,3591.0,3787.0,-5.18,11356600,3683.0,3555.0,4776.0,3043.0
2026-08-03 11:25:35,2026-08-03 11:10,3572.0,3787.0,-5.68,11685700,3683.0,3555.0,4776.0,3043.0
2026-08-03 11:30:41,2026-08-03 11:15,3562.0,3787.0,-5.94,11938600,3683.0,3555.0,4776.0,3043.0
2026-08-03 12:30:32,2026-08-03 11:30,3567.0,3787.0,-5.81,12782300,3683.0,3555.0,4776.0,3043.0
2026-08-03 12:35:40,2026-08-03 11:30,3567.0,3787.0,-5.81,12782300,3683.0,3555.0,4776.0,3043.0
2026-08-03 12:40:36,2026-08-03 11:30,3567.0,3787.0,-5.81,12782300,3683.0,3555.0,4776.0,3043.0
2026-08-03 12:45:33,2026-08-03 12:30,3587.0,3787.0,-5.28,13284100,3683.0,3555.0,4776.0,3043.0
2026-08-03 12:50:37,2026-08-03 12:35,3585.0,3787.0,-5.33,13857400,3683.0,3555.0,4776.0,3043.0
2026-08-03 12:55:33,2026-08-03 12:40,3600.0,3787.0,-4.94,14266700,3683.0,3555.0,4776.0,3043.0
2026-08-03 13:00:41,2026-08-03 12:45,3609.0,3787.0,-4.7,14710600,3683.0,3555.0,4776.0,3043.0
2026-08-03 13:05:37,2026-08-03 12:50,3598.0,3787.0,-4.99,15099900,3683.0,3555.0,4776.0,3043.0
2026-08-03 13:10:35,2026-08-03 12:55,3593.0,3787.0,-5.12,15485800,3683.0,3555.0,4776.0,3043.0
2026-08-03 13:15:38,2026-08-03 13:00,3596.0,3787.0,-5.04,15784800,3683.0,3555.0,4776.0,3043.0
2026-08-03 13:20:39,2026-08-03 13:05,3607.0,3787.0,-4.75,16063900,3683.0,3555.0,4776.0,3043.0
2026-08-03 13:25:39,2026-08-03 13:10,3622.0,3787.0,-4.36,16616800,3683.0,3555.0,4776.0,3043.0
2026-08-03 13:30:36,2026-08-03 13:15,3615.0,3787.0,-4.54,17051400,3683.0,3555.0,4776.0,3043.0
2026-08-03 13:35:37,2026-08-03 13:20,3624.0,3787.0,-4.3,17247100,3683.0,3555.0,4776.0,3043.0
2026-08-03 13:40:37,2026-08-03 13:25,3627.0,3787.0,-4.22,17376800,3683.0,3555.0,4776.0,3043.0
2026-08-03 13:45:32,2026-08-03 13:30,3625.0,3787.0,-4.28,17527400,3683.0,3555.0,4776.0,3043.0
2026-08-03 13:51:13,2026-08-03 13:36,3611.0,3787.0,-4.65,17762400,3683.0,3555.0,4776.0,3043.0
2026-08-03 13:55:44,2026-08-03 13:40,3597.0,3787.0,-5.02,17944800,3683.0,3555.0,4776.0,3043.0
2026-08-03 14:00:32,2026-08-03 13:45,3581.0,3787.0,-5.44,18161900,3683.0,3555.0,4776.0,3043.0
2026-08-03 14:05:40,2026-08-03 13:50,3577.0,3787.0,-5.55,18402600,3683.0,3555.0,4776.0,3043.0
2026-08-03 14:10:30,2026-08-03 13:55,3570.0,3787.0,-5.73,18606000,3683.0,3555.0,4776.0,3043.0
2026-08-03 14:15:43,2026-08-03 14:00,3566.0,3787.0,-5.84,18798100,3683.0,3555.0,4776.0,3043.0
2026-08-03 14:20:50,2026-08-03 14:05,3569.0,3787.0,-5.76,18951300,3683.0,3555.0,4776.0,3043.0
2026-08-03 14:25:42,2026-08-03 14:10,3567.0,3787.0,-5.81,19109600,3683.0,3555.0,4776.0,3043.0
2026-08-03 14:30:31,2026-08-03 14:15,3570.0,3787.0,-5.73,19292300,3683.0,3555.0,4776.0,3043.0
2026-08-03 14:35:39,2026-08-03 14:20,3577.0,3787.0,-5.55,19460100,3683.0,3555.0,4776.0,3043.0
2026-08-03 14:40:43,2026-08-03 14:25,3579.0,3787.0,-5.49,19662300,3683.0,3555.0,4776.0,3043.0
2026-08-03 14:45:36,2026-08-03 14:30,3584.0,3787.0,-5.36,19824600,3683.0,3555.0,4776.0,3043.0
2026-08-03 14:50:42,2026-08-03 14:35,3583.0,3787.0,-5.39,20045600,3683.0,3555.0,4776.0,3043.0
2026-08-03 14:55:31,2026-08-03 14:40,3584.0,3787.0,-5.36,20242900,3683.0,3555.0,4776.0,3043.0
2026-08-03 15:00:37,2026-08-03 14:45,3576.0,3787.0,-5.57,20542400,3683.0,3555.0,4776.0,3043.0
2026-08-03 15:05:31,2026-08-03 14:50,3577.0,3787.0,-5.55,20683100,3683.0,3555.0,4776.0,3043.0
2026-08-03 15:10:39,2026-08-03 14:55,3576.0,3787.0,-5.57,20876500,3683.0,3555.0,4776.0,3043.0
2026-08-03 15:15:48,2026-08-03 15:00,3571.0,3787.0,-5.7,21143800,3683.0,3555.0,4776.0,3043.0
2026-08-03 15:20:46,2026-08-03 15:05,3574.0,3787.0,-5.62,21411900,3683.0,3555.0,4776.0,3043.0
2026-08-03 15:25:44,2026-08-03 15:10,3567.0,3787.0,-5.81,21686600,3683.0,3555.0,4776.0,3043.0
2026-08-03 15:30:43,2026-08-03 15:15,3568.0,3787.0,-5.78,21993400,3683.0,3555.0,4776.0,3043.0
2026-08-03 15:40:49,2026-08-03 15:24,3575.0,3787.0,-5.6,22791300,3683.0,3555.0,4776.0,3043.0
2026-08-04 09:05:46,2026-08-03 15:30,3589.0,3787.0,-5.23,27774900,3683.0,3555.0,4776.0,3043.0
2026-08-04 09:10:32,2026-08-03 15:30,3589.0,3787.0,-5.23,27774900,3683.0,3555.0,4776.0,3043.0
2026-08-04 09:15:39,2026-08-04 09:00,3589.0,3787.0,-5.23,29359800,3572.0,3542.0,4776.0,3043.0
2026-08-04 09:20:38,2026-08-04 09:05,3615.0,3589.0,0.72,2418800,3627.0,3542.0,4776.0,3043.0
2026-08-04 09:25:40,2026-08-04 09:10,3562.0,3589.0,-0.75,2985200,3627.0,3542.0,4776.0,3043.0
2026-08-04 09:30:33,2026-08-04 09:15,3562.0,3589.0,-0.75,3338200,3627.0,3542.0,4776.0,3043.0
2026-08-04 09:35:44,2026-08-04 09:20,3562.0,3589.0,-0.75,3780800,3627.0,3542.0,4776.0,3043.0
2026-08-04 09:40:41,2026-08-04 09:25,3556.0,3589.0,-0.92,4146200,3627.0,3542.0,4776.0,3043.0
2026-08-04 09:45:41,2026-08-04 09:30,3569.0,3589.0,-0.56,4449400,3627.0,3542.0,4776.0,3043.0
2026-08-04 09:50:34,2026-08-04 09:35,3576.0,3589.0,-0.36,4765600,3627.0,3542.0,4776.0,3043.0
2026-08-04 09:55:53,2026-08-04 09:40,3589.0,3589.0,0.0,5148300,3627.0,3542.0,4776.0,3043.0
2026-08-04 10:00:50,2026-08-04 09:45,3589.0,3589.0,0.0,5675500,3627.0,3542.0,4776.0,3043.0
2026-08-04 10:05:40,2026-08-04 09:50,3582.0,3589.0,-0.2,6072800,3627.0,3542.0,4776.0,3043.0
2026-08-04 10:10:47,2026-08-04 09:55,3573.0,3589.0,-0.45,6347100,3627.0,3542.0,4776.0,3043.0
2026-08-04 10:15:46,2026-08-04 10:00,3576.0,3589.0,-0.36,6624500,3627.0,3542.0,4776.0,3043.0
2026-08-04 10:20:36,2026-08-04 10:05,3575.0,3589.0,-0.39,6726100,3627.0,3542.0,4776.0,3043.0
2026-08-04 10:25:32,2026-08-04 10:10,3567.0,3589.0,-0.61,6860600,3627.0,3542.0,4776.0,3043.0
2026-08-04 10:30:35,2026-08-04 10:15,3565.0,3589.0,-0.67,7037000,3627.0,3542.0,4776.0,3043.0
2026-08-04 10:35:41,2026-08-04 10:20,3567.0,3589.0,-0.61,7194600,3627.0,3542.0,4776.0,3043.0
2026-08-04 10:40:45,2026-08-04 10:25,3560.0,3589.0,-0.81,7325000,3627.0,3542.0,4776.0,3043.0
2026-08-04 10:45:43,2026-08-04 10:30,3559.0,3589.0,-0.84,7507900,3627.0,3542.0,4776.0,3043.0
2026-08-04 10:50:45,2026-08-04 10:35,3562.0,3589.0,-0.75,7636500,3627.0,3542.0,4776.0,3043.0
2026-08-04 11:10:56,2026-08-04 10:55,3562.0,3589.0,-0.75,8202100,3627.0,3542.0,4776.0,3043.0
2026-08-04 11:15:41,2026-08-04 11:00,3561.0,3589.0,-0.78,8411500,3627.0,3542.0,4776.0,3043.0
2026-08-04 11:20:37,2026-08-04 11:05,3549.0,3589.0,-1.11,8576900,3627.0,3542.0,4776.0,3043.0
2026-08-04 11:25:34,2026-08-04 11:10,3547.0,3589.0,-1.17,8697300,3627.0,3542.0,4776.0,3043.0
2026-08-04 11:30:34,2026-08-04 11:15,3540.0,3589.0,-1.37,8802700,3627.0,3540.0,4776.0,3043.0
2026-08-04 12:30:39,2026-08-04 11:30,3546.0,3589.0,-1.2,9179700,3627.0,3536.0,4776.0,3043.0
2026-08-04 12:35:39,2026-08-04 11:30,3546.0,3589.0,-1.2,9179700,3627.0,3536.0,4776.0,3043.0
2026-08-04 12:40:37,2026-08-04 11:30,3546.0,3589.0,-1.2,9179700,3627.0,3536.0,4776.0,3043.0
2026-08-04 12:45:39,2026-08-04 12:30,3557.0,3589.0,-0.89,9488000,3627.0,3536.0,4776.0,3043.0
2026-08-04 12:50:36,2026-08-04 12:35,3549.0,3589.0,-1.11,9714200,3627.0,3536.0,4776.0,3043.0
2026-08-04 12:55:40,2026-08-04 12:40,3551.0,3589.0,-1.06,9820600,3627.0,3536.0,4776.0,3043.0
2026-08-04 13:00:38,2026-08-04 12:45,3542.0,3589.0,-1.31,9973300,3627.0,3536.0,4776.0,3043.0
2026-08-04 13:05:44,2026-08-04 12:50,3539.0,3589.0,-1.39,10085800,3627.0,3536.0,4776.0,3043.0
2026-08-04 13:10:45,2026-08-04 12:55,3535.0,3589.0,-1.5,10213800,3627.0,3534.0,4776.0,3043.0
2026-08-04 13:15:49,2026-08-04 13:00,3535.0,3589.0,-1.5,10331300,3627.0,3533.0,4776.0,3043.0
2026-08-04 13:20:28,2026-08-04 13:05,3537.0,3589.0,-1.45,10483000,3627.0,3533.0,4776.0,3043.0
2026-08-04 13:25:35,2026-08-04 13:10,3539.0,3589.0,-1.39,10615300,3627.0,3533.0,4776.0,3043.0
2026-08-04 13:30:41,2026-08-04 13:15,3546.0,3589.0,-1.2,10693700,3627.0,3533.0,4776.0,3043.0
2026-08-04 13:35:44,2026-08-04 13:20,3552.0,3589.0,-1.03,10818400,3627.0,3533.0,4776.0,3043.0
2026-08-04 13:40:38,2026-08-04 13:25,3554.0,3589.0,-0.98,10872900,3627.0,3533.0,4776.0,3043.0
2026-08-04 13:45:46,2026-08-04 13:30,3552.0,3589.0,-1.03,11063400,3627.0,3533.0,4776.0,3043.0
2026-08-04 13:50:36,2026-08-04 13:35,3552.0,3589.0,-1.03,11199900,3627.0,3533.0,4776.0,3043.0
2026-08-04 13:55:31,2026-08-04 13:40,3548.0,3589.0,-1.14,11295200,3627.0,3533.0,4776.0,3043.0
2026-08-04 14:00:39,2026-08-04 13:45,3545.0,3589.0,-1.23,11372400,3627.0,3533.0,4776.0,3043.0
2026-08-04 14:05:39,2026-08-04 13:50,3551.0,3589.0,-1.06,11493000,3627.0,3533.0,4776.0,3043.0
2026-08-04 14:10:45,2026-08-04 13:55,3553.0,3589.0,-1.0,11736200,3627.0,3533.0,4776.0,3043.0
2026-08-04 14:15:43,2026-08-04 14:00,3553.0,3589.0,-1.0,11849900,3627.0,3533.0,4776.0,3043.0
2026-08-04 14:20:45,2026-08-04 14:05,3550.0,3589.0,-1.09,11939200,3627.0,3533.0,4776.0,3043.0
2026-08-04 14:25:44,2026-08-04 14:10,3544.0,3589.0,-1.25,12084300,3627.0,3533.0,4776.0,3043.0
2026-08-04 14:30:36,2026-08-04 14:15,3542.0,3589.0,-1.31,12329100,3627.0,3533.0,4776.0,3043.0
2026-08-04 14:35:38,2026-08-04 14:20,3539.0,3589.0,-1.39,12411000,3627.0,3533.0,4776.0,3043.0
2026-08-04 14:40:37,2026-08-04 14:25,3540.0,3589.0,-1.37,12473100,3627.0,3533.0,4776.0,3043.0
2026-08-04 14:45:33,2026-08-04 14:30,3537.0,3589.0,-1.45,12569400,3627.0,3533.0,4776.0,3043.0
2026-08-04 14:50:42,2026-08-04 14:35,3539.0,3589.0,-1.39,12739000,3627.0,3531.0,4776.0,3043.0
2026-08-04 14:55:36,2026-08-04 14:40,3535.0,3589.0,-1.5,12837200,3627.0,3531.0,4776.0,3043.0
2026-08-04 15:40:49,2026-08-04 15:24,3542.0,3589.0,-1.31,14213700,3627.0,3531.0,4776.0,3043.0
2026-08-05 09:05:32,2026-08-04 15:30,3539.0,3589.0,-1.39,18773800,3627.0,3531.0,4776.0,3043.0
2026-08-05 09:10:38,2026-08-04 15:30,3539.0,3589.0,-1.39,18773800,3627.0,3531.0,4776.0,3043.0
2026-08-05 09:15:43,2026-08-05 09:00,3539.0,3589.0,-1.39,19985800,3546.0,3515.0,4776.0,3043.0
2026-08-05 09:20:35,2026-08-05 09:05,3605.0,3539.0,1.86,2417200,3611.0,3515.0,4776.0,3043.0
2026-08-05 09:25:34,2026-08-05 09:10,3607.0,3539.0,1.92,3085500,3622.0,3515.0,4776.0,3043.0
2026-08-05 09:30:39,2026-08-05 09:15,3632.0,3539.0,2.63,3548200,3638.0,3515.0,4776.0,3043.0
2026-08-05 09:35:36,2026-08-05 09:20,3634.0,3539.0,2.68,3827500,3640.0,3515.0,4776.0,3043.0
2026-08-05 09:40:44,2026-08-05 09:25,3633.0,3539.0,2.66,4157800,3642.0,3515.0,4776.0,3043.0
2026-08-05 09:45:45,2026-08-05 09:30,3622.0,3539.0,2.35,4433300,3642.0,3515.0,4776.0,3043.0
2026-08-05 09:50:52,2026-08-05 09:35,3622.0,3539.0,2.35,4688900,3642.0,3515.0,4776.0,3043.0
2026-08-05 09:55:41,2026-08-05 09:40,3611.0,3539.0,2.03,4934400,3642.0,3515.0,4776.0,3043.0
2026-08-05 10:00:53,2026-08-05 09:45,3593.0,3539.0,1.53,5168500,3642.0,3515.0,4776.0,3043.0
2026-08-05 10:05:32,2026-08-05 09:50,3604.0,3539.0,1.84,5433100,3642.0,3515.0,4776.0,3043.0
2026-08-05 10:10:32,2026-08-05 09:55,3593.0,3539.0,1.53,5611600,3642.0,3515.0,4776.0,3043.0
2026-08-05 10:15:38,2026-08-05 10:00,3587.0,3539.0,1.36,5813000,3642.0,3515.0,4776.0,3043.0
2026-08-05 10:20:35,2026-08-05 10:05,3576.0,3539.0,1.05,5940000,3642.0,3515.0,4776.0,3043.0
2026-08-05 10:25:41,2026-08-05 10:10,3572.0,3539.0,0.93,6165600,3642.0,3515.0,4776.0,3043.0
2026-08-05 10:30:43,2026-08-05 10:15,3568.0,3539.0,0.82,6265500,3642.0,3515.0,4776.0,3043.0
2026-08-05 10:35:32,2026-08-05 10:20,3569.0,3539.0,0.85,6354000,3642.0,3515.0,4776.0,3043.0
2026-08-05 10:40:40,2026-08-05 10:25,3566.0,3539.0,0.76,6462900,3642.0,3515.0,4776.0,3043.0
2026-08-05 10:45:49,2026-08-05 10:30,3566.0,3539.0,0.76,6595500,3642.0,3515.0,4776.0,3043.0
2026-08-05 10:50:42,2026-08-05 10:35,3562.0,3539.0,0.65,6687600,3642.0,3515.0,4776.0,3043.0
2026-08-05 10:55:37,2026-08-05 10:40,3562.0,3539.0,0.65,6750400,3642.0,3515.0,4776.0,3043.0
2026-08-05 11:00:44,2026-08-05 10:45,3555.0,3539.0,0.45,6844200,3642.0,3515.0,4776.0,3043.0
2026-08-05 11:05:48,2026-08-05 10:50,3547.0,3539.0,0.23,7000100,3642.0,3515.0,4776.0,3043.0
2026-08-05 11:10:46,2026-08-05 10:55,3552.0,3539.0,0.37,7098100,3642.0,3515.0,4776.0,3043.0
2026-08-05 11:15:35,2026-08-05 11:00,3553.0,3539.0,0.4,7198000,3642.0,3515.0,4776.0,3043.0
2026-08-05 11:20:36,2026-08-05 11:05,3554.0,3539.0,0.42,7353100,3642.0,3515.0,4776.0,3043.0
2026-08-05 11:25:40,2026-08-05 11:10,3552.0,3539.0,0.37,7435400,3642.0,3515.0,4776.0,3043.0
2026-08-05 11:30:42,2026-08-05 11:15,3552.0,3539.0,0.37,7571800,3642.0,3515.0,4776.0,3043.0
2026-08-05 12:30:41,2026-08-05 11:30,3540.0,3539.0,0.03,8018400,3642.0,3515.0,4776.0,3043.0
2026-08-05 12:35:36,2026-08-05 11:30,3540.0,3539.0,0.03,8018400,3642.0,3515.0,4776.0,3043.0
2026-08-05 12:40:39,2026-08-05 11:30,3540.0,3539.0,0.03,8018400,3642.0,3515.0,4776.0,3043.0
2026-08-05 12:45:38,2026-08-05 12:30,3539.0,3539.0,0.0,8340500,3642.0,3515.0,4776.0,3043.0
2026-08-05 12:50:40,2026-08-05 12:35,3545.0,3539.0,0.17,8601400,3642.0,3515.0,4776.0,3043.0
2026-08-05 12:55:34,2026-08-05 12:40,3543.0,3539.0,0.11,8717200,3642.0,3515.0,4776.0,3043.0
2026-08-05 13:00:46,2026-08-05 12:45,3541.0,3539.0,0.06,8839900,3642.0,3515.0,4776.0,3043.0
2026-08-05 13:05:40,2026-08-05 12:50,3542.0,3539.0,0.08,8938900,3642.0,3515.0,4776.0,3043.0
2026-08-05 13:10:37,2026-08-05 12:55,3538.0,3539.0,-0.03,9009800,3642.0,3515.0,4776.0,3043.0
2026-08-05 13:15:39,2026-08-05 13:00,3538.0,3539.0,-0.03,9220900,3642.0,3515.0,4776.0,3043.0
2026-08-05 13:20:38,2026-08-05 13:05,3542.0,3539.0,0.08,9316900,3642.0,3515.0,4776.0,3043.0
2026-08-05 13:25:37,2026-08-05 13:10,3541.0,3539.0,0.06,9398200,3642.0,3515.0,4776.0,3043.0
2026-08-05 13:30:44,2026-08-05 13:15,3538.0,3539.0,-0.03,9548600,3642.0,3515.0,4776.0,3043.0
2026-08-05 13:35:45,2026-08-05 13:20,3538.0,3539.0,-0.03,9602000,3642.0,3515.0,4776.0,3043.0
2026-08-05 13:40:39,2026-08-05 13:25,3540.0,3539.0,0.03,9652800,3642.0,3515.0,4776.0,3043.0
2026-08-05 13:45:31,2026-08-05 13:30,3540.0,3539.0,0.03,9909400,3642.0,3515.0,4776.0,3043.0
2026-08-05 13:50:31,2026-08-05 13:35,3542.0,3539.0,0.08,9981500,3642.0,3515.0,4776.0,3043.0
2026-08-05 13:55:37,2026-08-05 13:40,3546.0,3539.0,0.2,10043200,3642.0,3515.0,4776.0,3043.0
2026-08-05 14:00:45,2026-08-05 13:45,3548.0,3539.0,0.25,10136400,3642.0,3515.0,4776.0,3043.0
2026-08-05 14:05:39,2026-08-05 13:50,3544.0,3539.0,0.14,10235900,3642.0,3515.0,4776.0,3043.0
2026-08-05 14:10:41,2026-08-05 13:55,3543.0,3539.0,0.11,10260500,3642.0,3515.0,4776.0,3043.0
2026-08-05 14:31:03,2026-08-05 14:16,3547.0,3539.0,0.23,10554700,3642.0,3515.0,4776.0,3043.0
2026-08-05 14:35:37,2026-08-05 14:20,3544.0,3539.0,0.14,10600900,3642.0,3515.0,4776.0,3043.0
2026-08-05 14:40:43,2026-08-05 14:25,3550.0,3539.0,0.31,10676300,3642.0,3515.0,4776.0,3043.0
2026-08-05 14:45:39,2026-08-05 14:30,3554.0,3539.0,0.42,10787400,3642.0,3515.0,4776.0,3043.0
2026-08-05 14:50:43,2026-08-05 14:35,3555.0,3539.0,0.45,10924100,3642.0,3515.0,4776.0,3043.0
2026-08-05 14:55:41,2026-08-05 14:40,3551.0,3539.0,0.34,11034400,3642.0,3515.0,4776.0,3043.0
2026-08-05 15:00:33,2026-08-05 14:45,3554.0,3539.0,0.42,11121400,3642.0,3515.0,4776.0,3043.0
2026-08-05 15:05:39,2026-08-05 14:50,3552.0,3539.0,0.37,11177000,3642.0,3515.0,4776.0,3043.0
2026-08-05 15:10:56,2026-08-05 14:55,3555.0,3539.0,0.45,11333500,3642.0,3515.0,4776.0,3043.0
2026-08-05 15:16:19,2026-08-05 15:01,3559.0,3539.0,0.57,11469100,3642.0,3515.0,4776.0,3043.0
2026-08-05 15:20:30,2026-08-05 15:05,3556.0,3539.0,0.48,11546200,3642.0,3515.0,4776.0,3043.0
2026-08-05 15:25:31,2026-08-05 15:10,3559.0,3539.0,0.57,11647500,3642.0,3515.0,4776.0,3043.0
2026-08-05 15:30:50,2026-08-05 15:15,3561.0,3539.0,0.62,11859200,3642.0,3515.0,4776.0,3043.0
2026-08-05 15:40:40,2026-08-05 15:24,3565.0,3539.0,0.73,12327500,3642.0,3515.0,4776.0,3043.0
2026-08-06 09:05:44,2026-08-05 15:30,3565.0,3539.0,0.73,16765700,3642.0,3515.0,4776.0,3043.0
2026-08-06 09:10:34,2026-08-05 15:30,3565.0,3539.0,0.73,16765700,3642.0,3515.0,4776.0,3043.0
2026-08-06 09:15:36,2026-08-05 15:30,3565.0,3539.0,0.73,16765700,3642.0,3515.0,4776.0,3043.0
2026-08-06 09:20:37,2026-08-06 09:05,3630.0,3565.0,1.82,2649900,3650.0,3615.0,4776.0,3043.0
2026-08-06 09:25:36,2026-08-06 09:10,3615.0,3565.0,1.4,3331000,3663.0,3609.0,4776.0,3043.0
2026-08-06 09:30:39,2026-08-06 09:15,3629.0,3565.0,1.8,3719000,3663.0,3609.0,4776.0,3043.0
2026-08-06 09:35:45,2026-08-06 09:20,3634.0,3565.0,1.94,4088300,3663.0,3609.0,4776.0,3043.0
2026-08-06 09:46:08,2026-08-06 09:31,3634.0,3565.0,1.94,4818100,3663.0,3609.0,4776.0,3043.0
2026-08-06 09:46:46,2026-08-06 09:31,3636.0,3565.0,1.99,4848300,3663.0,3609.0,4776.0,3043.0
2026-08-06 09:50:30,2026-08-06 09:35,3613.0,3565.0,1.35,5022900,3663.0,3609.0,4776.0,3043.0
2026-08-06 09:55:43,2026-08-06 09:40,3601.0,3565.0,1.01,5222900,3663.0,3600.0,4776.0,3043.0
2026-08-06 10:00:45,2026-08-06 09:45,3601.0,3565.0,1.01,5412500,3663.0,3596.0,4776.0,3043.0
2026-08-06 10:05:46,2026-08-06 09:50,3603.0,3565.0,1.07,5555500,3663.0,3596.0,4776.0,3043.0
2026-08-06 10:10:42,2026-08-06 09:55,3608.0,3565.0,1.21,5702500,3663.0,3596.0,4776.0,3043.0
2026-08-06 10:15:43,2026-08-06 10:00,3596.0,3565.0,0.87,5850600,3663.0,3595.0,4776.0,3043.0
2026-08-06 10:20:47,2026-08-06 10:05,3612.0,3565.0,1.32,6010600,3663.0,3595.0,4776.0,3043.0
2026-08-06 10:25:41,2026-08-06 10:10,3604.0,3565.0,1.09,6184500,3663.0,3594.0,4776.0,3043.0
2026-08-06 10:30:42,2026-08-06 10:15,3608.0,3565.0,1.21,6272400,3663.0,3594.0,4776.0,3043.0
2026-08-06 10:35:37,2026-08-06 10:20,3618.0,3565.0,1.49,6404500,3663.0,3594.0,4776.0,3043.0
2026-08-06 10:40:36,2026-08-06 10:25,3617.0,3565.0,1.46,6548500,3663.0,3594.0,4776.0,3043.0
2026-08-06 10:45:37,2026-08-06 10:30,3629.0,3565.0,1.8,6741900,3663.0,3594.0,4776.0,3043.0
2026-08-06 10:50:49,2026-08-06 10:35,3645.0,3565.0,2.24,6972400,3663.0,3594.0,4776.0,3043.0
2026-08-06 10:55:32,2026-08-06 10:40,3641.0,3565.0,2.13,7162300,3663.0,3594.0,4776.0,3043.0
2026-08-06 11:00:43,2026-08-06 10:45,3641.0,3565.0,2.13,7295700,3663.0,3594.0,4776.0,3043.0
2026-08-06 11:05:35,2026-08-06 10:50,3640.0,3565.0,2.1,7409600,3663.0,3594.0,4776.0,3043.0
2026-08-06 11:10:48,2026-08-06 10:55,3646.0,3565.0,2.27,7538300,3663.0,3594.0,4776.0,3043.0
2026-08-06 11:20:42,2026-08-06 11:05,3658.0,3565.0,2.61,7875500,3663.0,3594.0,4776.0,3043.0
2026-08-06 11:25:35,2026-08-06 11:10,3653.0,3565.0,2.47,8020100,3663.0,3594.0,4776.0,3043.0
2026-08-06 11:30:51,2026-08-06 11:15,3646.0,3565.0,2.27,8193900,3663.0,3594.0,4776.0,3043.0
2026-08-06 12:30:38,2026-08-06 11:30,3634.0,3565.0,1.94,8550900,3663.0,3594.0,4776.0,3043.0
2026-08-06 12:35:35,2026-08-06 11:30,3634.0,3565.0,1.94,8550900,3663.0,3594.0,4776.0,3043.0
2026-08-06 12:40:51,2026-08-06 11:30,3634.0,3565.0,1.94,8550900,3663.0,3594.0,4776.0,3043.0
2026-08-06 12:45:38,2026-08-06 12:30,3635.0,3565.0,1.96,8802800,3663.0,3594.0,4776.0,3043.0
2026-08-06 12:50:49,2026-08-06 12:35,3628.0,3565.0,1.77,8948800,3663.0,3594.0,4776.0,3043.0
2026-08-06 12:55:37,2026-08-06 12:40,3622.0,3565.0,1.6,9109700,3663.0,3594.0,4776.0,3043.0
2026-08-06 13:00:36,2026-08-06 12:45,3626.0,3565.0,1.71,9219500,3663.0,3594.0,4776.0,3043.0
2026-08-06 13:05:34,2026-08-06 12:50,3631.0,3565.0,1.85,9310900,3663.0,3594.0,4776.0,3043.0
2026-08-06 13:10:42,2026-08-06 12:55,3629.0,3565.0,1.8,9362200,3663.0,3594.0,4776.0,3043.0
2026-08-06 13:15:32,2026-08-06 13:00,3623.0,3565.0,1.63,9466200,3663.0,3594.0,4776.0,3043.0
2026-08-06 13:20:46,2026-08-06 13:05,3621.0,3565.0,1.57,9523800,3663.0,3594.0,4776.0,3043.0
2026-08-06 13:25:32,2026-08-06 13:10,3620.0,3565.0,1.54,9581200,3663.0,3594.0,4776.0,3043.0
2026-08-06 13:30:47,2026-08-06 13:15,3617.0,3565.0,1.46,9660600,3663.0,3594.0,4776.0,3043.0
2026-08-06 13:35:40,2026-08-06 13:20,3615.0,3565.0,1.4,9724800,3663.0,3594.0,4776.0,3043.0
2026-08-06 13:40:42,2026-08-06 13:25,3613.0,3565.0,1.35,9797800,3663.0,3594.0,4776.0,3043.0
2026-08-06 13:45:39,2026-08-06 13:30,3615.0,3565.0,1.4,9886300,3663.0,3594.0,4776.0,3043.0
2026-08-06 13:50:37,2026-08-06 13:35,3619.0,3565.0,1.51,9949400,3663.0,3594.0,4776.0,3043.0
2026-08-06 13:55:45,2026-08-06 13:40,3622.0,3565.0,1.6,10005800,3663.0,3594.0,4776.0,3043.0
2026-08-06 14:00:33,2026-08-06 13:45,3618.0,3565.0,1.49,10043800,3663.0,3594.0,4776.0,3043.0
2026-08-06 14:05:42,2026-08-06 13:50,3616.0,3565.0,1.43,10095400,3663.0,3594.0,4776.0,3043.0
2026-08-06 14:10:37,2026-08-06 13:55,3618.0,3565.0,1.49,10129000,3663.0,3594.0,4776.0,3043.0
2026-08-06 14:15:35,2026-08-06 14:00,3609.0,3565.0,1.23,10226600,3663.0,3594.0,4776.0,3043.0
2026-08-06 14:20:39,2026-08-06 14:05,3614.0,3565.0,1.37,10283200,3663.0,3594.0,4776.0,3043.0
2026-08-06 14:25:39,2026-08-06 14:10,3609.0,3565.0,1.23,10344500,3663.0,3594.0,4776.0,3043.0
2026-08-06 14:30:38,2026-08-06 14:15,3614.0,3565.0,1.37,10387000,3663.0,3594.0,4776.0,3043.0
2026-08-06 14:35:29,2026-08-06 14:20,3627.0,3565.0,1.74,10544100,3663.0,3594.0,4776.0,3043.0
2026-08-06 14:40:32,2026-08-06 14:25,3631.0,3565.0,1.85,10653900,3663.0,3594.0,4776.0,3043.0
2026-08-06 14:45:37,2026-08-06 14:30,3634.0,3565.0,1.94,10754700,3663.0,3594.0,4776.0,3043.0
2026-08-06 14:50:38,2026-08-06 14:35,3632.0,3565.0,1.88,10852400,3663.0,3594.0,4776.0,3043.0
2026-08-06 14:55:39,2026-08-06 14:40,3633.0,3565.0,1.91,10897100,3663.0,3594.0,4776.0,3043.0
2026-08-06 15:00:39,2026-08-06 14:45,3635.0,3565.0,1.96,11002900,3663.0,3594.0,4776.0,3043.0
2026-08-06 15:05:37,2026-08-06 14:50,3638.0,3565.0,2.05,11059400,3663.0,3594.0,4776.0,3043.0
2026-08-06 15:10:50,2026-08-06 14:55,3638.0,3565.0,2.05,11153500,3663.0,3594.0,4776.0,3043.0
2026-08-06 15:15:41,2026-08-06 15:00,3648.0,3565.0,2.33,11480500,3663.0,3594.0,4776.0,3043.0
2026-08-06 15:20:44,2026-08-06 15:05,3648.0,3565.0,2.33,11607500,3663.0,3594.0,4776.0,3043.0
2026-08-06 15:25:32,2026-08-06 15:10,3643.0,3565.0,2.19,11844400,3663.0,3594.0,4776.0,3043.0
