抓取时间,行情时刻,价格,昨收,涨跌幅%,成交量,当日最高,当日最低,52周最高,52周最低
2026-07-06 09:31:26,2026-07-06 09:16,3337.0,3326.0,0.33,4235800,3337.0,3294.0,3394.0,1956.0
2026-07-06 10:18:16,2026-07-06 10:03,3340.0,3326.0,0.42,10624900,3365.0,3294.0,3394.0,1956.0
2026-07-06 10:55:26,2026-07-06 10:40,3350.0,3326.0,0.72,12996700,3365.0,3294.0,3394.0,1956.0
2026-07-06 10:58:55,2026-07-06 10:43,3345.0,3326.0,0.57,13132300,3365.0,3294.0,3394.0,1956.0
2026-07-06 11:00:37,2026-07-06 10:45,3345.0,3326.0,0.57,13180900,3365.0,3294.0,3394.0,1956.0
2026-07-06 11:05:38,2026-07-06 10:50,3344.0,3326.0,0.54,13352000,3365.0,3294.0,3394.0,1956.0
2026-07-06 11:10:38,2026-07-06 10:55,3346.0,3326.0,0.6,13547700,3365.0,3294.0,3394.0,1956.0
2026-07-06 11:15:32,2026-07-06 11:00,3349.0,3326.0,0.69,13677800,3365.0,3294.0,3394.0,1956.0
2026-07-06 11:20:35,2026-07-06 11:05,3348.0,3326.0,0.66,13857200,3365.0,3294.0,3394.0,1956.0
2026-07-06 11:25:37,2026-07-06 11:10,3349.0,3326.0,0.69,13961800,3365.0,3294.0,3394.0,1956.0
2026-07-06 11:30:37,2026-07-06 11:15,3349.0,3326.0,0.69,14137000,3365.0,3294.0,3394.0,1956.0
2026-07-06 12:30:36,2026-07-06 11:30,3354.0,3326.0,0.84,14699100,3365.0,3294.0,3394.0,1956.0
2026-07-06 12:35:33,2026-07-06 11:30,3354.0,3326.0,0.84,14699100,3365.0,3294.0,3394.0,1956.0
2026-07-06 12:40:35,2026-07-06 11:30,3354.0,3326.0,0.84,14699100,3365.0,3294.0,3394.0,1956.0
2026-07-06 12:45:36,2026-07-06 12:30,3358.0,3326.0,0.96,15203700,3365.0,3294.0,3394.0,1956.0
2026-07-06 12:50:36,2026-07-06 12:35,3356.0,3326.0,0.9,15515600,3365.0,3294.0,3394.0,1956.0
2026-07-06 12:55:45,2026-07-06 12:40,3355.0,3326.0,0.87,15788900,3365.0,3294.0,3394.0,1956.0
2026-07-06 13:00:47,2026-07-06 12:45,3349.0,3326.0,0.69,16045100,3365.0,3294.0,3394.0,1956.0
2026-07-06 13:05:34,2026-07-06 12:50,3347.0,3326.0,0.63,16324200,3365.0,3294.0,3394.0,1956.0
2026-07-06 13:10:41,2026-07-06 12:55,3348.0,3326.0,0.66,16423800,3365.0,3294.0,3394.0,1956.0
2026-07-06 13:15:37,2026-07-06 13:00,3349.0,3326.0,0.69,16830600,3365.0,3294.0,3394.0,1956.0
2026-07-06 13:20:35,2026-07-06 13:05,3352.0,3326.0,0.78,16923400,3365.0,3294.0,3394.0,1956.0
2026-07-06 13:25:44,2026-07-06 13:10,3352.0,3326.0,0.78,17051300,3365.0,3294.0,3394.0,1956.0
2026-07-06 13:30:42,2026-07-06 13:15,3352.0,3326.0,0.78,17168000,3365.0,3294.0,3394.0,1956.0
2026-07-06 13:35:35,2026-07-06 13:20,3353.0,3326.0,0.81,17286000,3365.0,3294.0,3394.0,1956.0
2026-07-06 13:40:40,2026-07-06 13:25,3354.0,3326.0,0.84,17418900,3365.0,3294.0,3394.0,1956.0
2026-07-06 13:45:47,2026-07-06 13:30,3358.0,3326.0,0.96,17578300,3365.0,3294.0,3394.0,1956.0
2026-07-06 13:50:37,2026-07-06 13:35,3354.0,3326.0,0.84,17783600,3365.0,3294.0,3394.0,1956.0
2026-07-06 13:55:37,2026-07-06 13:40,3361.0,3326.0,1.05,18189800,3365.0,3294.0,3394.0,1956.0
2026-07-06 14:00:41,2026-07-06 13:45,3358.0,3326.0,0.96,18313800,3365.0,3294.0,3394.0,1956.0
2026-07-06 14:05:44,2026-07-06 13:50,3356.0,3326.0,0.9,18408100,3365.0,3294.0,3394.0,1956.0
2026-07-06 14:10:40,2026-07-06 13:55,3358.0,3326.0,0.96,18475600,3365.0,3294.0,3394.0,1956.0
2026-07-06 14:15:40,2026-07-06 14:00,3357.0,3326.0,0.93,18605700,3365.0,3294.0,3394.0,1956.0
2026-07-06 14:20:39,2026-07-06 14:05,3357.0,3326.0,0.93,18733500,3365.0,3294.0,3394.0,1956.0
2026-07-06 14:25:34,2026-07-06 14:10,3359.0,3326.0,0.99,18818800,3365.0,3294.0,3394.0,1956.0
2026-07-06 14:30:40,2026-07-06 14:15,3363.0,3326.0,1.11,18990800,3365.0,3294.0,3394.0,1956.0
2026-07-06 14:35:40,2026-07-06 14:20,3365.0,3326.0,1.17,19289600,3365.0,3294.0,3394.0,1956.0
2026-07-06 14:40:35,2026-07-06 14:25,3362.0,3326.0,1.08,19428800,3365.0,3294.0,3394.0,1956.0
2026-07-06 14:45:42,2026-07-06 14:30,3363.0,3326.0,1.11,19800200,3366.0,3294.0,3394.0,1956.0
2026-07-06 14:50:44,2026-07-06 14:35,3365.0,3326.0,1.17,20046300,3366.0,3294.0,3394.0,1956.0
2026-07-06 14:55:41,2026-07-06 14:40,3367.0,3326.0,1.23,20268100,3367.0,3294.0,3394.0,1956.0
2026-07-06 15:00:35,2026-07-06 14:45,3365.0,3326.0,1.17,20516400,3368.0,3294.0,3394.0,1956.0
2026-07-06 15:16:27,2026-07-06 15:01,3364.0,3326.0,1.14,21076700,3368.0,3294.0,3394.0,1956.0
2026-07-06 15:20:39,2026-07-06 15:05,3363.0,3326.0,1.11,21281200,3368.0,3294.0,3394.0,1956.0
2026-07-06 15:25:45,2026-07-06 15:10,3365.0,3326.0,1.17,21617600,3368.0,3294.0,3394.0,1956.0
2026-07-06 15:30:39,2026-07-06 15:15,3364.0,3326.0,1.14,21796600,3368.0,3294.0,3394.0,1956.0
2026-07-07 09:00:35,2026-07-06 15:30,3370.0,3326.0,1.32,25810800,3370.0,3294.0,3394.0,1956.0
2026-07-07 09:05:31,2026-07-06 15:30,3370.0,3326.0,1.32,25810800,3370.0,3294.0,3394.0,1956.0
2026-07-07 09:10:33,2026-07-06 15:30,3370.0,3326.0,1.32,25810800,3370.0,3294.0,3394.0,1956.0
2026-07-07 09:15:34,2026-07-07 09:00,3370.0,3326.0,1.32,30508000,3459.0,3426.0,3459.0,1956.0
2026-07-07 09:20:32,2026-07-07 09:05,3452.0,3370.0,2.43,7687500,3471.0,3426.0,3471.0,1956.0
2026-07-07 09:25:33,2026-07-07 09:10,3477.0,3370.0,3.18,10457000,3482.0,3426.0,3482.0,1956.0
2026-07-07 09:30:35,2026-07-07 09:15,3478.0,3370.0,3.2,11732500,3482.0,3426.0,3482.0,1956.0
2026-07-07 09:35:33,2026-07-07 09:20,3481.0,3370.0,3.29,13049800,3488.0,3426.0,3488.0,1956.0
2026-07-07 09:40:33,2026-07-07 09:25,3495.0,3370.0,3.71,14438100,3496.0,3426.0,3496.0,1956.0
2026-07-07 09:45:35,2026-07-07 09:30,3504.0,3370.0,3.98,17280500,3507.0,3426.0,3507.0,1956.0
2026-07-07 09:50:39,2026-07-07 09:35,3507.0,3370.0,4.07,19292000,3518.0,3426.0,3518.0,1956.0
2026-07-07 09:55:31,2026-07-07 09:40,3511.0,3370.0,4.18,20194900,3518.0,3426.0,3518.0,1956.0
2026-07-07 10:00:37,2026-07-07 09:45,3500.0,3370.0,3.86,21174000,3518.0,3426.0,3518.0,1956.0
2026-07-07 10:05:37,2026-07-07 09:50,3488.0,3370.0,3.5,22015500,3518.0,3426.0,3518.0,1956.0
2026-07-07 10:10:34,2026-07-07 09:55,3491.0,3370.0,3.59,22408600,3518.0,3426.0,3518.0,1956.0
2026-07-07 10:15:35,2026-07-07 10:00,3482.0,3370.0,3.32,22848200,3518.0,3426.0,3518.0,1956.0
2026-07-07 10:20:32,2026-07-07 10:05,3481.0,3370.0,3.29,23416600,3518.0,3426.0,3518.0,1956.0
2026-07-07 10:25:46,2026-07-07 10:10,3478.0,3370.0,3.2,23863800,3518.0,3426.0,3518.0,1956.0
2026-07-07 10:30:31,2026-07-07 10:15,3485.0,3370.0,3.41,24161100,3518.0,3426.0,3518.0,1956.0
2026-07-07 10:35:37,2026-07-07 10:20,3480.0,3370.0,3.26,24462000,3518.0,3426.0,3518.0,1956.0
2026-07-07 10:40:36,2026-07-07 10:25,3471.0,3370.0,3.0,25017100,3518.0,3426.0,3518.0,1956.0
2026-07-07 10:45:36,2026-07-07 10:30,3465.0,3370.0,2.82,25845000,3518.0,3426.0,3518.0,1956.0
2026-07-07 10:50:45,2026-07-07 10:35,3470.0,3370.0,2.97,26256600,3518.0,3426.0,3518.0,1956.0
2026-07-07 10:55:34,2026-07-07 10:40,3471.0,3370.0,3.0,26476300,3518.0,3426.0,3518.0,1956.0
2026-07-07 11:00:35,2026-07-07 10:45,3473.0,3370.0,3.06,26878100,3518.0,3426.0,3518.0,1956.0
2026-07-07 11:05:34,2026-07-07 10:50,3478.0,3370.0,3.2,27484600,3518.0,3426.0,3518.0,1956.0
2026-07-07 11:10:37,2026-07-07 10:55,3477.0,3370.0,3.18,27765500,3518.0,3426.0,3518.0,1956.0
2026-07-07 11:15:39,2026-07-07 11:00,3483.0,3370.0,3.35,28332900,3518.0,3426.0,3518.0,1956.0
2026-07-07 11:20:37,2026-07-07 11:05,3488.0,3370.0,3.5,28831800,3518.0,3426.0,3518.0,1956.0
2026-07-07 11:25:34,2026-07-07 11:10,3490.0,3370.0,3.56,29225400,3518.0,3426.0,3518.0,1956.0
2026-07-07 11:30:42,2026-07-07 11:15,3488.0,3370.0,3.5,29488700,3518.0,3426.0,3518.0,1956.0
2026-07-07 12:30:30,2026-07-07 11:30,3491.0,3370.0,3.59,30390000,3518.0,3426.0,3518.0,1956.0
2026-07-07 12:35:34,2026-07-07 11:30,3491.0,3370.0,3.59,30390000,3518.0,3426.0,3518.0,1956.0
2026-07-07 12:40:34,2026-07-07 11:30,3491.0,3370.0,3.59,30390000,3518.0,3426.0,3518.0,1956.0
2026-07-07 12:45:36,2026-07-07 12:30,3483.0,3370.0,3.35,31133900,3518.0,3426.0,3518.0,1956.0
2026-07-07 12:50:32,2026-07-07 12:35,3483.0,3370.0,3.35,31824300,3518.0,3426.0,3518.0,1956.0
2026-07-07 12:55:35,2026-07-07 12:40,3479.0,3370.0,3.23,32373600,3518.0,3426.0,3518.0,1956.0
2026-07-07 13:00:35,2026-07-07 12:45,3475.0,3370.0,3.12,32757900,3518.0,3426.0,3518.0,1956.0
2026-07-07 13:05:35,2026-07-07 12:50,3466.0,3370.0,2.85,33356700,3518.0,3426.0,3518.0,1956.0
2026-07-07 13:10:34,2026-07-07 12:55,3470.0,3370.0,2.97,33927600,3518.0,3426.0,3518.0,1956.0
2026-07-07 13:15:34,2026-07-07 13:00,3468.0,3370.0,2.91,34438000,3518.0,3426.0,3518.0,1956.0
2026-07-07 13:20:31,2026-07-07 13:05,3458.0,3370.0,2.61,34824400,3518.0,3426.0,3518.0,1956.0
2026-07-07 13:25:38,2026-07-07 13:10,3465.0,3370.0,2.82,35148800,3518.0,3426.0,3518.0,1956.0
2026-07-07 13:30:40,2026-07-07 13:15,3466.0,3370.0,2.85,35436700,3518.0,3426.0,3518.0,1956.0
2026-07-07 13:35:42,2026-07-07 13:20,3461.0,3370.0,2.7,35897600,3518.0,3426.0,3518.0,1956.0
2026-07-07 13:40:32,2026-07-07 13:25,3454.0,3370.0,2.49,36555800,3518.0,3426.0,3518.0,1956.0
2026-07-07 13:45:38,2026-07-07 13:30,3454.0,3370.0,2.49,36873100,3518.0,3426.0,3518.0,1956.0
2026-07-07 13:50:45,2026-07-07 13:35,3460.0,3370.0,2.67,37154400,3518.0,3426.0,3518.0,1956.0
2026-07-07 13:55:37,2026-07-07 13:40,3458.0,3370.0,2.61,37401900,3518.0,3426.0,3518.0,1956.0
2026-07-07 14:00:39,2026-07-07 13:45,3458.0,3370.0,2.61,37779100,3518.0,3426.0,3518.0,1956.0
2026-07-07 14:05:43,2026-07-07 13:50,3455.0,3370.0,2.52,38037600,3518.0,3426.0,3518.0,1956.0
2026-07-07 14:10:48,2026-07-07 13:55,3459.0,3370.0,2.64,38343000,3518.0,3426.0,3518.0,1956.0
2026-07-07 14:15:41,2026-07-07 14:00,3461.0,3370.0,2.7,38627200,3518.0,3426.0,3518.0,1956.0
2026-07-07 14:20:48,2026-07-07 14:05,3459.0,3370.0,2.64,38918000,3518.0,3426.0,3518.0,1956.0
2026-07-07 14:25:32,2026-07-07 14:10,3458.0,3370.0,2.61,39167100,3518.0,3426.0,3518.0,1956.0
2026-07-07 14:30:40,2026-07-07 14:15,3450.0,3370.0,2.37,39691300,3518.0,3426.0,3518.0,1956.0
2026-07-07 14:35:38,2026-07-07 14:20,3452.0,3370.0,2.43,40171500,3518.0,3426.0,3518.0,1956.0
2026-07-07 14:40:33,2026-07-07 14:25,3455.0,3370.0,2.52,40669800,3518.0,3426.0,3518.0,1956.0
2026-07-07 14:45:54,2026-07-07 14:30,3461.0,3370.0,2.7,41168700,3518.0,3426.0,3518.0,1956.0
2026-07-07 14:50:33,2026-07-07 14:35,3463.0,3370.0,2.76,41575400,3518.0,3426.0,3518.0,1956.0
2026-07-07 14:56:00,2026-07-07 14:40,3463.0,3370.0,2.76,42168000,3518.0,3426.0,3518.0,1956.0
2026-07-07 15:00:50,2026-07-07 14:45,3459.0,3370.0,2.64,42413300,3518.0,3426.0,3518.0,1956.0
2026-07-07 15:05:42,2026-07-07 14:50,3450.0,3370.0,2.37,43076300,3518.0,3426.0,3518.0,1956.0
2026-07-07 15:10:42,2026-07-07 14:55,3463.0,3370.0,2.76,43396300,3518.0,3426.0,3518.0,1956.0
2026-07-07 15:15:47,2026-07-07 15:00,3460.0,3370.0,2.67,43817700,3518.0,3426.0,3518.0,1956.0
2026-07-07 15:20:35,2026-07-07 15:05,3463.0,3370.0,2.76,44054400,3518.0,3426.0,3518.0,1956.0
2026-07-07 15:25:37,2026-07-07 15:10,3459.0,3370.0,2.64,44350900,3518.0,3426.0,3518.0,1956.0
2026-07-07 15:30:38,2026-07-07 15:15,3457.0,3370.0,2.58,44726100,3518.0,3426.0,3518.0,1956.0
2026-07-08 09:00:45,2026-07-07 15:30,3446.0,3370.0,2.26,53306500,3518.0,3426.0,3518.0,1956.0
2026-07-08 09:05:33,2026-07-07 15:30,3446.0,3370.0,2.26,53306500,3518.0,3426.0,3518.0,1956.0
2026-07-08 09:10:37,2026-07-07 15:30,3446.0,3370.0,2.26,53306500,3518.0,3426.0,3518.0,1956.0
2026-07-08 09:15:40,2026-07-08 09:00,3446.0,3370.0,2.26,56054300,3474.0,3437.0,3474.0,1956.0
2026-07-08 09:20:37,2026-07-08 09:05,3453.0,3446.0,0.2,4323800,3474.0,3437.0,3474.0,1956.0
2026-07-08 09:25:33,2026-07-08 09:10,3426.0,3446.0,-0.58,6285200,3474.0,3414.0,3474.0,1956.0
2026-07-08 09:30:44,2026-07-08 09:15,3419.0,3446.0,-0.78,7207000,3474.0,3414.0,3474.0,1956.0
2026-07-08 09:35:30,2026-07-08 09:20,3419.0,3446.0,-0.78,7723400,3474.0,3414.0,3474.0,1956.0
2026-07-08 09:40:32,2026-07-08 09:25,3421.0,3446.0,-0.73,8510000,3474.0,3412.0,3474.0,1956.0
2026-07-08 09:45:30,2026-07-08 09:30,3412.0,3446.0,-0.99,9475700,3474.0,3411.0,3474.0,1956.0
2026-07-08 09:50:37,2026-07-08 09:35,3405.0,3446.0,-1.19,10421100,3474.0,3401.0,3474.0,1956.0
2026-07-08 09:55:34,2026-07-08 09:40,3413.0,3446.0,-0.96,10959600,3474.0,3401.0,3474.0,1956.0
2026-07-08 10:00:47,2026-07-08 09:45,3420.0,3446.0,-0.75,11523800,3474.0,3401.0,3474.0,1956.0
2026-07-08 10:05:33,2026-07-08 09:50,3424.0,3446.0,-0.64,11978300,3474.0,3401.0,3474.0,1956.0
2026-07-08 10:10:30,2026-07-08 09:55,3430.0,3446.0,-0.46,12784400,3474.0,3401.0,3474.0,1956.0
2026-07-08 10:15:32,2026-07-08 10:00,3437.0,3446.0,-0.26,13195000,3474.0,3401.0,3474.0,1956.0
2026-07-08 10:20:34,2026-07-08 10:05,3439.0,3446.0,-0.2,13734600,3474.0,3401.0,3474.0,1956.0
2026-07-08 10:25:30,2026-07-08 10:10,3438.0,3446.0,-0.23,14256600,3474.0,3401.0,3474.0,1956.0
2026-07-08 10:30:31,2026-07-08 10:15,3440.0,3446.0,-0.17,14542000,3474.0,3401.0,3474.0,1956.0
2026-07-08 10:35:34,2026-07-08 10:20,3442.0,3446.0,-0.12,14801100,3474.0,3401.0,3474.0,1956.0
2026-07-08 10:40:34,2026-07-08 10:25,3443.0,3446.0,-0.09,15028800,3474.0,3401.0,3474.0,1956.0
2026-07-08 10:45:31,2026-07-08 10:30,3432.0,3446.0,-0.41,15299100,3474.0,3401.0,3474.0,1956.0
2026-07-08 10:50:34,2026-07-08 10:35,3434.0,3446.0,-0.35,15505700,3474.0,3401.0,3474.0,1956.0
2026-07-08 10:55:30,2026-07-08 10:40,3434.0,3446.0,-0.35,15825600,3474.0,3401.0,3474.0,1956.0
2026-07-08 11:00:31,2026-07-08 10:45,3444.0,3446.0,-0.06,16200600,3474.0,3401.0,3518.0,1956.0
2026-07-08 11:05:45,2026-07-08 10:50,3444.0,3446.0,-0.06,16723600,3474.0,3401.0,3518.0,1956.0
2026-07-08 11:10:36,2026-07-08 10:55,3441.0,3446.0,-0.15,17224900,3474.0,3401.0,3518.0,1956.0
2026-07-08 11:15:35,2026-07-08 11:00,3440.0,3446.0,-0.17,17486600,3474.0,3401.0,3518.0,1956.0
2026-07-08 11:20:33,2026-07-08 11:05,3437.0,3446.0,-0.26,17649300,3474.0,3401.0,3518.0,1956.0
2026-07-08 11:25:34,2026-07-08 11:10,3440.0,3446.0,-0.17,17840900,3474.0,3401.0,3518.0,1956.0
2026-07-08 11:30:30,2026-07-08 11:15,3446.0,3446.0,0.0,18048800,3474.0,3401.0,3518.0,1956.0
2026-07-08 12:30:34,2026-07-08 11:30,3449.0,3446.0,0.09,18804900,3474.0,3401.0,3518.0,1956.0
2026-07-08 12:35:32,2026-07-08 11:30,3449.0,3446.0,0.09,18804900,3474.0,3401.0,3518.0,1956.0
2026-07-08 12:40:38,2026-07-08 11:30,3449.0,3446.0,0.09,18804900,3474.0,3401.0,3518.0,1956.0
2026-07-08 12:45:40,2026-07-08 12:30,3463.0,3446.0,0.49,19542200,3474.0,3401.0,3518.0,1956.0
2026-07-08 12:50:32,2026-07-08 12:35,3460.0,3446.0,0.41,20062700,3474.0,3401.0,3518.0,1956.0
2026-07-08 12:55:32,2026-07-08 12:40,3462.0,3446.0,0.46,20434500,3474.0,3401.0,3518.0,1956.0
2026-07-08 13:00:35,2026-07-08 12:45,3466.0,3446.0,0.58,20856100,3474.0,3401.0,3518.0,1956.0
2026-07-08 13:05:31,2026-07-08 12:50,3466.0,3446.0,0.58,21327100,3474.0,3401.0,3518.0,1956.0
2026-07-08 13:10:35,2026-07-08 12:55,3462.0,3446.0,0.46,21565900,3474.0,3401.0,3518.0,1956.0
2026-07-08 13:15:33,2026-07-08 13:00,3461.0,3446.0,0.44,21809300,3474.0,3401.0,3518.0,1956.0
2026-07-08 13:20:31,2026-07-08 13:05,3456.0,3446.0,0.29,22161600,3474.0,3401.0,3518.0,1956.0
2026-07-08 13:25:30,2026-07-08 13:10,3451.0,3446.0,0.15,22440400,3474.0,3401.0,3518.0,1956.0
2026-07-08 13:30:29,2026-07-08 13:15,3450.0,3446.0,0.12,22697600,3474.0,3401.0,3518.0,1956.0
2026-07-08 13:35:29,2026-07-08 13:20,3450.0,3446.0,0.12,22878600,3474.0,3401.0,3518.0,1956.0
2026-07-08 13:40:32,2026-07-08 13:25,3450.0,3446.0,0.12,23072200,3474.0,3401.0,3518.0,1956.0
2026-07-08 13:45:30,2026-07-08 13:30,3458.0,3446.0,0.35,23396300,3474.0,3401.0,3518.0,1956.0
2026-07-08 13:50:33,2026-07-08 13:35,3454.0,3446.0,0.23,23599700,3474.0,3401.0,3518.0,1956.0
2026-07-08 13:55:39,2026-07-08 13:40,3450.0,3446.0,0.12,23885400,3474.0,3401.0,3518.0,1956.0
2026-07-08 14:00:31,2026-07-08 13:45,3449.0,3446.0,0.09,24035200,3474.0,3401.0,3518.0,1956.0
2026-07-08 14:05:38,2026-07-08 13:50,3446.0,3446.0,0.0,24273500,3474.0,3401.0,3518.0,1956.0
2026-07-08 14:10:30,2026-07-08 13:55,3442.0,3446.0,-0.12,24458700,3474.0,3401.0,3518.0,1956.0
2026-07-08 14:15:34,2026-07-08 14:00,3444.0,3446.0,-0.06,24823700,3474.0,3401.0,3518.0,1956.0
2026-07-08 14:20:31,2026-07-08 14:05,3443.0,3446.0,-0.09,24948000,3474.0,3401.0,3518.0,1956.0
2026-07-08 14:25:32,2026-07-08 14:10,3443.0,3446.0,-0.09,25287300,3474.0,3401.0,3518.0,1956.0
2026-07-08 14:30:47,2026-07-08 14:15,3449.0,3446.0,0.09,25494900,3474.0,3401.0,3518.0,1956.0
2026-07-08 14:35:33,2026-07-08 14:20,3448.0,3446.0,0.06,25658100,3474.0,3401.0,3518.0,1956.0
2026-07-08 14:40:40,2026-07-08 14:25,3448.0,3446.0,0.06,25825900,3474.0,3401.0,3518.0,1956.0
2026-07-08 14:45:36,2026-07-08 14:30,3448.0,3446.0,0.06,25958200,3474.0,3401.0,3518.0,1956.0
2026-07-08 14:50:34,2026-07-08 14:35,3447.0,3446.0,0.03,26241800,3474.0,3401.0,3518.0,1956.0
2026-07-08 14:55:36,2026-07-08 14:40,3447.0,3446.0,0.03,26374300,3474.0,3401.0,3518.0,1956.0
2026-07-08 15:00:31,2026-07-08 14:45,3445.0,3446.0,-0.03,26635900,3474.0,3401.0,3518.0,1956.0
2026-07-08 15:05:31,2026-07-08 14:50,3442.0,3446.0,-0.12,26865400,3474.0,3401.0,3518.0,1956.0
2026-07-08 15:10:43,2026-07-08 14:55,3445.0,3446.0,-0.03,27350900,3474.0,3401.0,3518.0,1956.0
2026-07-08 15:15:35,2026-07-08 15:00,3444.0,3446.0,-0.06,27467700,3474.0,3401.0,3518.0,1956.0
2026-07-08 15:20:37,2026-07-08 15:05,3443.0,3446.0,-0.09,27638000,3474.0,3401.0,3518.0,1956.0
2026-07-08 15:25:36,2026-07-08 15:10,3448.0,3446.0,0.06,27883700,3474.0,3401.0,3518.0,1956.0
2026-07-08 15:30:33,2026-07-08 15:15,3447.0,3446.0,0.03,28146300,3474.0,3401.0,3518.0,1956.0
2026-07-09 09:00:36,2026-07-08 15:30,3433.0,3446.0,-0.38,35858100,3474.0,3401.0,3518.0,1963.5
2026-07-09 09:05:34,2026-07-08 15:30,3433.0,3446.0,-0.38,35858100,3474.0,3401.0,3518.0,1963.5
2026-07-09 09:10:37,2026-07-08 15:30,3433.0,3446.0,-0.38,35858100,3474.0,3401.0,3518.0,1963.5
2026-07-09 09:15:33,2026-07-09 09:00,3433.0,3446.0,-0.38,38771000,3405.0,3381.0,3518.0,1963.5
2026-07-09 09:20:41,2026-07-09 09:05,3400.0,3433.0,-0.96,4379100,3416.0,3381.0,3518.0,1963.5
2026-07-09 09:25:35,2026-07-09 09:10,3418.0,3433.0,-0.44,5308300,3418.0,3381.0,3518.0,1963.5
2026-07-09 09:30:36,2026-07-09 09:15,3416.0,3433.0,-0.5,6178600,3424.0,3381.0,3518.0,1963.5
2026-07-09 09:35:32,2026-07-09 09:20,3406.0,3433.0,-0.79,6863800,3424.0,3381.0,3518.0,1963.5
2026-07-09 09:40:34,2026-07-09 09:25,3402.0,3433.0,-0.9,7557200,3424.0,3381.0,3518.0,1963.5
2026-07-09 09:45:34,2026-07-09 09:30,3411.0,3433.0,-0.64,8044900,3424.0,3381.0,3518.0,1963.5
2026-07-09 09:50:32,2026-07-09 09:35,3408.0,3433.0,-0.73,8421900,3424.0,3381.0,3518.0,1963.5
2026-07-09 09:55:30,2026-07-09 09:40,3402.0,3433.0,-0.9,8973900,3424.0,3381.0,3518.0,1963.5
2026-07-09 10:00:33,2026-07-09 09:45,3405.0,3433.0,-0.82,9344100,3424.0,3381.0,3518.0,1963.5
2026-07-09 10:05:34,2026-07-09 09:50,3412.0,3433.0,-0.61,9685800,3424.0,3381.0,3518.0,1963.5
2026-07-09 10:10:34,2026-07-09 09:55,3412.0,3433.0,-0.61,9932200,3424.0,3381.0,3518.0,1963.5
2026-07-09 10:15:53,2026-07-09 10:00,3411.0,3433.0,-0.64,10270700,3424.0,3381.0,3518.0,1963.5
2026-07-09 10:20:35,2026-07-09 10:05,3413.0,3433.0,-0.58,10505100,3424.0,3381.0,3518.0,1963.5
2026-07-09 10:25:29,2026-07-09 10:10,3417.0,3433.0,-0.47,10687600,3424.0,3381.0,3518.0,1963.5
2026-07-09 10:30:30,2026-07-09 10:15,3418.0,3433.0,-0.44,10996100,3424.0,3381.0,3518.0,1963.5
2026-07-09 10:35:41,2026-07-09 10:20,3411.0,3433.0,-0.64,11421200,3424.0,3381.0,3518.0,1963.5
2026-07-09 10:40:32,2026-07-09 10:25,3406.0,3433.0,-0.79,11705600,3424.0,3381.0,3518.0,1963.5
2026-07-09 10:45:38,2026-07-09 10:30,3411.0,3433.0,-0.64,11914800,3424.0,3381.0,3518.0,1963.5
2026-07-09 10:50:33,2026-07-09 10:35,3411.0,3433.0,-0.64,12016900,3424.0,3381.0,3518.0,1963.5
2026-07-09 10:55:32,2026-07-09 10:40,3411.0,3433.0,-0.64,12432600,3424.0,3381.0,3518.0,1963.5
2026-07-09 11:00:40,2026-07-09 10:45,3411.0,3433.0,-0.64,12560000,3424.0,3381.0,3518.0,1963.5
2026-07-09 11:05:51,2026-07-09 10:50,3411.0,3433.0,-0.64,12744400,3424.0,3381.0,3518.0,1963.5
2026-07-09 11:10:45,2026-07-09 10:55,3409.0,3433.0,-0.7,12867400,3424.0,3381.0,3518.0,1963.5
2026-07-09 11:15:37,2026-07-09 11:00,3408.0,3433.0,-0.73,13051500,3424.0,3381.0,3518.0,1963.5
2026-07-09 11:20:47,2026-07-09 11:05,3406.0,3433.0,-0.79,13364800,3424.0,3381.0,3518.0,1963.5
2026-07-09 11:25:38,2026-07-09 11:10,3413.0,3433.0,-0.58,13557000,3424.0,3381.0,3518.0,1963.5
2026-07-09 11:30:34,2026-07-09 11:15,3417.0,3433.0,-0.47,13742000,3424.0,3381.0,3518.0,1963.5
2026-07-09 12:30:39,2026-07-09 11:30,3410.0,3433.0,-0.67,14190900,3424.0,3381.0,3518.0,1963.5
2026-07-09 12:35:50,2026-07-09 11:30,3410.0,3433.0,-0.67,14190900,3424.0,3381.0,3518.0,1963.5
2026-07-09 12:40:40,2026-07-09 11:30,3410.0,3433.0,-0.67,14190900,3424.0,3381.0,3518.0,1963.5
2026-07-09 12:45:31,2026-07-09 12:30,3406.0,3433.0,-0.79,14573000,3424.0,3381.0,3518.0,1963.5
2026-07-09 12:50:29,2026-07-09 12:35,3403.0,3433.0,-0.87,14846700,3424.0,3381.0,3518.0,1963.5
2026-07-09 12:55:35,2026-07-09 12:40,3403.0,3433.0,-0.87,15125500,3424.0,3381.0,3518.0,1963.5
2026-07-09 13:00:40,2026-07-09 12:45,3406.0,3433.0,-0.79,15342400,3424.0,3381.0,3518.0,1963.5
2026-07-09 13:05:30,2026-07-09 12:50,3406.0,3433.0,-0.79,15432500,3424.0,3381.0,3518.0,1963.5
2026-07-09 13:10:32,2026-07-09 12:55,3405.0,3433.0,-0.82,15554000,3424.0,3381.0,3518.0,1963.5
2026-07-09 13:15:32,2026-07-09 13:00,3404.0,3433.0,-0.84,15691500,3424.0,3381.0,3518.0,1963.5
2026-07-09 13:20:36,2026-07-09 13:05,3402.0,3433.0,-0.9,16050000,3424.0,3381.0,3518.0,1963.5
2026-07-09 13:25:37,2026-07-09 13:10,3400.0,3433.0,-0.96,16220900,3424.0,3381.0,3518.0,1963.5
2026-07-09 13:30:39,2026-07-09 13:15,3399.0,3433.0,-0.99,16515400,3424.0,3381.0,3518.0,1963.5
2026-07-09 13:35:32,2026-07-09 13:20,3393.0,3433.0,-1.17,16927900,3424.0,3381.0,3518.0,1963.5
2026-07-09 13:40:47,2026-07-09 13:25,3391.0,3433.0,-1.22,17176900,3424.0,3381.0,3518.0,1963.5
2026-07-09 13:45:34,2026-07-09 13:30,3392.0,3433.0,-1.19,17312100,3424.0,3381.0,3518.0,1963.5
2026-07-09 13:50:30,2026-07-09 13:35,3394.0,3433.0,-1.14,17471400,3424.0,3381.0,3518.0,1963.5
2026-07-09 13:55:30,2026-07-09 13:40,3396.0,3433.0,-1.08,17571300,3424.0,3381.0,3518.0,1963.5
2026-07-09 14:00:31,2026-07-09 13:45,3398.0,3433.0,-1.02,17761500,3424.0,3381.0,3518.0,1963.5
2026-07-09 14:10:32,2026-07-09 13:55,3406.0,3433.0,-0.79,18258200,3424.0,3381.0,3518.0,1963.5
2026-07-09 14:15:38,2026-07-09 14:00,3404.0,3433.0,-0.84,18348100,3424.0,3381.0,3518.0,1963.5
2026-07-09 14:20:37,2026-07-09 14:05,3405.0,3433.0,-0.82,18486800,3424.0,3381.0,3518.0,1963.5
2026-07-09 14:25:32,2026-07-09 14:10,3403.0,3433.0,-0.87,18663000,3424.0,3381.0,3518.0,1963.5
2026-07-09 14:30:41,2026-07-09 14:15,3403.0,3433.0,-0.87,19026400,3424.0,3381.0,3518.0,1963.5
2026-07-09 14:35:45,2026-07-09 14:20,3400.0,3433.0,-0.96,19331300,3424.0,3381.0,3518.0,1963.5
2026-07-09 14:45:34,2026-07-09 14:30,3404.0,3433.0,-0.84,19650700,3424.0,3381.0,3518.0,1963.5
2026-07-09 14:50:34,2026-07-09 14:35,3405.0,3433.0,-0.82,19831000,3424.0,3381.0,3518.0,1963.5
2026-07-09 14:55:44,2026-07-09 14:40,3408.0,3433.0,-0.73,20029700,3424.0,3381.0,3518.0,1963.5
2026-07-09 15:05:46,2026-07-09 14:50,3407.0,3433.0,-0.76,20294200,3424.0,3381.0,3518.0,1963.5
2026-07-09 15:10:43,2026-07-09 14:55,3412.0,3433.0,-0.61,20571200,3424.0,3381.0,3518.0,1963.5
2026-07-09 15:15:36,2026-07-09 15:00,3414.0,3433.0,-0.55,20753100,3424.0,3381.0,3518.0,1963.5
2026-07-09 15:20:42,2026-07-09 15:05,3413.0,3433.0,-0.58,20946300,3424.0,3381.0,3518.0,1963.5
2026-07-09 15:25:48,2026-07-09 15:10,3408.0,3433.0,-0.73,21148600,3424.0,3381.0,3518.0,1963.5
2026-07-09 15:30:52,2026-07-09 15:15,3406.0,3433.0,-0.79,21327900,3424.0,3381.0,3518.0,1963.5
2026-07-09 15:33:06,2026-07-09 15:18,3405.0,3433.0,-0.82,21421900,3424.0,3381.0,3518.0,1963.5
2026-07-10 09:00:35,2026-07-09 15:30,3414.0,3433.0,-0.55,26333100,3424.0,3381.0,3518.0,1963.5
2026-07-10 09:05:50,2026-07-09 15:30,3414.0,3433.0,-0.55,26333100,3424.0,3381.0,3518.0,1963.5
2026-07-10 09:10:39,2026-07-09 15:30,3414.0,3433.0,-0.55,26333100,3424.0,3381.0,3518.0,1963.5
2026-07-10 09:15:41,2026-07-10 09:00,3414.0,3433.0,-0.55,29087100,3473.0,3455.0,3518.0,1963.5
2026-07-10 09:20:32,2026-07-10 09:05,3459.0,3414.0,1.32,4017400,3473.0,3451.0,3518.0,1963.5
2026-07-10 09:25:34,2026-07-10 09:10,3456.0,3414.0,1.23,5115600,3473.0,3443.0,3518.0,1963.5
2026-07-10 09:30:41,2026-07-10 09:15,3473.0,3414.0,1.73,6509800,3478.0,3443.0,3518.0,1963.5
2026-07-10 09:35:43,2026-07-10 09:20,3463.0,3414.0,1.44,7029200,3478.0,3443.0,3518.0,1963.5
2026-07-10 09:40:33,2026-07-10 09:25,3458.0,3414.0,1.29,7384900,3478.0,3443.0,3518.0,1963.5
2026-07-10 09:46:06,2026-07-10 09:31,3452.0,3414.0,1.11,7987300,3478.0,3443.0,3518.0,1963.5
2026-07-10 09:50:30,2026-07-10 09:35,3441.0,3414.0,0.79,8918100,3478.0,3433.0,3518.0,1963.5
2026-07-10 09:55:35,2026-07-10 09:40,3443.0,3414.0,0.85,9308200,3478.0,3433.0,3518.0,1963.5
2026-07-10 10:00:31,2026-07-10 09:45,3432.0,3414.0,0.53,9710400,3478.0,3432.0,3518.0,1963.5
2026-07-10 10:05:33,2026-07-10 09:50,3425.0,3414.0,0.32,10284700,3478.0,3424.0,3518.0,1963.5
2026-07-10 10:10:39,2026-07-10 09:55,3430.0,3414.0,0.47,10619100,3478.0,3423.0,3518.0,1963.5
2026-07-10 10:15:35,2026-07-10 10:00,3438.0,3414.0,0.7,10952200,3478.0,3423.0,3518.0,1963.5
2026-07-10 10:20:34,2026-07-10 10:05,3428.0,3414.0,0.41,11303900,3478.0,3423.0,3518.0,1963.5
2026-07-10 10:25:41,2026-07-10 10:10,3416.0,3414.0,0.06,11798900,3478.0,3416.0,3518.0,1963.5
2026-07-10 10:30:31,2026-07-10 10:15,3410.0,3414.0,-0.12,12319200,3478.0,3410.0,3518.0,1963.5
2026-07-10 10:35:30,2026-07-10 10:20,3413.0,3414.0,-0.03,12595700,3478.0,3410.0,3518.0,1963.5
2026-07-10 10:40:29,2026-07-10 10:25,3415.0,3414.0,0.03,12862400,3478.0,3410.0,3518.0,1963.5
2026-07-10 10:45:33,2026-07-10 10:30,3419.0,3414.0,0.15,13066800,3478.0,3410.0,3518.0,1963.5
2026-07-10 10:50:42,2026-07-10 10:35,3427.0,3414.0,0.38,13325100,3478.0,3410.0,3518.0,1963.5
2026-07-10 10:55:46,2026-07-10 10:40,3434.0,3414.0,0.59,13843900,3478.0,3410.0,3518.0,1963.5
2026-07-10 11:00:32,2026-07-10 10:45,3438.0,3414.0,0.7,14201300,3478.0,3410.0,3518.0,1963.5
2026-07-10 11:05:37,2026-07-10 10:50,3437.0,3414.0,0.67,14547200,3478.0,3410.0,3518.0,1963.5
2026-07-10 11:10:40,2026-07-10 10:55,3435.0,3414.0,0.62,14843300,3478.0,3410.0,3518.0,1963.5
2026-07-10 11:15:36,2026-07-10 11:00,3436.0,3414.0,0.64,15399000,3478.0,3410.0,3518.0,1963.5
2026-07-10 11:20:38,2026-07-10 11:05,3437.0,3414.0,0.67,15618000,3478.0,3410.0,3518.0,1963.5
2026-07-10 11:25:42,2026-07-10 11:10,3436.0,3414.0,0.64,15794800,3478.0,3410.0,3518.0,1963.5
2026-07-10 11:30:43,2026-07-10 11:15,3438.0,3414.0,0.7,15926700,3478.0,3410.0,3518.0,1963.5
2026-07-10 12:30:32,2026-07-10 11:30,3433.0,3414.0,0.56,16745600,3478.0,3410.0,3518.0,1963.5
2026-07-10 12:35:33,2026-07-10 11:30,3433.0,3414.0,0.56,16745600,3478.0,3410.0,3518.0,1963.5
2026-07-10 12:40:40,2026-07-10 11:30,3433.0,3414.0,0.56,16745600,3478.0,3410.0,3518.0,1963.5
2026-07-10 12:45:37,2026-07-10 12:30,3445.0,3414.0,0.91,17386900,3478.0,3410.0,3518.0,1963.5
2026-07-10 12:50:50,2026-07-10 12:35,3445.0,3414.0,0.91,17916500,3478.0,3410.0,3518.0,1963.5
2026-07-10 12:55:30,2026-07-10 12:40,3447.0,3414.0,0.97,18122500,3478.0,3410.0,3518.0,1963.5
2026-07-10 13:00:56,2026-07-10 12:45,3446.0,3414.0,0.94,18336900,3478.0,3410.0,3518.0,1963.5
2026-07-10 13:05:35,2026-07-10 12:50,3450.0,3414.0,1.05,18536500,3478.0,3410.0,3518.0,1963.5
2026-07-10 13:10:35,2026-07-10 12:55,3445.0,3414.0,0.91,18749700,3478.0,3410.0,3518.0,1963.5
2026-07-10 13:15:36,2026-07-10 13:00,3445.0,3414.0,0.91,18893700,3478.0,3410.0,3518.0,1963.5
2026-07-10 13:20:36,2026-07-10 13:05,3449.0,3414.0,1.03,19134200,3478.0,3410.0,3518.0,1963.5
2026-07-10 13:25:34,2026-07-10 13:10,3450.0,3414.0,1.05,19414400,3478.0,3410.0,3518.0,1963.5
2026-07-10 13:30:34,2026-07-10 13:15,3445.0,3414.0,0.91,19577900,3478.0,3410.0,3518.0,1963.5
2026-07-10 13:35:44,2026-07-10 13:20,3450.0,3414.0,1.05,19782900,3478.0,3410.0,3518.0,1963.5
2026-07-10 13:40:39,2026-07-10 13:25,3449.0,3414.0,1.03,19910600,3478.0,3410.0,3518.0,1963.5
2026-07-10 13:45:32,2026-07-10 13:30,3450.0,3414.0,1.05,20071000,3478.0,3410.0,3518.0,1963.5
2026-07-10 13:50:35,2026-07-10 13:35,3446.0,3414.0,0.94,20241900,3478.0,3410.0,3518.0,1963.5
2026-07-10 13:55:35,2026-07-10 13:40,3447.0,3414.0,0.97,20358300,3478.0,3410.0,3518.0,1963.5
2026-07-10 14:00:46,2026-07-10 13:45,3446.0,3414.0,0.94,20483100,3478.0,3410.0,3518.0,1963.5
2026-07-10 14:05:40,2026-07-10 13:50,3449.0,3414.0,1.03,20635800,3478.0,3410.0,3518.0,1963.5
2026-07-10 14:10:41,2026-07-10 13:55,3446.0,3414.0,0.94,20829200,3478.0,3410.0,3518.0,1963.5
2026-07-10 14:15:29,2026-07-10 14:00,3446.0,3414.0,0.94,20934800,3478.0,3410.0,3518.0,1963.5
2026-07-10 14:20:36,2026-07-10 14:05,3445.0,3414.0,0.91,21063200,3478.0,3410.0,3518.0,1963.5
2026-07-10 14:25:33,2026-07-10 14:10,3447.0,3414.0,0.97,21214400,3478.0,3410.0,3518.0,1963.5
2026-07-10 14:30:37,2026-07-10 14:15,3448.0,3414.0,1.0,21335200,3478.0,3410.0,3518.0,1963.5
2026-07-10 14:35:33,2026-07-10 14:20,3448.0,3414.0,1.0,21447700,3478.0,3410.0,3518.0,1963.5
2026-07-10 14:40:36,2026-07-10 14:25,3449.0,3414.0,1.03,21560000,3478.0,3410.0,3518.0,1963.5
2026-07-10 14:45:49,2026-07-10 14:30,3457.0,3414.0,1.26,22115300,3478.0,3410.0,3518.0,1963.5
2026-07-10 14:50:38,2026-07-10 14:35,3464.0,3414.0,1.46,22467400,3478.0,3410.0,3518.0,1963.5
2026-07-10 14:55:35,2026-07-10 14:40,3462.0,3414.0,1.41,22685400,3478.0,3410.0,3518.0,1963.5
2026-07-10 15:00:37,2026-07-10 14:45,3461.0,3414.0,1.38,22945200,3478.0,3410.0,3518.0,1963.5
2026-07-10 15:05:37,2026-07-10 14:50,3463.0,3414.0,1.44,23059200,3478.0,3410.0,3518.0,1963.5
2026-07-10 15:10:41,2026-07-10 14:55,3465.0,3414.0,1.49,23407900,3478.0,3410.0,3518.0,1963.5
2026-07-10 15:15:32,2026-07-10 15:00,3464.0,3414.0,1.46,23877100,3478.0,3410.0,3518.0,1963.5
2026-07-10 15:20:42,2026-07-10 15:05,3464.0,3414.0,1.46,24208100,3478.0,3410.0,3518.0,1963.5
2026-07-10 15:25:35,2026-07-10 15:10,3463.0,3414.0,1.44,24630400,3478.0,3410.0,3518.0,1963.5
2026-07-10 15:30:56,2026-07-10 15:15,3466.0,3414.0,1.52,25219000,3478.0,3410.0,3518.0,1963.5
2026-07-10 15:40:39,2026-07-10 15:24,3455.0,3414.0,1.2,26413100,3478.0,3410.0,3518.0,1963.5
2026-07-13 09:00:32,2026-07-10 15:30,3461.0,3414.0,1.38,35147200,3478.0,3410.0,3518.0,1966.0
2026-07-13 09:05:34,2026-07-10 15:30,3461.0,3414.0,1.38,35147200,3478.0,3410.0,3518.0,1966.0
2026-07-13 09:10:39,2026-07-10 15:30,3461.0,3414.0,1.38,35147200,3478.0,3410.0,3518.0,1966.0
2026-07-13 09:15:33,2026-07-13 09:00,3493.0,3414.0,2.31,37634500,3503.0,3486.0,3518.0,1966.0
2026-07-13 09:20:37,2026-07-13 09:05,3553.0,3461.0,2.66,7450100,3556.0,3486.0,3556.0,1966.0
2026-07-13 09:25:42,2026-07-13 09:10,3542.0,3461.0,2.34,9561900,3564.0,3486.0,3564.0,1966.0
2026-07-13 09:30:47,2026-07-13 09:15,3552.0,3461.0,2.63,10915800,3564.0,3486.0,3564.0,1966.0
2026-07-13 09:36:53,2026-07-13 09:21,3546.0,3461.0,2.46,12092400,3564.0,3486.0,3564.0,1966.0
2026-07-13 09:40:59,2026-07-13 09:25,3550.0,3461.0,2.57,12693800,3564.0,3486.0,3564.0,1966.0
2026-07-13 09:47:20,2026-07-13 09:32,3547.0,3461.0,2.48,13798200,3564.0,3486.0,3564.0,1966.0
2026-07-13 09:52:11,2026-07-13 09:37,3557.0,3461.0,2.77,14360900,3564.0,3486.0,3564.0,1966.0
2026-07-13 09:58:08,2026-07-13 09:43,3547.0,3461.0,2.48,15560500,3564.0,3486.0,3564.0,1966.0
2026-07-13 10:03:55,2026-07-13 09:48,3547.0,3461.0,2.48,16237000,3564.0,3486.0,3564.0,1966.0
2026-07-13 10:06:39,2026-07-13 09:51,3541.0,3461.0,2.31,16672800,3564.0,3486.0,3564.0,1966.0
2026-07-13 10:12:21,2026-07-13 09:57,3535.0,3461.0,2.14,17524900,3564.0,3486.0,3564.0,1966.0
2026-07-13 10:15:43,2026-07-13 10:00,3526.0,3461.0,1.88,18228700,3564.0,3486.0,3564.0,1966.0
2026-07-13 10:20:36,2026-07-13 10:05,3528.0,3461.0,1.94,18697500,3564.0,3486.0,3564.0,1966.0
2026-07-13 10:25:44,2026-07-13 10:10,3528.0,3461.0,1.94,18978100,3564.0,3486.0,3564.0,1966.0
2026-07-13 10:30:37,2026-07-13 10:15,3529.0,3461.0,1.96,19226200,3564.0,3486.0,3564.0,1966.0
2026-07-13 10:35:35,2026-07-13 10:20,3541.0,3461.0,2.31,19703800,3564.0,3486.0,3564.0,1966.0
2026-07-13 10:40:36,2026-07-13 10:25,3533.0,3461.0,2.08,20158000,3564.0,3486.0,3564.0,1966.0
2026-07-13 10:47:41,2026-07-13 10:32,3525.0,3461.0,1.85,20790400,3564.0,3486.0,3564.0,1966.0
2026-07-13 10:50:45,2026-07-13 10:35,3528.0,3461.0,1.94,21010400,3564.0,3486.0,3564.0,1966.0
2026-07-13 10:55:32,2026-07-13 10:40,3533.0,3461.0,2.08,21265000,3564.0,3486.0,3564.0,1966.0
2026-07-13 11:00:30,2026-07-13 10:45,3539.0,3461.0,2.25,21654600,3564.0,3486.0,3564.0,1966.0
2026-07-13 11:05:36,2026-07-13 10:50,3535.0,3461.0,2.14,21969400,3564.0,3486.0,3564.0,1966.0
2026-07-13 11:10:35,2026-07-13 10:55,3532.0,3461.0,2.05,22187100,3564.0,3486.0,3564.0,1966.0
2026-07-13 11:15:32,2026-07-13 11:00,3531.0,3461.0,2.02,22661800,3564.0,3486.0,3564.0,1966.0
2026-07-13 11:20:33,2026-07-13 11:05,3534.0,3461.0,2.11,23211600,3564.0,3486.0,3564.0,1966.0
2026-07-13 11:25:41,2026-07-13 11:10,3539.0,3461.0,2.25,23530200,3564.0,3486.0,3564.0,1966.0
2026-07-13 11:30:33,2026-07-13 11:15,3541.0,3461.0,2.31,23932200,3564.0,3486.0,3564.0,1966.0
2026-07-13 12:30:37,2026-07-13 11:30,3557.0,3461.0,2.77,25016900,3564.0,3486.0,3564.0,1966.0
2026-07-13 12:35:32,2026-07-13 11:30,3557.0,3461.0,2.77,25016900,3564.0,3486.0,3564.0,1966.0
2026-07-13 12:40:31,2026-07-13 11:30,3557.0,3461.0,2.77,25016900,3564.0,3486.0,3564.0,1966.0
2026-07-13 12:45:32,2026-07-13 12:30,3553.0,3461.0,2.66,25562200,3564.0,3486.0,3564.0,1966.0
2026-07-13 12:50:34,2026-07-13 12:35,3532.0,3461.0,2.05,26270500,3564.0,3486.0,3564.0,1966.0
2026-07-13 12:56:14,2026-07-13 12:41,3536.0,3461.0,2.17,26727800,3564.0,3486.0,3564.0,1966.0
2026-07-13 13:00:31,2026-07-13 12:45,3535.0,3461.0,2.14,26987900,3564.0,3486.0,3564.0,1966.0
2026-07-13 13:05:38,2026-07-13 12:50,3535.0,3461.0,2.14,27467600,3564.0,3486.0,3564.0,1966.0
2026-07-13 13:10:33,2026-07-13 12:55,3535.0,3461.0,2.14,27682200,3564.0,3486.0,3564.0,1966.0
2026-07-13 13:15:33,2026-07-13 13:00,3538.0,3461.0,2.22,27858600,3564.0,3486.0,3564.0,1966.0
2026-07-13 13:22:37,2026-07-13 13:07,3536.0,3461.0,2.17,28358000,3564.0,3486.0,3564.0,1966.0
2026-07-13 13:25:32,2026-07-13 13:10,3530.0,3461.0,1.99,28627700,3564.0,3486.0,3564.0,1966.0
2026-07-13 13:32:40,2026-07-13 13:17,3530.0,3461.0,1.99,29143700,3564.0,3486.0,3564.0,1966.0
2026-07-13 13:35:43,2026-07-13 13:20,3533.0,3461.0,2.08,29277800,3564.0,3486.0,3564.0,1966.0
2026-07-13 13:40:32,2026-07-13 13:25,3531.0,3461.0,2.02,29565100,3564.0,3486.0,3564.0,1966.0
2026-07-13 13:45:41,2026-07-13 13:30,3533.0,3461.0,2.08,29781100,3564.0,3486.0,3564.0,1966.0
2026-07-13 13:50:34,2026-07-13 13:35,3529.0,3461.0,1.96,30056000,3564.0,3486.0,3564.0,1966.0
2026-07-13 13:55:43,2026-07-13 13:40,3531.0,3461.0,2.02,30196700,3564.0,3486.0,3564.0,1966.0
2026-07-13 14:00:30,2026-07-13 13:45,3529.0,3461.0,1.96,30360800,3564.0,3486.0,3564.0,1966.0
2026-07-13 14:05:29,2026-07-13 13:50,3520.0,3461.0,1.7,31011400,3564.0,3486.0,3564.0,1966.0
2026-07-13 14:10:30,2026-07-13 13:55,3527.0,3461.0,1.91,31211500,3564.0,3486.0,3564.0,1966.0
2026-07-13 14:15:44,2026-07-13 14:00,3529.0,3461.0,1.96,31384800,3564.0,3486.0,3564.0,1966.0
2026-07-13 14:20:33,2026-07-13 14:05,3536.0,3461.0,2.17,31775100,3564.0,3486.0,3564.0,1966.0
2026-07-13 14:25:41,2026-07-13 14:10,3539.0,3461.0,2.25,32141500,3564.0,3486.0,3564.0,1966.0
2026-07-13 14:30:35,2026-07-13 14:15,3540.0,3461.0,2.28,32417800,3564.0,3486.0,3564.0,1966.0
2026-07-13 14:35:36,2026-07-13 14:20,3538.0,3461.0,2.22,32723200,3564.0,3486.0,3564.0,1966.0
2026-07-13 14:40:34,2026-07-13 14:25,3536.0,3461.0,2.17,32970000,3564.0,3486.0,3564.0,1966.0
2026-07-13 14:45:34,2026-07-13 14:30,3526.0,3461.0,1.88,33397900,3564.0,3486.0,3564.0,1966.0
2026-07-13 14:50:33,2026-07-13 14:35,3533.0,3461.0,2.08,33662300,3564.0,3486.0,3564.0,1966.0
2026-07-13 14:55:30,2026-07-13 14:40,3534.0,3461.0,2.11,33901600,3564.0,3486.0,3564.0,1966.0
2026-07-13 15:00:32,2026-07-13 14:45,3530.0,3461.0,1.99,34143800,3564.0,3486.0,3564.0,1966.0
2026-07-13 15:05:44,2026-07-13 14:50,3533.0,3461.0,2.08,34390900,3564.0,3486.0,3564.0,1966.0
2026-07-13 15:10:31,2026-07-13 14:55,3537.0,3461.0,2.2,34646700,3564.0,3486.0,3564.0,1966.0
2026-07-13 15:15:39,2026-07-13 15:00,3541.0,3461.0,2.31,35073200,3564.0,3486.0,3564.0,1966.0
2026-07-13 15:20:39,2026-07-13 15:05,3545.0,3461.0,2.43,35377100,3564.0,3486.0,3564.0,1966.0
2026-07-13 15:25:38,2026-07-13 15:10,3541.0,3461.0,2.31,35845500,3564.0,3486.0,3564.0,1966.0
2026-07-13 15:30:31,2026-07-13 15:15,3535.0,3461.0,2.14,36324100,3564.0,3486.0,3564.0,1966.0
2026-07-13 15:40:32,2026-07-13 15:24,3531.0,3461.0,2.02,37396800,3564.0,3486.0,3564.0,1966.0
2026-07-14 09:00:31,2026-07-13 15:30,3541.0,3461.0,2.31,43079600,3564.0,3486.0,3564.0,1966.0
2026-07-14 09:05:34,2026-07-13 15:30,3541.0,3461.0,2.31,43079600,3564.0,3486.0,3564.0,1966.0
2026-07-14 09:10:58,2026-07-13 15:30,3541.0,3461.0,2.31,43079600,3564.0,3486.0,3564.0,1966.0
2026-07-14 09:15:32,2026-07-14 09:00,3541.0,3461.0,2.31,49028000,3536.0,3501.0,3536.0,1966.0
2026-07-14 09:20:33,2026-07-14 09:05,3517.0,3541.0,-0.68,8549100,3536.0,3501.0,3536.0,1966.0
2026-07-14 09:25:38,2026-07-14 09:10,3537.0,3541.0,-0.11,10638600,3538.0,3501.0,3538.0,1966.0
2026-07-14 09:30:30,2026-07-14 09:15,3550.0,3541.0,0.25,12135900,3552.0,3501.0,3552.0,1966.0
2026-07-14 09:35:34,2026-07-14 09:20,3534.0,3541.0,-0.2,13610800,3552.0,3501.0,3552.0,1966.0
2026-07-14 09:40:37,2026-07-14 09:25,3554.0,3541.0,0.37,14699400,3556.0,3501.0,3556.0,1966.0
2026-07-14 09:45:38,2026-07-14 09:30,3551.0,3541.0,0.28,15562600,3556.0,3501.0,3556.0,1966.0
2026-07-14 09:50:32,2026-07-14 09:35,3560.0,3541.0,0.54,16403400,3560.0,3501.0,3560.0,1966.0
2026-07-14 09:55:35,2026-07-14 09:40,3574.0,3541.0,0.93,18141100,3575.0,3501.0,3575.0,1966.0
2026-07-14 10:00:31,2026-07-14 09:45,3553.0,3541.0,0.34,19525300,3575.0,3501.0,3575.0,1966.0
2026-07-14 10:05:32,2026-07-14 09:50,3562.0,3541.0,0.59,20206100,3575.0,3501.0,3575.0,1966.0
2026-07-14 10:10:30,2026-07-14 09:55,3549.0,3541.0,0.23,21089200,3575.0,3501.0,3575.0,1966.0
2026-07-14 10:15:40,2026-07-14 10:00,3560.0,3541.0,0.54,21794200,3575.0,3501.0,3575.0,1966.0
2026-07-14 10:20:32,2026-07-14 10:05,3563.0,3541.0,0.62,22252900,3575.0,3501.0,3575.0,1966.0
2026-07-14 10:25:32,2026-07-14 10:10,3566.0,3541.0,0.71,22710900,3575.0,3501.0,3575.0,1966.0
2026-07-14 10:30:38,2026-07-14 10:15,3564.0,3541.0,0.65,23207200,3575.0,3501.0,3575.0,1966.0
2026-07-14 10:35:42,2026-07-14 10:20,3573.0,3541.0,0.9,23909900,3575.0,3501.0,3575.0,1966.0
2026-07-14 10:40:41,2026-07-14 10:25,3572.0,3541.0,0.88,24543000,3576.0,3501.0,3576.0,1966.0
2026-07-14 10:45:34,2026-07-14 10:30,3575.0,3541.0,0.96,25635200,3580.0,3501.0,3580.0,1966.0
2026-07-14 10:50:35,2026-07-14 10:35,3567.0,3541.0,0.73,26148100,3580.0,3501.0,3580.0,1966.0
2026-07-14 10:55:35,2026-07-14 10:40,3565.0,3541.0,0.68,26691600,3580.0,3501.0,3580.0,1966.0
2026-07-14 11:00:31,2026-07-14 10:45,3569.0,3541.0,0.79,27029300,3580.0,3501.0,3580.0,1966.0
2026-07-14 11:05:38,2026-07-14 10:50,3571.0,3541.0,0.85,27404100,3580.0,3501.0,3580.0,1966.0
2026-07-14 11:10:45,2026-07-14 10:55,3563.0,3541.0,0.62,28058100,3580.0,3501.0,3580.0,1966.0
2026-07-14 11:15:38,2026-07-14 11:00,3554.0,3541.0,0.37,28477000,3580.0,3501.0,3580.0,1966.0
2026-07-14 11:20:57,2026-07-14 11:05,3557.0,3541.0,0.45,28684500,3580.0,3501.0,3580.0,1966.0
2026-07-14 11:25:31,2026-07-14 11:10,3552.0,3541.0,0.31,28882500,3580.0,3501.0,3580.0,1966.0
2026-07-14 11:30:56,2026-07-14 11:15,3546.0,3541.0,0.14,29364300,3580.0,3501.0,3580.0,1966.0
2026-07-14 12:30:43,2026-07-14 11:30,3554.0,3541.0,0.37,30444300,3580.0,3501.0,3580.0,1966.0
2026-07-14 12:35:36,2026-07-14 11:30,3554.0,3541.0,0.37,30444300,3580.0,3501.0,3580.0,1966.0
2026-07-14 12:40:31,2026-07-14 11:30,3554.0,3541.0,0.37,30444300,3580.0,3501.0,3580.0,1966.0
2026-07-14 12:45:36,2026-07-14 12:30,3548.0,3541.0,0.2,31214100,3580.0,3501.0,3580.0,1966.0
2026-07-14 12:50:32,2026-07-14 12:35,3549.0,3541.0,0.23,31738100,3580.0,3501.0,3580.0,1966.0
2026-07-14 12:55:41,2026-07-14 12:40,3555.0,3541.0,0.4,32225400,3580.0,3501.0,3580.0,1966.0
2026-07-14 13:00:54,2026-07-14 12:45,3560.0,3541.0,0.54,32716600,3580.0,3501.0,3580.0,1966.0
2026-07-14 13:05:39,2026-07-14 12:50,3569.0,3541.0,0.79,33264200,3580.0,3501.0,3580.0,1966.0
2026-07-14 13:10:39,2026-07-14 12:55,3579.0,3541.0,1.07,34682400,3582.0,3501.0,3582.0,1966.0
2026-07-14 13:15:37,2026-07-14 13:00,3588.0,3541.0,1.33,35755000,3589.0,3501.0,3589.0,1966.0
2026-07-14 13:20:38,2026-07-14 13:05,3583.0,3541.0,1.19,36306800,3590.0,3501.0,3590.0,1966.0
2026-07-14 13:25:30,2026-07-14 13:10,3586.0,3541.0,1.27,36765700,3590.0,3501.0,3590.0,1966.0
2026-07-14 13:30:36,2026-07-14 13:15,3577.0,3541.0,1.02,37452100,3590.0,3501.0,3590.0,1966.0
2026-07-14 13:35:30,2026-07-14 13:20,3581.0,3541.0,1.13,37714200,3590.0,3501.0,3590.0,1966.0
2026-07-14 13:40:50,2026-07-14 13:25,3583.0,3541.0,1.19,37990300,3590.0,3501.0,3590.0,1966.0
2026-07-14 13:45:30,2026-07-14 13:30,3583.0,3541.0,1.19,38309100,3590.0,3501.0,3590.0,1966.0
2026-07-14 13:50:36,2026-07-14 13:35,3588.0,3541.0,1.33,38739100,3590.0,3501.0,3590.0,1966.0
2026-07-14 13:55:33,2026-07-14 13:40,3590.0,3541.0,1.38,39441600,3591.0,3501.0,3591.0,1966.0
2026-07-14 14:00:36,2026-07-14 13:45,3588.0,3541.0,1.33,39900200,3592.0,3501.0,3592.0,1966.0
2026-07-14 14:05:32,2026-07-14 13:50,3591.0,3541.0,1.41,40173700,3592.0,3501.0,3592.0,1966.0
2026-07-14 14:10:33,2026-07-14 13:55,3590.0,3541.0,1.38,40554700,3592.0,3501.0,3592.0,1966.0
2026-07-14 14:15:31,2026-07-14 14:00,3595.0,3541.0,1.52,41514300,3597.0,3501.0,3597.0,1966.0
2026-07-14 14:20:34,2026-07-14 14:05,3594.0,3541.0,1.5,41829400,3597.0,3501.0,3597.0,1966.0
2026-07-14 14:25:37,2026-07-14 14:10,3593.0,3541.0,1.47,42123700,3597.0,3501.0,3597.0,1966.0
2026-07-14 14:30:30,2026-07-14 14:15,3594.0,3541.0,1.5,42376200,3597.0,3501.0,3597.0,1966.0
2026-07-14 14:35:39,2026-07-14 14:20,3591.0,3541.0,1.41,42938200,3597.0,3501.0,3597.0,1966.0
2026-07-14 14:40:36,2026-07-14 14:25,3589.0,3541.0,1.36,43183300,3597.0,3501.0,3597.0,1966.0
2026-07-14 14:45:34,2026-07-14 14:30,3592.0,3541.0,1.44,43386200,3597.0,3501.0,3597.0,1966.0
2026-07-14 14:50:31,2026-07-14 14:35,3592.0,3541.0,1.44,43725000,3597.0,3501.0,3597.0,1966.0
2026-07-14 14:55:38,2026-07-14 14:40,3591.0,3541.0,1.41,43975900,3597.0,3501.0,3597.0,1966.0
2026-07-14 15:00:38,2026-07-14 14:45,3593.0,3541.0,1.47,44247200,3597.0,3501.0,3597.0,1966.0
2026-07-14 15:05:47,2026-07-14 14:50,3596.0,3541.0,1.55,44539800,3597.0,3501.0,3597.0,1966.0
2026-07-14 15:10:31,2026-07-14 14:55,3595.0,3541.0,1.52,44850200,3597.0,3501.0,3597.0,1966.0
2026-07-14 15:15:42,2026-07-14 15:00,3594.0,3541.0,1.5,45185900,3597.0,3501.0,3597.0,1966.0
2026-07-14 15:20:39,2026-07-14 15:05,3588.0,3541.0,1.33,45862000,3597.0,3501.0,3597.0,1966.0
2026-07-14 15:25:30,2026-07-14 15:10,3590.0,3541.0,1.38,46249800,3597.0,3501.0,3597.0,1966.0
2026-07-14 15:30:37,2026-07-14 15:15,3591.0,3541.0,1.41,46608800,3597.0,3501.0,3597.0,1966.0
2026-07-14 15:40:54,2026-07-14 15:24,3594.0,3541.0,1.5,48257900,3599.0,3501.0,3599.0,1966.0
2026-07-15 09:05:30,2026-07-14 15:30,3600.0,3541.0,1.67,53200600,3600.0,3501.0,3600.0,1966.0
2026-07-15 09:10:30,2026-07-14 15:30,3600.0,3541.0,1.67,53200600,3600.0,3501.0,3600.0,1966.0
2026-07-15 09:15:44,2026-07-15 09:00,3600.0,3541.0,1.67,57937500,3687.0,3656.0,3687.0,1966.0
2026-07-15 09:20:29,2026-07-15 09:05,3714.0,3600.0,3.17,9172800,3721.0,3656.0,3721.0,1966.0
2026-07-15 09:25:36,2026-07-15 09:10,3709.0,3600.0,3.03,12424400,3725.0,3656.0,3725.0,1966.0
2026-07-15 09:30:38,2026-07-15 09:15,3700.0,3600.0,2.78,14043600,3725.0,3656.0,3725.0,1966.0
2026-07-15 09:35:30,2026-07-15 09:20,3718.0,3600.0,3.28,15301800,3725.0,3656.0,3725.0,1966.0
2026-07-15 09:40:36,2026-07-15 09:25,3725.0,3600.0,3.47,16970600,3733.0,3656.0,3733.0,1966.0
2026-07-15 09:45:32,2026-07-15 09:30,3719.0,3600.0,3.31,17823200,3733.0,3656.0,3733.0,1966.0
2026-07-15 09:50:36,2026-07-15 09:35,3709.0,3600.0,3.03,18611200,3733.0,3656.0,3733.0,1966.0
2026-07-15 09:55:31,2026-07-15 09:40,3708.0,3600.0,3.0,19303800,3733.0,3656.0,3733.0,1966.0
2026-07-15 10:00:40,2026-07-15 09:45,3704.0,3600.0,2.89,20330900,3733.0,3656.0,3733.0,1966.0
2026-07-15 10:05:42,2026-07-15 09:50,3697.0,3600.0,2.69,21088400,3733.0,3656.0,3733.0,1966.0
2026-07-15 10:10:35,2026-07-15 09:55,3693.0,3600.0,2.58,21539700,3733.0,3656.0,3733.0,1966.0
2026-07-15 10:15:30,2026-07-15 10:00,3680.0,3600.0,2.22,22065300,3733.0,3656.0,3733.0,1966.0
2026-07-15 10:20:30,2026-07-15 10:05,3671.0,3600.0,1.97,22694700,3733.0,3656.0,3733.0,1966.0
2026-07-15 10:25:30,2026-07-15 10:10,3674.0,3600.0,2.06,23282400,3733.0,3656.0,3733.0,1966.0
2026-07-15 10:30:38,2026-07-15 10:15,3673.0,3600.0,2.03,23788300,3733.0,3656.0,3733.0,1966.0
2026-07-15 10:35:29,2026-07-15 10:20,3674.0,3600.0,2.06,24252000,3733.0,3656.0,3733.0,1966.0
2026-07-15 10:40:32,2026-07-15 10:25,3665.0,3600.0,1.81,25054500,3733.0,3656.0,3733.0,1966.0
2026-07-15 10:45:38,2026-07-15 10:30,3653.0,3600.0,1.47,26114400,3733.0,3653.0,3733.0,1966.0
2026-07-15 10:50:47,2026-07-15 10:35,3658.0,3600.0,1.61,26949100,3733.0,3643.0,3733.0,1966.0
2026-07-15 10:55:29,2026-07-15 10:40,3645.0,3600.0,1.25,27382500,3733.0,3643.0,3733.0,1966.0
2026-07-15 11:00:33,2026-07-15 10:45,3644.0,3600.0,1.22,27703900,3733.0,3642.0,3733.0,1966.0
2026-07-15 11:05:44,2026-07-15 10:50,3647.0,3600.0,1.31,27993900,3733.0,3642.0,3733.0,1966.0
2026-07-15 11:10:39,2026-07-15 10:55,3654.0,3600.0,1.5,28374900,3733.0,3642.0,3733.0,1966.0
2026-07-15 11:15:32,2026-07-15 11:00,3659.0,3600.0,1.64,28798200,3733.0,3642.0,3733.0,1966.0
2026-07-15 11:20:37,2026-07-15 11:05,3657.0,3600.0,1.58,29049400,3733.0,3642.0,3733.0,1966.0
2026-07-15 11:25:37,2026-07-15 11:10,3658.0,3600.0,1.61,29242400,3733.0,3642.0,3733.0,1966.0
2026-07-15 11:30:30,2026-07-15 11:15,3658.0,3600.0,1.61,29352800,3733.0,3642.0,3733.0,1966.0
2026-07-15 12:30:33,2026-07-15 11:30,3670.0,3600.0,1.94,30066400,3733.0,3642.0,3733.0,1966.0
2026-07-15 12:35:39,2026-07-15 11:30,3670.0,3600.0,1.94,30066400,3733.0,3642.0,3733.0,1966.0
2026-07-15 12:40:34,2026-07-15 11:30,3670.0,3600.0,1.94,30066400,3733.0,3642.0,3733.0,1966.0
2026-07-15 12:45:36,2026-07-15 12:30,3681.0,3600.0,2.25,30690400,3733.0,3642.0,3733.0,1966.0
2026-07-15 12:50:36,2026-07-15 12:35,3659.0,3600.0,1.64,31467500,3733.0,3642.0,3733.0,1966.0
2026-07-15 12:55:31,2026-07-15 12:40,3659.0,3600.0,1.64,31995600,3733.0,3642.0,3733.0,1966.0
2026-07-15 13:00:37,2026-07-15 12:45,3663.0,3600.0,1.75,32355900,3733.0,3642.0,3733.0,1966.0
2026-07-15 13:05:31,2026-07-15 12:50,3667.0,3600.0,1.86,32602800,3733.0,3642.0,3733.0,1966.0
2026-07-15 13:10:34,2026-07-15 12:55,3673.0,3600.0,2.03,32882600,3733.0,3642.0,3733.0,1966.0
2026-07-15 13:15:36,2026-07-15 13:00,3679.0,3600.0,2.19,33139600,3733.0,3642.0,3733.0,1966.0
2026-07-15 13:20:40,2026-07-15 13:05,3675.0,3600.0,2.08,33328500,3733.0,3642.0,3733.0,1966.0
2026-07-15 13:25:39,2026-07-15 13:10,3668.0,3600.0,1.89,33692300,3733.0,3642.0,3733.0,1966.0
2026-07-15 13:30:29,2026-07-15 13:15,3665.0,3600.0,1.81,33874500,3733.0,3642.0,3733.0,1966.0
2026-07-15 13:35:34,2026-07-15 13:20,3667.0,3600.0,1.86,34055600,3733.0,3642.0,3733.0,1966.0
2026-07-15 13:40:41,2026-07-15 13:25,3668.0,3600.0,1.89,34285700,3733.0,3642.0,3733.0,1966.0
2026-07-15 13:45:32,2026-07-15 13:30,3664.0,3600.0,1.78,34509800,3733.0,3642.0,3733.0,1966.0
2026-07-15 13:50:32,2026-07-15 13:35,3663.0,3600.0,1.75,34690800,3733.0,3642.0,3733.0,1966.0
2026-07-15 13:55:37,2026-07-15 13:40,3665.0,3600.0,1.81,35025900,3733.0,3642.0,3733.0,1966.0
2026-07-15 14:00:35,2026-07-15 13:45,3663.0,3600.0,1.75,35215400,3733.0,3642.0,3733.0,1966.0
2026-07-15 14:05:40,2026-07-15 13:50,3666.0,3600.0,1.83,35467900,3733.0,3642.0,3733.0,1966.0
2026-07-15 14:10:36,2026-07-15 13:55,3671.0,3600.0,1.97,35692400,3733.0,3642.0,3733.0,1966.0
2026-07-15 14:15:30,2026-07-15 14:00,3675.0,3600.0,2.08,36196000,3733.0,3642.0,3733.0,1966.0
2026-07-15 14:20:38,2026-07-15 14:05,3672.0,3600.0,2.0,36621700,3733.0,3642.0,3733.0,1966.0
2026-07-15 14:25:34,2026-07-15 14:10,3672.0,3600.0,2.0,36858600,3733.0,3642.0,3733.0,1966.0
2026-07-15 14:30:30,2026-07-15 14:15,3669.0,3600.0,1.92,37090700,3733.0,3642.0,3733.0,1966.0
2026-07-15 14:35:31,2026-07-15 14:20,3672.0,3600.0,2.0,37381500,3733.0,3642.0,3733.0,1966.0
2026-07-15 14:40:40,2026-07-15 14:25,3675.0,3600.0,2.08,37770600,3733.0,3642.0,3733.0,1966.0
2026-07-15 14:45:53,2026-07-15 14:30,3678.0,3600.0,2.17,38072400,3733.0,3642.0,3733.0,1966.0
2026-07-15 14:50:31,2026-07-15 14:35,3684.0,3600.0,2.33,38563300,3733.0,3642.0,3733.0,1966.0
2026-07-15 14:55:30,2026-07-15 14:40,3687.0,3600.0,2.42,39113100,3733.0,3642.0,3733.0,1966.0
2026-07-15 15:00:41,2026-07-15 14:45,3688.0,3600.0,2.44,39579400,3733.0,3642.0,3733.0,1966.0
2026-07-15 15:05:33,2026-07-15 14:50,3687.0,3600.0,2.42,40181800,3733.0,3642.0,3733.0,1966.0
2026-07-15 15:10:30,2026-07-15 14:55,3688.0,3600.0,2.44,40458200,3733.0,3642.0,3733.0,1966.0
2026-07-15 15:15:32,2026-07-15 15:00,3690.0,3600.0,2.5,40859100,3733.0,3642.0,3733.0,1966.0
2026-07-15 15:20:39,2026-07-15 15:05,3687.0,3600.0,2.42,41180900,3733.0,3642.0,3733.0,1966.0
2026-07-15 15:25:31,2026-07-15 15:10,3692.0,3600.0,2.56,41723000,3733.0,3642.0,3733.0,1966.0
2026-07-15 15:30:37,2026-07-15 15:15,3689.0,3600.0,2.47,42157400,3733.0,3642.0,3733.0,1966.0
2026-07-15 15:41:17,2026-07-15 15:24,3697.0,3600.0,2.69,43370800,3733.0,3642.0,3733.0,1966.0
2026-07-16 09:05:31,2026-07-15 15:30,3697.0,3600.0,2.69,51178000,3733.0,3642.0,3733.0,1966.0
2026-07-16 09:10:34,2026-07-15 15:30,3697.0,3600.0,2.69,51178000,3733.0,3642.0,3733.0,1966.0
2026-07-16 09:15:39,2026-07-16 09:00,3697.0,3600.0,2.69,53488300,3679.0,3663.0,3679.0,1966.0
2026-07-16 09:20:35,2026-07-16 09:05,3681.0,3697.0,-0.43,4441000,3697.0,3663.0,3697.0,1966.0
2026-07-16 09:25:32,2026-07-16 09:10,3682.0,3697.0,-0.41,5733400,3697.0,3663.0,3697.0,1966.0
2026-07-16 09:30:32,2026-07-16 09:15,3690.0,3697.0,-0.19,6941500,3697.0,3663.0,3697.0,1966.0
2026-07-16 09:35:29,2026-07-16 09:20,3679.0,3697.0,-0.49,7639800,3697.0,3663.0,3697.0,1966.0
2026-07-16 09:40:31,2026-07-16 09:25,3675.0,3697.0,-0.6,8442400,3697.0,3663.0,3697.0,1966.0
2026-07-16 09:45:35,2026-07-16 09:30,3676.0,3697.0,-0.57,9338100,3697.0,3663.0,3697.0,1966.0
2026-07-16 09:50:42,2026-07-16 09:35,3674.0,3697.0,-0.62,9833000,3697.0,3663.0,3697.0,1966.0
2026-07-16 09:55:32,2026-07-16 09:40,3685.0,3697.0,-0.32,10479900,3697.0,3663.0,3697.0,1966.0
2026-07-16 10:00:31,2026-07-16 09:45,3678.0,3697.0,-0.51,10974600,3697.0,3663.0,3697.0,1966.0
2026-07-16 10:05:42,2026-07-16 09:50,3667.0,3697.0,-0.81,11750300,3697.0,3662.0,3697.0,1966.0
2026-07-16 10:10:40,2026-07-16 09:55,3668.0,3697.0,-0.78,12209200,3697.0,3662.0,3697.0,1966.0
2026-07-16 10:15:37,2026-07-16 10:00,3662.0,3697.0,-0.95,12701200,3697.0,3661.0,3697.0,1966.0
2026-07-16 10:20:31,2026-07-16 10:05,3659.0,3697.0,-1.03,13359900,3697.0,3656.0,3697.0,1966.0
2026-07-16 10:25:42,2026-07-16 10:10,3654.0,3697.0,-1.16,13838400,3697.0,3652.0,3697.0,1966.0
2026-07-16 10:30:35,2026-07-16 10:15,3651.0,3697.0,-1.24,14779900,3697.0,3648.0,3697.0,1966.0
2026-07-16 10:35:32,2026-07-16 10:20,3649.0,3697.0,-1.3,15104000,3697.0,3648.0,3697.0,1966.0
2026-07-16 10:40:33,2026-07-16 10:25,3656.0,3697.0,-1.11,15414400,3697.0,3648.0,3697.0,1966.0
2026-07-16 10:45:31,2026-07-16 10:29,3663.0,3697.0,-0.92,15731500,3697.0,3648.0,3733.0,1966.0
2026-07-16 10:50:33,2026-07-16 10:35,3677.0,3697.0,-0.54,16422000,3697.0,3648.0,3733.0,1966.0
2026-07-16 10:55:37,2026-07-16 10:40,3680.0,3697.0,-0.46,17164300,3697.0,3648.0,3733.0,1966.0
2026-07-16 11:00:34,2026-07-16 10:45,3682.0,3697.0,-0.41,17647700,3697.0,3648.0,3733.0,1966.0
2026-07-16 11:05:35,2026-07-16 10:50,3679.0,3697.0,-0.49,17995700,3697.0,3648.0,3733.0,1966.0
2026-07-16 11:10:33,2026-07-16 10:55,3676.0,3697.0,-0.57,18392500,3697.0,3648.0,3733.0,1966.0
2026-07-16 11:15:34,2026-07-16 11:00,3671.0,3697.0,-0.7,18626700,3697.0,3648.0,3733.0,1966.0
2026-07-16 11:20:55,2026-07-16 11:05,3672.0,3697.0,-0.68,18916400,3697.0,3648.0,3733.0,1966.0
2026-07-16 11:25:34,2026-07-16 11:10,3671.0,3697.0,-0.7,19028200,3697.0,3648.0,3733.0,1966.0
2026-07-16 11:30:35,2026-07-16 11:15,3672.0,3697.0,-0.68,19196700,3697.0,3648.0,3733.0,1966.0
2026-07-16 12:30:37,2026-07-16 11:30,3670.0,3697.0,-0.73,19673600,3697.0,3648.0,3733.0,1966.0
2026-07-16 12:35:33,2026-07-16 11:30,3670.0,3697.0,-0.73,19673600,3697.0,3648.0,3733.0,1966.0
2026-07-16 12:40:29,2026-07-16 11:30,3670.0,3697.0,-0.73,19673600,3697.0,3648.0,3733.0,1966.0
2026-07-16 12:45:44,2026-07-16 12:30,3673.0,3697.0,-0.65,20060300,3697.0,3648.0,3733.0,1966.0
2026-07-16 12:50:34,2026-07-16 12:35,3664.0,3697.0,-0.89,20491200,3697.0,3648.0,3733.0,1966.0
2026-07-16 12:55:42,2026-07-16 12:40,3660.0,3697.0,-1.0,20905800,3697.0,3648.0,3733.0,1966.0
2026-07-16 13:00:38,2026-07-16 12:45,3661.0,3697.0,-0.97,21161500,3697.0,3648.0,3733.0,1966.0
2026-07-16 13:05:37,2026-07-16 12:50,3657.0,3697.0,-1.08,21427700,3697.0,3648.0,3733.0,1966.0
2026-07-16 13:10:41,2026-07-16 12:55,3661.0,3697.0,-0.97,21636800,3697.0,3648.0,3733.0,1966.0
2026-07-16 13:15:32,2026-07-16 13:00,3661.0,3697.0,-0.97,21820700,3697.0,3648.0,3733.0,1966.0
2026-07-16 13:20:41,2026-07-16 13:05,3652.0,3697.0,-1.22,22172200,3697.0,3648.0,3733.0,1966.0
2026-07-16 13:25:39,2026-07-16 13:10,3649.0,3697.0,-1.3,22809700,3697.0,3648.0,3733.0,1966.0
2026-07-16 13:30:45,2026-07-16 13:15,3654.0,3697.0,-1.16,23050100,3697.0,3648.0,3733.0,1966.0
2026-07-16 13:35:31,2026-07-16 13:20,3650.0,3697.0,-1.27,23254500,3697.0,3648.0,3733.0,1966.0
2026-07-16 13:40:34,2026-07-16 13:25,3645.0,3697.0,-1.41,23870900,3697.0,3644.0,3733.0,1966.0
2026-07-16 13:45:30,2026-07-16 13:30,3642.0,3697.0,-1.49,24026800,3697.0,3642.0,3733.0,1966.0
2026-07-16 13:50:32,2026-07-16 13:35,3646.0,3697.0,-1.38,24275000,3697.0,3642.0,3733.0,1966.0
2026-07-16 13:55:42,2026-07-16 13:40,3640.0,3697.0,-1.54,24577500,3697.0,3640.0,3733.0,1966.0
2026-07-16 14:00:47,2026-07-16 13:45,3645.0,3697.0,-1.41,24822700,3697.0,3640.0,3733.0,1966.0
2026-07-16 14:05:34,2026-07-16 13:50,3640.0,3697.0,-1.54,25382200,3697.0,3638.0,3733.0,1966.0
2026-07-16 14:10:36,2026-07-16 13:55,3642.0,3697.0,-1.49,25579900,3697.0,3638.0,3733.0,1966.0
2026-07-16 14:15:37,2026-07-16 14:00,3642.0,3697.0,-1.49,25768300,3697.0,3638.0,3733.0,1966.0
2026-07-16 14:20:32,2026-07-16 14:05,3641.0,3697.0,-1.51,26027700,3697.0,3638.0,3733.0,1966.0
2026-07-16 14:25:46,2026-07-16 14:10,3639.0,3697.0,-1.57,26301900,3697.0,3637.0,3733.0,1966.0
2026-07-16 14:30:29,2026-07-16 14:15,3646.0,3697.0,-1.38,26609300,3697.0,3637.0,3733.0,1966.0
2026-07-16 14:35:38,2026-07-16 14:20,3647.0,3697.0,-1.35,26816100,3697.0,3637.0,3733.0,1966.0
2026-07-16 14:40:32,2026-07-16 14:25,3647.0,3697.0,-1.35,26987000,3697.0,3637.0,3733.0,1966.0
2026-07-16 14:45:43,2026-07-16 14:30,3655.0,3697.0,-1.14,27333700,3697.0,3637.0,3733.0,1966.0
2026-07-16 14:50:33,2026-07-16 14:35,3640.0,3697.0,-1.54,27744900,3697.0,3637.0,3733.0,1966.0
2026-07-16 14:55:33,2026-07-16 14:38,3670.0,3697.0,-0.73,27972200,3697.0,3637.0,3733.0,1966.0
2026-07-16 15:00:37,2026-07-16 14:45,3639.0,3697.0,-1.57,28241600,3697.0,3637.0,3733.0,1966.0
2026-07-16 15:05:28,2026-07-16 14:50,3636.0,3697.0,-1.65,28398600,3697.0,3636.0,3733.0,1966.0
2026-07-16 15:10:32,2026-07-16 14:55,3636.0,3697.0,-1.65,28765800,3697.0,3633.0,3733.0,1966.0
2026-07-16 15:15:53,2026-07-16 15:00,3635.0,3697.0,-1.68,29140100,3697.0,3633.0,3733.0,1966.0
2026-07-16 15:20:42,2026-07-16 15:05,3634.0,3697.0,-1.7,29444200,3697.0,3633.0,3733.0,1966.0
2026-07-16 15:25:36,2026-07-16 15:10,3628.0,3697.0,-1.87,30961300,3697.0,3628.0,3733.0,1966.0
2026-07-16 15:30:31,2026-07-16 15:15,3630.0,3697.0,-1.81,31319600,3697.0,3625.0,3733.0,1966.0
2026-07-16 15:40:35,2026-07-16 15:24,3633.0,3697.0,-1.73,32308400,3697.0,3625.0,3733.0,1966.0
2026-07-17 09:05:47,2026-07-16 15:30,3629.0,3697.0,-1.84,38374000,3697.0,3625.0,3733.0,1966.0
2026-07-17 09:10:57,2026-07-16 15:30,3629.0,3697.0,-1.84,38374000,3697.0,3625.0,3733.0,1966.0
2026-07-17 09:15:32,2026-07-17 09:00,3629.0,3697.0,-1.84,41854600,3618.0,3595.0,3733.0,1966.0
2026-07-17 09:20:36,2026-07-17 09:05,3581.0,3629.0,-1.32,7167200,3618.0,3564.0,3733.0,1966.0
2026-07-17 09:25:31,2026-07-17 09:10,3557.0,3629.0,-1.98,8787300,3618.0,3551.0,3733.0,1966.0
2026-07-17 09:30:33,2026-07-17 09:15,3533.0,3629.0,-2.65,10854800,3618.0,3531.0,3733.0,1966.0
2026-07-17 09:35:41,2026-07-17 09:20,3547.0,3629.0,-2.26,11819100,3618.0,3531.0,3733.0,1966.0
2026-07-17 09:40:30,2026-07-17 09:25,3531.0,3629.0,-2.7,12983600,3618.0,3529.0,3733.0,1966.0
2026-07-17 09:45:34,2026-07-17 09:30,3519.0,3629.0,-3.03,14038200,3618.0,3519.0,3733.0,1966.0
2026-07-17 09:50:40,2026-07-17 09:35,3517.0,3629.0,-3.09,15152800,3618.0,3515.0,3733.0,1966.0
2026-07-17 09:55:38,2026-07-17 09:40,3527.0,3629.0,-2.81,15871900,3618.0,3515.0,3733.0,1966.0
2026-07-17 10:00:41,2026-07-17 09:45,3527.0,3629.0,-2.81,16531900,3618.0,3515.0,3733.0,1966.0
2026-07-17 10:05:29,2026-07-17 09:50,3549.0,3629.0,-2.2,17195000,3618.0,3515.0,3733.0,1966.0
2026-07-17 10:10:42,2026-07-17 09:55,3558.0,3629.0,-1.96,18061000,3618.0,3515.0,3733.0,1966.0
2026-07-17 10:15:32,2026-07-17 10:00,3544.0,3629.0,-2.34,18850500,3618.0,3515.0,3733.0,1966.0
2026-07-17 10:20:39,2026-07-17 10:05,3538.0,3629.0,-2.51,19441500,3618.0,3515.0,3733.0,1966.0
2026-07-17 10:25:48,2026-07-17 10:10,3553.0,3629.0,-2.09,19902000,3618.0,3515.0,3733.0,1966.0
2026-07-17 10:30:32,2026-07-17 10:15,3553.0,3629.0,-2.09,20223400,3618.0,3515.0,3733.0,1966.0
2026-07-17 10:35:36,2026-07-17 10:20,3535.0,3629.0,-2.59,20661300,3618.0,3515.0,3733.0,1966.0
2026-07-17 10:40:48,2026-07-17 10:25,3522.0,3629.0,-2.95,21579300,3618.0,3515.0,3733.0,1966.0
2026-07-17 10:45:46,2026-07-17 10:30,3518.0,3629.0,-3.06,22204100,3618.0,3515.0,3733.0,1966.0
2026-07-17 10:50:44,2026-07-17 10:35,3510.0,3629.0,-3.28,23107300,3618.0,3510.0,3733.0,1966.0
2026-07-17 10:55:35,2026-07-17 10:40,3513.0,3629.0,-3.2,23543100,3618.0,3510.0,3733.0,1966.0
2026-07-17 11:00:43,2026-07-17 10:45,3510.0,3629.0,-3.28,24163600,3618.0,3509.0,3733.0,1966.0
2026-07-17 11:05:42,2026-07-17 10:50,3511.0,3629.0,-3.25,24525800,3618.0,3508.0,3733.0,1966.0
2026-07-17 11:10:42,2026-07-17 10:55,3515.0,3629.0,-3.14,24898900,3618.0,3508.0,3733.0,1966.0
2026-07-17 11:15:32,2026-07-17 11:00,3512.0,3629.0,-3.22,25461400,3618.0,3506.0,3733.0,1966.0
2026-07-17 11:20:35,2026-07-17 11:05,3514.0,3629.0,-3.17,25789500,3618.0,3506.0,3733.0,1966.0
2026-07-17 11:25:40,2026-07-17 11:10,3511.0,3629.0,-3.25,26008400,3618.0,3506.0,3733.0,1966.0
2026-07-17 11:30:30,2026-07-17 11:15,3505.0,3629.0,-3.42,26598300,3618.0,3503.0,3733.0,1966.0
2026-07-17 12:30:38,2026-07-17 11:30,3500.0,3629.0,-3.55,28697100,3618.0,3495.0,3733.0,1966.0
2026-07-17 12:35:30,2026-07-17 11:30,3500.0,3629.0,-3.55,28697100,3618.0,3495.0,3733.0,1966.0
2026-07-17 12:40:36,2026-07-17 11:30,3500.0,3629.0,-3.55,28697100,3618.0,3495.0,3733.0,1966.0
2026-07-17 12:45:40,2026-07-17 12:30,3508.0,3629.0,-3.33,29379900,3618.0,3495.0,3733.0,1966.0
2026-07-17 12:50:50,2026-07-17 12:35,3500.0,3629.0,-3.55,30274300,3618.0,3494.0,3733.0,1966.0
2026-07-17 12:55:32,2026-07-17 12:40,3497.0,3629.0,-3.64,30787700,3618.0,3494.0,3733.0,1966.0
2026-07-17 13:00:37,2026-07-17 12:45,3491.0,3629.0,-3.8,31397800,3618.0,3490.0,3733.0,1966.0
2026-07-17 13:05:35,2026-07-17 12:50,3491.0,3629.0,-3.8,31682200,3618.0,3490.0,3733.0,1966.0
2026-07-17 13:10:46,2026-07-17 12:55,3484.0,3629.0,-4.0,32254900,3618.0,3483.0,3733.0,1966.0
2026-07-17 13:15:37,2026-07-17 13:00,3475.0,3629.0,-4.24,32914600,3618.0,3475.0,3733.0,1966.0
2026-07-17 13:20:30,2026-07-17 13:05,3468.0,3629.0,-4.44,34001400,3618.0,3466.0,3733.0,1966.0
2026-07-17 13:25:30,2026-07-17 13:10,3455.0,3629.0,-4.79,35215400,3618.0,3455.0,3733.0,1966.0
2026-07-17 13:30:32,2026-07-17 13:15,3453.0,3629.0,-4.85,36397800,3618.0,3451.0,3733.0,1966.0
2026-07-17 13:35:32,2026-07-17 13:20,3448.0,3629.0,-4.99,37234000,3618.0,3443.0,3733.0,1966.0
2026-07-17 13:40:40,2026-07-17 13:25,3440.0,3629.0,-5.21,37858900,3618.0,3440.0,3733.0,1966.0
2026-07-17 13:45:30,2026-07-17 13:30,3432.0,3629.0,-5.43,38643600,3618.0,3428.0,3733.0,1966.0
2026-07-17 13:50:30,2026-07-17 13:35,3424.0,3629.0,-5.65,39596800,3618.0,3423.0,3733.0,1966.0
2026-07-17 13:55:33,2026-07-17 13:40,3412.0,3629.0,-5.98,40493700,3618.0,3411.0,3733.0,1966.0
2026-07-17 14:00:41,2026-07-17 13:45,3435.0,3629.0,-5.35,41556300,3618.0,3411.0,3733.0,1966.0
2026-07-17 14:05:35,2026-07-17 13:50,3443.0,3629.0,-5.13,42451100,3618.0,3411.0,3733.0,1966.0
2026-07-17 14:10:31,2026-07-17 13:55,3446.0,3629.0,-5.04,43116800,3618.0,3411.0,3733.0,1966.0
2026-07-17 14:15:34,2026-07-17 14:00,3443.0,3629.0,-5.13,43779700,3618.0,3411.0,3733.0,1966.0
2026-07-17 14:20:38,2026-07-17 14:05,3428.0,3629.0,-5.54,44635600,3618.0,3411.0,3733.0,1966.0
2026-07-17 14:25:47,2026-07-17 14:10,3434.0,3629.0,-5.37,45248600,3618.0,3411.0,3733.0,1966.0
2026-07-17 14:30:32,2026-07-17 14:15,3442.0,3629.0,-5.15,45633200,3618.0,3411.0,3733.0,1966.0
2026-07-17 14:35:51,2026-07-17 14:20,3439.0,3629.0,-5.24,46233500,3618.0,3411.0,3733.0,1966.0
2026-07-17 14:40:30,2026-07-17 14:25,3441.0,3629.0,-5.18,46584100,3618.0,3411.0,3733.0,1966.0
2026-07-17 14:45:35,2026-07-17 14:30,3442.0,3629.0,-5.15,46909000,3618.0,3411.0,3733.0,1966.0
2026-07-17 14:50:28,2026-07-17 14:35,3445.0,3629.0,-5.07,47404600,3618.0,3411.0,3733.0,1966.0
2026-07-17 14:55:39,2026-07-17 14:40,3441.0,3629.0,-5.18,47846400,3618.0,3411.0,3733.0,1966.0
2026-07-17 15:00:28,2026-07-17 14:45,3443.0,3629.0,-5.13,48293500,3618.0,3411.0,3733.0,1966.0
2026-07-17 15:05:57,2026-07-17 14:50,3443.0,3629.0,-5.13,48988800,3618.0,3411.0,3733.0,1966.0
2026-07-17 15:10:32,2026-07-17 14:55,3450.0,3629.0,-4.93,49547600,3618.0,3411.0,3733.0,1966.0
2026-07-17 15:15:36,2026-07-17 15:00,3451.0,3629.0,-4.9,50046000,3618.0,3411.0,3733.0,1966.0
2026-07-17 15:20:37,2026-07-17 15:05,3452.0,3629.0,-4.88,50814300,3618.0,3411.0,3733.0,1966.0
2026-07-17 15:25:47,2026-07-17 15:10,3458.0,3629.0,-4.71,51600200,3618.0,3411.0,3733.0,1966.0
2026-07-17 15:30:35,2026-07-17 15:15,3462.0,3629.0,-4.6,52280500,3618.0,3411.0,3733.0,1966.0
2026-07-17 15:40:42,2026-07-17 15:25,3464.0,3629.0,-4.55,53585000,3618.0,3411.0,3733.0,1966.0
2026-07-21 09:05:30,2026-07-17 15:30,3473.0,3629.0,-4.3,59061500,3618.0,3411.0,3733.0,1976.0
2026-07-21 09:10:32,2026-07-17 15:30,3473.0,3629.0,-4.3,59061500,3618.0,3411.0,3733.0,1976.0
2026-07-21 09:15:29,2026-07-21 09:00,3517.0,3629.0,-3.09,62709200,3527.0,3506.0,3733.0,1976.0
2026-07-21 09:20:39,2026-07-21 09:05,3513.0,3473.0,1.15,5700600,3527.0,3491.0,3733.0,1976.0
2026-07-21 09:25:44,2026-07-21 09:10,3487.0,3473.0,0.4,7252200,3527.0,3473.0,3733.0,1976.0
2026-07-21 09:30:40,2026-07-21 09:15,3494.0,3473.0,0.6,8150100,3527.0,3473.0,3733.0,1976.0
2026-07-21 09:35:43,2026-07-21 09:20,3515.0,3473.0,1.21,9426200,3527.0,3473.0,3733.0,1976.0
2026-07-21 09:40:35,2026-07-21 09:25,3511.0,3473.0,1.09,10217600,3527.0,3473.0,3733.0,1976.0
2026-07-21 09:45:35,2026-07-21 09:30,3529.0,3473.0,1.61,11407300,3530.0,3473.0,3733.0,1976.0
2026-07-21 09:50:31,2026-07-21 09:35,3529.0,3473.0,1.61,12571500,3538.0,3473.0,3733.0,1976.0
2026-07-21 09:55:36,2026-07-21 09:40,3534.0,3473.0,1.76,13501900,3541.0,3473.0,3733.0,1976.0
2026-07-21 10:00:30,2026-07-21 09:45,3509.0,3473.0,1.04,14800500,3541.0,3473.0,3733.0,1976.0
2026-07-21 10:05:51,2026-07-21 09:50,3503.0,3473.0,0.86,15796300,3541.0,3473.0,3733.0,1976.0
2026-07-21 10:10:30,2026-07-21 09:55,3505.0,3473.0,0.92,16302100,3541.0,3473.0,3733.0,1976.0
2026-07-21 10:15:32,2026-07-21 10:00,3507.0,3473.0,0.98,16833000,3541.0,3473.0,3733.0,1976.0
2026-07-21 10:20:35,2026-07-21 10:05,3513.0,3473.0,1.15,17418600,3541.0,3473.0,3733.0,1976.0
2026-07-21 10:25:30,2026-07-21 10:10,3512.0,3473.0,1.12,17916300,3541.0,3473.0,3733.0,1976.0
2026-07-21 10:30:33,2026-07-21 10:15,3517.0,3473.0,1.27,18284800,3541.0,3473.0,3733.0,1976.0
2026-07-21 10:35:32,2026-07-21 10:20,3513.0,3473.0,1.15,19097800,3541.0,3473.0,3733.0,1976.0
2026-07-21 10:40:29,2026-07-21 10:25,3521.0,3473.0,1.38,19573400,3541.0,3473.0,3733.0,1976.0
2026-07-21 10:45:40,2026-07-21 10:30,3530.0,3473.0,1.64,20283600,3541.0,3473.0,3733.0,1976.0
2026-07-21 10:50:48,2026-07-21 10:35,3530.0,3473.0,1.64,20819400,3541.0,3473.0,3733.0,1976.0
2026-07-21 10:55:45,2026-07-21 10:40,3522.0,3473.0,1.41,21464600,3541.0,3473.0,3733.0,1976.0
2026-07-21 11:00:30,2026-07-21 10:45,3521.0,3473.0,1.38,21831600,3541.0,3473.0,3733.0,1976.0
2026-07-21 11:05:36,2026-07-21 10:50,3527.0,3473.0,1.55,22279200,3541.0,3473.0,3733.0,1976.0
2026-07-21 11:10:37,2026-07-21 10:55,3534.0,3473.0,1.76,22767100,3541.0,3473.0,3733.0,1976.0
2026-07-21 11:15:30,2026-07-21 11:00,3538.0,3473.0,1.87,23087400,3541.0,3473.0,3733.0,1976.0
2026-07-21 11:20:32,2026-07-21 11:05,3545.0,3473.0,2.07,23983900,3546.0,3473.0,3733.0,1976.0
2026-07-21 11:25:35,2026-07-21 11:10,3546.0,3473.0,2.1,24507200,3550.0,3473.0,3733.0,1976.0
2026-07-21 11:30:39,2026-07-21 11:15,3549.0,3473.0,2.19,24958900,3552.0,3473.0,3733.0,1976.0
2026-07-21 12:30:34,2026-07-21 11:30,3550.0,3473.0,2.22,25764100,3552.0,3473.0,3733.0,1976.0
2026-07-21 12:35:30,2026-07-21 11:30,3550.0,3473.0,2.22,25764100,3552.0,3473.0,3733.0,1976.0
2026-07-21 12:40:29,2026-07-21 11:30,3550.0,3473.0,2.22,25764100,3552.0,3473.0,3733.0,1976.0
2026-07-21 12:45:54,2026-07-21 12:30,3546.0,3473.0,2.1,26472000,3554.0,3473.0,3733.0,1976.0
2026-07-21 12:50:33,2026-07-21 12:35,3540.0,3473.0,1.93,26877400,3554.0,3473.0,3733.0,1976.0
2026-07-21 12:55:35,2026-07-21 12:40,3543.0,3473.0,2.02,27154800,3554.0,3473.0,3733.0,1976.0
2026-07-21 13:00:31,2026-07-21 12:45,3539.0,3473.0,1.9,27358700,3554.0,3473.0,3733.0,1976.0
2026-07-21 13:05:32,2026-07-21 12:50,3532.0,3473.0,1.7,27778900,3554.0,3473.0,3733.0,1976.0
2026-07-21 13:10:37,2026-07-21 12:55,3531.0,3473.0,1.67,28182700,3554.0,3473.0,3733.0,1976.0
2026-07-21 13:15:39,2026-07-21 13:00,3528.0,3473.0,1.58,28393600,3554.0,3473.0,3733.0,1976.0
2026-07-21 13:20:50,2026-07-21 13:05,3522.0,3473.0,1.41,28599100,3554.0,3473.0,3733.0,1976.0
2026-07-21 13:25:31,2026-07-21 13:10,3526.0,3473.0,1.53,28772900,3554.0,3473.0,3733.0,1976.0
2026-07-21 13:30:44,2026-07-21 13:15,3528.0,3473.0,1.58,29006500,3554.0,3473.0,3733.0,1976.0
2026-07-21 13:35:35,2026-07-21 13:20,3526.0,3473.0,1.53,29228900,3554.0,3473.0,3733.0,1976.0
2026-07-21 13:40:42,2026-07-21 13:25,3526.0,3473.0,1.53,29399900,3554.0,3473.0,3733.0,1976.0
2026-07-21 13:45:38,2026-07-21 13:30,3526.0,3473.0,1.53,29606200,3554.0,3473.0,3733.0,1976.0
2026-07-21 13:50:31,2026-07-21 13:35,3534.0,3473.0,1.76,29986800,3554.0,3473.0,3733.0,1976.0
2026-07-21 13:55:37,2026-07-21 13:40,3541.0,3473.0,1.96,30407100,3554.0,3473.0,3733.0,1976.0
2026-07-21 14:00:47,2026-07-21 13:45,3546.0,3473.0,2.1,31012400,3554.0,3473.0,3733.0,1976.0
2026-07-21 14:05:37,2026-07-21 13:50,3551.0,3473.0,2.25,31524100,3554.0,3473.0,3733.0,1976.0
2026-07-21 14:10:37,2026-07-21 13:55,3542.0,3473.0,1.99,31847700,3554.0,3473.0,3733.0,1976.0
2026-07-21 14:15:38,2026-07-21 14:00,3544.0,3473.0,2.04,32070100,3554.0,3473.0,3733.0,1976.0
2026-07-21 14:20:38,2026-07-21 14:05,3550.0,3473.0,2.22,32342500,3554.0,3473.0,3733.0,1976.0
2026-07-21 14:25:33,2026-07-21 14:10,3551.0,3473.0,2.25,32754500,3554.0,3473.0,3733.0,1976.0
2026-07-21 14:30:41,2026-07-21 14:15,3548.0,3473.0,2.16,32977800,3554.0,3473.0,3733.0,1976.0
2026-07-21 14:35:38,2026-07-21 14:20,3546.0,3473.0,2.1,33212100,3554.0,3473.0,3733.0,1976.0
2026-07-21 14:40:30,2026-07-21 14:25,3546.0,3473.0,2.1,33471500,3554.0,3473.0,3733.0,1976.0
2026-07-21 14:45:36,2026-07-21 14:30,3552.0,3473.0,2.27,33866900,3554.0,3473.0,3733.0,1976.0
2026-07-21 14:50:43,2026-07-21 14:35,3554.0,3473.0,2.33,34143900,3555.0,3473.0,3733.0,1976.0
2026-07-21 14:55:35,2026-07-21 14:40,3553.0,3473.0,2.3,34241700,3555.0,3473.0,3733.0,1976.0
2026-07-21 15:00:38,2026-07-21 14:45,3557.0,3473.0,2.42,34586700,3557.0,3473.0,3733.0,1976.0
2026-07-21 15:05:41,2026-07-21 14:50,3560.0,3473.0,2.51,35061000,3563.0,3473.0,3733.0,1976.0
2026-07-21 15:10:46,2026-07-21 14:55,3557.0,3473.0,2.42,35314400,3563.0,3473.0,3733.0,1976.0
2026-07-21 15:15:41,2026-07-21 15:00,3556.0,3473.0,2.39,35509400,3563.0,3473.0,3733.0,1976.0
2026-07-21 15:20:33,2026-07-21 15:05,3564.0,3473.0,2.62,36058200,3566.0,3473.0,3733.0,1976.0
2026-07-21 15:25:34,2026-07-21 15:10,3567.0,3473.0,2.71,36423400,3568.0,3473.0,3733.0,1976.0
2026-07-21 15:30:30,2026-07-21 15:15,3566.0,3473.0,2.68,36673800,3568.0,3473.0,3733.0,1976.0
2026-07-21 15:40:32,2026-07-21 15:24,3566.0,3473.0,2.68,37657000,3568.0,3473.0,3733.0,1976.0
2026-07-22 09:05:31,2026-07-21 15:30,3580.0,3473.0,3.08,48029100,3580.0,3473.0,3733.0,1976.0
2026-07-22 09:10:43,2026-07-21 15:30,3580.0,3473.0,3.08,48029100,3580.0,3473.0,3733.0,1976.0
2026-07-22 09:15:29,2026-07-22 09:00,3580.0,3473.0,3.08,50716400,3607.0,3583.0,3733.0,1976.0
2026-07-22 09:20:29,2026-07-22 09:05,3592.0,3580.0,0.34,4841000,3609.0,3573.0,3733.0,1976.0
2026-07-22 09:25:32,2026-07-22 09:10,3608.0,3580.0,0.78,6097600,3613.0,3573.0,3733.0,1976.0
2026-07-22 09:30:35,2026-07-22 09:15,3623.0,3580.0,1.2,7722000,3629.0,3573.0,3733.0,1976.0
2026-07-22 09:35:41,2026-07-22 09:20,3618.0,3580.0,1.06,8388600,3629.0,3573.0,3733.0,1976.0
2026-07-22 09:40:40,2026-07-22 09:25,3616.0,3580.0,1.01,8946000,3629.0,3573.0,3733.0,1976.0
2026-07-22 09:45:39,2026-07-22 09:30,3628.0,3580.0,1.34,9686300,3630.0,3573.0,3733.0,1976.0
2026-07-22 09:50:40,2026-07-22 09:35,3641.0,3580.0,1.7,10708400,3642.0,3573.0,3733.0,1976.0
2026-07-22 09:55:29,2026-07-22 09:40,3644.0,3580.0,1.79,11506600,3650.0,3573.0,3733.0,1976.0
2026-07-22 10:00:30,2026-07-22 09:45,3647.0,3580.0,1.87,12176300,3650.0,3573.0,3733.0,1976.0
2026-07-22 10:05:29,2026-07-22 09:50,3652.0,3580.0,2.01,12868100,3653.0,3573.0,3733.0,1976.0
2026-07-22 10:10:30,2026-07-22 09:55,3657.0,3580.0,2.15,13625800,3658.0,3573.0,3733.0,1976.0
2026-07-22 10:15:32,2026-07-22 10:00,3672.0,3580.0,2.57,14850300,3675.0,3573.0,3733.0,1976.0
2026-07-22 10:20:44,2026-07-22 10:05,3670.0,3580.0,2.51,15544700,3677.0,3573.0,3733.0,1976.0
2026-07-22 10:25:51,2026-07-22 10:10,3653.0,3580.0,2.04,16465200,3677.0,3573.0,3733.0,1976.0
2026-07-22 10:30:38,2026-07-22 10:15,3648.0,3580.0,1.9,16950200,3677.0,3573.0,3733.0,1976.0
2026-07-22 10:35:30,2026-07-22 10:20,3654.0,3580.0,2.07,17368100,3677.0,3573.0,3733.0,1976.0
2026-07-22 10:40:33,2026-07-22 10:25,3663.0,3580.0,2.32,17734500,3677.0,3573.0,3733.0,1976.0
2026-07-22 10:45:43,2026-07-22 10:30,3663.0,3580.0,2.32,18116800,3677.0,3573.0,3733.0,1976.0
2026-07-22 10:50:32,2026-07-22 10:35,3666.0,3580.0,2.4,18346600,3677.0,3573.0,3733.0,1976.0
2026-07-22 10:55:40,2026-07-22 10:40,3661.0,3580.0,2.26,18597100,3677.0,3573.0,3733.0,1976.0
2026-07-22 11:00:38,2026-07-22 10:45,3660.0,3580.0,2.23,18841700,3677.0,3573.0,3733.0,1976.0
2026-07-22 11:05:45,2026-07-22 10:50,3658.0,3580.0,2.18,19006400,3677.0,3573.0,3733.0,1976.0
2026-07-22 11:10:33,2026-07-22 10:55,3663.0,3580.0,2.32,19223300,3677.0,3573.0,3733.0,1976.0
2026-07-22 11:15:38,2026-07-22 11:00,3660.0,3580.0,2.23,19462500,3677.0,3573.0,3733.0,1976.0
2026-07-22 11:20:32,2026-07-22 11:05,3659.0,3580.0,2.21,19627700,3677.0,3573.0,3733.0,1976.0
2026-07-22 11:25:34,2026-07-22 11:10,3663.0,3580.0,2.32,19886200,3677.0,3573.0,3733.0,1976.0
2026-07-22 11:30:30,2026-07-22 11:15,3672.0,3580.0,2.57,20441700,3677.0,3573.0,3733.0,1976.0
2026-07-22 12:30:38,2026-07-22 11:30,3675.0,3580.0,2.65,21246400,3677.0,3573.0,3733.0,1976.0
2026-07-22 12:35:41,2026-07-22 11:30,3675.0,3580.0,2.65,21246400,3677.0,3573.0,3733.0,1976.0
2026-07-22 12:40:38,2026-07-22 11:30,3675.0,3580.0,2.65,21246400,3677.0,3573.0,3733.0,1976.0
2026-07-22 12:45:35,2026-07-22 12:30,3678.0,3580.0,2.74,22505900,3682.0,3573.0,3733.0,1976.0
2026-07-22 12:50:32,2026-07-22 12:35,3676.0,3580.0,2.68,23328200,3685.0,3573.0,3733.0,1976.0
2026-07-22 12:55:36,2026-07-22 12:40,3672.0,3580.0,2.57,23804200,3685.0,3573.0,3733.0,1976.0
2026-07-22 13:00:48,2026-07-22 12:45,3673.0,3580.0,2.6,24283700,3685.0,3573.0,3733.0,1976.0
2026-07-22 13:05:31,2026-07-22 12:50,3674.0,3580.0,2.63,24594200,3685.0,3573.0,3733.0,1976.0
2026-07-22 13:10:34,2026-07-22 12:55,3675.0,3580.0,2.65,25000900,3685.0,3573.0,3733.0,1976.0
2026-07-22 13:15:35,2026-07-22 13:00,3682.0,3580.0,2.85,25562100,3685.0,3573.0,3733.0,1976.0
2026-07-22 13:20:34,2026-07-22 13:05,3683.0,3580.0,2.88,25917600,3685.0,3573.0,3733.0,1976.0
2026-07-22 13:25:59,2026-07-22 13:10,3683.0,3580.0,2.88,26381700,3685.0,3573.0,3733.0,1976.0
2026-07-22 13:30:45,2026-07-22 13:15,3680.0,3580.0,2.79,26794300,3685.0,3573.0,3733.0,1976.0
2026-07-22 13:35:38,2026-07-22 13:20,3680.0,3580.0,2.79,27078100,3685.0,3573.0,3733.0,1976.0
2026-07-22 13:40:38,2026-07-22 13:25,3679.0,3580.0,2.77,27641900,3685.0,3573.0,3733.0,1976.0
2026-07-22 13:45:42,2026-07-22 13:30,3679.0,3580.0,2.77,27849400,3685.0,3573.0,3733.0,1976.0
2026-07-22 13:50:39,2026-07-22 13:35,3678.0,3580.0,2.74,28001200,3685.0,3573.0,3733.0,1976.0
2026-07-22 13:55:36,2026-07-22 13:40,3677.0,3580.0,2.71,28141200,3685.0,3573.0,3733.0,1976.0
2026-07-22 14:00:40,2026-07-22 13:45,3677.0,3580.0,2.71,28377700,3685.0,3573.0,3733.0,1976.0
2026-07-22 14:05:44,2026-07-22 13:50,3676.0,3580.0,2.68,28529200,3685.0,3573.0,3733.0,1976.0
2026-07-22 14:10:35,2026-07-22 13:55,3672.0,3580.0,2.57,28733100,3685.0,3573.0,3733.0,1976.0
2026-07-22 14:15:54,2026-07-22 14:00,3673.0,3580.0,2.6,29058500,3685.0,3573.0,3733.0,1976.0
2026-07-22 14:20:39,2026-07-22 14:05,3669.0,3580.0,2.49,29282200,3685.0,3573.0,3733.0,1976.0
2026-07-22 14:25:36,2026-07-22 14:10,3668.0,3580.0,2.46,29606800,3685.0,3573.0,3733.0,1976.0
2026-07-22 14:30:37,2026-07-22 14:15,3668.0,3580.0,2.46,29823200,3685.0,3573.0,3733.0,1976.0
2026-07-22 14:35:36,2026-07-22 14:20,3672.0,3580.0,2.57,30248100,3685.0,3573.0,3733.0,1976.0
2026-07-22 14:40:33,2026-07-22 14:25,3668.0,3580.0,2.46,30600300,3685.0,3573.0,3733.0,1976.0
2026-07-22 14:45:41,2026-07-22 14:30,3669.0,3580.0,2.49,30899100,3685.0,3573.0,3733.0,1976.0
2026-07-22 14:50:58,2026-07-22 14:35,3676.0,3580.0,2.68,31388900,3685.0,3573.0,3733.0,1976.0
2026-07-22 14:55:36,2026-07-22 14:40,3673.0,3580.0,2.6,31591000,3685.0,3573.0,3733.0,1976.0
2026-07-22 15:00:36,2026-07-22 14:43,3668.0,3580.0,2.46,31843500,3685.0,3573.0,3733.0,1976.0
2026-07-22 15:05:41,2026-07-22 14:50,3672.0,3580.0,2.57,32260300,3685.0,3573.0,3733.0,1976.0
2026-07-22 15:10:40,2026-07-22 14:55,3668.0,3580.0,2.46,32526900,3685.0,3573.0,3733.0,1976.0
2026-07-22 15:15:52,2026-07-22 15:00,3667.0,3580.0,2.43,32766100,3685.0,3573.0,3733.0,1976.0
2026-07-22 15:20:33,2026-07-22 15:05,3664.0,3580.0,2.35,32995300,3685.0,3573.0,3733.0,1976.0
2026-07-22 15:25:44,2026-07-22 15:10,3666.0,3580.0,2.4,33264600,3685.0,3573.0,3733.0,1976.0
2026-07-22 15:30:55,2026-07-22 15:15,3661.0,3580.0,2.26,33538700,3685.0,3573.0,3733.0,1976.0
2026-07-22 15:40:45,2026-07-22 15:24,3656.0,3580.0,2.12,34236600,3685.0,3573.0,3733.0,1976.0
2026-07-23 09:05:33,2026-07-22 15:30,3668.0,3580.0,2.46,40200900,3685.0,3573.0,3733.0,2021.0
2026-07-23 09:10:31,2026-07-22 15:30,3668.0,3580.0,2.46,40200900,3685.0,3573.0,3733.0,2021.0
2026-07-23 09:15:31,2026-07-22 15:30,3668.0,3580.0,2.46,40200900,3685.0,3573.0,3733.0,2021.0
2026-07-23 09:20:34,2026-07-23 09:05,3667.0,3668.0,-0.03,4515000,3672.0,3625.0,3733.0,2021.0
2026-07-23 09:25:36,2026-07-23 09:10,3667.0,3668.0,-0.03,7190500,3675.0,3625.0,3733.0,2021.0
2026-07-23 09:30:36,2026-07-23 09:15,3678.0,3668.0,0.27,8105600,3678.0,3625.0,3733.0,2021.0
2026-07-23 09:35:31,2026-07-23 09:20,3681.0,3668.0,0.35,9158900,3682.0,3625.0,3733.0,2021.0
2026-07-23 09:40:34,2026-07-23 09:25,3684.0,3668.0,0.44,9894000,3685.0,3625.0,3733.0,2021.0
2026-07-23 09:45:32,2026-07-23 09:30,3681.0,3668.0,0.35,11045200,3693.0,3625.0,3733.0,2021.0
2026-07-23 09:50:33,2026-07-23 09:35,3687.0,3668.0,0.52,11669100,3693.0,3625.0,3733.0,2021.0
2026-07-23 09:55:29,2026-07-23 09:40,3691.0,3668.0,0.63,12310500,3693.0,3625.0,3733.0,2021.0
2026-07-23 10:00:35,2026-07-23 09:45,3697.0,3668.0,0.79,13113800,3698.0,3625.0,3733.0,2021.0
2026-07-23 10:06:04,2026-07-23 09:51,3710.0,3668.0,1.15,15162800,3710.0,3625.0,3733.0,2021.0
2026-07-23 10:10:38,2026-07-23 09:55,3707.0,3668.0,1.06,16284100,3717.0,3625.0,3733.0,2021.0
2026-07-23 10:15:29,2026-07-23 10:00,3725.0,3668.0,1.55,17823200,3727.0,3625.0,3733.0,2021.0
2026-07-23 10:20:30,2026-07-23 10:05,3724.0,3668.0,1.53,18772100,3728.0,3625.0,3733.0,2021.0
2026-07-23 10:25:33,2026-07-23 10:10,3728.0,3668.0,1.64,19581200,3729.0,3625.0,3733.0,2021.0
2026-07-23 10:30:41,2026-07-23 10:15,3721.0,3668.0,1.44,20379300,3730.0,3625.0,3733.0,2021.0
2026-07-23 10:35:38,2026-07-23 10:20,3720.0,3668.0,1.42,21107000,3730.0,3625.0,3733.0,2021.0
2026-07-23 10:40:33,2026-07-23 10:25,3718.0,3668.0,1.36,21505300,3730.0,3625.0,3733.0,2021.0
2026-07-23 10:45:55,2026-07-23 10:30,3722.0,3668.0,1.47,21942400,3730.0,3625.0,3733.0,2021.0
2026-07-23 10:50:35,2026-07-23 10:35,3726.0,3668.0,1.58,22441900,3730.0,3625.0,3733.0,2021.0
2026-07-23 10:55:38,2026-07-23 10:40,3723.0,3668.0,1.5,22893000,3730.0,3625.0,3733.0,2021.0
2026-07-23 11:00:37,2026-07-23 10:45,3725.0,3668.0,1.55,23264700,3730.0,3625.0,3733.0,2021.0
2026-07-23 11:05:39,2026-07-23 10:50,3727.0,3668.0,1.61,24000500,3730.0,3625.0,3733.0,2021.0
2026-07-23 11:10:35,2026-07-23 10:55,3732.0,3668.0,1.74,24496200,3732.0,3625.0,3733.0,2021.0
2026-07-23 11:15:36,2026-07-23 11:00,3726.0,3668.0,1.58,25008400,3732.0,3625.0,3733.0,2021.0
2026-07-23 11:20:30,2026-07-23 11:05,3724.0,3668.0,1.53,25604900,3732.0,3625.0,3733.0,2021.0
2026-07-23 11:25:28,2026-07-23 11:10,3722.0,3668.0,1.47,26072100,3732.0,3625.0,3733.0,2021.0
2026-07-23 11:30:31,2026-07-23 11:15,3728.0,3668.0,1.64,26458400,3732.0,3625.0,3733.0,2021.0
2026-07-23 12:30:32,2026-07-23 11:30,3735.0,3668.0,1.83,29987500,3746.0,3625.0,3746.0,2021.0
2026-07-23 12:35:43,2026-07-23 11:30,3735.0,3668.0,1.83,29987500,3746.0,3625.0,3746.0,2021.0
2026-07-23 12:40:30,2026-07-23 11:30,3735.0,3668.0,1.83,29987500,3746.0,3625.0,3746.0,2021.0
2026-07-23 12:45:40,2026-07-23 12:30,3736.0,3668.0,1.85,30822700,3746.0,3625.0,3746.0,2021.0
2026-07-23 12:50:34,2026-07-23 12:35,3738.0,3668.0,1.91,31722700,3746.0,3625.0,3746.0,2021.0
2026-07-23 12:55:42,2026-07-23 12:40,3747.0,3668.0,2.15,32771200,3748.0,3625.0,3748.0,2021.0
2026-07-23 13:00:35,2026-07-23 12:45,3751.0,3668.0,2.26,34773800,3755.0,3625.0,3755.0,2021.0
2026-07-23 13:05:31,2026-07-23 12:50,3750.0,3668.0,2.24,35320900,3755.0,3625.0,3755.0,2021.0
2026-07-23 13:10:30,2026-07-23 12:55,3749.0,3668.0,2.21,35782300,3755.0,3625.0,3755.0,2021.0
2026-07-23 13:15:37,2026-07-23 13:00,3751.0,3668.0,2.26,36361800,3755.0,3625.0,3755.0,2021.0
2026-07-23 13:20:39,2026-07-23 13:05,3747.0,3668.0,2.15,36841400,3755.0,3625.0,3755.0,2021.0
2026-07-23 13:25:41,2026-07-23 13:10,3744.0,3668.0,2.07,37179200,3755.0,3625.0,3755.0,2021.0
2026-07-23 13:30:36,2026-07-23 13:15,3747.0,3668.0,2.15,37566400,3755.0,3625.0,3755.0,2021.0
2026-07-23 13:35:35,2026-07-23 13:20,3749.0,3668.0,2.21,38122500,3755.0,3625.0,3755.0,2021.0
2026-07-23 13:40:33,2026-07-23 13:25,3753.0,3668.0,2.32,38488400,3755.0,3625.0,3755.0,2021.0
2026-07-23 13:45:40,2026-07-23 13:30,3747.0,3668.0,2.15,39124200,3755.0,3625.0,3755.0,2021.0
2026-07-23 13:50:41,2026-07-23 13:35,3752.0,3668.0,2.29,39407800,3755.0,3625.0,3755.0,2021.0
2026-07-23 13:55:34,2026-07-23 13:40,3755.0,3668.0,2.37,40122500,3758.0,3625.0,3758.0,2021.0
2026-07-23 14:00:35,2026-07-23 13:45,3767.0,3668.0,2.7,41672500,3768.0,3625.0,3768.0,2021.0
2026-07-23 14:05:47,2026-07-23 13:50,3759.0,3668.0,2.48,42679400,3769.0,3625.0,3769.0,2021.0
2026-07-23 14:10:32,2026-07-23 13:55,3756.0,3668.0,2.4,43008500,3769.0,3625.0,3769.0,2021.0
2026-07-23 14:15:48,2026-07-23 14:00,3760.0,3668.0,2.51,43336200,3769.0,3625.0,3769.0,2021.0
2026-07-23 14:20:30,2026-07-23 14:05,3758.0,3668.0,2.45,43593500,3769.0,3625.0,3769.0,2021.0
2026-07-23 14:25:38,2026-07-23 14:10,3762.0,3668.0,2.56,43795300,3769.0,3625.0,3769.0,2021.0
2026-07-23 14:30:31,2026-07-23 14:15,3761.0,3668.0,2.54,44104500,3769.0,3625.0,3769.0,2021.0
2026-07-23 14:35:35,2026-07-23 14:20,3765.0,3668.0,2.64,44356500,3769.0,3625.0,3769.0,2021.0
2026-07-23 14:40:50,2026-07-23 14:25,3768.0,3668.0,2.73,44932600,3769.0,3625.0,3769.0,2021.0
2026-07-23 14:45:29,2026-07-23 14:30,3774.0,3668.0,2.89,45986700,3778.0,3625.0,3778.0,2021.0
2026-07-23 14:50:37,2026-07-23 14:35,3772.0,3668.0,2.84,46360500,3778.0,3625.0,3778.0,2021.0
2026-07-23 14:55:32,2026-07-23 14:40,3770.0,3668.0,2.78,46686800,3778.0,3625.0,3778.0,2021.0
2026-07-23 15:00:53,2026-07-23 14:45,3766.0,3668.0,2.67,47194200,3778.0,3625.0,3778.0,2021.0
2026-07-23 15:05:44,2026-07-23 14:50,3765.0,3668.0,2.64,47561300,3778.0,3625.0,3778.0,2021.0
2026-07-23 15:10:31,2026-07-23 14:55,3757.0,3668.0,2.43,48117400,3778.0,3625.0,3778.0,2021.0
2026-07-23 15:15:39,2026-07-23 15:00,3758.0,3668.0,2.45,48658100,3778.0,3625.0,3778.0,2021.0
2026-07-23 15:20:40,2026-07-23 15:05,3756.0,3668.0,2.4,49205900,3778.0,3625.0,3778.0,2021.0
2026-07-23 15:25:47,2026-07-23 15:10,3750.0,3668.0,2.24,49624600,3778.0,3625.0,3778.0,2021.0
2026-07-23 15:30:48,2026-07-23 15:15,3748.0,3668.0,2.18,50147200,3778.0,3625.0,3778.0,2021.0
2026-07-23 15:40:43,2026-07-23 15:24,3750.0,3668.0,2.24,51280300,3778.0,3625.0,3778.0,2021.0
2026-07-24 09:05:39,2026-07-23 15:30,3750.0,3668.0,2.24,58063100,3778.0,3625.0,3778.0,2021.0
2026-07-24 09:10:31,2026-07-23 15:30,3750.0,3668.0,2.24,58063100,3778.0,3625.0,3778.0,2021.0
2026-07-24 09:15:35,2026-07-24 09:00,3750.0,3668.0,2.24,61188200,3694.0,3676.0,3733.0,2021.0
2026-07-24 09:20:29,2026-07-24 09:05,3708.0,3750.0,-1.12,6689900,3723.0,3676.0,3733.0,2021.0
2026-07-24 09:25:52,2026-07-24 09:10,3721.0,3750.0,-0.77,9305700,3734.0,3676.0,3734.0,2021.0
2026-07-24 09:30:36,2026-07-24 09:15,3718.0,3750.0,-0.85,10182400,3734.0,3676.0,3734.0,2021.0
2026-07-24 09:35:34,2026-07-24 09:20,3729.0,3750.0,-0.56,11875100,3743.0,3676.0,3743.0,2021.0
2026-07-24 09:40:35,2026-07-24 09:25,3740.0,3750.0,-0.27,13533100,3755.0,3676.0,3755.0,2021.0
2026-07-24 09:45:33,2026-07-24 09:30,3727.0,3750.0,-0.61,14395900,3755.0,3676.0,3755.0,2021.0
2026-07-24 09:50:41,2026-07-24 09:35,3710.0,3750.0,-1.07,15476200,3755.0,3676.0,3755.0,2021.0
2026-07-24 09:55:36,2026-07-24 09:40,3727.0,3750.0,-0.61,16498600,3755.0,3676.0,3755.0,2021.0
2026-07-24 10:00:41,2026-07-24 09:45,3729.0,3750.0,-0.56,17053700,3755.0,3676.0,3755.0,2021.0
2026-07-24 10:05:32,2026-07-24 09:50,3732.0,3750.0,-0.48,17380000,3755.0,3676.0,3755.0,2021.0
2026-07-24 10:10:30,2026-07-24 09:55,3719.0,3750.0,-0.83,17917100,3755.0,3676.0,3755.0,2021.0
2026-07-24 10:15:39,2026-07-24 10:00,3729.0,3750.0,-0.56,18268200,3755.0,3676.0,3755.0,2021.0
2026-07-24 10:20:31,2026-07-24 10:05,3731.0,3750.0,-0.51,18563100,3755.0,3676.0,3755.0,2021.0
2026-07-24 10:25:35,2026-07-24 10:10,3729.0,3750.0,-0.56,18780900,3755.0,3676.0,3755.0,2021.0
2026-07-24 10:30:36,2026-07-24 10:15,3726.0,3750.0,-0.64,19091900,3755.0,3676.0,3755.0,2021.0
2026-07-24 10:35:37,2026-07-24 10:20,3727.0,3750.0,-0.61,19511300,3755.0,3676.0,3755.0,2021.0
2026-07-24 10:40:43,2026-07-24 10:25,3734.0,3750.0,-0.43,19856000,3755.0,3676.0,3755.0,2021.0
2026-07-24 10:45:31,2026-07-24 10:30,3737.0,3750.0,-0.35,20195200,3755.0,3676.0,3755.0,2021.0
2026-07-24 10:50:39,2026-07-24 10:35,3749.0,3750.0,-0.03,20824900,3755.0,3676.0,3778.0,2021.0
2026-07-24 10:55:32,2026-07-24 10:40,3747.0,3750.0,-0.08,21181600,3755.0,3676.0,3778.0,2021.0
2026-07-24 11:00:36,2026-07-24 10:45,3757.0,3750.0,0.19,21851000,3757.0,3676.0,3778.0,2021.0
2026-07-24 11:05:34,2026-07-24 10:50,3756.0,3750.0,0.16,22748700,3765.0,3676.0,3778.0,2021.0
2026-07-24 11:10:49,2026-07-24 10:55,3757.0,3750.0,0.19,23321700,3765.0,3676.0,3778.0,2021.0
2026-07-24 11:15:37,2026-07-24 11:00,3761.0,3750.0,0.29,23953200,3765.0,3676.0,3778.0,2021.0
2026-07-24 11:20:41,2026-07-24 11:05,3760.0,3750.0,0.27,24343400,3765.0,3676.0,3778.0,2021.0
2026-07-24 11:25:38,2026-07-24 11:10,3763.0,3750.0,0.35,24664100,3765.0,3676.0,3778.0,2021.0
2026-07-24 11:30:30,2026-07-24 11:15,3764.0,3750.0,0.37,25055200,3767.0,3676.0,3778.0,2021.0
2026-07-24 12:30:42,2026-07-24 11:30,3773.0,3750.0,0.61,26503200,3774.0,3676.0,3778.0,2021.0
2026-07-24 12:35:36,2026-07-24 11:30,3773.0,3750.0,0.61,26503200,3774.0,3676.0,3778.0,2021.0
2026-07-24 12:40:29,2026-07-24 11:30,3773.0,3750.0,0.61,26503200,3774.0,3676.0,3778.0,2021.0
2026-07-24 12:45:31,2026-07-24 12:30,3770.0,3750.0,0.53,27229000,3774.0,3676.0,3778.0,2021.0
2026-07-24 12:50:39,2026-07-24 12:35,3761.0,3750.0,0.29,27793600,3774.0,3676.0,3778.0,2021.0
2026-07-24 12:55:38,2026-07-24 12:40,3756.0,3750.0,0.16,28328400,3774.0,3676.0,3778.0,2021.0
2026-07-24 13:00:45,2026-07-24 12:45,3753.0,3750.0,0.08,28873300,3774.0,3676.0,3778.0,2021.0
2026-07-24 13:05:34,2026-07-24 12:50,3756.0,3750.0,0.16,29428500,3774.0,3676.0,3778.0,2021.0
2026-07-24 13:10:28,2026-07-24 12:55,3742.0,3750.0,-0.21,30070200,3774.0,3676.0,3778.0,2021.0
2026-07-24 13:15:34,2026-07-24 13:00,3736.0,3750.0,-0.37,30599100,3774.0,3676.0,3778.0,2021.0
2026-07-24 13:20:54,2026-07-24 13:05,3746.0,3750.0,-0.11,31079600,3774.0,3676.0,3778.0,2021.0
2026-07-24 13:25:33,2026-07-24 13:10,3744.0,3750.0,-0.16,31402300,3774.0,3676.0,3778.0,2021.0
2026-07-24 13:30:35,2026-07-24 13:15,3732.0,3750.0,-0.48,31810700,3774.0,3676.0,3778.0,2021.0
2026-07-24 13:35:30,2026-07-24 13:20,3734.0,3750.0,-0.43,32329400,3774.0,3676.0,3778.0,2021.0
2026-07-24 13:40:42,2026-07-24 13:25,3746.0,3750.0,-0.11,32641700,3774.0,3676.0,3778.0,2021.0
2026-07-24 13:45:38,2026-07-24 13:30,3741.0,3750.0,-0.24,32960400,3774.0,3676.0,3778.0,2021.0
2026-07-24 13:50:29,2026-07-24 13:35,3742.0,3750.0,-0.21,33152200,3774.0,3676.0,3778.0,2021.0
2026-07-24 13:55:29,2026-07-24 13:40,3738.0,3750.0,-0.32,33367400,3774.0,3676.0,3778.0,2021.0
2026-07-24 14:00:38,2026-07-24 13:45,3745.0,3750.0,-0.13,33595200,3774.0,3676.0,3778.0,2021.0
2026-07-24 14:05:53,2026-07-24 13:50,3744.0,3750.0,-0.16,33840100,3774.0,3676.0,3778.0,2021.0
2026-07-24 14:10:51,2026-07-24 13:55,3744.0,3750.0,-0.16,34005700,3774.0,3676.0,3778.0,2021.0
2026-07-24 14:15:47,2026-07-24 14:00,3747.0,3750.0,-0.08,34252300,3774.0,3676.0,3778.0,2021.0
2026-07-24 14:20:50,2026-07-24 14:05,3745.0,3750.0,-0.13,34461800,3774.0,3676.0,3778.0,2021.0
2026-07-24 14:25:48,2026-07-24 14:10,3748.0,3750.0,-0.05,34632000,3774.0,3676.0,3778.0,2021.0
2026-07-24 14:30:31,2026-07-24 14:15,3749.0,3750.0,-0.03,34807800,3774.0,3676.0,3778.0,2021.0
2026-07-24 14:35:37,2026-07-24 14:20,3751.0,3750.0,0.03,35109800,3774.0,3676.0,3778.0,2021.0
2026-07-24 14:40:31,2026-07-24 14:25,3746.0,3750.0,-0.11,35454900,3774.0,3676.0,3778.0,2021.0
2026-07-24 14:45:31,2026-07-24 14:30,3746.0,3750.0,-0.11,35664500,3774.0,3676.0,3778.0,2021.0
2026-07-24 14:50:30,2026-07-24 14:35,3742.0,3750.0,-0.21,35981500,3774.0,3676.0,3778.0,2021.0
2026-07-24 14:55:43,2026-07-24 14:40,3745.0,3750.0,-0.13,36177700,3774.0,3676.0,3778.0,2021.0
2026-07-24 15:01:05,2026-07-24 14:46,3751.0,3750.0,0.03,36521800,3774.0,3676.0,3778.0,2021.0
2026-07-24 15:05:54,2026-07-24 14:50,3747.0,3750.0,-0.08,36712400,3774.0,3676.0,3778.0,2021.0
2026-07-24 15:10:37,2026-07-24 14:55,3745.0,3750.0,-0.13,36933100,3774.0,3676.0,3778.0,2021.0
2026-07-24 15:15:30,2026-07-24 15:00,3747.0,3750.0,-0.08,37268300,3774.0,3676.0,3778.0,2021.0
2026-07-24 15:20:42,2026-07-24 15:05,3742.0,3750.0,-0.21,37639900,3774.0,3676.0,3778.0,2021.0
2026-07-24 15:25:39,2026-07-24 15:10,3740.0,3750.0,-0.27,37954900,3774.0,3676.0,3778.0,2021.0
2026-07-24 15:30:36,2026-07-24 15:15,3744.0,3750.0,-0.16,38208300,3774.0,3676.0,3778.0,2021.0
2026-07-24 15:51:04,2026-07-24 15:30,3754.0,3750.0,0.11,43056500,3774.0,3676.0,3778.0,2021.0
2026-07-27 09:05:36,2026-07-24 15:30,3754.0,3750.0,0.11,43056500,3774.0,3676.0,3778.0,2021.0
2026-07-27 09:11:00,2026-07-24 15:30,3754.0,3750.0,0.11,43056500,3774.0,3676.0,3778.0,2021.0
2026-07-27 09:15:44,2026-07-27 09:00,3791.0,3750.0,1.09,45558600,3794.0,3768.0,3794.0,2021.0
2026-07-27 09:20:38,2026-07-27 09:05,3806.0,3754.0,1.39,5954700,3811.0,3768.0,3811.0,2021.0
2026-07-27 09:25:32,2026-07-27 09:10,3773.0,3754.0,0.51,8081200,3812.0,3768.0,3812.0,2021.0
2026-07-27 09:30:37,2026-07-27 09:15,3780.0,3754.0,0.69,9609300,3812.0,3760.0,3812.0,2021.0
2026-07-27 09:35:42,2026-07-27 09:20,3784.0,3754.0,0.8,10741200,3812.0,3760.0,3812.0,2021.0
2026-07-27 09:40:35,2026-07-27 09:25,3780.0,3754.0,0.69,11818200,3812.0,3760.0,3812.0,2021.0
2026-07-27 09:47:05,2026-07-27 09:32,3776.0,3754.0,0.59,12814500,3812.0,3760.0,3812.0,2021.0
2026-07-27 09:50:36,2026-07-27 09:35,3783.0,3754.0,0.77,13527800,3812.0,3760.0,3812.0,2021.0
2026-07-27 09:57:01,2026-07-27 09:42,3786.0,3754.0,0.85,14262900,3812.0,3760.0,3812.0,2021.0
2026-07-27 10:00:37,2026-07-27 09:45,3783.0,3754.0,0.77,14875400,3812.0,3760.0,3812.0,2021.0
2026-07-27 10:06:15,2026-07-27 09:51,3787.0,3754.0,0.88,15568600,3812.0,3760.0,3812.0,2021.0
2026-07-27 10:10:40,2026-07-27 09:55,3783.0,3754.0,0.77,15936500,3812.0,3760.0,3812.0,2021.0
2026-07-27 10:15:31,2026-07-27 10:00,3783.0,3754.0,0.77,16534000,3812.0,3760.0,3812.0,2021.0
2026-07-27 10:20:34,2026-07-27 10:05,3785.0,3754.0,0.83,16958200,3812.0,3760.0,3812.0,2021.0
2026-07-27 10:25:34,2026-07-27 10:10,3798.0,3754.0,1.17,17724000,3812.0,3760.0,3812.0,2021.0
2026-07-27 10:30:32,2026-07-27 10:15,3790.0,3754.0,0.96,18262200,3812.0,3760.0,3812.0,2021.0
2026-07-27 10:35:29,2026-07-27 10:20,3784.0,3754.0,0.8,18916500,3812.0,3760.0,3812.0,2021.0
2026-07-27 10:40:42,2026-07-27 10:25,3780.0,3754.0,0.69,19500900,3812.0,3760.0,3812.0,2021.0
2026-07-27 10:47:35,2026-07-27 10:32,3787.0,3754.0,0.88,20246100,3812.0,3760.0,3812.0,2021.0
2026-07-27 10:50:47,2026-07-27 10:35,3778.0,3754.0,0.64,21047500,3812.0,3760.0,3812.0,2021.0
2026-07-27 10:55:54,2026-07-27 10:40,3779.0,3754.0,0.67,21550500,3812.0,3760.0,3812.0,2021.0
2026-07-27 11:00:35,2026-07-27 10:45,3765.0,3754.0,0.29,22222700,3812.0,3760.0,3812.0,2021.0
2026-07-27 11:06:01,2026-07-27 10:50,3774.0,3754.0,0.53,22652700,3812.0,3760.0,3812.0,2021.0
2026-07-27 11:10:48,2026-07-27 10:55,3788.0,3754.0,0.91,23259100,3812.0,3760.0,3812.0,2021.0
2026-07-27 11:15:33,2026-07-27 11:00,3796.0,3754.0,1.12,23925800,3812.0,3760.0,3812.0,2021.0
2026-07-27 11:20:36,2026-07-27 11:05,3797.0,3754.0,1.15,24414100,3812.0,3760.0,3812.0,2021.0
2026-07-27 11:25:37,2026-07-27 11:10,3798.0,3754.0,1.17,25263400,3812.0,3760.0,3812.0,2021.0
2026-07-27 11:30:42,2026-07-27 11:15,3799.0,3754.0,1.2,25508800,3812.0,3760.0,3812.0,2021.0
2026-07-27 12:30:36,2026-07-27 11:30,3793.0,3754.0,1.04,27133700,3812.0,3760.0,3812.0,2021.0
2026-07-27 12:36:59,2026-07-27 11:30,3793.0,3754.0,1.04,27133700,3812.0,3760.0,3812.0,2021.0
2026-07-27 12:40:43,2026-07-27 11:30,3793.0,3754.0,1.04,27133700,3812.0,3760.0,3812.0,2021.0
2026-07-27 12:45:35,2026-07-27 12:30,3786.0,3754.0,0.85,27811700,3812.0,3760.0,3812.0,2021.0
2026-07-27 12:50:38,2026-07-27 12:35,3789.0,3754.0,0.93,28292600,3812.0,3760.0,3812.0,2021.0
2026-07-27 12:55:40,2026-07-27 12:40,3787.0,3754.0,0.88,28672300,3812.0,3760.0,3812.0,2021.0
2026-07-27 13:00:41,2026-07-27 12:45,3794.0,3754.0,1.07,29157300,3812.0,3760.0,3812.0,2021.0
2026-07-27 13:06:50,2026-07-27 12:51,3782.0,3754.0,0.75,29651500,3812.0,3760.0,3812.0,2021.0
2026-07-27 13:10:35,2026-07-27 12:55,3781.0,3754.0,0.72,30399800,3812.0,3760.0,3812.0,2021.0
2026-07-27 13:15:33,2026-07-27 13:00,3782.0,3754.0,0.75,31023900,3812.0,3760.0,3812.0,2021.0
2026-07-27 13:20:36,2026-07-27 13:05,3784.0,3754.0,0.8,31353700,3812.0,3760.0,3812.0,2021.0
2026-07-27 13:26:56,2026-07-27 13:11,3778.0,3754.0,0.64,31869000,3812.0,3760.0,3812.0,2021.0
2026-07-27 13:32:07,2026-07-27 13:17,3785.0,3754.0,0.83,32336500,3812.0,3760.0,3812.0,2021.0
2026-07-27 13:35:47,2026-07-27 13:20,3785.0,3754.0,0.83,32517400,3812.0,3760.0,3812.0,2021.0
2026-07-27 13:40:35,2026-07-27 13:25,3784.0,3754.0,0.8,32752100,3812.0,3760.0,3812.0,2021.0
2026-07-27 13:45:41,2026-07-27 13:30,3783.0,3754.0,0.77,33282400,3812.0,3760.0,3812.0,2021.0
2026-07-27 13:50:36,2026-07-27 13:35,3791.0,3754.0,0.99,33586800,3812.0,3760.0,3812.0,2021.0
2026-07-27 13:55:31,2026-07-27 13:40,3795.0,3754.0,1.09,34113600,3812.0,3760.0,3812.0,2021.0
2026-07-27 14:00:34,2026-07-27 13:45,3808.0,3754.0,1.44,35345800,3812.0,3760.0,3812.0,2021.0
2026-07-27 14:05:32,2026-07-27 13:50,3807.0,3754.0,1.41,35708700,3812.0,3760.0,3812.0,2021.0
2026-07-27 14:10:38,2026-07-27 13:55,3809.0,3754.0,1.47,36140000,3812.0,3760.0,3812.0,2021.0
2026-07-27 14:17:04,2026-07-27 14:02,3807.0,3754.0,1.41,37092400,3813.0,3760.0,3813.0,2021.0
2026-07-27 14:20:31,2026-07-27 14:05,3807.0,3754.0,1.41,37455600,3813.0,3760.0,3813.0,2021.0
2026-07-27 14:25:39,2026-07-27 14:10,3810.0,3754.0,1.49,37993300,3813.0,3760.0,3813.0,2021.0
2026-07-27 14:30:31,2026-07-27 14:15,3808.0,3754.0,1.44,38423700,3813.0,3760.0,3813.0,2021.0
2026-07-27 14:36:51,2026-07-27 14:21,3809.0,3754.0,1.47,38738800,3813.0,3760.0,3813.0,2021.0
2026-07-27 14:40:35,2026-07-27 14:25,3806.0,3754.0,1.39,39024900,3813.0,3760.0,3813.0,2021.0
2026-07-27 14:45:34,2026-07-27 14:30,3805.0,3754.0,1.36,39381700,3813.0,3760.0,3813.0,2021.0
2026-07-27 14:50:44,2026-07-27 14:35,3800.0,3754.0,1.23,39811200,3813.0,3760.0,3813.0,2021.0
2026-07-27 14:56:55,2026-07-27 14:41,3799.0,3754.0,1.2,40211700,3813.0,3760.0,3813.0,2021.0
2026-07-27 15:00:39,2026-07-27 14:45,3800.0,3754.0,1.23,40339200,3813.0,3760.0,3813.0,2021.0
2026-07-27 15:05:35,2026-07-27 14:50,3798.0,3754.0,1.17,40549200,3813.0,3760.0,3813.0,2021.0
2026-07-27 15:10:44,2026-07-27 14:55,3801.0,3754.0,1.25,40807800,3813.0,3760.0,3813.0,2021.0
2026-07-27 15:17:10,2026-07-27 15:02,3798.0,3754.0,1.17,41085400,3813.0,3760.0,3813.0,2021.0
2026-07-27 15:21:58,2026-07-27 15:06,3794.0,3754.0,1.07,41423300,3813.0,3760.0,3813.0,2021.0
2026-07-27 15:25:34,2026-07-27 15:10,3792.0,3754.0,1.01,41616400,3813.0,3760.0,3813.0,2021.0
2026-07-27 15:30:52,2026-07-27 15:15,3793.0,3754.0,1.04,42032500,3813.0,3760.0,3813.0,2021.0
2026-07-27 15:40:40,2026-07-27 15:24,3799.0,3754.0,1.2,42573600,3813.0,3760.0,3813.0,2021.0
2026-07-28 09:05:33,2026-07-27 15:30,3799.0,3754.0,1.2,46560000,3813.0,3760.0,3813.0,2021.0
2026-07-28 09:10:36,2026-07-27 15:30,3799.0,3754.0,1.2,46560000,3813.0,3760.0,3813.0,2021.0
2026-07-28 09:15:30,2026-07-28 09:00,3799.0,3754.0,1.2,49673000,3770.0,3741.0,3778.0,2021.0
2026-07-28 09:20:38,2026-07-28 09:05,3708.0,3799.0,-2.4,6012300,3770.0,3706.0,3778.0,2021.0
2026-07-28 09:25:38,2026-07-28 09:10,3686.0,3799.0,-2.97,8734400,3770.0,3685.0,3778.0,2021.0
2026-07-28 09:30:37,2026-07-28 09:15,3685.0,3799.0,-3.0,10480700,3770.0,3675.0,3778.0,2021.0
2026-07-28 09:35:47,2026-07-28 09:20,3687.0,3799.0,-2.95,12040500,3770.0,3669.0,3778.0,2021.0
2026-07-28 09:40:35,2026-07-28 09:25,3666.0,3799.0,-3.5,13255700,3770.0,3666.0,3778.0,2021.0
2026-07-28 09:45:50,2026-07-28 09:30,3671.0,3799.0,-3.37,14382800,3770.0,3661.0,3778.0,2021.0
2026-07-28 09:50:31,2026-07-28 09:35,3673.0,3799.0,-3.32,15314300,3770.0,3661.0,3778.0,2021.0
2026-07-28 09:55:32,2026-07-28 09:40,3685.0,3799.0,-3.0,16604200,3770.0,3661.0,3778.0,2021.0
2026-07-28 10:00:44,2026-07-28 09:45,3674.0,3799.0,-3.29,17912700,3770.0,3661.0,3778.0,2021.0
2026-07-28 10:05:44,2026-07-28 09:50,3655.0,3799.0,-3.79,19657900,3770.0,3654.0,3778.0,2021.0
2026-07-28 10:10:41,2026-07-28 09:55,3642.0,3799.0,-4.13,21350600,3770.0,3640.0,3778.0,2021.0
2026-07-28 10:15:31,2026-07-28 10:00,3637.0,3799.0,-4.26,22154500,3770.0,3636.0,3778.0,2021.0
2026-07-28 10:20:45,2026-07-28 10:05,3646.0,3799.0,-4.03,23319100,3770.0,3630.0,3778.0,2021.0
2026-07-28 10:25:44,2026-07-28 10:10,3644.0,3799.0,-4.08,23897800,3770.0,3630.0,3778.0,2021.0
2026-07-28 10:30:31,2026-07-28 10:15,3648.0,3799.0,-3.97,24337800,3770.0,3630.0,3778.0,2021.0
2026-07-28 10:35:38,2026-07-28 10:20,3650.0,3799.0,-3.92,24940800,3770.0,3630.0,3778.0,2021.0
2026-07-28 10:40:36,2026-07-28 10:25,3668.0,3799.0,-3.45,25750800,3770.0,3630.0,3778.0,2021.0
2026-07-28 10:45:33,2026-07-28 10:30,3667.0,3799.0,-3.47,26356300,3770.0,3630.0,3778.0,2021.0
2026-07-28 10:50:29,2026-07-28 10:35,3673.0,3799.0,-3.32,27035700,3770.0,3630.0,3813.0,2021.0
2026-07-28 10:55:39,2026-07-28 10:40,3664.0,3799.0,-3.55,27668500,3770.0,3630.0,3813.0,2021.0
2026-07-28 11:00:37,2026-07-28 10:45,3665.0,3799.0,-3.53,28101000,3770.0,3630.0,3813.0,2021.0
2026-07-28 11:05:48,2026-07-28 10:50,3665.0,3799.0,-3.53,28558100,3770.0,3630.0,3813.0,2021.0
2026-07-28 11:10:34,2026-07-28 10:55,3659.0,3799.0,-3.69,29006700,3770.0,3630.0,3813.0,2021.0
2026-07-28 11:15:43,2026-07-28 11:00,3649.0,3799.0,-3.95,29455500,3770.0,3630.0,3813.0,2021.0
2026-07-28 11:20:38,2026-07-28 11:05,3649.0,3799.0,-3.95,29914600,3770.0,3630.0,3813.0,2021.0
2026-07-28 11:25:35,2026-07-28 11:10,3654.0,3799.0,-3.82,30426900,3770.0,3630.0,3813.0,2021.0
2026-07-28 11:30:36,2026-07-28 11:15,3646.0,3799.0,-4.03,30751900,3770.0,3630.0,3813.0,2021.0
2026-07-28 12:30:29,2026-07-28 11:30,3661.0,3799.0,-3.63,31658300,3770.0,3630.0,3813.0,2021.0
2026-07-28 12:35:35,2026-07-28 11:30,3661.0,3799.0,-3.63,31658300,3770.0,3630.0,3813.0,2021.0
2026-07-28 12:40:41,2026-07-28 11:30,3661.0,3799.0,-3.63,31658300,3770.0,3630.0,3813.0,2021.0
2026-07-28 12:45:31,2026-07-28 12:30,3671.0,3799.0,-3.37,32328500,3770.0,3630.0,3813.0,2021.0
2026-07-28 12:50:48,2026-07-28 12:35,3689.0,3799.0,-2.9,33525500,3770.0,3630.0,3813.0,2021.0
2026-07-28 12:55:39,2026-07-28 12:40,3706.0,3799.0,-2.45,34838800,3770.0,3630.0,3813.0,2021.0
2026-07-28 13:00:37,2026-07-28 12:45,3709.0,3799.0,-2.37,35770200,3770.0,3630.0,3813.0,2021.0
2026-07-28 13:05:32,2026-07-28 12:50,3713.0,3799.0,-2.26,36340600,3770.0,3630.0,3813.0,2021.0
2026-07-28 13:10:42,2026-07-28 12:55,3701.0,3799.0,-2.58,37210600,3770.0,3630.0,3813.0,2021.0
2026-07-28 13:15:33,2026-07-28 13:00,3704.0,3799.0,-2.5,37712000,3770.0,3630.0,3813.0,2021.0
2026-07-28 13:20:35,2026-07-28 13:05,3693.0,3799.0,-2.79,38321900,3770.0,3630.0,3813.0,2021.0
2026-07-28 13:25:41,2026-07-28 13:10,3690.0,3799.0,-2.87,38978400,3770.0,3630.0,3813.0,2021.0
2026-07-28 13:30:38,2026-07-28 13:15,3685.0,3799.0,-3.0,39288900,3770.0,3630.0,3813.0,2021.0
2026-07-28 13:35:36,2026-07-28 13:20,3695.0,3799.0,-2.74,39679000,3770.0,3630.0,3813.0,2021.0
2026-07-28 13:40:37,2026-07-28 13:25,3689.0,3799.0,-2.9,40032500,3770.0,3630.0,3813.0,2021.0
2026-07-28 13:45:32,2026-07-28 13:30,3693.0,3799.0,-2.79,40353300,3770.0,3630.0,3813.0,2021.0
2026-07-28 13:50:42,2026-07-28 13:35,3691.0,3799.0,-2.84,40626300,3770.0,3630.0,3813.0,2021.0
2026-07-28 13:55:40,2026-07-28 13:40,3688.0,3799.0,-2.92,40951500,3770.0,3630.0,3813.0,2021.0
2026-07-28 14:00:31,2026-07-28 13:45,3694.0,3799.0,-2.76,41228900,3770.0,3630.0,3813.0,2021.0
2026-07-28 14:05:44,2026-07-28 13:50,3693.0,3799.0,-2.79,41587700,3770.0,3630.0,3813.0,2021.0
2026-07-28 14:10:34,2026-07-28 13:55,3694.0,3799.0,-2.76,41825500,3770.0,3630.0,3813.0,2021.0
2026-07-28 14:15:31,2026-07-28 14:00,3684.0,3799.0,-3.03,42228800,3770.0,3630.0,3813.0,2021.0
2026-07-28 14:20:38,2026-07-28 14:05,3684.0,3799.0,-3.03,42616200,3770.0,3630.0,3813.0,2021.0
2026-07-28 14:25:36,2026-07-28 14:10,3682.0,3799.0,-3.08,43005200,3770.0,3630.0,3813.0,2021.0
2026-07-28 14:30:33,2026-07-28 14:15,3676.0,3799.0,-3.24,43364900,3770.0,3630.0,3813.0,2021.0
2026-07-28 14:35:51,2026-07-28 14:20,3677.0,3799.0,-3.21,43652700,3770.0,3630.0,3813.0,2021.0
2026-07-28 14:40:40,2026-07-28 14:25,3670.0,3799.0,-3.4,44070500,3770.0,3630.0,3813.0,2021.0
2026-07-28 14:45:31,2026-07-28 14:30,3670.0,3799.0,-3.4,44440800,3770.0,3630.0,3813.0,2021.0
2026-07-28 14:50:39,2026-07-28 14:35,3663.0,3799.0,-3.58,44816600,3770.0,3630.0,3813.0,2021.0
2026-07-28 14:55:36,2026-07-28 14:40,3663.0,3799.0,-3.58,45249500,3770.0,3630.0,3813.0,2021.0
2026-07-28 15:00:41,2026-07-28 14:45,3661.0,3799.0,-3.63,45686200,3770.0,3630.0,3813.0,2021.0
2026-07-28 15:05:49,2026-07-28 14:50,3664.0,3799.0,-3.55,46050200,3770.0,3630.0,3813.0,2021.0
2026-07-28 15:10:49,2026-07-28 14:55,3671.0,3799.0,-3.37,46456300,3770.0,3630.0,3813.0,2021.0
2026-07-28 15:15:48,2026-07-28 15:00,3670.0,3799.0,-3.4,46896300,3770.0,3630.0,3813.0,2021.0
2026-07-28 15:20:41,2026-07-28 15:05,3662.0,3799.0,-3.61,47325900,3770.0,3630.0,3813.0,2021.0
2026-07-28 15:25:35,2026-07-28 15:10,3661.0,3799.0,-3.63,47653400,3770.0,3630.0,3813.0,2021.0
2026-07-28 15:30:37,2026-07-28 15:15,3656.0,3799.0,-3.76,49582700,3770.0,3630.0,3813.0,2021.0
2026-07-28 15:40:34,2026-07-28 15:24,3661.0,3799.0,-3.63,52345900,3770.0,3630.0,3813.0,2021.0
2026-07-29 09:10:45,2026-07-28 15:30,3661.0,3799.0,-3.63,58207600,3770.0,3630.0,3813.0,2021.0
2026-07-29 09:15:31,2026-07-29 09:00,3661.0,3799.0,-3.63,60691000,3653.0,3627.0,3813.0,2021.0
2026-07-29 09:20:37,2026-07-29 09:05,3661.0,3661.0,0.0,4421500,3674.0,3620.0,3813.0,2021.0
2026-07-29 09:25:34,2026-07-29 09:10,3641.0,3661.0,-0.55,5421000,3674.0,3620.0,3813.0,2021.0
2026-07-29 09:30:32,2026-07-29 09:15,3598.0,3661.0,-1.72,7815800,3674.0,3596.0,3813.0,2021.0
2026-07-29 09:35:50,2026-07-29 09:20,3598.0,3661.0,-1.72,9266000,3674.0,3596.0,3813.0,2021.0
2026-07-29 09:40:36,2026-07-29 09:25,3593.0,3661.0,-1.86,10336000,3674.0,3588.0,3813.0,2021.0
2026-07-29 09:45:43,2026-07-29 09:30,3597.0,3661.0,-1.75,11184800,3674.0,3586.0,3813.0,2021.0
2026-07-29 09:50:38,2026-07-29 09:35,3607.0,3661.0,-1.48,11953700,3674.0,3586.0,3813.0,2021.0
2026-07-29 09:55:40,2026-07-29 09:40,3612.0,3661.0,-1.34,12733600,3674.0,3586.0,3813.0,2021.0
2026-07-29 10:00:36,2026-07-29 09:45,3602.0,3661.0,-1.61,13501700,3674.0,3586.0,3813.0,2021.0
2026-07-29 10:05:34,2026-07-29 09:50,3581.0,3661.0,-2.19,14621200,3674.0,3580.0,3813.0,2021.0
2026-07-29 10:10:43,2026-07-29 09:55,3582.0,3661.0,-2.16,15513400,3674.0,3575.0,3813.0,2021.0
2026-07-29 10:15:40,2026-07-29 10:00,3580.0,3661.0,-2.21,16034600,3674.0,3575.0,3813.0,2021.0
2026-07-29 10:20:34,2026-07-29 10:05,3585.0,3661.0,-2.08,16537500,3674.0,3575.0,3813.0,2021.0
2026-07-29 10:25:36,2026-07-29 10:10,3577.0,3661.0,-2.29,17405400,3674.0,3569.0,3813.0,2021.0
2026-07-29 10:30:31,2026-07-29 10:15,3569.0,3661.0,-2.51,17940100,3674.0,3566.0,3813.0,2021.0
2026-07-29 10:35:34,2026-07-29 10:20,3579.0,3661.0,-2.24,18635200,3674.0,3564.0,3813.0,2021.0
2026-07-29 10:40:36,2026-07-29 10:25,3595.0,3661.0,-1.8,19292800,3674.0,3564.0,3813.0,2021.0
2026-07-29 10:45:32,2026-07-29 10:30,3599.0,3661.0,-1.69,19796100,3674.0,3564.0,3813.0,2021.0
2026-07-29 10:50:45,2026-07-29 10:35,3588.0,3661.0,-1.99,20226300,3674.0,3564.0,3813.0,2021.0
2026-07-29 10:55:35,2026-07-29 10:40,3583.0,3661.0,-2.13,20754400,3674.0,3564.0,3813.0,2021.0
2026-07-29 11:00:47,2026-07-29 10:45,3583.0,3661.0,-2.13,21028200,3674.0,3564.0,3813.0,2021.0
2026-07-29 11:05:46,2026-07-29 10:50,3574.0,3661.0,-2.38,21317500,3674.0,3564.0,3813.0,2021.0
2026-07-29 11:10:38,2026-07-29 10:55,3570.0,3661.0,-2.49,21669000,3674.0,3564.0,3813.0,2021.0
2026-07-29 11:15:32,2026-07-29 11:00,3563.0,3661.0,-2.68,22345300,3674.0,3561.0,3813.0,2021.0
2026-07-29 11:20:37,2026-07-29 11:05,3567.0,3661.0,-2.57,22864800,3674.0,3560.0,3813.0,2021.0
2026-07-29 11:25:32,2026-07-29 11:10,3577.0,3661.0,-2.29,23186500,3674.0,3560.0,3813.0,2021.0
2026-07-29 11:30:43,2026-07-29 11:15,3584.0,3661.0,-2.1,23517300,3674.0,3560.0,3813.0,2021.0
2026-07-29 12:30:41,2026-07-29 11:30,3600.0,3661.0,-1.67,24742100,3674.0,3560.0,3813.0,2021.0
2026-07-29 12:35:36,2026-07-29 11:30,3600.0,3661.0,-1.67,24742100,3674.0,3560.0,3813.0,2021.0
2026-07-29 12:40:35,2026-07-29 11:30,3600.0,3661.0,-1.67,24742100,3674.0,3560.0,3813.0,2021.0
2026-07-29 12:45:41,2026-07-29 12:30,3591.0,3661.0,-1.91,25251200,3674.0,3560.0,3813.0,2021.0
2026-07-29 12:50:34,2026-07-29 12:35,3599.0,3661.0,-1.69,26298100,3674.0,3560.0,3813.0,2021.0
2026-07-29 12:55:31,2026-07-29 12:40,3587.0,3661.0,-2.02,27006800,3674.0,3560.0,3813.0,2021.0
2026-07-29 13:00:36,2026-07-29 12:45,3595.0,3661.0,-1.8,27547500,3674.0,3560.0,3813.0,2021.0
2026-07-29 13:05:39,2026-07-29 12:50,3591.0,3661.0,-1.91,27934500,3674.0,3560.0,3813.0,2021.0
2026-07-29 13:10:47,2026-07-29 12:55,3588.0,3661.0,-1.99,28250300,3674.0,3560.0,3813.0,2021.0
2026-07-29 13:15:34,2026-07-29 13:00,3590.0,3661.0,-1.94,28648300,3674.0,3560.0,3813.0,2021.0
2026-07-29 13:20:34,2026-07-29 13:05,3594.0,3661.0,-1.83,29104100,3674.0,3560.0,3813.0,2021.0
2026-07-29 13:25:41,2026-07-29 13:10,3597.0,3661.0,-1.75,29591300,3674.0,3560.0,3813.0,2021.0
2026-07-29 13:30:37,2026-07-29 13:15,3603.0,3661.0,-1.58,29977500,3674.0,3560.0,3813.0,2021.0
2026-07-29 13:35:43,2026-07-29 13:20,3617.0,3661.0,-1.2,30545900,3674.0,3560.0,3813.0,2021.0
2026-07-29 13:40:43,2026-07-29 13:25,3618.0,3661.0,-1.17,30927500,3674.0,3560.0,3813.0,2021.0
2026-07-29 13:45:45,2026-07-29 13:30,3611.0,3661.0,-1.37,31222900,3674.0,3560.0,3813.0,2021.0
2026-07-29 13:50:30,2026-07-29 13:35,3606.0,3661.0,-1.5,31507200,3674.0,3560.0,3813.0,2021.0
2026-07-29 13:55:39,2026-07-29 13:40,3613.0,3661.0,-1.31,31879700,3674.0,3560.0,3813.0,2021.0
2026-07-29 14:00:32,2026-07-29 13:45,3609.0,3661.0,-1.42,32084100,3674.0,3560.0,3813.0,2021.0
2026-07-29 14:05:44,2026-07-29 13:50,3628.0,3661.0,-0.9,32635700,3674.0,3560.0,3813.0,2021.0
2026-07-29 14:10:37,2026-07-29 13:55,3632.0,3661.0,-0.79,33183000,3674.0,3560.0,3813.0,2021.0
2026-07-29 14:15:36,2026-07-29 14:00,3636.0,3661.0,-0.68,33693800,3674.0,3560.0,3813.0,2021.0
2026-07-29 14:20:43,2026-07-29 14:05,3632.0,3661.0,-0.79,34021900,3674.0,3560.0,3813.0,2021.0
2026-07-29 14:25:43,2026-07-29 14:10,3641.0,3661.0,-0.55,34436300,3674.0,3560.0,3813.0,2021.0
2026-07-29 14:30:41,2026-07-29 14:15,3643.0,3661.0,-0.49,34891700,3674.0,3560.0,3813.0,2021.0
2026-07-29 14:35:48,2026-07-29 14:20,3641.0,3661.0,-0.55,35237100,3674.0,3560.0,3813.0,2021.0
2026-07-29 14:40:31,2026-07-29 14:25,3644.0,3661.0,-0.46,35566100,3674.0,3560.0,3813.0,2021.0
2026-07-29 14:45:43,2026-07-29 14:30,3647.0,3661.0,-0.38,36071800,3674.0,3560.0,3813.0,2021.0
2026-07-29 14:50:48,2026-07-29 14:35,3657.0,3661.0,-0.11,36551100,3674.0,3560.0,3813.0,2021.0
2026-07-29 14:55:34,2026-07-29 14:40,3656.0,3661.0,-0.14,37074800,3674.0,3560.0,3813.0,2021.0
2026-07-29 15:00:35,2026-07-29 14:45,3657.0,3661.0,-0.11,37478300,3674.0,3560.0,3813.0,2021.0
2026-07-29 15:05:42,2026-07-29 14:50,3661.0,3661.0,0.0,38185100,3674.0,3560.0,3813.0,2021.0
2026-07-29 15:10:41,2026-07-29 14:55,3663.0,3661.0,0.05,38812200,3674.0,3560.0,3813.0,2021.0
2026-07-29 15:15:52,2026-07-29 15:00,3654.0,3661.0,-0.19,39197800,3674.0,3560.0,3813.0,2021.0
2026-07-29 15:20:40,2026-07-29 15:05,3646.0,3661.0,-0.41,39608800,3674.0,3560.0,3813.0,2021.0
2026-07-29 15:25:34,2026-07-29 15:10,3642.0,3661.0,-0.52,39925200,3674.0,3560.0,3813.0,2021.0
2026-07-29 15:30:40,2026-07-29 15:15,3649.0,3661.0,-0.33,40547100,3674.0,3560.0,3813.0,2021.0
2026-07-29 15:40:38,2026-07-29 15:24,3657.0,3661.0,-0.11,41431900,3674.0,3560.0,3813.0,2021.0
2026-07-30 09:05:39,2026-07-29 15:30,3647.0,3661.0,-0.38,47015600,3674.0,3560.0,3813.0,2021.0
2026-07-30 09:10:43,2026-07-29 15:30,3647.0,3661.0,-0.38,47015600,3674.0,3560.0,3813.0,2021.0
2026-07-30 09:15:32,2026-07-29 15:30,3647.0,3661.0,-0.38,47015600,3674.0,3560.0,3813.0,2021.0
2026-07-30 09:20:33,2026-07-30 09:05,3547.0,3647.0,-2.74,3254600,3561.0,3532.0,3813.0,2021.0
2026-07-30 09:25:31,2026-07-30 09:10,3573.0,3647.0,-2.03,4718300,3578.0,3532.0,3813.0,2021.0
2026-07-30 09:30:33,2026-07-30 09:15,3560.0,3647.0,-2.39,6069400,3581.0,3532.0,3813.0,2021.0
2026-07-30 09:35:45,2026-07-30 09:20,3560.0,3647.0,-2.39,6901800,3581.0,3532.0,3813.0,2021.0
2026-07-30 09:40:45,2026-07-30 09:25,3565.0,3647.0,-2.25,7742200,3581.0,3532.0,3813.0,2021.0
2026-07-30 09:45:31,2026-07-30 09:30,3564.0,3647.0,-2.28,8415900,3581.0,3532.0,3813.0,2021.0
2026-07-30 09:50:39,2026-07-30 09:35,3556.0,3647.0,-2.5,9368300,3581.0,3532.0,3813.0,2021.0
2026-07-30 09:55:42,2026-07-30 09:40,3537.0,3647.0,-3.02,11112800,3581.0,3532.0,3813.0,2021.0
2026-07-30 10:00:37,2026-07-30 09:45,3539.0,3647.0,-2.96,11918300,3581.0,3532.0,3813.0,2021.0
2026-07-30 10:05:39,2026-07-30 09:50,3548.0,3647.0,-2.71,12709800,3581.0,3532.0,3813.0,2021.0
2026-07-30 10:10:51,2026-07-30 09:55,3555.0,3647.0,-2.52,13206700,3581.0,3532.0,3813.0,2021.0
2026-07-30 10:15:31,2026-07-30 10:00,3563.0,3647.0,-2.3,13717800,3581.0,3532.0,3813.0,2021.0
2026-07-30 10:20:37,2026-07-30 10:05,3561.0,3647.0,-2.36,14318000,3581.0,3532.0,3813.0,2021.0
2026-07-30 10:25:30,2026-07-30 10:10,3549.0,3647.0,-2.69,14993500,3581.0,3532.0,3813.0,2021.0
2026-07-30 10:30:35,2026-07-30 10:15,3542.0,3647.0,-2.88,15665600,3581.0,3532.0,3813.0,2021.0
2026-07-30 10:35:31,2026-07-30 10:20,3543.0,3647.0,-2.85,16176200,3581.0,3532.0,3813.0,2021.0
2026-07-30 10:40:32,2026-07-30 10:25,3547.0,3647.0,-2.74,16605400,3581.0,3532.0,3813.0,2021.0
2026-07-30 10:45:30,2026-07-30 10:30,3547.0,3647.0,-2.74,16903400,3581.0,3532.0,3813.0,2021.0
2026-07-30 10:50:33,2026-07-30 10:35,3555.0,3647.0,-2.52,17576800,3581.0,3532.0,3813.0,2021.0
2026-07-30 10:55:38,2026-07-30 10:40,3561.0,3647.0,-2.36,17978000,3581.0,3532.0,3813.0,2021.0
2026-07-30 11:00:42,2026-07-30 10:45,3552.0,3647.0,-2.6,18493300,3581.0,3532.0,3813.0,2021.0
2026-07-30 11:05:38,2026-07-30 10:50,3552.0,3647.0,-2.6,18709700,3581.0,3532.0,3813.0,2021.0
2026-07-30 11:10:54,2026-07-30 10:55,3545.0,3647.0,-2.8,19322300,3581.0,3532.0,3813.0,2021.0
2026-07-30 11:15:34,2026-07-30 11:00,3546.0,3647.0,-2.77,19682000,3581.0,3532.0,3813.0,2021.0
2026-07-30 11:20:35,2026-07-30 11:05,3544.0,3647.0,-2.82,19953600,3581.0,3532.0,3813.0,2021.0
2026-07-30 11:25:32,2026-07-30 11:10,3548.0,3647.0,-2.71,20311300,3581.0,3532.0,3813.0,2021.0
2026-07-30 11:30:38,2026-07-30 11:15,3541.0,3647.0,-2.91,20710700,3581.0,3532.0,3813.0,2021.0
2026-07-30 12:30:32,2026-07-30 11:30,3531.0,3647.0,-3.18,22793500,3581.0,3527.0,3813.0,2021.0
2026-07-30 12:35:38,2026-07-30 11:30,3531.0,3647.0,-3.18,22793500,3581.0,3527.0,3813.0,2021.0
2026-07-30 12:40:34,2026-07-30 11:30,3531.0,3647.0,-3.18,22793500,3581.0,3527.0,3813.0,2021.0
2026-07-30 12:45:36,2026-07-30 12:30,3523.0,3647.0,-3.4,23638200,3581.0,3521.0,3813.0,2021.0
2026-07-30 12:50:31,2026-07-30 12:35,3534.0,3647.0,-3.1,24311900,3581.0,3521.0,3813.0,2021.0
2026-07-30 12:55:43,2026-07-30 12:40,3528.0,3647.0,-3.26,24871700,3581.0,3521.0,3813.0,2021.0
2026-07-30 13:00:44,2026-07-30 12:45,3534.0,3647.0,-3.1,25255600,3581.0,3521.0,3813.0,2021.0
2026-07-30 13:05:29,2026-07-30 12:50,3542.0,3647.0,-2.88,25633400,3581.0,3521.0,3813.0,2021.0
2026-07-30 13:10:39,2026-07-30 12:55,3545.0,3647.0,-2.8,26021000,3581.0,3521.0,3813.0,2021.0
2026-07-30 13:15:35,2026-07-30 13:00,3534.0,3647.0,-3.1,26390000,3581.0,3521.0,3813.0,2021.0
2026-07-30 13:20:30,2026-07-30 13:05,3534.0,3647.0,-3.1,26634300,3581.0,3521.0,3813.0,2021.0
2026-07-30 13:25:33,2026-07-30 13:10,3531.0,3647.0,-3.18,26955700,3581.0,3521.0,3813.0,2021.0
2026-07-30 13:30:34,2026-07-30 13:15,3527.0,3647.0,-3.29,27371100,3581.0,3521.0,3813.0,2021.0
2026-07-30 13:35:33,2026-07-30 13:20,3527.0,3647.0,-3.29,27792600,3581.0,3521.0,3813.0,2021.0
2026-07-30 13:40:31,2026-07-30 13:25,3533.0,3647.0,-3.13,28072800,3581.0,3521.0,3813.0,2021.0
2026-07-30 13:45:32,2026-07-30 13:30,3535.0,3647.0,-3.07,28357000,3581.0,3521.0,3813.0,2021.0
2026-07-30 13:50:34,2026-07-30 13:35,3534.0,3647.0,-3.1,28673000,3581.0,3521.0,3813.0,2021.0
2026-07-30 13:55:41,2026-07-30 13:40,3529.0,3647.0,-3.24,29003600,3581.0,3521.0,3813.0,2021.0
2026-07-30 14:00:51,2026-07-30 13:45,3528.0,3647.0,-3.26,29416600,3581.0,3521.0,3813.0,2021.0
2026-07-30 14:05:37,2026-07-30 13:50,3528.0,3647.0,-3.26,29679100,3581.0,3521.0,3813.0,2021.0
2026-07-30 14:10:31,2026-07-30 13:55,3523.0,3647.0,-3.4,30034600,3581.0,3521.0,3813.0,2021.0
2026-07-30 14:15:31,2026-07-30 14:00,3517.0,3647.0,-3.56,31216200,3581.0,3516.0,3813.0,2021.0
2026-07-30 14:20:28,2026-07-30 14:05,3520.0,3647.0,-3.48,31721400,3581.0,3514.0,3813.0,2021.0
2026-07-30 14:25:39,2026-07-30 14:10,3521.0,3647.0,-3.45,32031000,3581.0,3514.0,3813.0,2021.0
2026-07-30 14:30:39,2026-07-30 14:15,3525.0,3647.0,-3.35,32329200,3581.0,3514.0,3813.0,2021.0
2026-07-30 14:35:31,2026-07-30 14:20,3534.0,3647.0,-3.1,32711800,3581.0,3514.0,3813.0,2021.0
2026-07-30 14:40:45,2026-07-30 14:25,3530.0,3647.0,-3.21,33000600,3581.0,3514.0,3813.0,2021.0
2026-07-30 14:45:30,2026-07-30 14:30,3525.0,3647.0,-3.35,33264900,3581.0,3514.0,3813.0,2021.0
2026-07-30 14:50:40,2026-07-30 14:35,3540.0,3647.0,-2.93,33754300,3581.0,3514.0,3813.0,2021.0
2026-07-30 14:55:41,2026-07-30 14:40,3543.0,3647.0,-2.85,34138000,3581.0,3514.0,3813.0,2021.0
2026-07-30 15:00:32,2026-07-30 14:45,3546.0,3647.0,-2.77,34450200,3581.0,3514.0,3813.0,2021.0
2026-07-30 15:05:37,2026-07-30 14:50,3546.0,3647.0,-2.77,34853300,3581.0,3514.0,3813.0,2021.0
2026-07-30 15:10:50,2026-07-30 14:55,3534.0,3647.0,-3.1,35279100,3581.0,3514.0,3813.0,2021.0
2026-07-30 15:15:37,2026-07-30 15:00,3526.0,3647.0,-3.32,35908800,3581.0,3514.0,3813.0,2021.0
2026-07-30 15:20:36,2026-07-30 15:05,3524.0,3647.0,-3.37,36287300,3581.0,3514.0,3813.0,2021.0
2026-07-30 15:25:33,2026-07-30 15:10,3524.0,3647.0,-3.37,36705700,3581.0,3514.0,3813.0,2021.0
2026-07-30 15:30:38,2026-07-30 15:15,3519.0,3647.0,-3.51,37201200,3581.0,3514.0,3813.0,2021.0
2026-07-30 15:40:32,2026-07-30 15:24,3520.0,3647.0,-3.48,38418000,3581.0,3514.0,3813.0,2021.0
2026-07-31 09:05:36,2026-07-30 15:30,3525.0,3647.0,-3.35,46700500,3581.0,3514.0,3813.0,2021.0
2026-07-31 09:10:45,2026-07-30 15:30,3525.0,3647.0,-3.35,46700500,3581.0,3514.0,3813.0,2021.0
2026-07-31 09:15:38,2026-07-30 15:30,3525.0,3647.0,-3.35,46700500,3581.0,3514.0,3813.0,2021.0
2026-07-31 09:20:37,2026-07-31 09:05,3584.0,3525.0,1.67,5539600,3602.0,3571.0,3813.0,2021.0
2026-07-31 09:25:38,2026-07-31 09:10,3579.0,3525.0,1.53,7362000,3602.0,3571.0,3813.0,2021.0
2026-07-31 09:30:46,2026-07-31 09:15,3549.0,3525.0,0.68,9243700,3602.0,3548.0,3813.0,2021.0
2026-07-31 09:35:41,2026-07-31 09:20,3535.0,3525.0,0.28,10234200,3602.0,3533.0,3813.0,2021.0
2026-07-31 09:40:30,2026-07-31 09:25,3538.0,3525.0,0.37,11993100,3602.0,3523.0,3813.0,2021.0
2026-07-31 09:45:41,2026-07-31 09:30,3565.0,3525.0,1.13,13146800,3602.0,3523.0,3813.0,2021.0
2026-07-31 09:50:33,2026-07-31 09:35,3569.0,3525.0,1.25,14204600,3602.0,3523.0,3813.0,2021.0
2026-07-31 09:55:33,2026-07-31 09:40,3578.0,3525.0,1.5,15427000,3602.0,3523.0,3813.0,2021.0
2026-07-31 10:00:32,2026-07-31 09:45,3575.0,3525.0,1.42,16123300,3602.0,3523.0,3813.0,2021.0
2026-07-31 10:05:33,2026-07-31 09:50,3573.0,3525.0,1.36,16730100,3602.0,3523.0,3813.0,2021.0
2026-07-31 10:10:41,2026-07-31 09:55,3584.0,3525.0,1.67,17486300,3602.0,3523.0,3813.0,2021.0
2026-07-31 10:15:31,2026-07-31 10:00,3597.0,3525.0,2.04,18367000,3602.0,3523.0,3813.0,2021.0
2026-07-31 10:20:31,2026-07-31 10:05,3597.0,3525.0,2.04,19853400,3605.0,3523.0,3813.0,2021.0
2026-07-31 10:25:39,2026-07-31 10:10,3605.0,3525.0,2.27,20873000,3614.0,3523.0,3813.0,2021.0
2026-07-31 10:30:40,2026-07-31 10:15,3605.0,3525.0,2.27,21988600,3614.0,3523.0,3813.0,2021.0
2026-07-31 10:35:34,2026-07-31 10:20,3605.0,3525.0,2.27,22369200,3614.0,3523.0,3813.0,2021.0
2026-07-31 10:40:33,2026-07-31 10:25,3596.0,3525.0,2.01,22780400,3614.0,3523.0,3813.0,2021.0
2026-07-31 10:45:38,2026-07-31 10:30,3604.0,3525.0,2.24,23392900,3614.0,3523.0,3813.0,2021.0
2026-07-31 10:50:41,2026-07-31 10:35,3596.0,3525.0,2.01,23994300,3614.0,3523.0,3813.0,2021.0
2026-07-31 10:55:30,2026-07-31 10:40,3607.0,3525.0,2.33,24551100,3614.0,3523.0,3813.0,2021.0
2026-07-31 11:00:41,2026-07-31 10:45,3598.0,3525.0,2.07,25026800,3614.0,3523.0,3813.0,2021.0
2026-07-31 11:05:32,2026-07-31 10:50,3583.0,3525.0,1.65,25763100,3614.0,3523.0,3813.0,2021.0
2026-07-31 11:10:35,2026-07-31 10:55,3587.0,3525.0,1.76,26385700,3614.0,3523.0,3813.0,2021.0
2026-07-31 11:15:39,2026-07-31 11:00,3603.0,3525.0,2.21,26993700,3614.0,3523.0,3813.0,2021.0
2026-07-31 11:20:35,2026-07-31 11:05,3600.0,3525.0,2.13,27435500,3614.0,3523.0,3813.0,2021.0
2026-07-31 11:25:32,2026-07-31 11:10,3612.0,3525.0,2.47,28192800,3615.0,3523.0,3813.0,2021.0
2026-07-31 11:30:45,2026-07-31 11:15,3593.0,3525.0,1.93,29271800,3615.0,3523.0,3813.0,2021.0
2026-07-31 12:30:48,2026-07-31 11:30,3591.0,3525.0,1.87,30684800,3615.0,3523.0,3813.0,2021.0
2026-07-31 12:35:46,2026-07-31 11:30,3591.0,3525.0,1.87,30684800,3615.0,3523.0,3813.0,2021.0
2026-07-31 12:40:35,2026-07-31 11:30,3591.0,3525.0,1.87,30684800,3615.0,3523.0,3813.0,2021.0
2026-07-31 12:45:38,2026-07-31 12:30,3580.0,3525.0,1.56,31430400,3615.0,3523.0,3813.0,2021.0
2026-07-31 12:50:32,2026-07-31 12:35,3573.0,3525.0,1.36,32100700,3615.0,3523.0,3813.0,2021.0
2026-07-31 12:55:37,2026-07-31 12:40,3578.0,3525.0,1.5,32726100,3615.0,3523.0,3813.0,2021.0
2026-07-31 13:00:38,2026-07-31 12:45,3583.0,3525.0,1.65,33314900,3615.0,3523.0,3813.0,2021.0
2026-07-31 13:05:41,2026-07-31 12:50,3583.0,3525.0,1.65,33725400,3615.0,3523.0,3813.0,2021.0
2026-07-31 13:10:30,2026-07-31 12:55,3591.0,3525.0,1.87,34143900,3615.0,3523.0,3813.0,2021.0
2026-07-31 13:15:39,2026-07-31 13:00,3590.0,3525.0,1.84,34645100,3615.0,3523.0,3813.0,2021.0
2026-07-31 13:20:37,2026-07-31 13:05,3589.0,3525.0,1.82,34943400,3615.0,3523.0,3813.0,2021.0
2026-07-31 13:25:35,2026-07-31 13:10,3591.0,3525.0,1.87,35200100,3615.0,3523.0,3813.0,2021.0
2026-07-31 13:30:30,2026-07-31 13:15,3587.0,3525.0,1.76,35487500,3615.0,3523.0,3813.0,2021.0
2026-07-31 13:35:36,2026-07-31 13:20,3580.0,3525.0,1.56,35754400,3615.0,3523.0,3813.0,2021.0
2026-07-31 13:40:37,2026-07-31 13:25,3576.0,3525.0,1.45,36271900,3615.0,3523.0,3813.0,2021.0
2026-07-31 13:45:43,2026-07-31 13:30,3579.0,3525.0,1.53,36744700,3615.0,3523.0,3813.0,2021.0
2026-07-31 13:50:35,2026-07-31 13:35,3582.0,3525.0,1.62,37029500,3615.0,3523.0,3813.0,2021.0
2026-07-31 13:55:42,2026-07-31 13:40,3587.0,3525.0,1.76,37237600,3615.0,3523.0,3813.0,2021.0
2026-07-31 14:00:36,2026-07-31 13:45,3588.0,3525.0,1.79,37467300,3615.0,3523.0,3813.0,2021.0
2026-07-31 14:05:31,2026-07-31 13:50,3591.0,3525.0,1.87,37727200,3615.0,3523.0,3813.0,2021.0
2026-07-31 14:10:31,2026-07-31 13:55,3585.0,3525.0,1.7,37978700,3615.0,3523.0,3813.0,2021.0
2026-07-31 14:15:55,2026-07-31 14:00,3585.0,3525.0,1.7,38245300,3615.0,3523.0,3813.0,2021.0
2026-07-31 14:20:31,2026-07-31 14:05,3584.0,3525.0,1.67,38428900,3615.0,3523.0,3813.0,2021.0
2026-07-31 14:25:41,2026-07-31 14:10,3585.0,3525.0,1.7,38679500,3615.0,3523.0,3813.0,2021.0
2026-07-31 14:30:40,2026-07-31 14:15,3585.0,3525.0,1.7,38950000,3615.0,3523.0,3813.0,2021.0
2026-07-31 14:36:23,2026-07-31 14:21,3588.0,3525.0,1.79,39209900,3615.0,3523.0,3813.0,2021.0
2026-07-31 14:40:50,2026-07-31 14:25,3588.0,3525.0,1.79,39415900,3615.0,3523.0,3813.0,2021.0
2026-07-31 14:45:37,2026-07-31 14:30,3587.0,3525.0,1.76,39676900,3615.0,3523.0,3813.0,2021.0
2026-07-31 14:50:31,2026-07-31 14:35,3576.0,3525.0,1.45,40379700,3615.0,3523.0,3813.0,2021.0
2026-07-31 14:55:35,2026-07-31 14:40,3580.0,3525.0,1.56,40742500,3615.0,3523.0,3813.0,2021.0
2026-07-31 15:00:45,2026-07-31 14:45,3576.0,3525.0,1.45,41083700,3615.0,3523.0,3813.0,2021.0
2026-07-31 15:05:40,2026-07-31 14:50,3581.0,3525.0,1.59,41451700,3615.0,3523.0,3813.0,2021.0
2026-07-31 15:10:44,2026-07-31 14:55,3584.0,3525.0,1.67,41775400,3615.0,3523.0,3813.0,2021.0
2026-07-31 15:15:37,2026-07-31 15:00,3587.0,3525.0,1.76,42191900,3615.0,3523.0,3813.0,2021.0
2026-07-31 15:20:46,2026-07-31 15:05,3589.0,3525.0,1.82,42438300,3615.0,3523.0,3813.0,2021.0
2026-07-31 15:25:39,2026-07-31 15:10,3581.0,3525.0,1.59,42732700,3615.0,3523.0,3813.0,2021.0
2026-07-31 15:30:51,2026-07-31 15:15,3576.0,3525.0,1.45,43093800,3615.0,3523.0,3813.0,2021.0
2026-07-31 15:40:41,2026-07-31 15:24,3590.0,3525.0,1.84,43980500,3615.0,3523.0,3813.0,2021.0
2026-08-03 09:05:31,2026-07-31 15:30,3571.0,3525.0,1.3,50098300,3615.0,3523.0,3813.0,2021.0
2026-08-03 09:10:32,2026-07-31 15:30,3571.0,3525.0,1.3,50098300,3615.0,3523.0,3813.0,2021.0
2026-08-03 09:15:40,2026-08-03 09:00,3533.0,3525.0,0.23,53252500,3537.0,3512.0,3813.0,2021.0
2026-08-03 09:20:34,2026-08-03 09:05,3547.0,3571.0,-0.67,5478200,3562.0,3512.0,3813.0,2021.0
2026-08-03 09:25:48,2026-08-03 09:10,3549.0,3571.0,-0.62,6581600,3562.0,3512.0,3813.0,2021.0
2026-08-03 09:30:35,2026-08-03 09:15,3520.0,3571.0,-1.43,7775000,3562.0,3512.0,3813.0,2021.0
2026-08-03 09:35:38,2026-08-03 09:20,3515.0,3571.0,-1.57,9091300,3562.0,3512.0,3813.0,2021.0
2026-08-03 09:40:32,2026-08-03 09:25,3489.0,3571.0,-2.3,11597000,3562.0,3488.0,3813.0,2021.0
2026-08-03 09:45:41,2026-08-03 09:30,3486.0,3571.0,-2.38,13242600,3562.0,3473.0,3813.0,2021.0
2026-08-03 09:50:32,2026-08-03 09:35,3470.0,3571.0,-2.83,14515600,3562.0,3465.0,3813.0,2021.0
2026-08-03 09:55:32,2026-08-03 09:40,3455.0,3571.0,-3.25,15657900,3562.0,3453.0,3813.0,2021.0
2026-08-03 10:00:33,2026-08-03 09:45,3445.0,3571.0,-3.53,17215700,3562.0,3443.0,3813.0,2021.0
2026-08-03 10:05:34,2026-08-03 09:50,3451.0,3571.0,-3.36,18367700,3562.0,3440.0,3813.0,2021.0
2026-08-03 10:10:31,2026-08-03 09:55,3448.0,3571.0,-3.44,19297100,3562.0,3440.0,3813.0,2021.0
2026-08-03 10:15:38,2026-08-03 10:00,3450.0,3571.0,-3.39,20139500,3562.0,3438.0,3813.0,2021.0
2026-08-03 10:20:34,2026-08-03 10:05,3448.0,3571.0,-3.44,20805100,3562.0,3438.0,3813.0,2021.0
2026-08-03 10:25:46,2026-08-03 10:10,3442.0,3571.0,-3.61,21848500,3562.0,3438.0,3813.0,2021.0
2026-08-03 10:30:39,2026-08-03 10:15,3430.0,3571.0,-3.95,23022500,3562.0,3426.0,3813.0,2021.0
2026-08-03 10:35:46,2026-08-03 10:20,3443.0,3571.0,-3.58,23913100,3562.0,3426.0,3813.0,2021.0
2026-08-03 10:40:39,2026-08-03 10:25,3451.0,3571.0,-3.36,24506400,3562.0,3426.0,3813.0,2021.0
2026-08-03 10:45:41,2026-08-03 10:30,3459.0,3571.0,-3.14,25329400,3562.0,3426.0,3813.0,2021.0
2026-08-03 10:50:41,2026-08-03 10:35,3455.0,3571.0,-3.25,25782000,3562.0,3426.0,3813.0,2021.0
2026-08-03 10:55:33,2026-08-03 10:40,3462.0,3571.0,-3.05,26131900,3562.0,3426.0,3813.0,2021.0
2026-08-03 11:00:44,2026-08-03 10:45,3468.0,3571.0,-2.88,26877600,3562.0,3426.0,3813.0,2021.0
2026-08-03 11:05:41,2026-08-03 10:50,3470.0,3571.0,-2.83,27291600,3562.0,3426.0,3813.0,2021.0
2026-08-03 11:10:47,2026-08-03 10:55,3470.0,3571.0,-2.83,27946600,3562.0,3426.0,3813.0,2021.0
2026-08-03 11:15:36,2026-08-03 11:00,3467.0,3571.0,-2.91,28281300,3562.0,3426.0,3813.0,2021.0
2026-08-03 11:20:36,2026-08-03 11:05,3467.0,3571.0,-2.91,28616400,3562.0,3426.0,3813.0,2021.0
2026-08-03 11:25:34,2026-08-03 11:10,3474.0,3571.0,-2.72,29029900,3562.0,3426.0,3813.0,2021.0
2026-08-03 11:30:41,2026-08-03 11:15,3467.0,3571.0,-2.91,29344300,3562.0,3426.0,3813.0,2021.0
2026-08-03 12:30:32,2026-08-03 11:30,3470.0,3571.0,-2.83,30214500,3562.0,3426.0,3813.0,2021.0
2026-08-03 12:35:40,2026-08-03 11:30,3470.0,3571.0,-2.83,30214500,3562.0,3426.0,3813.0,2021.0
2026-08-03 12:40:36,2026-08-03 11:30,3470.0,3571.0,-2.83,30214500,3562.0,3426.0,3813.0,2021.0
2026-08-03 12:45:33,2026-08-03 12:30,3497.0,3571.0,-2.07,30916800,3562.0,3426.0,3813.0,2021.0
2026-08-03 12:50:37,2026-08-03 12:35,3517.0,3571.0,-1.51,32026900,3562.0,3426.0,3813.0,2021.0
2026-08-03 12:55:33,2026-08-03 12:40,3532.0,3571.0,-1.09,32762200,3562.0,3426.0,3813.0,2021.0
2026-08-03 13:00:41,2026-08-03 12:45,3534.0,3571.0,-1.04,33553200,3562.0,3426.0,3813.0,2021.0
2026-08-03 13:05:37,2026-08-03 12:50,3542.0,3571.0,-0.81,34108300,3562.0,3426.0,3813.0,2021.0
2026-08-03 13:10:35,2026-08-03 12:55,3543.0,3571.0,-0.78,34713900,3562.0,3426.0,3813.0,2021.0
2026-08-03 13:15:38,2026-08-03 13:00,3532.0,3571.0,-1.09,35231000,3562.0,3426.0,3813.0,2021.0
2026-08-03 13:20:39,2026-08-03 13:05,3533.0,3571.0,-1.06,35515000,3562.0,3426.0,3813.0,2021.0
2026-08-03 13:25:38,2026-08-03 13:10,3534.0,3571.0,-1.04,35815300,3562.0,3426.0,3813.0,2021.0
2026-08-03 13:30:36,2026-08-03 13:15,3536.0,3571.0,-0.98,36221300,3562.0,3426.0,3813.0,2021.0
2026-08-03 13:35:37,2026-08-03 13:20,3540.0,3571.0,-0.87,36536700,3562.0,3426.0,3813.0,2021.0
2026-08-03 13:40:37,2026-08-03 13:25,3540.0,3571.0,-0.87,36955900,3562.0,3426.0,3813.0,2021.0
2026-08-03 13:45:32,2026-08-03 13:30,3545.0,3571.0,-0.73,37293500,3562.0,3426.0,3813.0,2021.0
2026-08-03 13:51:13,2026-08-03 13:36,3553.0,3571.0,-0.5,37867600,3562.0,3426.0,3813.0,2021.0
2026-08-03 13:55:43,2026-08-03 13:40,3549.0,3571.0,-0.62,38312700,3562.0,3426.0,3813.0,2021.0
2026-08-03 14:00:32,2026-08-03 13:45,3546.0,3571.0,-0.7,38648300,3562.0,3426.0,3813.0,2021.0
2026-08-03 14:05:40,2026-08-03 13:50,3553.0,3571.0,-0.5,38949400,3562.0,3426.0,3813.0,2021.0
2026-08-03 14:10:30,2026-08-03 13:55,3551.0,3571.0,-0.56,39294100,3562.0,3426.0,3813.0,2021.0
2026-08-03 14:15:42,2026-08-03 14:00,3555.0,3571.0,-0.45,39667300,3562.0,3426.0,3813.0,2021.0
2026-08-03 14:20:50,2026-08-03 14:05,3557.0,3571.0,-0.39,40176800,3562.0,3426.0,3813.0,2021.0
2026-08-03 14:25:42,2026-08-03 14:10,3561.0,3571.0,-0.28,40854300,3563.0,3426.0,3813.0,2021.0
2026-08-03 14:30:31,2026-08-03 14:15,3557.0,3571.0,-0.39,41141800,3563.0,3426.0,3813.0,2021.0
2026-08-03 14:35:39,2026-08-03 14:20,3554.0,3571.0,-0.48,41388600,3563.0,3426.0,3813.0,2021.0
2026-08-03 14:40:43,2026-08-03 14:25,3555.0,3571.0,-0.45,41686400,3563.0,3426.0,3813.0,2021.0
2026-08-03 14:45:36,2026-08-03 14:30,3550.0,3571.0,-0.59,42178800,3563.0,3426.0,3813.0,2021.0
2026-08-03 14:50:42,2026-08-03 14:35,3551.0,3571.0,-0.56,42531800,3563.0,3426.0,3813.0,2021.0
2026-08-03 14:55:31,2026-08-03 14:40,3550.0,3571.0,-0.59,42816600,3563.0,3426.0,3813.0,2021.0
2026-08-03 15:00:37,2026-08-03 14:45,3551.0,3571.0,-0.56,43129000,3563.0,3426.0,3813.0,2021.0
2026-08-03 15:05:31,2026-08-03 14:50,3560.0,3571.0,-0.31,43718000,3563.0,3426.0,3813.0,2021.0
2026-08-03 15:10:39,2026-08-03 14:55,3559.0,3571.0,-0.34,44082800,3563.0,3426.0,3813.0,2021.0
2026-08-03 15:15:48,2026-08-03 15:00,3555.0,3571.0,-0.45,44412200,3563.0,3426.0,3813.0,2021.0
2026-08-03 15:20:46,2026-08-03 15:05,3564.0,3571.0,-0.2,44976200,3565.0,3426.0,3813.0,2021.0
2026-08-03 15:25:44,2026-08-03 15:10,3568.0,3571.0,-0.08,45706300,3572.0,3426.0,3813.0,2021.0
2026-08-03 15:30:43,2026-08-03 15:15,3568.0,3571.0,-0.08,46164300,3573.0,3426.0,3813.0,2021.0
2026-08-03 15:40:47,2026-08-03 15:24,3567.0,3571.0,-0.11,47202700,3573.0,3426.0,3813.0,2021.0
2026-08-04 09:05:46,2026-08-03 15:30,3567.0,3571.0,-0.11,53159300,3573.0,3426.0,3813.0,2021.0
2026-08-04 09:10:31,2026-08-03 15:30,3567.0,3571.0,-0.11,53159300,3573.0,3426.0,3813.0,2021.0
2026-08-04 09:15:39,2026-08-03 15:30,3567.0,3571.0,-0.11,53159300,3573.0,3426.0,3813.0,2021.0
2026-08-04 09:20:37,2026-08-04 09:05,3470.0,3567.0,-2.72,5552700,3493.0,3452.0,3813.0,2021.0
2026-08-04 09:25:40,2026-08-04 09:10,3484.0,3567.0,-2.33,8936500,3493.0,3444.0,3813.0,2021.0
2026-08-04 09:30:32,2026-08-04 09:15,3479.0,3567.0,-2.47,10269800,3495.0,3444.0,3813.0,2021.0
2026-08-04 09:35:44,2026-08-04 09:20,3515.0,3567.0,-1.46,11695200,3517.0,3444.0,3813.0,2021.0
2026-08-04 09:40:41,2026-08-04 09:25,3514.0,3567.0,-1.49,13478500,3528.0,3444.0,3813.0,2021.0
2026-08-04 09:45:41,2026-08-04 09:30,3511.0,3567.0,-1.57,14606400,3528.0,3444.0,3813.0,2021.0
2026-08-04 09:50:34,2026-08-04 09:35,3505.0,3567.0,-1.74,15405400,3528.0,3444.0,3813.0,2021.0
2026-08-04 09:55:52,2026-08-04 09:40,3491.0,3567.0,-2.13,16469400,3528.0,3444.0,3813.0,2021.0
2026-08-04 10:00:50,2026-08-04 09:45,3488.0,3567.0,-2.21,17199000,3528.0,3444.0,3813.0,2021.0
2026-08-04 10:05:40,2026-08-04 09:50,3503.0,3567.0,-1.79,17714800,3528.0,3444.0,3813.0,2021.0
2026-08-04 10:10:47,2026-08-04 09:55,3490.0,3567.0,-2.16,18273800,3528.0,3444.0,3813.0,2021.0
2026-08-04 10:15:45,2026-08-04 10:00,3464.0,3567.0,-2.89,19316700,3528.0,3444.0,3813.0,2021.0
2026-08-04 10:20:36,2026-08-04 10:05,3472.0,3567.0,-2.66,20102500,3528.0,3444.0,3813.0,2021.0
2026-08-04 10:25:31,2026-08-04 10:10,3481.0,3567.0,-2.41,20411800,3528.0,3444.0,3813.0,2021.0
2026-08-04 10:30:35,2026-08-04 10:15,3485.0,3567.0,-2.3,20819900,3528.0,3444.0,3813.0,2021.0
2026-08-04 10:35:41,2026-08-04 10:20,3474.0,3567.0,-2.61,21419500,3528.0,3444.0,3813.0,2021.0
2026-08-04 10:40:45,2026-08-04 10:25,3467.0,3567.0,-2.8,21842200,3528.0,3444.0,3813.0,2021.0
2026-08-04 10:45:43,2026-08-04 10:30,3475.0,3567.0,-2.58,22132400,3528.0,3444.0,3813.0,2021.0
2026-08-04 10:50:45,2026-08-04 10:35,3472.0,3567.0,-2.66,22567700,3528.0,3444.0,3813.0,2021.0
2026-08-04 11:10:56,2026-08-04 10:55,3476.0,3567.0,-2.55,24314500,3528.0,3444.0,3813.0,2021.0
2026-08-04 11:15:41,2026-08-04 11:00,3468.0,3567.0,-2.78,24616600,3528.0,3444.0,3813.0,2021.0
2026-08-04 11:20:37,2026-08-04 11:05,3458.0,3567.0,-3.06,25316100,3528.0,3444.0,3813.0,2021.0
2026-08-04 11:25:34,2026-08-04 11:10,3464.0,3567.0,-2.89,25665900,3528.0,3444.0,3813.0,2021.0
2026-08-04 11:30:34,2026-08-04 11:15,3459.0,3567.0,-3.03,25942800,3528.0,3444.0,3813.0,2021.0
2026-08-04 12:30:39,2026-08-04 11:30,3462.0,3567.0,-2.94,26807900,3528.0,3444.0,3813.0,2021.0
2026-08-04 12:35:39,2026-08-04 11:30,3462.0,3567.0,-2.94,26807900,3528.0,3444.0,3813.0,2021.0
2026-08-04 12:40:37,2026-08-04 11:30,3462.0,3567.0,-2.94,26807900,3528.0,3444.0,3813.0,2021.0
2026-08-04 12:45:39,2026-08-04 12:30,3471.0,3567.0,-2.69,27771100,3528.0,3444.0,3813.0,2021.0
2026-08-04 12:50:36,2026-08-04 12:35,3478.0,3567.0,-2.5,28639200,3528.0,3444.0,3813.0,2021.0
2026-08-04 12:55:39,2026-08-04 12:40,3487.0,3567.0,-2.24,29381700,3528.0,3444.0,3813.0,2021.0
2026-08-04 13:00:37,2026-08-04 12:45,3478.0,3567.0,-2.5,30134700,3528.0,3444.0,3813.0,2021.0
2026-08-04 13:05:43,2026-08-04 12:50,3472.0,3567.0,-2.66,30504500,3528.0,3444.0,3813.0,2021.0
2026-08-04 13:10:45,2026-08-04 12:55,3459.0,3567.0,-3.03,31150000,3528.0,3444.0,3813.0,2021.0
2026-08-04 13:15:48,2026-08-04 13:00,3461.0,3567.0,-2.97,31531100,3528.0,3444.0,3813.0,2021.0
2026-08-04 13:20:28,2026-08-04 13:05,3456.0,3567.0,-3.11,31965100,3528.0,3444.0,3813.0,2021.0
2026-08-04 13:25:35,2026-08-04 13:10,3448.0,3567.0,-3.34,33502800,3528.0,3444.0,3813.0,2021.0
2026-08-04 13:30:41,2026-08-04 13:15,3457.0,3567.0,-3.08,34120400,3528.0,3444.0,3813.0,2021.0
2026-08-04 13:35:43,2026-08-04 13:20,3455.0,3567.0,-3.14,34561700,3528.0,3444.0,3813.0,2021.0
2026-08-04 13:40:37,2026-08-04 13:25,3457.0,3567.0,-3.08,34864900,3528.0,3444.0,3813.0,2021.0
2026-08-04 13:45:45,2026-08-04 13:30,3457.0,3567.0,-3.08,35178200,3528.0,3444.0,3813.0,2021.0
2026-08-04 13:50:35,2026-08-04 13:35,3463.0,3567.0,-2.92,35488200,3528.0,3444.0,3813.0,2021.0
2026-08-04 13:55:31,2026-08-04 13:40,3456.0,3567.0,-3.11,35879500,3528.0,3444.0,3813.0,2021.0
2026-08-04 14:00:39,2026-08-04 13:45,3458.0,3567.0,-3.06,36268300,3528.0,3444.0,3813.0,2021.0
2026-08-04 14:05:39,2026-08-04 13:50,3466.0,3567.0,-2.83,36666800,3528.0,3444.0,3813.0,2021.0
2026-08-04 14:10:45,2026-08-04 13:55,3468.0,3567.0,-2.78,37094500,3528.0,3444.0,3813.0,2021.0
2026-08-04 14:15:42,2026-08-04 14:00,3462.0,3567.0,-2.94,37548400,3528.0,3444.0,3813.0,2021.0
2026-08-04 14:20:45,2026-08-04 14:05,3467.0,3567.0,-2.8,37794200,3528.0,3444.0,3813.0,2021.0
2026-08-04 14:25:43,2026-08-04 14:10,3469.0,3567.0,-2.75,38002200,3528.0,3444.0,3813.0,2021.0
2026-08-04 14:30:36,2026-08-04 14:15,3463.0,3567.0,-2.92,38293000,3528.0,3444.0,3813.0,2021.0
2026-08-04 14:35:38,2026-08-04 14:20,3462.0,3567.0,-2.94,38639600,3528.0,3444.0,3813.0,2021.0
2026-08-04 14:40:37,2026-08-04 14:25,3464.0,3567.0,-2.89,38884200,3528.0,3444.0,3813.0,2021.0
2026-08-04 14:45:33,2026-08-04 14:30,3456.0,3567.0,-3.11,39221800,3528.0,3444.0,3813.0,2021.0
2026-08-04 14:50:42,2026-08-04 14:35,3458.0,3567.0,-3.06,39682400,3528.0,3444.0,3813.0,2021.0
2026-08-04 14:55:35,2026-08-04 14:40,3465.0,3567.0,-2.86,40150700,3528.0,3444.0,3813.0,2021.0
2026-08-04 15:40:48,2026-08-04 15:24,3472.0,3567.0,-2.66,43781800,3528.0,3444.0,3813.0,2021.0
2026-08-05 09:05:32,2026-08-04 15:30,3470.0,3567.0,-2.72,49373000,3528.0,3444.0,3813.0,2030.0
2026-08-05 09:10:37,2026-08-04 15:30,3470.0,3567.0,-2.72,49373000,3528.0,3444.0,3813.0,2030.0
2026-08-05 09:15:43,2026-08-05 09:00,3470.0,3567.0,-2.72,52615600,3495.0,3471.0,3813.0,2030.0
2026-08-05 09:20:35,2026-08-05 09:05,3472.0,3470.0,0.06,5115600,3495.0,3465.0,3813.0,2030.0
2026-08-05 09:25:33,2026-08-05 09:10,3455.0,3470.0,-0.43,7015300,3495.0,3449.0,3813.0,2030.0
2026-08-05 09:30:38,2026-08-05 09:15,3491.0,3470.0,0.61,8651700,3495.0,3449.0,3813.0,2030.0
2026-08-05 09:35:35,2026-08-05 09:20,3499.0,3470.0,0.84,10261900,3508.0,3449.0,3813.0,2030.0
2026-08-05 09:40:43,2026-08-05 09:25,3501.0,3470.0,0.89,11230400,3512.0,3449.0,3813.0,2030.0
2026-08-05 09:45:45,2026-08-05 09:30,3506.0,3470.0,1.04,11881700,3512.0,3449.0,3813.0,2030.0
2026-08-05 09:50:51,2026-08-05 09:35,3501.0,3470.0,0.89,12482600,3512.0,3449.0,3813.0,2030.0
2026-08-05 09:55:40,2026-08-05 09:40,3503.0,3470.0,0.95,12879000,3512.0,3449.0,3813.0,2030.0
2026-08-05 10:00:53,2026-08-05 09:45,3501.0,3470.0,0.89,13260200,3512.0,3449.0,3813.0,2030.0
2026-08-05 10:05:32,2026-08-05 09:50,3512.0,3470.0,1.21,13950000,3517.0,3449.0,3813.0,2030.0
2026-08-05 10:10:32,2026-08-05 09:55,3509.0,3470.0,1.12,14341000,3517.0,3449.0,3813.0,2030.0
2026-08-05 10:15:38,2026-08-05 10:00,3510.0,3470.0,1.15,14662900,3517.0,3449.0,3813.0,2030.0
2026-08-05 10:20:35,2026-08-05 10:05,3513.0,3470.0,1.24,15133000,3517.0,3449.0,3813.0,2030.0
2026-08-05 10:25:41,2026-08-05 10:10,3516.0,3470.0,1.33,16091100,3519.0,3449.0,3813.0,2030.0
2026-08-05 10:30:43,2026-08-05 10:15,3520.0,3470.0,1.44,17019200,3525.0,3449.0,3813.0,2030.0
2026-08-05 10:35:32,2026-08-05 10:20,3534.0,3470.0,1.84,17999900,3537.0,3449.0,3813.0,2030.0
2026-08-05 10:40:40,2026-08-05 10:25,3533.0,3470.0,1.82,18746600,3540.0,3449.0,3813.0,2030.0
2026-08-05 10:45:48,2026-08-05 10:30,3540.0,3470.0,2.02,19323200,3540.0,3449.0,3813.0,2030.0
2026-08-05 10:50:42,2026-08-05 10:35,3548.0,3470.0,2.25,19912600,3548.0,3449.0,3813.0,2030.0
2026-08-05 10:55:36,2026-08-05 10:40,3541.0,3470.0,2.05,20609200,3550.0,3449.0,3813.0,2030.0
2026-08-05 11:00:43,2026-08-05 10:45,3527.0,3470.0,1.64,21236600,3550.0,3449.0,3813.0,2030.0
2026-08-05 11:05:48,2026-08-05 10:50,3513.0,3470.0,1.24,21799600,3550.0,3449.0,3813.0,2030.0
2026-08-05 11:10:45,2026-08-05 10:55,3523.0,3470.0,1.53,22452500,3550.0,3449.0,3813.0,2030.0
2026-08-05 11:15:35,2026-08-05 11:00,3524.0,3470.0,1.56,22797500,3550.0,3449.0,3813.0,2030.0
2026-08-05 11:20:35,2026-08-05 11:05,3528.0,3470.0,1.67,22996400,3550.0,3449.0,3813.0,2030.0
2026-08-05 11:25:40,2026-08-05 11:10,3524.0,3470.0,1.56,23376200,3550.0,3449.0,3813.0,2030.0
2026-08-05 11:30:42,2026-08-05 11:15,3527.0,3470.0,1.64,23581100,3550.0,3449.0,3813.0,2030.0
2026-08-05 12:30:40,2026-08-05 11:30,3517.0,3470.0,1.35,24564300,3550.0,3449.0,3813.0,2030.0
2026-08-05 12:35:35,2026-08-05 11:30,3517.0,3470.0,1.35,24564300,3550.0,3449.0,3813.0,2030.0
2026-08-05 12:40:39,2026-08-05 11:30,3517.0,3470.0,1.35,24564300,3550.0,3449.0,3813.0,2030.0
2026-08-05 12:45:38,2026-08-05 12:30,3513.0,3470.0,1.24,25169400,3550.0,3449.0,3813.0,2030.0
2026-08-05 12:50:39,2026-08-05 12:35,3520.0,3470.0,1.44,25621300,3550.0,3449.0,3813.0,2030.0
2026-08-05 12:55:34,2026-08-05 12:40,3525.0,3470.0,1.59,26021100,3550.0,3449.0,3813.0,2030.0
2026-08-05 13:00:45,2026-08-05 12:45,3530.0,3470.0,1.73,26347300,3550.0,3449.0,3813.0,2030.0
2026-08-05 13:05:39,2026-08-05 12:50,3533.0,3470.0,1.82,26685700,3550.0,3449.0,3813.0,2030.0
2026-08-05 13:10:37,2026-08-05 12:55,3535.0,3470.0,1.87,27220100,3550.0,3449.0,3813.0,2030.0
2026-08-05 13:15:38,2026-08-05 13:00,3537.0,3470.0,1.93,27478000,3550.0,3449.0,3813.0,2030.0
2026-08-05 13:20:38,2026-08-05 13:05,3539.0,3470.0,1.99,27700200,3550.0,3449.0,3813.0,2030.0
2026-08-05 13:25:37,2026-08-05 13:10,3540.0,3470.0,2.02,27996400,3550.0,3449.0,3813.0,2030.0
2026-08-05 13:30:44,2026-08-05 13:15,3533.0,3470.0,1.82,28403400,3550.0,3449.0,3813.0,2030.0
2026-08-05 13:35:45,2026-08-05 13:20,3532.0,3470.0,1.79,28757000,3550.0,3449.0,3813.0,2030.0
2026-08-05 13:40:38,2026-08-05 13:25,3534.0,3470.0,1.84,28972700,3550.0,3449.0,3813.0,2030.0
2026-08-05 13:45:31,2026-08-05 13:30,3532.0,3470.0,1.79,29129400,3550.0,3449.0,3813.0,2030.0
2026-08-05 13:50:30,2026-08-05 13:35,3533.0,3470.0,1.82,29274100,3550.0,3449.0,3813.0,2030.0
2026-08-05 13:55:36,2026-08-05 13:40,3532.0,3470.0,1.79,29378900,3550.0,3449.0,3813.0,2030.0
2026-08-05 14:00:44,2026-08-05 13:45,3535.0,3470.0,1.87,29652700,3550.0,3449.0,3813.0,2030.0
2026-08-05 14:05:39,2026-08-05 13:50,3542.0,3470.0,2.07,29972900,3550.0,3449.0,3813.0,2030.0
2026-08-05 14:10:40,2026-08-05 13:55,3541.0,3470.0,2.05,30149700,3550.0,3449.0,3813.0,2030.0
2026-08-05 14:31:02,2026-08-05 14:15,3538.0,3470.0,1.96,31329500,3550.0,3449.0,3813.0,2030.0
2026-08-05 14:35:37,2026-08-05 14:20,3537.0,3470.0,1.93,31525300,3550.0,3449.0,3813.0,2030.0
2026-08-05 14:40:42,2026-08-05 14:25,3536.0,3470.0,1.9,31718400,3550.0,3449.0,3813.0,2030.0
2026-08-05 14:45:38,2026-08-05 14:30,3533.0,3470.0,1.82,31992200,3550.0,3449.0,3813.0,2030.0
2026-08-05 14:50:42,2026-08-05 14:35,3534.0,3470.0,1.84,32175100,3550.0,3449.0,3813.0,2030.0
2026-08-05 14:55:41,2026-08-05 14:40,3532.0,3470.0,1.79,32316900,3550.0,3449.0,3813.0,2030.0
2026-08-05 15:00:33,2026-08-05 14:45,3536.0,3470.0,1.9,32516300,3550.0,3449.0,3813.0,2030.0
2026-08-05 15:05:38,2026-08-05 14:50,3536.0,3470.0,1.9,32738400,3550.0,3449.0,3813.0,2030.0
2026-08-05 15:10:55,2026-08-05 14:55,3540.0,3470.0,2.02,33058300,3550.0,3449.0,3813.0,2030.0
2026-08-05 15:16:19,2026-08-05 15:01,3549.0,3470.0,2.28,33853900,3550.0,3449.0,3813.0,2030.0
2026-08-05 15:20:30,2026-08-05 15:05,3548.0,3470.0,2.25,34359900,3551.0,3449.0,3813.0,2030.0
2026-08-05 15:25:31,2026-08-05 15:10,3554.0,3470.0,2.42,34682100,3554.0,3449.0,3813.0,2030.0
2026-08-05 15:30:50,2026-08-05 15:15,3557.0,3470.0,2.51,35043200,3558.0,3449.0,3813.0,2030.0
2026-08-05 15:40:39,2026-08-05 15:24,3556.0,3470.0,2.48,35897000,3558.0,3449.0,3813.0,2030.0
2026-08-06 09:05:44,2026-08-05 15:30,3541.0,3470.0,2.05,41588500,3558.0,3449.0,3813.0,2060.0
2026-08-06 09:10:33,2026-08-05 15:30,3541.0,3470.0,2.05,41588500,3558.0,3449.0,3813.0,2060.0
2026-08-06 09:15:36,2026-08-06 09:00,3541.0,3470.0,2.05,43752600,3560.0,3538.0,3813.0,2060.0
2026-08-06 09:20:37,2026-08-06 09:05,3571.0,3541.0,0.85,4160100,3574.0,3538.0,3813.0,2060.0
2026-08-06 09:25:35,2026-08-06 09:10,3587.0,3541.0,1.3,5647000,3591.0,3538.0,3813.0,2060.0
2026-08-06 09:30:39,2026-08-06 09:15,3596.0,3541.0,1.55,7391700,3603.0,3538.0,3813.0,2060.0
2026-08-06 09:35:45,2026-08-06 09:20,3583.0,3541.0,1.19,8525800,3603.0,3538.0,3813.0,2060.0
2026-08-06 09:46:08,2026-08-06 09:31,3576.0,3541.0,0.99,10808900,3603.0,3538.0,3813.0,2060.0
2026-08-06 09:46:46,2026-08-06 09:31,3567.0,3541.0,0.73,10911300,3603.0,3538.0,3813.0,2060.0
2026-08-06 09:50:30,2026-08-06 09:35,3576.0,3541.0,0.99,11557300,3603.0,3538.0,3813.0,2060.0
2026-08-06 09:55:43,2026-08-06 09:40,3578.0,3541.0,1.04,12289400,3603.0,3538.0,3813.0,2060.0
2026-08-06 10:00:45,2026-08-06 09:45,3571.0,3541.0,0.85,12794200,3603.0,3538.0,3813.0,2060.0
2026-08-06 10:05:46,2026-08-06 09:50,3572.0,3541.0,0.88,13321900,3603.0,3538.0,3813.0,2060.0
2026-08-06 10:10:42,2026-08-06 09:55,3568.0,3541.0,0.76,13779500,3603.0,3538.0,3813.0,2060.0
2026-08-06 10:15:43,2026-08-06 10:00,3575.0,3541.0,0.96,14190800,3603.0,3538.0,3813.0,2060.0
2026-08-06 10:20:47,2026-08-06 10:05,3588.0,3541.0,1.33,14910100,3603.0,3538.0,3813.0,2060.0
2026-08-06 10:25:41,2026-08-06 10:10,3583.0,3541.0,1.19,15166500,3603.0,3538.0,3813.0,2060.0
2026-08-06 10:30:42,2026-08-06 10:15,3590.0,3541.0,1.38,15429200,3603.0,3538.0,3813.0,2060.0
2026-08-06 10:35:37,2026-08-06 10:20,3590.0,3541.0,1.38,15886200,3603.0,3538.0,3813.0,2060.0
2026-08-06 10:40:35,2026-08-06 10:25,3597.0,3541.0,1.58,16133000,3603.0,3538.0,3813.0,2060.0
2026-08-06 10:45:37,2026-08-06 10:30,3594.0,3541.0,1.5,16535600,3603.0,3538.0,3813.0,2060.0
2026-08-06 10:50:48,2026-08-06 10:35,3592.0,3541.0,1.44,16871700,3603.0,3538.0,3813.0,2060.0
2026-08-06 10:55:32,2026-08-06 10:40,3591.0,3541.0,1.41,17506800,3603.0,3538.0,3813.0,2060.0
2026-08-06 11:00:43,2026-08-06 10:45,3579.0,3541.0,1.07,17951300,3603.0,3538.0,3813.0,2060.0
2026-08-06 11:05:35,2026-08-06 10:50,3585.0,3541.0,1.24,18220300,3603.0,3538.0,3813.0,2060.0
2026-08-06 11:10:48,2026-08-06 10:55,3581.0,3541.0,1.13,18523600,3603.0,3538.0,3813.0,2060.0
2026-08-06 11:15:39,2026-08-06 11:00,3584.0,3541.0,1.21,18873000,3603.0,3538.0,3813.0,2060.0
2026-08-06 11:20:41,2026-08-06 11:05,3585.0,3541.0,1.24,19052500,3603.0,3538.0,3813.0,2060.0
2026-08-06 11:25:34,2026-08-06 11:10,3585.0,3541.0,1.24,19238000,3603.0,3538.0,3813.0,2060.0
2026-08-06 11:30:51,2026-08-06 11:15,3579.0,3541.0,1.07,19711800,3603.0,3538.0,3813.0,2060.0
2026-08-06 12:30:37,2026-08-06 11:30,3566.0,3541.0,0.71,20674600,3603.0,3538.0,3813.0,2060.0
2026-08-06 12:35:35,2026-08-06 11:30,3566.0,3541.0,0.71,20674600,3603.0,3538.0,3813.0,2060.0
2026-08-06 12:40:49,2026-08-06 11:30,3566.0,3541.0,0.71,20674600,3603.0,3538.0,3813.0,2060.0
2026-08-06 12:45:38,2026-08-06 12:30,3582.0,3541.0,1.16,21264400,3603.0,3538.0,3813.0,2060.0
2026-08-06 12:50:48,2026-08-06 12:35,3584.0,3541.0,1.21,22012300,3603.0,3538.0,3813.0,2060.0
2026-08-06 12:55:37,2026-08-06 12:40,3585.0,3541.0,1.24,22297100,3603.0,3538.0,3813.0,2060.0
2026-08-06 13:00:36,2026-08-06 12:45,3578.0,3541.0,1.04,22691200,3603.0,3538.0,3813.0,2060.0
2026-08-06 13:05:34,2026-08-06 12:50,3581.0,3541.0,1.13,22902300,3603.0,3538.0,3813.0,2060.0
2026-08-06 13:10:41,2026-08-06 12:55,3577.0,3541.0,1.02,23086700,3603.0,3538.0,3813.0,2060.0
2026-08-06 13:15:31,2026-08-06 13:00,3576.0,3541.0,0.99,23342300,3603.0,3538.0,3813.0,2060.0
2026-08-06 13:20:45,2026-08-06 13:05,3576.0,3541.0,0.99,23495100,3603.0,3538.0,3813.0,2060.0
2026-08-06 13:25:32,2026-08-06 13:10,3576.0,3541.0,0.99,23614700,3603.0,3538.0,3813.0,2060.0
2026-08-06 13:30:47,2026-08-06 13:15,3577.0,3541.0,1.02,23803100,3603.0,3538.0,3813.0,2060.0
2026-08-06 13:35:40,2026-08-06 13:20,3573.0,3541.0,0.9,23904300,3603.0,3538.0,3813.0,2060.0
2026-08-06 13:40:42,2026-08-06 13:25,3578.0,3541.0,1.04,24198000,3603.0,3538.0,3813.0,2060.0
2026-08-06 13:45:38,2026-08-06 13:30,3574.0,3541.0,0.93,24376400,3603.0,3538.0,3813.0,2060.0
2026-08-06 13:50:37,2026-08-06 13:35,3568.0,3541.0,0.76,24603300,3603.0,3538.0,3813.0,2060.0
2026-08-06 13:55:45,2026-08-06 13:40,3569.0,3541.0,0.79,24818600,3603.0,3538.0,3813.0,2060.0
2026-08-06 14:00:33,2026-08-06 13:45,3572.0,3541.0,0.88,24924000,3603.0,3538.0,3813.0,2060.0
2026-08-06 14:05:42,2026-08-06 13:50,3572.0,3541.0,0.88,24990800,3603.0,3538.0,3813.0,2060.0
2026-08-06 14:10:36,2026-08-06 13:54,3576.0,3541.0,0.99,25117200,3603.0,3538.0,3813.0,2060.0
2026-08-06 14:15:34,2026-08-06 14:00,3574.0,3541.0,0.93,25265500,3603.0,3538.0,3813.0,2060.0
2026-08-06 14:20:39,2026-08-06 14:05,3576.0,3541.0,0.99,25393500,3603.0,3538.0,3813.0,2060.0
2026-08-06 14:25:39,2026-08-06 14:10,3575.0,3541.0,0.96,25541000,3603.0,3538.0,3813.0,2060.0
2026-08-06 14:30:37,2026-08-06 14:15,3581.0,3541.0,1.13,25702800,3603.0,3538.0,3813.0,2060.0
2026-08-06 14:35:29,2026-08-06 14:20,3584.0,3541.0,1.21,25939300,3603.0,3538.0,3813.0,2060.0
2026-08-06 14:40:31,2026-08-06 14:25,3589.0,3541.0,1.36,26257000,3603.0,3538.0,3813.0,2060.0
2026-08-06 14:45:37,2026-08-06 14:30,3590.0,3541.0,1.38,26466700,3603.0,3538.0,3813.0,2060.0
2026-08-06 14:50:37,2026-08-06 14:35,3584.0,3541.0,1.21,26680000,3603.0,3538.0,3813.0,2060.0
2026-08-06 14:55:39,2026-08-06 14:40,3584.0,3541.0,1.21,26897300,3603.0,3538.0,3813.0,2060.0
2026-08-06 15:00:39,2026-08-06 14:45,3583.0,3541.0,1.19,27362700,3603.0,3538.0,3813.0,2060.0
2026-08-06 15:05:37,2026-08-06 14:50,3579.0,3541.0,1.07,27588500,3603.0,3538.0,3813.0,2060.0
2026-08-06 15:10:49,2026-08-06 14:55,3582.0,3541.0,1.16,27843600,3603.0,3538.0,3813.0,2060.0
2026-08-06 15:15:41,2026-08-06 15:00,3587.0,3541.0,1.3,28141700,3603.0,3538.0,3813.0,2060.0
2026-08-06 15:20:44,2026-08-06 15:05,3586.0,3541.0,1.27,28386400,3603.0,3538.0,3813.0,2060.0
2026-08-06 15:25:31,2026-08-06 15:10,3588.0,3541.0,1.33,28696400,3603.0,3538.0,3813.0,2060.0
2026-08-06 15:40:46,2026-08-06 15:24,3584.0,3541.0,1.21,29621400,3603.0,3538.0,3813.0,2060.0
2026-08-07 09:05:51,2026-08-06 15:30,3574.0,3541.0,0.93,35721200,3603.0,3538.0,3813.0,2075.5
2026-08-07 09:10:38,2026-08-06 15:30,3574.0,3541.0,0.93,35721200,3603.0,3538.0,3813.0,2075.5
2026-08-07 09:15:44,2026-08-07 09:00,3574.0,3541.0,0.93,37345700,3602.0,3588.0,3813.0,2075.5
2026-08-07 09:20:42,2026-08-07 09:05,3587.0,3574.0,0.36,2869900,3603.0,3582.0,3813.0,2075.5
2026-08-07 09:25:39,2026-08-07 09:10,3568.0,3574.0,-0.17,4205400,3603.0,3561.0,3813.0,2075.5
2026-08-07 09:30:35,2026-08-07 09:15,3560.0,3574.0,-0.39,5447700,3603.0,3556.0,3813.0,2075.5
2026-08-07 09:35:37,2026-08-07 09:20,3563.0,3574.0,-0.31,6124100,3603.0,3554.0,3813.0,2075.5
2026-08-07 09:40:42,2026-08-07 09:25,3574.0,3574.0,0.0,6698900,3603.0,3554.0,3813.0,2075.5
2026-08-07 09:45:47,2026-08-07 09:30,3575.0,3574.0,0.03,7642800,3603.0,3554.0,3813.0,2075.5
2026-08-07 09:50:40,2026-08-07 09:35,3587.0,3574.0,0.36,8213900,3603.0,3554.0,3813.0,2075.5
2026-08-07 09:56:12,2026-08-07 09:41,3593.0,3574.0,0.53,8976000,3603.0,3554.0,3813.0,2075.5
2026-08-07 10:00:33,2026-08-07 09:45,3600.0,3574.0,0.73,9840800,3603.0,3554.0,3813.0,2075.5
2026-08-07 10:05:35,2026-08-07 09:50,3592.0,3574.0,0.5,10504400,3603.0,3554.0,3813.0,2075.5
2026-08-07 10:10:48,2026-08-07 09:55,3598.0,3574.0,0.67,10947000,3603.0,3554.0,3813.0,2075.5
2026-08-07 10:15:35,2026-08-07 10:00,3598.0,3574.0,0.67,11287400,3603.0,3554.0,3813.0,2075.5
2026-08-07 10:20:32,2026-08-07 10:05,3592.0,3574.0,0.5,11710800,3603.0,3554.0,3813.0,2075.5
2026-08-07 10:25:40,2026-08-07 10:10,3584.0,3574.0,0.28,12056100,3603.0,3554.0,3813.0,2075.5
2026-08-07 10:30:40,2026-08-07 10:15,3589.0,3574.0,0.42,12457500,3603.0,3554.0,3813.0,2075.5
2026-08-07 10:35:38,2026-08-07 10:20,3596.0,3574.0,0.62,13012700,3603.0,3554.0,3813.0,2075.5
2026-08-07 10:40:39,2026-08-07 10:25,3579.0,3574.0,0.14,13523700,3603.0,3554.0,3813.0,2075.5
2026-08-07 10:45:36,2026-08-07 10:30,3582.0,3574.0,0.22,13875400,3603.0,3554.0,3813.0,2075.5
2026-08-07 10:50:44,2026-08-07 10:35,3582.0,3574.0,0.22,14080700,3603.0,3554.0,3813.0,2075.5
2026-08-07 10:55:38,2026-08-07 10:40,3560.0,3574.0,-0.39,14876900,3603.0,3554.0,3813.0,2075.5
2026-08-07 11:00:52,2026-08-07 10:45,3576.0,3574.0,0.06,15518800,3603.0,3554.0,3813.0,2075.5
2026-08-07 11:05:38,2026-08-07 10:50,3583.0,3574.0,0.25,16138800,3603.0,3554.0,3813.0,2075.5
2026-08-07 11:10:37,2026-08-07 10:55,3586.0,3574.0,0.34,16548000,3603.0,3554.0,3813.0,2075.5
2026-08-07 11:15:32,2026-08-07 11:00,3585.0,3574.0,0.31,17053800,3603.0,3554.0,3813.0,2075.5
2026-08-07 11:20:46,2026-08-07 11:05,3584.0,3574.0,0.28,17345200,3603.0,3554.0,3813.0,2075.5
2026-08-07 11:25:46,2026-08-07 11:10,3583.0,3574.0,0.25,17554100,3603.0,3554.0,3813.0,2075.5
2026-08-07 11:30:36,2026-08-07 11:15,3583.0,3574.0,0.25,17825100,3603.0,3554.0,3813.0,2075.5
2026-08-07 12:30:36,2026-08-07 11:30,3576.0,3574.0,0.06,18817600,3603.0,3554.0,3813.0,2075.5
2026-08-07 12:35:39,2026-08-07 11:30,3576.0,3574.0,0.06,18817600,3603.0,3554.0,3813.0,2075.5
2026-08-07 12:40:59,2026-08-07 11:30,3576.0,3574.0,0.06,18817600,3603.0,3554.0,3813.0,2075.5
2026-08-07 12:45:37,2026-08-07 12:30,3571.0,3574.0,-0.08,19436300,3603.0,3554.0,3813.0,2075.5
2026-08-07 12:50:34,2026-08-07 12:35,3573.0,3574.0,-0.03,19859800,3603.0,3554.0,3813.0,2075.5
2026-08-07 12:55:37,2026-08-07 12:40,3566.0,3574.0,-0.22,20298500,3603.0,3554.0,3813.0,2075.5
2026-08-07 13:00:32,2026-08-07 12:45,3558.0,3574.0,-0.45,20870200,3603.0,3554.0,3813.0,2075.5
2026-08-07 13:05:32,2026-08-07 12:50,3559.0,3574.0,-0.42,21285000,3603.0,3554.0,3813.0,2075.5
2026-08-07 13:10:31,2026-08-07 12:55,3563.0,3574.0,-0.31,21567800,3603.0,3554.0,3813.0,2075.5
2026-08-07 13:15:34,2026-08-07 13:00,3555.0,3574.0,-0.53,22099600,3603.0,3553.0,3813.0,2075.5
2026-08-07 13:20:38,2026-08-07 13:05,3551.0,3574.0,-0.64,22746700,3603.0,3550.0,3813.0,2075.5
2026-08-07 13:25:41,2026-08-07 13:10,3555.0,3574.0,-0.53,23424900,3603.0,3546.0,3813.0,2075.5
2026-08-07 13:30:47,2026-08-07 13:15,3550.0,3574.0,-0.67,23760500,3603.0,3546.0,3813.0,2075.5
2026-08-07 13:35:47,2026-08-07 13:20,3551.0,3574.0,-0.64,24318300,3603.0,3546.0,3813.0,2075.5
2026-08-07 13:40:37,2026-08-07 13:25,3552.0,3574.0,-0.62,24629000,3603.0,3546.0,3813.0,2075.5
2026-08-07 13:45:39,2026-08-07 13:30,3554.0,3574.0,-0.56,25000800,3603.0,3546.0,3813.0,2075.5
2026-08-07 13:50:40,2026-08-07 13:35,3551.0,3574.0,-0.64,25363400,3603.0,3546.0,3813.0,2075.5
2026-08-07 13:55:35,2026-08-07 13:40,3550.0,3574.0,-0.67,25661800,3603.0,3546.0,3813.0,2075.5
2026-08-07 14:00:40,2026-08-07 13:45,3551.0,3574.0,-0.64,25877900,3603.0,3546.0,3813.0,2075.5
2026-08-07 14:05:47,2026-08-07 13:50,3550.0,3574.0,-0.67,26096200,3603.0,3546.0,3813.0,2075.5
2026-08-07 14:10:42,2026-08-07 13:55,3554.0,3574.0,-0.56,26378600,3603.0,3546.0,3813.0,2075.5
2026-08-07 14:15:40,2026-08-07 14:00,3556.0,3574.0,-0.5,26704300,3603.0,3546.0,3813.0,2075.5
2026-08-07 14:20:35,2026-08-07 14:05,3558.0,3574.0,-0.45,26980200,3603.0,3546.0,3813.0,2075.5
2026-08-07 14:25:42,2026-08-07 14:10,3561.0,3574.0,-0.36,27500500,3603.0,3546.0,3813.0,2075.5
2026-08-07 14:30:38,2026-08-07 14:15,3564.0,3574.0,-0.28,27742700,3603.0,3546.0,3813.0,2075.5
2026-08-07 14:35:29,2026-08-07 14:20,3570.0,3574.0,-0.11,28181900,3603.0,3546.0,3813.0,2075.5
2026-08-07 14:40:33,2026-08-07 14:25,3568.0,3574.0,-0.17,28507600,3603.0,3546.0,3813.0,2075.5
2026-08-07 14:45:38,2026-08-07 14:30,3570.0,3574.0,-0.11,28814900,3603.0,3546.0,3813.0,2075.5
2026-08-07 14:50:39,2026-08-07 14:35,3561.0,3574.0,-0.36,29209700,3603.0,3546.0,3813.0,2075.5
2026-08-07 14:55:34,2026-08-07 14:40,3559.0,3574.0,-0.42,29460600,3603.0,3546.0,3813.0,2075.5
2026-08-07 15:00:33,2026-08-07 14:45,3561.0,3574.0,-0.36,29712500,3603.0,3546.0,3813.0,2075.5
2026-08-07 15:05:42,2026-08-07 14:50,3565.0,3574.0,-0.25,29964300,3603.0,3546.0,3813.0,2075.5
2026-08-07 15:10:40,2026-08-07 14:55,3563.0,3574.0,-0.31,30255700,3603.0,3546.0,3813.0,2075.5
2026-08-07 15:15:41,2026-08-07 15:00,3560.0,3574.0,-0.39,30589400,3603.0,3546.0,3813.0,2075.5
2026-08-07 15:20:41,2026-08-07 15:05,3559.0,3574.0,-0.42,30930000,3603.0,3546.0,3813.0,2075.5
2026-08-07 15:25:47,2026-08-07 15:10,3559.0,3574.0,-0.42,31252100,3603.0,3546.0,3813.0,2075.5
2026-08-07 15:30:45,2026-08-07 15:15,3562.0,3574.0,-0.34,31620500,3603.0,3546.0,3813.0,2075.5
2026-08-07 15:40:41,2026-08-07 15:24,3554.0,3574.0,-0.56,32456100,3603.0,3546.0,3813.0,2075.5
2026-08-10 09:05:39,2026-08-07 15:30,3564.0,3574.0,-0.28,39170600,3603.0,3546.0,3813.0,2158.5
2026-08-10 09:10:47,2026-08-07 15:30,3564.0,3574.0,-0.28,39170600,3603.0,3546.0,3813.0,2158.5
2026-08-10 09:15:40,2026-08-10 09:00,3536.0,3574.0,-1.06,40966300,3551.0,3526.0,3813.0,2158.5
2026-08-10 09:20:33,2026-08-10 09:05,3515.0,3564.0,-1.37,2920100,3551.0,3514.0,3813.0,2158.5
2026-08-10 09:25:34,2026-08-10 09:10,3529.0,3564.0,-0.98,3700500,3551.0,3512.0,3813.0,2158.5
2026-08-10 09:30:42,2026-08-10 09:15,3517.0,3564.0,-1.32,4590200,3551.0,3512.0,3813.0,2158.5
2026-08-10 09:35:31,2026-08-10 09:20,3522.0,3564.0,-1.18,5418800,3551.0,3510.0,3813.0,2158.5
2026-08-10 09:40:43,2026-08-10 09:25,3515.0,3564.0,-1.37,6276000,3551.0,3510.0,3813.0,2158.5
2026-08-10 09:45:39,2026-08-10 09:30,3512.0,3564.0,-1.46,7026000,3551.0,3505.0,3813.0,2158.5
2026-08-10 09:50:35,2026-08-10 09:35,3503.0,3564.0,-1.71,7574100,3551.0,3503.0,3813.0,2158.5
2026-08-10 09:55:40,2026-08-10 09:40,3504.0,3564.0,-1.68,8863300,3551.0,3497.0,3813.0,2158.5
2026-08-10 10:00:34,2026-08-10 09:45,3497.0,3564.0,-1.88,9485200,3551.0,3494.0,3813.0,2158.5
2026-08-10 10:05:41,2026-08-10 09:50,3493.0,3564.0,-1.99,9995300,3551.0,3493.0,3813.0,2158.5
2026-08-10 10:10:36,2026-08-10 09:55,3489.0,3564.0,-2.1,10576200,3551.0,3488.0,3813.0,2158.5
2026-08-10 10:15:41,2026-08-10 10:00,3480.0,3564.0,-2.36,11585600,3551.0,3479.0,3813.0,2158.5
2026-08-10 10:20:36,2026-08-10 10:05,3490.0,3564.0,-2.08,12019600,3551.0,3479.0,3813.0,2158.5
2026-08-10 10:25:56,2026-08-10 10:10,3491.0,3564.0,-2.05,12653200,3551.0,3479.0,3813.0,2158.5
2026-08-10 10:30:29,2026-08-10 10:15,3489.0,3564.0,-2.1,12997400,3551.0,3479.0,3813.0,2158.5
2026-08-10 10:35:39,2026-08-10 10:20,3499.0,3564.0,-1.82,13375700,3551.0,3479.0,3813.0,2158.5
2026-08-10 10:40:34,2026-08-10 10:25,3488.0,3564.0,-2.13,13728200,3551.0,3479.0,3813.0,2158.5
2026-08-10 10:45:36,2026-08-10 10:30,3493.0,3564.0,-1.99,14011700,3551.0,3479.0,3813.0,2158.5
2026-08-10 10:50:47,2026-08-10 10:35,3503.0,3564.0,-1.71,14430500,3551.0,3479.0,3813.0,2158.5
2026-08-10 10:55:39,2026-08-10 10:40,3498.0,3564.0,-1.85,14751300,3551.0,3479.0,3813.0,2158.5
2026-08-10 11:00:33,2026-08-10 10:45,3506.0,3564.0,-1.63,15069600,3551.0,3479.0,3813.0,2158.5
2026-08-10 11:05:36,2026-08-10 10:50,3508.0,3564.0,-1.57,15254200,3551.0,3479.0,3813.0,2158.5
2026-08-10 11:10:34,2026-08-10 10:55,3510.0,3564.0,-1.52,15436100,3551.0,3479.0,3813.0,2158.5
2026-08-10 11:15:40,2026-08-10 11:00,3515.0,3564.0,-1.37,15920400,3551.0,3479.0,3813.0,2158.5
2026-08-10 11:20:37,2026-08-10 11:05,3507.0,3564.0,-1.6,16269700,3551.0,3479.0,3813.0,2158.5
2026-08-10 11:25:35,2026-08-10 11:10,3502.0,3564.0,-1.74,16529200,3551.0,3479.0,3813.0,2158.5
2026-08-10 11:30:42,2026-08-10 11:15,3505.0,3564.0,-1.66,16755000,3551.0,3479.0,3813.0,2158.5
2026-08-10 12:30:37,2026-08-10 11:30,3507.0,3564.0,-1.6,17374900,3551.0,3479.0,3813.0,2158.5
2026-08-10 12:35:40,2026-08-10 11:30,3507.0,3564.0,-1.6,17374900,3551.0,3479.0,3813.0,2158.5
2026-08-10 12:40:37,2026-08-10 11:30,3507.0,3564.0,-1.6,17374900,3551.0,3479.0,3813.0,2158.5
2026-08-10 12:45:34,2026-08-10 12:30,3504.0,3564.0,-1.68,17886900,3551.0,3479.0,3813.0,2158.5
2026-08-10 12:50:42,2026-08-10 12:35,3503.0,3564.0,-1.71,18511600,3551.0,3479.0,3813.0,2158.5
2026-08-10 12:55:39,2026-08-10 12:40,3506.0,3564.0,-1.63,18740200,3551.0,3479.0,3813.0,2158.5
2026-08-10 13:00:34,2026-08-10 12:45,3511.0,3564.0,-1.49,19001100,3551.0,3479.0,3813.0,2158.5
2026-08-10 13:05:36,2026-08-10 12:50,3508.0,3564.0,-1.57,19191200,3551.0,3479.0,3813.0,2158.5
2026-08-10 13:10:31,2026-08-10 12:55,3504.0,3564.0,-1.68,19422400,3551.0,3479.0,3813.0,2158.5
2026-08-10 13:15:38,2026-08-10 13:00,3511.0,3564.0,-1.49,19658200,3551.0,3479.0,3813.0,2158.5
2026-08-10 13:20:35,2026-08-10 13:05,3512.0,3564.0,-1.46,19884100,3551.0,3479.0,3813.0,2158.5
2026-08-10 13:25:33,2026-08-10 13:10,3513.0,3564.0,-1.43,20074200,3551.0,3479.0,3813.0,2158.5
2026-08-10 13:30:39,2026-08-10 13:15,3509.0,3564.0,-1.54,20400100,3551.0,3479.0,3813.0,2158.5
2026-08-10 13:35:32,2026-08-10 13:20,3513.0,3564.0,-1.43,20698900,3551.0,3479.0,3813.0,2158.5
2026-08-10 13:40:38,2026-08-10 13:25,3512.0,3564.0,-1.46,20813600,3551.0,3479.0,3813.0,2158.5
2026-08-10 13:45:36,2026-08-10 13:30,3510.0,3564.0,-1.52,21028200,3551.0,3479.0,3813.0,2158.5
2026-08-10 13:50:36,2026-08-10 13:35,3508.0,3564.0,-1.57,21106500,3551.0,3479.0,3813.0,2158.5
2026-08-10 13:55:40,2026-08-10 13:40,3510.0,3564.0,-1.52,21211400,3551.0,3479.0,3813.0,2158.5
2026-08-10 14:00:39,2026-08-10 13:45,3510.0,3564.0,-1.52,21417100,3551.0,3479.0,3813.0,2158.5
2026-08-10 14:05:40,2026-08-10 13:50,3509.0,3564.0,-1.54,21521400,3551.0,3479.0,3813.0,2158.5
2026-08-10 14:10:47,2026-08-10 13:55,3507.0,3564.0,-1.6,21681900,3551.0,3479.0,3813.0,2158.5
2026-08-10 14:15:45,2026-08-10 14:00,3509.0,3564.0,-1.54,21778700,3551.0,3479.0,3813.0,2158.5
2026-08-10 14:20:38,2026-08-10 14:05,3512.0,3564.0,-1.46,22035800,3551.0,3479.0,3813.0,2158.5
2026-08-10 14:25:37,2026-08-10 14:10,3514.0,3564.0,-1.4,22119100,3551.0,3479.0,3813.0,2158.5
2026-08-10 14:30:44,2026-08-10 14:15,3515.0,3564.0,-1.37,22283900,3551.0,3479.0,3813.0,2158.5
2026-08-10 14:35:38,2026-08-10 14:20,3516.0,3564.0,-1.35,22608600,3551.0,3479.0,3813.0,2158.5
2026-08-10 14:40:40,2026-08-10 14:25,3513.0,3564.0,-1.43,22765000,3551.0,3479.0,3813.0,2158.5
2026-08-10 14:45:39,2026-08-10 14:30,3515.0,3564.0,-1.37,22956200,3551.0,3479.0,3813.0,2158.5
2026-08-10 14:50:38,2026-08-10 14:35,3514.0,3564.0,-1.4,23104600,3551.0,3479.0,3813.0,2158.5
2026-08-10 14:55:41,2026-08-10 14:40,3514.0,3564.0,-1.4,23292100,3551.0,3479.0,3813.0,2158.5
2026-08-10 15:00:53,2026-08-10 14:45,3519.0,3564.0,-1.26,23578200,3551.0,3479.0,3813.0,2158.5
2026-08-10 15:05:44,2026-08-10 14:50,3519.0,3564.0,-1.26,23760300,3551.0,3479.0,3813.0,2158.5
2026-08-10 15:10:44,2026-08-10 14:55,3519.0,3564.0,-1.26,23884000,3551.0,3479.0,3813.0,2158.5
2026-08-10 15:15:35,2026-08-10 15:00,3519.0,3564.0,-1.26,24017900,3551.0,3479.0,3813.0,2158.5
2026-08-10 15:20:33,2026-08-10 15:05,3516.0,3564.0,-1.35,24310300,3551.0,3479.0,3813.0,2158.5
2026-08-10 15:25:37,2026-08-10 15:10,3515.0,3564.0,-1.37,24519700,3551.0,3479.0,3813.0,2158.5
2026-08-10 15:30:44,2026-08-10 15:15,3510.0,3564.0,-1.52,24840300,3551.0,3479.0,3813.0,2158.5
2026-08-10 15:40:36,2026-08-10 15:24,3515.0,3564.0,-1.37,25465500,3551.0,3479.0,3813.0,2158.5
2026-08-12 09:05:32,2026-08-10 15:30,3510.0,3564.0,-1.52,30256700,3551.0,3479.0,3813.0,2158.5
2026-08-12 09:10:46,2026-08-10 15:30,3510.0,3564.0,-1.52,30256700,3551.0,3479.0,3813.0,2158.5
2026-08-12 09:15:41,2026-08-12 09:00,3510.0,3564.0,-1.52,33524900,3577.0,3556.0,3813.0,2158.5
2026-08-12 09:20:45,2026-08-12 09:05,3572.0,3510.0,1.77,5408700,3584.0,3546.0,3813.0,2158.5
2026-08-12 09:25:40,2026-08-12 09:10,3586.0,3510.0,2.17,7092500,3595.0,3546.0,3813.0,2158.5
2026-08-12 09:30:46,2026-08-12 09:15,3579.0,3510.0,1.97,8624700,3597.0,3546.0,3813.0,2158.5
2026-08-12 09:35:43,2026-08-12 09:20,3572.0,3510.0,1.77,9331100,3597.0,3546.0,3813.0,2158.5
2026-08-12 09:40:40,2026-08-12 09:25,3564.0,3510.0,1.54,9973500,3597.0,3546.0,3813.0,2158.5
2026-08-12 09:45:37,2026-08-12 09:30,3586.0,3510.0,2.17,10775900,3597.0,3546.0,3813.0,2158.5
2026-08-12 09:50:32,2026-08-12 09:35,3587.0,3510.0,2.19,11561700,3597.0,3546.0,3813.0,2158.5
2026-08-12 09:55:33,2026-08-12 09:40,3602.0,3510.0,2.62,13204500,3604.0,3546.0,3813.0,2158.5
2026-08-12 10:00:34,2026-08-12 09:45,3598.0,3510.0,2.51,13774500,3604.0,3546.0,3813.0,2158.5
2026-08-12 10:05:38,2026-08-12 09:50,3613.0,3510.0,2.93,14955300,3614.0,3546.0,3813.0,2158.5
2026-08-12 10:10:33,2026-08-12 09:55,3613.0,3510.0,2.93,15487000,3616.0,3546.0,3813.0,2158.5
2026-08-12 10:15:49,2026-08-12 10:00,3598.0,3510.0,2.51,16230200,3616.0,3546.0,3813.0,2158.5
2026-08-12 10:20:35,2026-08-12 10:05,3593.0,3510.0,2.36,16591500,3616.0,3546.0,3813.0,2158.5
2026-08-12 10:25:33,2026-08-12 10:10,3589.0,3510.0,2.25,17067000,3616.0,3546.0,3813.0,2158.5
2026-08-12 10:30:43,2026-08-12 10:15,3586.0,3510.0,2.17,17449200,3616.0,3546.0,3813.0,2158.5
2026-08-12 10:35:36,2026-08-12 10:20,3587.0,3510.0,2.19,17771600,3616.0,3546.0,3813.0,2192.0
2026-08-12 10:40:43,2026-08-12 10:25,3593.0,3510.0,2.36,18080100,3616.0,3546.0,3813.0,2192.0
2026-08-12 10:45:32,2026-08-12 10:30,3585.0,3510.0,2.14,18446500,3616.0,3546.0,3813.0,2192.0
2026-08-12 10:50:58,2026-08-12 10:35,3586.0,3510.0,2.17,18751900,3616.0,3546.0,3813.0,2158.5
2026-08-12 10:55:32,2026-08-12 10:40,3590.0,3510.0,2.28,19104000,3616.0,3546.0,3813.0,2158.5
2026-08-12 11:00:32,2026-08-12 10:45,3586.0,3510.0,2.17,19396000,3616.0,3546.0,3813.0,2158.5
2026-08-12 11:05:37,2026-08-12 10:50,3579.0,3510.0,1.97,19885800,3616.0,3546.0,3813.0,2158.5
2026-08-12 11:10:30,2026-08-12 10:55,3579.0,3510.0,1.97,20187200,3616.0,3546.0,3813.0,2158.5
2026-08-12 11:15:41,2026-08-12 11:00,3577.0,3510.0,1.91,20458100,3616.0,3546.0,3813.0,2158.5
2026-08-12 11:20:35,2026-08-12 11:05,3581.0,3510.0,2.02,20654600,3616.0,3546.0,3813.0,2158.5
2026-08-12 11:25:56,2026-08-12 11:10,3579.0,3510.0,1.97,20811600,3616.0,3546.0,3813.0,2158.5
2026-08-12 11:30:32,2026-08-12 11:15,3578.0,3510.0,1.94,20992600,3616.0,3546.0,3813.0,2158.5
2026-08-12 12:30:29,2026-08-12 11:30,3575.0,3510.0,1.85,21719800,3616.0,3546.0,3813.0,2158.5
2026-08-12 12:35:30,2026-08-12 11:30,3575.0,3510.0,1.85,21719800,3616.0,3546.0,3813.0,2158.5
2026-08-12 12:40:36,2026-08-12 11:30,3575.0,3510.0,1.85,21719800,3616.0,3546.0,3813.0,2158.5
2026-08-12 12:46:00,2026-08-12 12:31,3592.0,3510.0,2.34,22471900,3616.0,3546.0,3813.0,2158.5
2026-08-12 12:50:33,2026-08-12 12:35,3578.0,3510.0,1.94,22903800,3616.0,3546.0,3813.0,2158.5
2026-08-12 12:55:38,2026-08-12 12:40,3577.0,3510.0,1.91,23296700,3616.0,3546.0,3813.0,2158.5
2026-08-12 13:00:31,2026-08-12 12:45,3588.0,3510.0,2.22,23774500,3616.0,3546.0,3813.0,2158.5
2026-08-12 13:05:33,2026-08-12 12:50,3596.0,3510.0,2.45,24397500,3616.0,3546.0,3813.0,2158.5
2026-08-12 13:10:37,2026-08-12 12:55,3593.0,3510.0,2.36,24798200,3616.0,3546.0,3813.0,2158.5
2026-08-12 13:15:38,2026-08-12 13:00,3595.0,3510.0,2.42,24999800,3616.0,3546.0,3813.0,2158.5
2026-08-12 13:20:30,2026-08-12 13:05,3593.0,3510.0,2.36,25176900,3616.0,3546.0,3813.0,2158.5
2026-08-12 13:25:53,2026-08-12 13:10,3593.0,3510.0,2.36,25531000,3616.0,3546.0,3813.0,2158.5
2026-08-12 13:30:36,2026-08-12 13:15,3596.0,3510.0,2.45,25706000,3616.0,3546.0,3813.0,2158.5
2026-08-12 13:35:33,2026-08-12 13:20,3592.0,3510.0,2.34,25855000,3616.0,3546.0,3813.0,2158.5
2026-08-12 13:41:12,2026-08-12 13:26,3594.0,3510.0,2.39,26062200,3616.0,3546.0,3813.0,2158.5
2026-08-12 13:45:36,2026-08-12 13:30,3596.0,3510.0,2.45,26416900,3616.0,3546.0,3813.0,2158.5
2026-08-12 13:50:48,2026-08-12 13:35,3595.0,3510.0,2.42,26565500,3616.0,3546.0,3813.0,2158.5
2026-08-12 13:55:40,2026-08-12 13:40,3594.0,3510.0,2.39,26692400,3616.0,3546.0,3813.0,2158.5
2026-08-12 14:00:33,2026-08-12 13:45,3592.0,3510.0,2.34,26846000,3616.0,3546.0,3813.0,2158.5
2026-08-12 14:05:40,2026-08-12 13:50,3594.0,3510.0,2.39,26989800,3616.0,3546.0,3813.0,2158.5
2026-08-12 14:10:37,2026-08-12 13:55,3598.0,3510.0,2.51,27373100,3616.0,3546.0,3813.0,2158.5
2026-08-12 14:15:36,2026-08-12 14:00,3596.0,3510.0,2.45,27599100,3616.0,3546.0,3813.0,2158.5
2026-08-12 14:20:37,2026-08-12 14:05,3600.0,3510.0,2.56,27806300,3616.0,3546.0,3813.0,2158.5
2026-08-12 14:25:39,2026-08-12 14:10,3600.0,3510.0,2.56,28238400,3616.0,3546.0,3813.0,2158.5
2026-08-12 14:30:41,2026-08-12 14:15,3601.0,3510.0,2.59,28550600,3616.0,3546.0,3813.0,2158.5
2026-08-12 14:35:45,2026-08-12 14:20,3601.0,3510.0,2.59,28754100,3616.0,3546.0,3813.0,2158.5
2026-08-12 14:40:36,2026-08-12 14:25,3604.0,3510.0,2.68,29025300,3616.0,3546.0,3813.0,2158.5
2026-08-12 14:45:46,2026-08-12 14:30,3602.0,3510.0,2.62,29180100,3616.0,3546.0,3813.0,2158.5
2026-08-12 14:50:39,2026-08-12 14:35,3600.0,3510.0,2.56,29382000,3616.0,3546.0,3813.0,2158.5
2026-08-12 14:55:33,2026-08-12 14:40,3600.0,3510.0,2.56,29535400,3616.0,3546.0,3813.0,2158.5
2026-08-12 15:00:38,2026-08-12 14:45,3599.0,3510.0,2.54,29741200,3616.0,3546.0,3813.0,2158.5
2026-08-12 15:05:43,2026-08-12 14:50,3601.0,3510.0,2.59,30003000,3616.0,3546.0,3813.0,2158.5
2026-08-12 15:10:36,2026-08-12 14:55,3604.0,3510.0,2.68,30301000,3616.0,3546.0,3813.0,2158.5
2026-08-12 15:15:52,2026-08-12 15:00,3605.0,3510.0,2.71,30604900,3616.0,3546.0,3813.0,2158.5
2026-08-12 15:20:36,2026-08-12 15:05,3605.0,3510.0,2.71,30955800,3616.0,3546.0,3813.0,2158.5
2026-08-12 15:25:30,2026-08-12 15:10,3602.0,3510.0,2.62,31136100,3616.0,3546.0,3813.0,2158.5
2026-08-12 15:30:32,2026-08-12 15:15,3602.0,3510.0,2.62,31439900,3616.0,3546.0,3813.0,2158.5
2026-08-12 15:40:41,2026-08-12 15:24,3607.0,3510.0,2.76,32593600,3616.0,3546.0,3813.0,2158.5
2026-08-13 09:05:41,2026-08-12 15:30,3606.0,3510.0,2.74,39842100,3616.0,3546.0,3813.0,2192.0
2026-08-13 09:10:32,2026-08-12 15:30,3606.0,3510.0,2.74,39842100,3616.0,3546.0,3813.0,2192.0
2026-08-13 09:15:45,2026-08-13 09:00,3606.0,3510.0,2.74,42144200,3657.0,3638.0,3813.0,2192.0
2026-08-13 09:20:30,2026-08-13 09:05,3669.0,3606.0,1.75,4843100,3679.0,3638.0,3813.0,2192.0
2026-08-13 09:25:42,2026-08-13 09:10,3669.0,3606.0,1.75,6315000,3679.0,3638.0,3813.0,2192.0
2026-08-13 09:30:32,2026-08-13 09:15,3661.0,3606.0,1.53,7283400,3679.0,3638.0,3813.0,2192.0
2026-08-13 09:35:33,2026-08-13 09:20,3672.0,3606.0,1.83,8258300,3679.0,3638.0,3813.0,2192.0
2026-08-13 09:40:37,2026-08-13 09:25,3663.0,3606.0,1.58,9177700,3679.0,3638.0,3813.0,2192.0
2026-08-13 09:45:48,2026-08-13 09:30,3666.0,3606.0,1.66,9667000,3679.0,3638.0,3813.0,2192.0
2026-08-13 09:50:39,2026-08-13 09:35,3661.0,3606.0,1.53,10352100,3679.0,3638.0,3813.0,2192.0
2026-08-13 09:55:49,2026-08-13 09:40,3666.0,3606.0,1.66,10993700,3679.0,3638.0,3813.0,2192.0
2026-08-13 10:00:31,2026-08-13 09:45,3666.0,3606.0,1.66,11384900,3679.0,3638.0,3813.0,2192.0
2026-08-13 10:05:41,2026-08-13 09:50,3667.0,3606.0,1.69,11949800,3679.0,3638.0,3813.0,2192.0
2026-08-13 10:10:45,2026-08-13 09:55,3654.0,3606.0,1.33,12551000,3679.0,3638.0,3813.0,2192.0
2026-08-13 10:15:30,2026-08-13 10:00,3661.0,3606.0,1.53,12943000,3679.0,3638.0,3813.0,2192.0
2026-08-13 10:20:45,2026-08-13 10:05,3652.0,3606.0,1.28,13264200,3679.0,3638.0,3813.0,2192.0
2026-08-13 10:25:33,2026-08-13 10:10,3652.0,3606.0,1.28,13716600,3679.0,3638.0,3813.0,2192.0
2026-08-13 10:30:31,2026-08-13 10:15,3642.0,3606.0,1.0,14059600,3679.0,3638.0,3813.0,2192.0
2026-08-13 10:35:36,2026-08-13 10:20,3644.0,3606.0,1.05,14362400,3679.0,3638.0,3813.0,2192.0
2026-08-13 10:40:32,2026-08-13 10:25,3648.0,3606.0,1.16,14580200,3679.0,3638.0,3813.0,2192.0
2026-08-13 10:45:32,2026-08-13 10:30,3642.0,3606.0,1.0,14851200,3679.0,3638.0,3813.0,2192.0
2026-08-13 10:50:31,2026-08-13 10:35,3635.0,3606.0,0.8,15264500,3679.0,3634.0,3813.0,2192.0
2026-08-13 10:55:41,2026-08-13 10:40,3637.0,3606.0,0.86,15480600,3679.0,3634.0,3813.0,2192.0
2026-08-13 11:00:35,2026-08-13 10:45,3631.0,3606.0,0.69,15756900,3679.0,3629.0,3813.0,2192.0
2026-08-13 11:05:35,2026-08-13 10:50,3631.0,3606.0,0.69,16020700,3679.0,3627.0,3813.0,2192.0
2026-08-13 11:10:34,2026-08-13 10:55,3641.0,3606.0,0.97,16215600,3679.0,3627.0,3813.0,2192.0
2026-08-13 11:15:46,2026-08-13 11:00,3636.0,3606.0,0.83,16384200,3679.0,3627.0,3813.0,2192.0
2026-08-13 11:20:34,2026-08-13 11:05,3644.0,3606.0,1.05,16490900,3679.0,3627.0,3813.0,2192.0
2026-08-13 11:25:32,2026-08-13 11:10,3641.0,3606.0,0.97,16679300,3679.0,3627.0,3813.0,2192.0
2026-08-13 11:30:35,2026-08-13 11:15,3642.0,3606.0,1.0,16811600,3679.0,3627.0,3813.0,2192.0
2026-08-13 12:30:37,2026-08-13 11:30,3631.0,3606.0,0.69,17507900,3679.0,3627.0,3813.0,2192.0
2026-08-13 12:35:37,2026-08-13 11:30,3631.0,3606.0,0.69,17507900,3679.0,3627.0,3813.0,2192.0
2026-08-13 12:40:36,2026-08-13 11:30,3631.0,3606.0,0.69,17507900,3679.0,3627.0,3813.0,2192.0
2026-08-13 12:45:47,2026-08-13 12:30,3641.0,3606.0,0.97,18080200,3679.0,3627.0,3813.0,2192.0
2026-08-13 12:50:31,2026-08-13 12:35,3647.0,3606.0,1.14,18679200,3679.0,3627.0,3813.0,2192.0
2026-08-13 12:55:39,2026-08-13 12:40,3650.0,3606.0,1.22,18930800,3679.0,3627.0,3813.0,2192.0
2026-08-13 13:00:41,2026-08-13 12:45,3652.0,3606.0,1.28,19339200,3679.0,3627.0,3813.0,2192.0
2026-08-13 13:05:35,2026-08-13 12:50,3659.0,3606.0,1.47,19596900,3679.0,3627.0,3813.0,2192.0
2026-08-13 13:10:45,2026-08-13 12:55,3659.0,3606.0,1.47,19814100,3679.0,3627.0,3813.0,2192.0
2026-08-13 13:15:38,2026-08-13 13:00,3652.0,3606.0,1.28,20095100,3679.0,3627.0,3813.0,2192.0
2026-08-13 13:20:39,2026-08-13 13:05,3655.0,3606.0,1.36,20363000,3679.0,3627.0,3813.0,2192.0
2026-08-13 13:26:02,2026-08-13 13:11,3660.0,3606.0,1.5,20805600,3679.0,3627.0,3813.0,2192.0
2026-08-13 13:30:35,2026-08-13 13:15,3664.0,3606.0,1.61,21209900,3679.0,3627.0,3813.0,2192.0
2026-08-13 13:35:33,2026-08-13 13:20,3669.0,3606.0,1.75,21676800,3679.0,3627.0,3813.0,2192.0
2026-08-13 13:40:40,2026-08-13 13:25,3667.0,3606.0,1.69,21934200,3679.0,3627.0,3813.0,2192.0
2026-08-13 13:45:39,2026-08-13 13:30,3668.0,3606.0,1.72,22138100,3679.0,3627.0,3813.0,2192.0
2026-08-13 13:51:04,2026-08-13 13:36,3663.0,3606.0,1.58,22307700,3679.0,3627.0,3813.0,2192.0
2026-08-13 13:55:36,2026-08-13 13:40,3661.0,3606.0,1.53,22430700,3679.0,3627.0,3813.0,2192.0
2026-08-13 14:00:38,2026-08-13 13:45,3670.0,3606.0,1.77,24646700,3680.0,3627.0,3813.0,2192.0
2026-08-13 14:05:48,2026-08-13 13:50,3690.0,3606.0,2.33,27123300,3696.0,3627.0,3813.0,2192.0
2026-08-13 14:10:36,2026-08-13 13:55,3688.0,3606.0,2.27,27973100,3697.0,3627.0,3813.0,2192.0
2026-08-13 14:15:43,2026-08-13 14:00,3687.0,3606.0,2.25,28448900,3697.0,3627.0,3813.0,2192.0
2026-08-13 14:20:43,2026-08-13 14:05,3695.0,3606.0,2.47,28942100,3697.0,3627.0,3813.0,2192.0
2026-08-13 14:25:34,2026-08-13 14:08,3695.0,3606.0,2.47,29172000,3697.0,3627.0,3813.0,2192.0
2026-08-13 14:30:37,2026-08-13 14:15,3706.0,3606.0,2.77,30927800,3706.0,3627.0,3813.0,2192.0
2026-08-13 14:35:34,2026-08-13 14:20,3707.0,3606.0,2.8,31547800,3709.0,3627.0,3813.0,2192.0
2026-08-13 14:40:41,2026-08-13 14:25,3699.0,3606.0,2.58,32060000,3709.0,3627.0,3813.0,2192.0
2026-08-13 14:45:40,2026-08-13 14:30,3705.0,3606.0,2.75,32307700,3709.0,3627.0,3813.0,2192.0
2026-08-13 14:50:37,2026-08-13 14:35,3699.0,3606.0,2.58,32651500,3709.0,3627.0,3813.0,2192.0
2026-08-13 14:55:58,2026-08-13 14:40,3697.0,3606.0,2.52,32942000,3709.0,3627.0,3813.0,2192.0
2026-08-13 15:01:01,2026-08-13 14:46,3698.0,3606.0,2.55,33225900,3709.0,3627.0,3813.0,2192.0
2026-08-13 15:05:35,2026-08-13 14:50,3696.0,3606.0,2.5,33496400,3709.0,3627.0,3813.0,2192.0
2026-08-13 15:10:34,2026-08-13 14:55,3699.0,3606.0,2.58,33812700,3709.0,3627.0,3813.0,2192.0
2026-08-13 15:16:00,2026-08-13 15:00,3701.0,3606.0,2.63,34316900,3709.0,3627.0,3813.0,2192.0
2026-08-13 15:20:37,2026-08-13 15:05,3704.0,3606.0,2.72,34683300,3709.0,3627.0,3813.0,2192.0
2026-08-13 15:25:51,2026-08-13 15:10,3703.0,3606.0,2.69,34921100,3709.0,3627.0,3813.0,2192.0
2026-08-13 15:30:35,2026-08-13 15:15,3704.0,3606.0,2.72,35284300,3709.0,3627.0,3813.0,2192.0
2026-08-13 15:40:37,2026-08-13 15:24,3707.0,3606.0,2.8,36270500,3709.0,3627.0,3813.0,2192.0
2026-08-14 09:05:34,2026-08-13 15:30,3709.0,3606.0,2.86,40630500,3709.0,3627.0,3813.0,2192.0
2026-08-14 09:11:28,2026-08-13 15:30,3709.0,3606.0,2.86,40630500,3709.0,3627.0,3813.0,2192.0
2026-08-14 09:15:41,2026-08-14 09:00,3709.0,3606.0,2.86,44072300,3680.0,3658.0,3813.0,2192.0
2026-08-14 09:20:29,2026-08-14 09:05,3700.0,3709.0,-0.24,5654100,3704.0,3658.0,3813.0,2192.0
2026-08-14 09:25:31,2026-08-14 09:10,3692.0,3709.0,-0.46,7278900,3704.0,3658.0,3813.0,2192.0
2026-08-14 09:30:50,2026-08-14 09:15,3675.0,3709.0,-0.92,8551800,3704.0,3658.0,3813.0,2192.0
2026-08-14 09:35:31,2026-08-14 09:20,3691.0,3709.0,-0.49,9697400,3704.0,3658.0,3813.0,2192.0
2026-08-14 09:40:37,2026-08-14 09:25,3697.0,3709.0,-0.32,11072900,3707.0,3658.0,3813.0,2192.0
2026-08-14 09:45:39,2026-08-14 09:30,3702.0,3709.0,-0.19,11778300,3707.0,3658.0,3813.0,2192.0
2026-08-14 09:50:34,2026-08-14 09:35,3702.0,3709.0,-0.19,12674900,3707.0,3658.0,3813.0,2192.0
2026-08-14 09:55:30,2026-08-14 09:40,3704.0,3709.0,-0.13,13140400,3707.0,3658.0,3813.0,2192.0
2026-08-14 10:00:31,2026-08-14 09:45,3692.0,3709.0,-0.46,13967900,3707.0,3658.0,3813.0,2192.0
2026-08-14 10:05:46,2026-08-14 09:50,3697.0,3709.0,-0.32,14411200,3707.0,3658.0,3813.0,2192.0
2026-08-14 10:10:49,2026-08-14 09:55,3704.0,3709.0,-0.13,15119900,3707.0,3658.0,3813.0,2192.0
2026-08-14 10:15:48,2026-08-14 10:00,3713.0,3709.0,0.11,16101800,3714.0,3658.0,3813.0,2192.0
2026-08-14 10:20:31,2026-08-14 10:05,3710.0,3709.0,0.03,16804000,3715.0,3658.0,3813.0,2192.0
2026-08-14 10:25:35,2026-08-14 10:10,3716.0,3709.0,0.19,17379300,3719.0,3658.0,3813.0,2192.0
2026-08-14 10:30:35,2026-08-14 10:15,3718.0,3709.0,0.24,18150900,3719.0,3658.0,3813.0,2192.0
2026-08-14 10:35:39,2026-08-14 10:18,3718.0,3709.0,0.24,18464800,3720.0,3658.0,3813.0,2192.0
2026-08-14 10:40:35,2026-08-14 10:25,3724.0,3709.0,0.4,19770400,3735.0,3658.0,3813.0,2192.0
2026-08-14 10:45:41,2026-08-14 10:30,3722.0,3709.0,0.35,20373100,3735.0,3658.0,3813.0,2192.0
2026-08-14 10:50:39,2026-08-14 10:35,3721.0,3709.0,0.32,20766300,3735.0,3658.0,3813.0,2192.0
2026-08-14 10:55:42,2026-08-14 10:40,3718.0,3709.0,0.24,21156600,3735.0,3658.0,3813.0,2192.0
2026-08-14 11:00:35,2026-08-14 10:45,3715.0,3709.0,0.16,21430600,3735.0,3658.0,3813.0,2192.0
2026-08-14 11:05:43,2026-08-14 10:50,3714.0,3709.0,0.13,21817900,3735.0,3658.0,3813.0,2192.0
2026-08-14 11:10:30,2026-08-14 10:55,3716.0,3709.0,0.19,22049100,3735.0,3658.0,3813.0,2192.0
2026-08-14 11:15:33,2026-08-14 11:00,3714.0,3709.0,0.13,22267800,3735.0,3658.0,3813.0,2192.0
2026-08-14 11:20:32,2026-08-14 11:05,3715.0,3709.0,0.16,22508400,3735.0,3658.0,3813.0,2192.0
2026-08-14 11:25:37,2026-08-14 11:10,3706.0,3709.0,-0.08,22954000,3735.0,3658.0,3813.0,2192.0
2026-08-14 11:30:44,2026-08-14 11:15,3710.0,3709.0,0.03,23111000,3735.0,3658.0,3813.0,2192.0
2026-08-14 12:30:33,2026-08-14 11:30,3704.0,3709.0,-0.13,23649600,3735.0,3658.0,3813.0,2192.0
2026-08-14 12:35:35,2026-08-14 11:30,3704.0,3709.0,-0.13,23649600,3735.0,3658.0,3813.0,2192.0
2026-08-14 12:40:35,2026-08-14 11:30,3704.0,3709.0,-0.13,23649600,3735.0,3658.0,3813.0,2192.0
2026-08-14 12:45:39,2026-08-14 11:30,3704.0,3709.0,-0.13,23649600,3735.0,3658.0,3813.0,2192.0
2026-08-14 12:50:31,2026-08-14 12:35,3709.0,3709.0,0.0,24811000,3735.0,3658.0,3813.0,2192.0
2026-08-14 12:55:35,2026-08-14 12:40,3712.0,3709.0,0.08,25342500,3735.0,3658.0,3813.0,2192.0
2026-08-14 13:00:38,2026-08-14 12:45,3708.0,3709.0,-0.03,25761400,3735.0,3658.0,3813.0,2192.0
2026-08-14 13:05:36,2026-08-14 12:50,3701.0,3709.0,-0.22,26141600,3735.0,3658.0,3813.0,2192.0
2026-08-14 13:10:32,2026-08-14 12:55,3701.0,3709.0,-0.22,26313900,3735.0,3658.0,3813.0,2192.0
2026-08-14 13:15:36,2026-08-14 13:00,3695.0,3709.0,-0.38,26760200,3735.0,3658.0,3813.0,2192.0
2026-08-14 13:20:35,2026-08-14 13:05,3697.0,3709.0,-0.32,27041300,3735.0,3658.0,3813.0,2192.0
2026-08-14 13:25:35,2026-08-14 13:10,3694.0,3709.0,-0.4,27335500,3735.0,3658.0,3813.0,2192.0
2026-08-14 13:30:32,2026-08-14 13:15,3691.0,3709.0,-0.49,27578800,3735.0,3658.0,3813.0,2192.0
2026-08-14 13:35:37,2026-08-14 13:20,3693.0,3709.0,-0.43,27731600,3735.0,3658.0,3813.0,2192.0
2026-08-14 13:40:41,2026-08-14 13:25,3685.0,3709.0,-0.65,28228400,3735.0,3658.0,3813.0,2192.0
2026-08-14 13:45:41,2026-08-14 13:30,3693.0,3709.0,-0.43,28532700,3735.0,3658.0,3813.0,2192.0
2026-08-14 13:50:39,2026-08-14 13:35,3688.0,3709.0,-0.57,28720600,3735.0,3658.0,3813.0,2192.0
2026-08-14 13:55:39,2026-08-14 13:40,3684.0,3709.0,-0.67,28995400,3735.0,3658.0,3813.0,2192.0
2026-08-14 14:00:39,2026-08-14 13:45,3683.0,3709.0,-0.7,29196300,3735.0,3658.0,3813.0,2192.0
2026-08-14 14:05:42,2026-08-14 13:50,3674.0,3709.0,-0.94,29738800,3735.0,3658.0,3813.0,2192.0
2026-08-14 14:10:34,2026-08-14 13:55,3676.0,3709.0,-0.89,29908000,3735.0,3658.0,3813.0,2192.0
2026-08-14 14:15:49,2026-08-14 14:00,3679.0,3709.0,-0.81,30082600,3735.0,3658.0,3813.0,2192.0
2026-08-14 14:20:39,2026-08-14 14:05,3677.0,3709.0,-0.86,30284200,3735.0,3658.0,3813.0,2192.0
2026-08-14 14:25:58,2026-08-14 14:10,3674.0,3709.0,-0.94,30492800,3735.0,3658.0,3813.0,2192.0
2026-08-14 14:30:35,2026-08-14 14:15,3674.0,3709.0,-0.94,30590100,3735.0,3658.0,3813.0,2192.0
2026-08-14 14:35:32,2026-08-14 14:20,3674.0,3709.0,-0.94,30700600,3735.0,3658.0,3813.0,2192.0
2026-08-14 14:40:40,2026-08-14 14:25,3677.0,3709.0,-0.86,30898200,3735.0,3658.0,3813.0,2192.0
2026-08-14 14:45:54,2026-08-14 14:30,3677.0,3709.0,-0.86,31063700,3735.0,3658.0,3813.0,2192.0
2026-08-14 14:50:40,2026-08-14 14:35,3677.0,3709.0,-0.86,31182100,3735.0,3658.0,3813.0,2192.0
2026-08-14 14:55:46,2026-08-14 14:40,3684.0,3709.0,-0.67,31880400,3735.0,3658.0,3813.0,2192.0
2026-08-14 15:00:39,2026-08-14 14:45,3672.0,3709.0,-1.0,32940300,3735.0,3658.0,3813.0,2192.0
2026-08-14 15:05:45,2026-08-14 14:50,3678.0,3709.0,-0.84,33158500,3735.0,3658.0,3813.0,2192.0
2026-08-14 15:10:39,2026-08-14 14:55,3677.0,3709.0,-0.86,33452500,3735.0,3658.0,3813.0,2192.0
2026-08-14 15:15:36,2026-08-14 15:00,3681.0,3709.0,-0.75,33679100,3735.0,3658.0,3813.0,2192.0
2026-08-14 15:20:50,2026-08-14 15:05,3675.0,3709.0,-0.92,33942700,3735.0,3658.0,3813.0,2192.0
2026-08-14 15:25:31,2026-08-14 15:10,3678.0,3709.0,-0.84,34208900,3735.0,3658.0,3813.0,2192.0
2026-08-14 15:30:38,2026-08-14 15:15,3681.0,3709.0,-0.75,34429600,3735.0,3658.0,3813.0,2192.0
2026-08-14 15:40:33,2026-08-14 15:24,3683.0,3709.0,-0.7,34927800,3735.0,3658.0,3813.0,2192.0
2026-08-17 09:05:35,2026-08-14 15:30,3686.0,3709.0,-0.62,40725500,3735.0,3658.0,3813.0,2192.0
2026-08-17 09:10:34,2026-08-14 15:30,3686.0,3709.0,-0.62,40725500,3735.0,3658.0,3813.0,2192.0
2026-08-17 09:15:31,2026-08-17 09:00,3712.0,3709.0,0.08,42620900,3718.0,3703.0,3813.0,2192.0
2026-08-17 09:20:35,2026-08-17 09:05,3695.0,3686.0,0.24,4499400,3742.0,3694.0,3813.0,2192.0
2026-08-17 09:25:40,2026-08-17 09:10,3696.0,3686.0,0.27,5739500,3742.0,3684.0,3813.0,2192.0
2026-08-17 09:30:55,2026-08-17 09:15,3675.0,3686.0,-0.3,6849900,3742.0,3673.0,3813.0,2192.0
2026-08-17 09:35:40,2026-08-17 09:20,3678.0,3686.0,-0.22,7502500,3742.0,3672.0,3813.0,2192.0
2026-08-17 09:40:39,2026-08-17 09:25,3680.0,3686.0,-0.16,7933300,3742.0,3672.0,3813.0,2192.0
2026-08-17 09:45:35,2026-08-17 09:30,3681.0,3686.0,-0.14,8627600,3742.0,3672.0,3813.0,2192.0
2026-08-17 09:50:31,2026-08-17 09:35,3672.0,3686.0,-0.38,9313800,3742.0,3670.0,3813.0,2192.0
2026-08-17 09:55:30,2026-08-17 09:40,3666.0,3686.0,-0.54,9950800,3742.0,3666.0,3813.0,2192.0
2026-08-17 10:00:46,2026-08-17 09:45,3672.0,3686.0,-0.38,10292100,3742.0,3666.0,3813.0,2192.0
2026-08-17 10:05:43,2026-08-17 09:50,3678.0,3686.0,-0.22,10553500,3742.0,3666.0,3813.0,2192.0
2026-08-17 10:10:40,2026-08-17 09:55,3674.0,3686.0,-0.33,10755900,3742.0,3666.0,3813.0,2192.0
2026-08-17 10:15:31,2026-08-17 10:00,3674.0,3686.0,-0.33,10904700,3742.0,3666.0,3813.0,2192.0
2026-08-17 10:20:39,2026-08-17 10:05,3678.0,3686.0,-0.22,11155000,3742.0,3666.0,3813.0,2192.0
2026-08-17 10:25:35,2026-08-17 10:10,3670.0,3686.0,-0.43,11490100,3742.0,3666.0,3813.0,2192.0
2026-08-17 10:30:32,2026-08-17 10:15,3673.0,3686.0,-0.35,11704500,3742.0,3666.0,3813.0,2192.0
2026-08-17 10:35:32,2026-08-17 10:20,3673.0,3686.0,-0.35,11921900,3742.0,3666.0,3813.0,2192.0
2026-08-17 10:40:35,2026-08-17 10:25,3675.0,3686.0,-0.3,12094600,3742.0,3666.0,3813.0,2192.0
2026-08-17 10:45:35,2026-08-17 10:30,3680.0,3686.0,-0.16,12376700,3742.0,3666.0,3813.0,2192.0
2026-08-17 10:50:39,2026-08-17 10:35,3672.0,3686.0,-0.38,12644800,3742.0,3666.0,3813.0,2192.0
2026-08-17 10:55:43,2026-08-17 10:40,3678.0,3686.0,-0.22,12817100,3742.0,3666.0,3813.0,2192.0
2026-08-17 11:00:31,2026-08-17 10:45,3675.0,3686.0,-0.3,12968600,3742.0,3666.0,3813.0,2192.0
2026-08-17 11:05:42,2026-08-17 10:50,3675.0,3686.0,-0.3,13108200,3742.0,3666.0,3813.0,2192.0
2026-08-17 11:10:34,2026-08-17 10:55,3675.0,3686.0,-0.3,13246200,3742.0,3666.0,3813.0,2192.0
2026-08-17 11:15:37,2026-08-17 11:00,3671.0,3686.0,-0.41,13440700,3742.0,3666.0,3813.0,2192.0
2026-08-17 11:20:38,2026-08-17 11:05,3673.0,3686.0,-0.35,13665000,3742.0,3666.0,3813.0,2192.0
2026-08-17 11:25:42,2026-08-17 11:10,3669.0,3686.0,-0.46,14125100,3742.0,3666.0,3813.0,2192.0
2026-08-17 11:30:36,2026-08-17 11:15,3665.0,3686.0,-0.57,14524300,3742.0,3664.0,3813.0,2192.0
2026-08-17 12:30:34,2026-08-17 11:30,3665.0,3686.0,-0.57,15040600,3742.0,3662.0,3813.0,2192.0
2026-08-17 12:35:34,2026-08-17 11:30,3665.0,3686.0,-0.57,15040600,3742.0,3662.0,3813.0,2192.0
2026-08-17 12:40:37,2026-08-17 11:30,3665.0,3686.0,-0.57,15040600,3742.0,3662.0,3813.0,2192.0
2026-08-17 12:45:33,2026-08-17 11:30,3665.0,3686.0,-0.57,15040600,3742.0,3662.0,3813.0,2192.0
2026-08-17 12:50:43,2026-08-17 12:35,3659.0,3686.0,-0.73,16129500,3742.0,3654.0,3813.0,2192.0
2026-08-17 12:55:32,2026-08-17 12:40,3656.0,3686.0,-0.81,16420800,3742.0,3654.0,3813.0,2192.0
2026-08-17 13:00:44,2026-08-17 12:45,3660.0,3686.0,-0.71,16845800,3742.0,3654.0,3813.0,2192.0
2026-08-17 13:05:40,2026-08-17 12:50,3654.0,3686.0,-0.87,17103800,3742.0,3653.0,3813.0,2192.0
2026-08-17 13:10:36,2026-08-17 12:55,3654.0,3686.0,-0.87,17304200,3742.0,3652.0,3813.0,2192.0
2026-08-17 13:15:43,2026-08-17 13:00,3653.0,3686.0,-0.9,17554100,3742.0,3651.0,3813.0,2192.0
2026-08-17 13:20:43,2026-08-17 13:05,3652.0,3686.0,-0.92,17849900,3742.0,3651.0,3813.0,2192.0
2026-08-17 13:25:42,2026-08-17 13:10,3652.0,3686.0,-0.92,18093300,3742.0,3650.0,3813.0,2192.0
2026-08-17 13:30:35,2026-08-17 13:15,3653.0,3686.0,-0.9,18251200,3742.0,3650.0,3813.0,2192.0
2026-08-17 13:35:33,2026-08-17 13:20,3654.0,3686.0,-0.87,18426400,3742.0,3650.0,3813.0,2192.0
2026-08-17 13:40:35,2026-08-17 13:25,3659.0,3686.0,-0.73,18583900,3742.0,3650.0,3813.0,2192.0
2026-08-17 13:45:33,2026-08-17 13:30,3659.0,3686.0,-0.73,18756100,3742.0,3650.0,3813.0,2192.0
2026-08-17 13:50:37,2026-08-17 13:35,3662.0,3686.0,-0.65,18936300,3742.0,3650.0,3813.0,2192.0
2026-08-17 13:55:30,2026-08-17 13:40,3658.0,3686.0,-0.76,19100400,3742.0,3650.0,3813.0,2192.0
2026-08-17 14:00:46,2026-08-17 13:45,3654.0,3686.0,-0.87,19358600,3742.0,3650.0,3813.0,2192.0
2026-08-17 14:05:42,2026-08-17 13:50,3651.0,3686.0,-0.95,19576400,3742.0,3650.0,3813.0,2192.0
2026-08-17 14:10:35,2026-08-17 13:55,3652.0,3686.0,-0.92,19687800,3742.0,3650.0,3813.0,2192.0
2026-08-17 14:15:38,2026-08-17 14:00,3653.0,3686.0,-0.9,20189200,3742.0,3650.0,3813.0,2192.0
2026-08-17 14:20:39,2026-08-17 14:05,3653.0,3686.0,-0.9,20387300,3742.0,3650.0,3813.0,2192.0
2026-08-17 14:25:46,2026-08-17 14:10,3653.0,3686.0,-0.9,20547400,3742.0,3650.0,3813.0,2192.0
2026-08-17 14:30:37,2026-08-17 14:15,3651.0,3686.0,-0.95,20790100,3742.0,3650.0,3813.0,2192.0
2026-08-17 14:35:31,2026-08-17 14:20,3653.0,3686.0,-0.9,20916600,3742.0,3650.0,3813.0,2192.0
2026-08-17 14:40:34,2026-08-17 14:25,3654.0,3686.0,-0.87,21045500,3742.0,3650.0,3813.0,2192.0
2026-08-17 14:45:33,2026-08-17 14:30,3653.0,3686.0,-0.9,21311200,3742.0,3650.0,3813.0,2192.0
2026-08-17 14:50:33,2026-08-17 14:35,3653.0,3686.0,-0.9,21448700,3742.0,3650.0,3813.0,2192.0
2026-08-17 14:55:33,2026-08-17 14:40,3652.0,3686.0,-0.92,21775700,3742.0,3650.0,3813.0,2192.0
2026-08-17 15:00:35,2026-08-17 14:45,3654.0,3686.0,-0.87,21931700,3742.0,3650.0,3813.0,2192.0
2026-08-17 15:05:33,2026-08-17 14:50,3656.0,3686.0,-0.81,22168000,3742.0,3650.0,3813.0,2192.0
2026-08-17 15:10:33,2026-08-17 14:55,3663.0,3686.0,-0.62,22633200,3742.0,3650.0,3813.0,2192.0
2026-08-17 15:15:34,2026-08-17 15:00,3662.0,3686.0,-0.65,22900000,3742.0,3650.0,3813.0,2192.0
2026-08-17 15:20:33,2026-08-17 15:05,3661.0,3686.0,-0.68,23206300,3742.0,3650.0,3813.0,2192.0
2026-08-17 15:25:41,2026-08-17 15:10,3658.0,3686.0,-0.76,23488200,3742.0,3650.0,3813.0,2192.0
2026-08-17 15:30:33,2026-08-17 15:15,3654.0,3686.0,-0.87,23845800,3742.0,3650.0,3813.0,2192.0
2026-08-17 15:40:42,2026-08-17 15:24,3655.0,3686.0,-0.84,24707400,3742.0,3650.0,3813.0,2192.0
2026-08-18 09:05:38,2026-08-17 15:30,3649.0,3686.0,-1.0,28917900,3742.0,3649.0,3813.0,2192.0
2026-08-18 09:11:31,2026-08-17 15:30,3649.0,3686.0,-1.0,28917900,3742.0,3649.0,3813.0,2192.0
2026-08-18 09:15:36,2026-08-18 09:00,3649.0,3686.0,-1.0,30387600,3661.0,3637.0,3813.0,2192.0
2026-08-18 09:20:36,2026-08-18 09:05,3672.0,3649.0,0.63,2841700,3677.0,3637.0,3813.0,2192.0
2026-08-18 09:25:44,2026-08-18 09:10,3665.0,3649.0,0.44,4064200,3681.0,3637.0,3813.0,2192.0
2026-08-18 09:46:04,2026-08-18 09:31,3681.0,3649.0,0.88,6752400,3690.0,3637.0,3813.0,2192.0
2026-08-18 09:52:20,2026-08-18 09:37,3699.0,3649.0,1.37,8345900,3701.0,3637.0,3813.0,2192.0
2026-08-18 09:55:34,2026-08-18 09:40,3701.0,3649.0,1.43,8893100,3703.0,3637.0,3813.0,2192.0
2026-08-18 10:00:37,2026-08-18 09:45,3699.0,3649.0,1.37,9361300,3703.0,3637.0,3813.0,2192.0
2026-08-18 10:05:36,2026-08-18 09:50,3684.0,3649.0,0.96,9904400,3703.0,3637.0,3813.0,2192.0
2026-08-18 10:10:53,2026-08-18 09:55,3676.0,3649.0,0.74,10414500,3703.0,3637.0,3813.0,2192.0
2026-08-18 10:15:37,2026-08-18 10:00,3681.0,3649.0,0.88,10596100,3703.0,3637.0,3813.0,2192.0
2026-08-18 10:31:41,2026-08-18 10:16,3708.0,3649.0,1.62,12425100,3709.0,3637.0,3813.0,2192.0
2026-08-18 10:33:36,2026-08-18 10:18,3707.0,3649.0,1.59,12522300,3709.0,3637.0,3813.0,2192.0
2026-08-18 10:41:00,2026-08-18 10:25,3699.0,3649.0,1.37,13057300,3709.0,3637.0,3813.0,2192.0
2026-08-18 10:41:40,2026-08-18 10:26,3702.0,3649.0,1.45,13118500,3709.0,3637.0,3813.0,2192.0
2026-08-18 10:45:41,2026-08-18 10:30,3694.0,3649.0,1.23,13501800,3709.0,3637.0,3813.0,2192.0
2026-08-18 11:21:15,2026-08-18 11:06,3698.0,3649.0,1.34,15535000,3709.0,3637.0,3813.0,2192.0
2026-08-18 11:25:37,2026-08-18 11:10,3703.0,3649.0,1.48,15741600,3709.0,3637.0,3813.0,2192.0
2026-08-18 12:42:00,2026-08-18 11:30,3689.0,3649.0,1.1,16722800,3709.0,3637.0,3813.0,2192.0
2026-08-18 12:47:11,2026-08-18 12:32,3670.0,3649.0,0.58,18013100,3709.0,3637.0,3813.0,2192.0
2026-08-18 12:50:43,2026-08-18 12:35,3678.0,3649.0,0.79,18512800,3709.0,3637.0,3813.0,2192.0
2026-08-18 12:55:53,2026-08-18 12:40,3672.0,3649.0,0.63,18910200,3709.0,3637.0,3813.0,2192.0
2026-08-18 13:02:56,2026-08-18 12:47,3678.0,3649.0,0.79,19186700,3709.0,3637.0,3813.0,2192.0
2026-08-18 13:05:41,2026-08-18 12:50,3680.0,3649.0,0.85,19311300,3709.0,3637.0,3813.0,2192.0
2026-08-18 13:10:58,2026-08-18 12:55,3678.0,3649.0,0.79,19661400,3709.0,3637.0,3813.0,2192.0
2026-08-18 13:16:26,2026-08-18 13:01,3683.0,3649.0,0.93,19914500,3709.0,3637.0,3813.0,2192.0
2026-08-18 13:22:09,2026-08-18 13:07,3682.0,3649.0,0.9,20200700,3709.0,3637.0,3813.0,2192.0
2026-08-18 13:25:55,2026-08-18 13:10,3682.0,3649.0,0.9,20335900,3709.0,3637.0,3813.0,2192.0
2026-08-18 13:30:43,2026-08-18 13:15,3682.0,3649.0,0.9,20593300,3709.0,3637.0,3813.0,2192.0
2026-08-18 13:35:32,2026-08-18 13:20,3678.0,3649.0,0.79,20839600,3709.0,3637.0,3813.0,2192.0
2026-08-18 13:40:37,2026-08-18 13:25,3672.0,3649.0,0.63,21430000,3709.0,3637.0,3813.0,2192.0
2026-08-18 13:45:36,2026-08-18 13:30,3677.0,3649.0,0.77,21628700,3709.0,3637.0,3813.0,2192.0
2026-08-18 13:50:35,2026-08-18 13:35,3676.0,3649.0,0.74,21747700,3709.0,3637.0,3813.0,2192.0
2026-08-18 13:55:36,2026-08-18 13:40,3675.0,3649.0,0.71,21864200,3709.0,3637.0,3813.0,2192.0
2026-08-18 14:00:40,2026-08-18 13:45,3672.0,3649.0,0.63,21999600,3709.0,3637.0,3813.0,2192.0
2026-08-18 14:05:37,2026-08-18 13:50,3671.0,3649.0,0.6,22320500,3709.0,3637.0,3813.0,2192.0
2026-08-18 14:10:42,2026-08-18 13:55,3671.0,3649.0,0.6,22462200,3709.0,3637.0,3813.0,2192.0
2026-08-18 14:15:36,2026-08-18 14:00,3670.0,3649.0,0.58,22543700,3709.0,3637.0,3813.0,2192.0
2026-08-18 14:20:35,2026-08-18 14:05,3668.0,3649.0,0.52,22742100,3709.0,3637.0,3813.0,2192.0
2026-08-18 14:26:06,2026-08-18 14:11,3672.0,3649.0,0.63,22881900,3709.0,3637.0,3813.0,2192.0
2026-08-18 14:30:40,2026-08-18 14:15,3671.0,3649.0,0.6,23003300,3709.0,3637.0,3813.0,2192.0
2026-08-18 14:35:29,2026-08-18 14:20,3675.0,3649.0,0.71,23219800,3709.0,3637.0,3813.0,2192.0
2026-08-18 14:42:14,2026-08-18 14:27,3672.0,3649.0,0.63,23355500,3709.0,3637.0,3813.0,2192.0
2026-08-18 14:45:38,2026-08-18 14:30,3669.0,3649.0,0.55,23450100,3709.0,3637.0,3813.0,2192.0
2026-08-18 14:51:08,2026-08-18 14:36,3668.0,3649.0,0.52,23672300,3709.0,3637.0,3813.0,2192.0
2026-08-18 14:55:38,2026-08-18 14:40,3663.0,3649.0,0.38,23901900,3709.0,3637.0,3813.0,2192.0
2026-08-18 15:00:39,2026-08-18 14:45,3663.0,3649.0,0.38,24085300,3709.0,3637.0,3813.0,2192.0
2026-08-18 15:08:15,2026-08-18 14:53,3665.0,3649.0,0.44,24298600,3709.0,3637.0,3813.0,2192.0
2026-08-18 15:10:41,2026-08-18 14:55,3664.0,3649.0,0.41,24330700,3709.0,3637.0,3813.0,2192.0
2026-08-18 15:15:40,2026-08-18 15:00,3663.0,3649.0,0.38,24550200,3709.0,3637.0,3813.0,2192.0
2026-08-18 15:20:33,2026-08-18 15:05,3651.0,3649.0,0.05,25187900,3709.0,3637.0,3813.0,2192.0
2026-08-18 15:25:54,2026-08-18 15:10,3653.0,3649.0,0.11,25637100,3709.0,3637.0,3813.0,2192.0
2026-08-18 15:30:36,2026-08-18 15:15,3656.0,3649.0,0.19,25869000,3709.0,3637.0,3813.0,2192.0
2026-08-18 15:40:39,2026-08-18 15:24,3660.0,3649.0,0.3,26310900,3709.0,3637.0,3813.0,2192.0
2026-08-19 09:05:36,2026-08-18 15:30,3654.0,3649.0,0.14,29977100,3709.0,3637.0,3813.0,2192.0
2026-08-19 09:10:42,2026-08-18 15:30,3654.0,3649.0,0.14,29977100,3709.0,3637.0,3813.0,2192.0
2026-08-19 09:15:36,2026-08-19 09:00,3654.0,3649.0,0.14,32899500,3603.0,3568.0,3813.0,2192.0
2026-08-19 09:20:31,2026-08-19 09:01,3654.0,3649.0,0.14,33734800,3603.0,3554.0,3813.0,2192.0
2026-08-19 09:26:03,2026-08-19 09:11,3521.0,3654.0,-3.64,9308400,3603.0,3521.0,3813.0,2192.0
2026-08-19 09:30:39,2026-08-19 09:15,3515.0,3654.0,-3.8,10966000,3603.0,3515.0,3813.0,2192.0
2026-08-19 09:35:39,2026-08-19 09:20,3517.0,3654.0,-3.75,12723800,3603.0,3508.0,3813.0,2192.0
2026-08-19 09:40:31,2026-08-19 09:25,3515.0,3654.0,-3.8,13871800,3603.0,3508.0,3813.0,2192.0
2026-08-19 09:45:35,2026-08-19 09:30,3528.0,3654.0,-3.45,15023900,3603.0,3508.0,3813.0,2192.0
2026-08-19 09:50:45,2026-08-19 09:35,3541.0,3654.0,-3.09,15852700,3603.0,3508.0,3813.0,2192.0
2026-08-19 09:56:26,2026-08-19 09:41,3543.0,3654.0,-3.04,16997500,3603.0,3508.0,3813.0,2192.0
2026-08-19 10:00:44,2026-08-19 09:45,3551.0,3654.0,-2.82,17616300,3603.0,3508.0,3813.0,2192.0
2026-08-19 10:05:44,2026-08-19 09:50,3544.0,3654.0,-3.01,18589100,3603.0,3508.0,3813.0,2192.0
2026-08-19 10:11:02,2026-08-19 09:56,3548.0,3654.0,-2.9,19132100,3603.0,3508.0,3813.0,2192.0
2026-08-19 10:15:30,2026-08-19 10:00,3545.0,3654.0,-2.98,19425300,3603.0,3508.0,3813.0,2192.0
2026-08-19 10:20:35,2026-08-19 10:05,3548.0,3654.0,-2.9,19799600,3603.0,3508.0,3813.0,2192.0
2026-08-19 10:25:37,2026-08-19 10:10,3544.0,3654.0,-3.01,20420200,3603.0,3508.0,3813.0,2192.0
2026-08-19 10:30:44,2026-08-19 10:15,3538.0,3654.0,-3.17,21156200,3603.0,3508.0,3813.0,2192.0
2026-08-19 10:35:38,2026-08-19 10:20,3530.0,3654.0,-3.39,21738500,3603.0,3508.0,3813.0,2192.0
2026-08-19 10:40:43,2026-08-19 10:25,3528.0,3654.0,-3.45,22220200,3603.0,3508.0,3813.0,2192.0
2026-08-19 10:45:35,2026-08-19 10:30,3533.0,3654.0,-3.31,22549700,3603.0,3508.0,3813.0,2192.0
2026-08-19 10:50:41,2026-08-19 10:35,3527.0,3654.0,-3.48,23092500,3603.0,3508.0,3813.0,2192.0
2026-08-19 11:11:52,2026-08-19 10:56,3521.0,3654.0,-3.64,25311900,3603.0,3508.0,3813.0,2192.0
2026-08-19 11:16:03,2026-08-19 11:01,3518.0,3654.0,-3.72,25513200,3603.0,3508.0,3813.0,2192.0
2026-08-19 11:22:14,2026-08-19 11:07,3515.0,3654.0,-3.8,25853700,3603.0,3508.0,3813.0,2192.0
2026-08-19 12:45:54,2026-08-19 12:30,3519.0,3654.0,-3.69,28285400,3603.0,3507.0,3813.0,2192.0
2026-08-19 12:51:30,2026-08-19 12:36,3518.0,3654.0,-3.72,28883900,3603.0,3507.0,3813.0,2192.0
2026-08-19 12:55:30,2026-08-19 12:40,3522.0,3654.0,-3.61,29181400,3603.0,3507.0,3813.0,2192.0
2026-08-19 13:06:28,2026-08-19 12:51,3515.0,3654.0,-3.8,30055600,3603.0,3507.0,3813.0,2192.0
2026-08-19 13:07:05,2026-08-19 12:51,3514.0,3654.0,-3.83,30136300,3603.0,3507.0,3813.0,2192.0
2026-08-19 13:10:44,2026-08-19 12:55,3513.0,3654.0,-3.86,30284000,3603.0,3507.0,3813.0,2192.0
2026-08-19 13:15:35,2026-08-19 13:00,3510.0,3654.0,-3.94,30879100,3603.0,3507.0,3813.0,2192.0
2026-08-19 13:20:33,2026-08-19 13:05,3509.0,3654.0,-3.97,31390000,3603.0,3507.0,3813.0,2192.0
2026-08-19 13:25:34,2026-08-19 13:10,3501.0,3654.0,-4.19,33497300,3603.0,3497.0,3813.0,2192.0
2026-08-19 13:33:30,2026-08-19 13:18,3497.0,3654.0,-4.3,34130800,3603.0,3496.0,3813.0,2192.0
2026-08-19 13:38:57,2026-08-19 13:23,3502.0,3654.0,-4.16,34528800,3603.0,3496.0,3813.0,2192.0
2026-08-19 13:43:33,2026-08-19 13:28,3507.0,3654.0,-4.02,34717600,3603.0,3496.0,3813.0,2192.0
2026-08-19 13:57:06,2026-08-19 13:42,3501.0,3654.0,-4.19,35903100,3603.0,3496.0,3813.0,2192.0
2026-08-19 14:03:37,2026-08-19 13:48,3504.0,3654.0,-4.11,36426500,3603.0,3496.0,3813.0,2192.0
2026-08-19 14:20:56,2026-08-19 14:05,3512.0,3654.0,-3.89,37583700,3603.0,3496.0,3813.0,2192.0
2026-08-19 14:24:09,2026-08-19 14:08,3508.0,3654.0,-4.0,37709100,3603.0,3496.0,3813.0,2192.0
2026-08-19 14:27:55,2026-08-19 14:12,3504.0,3654.0,-4.11,38028100,3603.0,3496.0,3813.0,2192.0
2026-08-19 14:33:11,2026-08-19 14:18,3500.0,3654.0,-4.21,38366900,3603.0,3496.0,3813.0,2192.0
2026-08-19 14:35:36,2026-08-19 14:20,3502.0,3654.0,-4.16,38578800,3603.0,3496.0,3813.0,2192.0
2026-08-19 14:49:48,2026-08-19 14:34,3503.0,3654.0,-4.13,39288300,3603.0,3496.0,3813.0,2192.0
2026-08-19 14:50:31,2026-08-19 14:35,3503.0,3654.0,-4.13,39346200,3603.0,3496.0,3813.0,2192.0
2026-08-19 14:51:14,2026-08-19 14:36,3501.0,3654.0,-4.19,39387600,3603.0,3496.0,3813.0,2192.0
2026-08-19 14:55:41,2026-08-19 14:40,3496.0,3654.0,-4.32,40083300,3603.0,3495.0,3813.0,2192.0
2026-08-19 15:00:31,2026-08-19 14:45,3495.0,3654.0,-4.35,40581200,3603.0,3491.0,3813.0,2192.0
2026-08-19 15:05:43,2026-08-19 14:50,3492.0,3654.0,-4.43,41009900,3603.0,3490.0,3813.0,2192.0
2026-08-19 15:10:44,2026-08-19 14:55,3494.0,3654.0,-4.38,41311700,3603.0,3490.0,3813.0,2192.0
2026-08-19 15:16:12,2026-08-19 15:01,3500.0,3654.0,-4.21,41752200,3603.0,3490.0,3813.0,2192.0
2026-08-19 15:20:55,2026-08-19 15:05,3498.0,3654.0,-4.27,42062600,3603.0,3490.0,3813.0,2192.0
2026-08-19 15:41:42,2026-08-19 15:25,3506.0,3654.0,-4.05,43492200,3603.0,3490.0,3813.0,2192.0
2026-08-20 09:06:41,2026-08-19 15:30,3495.0,3654.0,-4.35,49773700,3603.0,3490.0,3813.0,2192.0
2026-08-20 09:10:48,2026-08-19 15:30,3495.0,3654.0,-4.35,49773700,3603.0,3490.0,3813.0,2192.0
2026-08-20 09:15:40,2026-08-20 09:00,3495.0,3654.0,-4.35,53151500,3473.0,3441.0,3813.0,2192.0
2026-08-20 09:21:42,2026-08-20 09:06,3435.0,3495.0,-1.72,5954000,3473.0,3430.0,3813.0,2192.0
2026-08-20 09:25:34,2026-08-20 09:10,3418.0,3495.0,-2.2,7695800,3473.0,3417.0,3813.0,2192.0
2026-08-20 09:30:37,2026-08-20 09:15,3442.0,3495.0,-1.52,8941100,3473.0,3415.0,3813.0,2192.0
2026-08-20 09:35:45,2026-08-20 09:20,3434.0,3495.0,-1.75,10095900,3473.0,3415.0,3813.0,2192.0
2026-08-20 09:40:32,2026-08-20 09:25,3445.0,3495.0,-1.43,10894700,3473.0,3415.0,3813.0,2192.0
2026-08-20 09:45:40,2026-08-20 09:30,3451.0,3495.0,-1.26,11429200,3473.0,3415.0,3813.0,2192.0
2026-08-20 09:50:36,2026-08-20 09:35,3457.0,3495.0,-1.09,12223600,3473.0,3415.0,3813.0,2192.0
2026-08-20 09:56:42,2026-08-20 09:41,3471.0,3495.0,-0.69,13374300,3475.0,3415.0,3813.0,2192.0
2026-08-20 10:00:40,2026-08-20 09:45,3474.0,3495.0,-0.6,13879100,3479.0,3415.0,3813.0,2192.0
2026-08-20 10:05:42,2026-08-20 09:50,3474.0,3495.0,-0.6,14339500,3480.0,3415.0,3813.0,2192.0
2026-08-20 10:10:36,2026-08-20 09:55,3477.0,3495.0,-0.52,14669100,3480.0,3415.0,3813.0,2192.0
2026-08-20 10:15:35,2026-08-20 10:00,3477.0,3495.0,-0.52,15176300,3482.0,3415.0,3813.0,2192.0
2026-08-20 10:20:45,2026-08-20 10:05,3477.0,3495.0,-0.52,15594700,3482.0,3415.0,3813.0,2192.0
2026-08-20 10:25:39,2026-08-20 10:10,3476.0,3495.0,-0.54,16015900,3482.0,3415.0,3813.0,2192.0
