抓取时间,行情时刻,价格,昨收,涨跌幅%,成交量,当日最高,当日最低,52周最高,52周最低
2026-07-06 09:31:24,2026-07-06 09:16,2977.0,2820.0,5.57,2758600,2987.5,2840.0,3766.0,1729.0
2026-07-06 10:18:14,2026-07-06 10:03,3037.0,2820.0,7.7,7702700,3069.0,2840.0,3766.0,1729.0
2026-07-06 10:55:24,2026-07-06 10:40,3023.0,2820.0,7.2,9476600,3069.0,2840.0,3766.0,1729.0
2026-07-06 10:58:53,2026-07-06 10:43,3014.0,2820.0,6.88,9616400,3069.0,2840.0,3766.0,1729.0
2026-07-06 11:00:35,2026-07-06 10:45,3010.0,2820.0,6.74,9684000,3069.0,2840.0,3766.0,1729.0
2026-07-06 11:05:36,2026-07-06 10:50,3002.0,2820.0,6.45,9906900,3069.0,2840.0,3766.0,1729.0
2026-07-06 11:10:36,2026-07-06 10:55,3007.0,2820.0,6.63,10011100,3069.0,2840.0,3766.0,1729.0
2026-07-06 11:15:30,2026-07-06 11:00,3013.0,2820.0,6.84,10096200,3069.0,2840.0,3766.0,1729.0
2026-07-06 11:20:34,2026-07-06 11:05,3016.0,2820.0,6.95,10221700,3069.0,2840.0,3766.0,1729.0
2026-07-06 11:25:35,2026-07-06 11:10,3010.0,2820.0,6.74,10344500,3069.0,2840.0,3766.0,1729.0
2026-07-06 11:30:34,2026-07-06 11:15,3017.0,2820.0,6.99,10437500,3069.0,2840.0,3766.0,1729.0
2026-07-06 12:30:34,2026-07-06 11:30,3005.0,2820.0,6.56,10810900,3069.0,2840.0,3766.0,1729.0
2026-07-06 12:35:32,2026-07-06 11:30,3005.0,2820.0,6.56,10810900,3069.0,2840.0,3766.0,1729.0
2026-07-06 12:40:33,2026-07-06 11:30,3005.0,2820.0,6.56,10810900,3069.0,2840.0,3766.0,1729.0
2026-07-06 12:45:34,2026-07-06 12:30,3025.0,2820.0,7.27,11020600,3069.0,2840.0,3766.0,1729.0
2026-07-06 12:50:34,2026-07-06 12:35,3004.0,2820.0,6.52,11230400,3069.0,2840.0,3766.0,1729.0
2026-07-06 12:55:43,2026-07-06 12:40,3000.0,2820.0,6.38,11382600,3069.0,2840.0,3766.0,1729.0
2026-07-06 13:00:46,2026-07-06 12:45,3003.0,2820.0,6.49,11509600,3069.0,2840.0,3766.0,1729.0
2026-07-06 13:05:32,2026-07-06 12:50,2999.5,2820.0,6.37,11619800,3069.0,2840.0,3766.0,1729.0
2026-07-06 13:10:39,2026-07-06 12:55,3004.0,2820.0,6.52,11700900,3069.0,2840.0,3766.0,1729.0
2026-07-06 13:15:35,2026-07-06 13:00,3011.0,2820.0,6.77,11800000,3069.0,2840.0,3766.0,1729.0
2026-07-06 13:20:32,2026-07-06 13:05,3017.0,2820.0,6.99,11907700,3069.0,2840.0,3766.0,1729.0
2026-07-06 13:25:42,2026-07-06 13:10,3010.0,2820.0,6.74,12021500,3069.0,2840.0,3766.0,1729.0
2026-07-06 13:30:40,2026-07-06 13:15,3002.0,2820.0,6.45,12108800,3069.0,2840.0,3766.0,1729.0
2026-07-06 13:35:34,2026-07-06 13:20,3006.0,2820.0,6.6,12210500,3069.0,2840.0,3766.0,1729.0
2026-07-06 13:40:39,2026-07-06 13:25,3008.0,2820.0,6.67,12250400,3069.0,2840.0,3766.0,1729.0
2026-07-06 13:45:44,2026-07-06 13:30,3011.0,2820.0,6.77,12316200,3069.0,2840.0,3766.0,1729.0
2026-07-06 13:50:35,2026-07-06 13:35,3007.0,2820.0,6.63,12394500,3069.0,2840.0,3766.0,1729.0
2026-07-06 13:55:35,2026-07-06 13:40,3012.0,2820.0,6.81,12472700,3069.0,2840.0,3766.0,1729.0
2026-07-06 14:00:39,2026-07-06 13:45,3013.0,2820.0,6.84,12574900,3069.0,2840.0,3766.0,1729.0
2026-07-06 14:05:42,2026-07-06 13:50,3013.0,2820.0,6.84,12672400,3069.0,2840.0,3766.0,1729.0
2026-07-06 14:10:37,2026-07-06 13:55,3017.0,2820.0,6.99,12745200,3069.0,2840.0,3766.0,1729.0
2026-07-06 14:15:39,2026-07-06 14:00,3016.0,2820.0,6.95,12806400,3069.0,2840.0,3766.0,1729.0
2026-07-06 14:20:38,2026-07-06 14:05,3012.0,2820.0,6.81,12881400,3069.0,2840.0,3766.0,1729.0
2026-07-06 14:25:32,2026-07-06 14:10,3014.0,2820.0,6.88,12944900,3069.0,2840.0,3766.0,1729.0
2026-07-06 14:30:38,2026-07-06 14:15,3014.0,2820.0,6.88,13010500,3069.0,2840.0,3766.0,1729.0
2026-07-06 14:35:38,2026-07-06 14:20,3014.0,2820.0,6.88,13109300,3069.0,2840.0,3766.0,1729.0
2026-07-06 14:40:33,2026-07-06 14:25,2998.5,2820.0,6.33,13266700,3069.0,2840.0,3766.0,1729.0
2026-07-06 14:45:41,2026-07-06 14:30,2993.5,2820.0,6.15,13363200,3069.0,2840.0,3766.0,1729.0
2026-07-06 14:50:42,2026-07-06 14:35,3000.0,2820.0,6.38,13436900,3069.0,2840.0,3766.0,1729.0
2026-07-06 14:55:40,2026-07-06 14:40,3003.0,2820.0,6.49,13483400,3069.0,2840.0,3766.0,1729.0
2026-07-06 15:00:34,2026-07-06 14:45,2998.5,2820.0,6.33,13572400,3069.0,2840.0,3766.0,1729.0
2026-07-06 15:16:25,2026-07-06 15:01,3011.0,2820.0,6.77,14108900,3069.0,2840.0,3766.0,1729.0
2026-07-06 15:20:37,2026-07-06 15:05,3008.0,2820.0,6.67,14211100,3069.0,2840.0,3766.0,1729.0
2026-07-06 15:25:42,2026-07-06 15:10,3007.0,2820.0,6.63,14380600,3069.0,2840.0,3766.0,1729.0
2026-07-06 15:30:37,2026-07-06 15:15,3000.0,2820.0,6.38,14604600,3069.0,2840.0,3766.0,1729.0
2026-07-07 09:00:33,2026-07-06 15:30,3003.0,2820.0,6.49,16351100,3069.0,2840.0,3766.0,1729.0
2026-07-07 09:05:31,2026-07-06 15:30,3003.0,2820.0,6.49,16351100,3069.0,2840.0,3766.0,1729.0
2026-07-07 09:10:33,2026-07-06 15:30,3003.0,2820.0,6.49,16351100,3069.0,2840.0,3766.0,1729.0
2026-07-07 09:15:33,2026-07-07 09:00,3003.0,2820.0,6.49,16955100,3000.0,2970.0,3766.0,1729.0
2026-07-07 09:20:31,2026-07-07 09:05,2946.0,3003.0,-1.9,1480000,3000.0,2937.5,3766.0,1729.0
2026-07-07 09:25:32,2026-07-07 09:10,3010.0,3003.0,0.23,2012500,3013.0,2937.5,3766.0,1729.0
2026-07-07 09:30:34,2026-07-07 09:15,2997.0,3003.0,-0.2,2726800,3020.0,2937.5,3766.0,1729.0
2026-07-07 09:35:32,2026-07-07 09:20,3022.0,3003.0,0.63,3118300,3028.0,2937.5,3766.0,1729.0
2026-07-07 09:40:33,2026-07-07 09:25,3008.0,3003.0,0.17,3405400,3028.0,2937.5,3766.0,1729.0
2026-07-07 09:45:35,2026-07-07 09:30,2998.5,3003.0,-0.15,3594000,3028.0,2937.5,3766.0,1729.0
2026-07-07 09:50:38,2026-07-07 09:35,3016.0,3003.0,0.43,3909500,3028.0,2937.5,3766.0,1729.0
2026-07-07 09:55:31,2026-07-07 09:40,3016.0,3003.0,0.43,4088700,3030.0,2937.5,3766.0,1729.0
2026-07-07 10:00:36,2026-07-07 09:45,3011.0,3003.0,0.27,4208700,3030.0,2937.5,3766.0,1729.0
2026-07-07 10:05:36,2026-07-07 09:50,3005.0,3003.0,0.07,4400300,3030.0,2937.5,3766.0,1729.0
2026-07-07 10:10:33,2026-07-07 09:55,2999.0,3003.0,-0.13,4586000,3030.0,2937.5,3766.0,1729.0
2026-07-07 10:15:35,2026-07-07 10:00,2985.0,3003.0,-0.6,4790400,3030.0,2937.5,3766.0,1729.0
2026-07-07 10:20:31,2026-07-07 10:05,2985.0,3003.0,-0.6,4949400,3030.0,2937.5,3766.0,1729.0
2026-07-07 10:25:45,2026-07-07 10:10,2982.5,3003.0,-0.68,5118800,3030.0,2937.5,3766.0,1729.0
2026-07-07 10:30:31,2026-07-07 10:15,2984.5,3003.0,-0.62,5268100,3030.0,2937.5,3766.0,1729.0
2026-07-07 10:35:36,2026-07-07 10:20,2989.5,3003.0,-0.45,5472200,3030.0,2937.5,3766.0,1729.0
2026-07-07 10:40:36,2026-07-07 10:25,2966.5,3003.0,-1.22,5671700,3030.0,2937.5,3766.0,1729.0
2026-07-07 10:45:35,2026-07-07 10:30,2975.5,3003.0,-0.92,5824000,3030.0,2937.5,3766.0,1729.0
2026-07-07 10:50:45,2026-07-07 10:35,2979.5,3003.0,-0.78,5960300,3030.0,2937.5,3766.0,1729.0
2026-07-07 10:55:34,2026-07-07 10:40,2972.0,3003.0,-1.03,6072000,3030.0,2937.5,3766.0,1729.0
2026-07-07 11:00:34,2026-07-07 10:45,2976.0,3003.0,-0.9,6204100,3030.0,2937.5,3766.0,1729.0
2026-07-07 11:05:33,2026-07-07 10:50,2963.0,3003.0,-1.33,6320000,3030.0,2937.5,3766.0,1729.0
2026-07-07 11:10:36,2026-07-07 10:55,2965.0,3003.0,-1.27,6409700,3030.0,2937.5,3766.0,1729.0
2026-07-07 11:15:37,2026-07-07 11:00,2961.0,3003.0,-1.4,6579900,3030.0,2937.5,3766.0,1729.0
2026-07-07 11:20:36,2026-07-07 11:05,2972.0,3003.0,-1.03,6737500,3030.0,2937.5,3766.0,1729.0
2026-07-07 11:25:33,2026-07-07 11:10,2969.5,3003.0,-1.12,6815800,3030.0,2937.5,3766.0,1729.0
2026-07-07 11:30:41,2026-07-07 11:15,2965.5,3003.0,-1.25,6899600,3030.0,2937.5,3766.0,1729.0
2026-07-07 12:30:30,2026-07-07 11:30,2963.5,3003.0,-1.32,7260500,3030.0,2937.5,3766.0,1729.0
2026-07-07 12:35:33,2026-07-07 11:30,2963.5,3003.0,-1.32,7260500,3030.0,2937.5,3766.0,1729.0
2026-07-07 12:40:33,2026-07-07 11:30,2963.5,3003.0,-1.32,7260500,3030.0,2937.5,3766.0,1729.0
2026-07-07 12:45:35,2026-07-07 12:30,2994.5,3003.0,-0.28,7510800,3030.0,2937.5,3766.0,1729.0
2026-07-07 12:50:31,2026-07-07 12:35,2980.5,3003.0,-0.75,7707300,3030.0,2937.5,3766.0,1729.0
2026-07-07 12:55:34,2026-07-07 12:40,2968.5,3003.0,-1.15,7888200,3030.0,2937.5,3766.0,1729.0
2026-07-07 13:00:35,2026-07-07 12:45,2965.5,3003.0,-1.25,8024200,3030.0,2937.5,3766.0,1729.0
2026-07-07 13:05:34,2026-07-07 12:50,2935.0,3003.0,-2.26,8419200,3030.0,2932.5,3766.0,1729.0
2026-07-07 13:10:33,2026-07-07 12:55,2925.5,3003.0,-2.58,8667500,3030.0,2922.5,3766.0,1729.0
2026-07-07 13:15:34,2026-07-07 13:00,2930.5,3003.0,-2.41,8820800,3030.0,2920.5,3766.0,1729.0
2026-07-07 13:20:30,2026-07-07 13:05,2928.0,3003.0,-2.5,8970400,3030.0,2920.5,3766.0,1729.0
2026-07-07 13:25:37,2026-07-07 13:10,2929.0,3003.0,-2.46,9177400,3030.0,2920.5,3766.0,1729.0
2026-07-07 13:30:39,2026-07-07 13:15,2930.0,3003.0,-2.43,9304800,3030.0,2920.5,3766.0,1729.0
2026-07-07 13:35:40,2026-07-07 13:20,2933.5,3003.0,-2.31,9432500,3030.0,2920.5,3766.0,1729.0
2026-07-07 13:40:32,2026-07-07 13:25,2933.5,3003.0,-2.31,9500500,3030.0,2920.5,3766.0,1729.0
2026-07-07 13:45:37,2026-07-07 13:30,2928.0,3003.0,-2.5,9631600,3030.0,2920.5,3766.0,1729.0
2026-07-07 13:50:43,2026-07-07 13:35,2933.0,3003.0,-2.33,9833900,3030.0,2920.5,3766.0,1729.0
2026-07-07 13:55:37,2026-07-07 13:40,2932.0,3003.0,-2.36,9900300,3030.0,2920.5,3766.0,1729.0
2026-07-07 14:00:38,2026-07-07 13:45,2941.0,3003.0,-2.06,10044200,3030.0,2920.5,3766.0,1729.0
2026-07-07 14:05:42,2026-07-07 13:50,2934.0,3003.0,-2.3,10141700,3030.0,2920.5,3766.0,1729.0
2026-07-07 14:10:46,2026-07-07 13:55,2938.0,3003.0,-2.16,10215700,3030.0,2920.5,3766.0,1729.0
2026-07-07 14:15:40,2026-07-07 14:00,2940.5,3003.0,-2.08,10347500,3030.0,2920.5,3766.0,1729.0
2026-07-07 14:20:47,2026-07-07 14:05,2925.5,3003.0,-2.58,10485000,3030.0,2920.5,3766.0,1729.0
2026-07-07 14:25:32,2026-07-07 14:10,2927.0,3003.0,-2.53,10650400,3030.0,2919.5,3766.0,1729.0
2026-07-07 14:30:40,2026-07-07 14:15,2916.5,3003.0,-2.88,10765600,3030.0,2915.5,3766.0,1729.0
2026-07-07 14:35:38,2026-07-07 14:20,2925.5,3003.0,-2.58,10861600,3030.0,2913.0,3766.0,1729.0
2026-07-07 14:40:32,2026-07-07 14:25,2926.5,3003.0,-2.55,10966300,3030.0,2913.0,3766.0,1729.0
2026-07-07 14:45:54,2026-07-07 14:30,2932.5,3003.0,-2.35,11074200,3030.0,2913.0,3766.0,1729.0
2026-07-07 14:50:32,2026-07-07 14:35,2930.0,3003.0,-2.43,11174400,3030.0,2913.0,3766.0,1729.0
2026-07-07 14:55:59,2026-07-07 14:40,2939.5,3003.0,-2.11,11290200,3030.0,2913.0,3766.0,1729.0
2026-07-07 15:00:49,2026-07-07 14:45,2941.0,3003.0,-2.06,11481700,3030.0,2913.0,3766.0,1729.0
2026-07-07 15:05:41,2026-07-07 14:50,2930.0,3003.0,-2.43,11670800,3030.0,2913.0,3766.0,1729.0
2026-07-07 15:10:42,2026-07-07 14:55,2936.0,3003.0,-2.23,11719000,3030.0,2913.0,3766.0,1729.0
2026-07-07 15:15:46,2026-07-07 15:00,2939.5,3003.0,-2.11,11965200,3030.0,2913.0,3766.0,1729.0
2026-07-07 15:20:35,2026-07-07 15:05,2928.0,3003.0,-2.5,12090200,3030.0,2913.0,3766.0,1729.0
2026-07-07 15:25:36,2026-07-07 15:10,2932.5,3003.0,-2.35,12209400,3030.0,2913.0,3766.0,1729.0
2026-07-07 15:30:36,2026-07-07 15:15,2933.5,3003.0,-2.31,12443200,3030.0,2913.0,3766.0,1729.0
2026-07-08 09:00:44,2026-07-07 15:30,2938.0,3003.0,-2.16,14278400,3030.0,2913.0,3766.0,1729.0
2026-07-08 09:05:31,2026-07-07 15:30,2938.0,3003.0,-2.16,14278400,3030.0,2913.0,3766.0,1729.0
2026-07-08 09:10:35,2026-07-07 15:30,2938.0,3003.0,-2.16,14278400,3030.0,2913.0,3766.0,1729.0
2026-07-08 09:15:39,2026-07-07 15:30,2938.0,3003.0,-2.16,14278400,3030.0,2913.0,3766.0,1729.0
2026-07-08 09:20:36,2026-07-08 09:05,2901.5,2938.0,-1.24,875900,2911.5,2845.0,3766.0,1729.0
2026-07-08 09:25:32,2026-07-08 09:10,2851.5,2938.0,-2.94,1260600,2911.5,2845.0,3766.0,1729.0
2026-07-08 09:30:43,2026-07-08 09:15,2840.5,2938.0,-3.32,1623200,2911.5,2836.5,3766.0,1729.0
2026-07-08 09:35:29,2026-07-08 09:20,2805.0,2938.0,-4.53,2004800,2911.5,2803.0,3766.0,1729.0
2026-07-08 09:40:31,2026-07-08 09:25,2813.5,2938.0,-4.24,2504100,2911.5,2796.5,3766.0,1729.0
2026-07-08 09:45:30,2026-07-08 09:30,2825.5,2938.0,-3.83,2725800,2911.5,2796.5,3766.0,1729.0
2026-07-08 09:50:36,2026-07-08 09:35,2821.0,2938.0,-3.98,2890000,2911.5,2796.5,3766.0,1729.0
2026-07-08 09:55:33,2026-07-08 09:40,2828.0,2938.0,-3.74,3065000,2911.5,2796.5,3766.0,1729.0
2026-07-08 10:00:45,2026-07-08 09:45,2841.0,2938.0,-3.3,3284800,2911.5,2796.5,3766.0,1729.0
2026-07-08 10:05:32,2026-07-08 09:50,2861.0,2938.0,-2.62,3461500,2911.5,2796.5,3766.0,1729.0
2026-07-08 10:10:29,2026-07-08 09:55,2864.0,2938.0,-2.52,3628000,2911.5,2796.5,3766.0,1729.0
2026-07-08 10:15:31,2026-07-08 10:00,2876.5,2938.0,-2.09,3755600,2911.5,2796.5,3766.0,1729.0
2026-07-08 10:20:33,2026-07-08 10:05,2864.0,2938.0,-2.52,3967500,2911.5,2796.5,3766.0,1729.0
2026-07-08 10:25:29,2026-07-08 10:10,2859.0,2938.0,-2.69,4103400,2911.5,2796.5,3766.0,1729.0
2026-07-08 10:30:30,2026-07-08 10:15,2864.0,2938.0,-2.52,4182100,2911.5,2796.5,3766.0,1729.0
2026-07-08 10:35:33,2026-07-08 10:20,2871.5,2938.0,-2.26,4253400,2911.5,2796.5,3766.0,1729.0
2026-07-08 10:40:32,2026-07-08 10:25,2856.5,2938.0,-2.77,4362600,2911.5,2796.5,3766.0,1729.0
2026-07-08 10:45:30,2026-07-08 10:30,2850.0,2938.0,-3.0,4457500,2911.5,2796.5,3766.0,1729.0
2026-07-08 10:50:34,2026-07-08 10:35,2829.0,2938.0,-3.71,4688300,2911.5,2796.5,3766.0,1729.0
2026-07-08 10:55:29,2026-07-08 10:40,2819.0,2938.0,-4.05,4812900,2911.5,2796.5,3766.0,1729.0
2026-07-08 11:00:30,2026-07-08 10:45,2831.5,2938.0,-3.62,4917800,2911.5,2796.5,3766.0,1729.0
2026-07-08 11:05:43,2026-07-08 10:50,2835.0,2938.0,-3.51,5008700,2911.5,2796.5,3766.0,1729.0
2026-07-08 11:10:35,2026-07-08 10:55,2821.0,2938.0,-3.98,5131800,2911.5,2796.5,3766.0,1729.0
2026-07-08 11:15:34,2026-07-08 11:00,2831.0,2938.0,-3.64,5200400,2911.5,2796.5,3766.0,1729.0
2026-07-08 11:20:32,2026-07-08 11:05,2818.0,2938.0,-4.08,5302100,2911.5,2796.5,3766.0,1729.0
2026-07-08 11:25:33,2026-07-08 11:10,2822.5,2938.0,-3.93,5386600,2911.5,2796.5,3766.0,1729.0
2026-07-08 11:30:30,2026-07-08 11:15,2816.0,2938.0,-4.15,5447200,2911.5,2796.5,3766.0,1729.0
2026-07-08 12:30:33,2026-07-08 11:30,2828.0,2938.0,-3.74,5606500,2911.5,2796.5,3766.0,1729.0
2026-07-08 12:35:31,2026-07-08 11:30,2828.0,2938.0,-3.74,5606500,2911.5,2796.5,3766.0,1729.0
2026-07-08 12:40:37,2026-07-08 11:30,2828.0,2938.0,-3.74,5606500,2911.5,2796.5,3766.0,1729.0
2026-07-08 12:45:38,2026-07-08 12:30,2852.0,2938.0,-2.93,5727300,2911.5,2796.5,3766.0,1729.0
2026-07-08 12:50:31,2026-07-08 12:35,2840.0,2938.0,-3.34,5889700,2911.5,2796.5,3766.0,1729.0
2026-07-08 12:55:30,2026-07-08 12:40,2844.0,2938.0,-3.2,5983000,2911.5,2796.5,3766.0,1729.0
2026-07-08 13:00:35,2026-07-08 12:45,2846.5,2938.0,-3.11,6047200,2911.5,2796.5,3766.0,1729.0
2026-07-08 13:05:30,2026-07-08 12:50,2851.0,2938.0,-2.96,6132300,2911.5,2796.5,3766.0,1729.0
2026-07-08 13:10:35,2026-07-08 12:55,2852.5,2938.0,-2.91,6218100,2911.5,2796.5,3766.0,1729.0
2026-07-08 13:15:32,2026-07-08 13:00,2843.5,2938.0,-3.22,6288100,2911.5,2796.5,3766.0,1729.0
2026-07-08 13:20:30,2026-07-08 13:05,2838.5,2938.0,-3.39,6354500,2911.5,2796.5,3766.0,1729.0
2026-07-08 13:25:29,2026-07-08 13:10,2832.5,2938.0,-3.59,6409200,2911.5,2796.5,3766.0,1729.0
2026-07-08 13:30:28,2026-07-08 13:15,2832.5,2938.0,-3.59,6491400,2911.5,2796.5,3766.0,1729.0
2026-07-08 13:35:28,2026-07-08 13:20,2838.0,2938.0,-3.4,6537800,2911.5,2796.5,3766.0,1729.0
2026-07-08 13:40:32,2026-07-08 13:25,2833.0,2938.0,-3.57,6603200,2911.5,2796.5,3766.0,1729.0
2026-07-08 13:45:30,2026-07-08 13:30,2832.0,2938.0,-3.61,6652600,2911.5,2796.5,3766.0,1729.0
2026-07-08 13:50:32,2026-07-08 13:35,2832.0,2938.0,-3.61,6728100,2911.5,2796.5,3766.0,1729.0
2026-07-08 13:55:37,2026-07-08 13:40,2824.5,2938.0,-3.86,6870400,2911.5,2796.5,3766.0,1729.0
2026-07-08 14:00:31,2026-07-08 13:45,2816.0,2938.0,-4.15,6985200,2911.5,2796.5,3766.0,1729.0
2026-07-08 14:05:37,2026-07-08 13:50,2823.0,2938.0,-3.91,7047000,2911.5,2796.5,3766.0,1729.0
2026-07-08 14:10:30,2026-07-08 13:55,2818.5,2938.0,-4.07,7101300,2911.5,2796.5,3766.0,1729.0
2026-07-08 14:15:33,2026-07-08 14:00,2830.5,2938.0,-3.66,7195200,2911.5,2796.5,3766.0,1729.0
2026-07-08 14:20:31,2026-07-08 14:05,2831.5,2938.0,-3.62,7259300,2911.5,2796.5,3766.0,1729.0
2026-07-08 14:25:30,2026-07-08 14:10,2829.5,2938.0,-3.69,7363200,2911.5,2796.5,3766.0,1729.0
2026-07-08 14:30:46,2026-07-08 14:15,2834.5,2938.0,-3.52,7429800,2911.5,2796.5,3766.0,1729.0
2026-07-08 14:35:32,2026-07-08 14:20,2830.0,2938.0,-3.68,7509700,2911.5,2796.5,3766.0,1729.0
2026-07-08 14:40:39,2026-07-08 14:25,2833.0,2938.0,-3.57,7584800,2911.5,2796.5,3766.0,1729.0
2026-07-08 14:45:35,2026-07-08 14:30,2827.5,2938.0,-3.76,7645600,2911.5,2796.5,3766.0,1729.0
2026-07-08 14:50:33,2026-07-08 14:35,2836.5,2938.0,-3.45,7906900,2911.5,2796.5,3766.0,1729.0
2026-07-08 14:55:35,2026-07-08 14:40,2825.5,2938.0,-3.83,8103600,2911.5,2796.5,3766.0,1729.0
2026-07-08 15:00:30,2026-07-08 14:45,2826.0,2938.0,-3.81,8182200,2911.5,2796.5,3766.0,1729.0
2026-07-08 15:05:30,2026-07-08 14:50,2822.0,2938.0,-3.95,8292300,2911.5,2796.5,3766.0,1729.0
2026-07-08 15:10:42,2026-07-08 14:55,2824.5,2938.0,-3.86,8458100,2911.5,2796.5,3766.0,1729.0
2026-07-08 15:15:33,2026-07-08 15:00,2817.5,2938.0,-4.1,8551600,2911.5,2796.5,3766.0,1729.0
2026-07-08 15:20:36,2026-07-08 15:05,2818.0,2938.0,-4.08,8683800,2911.5,2796.5,3766.0,1729.0
2026-07-08 15:25:35,2026-07-08 15:10,2827.5,2938.0,-3.76,8838600,2911.5,2796.5,3766.0,1729.0
2026-07-08 15:30:31,2026-07-08 15:15,2827.0,2938.0,-3.78,8993900,2911.5,2796.5,3766.0,1729.0
2026-07-09 09:00:35,2026-07-08 15:30,2826.5,2938.0,-3.8,10841200,2911.5,2796.5,3766.0,1729.0
2026-07-09 09:05:33,2026-07-08 15:30,2826.5,2938.0,-3.8,10841200,2911.5,2796.5,3766.0,1729.0
2026-07-09 09:10:36,2026-07-08 15:30,2826.5,2938.0,-3.8,10841200,2911.5,2796.5,3766.0,1729.0
2026-07-09 09:15:32,2026-07-09 09:00,2826.5,2938.0,-3.8,11196700,2832.5,2810.0,3766.0,1729.0
2026-07-09 09:20:39,2026-07-09 09:05,2813.5,2826.5,-0.46,752600,2832.5,2791.5,3766.0,1729.0
2026-07-09 09:25:34,2026-07-09 09:10,2812.0,2826.5,-0.51,988400,2832.5,2791.5,3766.0,1729.0
2026-07-09 09:30:35,2026-07-09 09:15,2799.5,2826.5,-0.96,1229100,2832.5,2791.5,3766.0,1729.0
2026-07-09 09:35:31,2026-07-09 09:20,2791.0,2826.5,-1.26,1550700,2832.5,2786.5,3766.0,1729.0
2026-07-09 09:40:33,2026-07-09 09:25,2781.0,2826.5,-1.61,1848900,2832.5,2776.5,3766.0,1729.0
2026-07-09 09:45:34,2026-07-09 09:30,2797.5,2826.5,-1.03,2092800,2832.5,2776.5,3766.0,1729.0
2026-07-09 09:50:31,2026-07-09 09:35,2785.5,2826.5,-1.45,2451000,2832.5,2766.0,3766.0,1729.0
2026-07-09 09:55:30,2026-07-09 09:40,2781.5,2826.5,-1.59,2758700,2832.5,2766.0,3766.0,1729.0
2026-07-09 10:00:32,2026-07-09 09:45,2785.5,2826.5,-1.45,2849800,2832.5,2766.0,3766.0,1729.0
2026-07-09 10:05:33,2026-07-09 09:50,2795.5,2826.5,-1.1,2986900,2832.5,2766.0,3766.0,1729.0
2026-07-09 10:10:33,2026-07-09 09:55,2795.5,2826.5,-1.1,3113200,2832.5,2766.0,3766.0,1729.0
2026-07-09 10:15:52,2026-07-09 10:00,2802.5,2826.5,-0.85,3299200,2832.5,2766.0,3766.0,1729.0
2026-07-09 10:20:34,2026-07-09 10:05,2815.5,2826.5,-0.39,3517600,2832.5,2766.0,3766.0,1729.0
2026-07-09 10:25:28,2026-07-09 10:10,2813.5,2826.5,-0.46,3622300,2832.5,2766.0,3766.0,1729.0
2026-07-09 10:30:30,2026-07-09 10:15,2806.5,2826.5,-0.71,3761400,2832.5,2766.0,3766.0,1729.0
2026-07-09 10:35:40,2026-07-09 10:20,2801.0,2826.5,-0.9,3877800,2832.5,2766.0,3766.0,1729.0
2026-07-09 10:40:31,2026-07-09 10:25,2796.5,2826.5,-1.06,3956700,2832.5,2766.0,3766.0,1729.0
2026-07-09 10:45:37,2026-07-09 10:30,2798.5,2826.5,-0.99,4046900,2832.5,2766.0,3766.0,1729.0
2026-07-09 10:50:32,2026-07-09 10:35,2794.0,2826.5,-1.15,4116000,2832.5,2766.0,3766.0,1729.0
2026-07-09 10:55:31,2026-07-09 10:40,2789.0,2826.5,-1.33,4189100,2832.5,2766.0,3766.0,1729.0
2026-07-09 11:00:39,2026-07-09 10:45,2798.0,2826.5,-1.01,4313900,2832.5,2766.0,3766.0,1729.0
2026-07-09 11:05:51,2026-07-09 10:50,2795.5,2826.5,-1.1,4415300,2832.5,2766.0,3766.0,1729.0
2026-07-09 11:10:44,2026-07-09 10:55,2786.0,2826.5,-1.43,4504500,2832.5,2766.0,3766.0,1729.0
2026-07-09 11:15:36,2026-07-09 11:00,2780.5,2826.5,-1.63,4614400,2832.5,2766.0,3766.0,1729.0
2026-07-09 11:20:47,2026-07-09 11:05,2774.5,2826.5,-1.84,4723200,2832.5,2766.0,3766.0,1729.0
2026-07-09 11:25:37,2026-07-09 11:10,2783.5,2826.5,-1.52,4813100,2832.5,2766.0,3766.0,1729.0
2026-07-09 11:30:33,2026-07-09 11:15,2786.5,2826.5,-1.42,4876100,2832.5,2766.0,3766.0,1729.0
2026-07-09 12:30:38,2026-07-09 11:30,2772.0,2826.5,-1.93,5103900,2832.5,2766.0,3766.0,1729.0
2026-07-09 12:35:49,2026-07-09 11:30,2772.0,2826.5,-1.93,5103900,2832.5,2766.0,3766.0,1729.0
2026-07-09 12:40:39,2026-07-09 11:30,2772.0,2826.5,-1.93,5103900,2832.5,2766.0,3766.0,1729.0
2026-07-09 12:45:30,2026-07-09 12:30,2771.5,2826.5,-1.95,5342900,2832.5,2766.0,3766.0,1729.0
2026-07-09 12:50:28,2026-07-09 12:35,2773.5,2826.5,-1.88,5486600,2832.5,2766.0,3766.0,1729.0
2026-07-09 12:55:35,2026-07-09 12:40,2771.0,2826.5,-1.96,5625100,2832.5,2766.0,3766.0,1729.0
2026-07-09 13:00:39,2026-07-09 12:45,2771.0,2826.5,-1.96,5791700,2832.5,2764.0,3766.0,1729.0
2026-07-09 13:05:29,2026-07-09 12:50,2772.5,2826.5,-1.91,5888000,2832.5,2764.0,3766.0,1729.0
2026-07-09 13:10:31,2026-07-09 12:55,2764.5,2826.5,-2.19,6065700,2832.5,2763.0,3766.0,1729.0
2026-07-09 13:15:31,2026-07-09 13:00,2747.5,2826.5,-2.79,6620900,2832.5,2742.0,3766.0,1729.0
2026-07-09 13:20:35,2026-07-09 13:05,2745.5,2826.5,-2.87,6729600,2832.5,2742.0,3766.0,1729.0
2026-07-09 13:25:36,2026-07-09 13:10,2748.5,2826.5,-2.76,6880800,2832.5,2742.0,3766.0,1729.0
2026-07-09 13:30:38,2026-07-09 13:15,2751.5,2826.5,-2.65,6998100,2832.5,2742.0,3766.0,1729.0
2026-07-09 13:35:32,2026-07-09 13:20,2745.5,2826.5,-2.87,7084400,2832.5,2742.0,3766.0,1729.0
2026-07-09 13:40:46,2026-07-09 13:25,2737.0,2826.5,-3.17,7377400,2832.5,2735.5,3766.0,1729.0
2026-07-09 13:45:33,2026-07-09 13:30,2740.0,2826.5,-3.06,7587900,2832.5,2735.5,3766.0,1729.0
2026-07-09 13:50:29,2026-07-09 13:35,2740.0,2826.5,-3.06,7683800,2832.5,2735.5,3766.0,1729.0
2026-07-09 13:55:30,2026-07-09 13:40,2747.0,2826.5,-2.81,7746200,2832.5,2735.5,3766.0,1729.0
2026-07-09 14:00:30,2026-07-09 13:45,2751.0,2826.5,-2.67,7833400,2832.5,2735.5,3766.0,1729.0
2026-07-09 14:10:31,2026-07-09 13:55,2746.5,2826.5,-2.83,7961900,2832.5,2735.5,3766.0,1729.0
2026-07-09 14:15:37,2026-07-09 14:00,2744.0,2826.5,-2.92,8002800,2832.5,2735.5,3766.0,1729.0
2026-07-09 14:20:37,2026-07-09 14:05,2743.0,2826.5,-2.95,8063400,2832.5,2735.5,3766.0,1729.0
2026-07-09 14:25:32,2026-07-09 14:10,2749.5,2826.5,-2.72,8134100,2832.5,2735.5,3766.0,1729.0
2026-07-09 14:30:40,2026-07-09 14:15,2756.5,2826.5,-2.48,8230500,2832.5,2735.5,3766.0,1729.0
2026-07-09 14:35:44,2026-07-09 14:20,2746.5,2826.5,-2.83,8294100,2832.5,2735.5,3766.0,1729.0
2026-07-09 14:45:33,2026-07-09 14:30,2748.0,2826.5,-2.78,8430300,2832.5,2735.5,3766.0,1729.0
2026-07-09 14:50:33,2026-07-09 14:35,2748.0,2826.5,-2.78,8523300,2832.5,2735.5,3766.0,1729.0
2026-07-09 14:55:43,2026-07-09 14:40,2749.0,2826.5,-2.74,8581300,2832.5,2735.5,3766.0,1729.0
2026-07-09 15:05:45,2026-07-09 14:50,2754.5,2826.5,-2.55,8738600,2832.5,2735.5,3766.0,1729.0
2026-07-09 15:10:42,2026-07-09 14:55,2757.0,2826.5,-2.46,8818000,2832.5,2735.5,3766.0,1729.0
2026-07-09 15:15:35,2026-07-09 15:00,2762.0,2826.5,-2.28,8907000,2832.5,2735.5,3766.0,1729.0
2026-07-09 15:20:42,2026-07-09 15:05,2752.0,2826.5,-2.64,9068600,2832.5,2735.5,3766.0,1729.0
2026-07-09 15:25:47,2026-07-09 15:10,2748.5,2826.5,-2.76,9224200,2832.5,2735.5,3766.0,1729.0
2026-07-09 15:30:50,2026-07-09 15:15,2751.0,2826.5,-2.67,9402600,2832.5,2735.5,3766.0,1729.0
2026-07-09 15:33:04,2026-07-09 15:18,2749.0,2826.5,-2.74,9486600,2832.5,2735.5,3766.0,1729.0
2026-07-10 09:00:34,2026-07-09 15:30,2746.5,2826.5,-2.83,10932800,2832.5,2735.5,3766.0,1729.0
2026-07-10 09:05:49,2026-07-09 15:30,2746.5,2826.5,-2.83,10932800,2832.5,2735.5,3766.0,1729.0
2026-07-10 09:10:38,2026-07-09 15:30,2746.5,2826.5,-2.83,10932800,2832.5,2735.5,3766.0,1729.0
2026-07-10 09:15:40,2026-07-10 09:00,2746.5,2826.5,-2.83,11562900,2755.5,2722.0,3766.0,1729.0
2026-07-10 09:20:32,2026-07-10 09:05,2793.0,2746.5,1.69,1254100,2794.5,2722.0,3766.0,1729.0
2026-07-10 09:25:33,2026-07-10 09:10,2790.5,2746.5,1.6,1617700,2795.0,2722.0,3766.0,1729.0
2026-07-10 09:30:40,2026-07-10 09:15,2780.0,2746.5,1.22,1921800,2795.0,2722.0,3766.0,1729.0
2026-07-10 09:35:42,2026-07-10 09:20,2798.0,2746.5,1.88,2217000,2798.0,2722.0,3766.0,1729.0
2026-07-10 09:40:32,2026-07-10 09:25,2811.5,2746.5,2.37,2647300,2819.0,2722.0,3766.0,1729.0
2026-07-10 09:46:06,2026-07-10 09:31,2789.5,2746.5,1.57,2949800,2819.0,2722.0,3766.0,1729.0
2026-07-10 09:50:29,2026-07-10 09:35,2790.0,2746.5,1.58,3143600,2819.0,2722.0,3766.0,1729.0
2026-07-10 09:55:34,2026-07-10 09:40,2800.0,2746.5,1.95,3361000,2819.0,2722.0,3766.0,1729.0
2026-07-10 10:00:30,2026-07-10 09:45,2791.5,2746.5,1.64,3517900,2819.0,2722.0,3766.0,1729.0
2026-07-10 10:05:32,2026-07-10 09:50,2793.0,2746.5,1.69,3704600,2819.0,2722.0,3766.0,1729.0
2026-07-10 10:10:38,2026-07-10 09:55,2808.5,2746.5,2.26,4039000,2819.0,2722.0,3766.0,1729.0
2026-07-10 10:15:34,2026-07-10 10:00,2816.5,2746.5,2.55,4360000,2820.5,2722.0,3766.0,1729.0
2026-07-10 10:20:33,2026-07-10 10:05,2810.5,2746.5,2.33,4519000,2820.5,2722.0,3766.0,1729.0
2026-07-10 10:25:40,2026-07-10 10:10,2795.5,2746.5,1.78,4770800,2820.5,2722.0,3766.0,1729.0
2026-07-10 10:30:31,2026-07-10 10:15,2802.5,2746.5,2.04,4964700,2820.5,2722.0,3766.0,1729.0
2026-07-10 10:35:29,2026-07-10 10:20,2797.5,2746.5,1.86,5101000,2820.5,2722.0,3766.0,1729.0
2026-07-10 10:40:29,2026-07-10 10:25,2808.5,2746.5,2.26,5250400,2820.5,2722.0,3766.0,1729.0
2026-07-10 10:45:32,2026-07-10 10:30,2810.5,2746.5,2.33,5432500,2820.5,2722.0,3766.0,1729.0
2026-07-10 10:50:41,2026-07-10 10:35,2814.0,2746.5,2.46,5580500,2820.5,2722.0,3766.0,1729.0
2026-07-10 10:55:45,2026-07-10 10:40,2819.5,2746.5,2.66,5819200,2823.5,2722.0,3766.0,1729.0
2026-07-10 11:00:31,2026-07-10 10:45,2818.5,2746.5,2.62,5958300,2823.5,2722.0,3766.0,1729.0
2026-07-10 11:05:36,2026-07-10 10:50,2811.0,2746.5,2.35,6068900,2823.5,2722.0,3766.0,1729.0
2026-07-10 11:10:40,2026-07-10 10:55,2818.0,2746.5,2.6,6339600,2823.5,2722.0,3766.0,1729.0
2026-07-10 11:15:35,2026-07-10 11:00,2816.0,2746.5,2.53,6528900,2823.5,2722.0,3766.0,1729.0
2026-07-10 11:20:37,2026-07-10 11:05,2817.5,2746.5,2.59,6640800,2823.5,2722.0,3766.0,1729.0
2026-07-10 11:25:41,2026-07-10 11:10,2813.5,2746.5,2.44,6792500,2823.5,2722.0,3766.0,1729.0
2026-07-10 11:30:43,2026-07-10 11:15,2823.5,2746.5,2.8,7046600,2831.5,2722.0,3766.0,1729.0
2026-07-10 12:30:32,2026-07-10 11:30,2836.0,2746.5,3.26,7487800,2838.0,2722.0,3766.0,1729.0
2026-07-10 12:35:32,2026-07-10 11:30,2836.0,2746.5,3.26,7487800,2838.0,2722.0,3766.0,1729.0
2026-07-10 12:40:39,2026-07-10 11:30,2836.0,2746.5,3.26,7487800,2838.0,2722.0,3766.0,1729.0
2026-07-10 12:45:36,2026-07-10 12:30,2830.5,2746.5,3.06,7699800,2838.0,2722.0,3766.0,1729.0
2026-07-10 12:50:50,2026-07-10 12:35,2819.0,2746.5,2.64,7853500,2838.0,2722.0,3766.0,1729.0
2026-07-10 12:55:29,2026-07-10 12:40,2823.5,2746.5,2.8,7938800,2838.0,2722.0,3766.0,1729.0
2026-07-10 13:00:55,2026-07-10 12:45,2818.5,2746.5,2.62,8011100,2838.0,2722.0,3766.0,1729.0
2026-07-10 13:05:34,2026-07-10 12:50,2821.5,2746.5,2.73,8108400,2838.0,2722.0,3766.0,1729.0
2026-07-10 13:10:34,2026-07-10 12:55,2825.0,2746.5,2.86,8179200,2838.0,2722.0,3766.0,1729.0
2026-07-10 13:15:35,2026-07-10 13:00,2827.0,2746.5,2.93,8317300,2838.0,2722.0,3766.0,1729.0
2026-07-10 13:20:35,2026-07-10 13:05,2823.0,2746.5,2.79,8437600,2838.0,2722.0,3766.0,1729.0
2026-07-10 13:25:32,2026-07-10 13:10,2816.5,2746.5,2.55,8501400,2838.0,2722.0,3766.0,1729.0
2026-07-10 13:30:33,2026-07-10 13:15,2815.5,2746.5,2.51,8567100,2838.0,2722.0,3766.0,1729.0
2026-07-10 13:35:43,2026-07-10 13:20,2817.0,2746.5,2.57,8628500,2838.0,2722.0,3766.0,1729.0
2026-07-10 13:40:38,2026-07-10 13:25,2816.0,2746.5,2.53,8729800,2838.0,2722.0,3766.0,1729.0
2026-07-10 13:45:32,2026-07-10 13:30,2816.5,2746.5,2.55,8785800,2838.0,2722.0,3766.0,1729.0
2026-07-10 13:50:34,2026-07-10 13:35,2811.5,2746.5,2.37,8845000,2838.0,2722.0,3766.0,1729.0
2026-07-10 13:55:35,2026-07-10 13:40,2805.0,2746.5,2.13,8931000,2838.0,2722.0,3766.0,1729.0
2026-07-10 14:00:46,2026-07-10 13:45,2804.5,2746.5,2.11,8989000,2838.0,2722.0,3766.0,1729.0
2026-07-10 14:05:39,2026-07-10 13:50,2810.5,2746.5,2.33,9102300,2838.0,2722.0,3766.0,1729.0
2026-07-10 14:10:40,2026-07-10 13:55,2807.0,2746.5,2.2,9226400,2838.0,2722.0,3766.0,1729.0
2026-07-10 14:15:29,2026-07-10 14:00,2805.0,2746.5,2.13,9347800,2838.0,2722.0,3766.0,1729.0
2026-07-10 14:20:35,2026-07-10 14:05,2803.0,2746.5,2.06,9403600,2838.0,2722.0,3766.0,1729.0
2026-07-10 14:25:32,2026-07-10 14:10,2804.0,2746.5,2.09,9462300,2838.0,2722.0,3766.0,1729.0
2026-07-10 14:30:36,2026-07-10 14:15,2808.5,2746.5,2.26,9524100,2838.0,2722.0,3766.0,1729.0
2026-07-10 14:35:32,2026-07-10 14:20,2804.5,2746.5,2.11,9560200,2838.0,2722.0,3766.0,1729.0
2026-07-10 14:40:35,2026-07-10 14:25,2806.0,2746.5,2.17,9601800,2838.0,2722.0,3766.0,1729.0
2026-07-10 14:45:48,2026-07-10 14:30,2807.0,2746.5,2.2,9649200,2838.0,2722.0,3766.0,1729.0
2026-07-10 14:50:36,2026-07-10 14:35,2815.5,2746.5,2.51,9742700,2838.0,2722.0,3766.0,1729.0
2026-07-10 14:55:34,2026-07-10 14:40,2810.0,2746.5,2.31,9801100,2838.0,2722.0,3766.0,1729.0
2026-07-10 15:00:36,2026-07-10 14:45,2804.0,2746.5,2.09,9885100,2838.0,2722.0,3766.0,1729.0
2026-07-10 15:05:37,2026-07-10 14:50,2800.5,2746.5,1.97,9935200,2838.0,2722.0,3766.0,1729.0
2026-07-10 15:10:41,2026-07-10 14:55,2795.5,2746.5,1.78,10071300,2838.0,2722.0,3766.0,1729.0
2026-07-10 15:15:31,2026-07-10 15:00,2793.5,2746.5,1.71,10178500,2838.0,2722.0,3766.0,1729.0
2026-07-10 15:20:41,2026-07-10 15:05,2787.5,2746.5,1.49,10326500,2838.0,2722.0,3766.0,1729.0
2026-07-10 15:25:34,2026-07-10 15:10,2788.0,2746.5,1.51,10502300,2838.0,2722.0,3766.0,1729.0
2026-07-10 15:30:56,2026-07-10 15:15,2789.5,2746.5,1.57,10693000,2838.0,2722.0,3766.0,1729.0
2026-07-10 15:40:37,2026-07-10 15:24,2779.5,2746.5,1.2,11065000,2838.0,2722.0,3766.0,1729.0
2026-07-13 09:00:31,2026-07-10 15:30,2779.5,2746.5,1.2,12266800,2838.0,2722.0,3766.0,1729.0
2026-07-13 09:05:34,2026-07-10 15:30,2779.5,2746.5,1.2,12266800,2838.0,2722.0,3766.0,1729.0
2026-07-13 09:10:38,2026-07-10 15:30,2779.5,2746.5,1.2,12266800,2838.0,2722.0,3766.0,1729.0
2026-07-13 09:15:33,2026-07-13 09:00,2744.5,2746.5,-0.07,12646200,2780.5,2739.5,3766.0,1729.0
2026-07-13 09:20:35,2026-07-13 09:05,2740.0,2779.5,-1.42,879800,2780.5,2711.0,3766.0,1729.0
2026-07-13 09:25:41,2026-07-13 09:10,2744.5,2779.5,-1.26,1278900,2780.5,2711.0,3766.0,1729.0
2026-07-13 09:30:46,2026-07-13 09:15,2748.5,2779.5,-1.12,1542500,2780.5,2711.0,3766.0,1729.0
2026-07-13 09:36:52,2026-07-13 09:21,2736.5,2779.5,-1.55,1883700,2780.5,2711.0,3766.0,1729.0
2026-07-13 09:40:58,2026-07-13 09:25,2737.5,2779.5,-1.51,2053100,2780.5,2711.0,3766.0,1729.0
2026-07-13 09:47:19,2026-07-13 09:32,2740.5,2779.5,-1.4,2311200,2780.5,2711.0,3766.0,1729.0
2026-07-13 09:52:10,2026-07-13 09:37,2750.0,2779.5,-1.06,2512200,2780.5,2711.0,3766.0,1729.0
2026-07-13 09:58:08,2026-07-13 09:43,2734.5,2779.5,-1.62,2721500,2780.5,2711.0,3766.0,1729.0
2026-07-13 10:03:54,2026-07-13 09:48,2742.0,2779.5,-1.35,2902900,2780.5,2711.0,3766.0,1729.0
2026-07-13 10:06:38,2026-07-13 09:51,2740.5,2779.5,-1.4,2963300,2780.5,2711.0,3766.0,1729.0
2026-07-13 10:12:20,2026-07-13 09:57,2731.5,2779.5,-1.73,3171200,2780.5,2711.0,3766.0,1729.0
2026-07-13 10:15:43,2026-07-13 10:00,2724.5,2779.5,-1.98,3297000,2780.5,2711.0,3766.0,1729.0
2026-07-13 10:20:35,2026-07-13 10:05,2723.5,2779.5,-2.01,3501100,2780.5,2711.0,3766.0,1729.0
2026-07-13 10:25:44,2026-07-13 10:10,2720.0,2779.5,-2.14,3638600,2780.5,2711.0,3766.0,1729.0
2026-07-13 10:30:36,2026-07-13 10:15,2731.5,2779.5,-1.73,3754200,2780.5,2711.0,3766.0,1729.0
2026-07-13 10:35:34,2026-07-13 10:20,2723.5,2779.5,-2.01,3978400,2780.5,2711.0,3766.0,1729.0
2026-07-13 10:40:35,2026-07-13 10:25,2709.0,2779.5,-2.54,4309700,2780.5,2708.5,3766.0,1729.0
2026-07-13 10:47:41,2026-07-13 10:32,2718.5,2779.5,-2.19,4583200,2780.5,2705.0,3766.0,1729.0
2026-07-13 10:50:44,2026-07-13 10:35,2709.5,2779.5,-2.52,4694500,2780.5,2705.0,3766.0,1729.0
2026-07-13 10:55:32,2026-07-13 10:40,2710.0,2779.5,-2.5,4836400,2780.5,2705.0,3766.0,1729.0
2026-07-13 11:00:29,2026-07-13 10:45,2688.0,2779.5,-3.29,5546200,2780.5,2686.5,3766.0,1729.0
2026-07-13 11:05:35,2026-07-13 10:50,2674.5,2779.5,-3.78,5898600,2780.5,2672.0,3766.0,1729.0
2026-07-13 11:10:34,2026-07-13 10:55,2673.5,2779.5,-3.81,6137800,2780.5,2666.0,3766.0,1729.0
2026-07-13 11:15:32,2026-07-13 11:00,2688.0,2779.5,-3.29,6301800,2780.5,2666.0,3766.0,1729.0
2026-07-13 11:20:31,2026-07-13 11:05,2690.0,2779.5,-3.22,6417900,2780.5,2666.0,3766.0,1729.0
2026-07-13 11:25:41,2026-07-13 11:10,2707.0,2779.5,-2.61,6561400,2780.5,2666.0,3766.0,1729.0
2026-07-13 11:30:33,2026-07-13 11:15,2708.5,2779.5,-2.55,6685100,2780.5,2666.0,3766.0,1729.0
2026-07-13 12:30:37,2026-07-13 11:30,2732.5,2779.5,-1.69,7040200,2780.5,2666.0,3766.0,1729.0
2026-07-13 12:35:31,2026-07-13 11:30,2732.5,2779.5,-1.69,7040200,2780.5,2666.0,3766.0,1729.0
2026-07-13 12:40:30,2026-07-13 11:30,2732.5,2779.5,-1.69,7040200,2780.5,2666.0,3766.0,1729.0
2026-07-13 12:45:31,2026-07-13 12:30,2732.5,2779.5,-1.69,7258500,2780.5,2666.0,3766.0,1729.0
2026-07-13 12:50:33,2026-07-13 12:35,2720.0,2779.5,-2.14,7407300,2780.5,2666.0,3766.0,1729.0
2026-07-13 12:56:13,2026-07-13 12:41,2729.0,2779.5,-1.82,7549900,2780.5,2666.0,3766.0,1729.0
2026-07-13 13:00:30,2026-07-13 12:45,2717.5,2779.5,-2.23,7678100,2780.5,2666.0,3766.0,1729.0
2026-07-13 13:05:37,2026-07-13 12:50,2713.5,2779.5,-2.37,7777900,2780.5,2666.0,3766.0,1729.0
2026-07-13 13:10:32,2026-07-13 12:55,2705.5,2779.5,-2.66,7884600,2780.5,2666.0,3766.0,1729.0
2026-07-13 13:15:32,2026-07-13 13:00,2705.0,2779.5,-2.68,7980900,2780.5,2666.0,3766.0,1729.0
2026-07-13 13:22:36,2026-07-13 13:07,2697.5,2779.5,-2.95,8201000,2780.5,2666.0,3766.0,1729.0
2026-07-13 13:25:32,2026-07-13 13:10,2698.0,2779.5,-2.93,8258200,2780.5,2666.0,3766.0,1729.0
2026-07-13 13:32:40,2026-07-13 13:17,2694.0,2779.5,-3.08,8407700,2780.5,2666.0,3766.0,1729.0
2026-07-13 13:35:41,2026-07-13 13:20,2698.5,2779.5,-2.91,8457000,2780.5,2666.0,3766.0,1729.0
2026-07-13 13:40:31,2026-07-13 13:25,2704.0,2779.5,-2.72,8543400,2780.5,2666.0,3766.0,1729.0
2026-07-13 13:45:41,2026-07-13 13:30,2699.5,2779.5,-2.88,8626400,2780.5,2666.0,3766.0,1729.0
2026-07-13 13:50:33,2026-07-13 13:35,2700.0,2779.5,-2.86,8684400,2780.5,2666.0,3766.0,1729.0
2026-07-13 13:55:42,2026-07-13 13:40,2701.0,2779.5,-2.82,8753100,2780.5,2666.0,3766.0,1729.0
2026-07-13 14:00:29,2026-07-13 13:45,2699.5,2779.5,-2.88,8816600,2780.5,2666.0,3766.0,1729.0
2026-07-13 14:05:29,2026-07-13 13:50,2699.0,2779.5,-2.9,8870400,2780.5,2666.0,3766.0,1729.0
2026-07-13 14:10:29,2026-07-13 13:55,2703.5,2779.5,-2.73,8932800,2780.5,2666.0,3766.0,1729.0
2026-07-13 14:15:43,2026-07-13 14:00,2702.5,2779.5,-2.77,8994200,2780.5,2666.0,3766.0,1729.0
2026-07-13 14:20:32,2026-07-13 14:05,2709.0,2779.5,-2.54,9077300,2780.5,2666.0,3766.0,1729.0
2026-07-13 14:25:40,2026-07-13 14:10,2711.0,2779.5,-2.46,9124500,2780.5,2666.0,3766.0,1729.0
2026-07-13 14:30:34,2026-07-13 14:15,2705.0,2779.5,-2.68,9182300,2780.5,2666.0,3766.0,1729.0
2026-07-13 14:35:35,2026-07-13 14:20,2708.0,2779.5,-2.57,9731100,2780.5,2666.0,3766.0,1729.0
2026-07-13 14:40:33,2026-07-13 14:25,2703.0,2779.5,-2.75,9791900,2780.5,2666.0,3766.0,1729.0
2026-07-13 14:45:33,2026-07-13 14:30,2696.5,2779.5,-2.99,9888700,2780.5,2666.0,3766.0,1729.0
2026-07-13 14:50:33,2026-07-13 14:35,2716.0,2779.5,-2.28,10010900,2780.5,2666.0,3766.0,1729.0
2026-07-13 14:55:29,2026-07-13 14:40,2716.5,2779.5,-2.27,10124600,2780.5,2666.0,3766.0,1729.0
2026-07-13 15:00:31,2026-07-13 14:45,2717.5,2779.5,-2.23,10220000,2780.5,2666.0,3766.0,1729.0
2026-07-13 15:05:43,2026-07-13 14:50,2717.0,2779.5,-2.25,10323900,2780.5,2666.0,3766.0,1729.0
2026-07-13 15:10:30,2026-07-13 14:55,2722.5,2779.5,-2.05,10451600,2780.5,2666.0,3766.0,1729.0
2026-07-13 15:15:38,2026-07-13 15:00,2722.5,2779.5,-2.05,10553600,2780.5,2666.0,3766.0,1729.0
2026-07-13 15:20:38,2026-07-13 15:05,2723.0,2779.5,-2.03,10702100,2780.5,2666.0,3766.0,1729.0
2026-07-13 15:25:37,2026-07-13 15:10,2723.5,2779.5,-2.01,10831900,2780.5,2666.0,3766.0,1729.0
2026-07-13 15:30:30,2026-07-13 15:15,2724.5,2779.5,-1.98,10981400,2780.5,2666.0,3766.0,1729.0
2026-07-13 15:40:30,2026-07-13 15:24,2723.5,2779.5,-2.01,11371500,2780.5,2666.0,3766.0,1729.0
2026-07-14 09:00:30,2026-07-13 15:30,2716.5,2779.5,-2.27,12620500,2780.5,2666.0,3766.0,1729.0
2026-07-14 09:05:33,2026-07-13 15:30,2716.5,2779.5,-2.27,12620500,2780.5,2666.0,3766.0,1729.0
2026-07-14 09:10:57,2026-07-13 15:30,2716.5,2779.5,-2.27,12620500,2780.5,2666.0,3766.0,1729.0
2026-07-14 09:15:31,2026-07-14 09:00,2716.5,2779.5,-2.27,12946800,2727.0,2703.0,3766.0,1729.0
2026-07-14 09:20:33,2026-07-14 09:05,2687.0,2716.5,-1.09,869600,2727.0,2672.0,3766.0,1729.0
2026-07-14 09:25:37,2026-07-14 09:10,2702.5,2716.5,-0.52,1168100,2727.0,2672.0,3766.0,1729.0
2026-07-14 09:30:29,2026-07-14 09:15,2686.0,2716.5,-1.12,1387700,2727.0,2672.0,3766.0,1729.0
2026-07-14 09:35:33,2026-07-14 09:20,2678.0,2716.5,-1.42,1628800,2727.0,2672.0,3766.0,1729.0
2026-07-14 09:40:36,2026-07-14 09:25,2669.0,2716.5,-1.75,1861600,2727.0,2668.5,3766.0,1729.0
2026-07-14 09:45:38,2026-07-14 09:30,2677.0,2716.5,-1.45,2108400,2727.0,2661.0,3766.0,1729.0
2026-07-14 09:50:31,2026-07-14 09:35,2676.0,2716.5,-1.49,2279000,2727.0,2661.0,3766.0,1729.0
2026-07-14 09:55:34,2026-07-14 09:40,2663.5,2716.5,-1.95,2446300,2727.0,2661.0,3766.0,1729.0
2026-07-14 10:00:31,2026-07-14 09:45,2657.5,2716.5,-2.17,2749000,2727.0,2652.0,3766.0,1729.0
2026-07-14 10:05:31,2026-07-14 09:50,2660.0,2716.5,-2.08,2899000,2727.0,2652.0,3766.0,1729.0
2026-07-14 10:10:30,2026-07-14 09:55,2673.0,2716.5,-1.6,3061700,2727.0,2652.0,3766.0,1729.0
2026-07-14 10:15:40,2026-07-14 10:00,2679.0,2716.5,-1.38,3275200,2727.0,2652.0,3766.0,1729.0
2026-07-14 10:20:31,2026-07-14 10:05,2686.5,2716.5,-1.1,3426600,2727.0,2652.0,3766.0,1729.0
2026-07-14 10:25:31,2026-07-14 10:10,2684.5,2716.5,-1.18,3554800,2727.0,2652.0,3766.0,1729.0
2026-07-14 10:30:37,2026-07-14 10:15,2677.5,2716.5,-1.44,3681900,2727.0,2652.0,3766.0,1729.0
2026-07-14 10:35:41,2026-07-14 10:20,2682.5,2716.5,-1.25,3777600,2727.0,2652.0,3766.0,1729.0
2026-07-14 10:40:40,2026-07-14 10:25,2678.0,2716.5,-1.42,3898300,2727.0,2652.0,3766.0,1729.0
2026-07-14 10:45:34,2026-07-14 10:30,2676.5,2716.5,-1.47,3996100,2727.0,2652.0,3766.0,1729.0
2026-07-14 10:50:34,2026-07-14 10:35,2664.0,2716.5,-1.93,4142100,2727.0,2652.0,3766.0,1729.0
2026-07-14 10:55:34,2026-07-14 10:40,2665.5,2716.5,-1.88,4289900,2727.0,2652.0,3766.0,1729.0
2026-07-14 11:00:30,2026-07-14 10:45,2668.0,2716.5,-1.79,4401300,2727.0,2652.0,3766.0,1729.0
2026-07-14 11:05:38,2026-07-14 10:50,2671.5,2716.5,-1.66,4506800,2727.0,2652.0,3766.0,1729.0
2026-07-14 11:10:45,2026-07-14 10:55,2663.5,2716.5,-1.95,4621200,2727.0,2652.0,3766.0,1729.0
2026-07-14 11:15:38,2026-07-14 11:00,2656.5,2716.5,-2.21,4861400,2727.0,2652.0,3766.0,1729.0
2026-07-14 11:20:57,2026-07-14 11:05,2659.5,2716.5,-2.1,4964200,2727.0,2652.0,3766.0,1729.0
2026-07-14 11:25:30,2026-07-14 11:10,2661.5,2716.5,-2.02,5052000,2727.0,2652.0,3766.0,1729.0
2026-07-14 11:30:55,2026-07-14 11:15,2657.0,2716.5,-2.19,5138700,2727.0,2652.0,3766.0,1729.0
2026-07-14 12:30:42,2026-07-14 11:30,2655.0,2716.5,-2.26,5690700,2727.0,2648.0,3766.0,1729.0
2026-07-14 12:35:34,2026-07-14 11:30,2655.0,2716.5,-2.26,5690700,2727.0,2648.0,3766.0,1729.0
2026-07-14 12:40:31,2026-07-14 11:30,2655.0,2716.5,-2.26,5690700,2727.0,2648.0,3766.0,1729.0
2026-07-14 12:45:35,2026-07-14 12:30,2669.5,2716.5,-1.73,5831700,2727.0,2648.0,3766.0,1729.0
2026-07-14 12:50:31,2026-07-14 12:35,2679.5,2716.5,-1.36,6015900,2727.0,2648.0,3766.0,1729.0
2026-07-14 12:55:40,2026-07-14 12:40,2680.5,2716.5,-1.33,6180300,2727.0,2648.0,3766.0,1729.0
2026-07-14 13:00:53,2026-07-14 12:45,2686.0,2716.5,-1.12,6304600,2727.0,2648.0,3766.0,1729.0
2026-07-14 13:05:38,2026-07-14 12:50,2692.0,2716.5,-0.9,6448900,2727.0,2648.0,3766.0,1729.0
2026-07-14 13:10:38,2026-07-14 12:55,2696.0,2716.5,-0.75,6562700,2727.0,2648.0,3766.0,1729.0
2026-07-14 13:15:35,2026-07-14 13:00,2698.5,2716.5,-0.66,6642200,2727.0,2648.0,3766.0,1729.0
2026-07-14 13:20:38,2026-07-14 13:05,2699.5,2716.5,-0.63,6783000,2727.0,2648.0,3766.0,1729.0
2026-07-14 13:25:30,2026-07-14 13:10,2694.5,2716.5,-0.81,6850800,2727.0,2648.0,3766.0,1729.0
2026-07-14 13:30:35,2026-07-14 13:15,2691.5,2716.5,-0.92,6991200,2727.0,2648.0,3766.0,1729.0
2026-07-14 13:35:30,2026-07-14 13:20,2689.0,2716.5,-1.01,7074400,2727.0,2648.0,3766.0,1729.0
2026-07-14 13:40:49,2026-07-14 13:25,2688.5,2716.5,-1.03,7179700,2727.0,2648.0,3766.0,1729.0
2026-07-14 13:45:30,2026-07-14 13:30,2698.5,2716.5,-0.66,7260000,2727.0,2648.0,3766.0,1729.0
2026-07-14 13:50:34,2026-07-14 13:35,2699.0,2716.5,-0.64,7334700,2727.0,2648.0,3766.0,1729.0
2026-07-14 13:55:32,2026-07-14 13:40,2703.5,2716.5,-0.48,7410100,2727.0,2648.0,3766.0,1729.0
2026-07-14 14:00:36,2026-07-14 13:45,2700.0,2716.5,-0.61,7483700,2727.0,2648.0,3766.0,1729.0
2026-07-14 14:05:31,2026-07-14 13:50,2702.0,2716.5,-0.53,7541200,2727.0,2648.0,3766.0,1729.0
2026-07-14 14:10:32,2026-07-14 13:55,2697.0,2716.5,-0.72,7620800,2727.0,2648.0,3766.0,1729.0
2026-07-14 14:15:30,2026-07-14 14:00,2701.5,2716.5,-0.55,7740700,2727.0,2648.0,3766.0,1729.0
2026-07-14 14:20:34,2026-07-14 14:05,2704.0,2716.5,-0.46,7820600,2727.0,2648.0,3766.0,1729.0
2026-07-14 14:25:37,2026-07-14 14:10,2711.0,2716.5,-0.2,7936200,2727.0,2648.0,3766.0,1729.0
2026-07-14 14:30:29,2026-07-14 14:15,2721.5,2716.5,0.18,8073200,2727.0,2648.0,3766.0,1729.0
2026-07-14 14:35:38,2026-07-14 14:20,2720.0,2716.5,0.13,8145200,2727.0,2648.0,3766.0,1729.0
2026-07-14 14:40:35,2026-07-14 14:25,2719.5,2716.5,0.11,8328700,2727.0,2648.0,3766.0,1729.0
2026-07-14 14:45:32,2026-07-14 14:30,2726.0,2716.5,0.35,8424500,2727.0,2648.0,3766.0,1729.0
2026-07-14 14:50:31,2026-07-14 14:35,2724.0,2716.5,0.28,8549700,2731.0,2648.0,3766.0,1729.0
2026-07-14 14:55:38,2026-07-14 14:40,2722.0,2716.5,0.2,8648100,2731.0,2648.0,3766.0,1729.0
2026-07-14 15:00:37,2026-07-14 14:45,2717.5,2716.5,0.04,8775300,2731.0,2648.0,3766.0,1729.0
2026-07-14 15:05:47,2026-07-14 14:50,2714.0,2716.5,-0.09,8921700,2731.0,2648.0,3766.0,1729.0
2026-07-14 15:10:31,2026-07-14 14:55,2713.0,2716.5,-0.13,9099900,2731.0,2648.0,3766.0,1729.0
2026-07-14 15:15:41,2026-07-14 15:00,2709.0,2716.5,-0.28,9393300,2731.0,2648.0,3766.0,1729.0
2026-07-14 15:20:38,2026-07-14 15:05,2702.5,2716.5,-0.52,9705900,2731.0,2648.0,3766.0,1729.0
2026-07-14 15:25:29,2026-07-14 15:10,2708.5,2716.5,-0.29,10067400,2731.0,2648.0,3766.0,1729.0
2026-07-14 15:30:37,2026-07-14 15:15,2707.0,2716.5,-0.35,10367700,2731.0,2648.0,3766.0,1729.0
2026-07-14 15:40:52,2026-07-14 15:24,2705.5,2716.5,-0.4,11129100,2731.0,2648.0,3766.0,1729.0
2026-07-15 09:05:29,2026-07-14 15:30,2690.0,2716.5,-0.98,14924100,2731.0,2648.0,3766.0,1729.0
2026-07-15 09:10:29,2026-07-14 15:30,2690.0,2716.5,-0.98,14924100,2731.0,2648.0,3766.0,1729.0
2026-07-15 09:15:43,2026-07-15 09:00,2690.0,2716.5,-0.98,18011900,2689.5,2648.0,3766.0,1729.0
2026-07-15 09:20:28,2026-07-15 09:05,2637.0,2690.0,-1.97,4320000,2689.5,2633.5,3766.0,1729.0
2026-07-15 09:25:35,2026-07-15 09:10,2636.5,2690.0,-1.99,5698700,2689.5,2611.0,3766.0,1729.0
2026-07-15 09:30:37,2026-07-15 09:15,2663.0,2690.0,-1.0,6780000,2689.5,2611.0,3766.0,1729.0
2026-07-15 09:35:29,2026-07-15 09:20,2658.5,2690.0,-1.17,7401100,2689.5,2611.0,3766.0,1729.0
2026-07-15 09:40:35,2026-07-15 09:25,2658.0,2690.0,-1.19,7900500,2689.5,2611.0,3766.0,1729.0
2026-07-15 09:45:31,2026-07-15 09:30,2657.5,2690.0,-1.21,8409900,2689.5,2611.0,3766.0,1729.0
2026-07-15 09:50:35,2026-07-15 09:35,2660.0,2690.0,-1.12,8796000,2689.5,2611.0,3766.0,1729.0
2026-07-15 09:55:30,2026-07-15 09:40,2662.0,2690.0,-1.04,9115700,2689.5,2611.0,3766.0,1729.0
2026-07-15 10:00:39,2026-07-15 09:45,2659.5,2690.0,-1.13,9428600,2689.5,2611.0,3766.0,1729.0
2026-07-15 10:05:41,2026-07-15 09:50,2661.5,2690.0,-1.06,9917100,2689.5,2611.0,3766.0,1729.0
2026-07-15 10:10:34,2026-07-15 09:55,2676.0,2690.0,-0.52,10220700,2689.5,2611.0,3766.0,1729.0
2026-07-15 10:15:30,2026-07-15 10:00,2667.0,2690.0,-0.86,10930300,2690.5,2611.0,3766.0,1729.0
2026-07-15 10:20:29,2026-07-15 10:05,2665.0,2690.0,-0.93,11492800,2690.5,2611.0,3766.0,1729.0
2026-07-15 10:25:30,2026-07-15 10:10,2678.0,2690.0,-0.45,11756700,2690.5,2611.0,3766.0,1729.0
2026-07-15 10:30:37,2026-07-15 10:15,2660.0,2690.0,-1.12,12023000,2690.5,2611.0,3766.0,1729.0
2026-07-15 10:35:28,2026-07-15 10:20,2673.5,2690.0,-0.61,12230500,2690.5,2611.0,3766.0,1729.0
2026-07-15 10:40:31,2026-07-15 10:25,2677.0,2690.0,-0.48,12419600,2690.5,2611.0,3766.0,1729.0
2026-07-15 10:45:37,2026-07-15 10:30,2671.5,2690.0,-0.69,12656500,2690.5,2611.0,3766.0,1729.0
2026-07-15 10:50:45,2026-07-15 10:35,2673.0,2690.0,-0.63,12833700,2690.5,2611.0,3766.0,1729.0
2026-07-15 10:55:28,2026-07-15 10:40,2684.5,2690.0,-0.2,13024000,2690.5,2611.0,3766.0,1729.0
2026-07-15 11:00:32,2026-07-15 10:45,2688.5,2690.0,-0.06,13406800,2695.0,2611.0,3766.0,1729.0
2026-07-15 11:05:42,2026-07-15 10:50,2695.5,2690.0,0.2,13683400,2696.0,2611.0,3766.0,1729.0
2026-07-15 11:10:38,2026-07-15 10:55,2699.0,2690.0,0.33,13967600,2703.0,2611.0,3766.0,1729.0
2026-07-15 11:15:31,2026-07-15 11:00,2702.0,2690.0,0.45,14185300,2705.0,2611.0,3766.0,1729.0
2026-07-15 11:20:36,2026-07-15 11:05,2717.0,2690.0,1.0,14645600,2717.5,2611.0,3766.0,1729.0
2026-07-15 11:25:36,2026-07-15 11:10,2719.0,2690.0,1.08,15008500,2723.5,2611.0,3766.0,1729.0
2026-07-15 11:30:29,2026-07-15 11:15,2717.0,2690.0,1.0,15163400,2723.5,2611.0,3766.0,1729.0
2026-07-15 12:30:32,2026-07-15 11:30,2728.0,2690.0,1.41,15827800,2732.5,2611.0,3766.0,1729.0
2026-07-15 12:35:38,2026-07-15 11:30,2728.0,2690.0,1.41,15827800,2732.5,2611.0,3766.0,1729.0
2026-07-15 12:40:33,2026-07-15 11:30,2728.0,2690.0,1.41,15827800,2732.5,2611.0,3766.0,1729.0
2026-07-15 12:45:34,2026-07-15 12:30,2714.0,2690.0,0.89,16480200,2732.5,2611.0,3766.0,1729.0
2026-07-15 12:50:34,2026-07-15 12:35,2705.5,2690.0,0.58,17129200,2732.5,2611.0,3766.0,1729.0
2026-07-15 12:55:31,2026-07-15 12:40,2710.0,2690.0,0.74,17378800,2732.5,2611.0,3766.0,1729.0
2026-07-15 13:00:36,2026-07-15 12:45,2722.0,2690.0,1.19,17539100,2732.5,2611.0,3766.0,1729.0
2026-07-15 13:05:31,2026-07-15 12:50,2720.5,2690.0,1.13,17804200,2732.5,2611.0,3766.0,1729.0
2026-07-15 13:10:32,2026-07-15 12:55,2718.0,2690.0,1.04,18013600,2732.5,2611.0,3766.0,1729.0
2026-07-15 13:15:34,2026-07-15 13:00,2722.0,2690.0,1.19,18284300,2732.5,2611.0,3766.0,1729.0
2026-07-15 13:20:39,2026-07-15 13:05,2729.0,2690.0,1.45,18629600,2732.5,2611.0,3766.0,1729.0
2026-07-15 13:25:38,2026-07-15 13:10,2735.5,2690.0,1.69,19001900,2737.0,2611.0,3766.0,1729.0
2026-07-15 13:30:28,2026-07-15 13:15,2739.0,2690.0,1.82,19323000,2743.0,2611.0,3766.0,1729.0
2026-07-15 13:35:34,2026-07-15 13:20,2737.5,2690.0,1.77,19514100,2743.0,2611.0,3766.0,1729.0
2026-07-15 13:40:40,2026-07-15 13:25,2730.0,2690.0,1.49,19669000,2743.0,2611.0,3766.0,1729.0
2026-07-15 13:45:32,2026-07-15 13:30,2728.5,2690.0,1.43,19779800,2743.0,2611.0,3766.0,1729.0
2026-07-15 13:50:32,2026-07-15 13:35,2732.5,2690.0,1.58,19910800,2743.0,2611.0,3766.0,1729.0
2026-07-15 13:55:35,2026-07-15 13:40,2728.5,2690.0,1.43,20068700,2743.0,2611.0,3766.0,1729.0
2026-07-15 14:00:34,2026-07-15 13:45,2734.0,2690.0,1.64,20212800,2743.0,2611.0,3766.0,1729.0
2026-07-15 14:05:40,2026-07-15 13:50,2734.0,2690.0,1.64,20347100,2743.0,2611.0,3766.0,1729.0
2026-07-15 14:10:34,2026-07-15 13:55,2740.0,2690.0,1.86,20654300,2746.5,2611.0,3766.0,1729.0
2026-07-15 14:15:29,2026-07-15 14:00,2739.5,2690.0,1.84,20780500,2746.5,2611.0,3766.0,1729.0
2026-07-15 14:20:38,2026-07-15 14:05,2742.0,2690.0,1.93,20917000,2746.5,2611.0,3766.0,1729.0
2026-07-15 14:25:33,2026-07-15 14:10,2741.0,2690.0,1.9,21173200,2746.5,2611.0,3766.0,1729.0
2026-07-15 14:30:29,2026-07-15 14:15,2740.5,2690.0,1.88,21278400,2746.5,2611.0,3766.0,1729.0
2026-07-15 14:35:30,2026-07-15 14:20,2740.0,2690.0,1.86,21419600,2746.5,2611.0,3766.0,1729.0
2026-07-15 14:40:39,2026-07-15 14:25,2749.5,2690.0,2.21,21813900,2752.5,2611.0,3766.0,1729.0
2026-07-15 14:45:51,2026-07-15 14:30,2749.5,2690.0,2.21,22061200,2753.5,2611.0,3766.0,1729.0
2026-07-15 14:50:30,2026-07-15 14:35,2748.5,2690.0,2.17,22239100,2753.5,2611.0,3766.0,1729.0
2026-07-15 14:55:30,2026-07-15 14:40,2746.0,2690.0,2.08,22395200,2753.5,2611.0,3766.0,1729.0
2026-07-15 15:00:40,2026-07-15 14:45,2747.5,2690.0,2.14,22635000,2753.5,2611.0,3766.0,1729.0
2026-07-15 15:05:32,2026-07-15 14:50,2743.5,2690.0,1.99,22735700,2753.5,2611.0,3766.0,1729.0
2026-07-15 15:10:29,2026-07-15 14:55,2745.5,2690.0,2.06,22856300,2753.5,2611.0,3766.0,1729.0
2026-07-15 15:15:31,2026-07-15 15:00,2747.5,2690.0,2.14,23059900,2753.5,2611.0,3766.0,1729.0
2026-07-15 15:20:38,2026-07-15 15:05,2750.0,2690.0,2.23,23235600,2753.5,2611.0,3766.0,1729.0
2026-07-15 15:25:30,2026-07-15 15:10,2746.0,2690.0,2.08,23446500,2753.5,2611.0,3766.0,1729.0
2026-07-15 15:30:36,2026-07-15 15:15,2742.0,2690.0,1.93,23701600,2753.5,2611.0,3766.0,1729.0
2026-07-15 15:41:15,2026-07-15 15:24,2735.0,2690.0,1.67,24357900,2753.5,2611.0,3766.0,1729.0
2026-07-16 09:05:31,2026-07-15 15:30,2725.5,2690.0,1.32,26918000,2753.5,2611.0,3766.0,1729.0
2026-07-16 09:10:33,2026-07-15 15:30,2725.5,2690.0,1.32,26918000,2753.5,2611.0,3766.0,1729.0
2026-07-16 09:15:37,2026-07-16 09:00,2725.5,2690.0,1.32,27579900,2775.5,2744.0,3766.0,1729.0
2026-07-16 09:20:34,2026-07-16 09:05,2769.5,2725.5,1.61,1784000,2790.5,2742.5,3766.0,1729.0
2026-07-16 09:25:31,2026-07-16 09:10,2777.0,2725.5,1.89,2396800,2790.5,2742.5,3766.0,1729.0
2026-07-16 09:30:31,2026-07-16 09:15,2765.0,2725.5,1.45,2986900,2790.5,2742.5,3766.0,1729.0
2026-07-16 09:35:28,2026-07-16 09:20,2763.5,2725.5,1.39,3618500,2790.5,2742.5,3766.0,1729.0
2026-07-16 09:40:30,2026-07-16 09:25,2750.5,2725.5,0.92,4160200,2790.5,2742.5,3766.0,1729.0
2026-07-16 09:45:34,2026-07-16 09:30,2736.5,2725.5,0.4,4743400,2790.5,2719.0,3766.0,1729.0
2026-07-16 09:50:40,2026-07-16 09:35,2743.5,2725.5,0.66,4961300,2790.5,2719.0,3766.0,1729.0
2026-07-16 09:55:31,2026-07-16 09:40,2739.0,2725.5,0.5,5192600,2790.5,2719.0,3766.0,1729.0
2026-07-16 10:00:30,2026-07-16 09:45,2728.5,2725.5,0.11,5367300,2790.5,2719.0,3766.0,1729.0
2026-07-16 10:05:40,2026-07-16 09:50,2726.5,2725.5,0.04,5743800,2790.5,2712.5,3766.0,1729.0
2026-07-16 10:10:39,2026-07-16 09:55,2729.5,2725.5,0.15,5943500,2790.5,2712.5,3766.0,1729.0
2026-07-16 10:15:35,2026-07-16 10:00,2724.5,2725.5,-0.04,6106300,2790.5,2712.5,3766.0,1729.0
2026-07-16 10:20:30,2026-07-16 10:05,2716.0,2725.5,-0.35,6733800,2790.5,2709.5,3766.0,1729.0
2026-07-16 10:25:42,2026-07-16 10:10,2715.0,2725.5,-0.39,6993400,2790.5,2708.0,3766.0,1729.0
2026-07-16 10:30:34,2026-07-16 10:15,2720.0,2725.5,-0.2,7106600,2790.5,2708.0,3766.0,1729.0
2026-07-16 10:35:31,2026-07-16 10:20,2726.5,2725.5,0.04,7266100,2790.5,2708.0,3766.0,1729.0
2026-07-16 10:40:32,2026-07-16 10:25,2717.5,2725.5,-0.29,7423500,2790.5,2708.0,3766.0,1729.0
2026-07-16 10:45:30,2026-07-16 10:30,2718.0,2725.5,-0.28,7505700,2790.5,2708.0,3766.0,1729.0
2026-07-16 10:50:32,2026-07-16 10:35,2721.5,2725.5,-0.15,7641600,2790.5,2708.0,3766.0,1729.0
2026-07-16 10:55:36,2026-07-16 10:40,2727.5,2725.5,0.07,7864800,2790.5,2708.0,3766.0,1729.0
2026-07-16 11:00:33,2026-07-16 10:45,2734.0,2725.5,0.31,8190300,2790.5,2708.0,3766.0,1729.0
2026-07-16 11:05:34,2026-07-16 10:50,2751.5,2725.5,0.95,8411800,2790.5,2708.0,3766.0,1729.0
2026-07-16 11:10:32,2026-07-16 10:55,2751.0,2725.5,0.94,8531200,2790.5,2708.0,3766.0,1729.0
2026-07-16 11:15:33,2026-07-16 11:00,2745.0,2725.5,0.72,8719800,2790.5,2708.0,3766.0,1729.0
2026-07-16 11:20:54,2026-07-16 11:05,2747.0,2725.5,0.79,8819400,2790.5,2708.0,3766.0,1729.0
2026-07-16 11:25:33,2026-07-16 11:10,2740.5,2725.5,0.55,8908000,2790.5,2708.0,3766.0,1729.0
2026-07-16 11:30:35,2026-07-16 11:15,2738.0,2725.5,0.46,9004400,2790.5,2708.0,3766.0,1729.0
2026-07-16 12:30:36,2026-07-16 11:30,2737.0,2725.5,0.42,9293200,2790.5,2708.0,3766.0,1729.0
2026-07-16 12:35:32,2026-07-16 11:30,2737.0,2725.5,0.42,9293200,2790.5,2708.0,3766.0,1729.0
2026-07-16 12:40:29,2026-07-16 11:30,2737.0,2725.5,0.42,9293200,2790.5,2708.0,3766.0,1729.0
2026-07-16 12:45:42,2026-07-16 12:30,2743.5,2725.5,0.66,9507500,2790.5,2708.0,3766.0,1729.0
2026-07-16 12:50:33,2026-07-16 12:35,2752.5,2725.5,0.99,9630800,2790.5,2708.0,3766.0,1729.0
2026-07-16 12:55:40,2026-07-16 12:40,2751.0,2725.5,0.94,9760100,2790.5,2708.0,3766.0,1729.0
2026-07-16 13:00:37,2026-07-16 12:45,2765.5,2725.5,1.47,10142000,2790.5,2708.0,3766.0,1729.0
2026-07-16 13:05:36,2026-07-16 12:50,2774.5,2725.5,1.8,10354800,2790.5,2708.0,3766.0,1729.0
2026-07-16 13:10:41,2026-07-16 12:55,2775.5,2725.5,1.83,10511400,2790.5,2708.0,3766.0,1729.0
2026-07-16 13:15:31,2026-07-16 13:00,2793.0,2725.5,2.48,11054500,2795.5,2708.0,3766.0,1729.0
2026-07-16 13:20:40,2026-07-16 13:05,2782.0,2725.5,2.07,11610200,2797.0,2708.0,3766.0,1729.0
2026-07-16 13:25:37,2026-07-16 13:10,2776.0,2725.5,1.85,11801600,2797.0,2708.0,3766.0,1729.0
2026-07-16 13:30:43,2026-07-16 13:15,2789.0,2725.5,2.33,12168500,2797.5,2708.0,3766.0,1729.0
2026-07-16 13:35:30,2026-07-16 13:20,2793.5,2725.5,2.49,12458900,2797.5,2708.0,3766.0,1729.0
2026-07-16 13:40:33,2026-07-16 13:25,2778.0,2725.5,1.93,12626700,2797.5,2708.0,3766.0,1729.0
2026-07-16 13:45:29,2026-07-16 13:30,2768.5,2725.5,1.58,12742800,2797.5,2708.0,3766.0,1729.0
2026-07-16 13:50:31,2026-07-16 13:35,2764.5,2725.5,1.43,12840800,2797.5,2708.0,3766.0,1729.0
2026-07-16 13:55:40,2026-07-16 13:40,2751.5,2725.5,0.95,12951200,2797.5,2708.0,3766.0,1729.0
2026-07-16 14:00:46,2026-07-16 13:45,2756.0,2725.5,1.12,13044900,2797.5,2708.0,3766.0,1729.0
2026-07-16 14:05:32,2026-07-16 13:50,2756.5,2725.5,1.14,13129700,2797.5,2708.0,3766.0,1729.0
2026-07-16 14:10:35,2026-07-16 13:55,2755.0,2725.5,1.08,13207600,2797.5,2708.0,3766.0,1729.0
2026-07-16 14:15:35,2026-07-16 14:00,2756.5,2725.5,1.14,13293000,2797.5,2708.0,3766.0,1729.0
2026-07-16 14:20:32,2026-07-16 14:05,2759.5,2725.5,1.25,13389900,2797.5,2708.0,3766.0,1729.0
2026-07-16 14:25:45,2026-07-16 14:10,2754.0,2725.5,1.05,13492200,2797.5,2708.0,3766.0,1729.0
2026-07-16 14:30:29,2026-07-16 14:15,2767.0,2725.5,1.52,13596200,2797.5,2708.0,3766.0,1729.0
2026-07-16 14:35:36,2026-07-16 14:20,2763.5,2725.5,1.39,13680900,2797.5,2708.0,3766.0,1729.0
2026-07-16 14:40:30,2026-07-16 14:25,2761.5,2725.5,1.32,13776600,2797.5,2708.0,3766.0,1729.0
2026-07-16 14:45:42,2026-07-16 14:30,2764.0,2725.5,1.41,13877600,2797.5,2708.0,3766.0,1729.0
2026-07-16 14:50:32,2026-07-16 14:35,2751.5,2725.5,0.95,13997000,2797.5,2708.0,3766.0,1729.0
2026-07-16 14:55:32,2026-07-16 14:38,2737.0,2725.5,0.42,14066100,2797.5,2708.0,3766.0,1729.0
2026-07-16 15:00:36,2026-07-16 14:45,2749.0,2725.5,0.86,14245000,2797.5,2708.0,3766.0,1729.0
2026-07-16 15:05:28,2026-07-16 14:50,2747.0,2725.5,0.79,14342500,2797.5,2708.0,3766.0,1729.0
2026-07-16 15:10:32,2026-07-16 14:55,2749.5,2725.5,0.88,14416400,2797.5,2708.0,3766.0,1729.0
2026-07-16 15:15:52,2026-07-16 15:00,2745.5,2725.5,0.73,14530500,2797.5,2708.0,3766.0,1729.0
2026-07-16 15:20:41,2026-07-16 15:05,2741.0,2725.5,0.57,14644200,2797.5,2708.0,3766.0,1729.0
2026-07-16 15:25:35,2026-07-16 15:10,2740.5,2725.5,0.55,14839400,2797.5,2708.0,3766.0,1729.0
2026-07-16 15:30:30,2026-07-16 15:15,2746.0,2725.5,0.75,14983400,2797.5,2708.0,3766.0,1729.0
2026-07-16 15:40:33,2026-07-16 15:24,2744.5,2725.5,0.7,15434900,2797.5,2708.0,3766.0,1729.0
2026-07-17 09:05:45,2026-07-16 15:30,2737.5,2725.5,0.44,16818600,2797.5,2708.0,3766.0,1729.0
2026-07-17 09:10:56,2026-07-16 15:30,2737.5,2725.5,0.44,16818600,2797.5,2708.0,3766.0,1729.0
2026-07-17 09:15:31,2026-07-16 15:30,2737.5,2725.5,0.44,16818600,2797.5,2708.0,3766.0,1729.0
2026-07-17 09:20:36,2026-07-17 09:05,2653.0,2737.5,-3.09,1656700,2690.5,2653.0,3766.0,1729.0
2026-07-17 09:25:31,2026-07-17 09:10,2658.0,2737.5,-2.9,2326500,2690.5,2642.0,3766.0,1729.0
2026-07-17 09:30:32,2026-07-17 09:15,2639.5,2737.5,-3.58,2798600,2690.5,2630.0,3766.0,1729.0
2026-07-17 09:35:40,2026-07-17 09:20,2649.5,2737.5,-3.21,3188600,2690.5,2630.0,3766.0,1729.0
2026-07-17 09:40:29,2026-07-17 09:25,2646.0,2737.5,-3.34,3464800,2690.5,2630.0,3766.0,1729.0
2026-07-17 09:45:33,2026-07-17 09:30,2622.5,2737.5,-4.2,3955700,2690.5,2622.0,3766.0,1729.0
2026-07-17 09:50:39,2026-07-17 09:35,2619.0,2737.5,-4.33,4335500,2690.5,2616.0,3766.0,1729.0
2026-07-17 09:55:36,2026-07-17 09:40,2618.0,2737.5,-4.37,4705500,2690.5,2612.5,3766.0,1729.0
2026-07-17 10:00:39,2026-07-17 09:45,2607.5,2737.5,-4.75,5060200,2690.5,2606.0,3766.0,1729.0
2026-07-17 10:05:28,2026-07-17 09:50,2621.5,2737.5,-4.24,5328400,2690.5,2606.0,3766.0,1729.0
2026-07-17 10:10:40,2026-07-17 09:55,2634.0,2737.5,-3.78,5538900,2690.5,2606.0,3766.0,1729.0
2026-07-17 10:15:31,2026-07-17 10:00,2612.0,2737.5,-4.58,5769400,2690.5,2606.0,3766.0,1729.0
2026-07-17 10:20:38,2026-07-17 10:05,2597.0,2737.5,-5.13,6587100,2690.5,2597.0,3766.0,1729.0
2026-07-17 10:25:47,2026-07-17 10:10,2624.5,2737.5,-4.13,6854400,2690.5,2594.0,3766.0,1729.0
2026-07-17 10:30:31,2026-07-17 10:15,2631.0,2737.5,-3.89,7027500,2690.5,2594.0,3766.0,1729.0
2026-07-17 10:35:34,2026-07-17 10:20,2638.0,2737.5,-3.63,7291100,2690.5,2594.0,3766.0,1729.0
2026-07-17 10:40:47,2026-07-17 10:25,2621.5,2737.5,-4.24,7483400,2690.5,2594.0,3766.0,1729.0
2026-07-17 10:45:45,2026-07-17 10:30,2613.5,2737.5,-4.53,7629800,2690.5,2594.0,3766.0,1729.0
2026-07-17 10:50:42,2026-07-17 10:35,2598.0,2737.5,-5.1,7836200,2690.5,2594.0,3766.0,1729.0
2026-07-17 10:55:34,2026-07-17 10:40,2597.0,2737.5,-5.13,8117900,2690.5,2588.0,3766.0,1729.0
2026-07-17 11:00:41,2026-07-17 10:45,2589.0,2737.5,-5.42,8382400,2690.5,2584.0,3766.0,1729.0
2026-07-17 11:05:41,2026-07-17 10:50,2589.5,2737.5,-5.41,8488800,2690.5,2584.0,3766.0,1729.0
2026-07-17 11:10:41,2026-07-17 10:55,2589.5,2737.5,-5.41,8592300,2690.5,2584.0,3766.0,1729.0
2026-07-17 11:15:31,2026-07-17 11:00,2594.0,2737.5,-5.24,8755500,2690.5,2584.0,3766.0,1729.0
2026-07-17 11:20:33,2026-07-17 11:05,2591.5,2737.5,-5.33,9027000,2690.5,2584.0,3766.0,1729.0
2026-07-17 11:25:39,2026-07-17 11:10,2588.0,2737.5,-5.46,9180900,2690.5,2584.0,3766.0,1729.0
2026-07-17 11:30:29,2026-07-17 11:15,2576.0,2737.5,-5.9,9490200,2690.5,2575.5,3766.0,1729.0
2026-07-17 12:30:37,2026-07-17 11:30,2571.0,2737.5,-6.08,10081800,2690.5,2567.0,3766.0,1729.0
2026-07-17 12:35:29,2026-07-17 11:30,2571.0,2737.5,-6.08,10081800,2690.5,2567.0,3766.0,1729.0
2026-07-17 12:40:35,2026-07-17 11:30,2571.0,2737.5,-6.08,10081800,2690.5,2567.0,3766.0,1729.0
2026-07-17 12:45:39,2026-07-17 12:30,2591.0,2737.5,-5.35,10316700,2690.5,2567.0,3766.0,1729.0
2026-07-17 12:50:48,2026-07-17 12:35,2589.0,2737.5,-5.42,10425900,2690.5,2567.0,3766.0,1729.0
2026-07-17 12:55:31,2026-07-17 12:40,2583.5,2737.5,-5.63,10527800,2690.5,2567.0,3766.0,1729.0
2026-07-17 13:00:35,2026-07-17 12:45,2576.0,2737.5,-5.9,10672500,2690.5,2567.0,3766.0,1729.0
2026-07-17 13:05:34,2026-07-17 12:50,2574.0,2737.5,-5.97,10792700,2690.5,2567.0,3766.0,1729.0
2026-07-17 13:10:45,2026-07-17 12:55,2572.0,2737.5,-6.05,10979400,2690.5,2567.0,3766.0,1729.0
2026-07-17 13:15:36,2026-07-17 13:00,2565.5,2737.5,-6.28,11200500,2690.5,2565.0,3766.0,1729.0
2026-07-17 13:20:30,2026-07-17 13:05,2561.0,2737.5,-6.45,11470300,2690.5,2559.0,3766.0,1729.0
2026-07-17 13:25:29,2026-07-17 13:10,2558.5,2737.5,-6.54,11597800,2690.5,2558.5,3766.0,1729.0
2026-07-17 13:30:32,2026-07-17 13:15,2559.0,2737.5,-6.52,11758500,2690.5,2557.5,3766.0,1729.0
2026-07-17 13:35:31,2026-07-17 13:20,2555.0,2737.5,-6.67,11967100,2690.5,2553.5,3766.0,1729.0
2026-07-17 13:40:39,2026-07-17 13:25,2545.5,2737.5,-7.01,12309300,2690.5,2545.5,3766.0,1729.0
2026-07-17 13:45:29,2026-07-17 13:30,2538.0,2737.5,-7.29,12595400,2690.5,2532.0,3766.0,1729.0
2026-07-17 13:50:29,2026-07-17 13:35,2531.0,2737.5,-7.54,12786500,2690.5,2529.0,3766.0,1729.0
2026-07-17 13:55:31,2026-07-17 13:40,2524.0,2737.5,-7.8,12945900,2690.5,2523.0,3766.0,1729.0
2026-07-17 14:00:40,2026-07-17 13:45,2539.0,2737.5,-7.25,13149200,2690.5,2521.0,3766.0,1729.0
2026-07-17 14:05:34,2026-07-17 13:50,2554.0,2737.5,-6.7,13339800,2690.5,2521.0,3766.0,1729.0
2026-07-17 14:10:30,2026-07-17 13:55,2556.0,2737.5,-6.63,13492700,2690.5,2521.0,3766.0,1729.0
2026-07-17 14:15:33,2026-07-17 14:00,2558.5,2737.5,-6.54,13640900,2690.5,2521.0,3766.0,1729.0
2026-07-17 14:20:36,2026-07-17 14:05,2556.0,2737.5,-6.63,13754200,2690.5,2521.0,3766.0,1729.0
2026-07-17 14:25:45,2026-07-17 14:10,2557.0,2737.5,-6.59,13865200,2690.5,2521.0,3766.0,1729.0
2026-07-17 14:30:32,2026-07-17 14:15,2564.0,2737.5,-6.34,14004100,2690.5,2521.0,3766.0,1729.0
2026-07-17 14:35:50,2026-07-17 14:20,2571.0,2737.5,-6.08,14203900,2690.5,2521.0,3766.0,1729.0
2026-07-17 14:40:29,2026-07-17 14:25,2566.5,2737.5,-6.25,14332300,2690.5,2521.0,3766.0,1729.0
2026-07-17 14:45:34,2026-07-17 14:30,2565.0,2737.5,-6.3,14462700,2690.5,2521.0,3766.0,1729.0
2026-07-17 14:50:27,2026-07-17 14:35,2567.5,2737.5,-6.21,14568000,2690.5,2521.0,3766.0,1729.0
2026-07-17 14:55:38,2026-07-17 14:40,2561.0,2737.5,-6.45,14696700,2690.5,2521.0,3766.0,1729.0
2026-07-17 15:00:28,2026-07-17 14:45,2572.0,2737.5,-6.05,14792100,2690.5,2521.0,3766.0,1729.0
2026-07-17 15:05:55,2026-07-17 14:50,2582.5,2737.5,-5.66,14994400,2690.5,2521.0,3766.0,1729.0
2026-07-17 15:10:31,2026-07-17 14:55,2582.0,2737.5,-5.68,15163300,2690.5,2521.0,3766.0,1729.0
2026-07-17 15:15:35,2026-07-17 15:00,2585.5,2737.5,-5.55,15342400,2690.5,2521.0,3766.0,1729.0
2026-07-17 15:20:36,2026-07-17 15:05,2586.5,2737.5,-5.52,15586600,2690.5,2521.0,3766.0,1729.0
2026-07-17 15:25:45,2026-07-17 15:10,2588.5,2737.5,-5.44,15801300,2690.5,2521.0,3766.0,1729.0
2026-07-17 15:30:34,2026-07-17 15:15,2594.5,2737.5,-5.22,16043800,2690.5,2521.0,3766.0,1729.0
2026-07-17 15:40:40,2026-07-17 15:24,2598.5,2737.5,-5.08,16551500,2690.5,2521.0,3766.0,1729.0
2026-07-21 09:05:30,2026-07-17 15:30,2604.5,2737.5,-4.86,18333600,2690.5,2521.0,3766.0,1729.0
2026-07-21 09:10:31,2026-07-17 15:30,2604.5,2737.5,-4.86,18333600,2690.5,2521.0,3766.0,1729.0
2026-07-21 09:15:29,2026-07-21 09:00,2612.0,2737.5,-4.58,19067100,2615.5,2595.0,3766.0,1729.0
2026-07-21 09:20:38,2026-07-21 09:05,2674.5,2604.5,2.69,1462700,2680.0,2591.0,3766.0,1729.0
2026-07-21 09:25:43,2026-07-21 09:10,2638.5,2604.5,1.31,1834800,2680.0,2591.0,3766.0,1729.0
2026-07-21 09:30:39,2026-07-21 09:15,2669.5,2604.5,2.5,2354400,2682.5,2591.0,3766.0,1729.0
2026-07-21 09:35:41,2026-07-21 09:20,2673.0,2604.5,2.63,2751500,2682.5,2591.0,3766.0,1729.0
2026-07-21 09:40:34,2026-07-21 09:25,2669.0,2604.5,2.48,2931200,2682.5,2591.0,3766.0,1729.0
2026-07-21 09:45:33,2026-07-21 09:30,2694.0,2604.5,3.44,3296600,2696.0,2591.0,3766.0,1729.0
2026-07-21 09:50:30,2026-07-21 09:35,2696.5,2604.5,3.53,3596500,2699.5,2591.0,3766.0,1729.0
2026-07-21 09:55:34,2026-07-21 09:40,2682.0,2604.5,2.98,3794800,2699.5,2591.0,3766.0,1729.0
2026-07-21 10:00:29,2026-07-21 09:45,2668.0,2604.5,2.44,3962500,2699.5,2591.0,3766.0,1729.0
2026-07-21 10:05:49,2026-07-21 09:50,2668.0,2604.5,2.44,4131800,2699.5,2591.0,3766.0,1729.0
2026-07-21 10:10:29,2026-07-21 09:55,2672.0,2604.5,2.59,4262800,2699.5,2591.0,3766.0,1729.0
2026-07-21 10:15:31,2026-07-21 10:00,2664.5,2604.5,2.3,4400100,2699.5,2591.0,3766.0,1729.0
2026-07-21 10:20:33,2026-07-21 10:05,2649.5,2604.5,1.73,4571800,2699.5,2591.0,3766.0,1729.0
2026-07-21 10:25:29,2026-07-21 10:10,2673.0,2604.5,2.63,4770900,2699.5,2591.0,3766.0,1729.0
2026-07-21 10:30:33,2026-07-21 10:15,2686.0,2604.5,3.13,4973000,2699.5,2591.0,3766.0,1729.0
2026-07-21 10:35:32,2026-07-21 10:20,2681.0,2604.5,2.94,5231700,2699.5,2591.0,3766.0,1729.0
2026-07-21 10:40:28,2026-07-21 10:25,2685.0,2604.5,3.09,5403800,2699.5,2591.0,3766.0,1729.0
2026-07-21 10:45:38,2026-07-21 10:30,2696.0,2604.5,3.51,5557700,2699.5,2591.0,3766.0,1729.0
2026-07-21 10:50:46,2026-07-21 10:35,2695.5,2604.5,3.49,5845800,2700.0,2591.0,3766.0,1729.0
2026-07-21 10:55:44,2026-07-21 10:40,2687.0,2604.5,3.17,6035200,2700.0,2591.0,3766.0,1729.0
2026-07-21 11:00:30,2026-07-21 10:45,2685.5,2604.5,3.11,6213300,2700.0,2591.0,3766.0,1729.0
2026-07-21 11:05:35,2026-07-21 10:50,2689.5,2604.5,3.26,6434400,2700.5,2591.0,3766.0,1729.0
2026-07-21 11:10:35,2026-07-21 10:55,2688.5,2604.5,3.23,6570100,2700.5,2591.0,3766.0,1729.0
2026-07-21 11:15:29,2026-07-21 11:00,2687.5,2604.5,3.19,6666200,2700.5,2591.0,3766.0,1729.0
2026-07-21 11:20:31,2026-07-21 11:05,2687.5,2604.5,3.19,6775300,2700.5,2591.0,3766.0,1729.0
2026-07-21 11:25:33,2026-07-21 11:10,2688.0,2604.5,3.21,6913900,2700.5,2591.0,3766.0,1729.0
2026-07-21 11:30:38,2026-07-21 11:15,2683.0,2604.5,3.01,7036700,2700.5,2591.0,3766.0,1729.0
2026-07-21 12:30:33,2026-07-21 11:30,2687.0,2604.5,3.17,7339100,2700.5,2591.0,3766.0,1729.0
2026-07-21 12:35:30,2026-07-21 11:30,2687.0,2604.5,3.17,7339100,2700.5,2591.0,3766.0,1729.0
2026-07-21 12:40:28,2026-07-21 11:30,2687.0,2604.5,3.17,7339100,2700.5,2591.0,3766.0,1729.0
2026-07-21 12:45:52,2026-07-21 12:30,2674.0,2604.5,2.67,7521500,2700.5,2591.0,3766.0,1729.0
2026-07-21 12:50:32,2026-07-21 12:35,2676.0,2604.5,2.75,7679100,2700.5,2591.0,3766.0,1729.0
2026-07-21 12:55:33,2026-07-21 12:40,2673.5,2604.5,2.65,7893300,2700.5,2591.0,3766.0,1729.0
2026-07-21 13:00:30,2026-07-21 12:45,2678.0,2604.5,2.82,8074000,2700.5,2591.0,3766.0,1729.0
2026-07-21 13:05:31,2026-07-21 12:50,2675.5,2604.5,2.73,8181000,2700.5,2591.0,3766.0,1729.0
2026-07-21 13:10:35,2026-07-21 12:55,2675.0,2604.5,2.71,8267300,2700.5,2591.0,3766.0,1729.0
2026-07-21 13:15:38,2026-07-21 13:00,2680.0,2604.5,2.9,8451600,2700.5,2591.0,3766.0,1729.0
2026-07-21 13:20:48,2026-07-21 13:05,2675.5,2604.5,2.73,8552400,2700.5,2591.0,3766.0,1729.0
2026-07-21 13:25:30,2026-07-21 13:10,2678.0,2604.5,2.82,8730200,2700.5,2591.0,3766.0,1729.0
2026-07-21 13:30:42,2026-07-21 13:15,2675.0,2604.5,2.71,8866100,2700.5,2591.0,3766.0,1729.0
2026-07-21 13:35:34,2026-07-21 13:20,2674.5,2604.5,2.69,9028500,2700.5,2591.0,3766.0,1729.0
2026-07-21 13:40:40,2026-07-21 13:25,2673.5,2604.5,2.65,9134600,2700.5,2591.0,3766.0,1729.0
2026-07-21 13:45:37,2026-07-21 13:30,2675.0,2604.5,2.71,9215700,2700.5,2591.0,3766.0,1729.0
2026-07-21 13:50:30,2026-07-21 13:35,2681.0,2604.5,2.94,9375300,2700.5,2591.0,3766.0,1729.0
2026-07-21 13:55:35,2026-07-21 13:40,2673.0,2604.5,2.63,9454000,2700.5,2591.0,3766.0,1729.0
2026-07-21 14:00:46,2026-07-21 13:45,2673.5,2604.5,2.65,9538500,2700.5,2591.0,3766.0,1729.0
2026-07-21 14:05:36,2026-07-21 13:50,2679.0,2604.5,2.86,9613800,2700.5,2591.0,3766.0,1729.0
2026-07-21 14:10:36,2026-07-21 13:55,2675.0,2604.5,2.71,9694100,2700.5,2591.0,3766.0,1729.0
2026-07-21 14:15:37,2026-07-21 14:00,2676.0,2604.5,2.75,9742500,2700.5,2591.0,3766.0,1729.0
2026-07-21 14:20:37,2026-07-21 14:05,2677.0,2604.5,2.78,9794900,2700.5,2591.0,3766.0,1729.0
2026-07-21 14:25:32,2026-07-21 14:10,2677.0,2604.5,2.78,9845700,2700.5,2591.0,3766.0,1729.0
2026-07-21 14:30:39,2026-07-21 14:15,2668.0,2604.5,2.44,9926700,2700.5,2591.0,3766.0,1729.0
2026-07-21 14:35:38,2026-07-21 14:20,2664.0,2604.5,2.28,10013900,2700.5,2591.0,3766.0,1729.0
2026-07-21 14:40:29,2026-07-21 14:25,2667.5,2604.5,2.42,10090500,2700.5,2591.0,3766.0,1729.0
2026-07-21 14:45:34,2026-07-21 14:30,2669.0,2604.5,2.48,10155200,2700.5,2591.0,3766.0,1729.0
2026-07-21 14:50:42,2026-07-21 14:35,2667.5,2604.5,2.42,10233700,2700.5,2591.0,3766.0,1729.0
2026-07-21 14:55:34,2026-07-21 14:40,2669.5,2604.5,2.5,10305600,2700.5,2591.0,3766.0,1729.0
2026-07-21 15:00:36,2026-07-21 14:45,2671.5,2604.5,2.57,10382200,2700.5,2591.0,3766.0,1729.0
2026-07-21 15:05:40,2026-07-21 14:50,2680.5,2604.5,2.92,10530000,2700.5,2591.0,3766.0,1729.0
2026-07-21 15:10:44,2026-07-21 14:55,2685.0,2604.5,3.09,10697500,2700.5,2591.0,3766.0,1729.0
2026-07-21 15:15:40,2026-07-21 15:00,2686.0,2604.5,3.13,10890100,2700.5,2591.0,3766.0,1729.0
2026-07-21 15:20:32,2026-07-21 15:05,2673.0,2604.5,2.63,11092900,2700.5,2591.0,3766.0,1729.0
2026-07-21 15:25:33,2026-07-21 15:10,2681.0,2604.5,2.94,11328600,2700.5,2591.0,3766.0,1729.0
2026-07-21 15:30:29,2026-07-21 15:15,2677.5,2604.5,2.8,11508200,2700.5,2591.0,3766.0,1729.0
2026-07-21 15:40:30,2026-07-21 15:24,2667.0,2604.5,2.4,12425700,2700.5,2591.0,3766.0,1729.0
2026-07-22 09:05:30,2026-07-21 15:30,2676.0,2604.5,2.75,13619400,2700.5,2591.0,3766.0,1729.0
2026-07-22 09:10:42,2026-07-21 15:30,2676.0,2604.5,2.75,13619400,2700.5,2591.0,3766.0,1729.0
2026-07-22 09:15:27,2026-07-21 15:30,2676.0,2604.5,2.75,13619400,2700.5,2591.0,3766.0,1729.0
2026-07-22 09:20:28,2026-07-22 09:05,2695.5,2676.0,0.73,957300,2748.0,2683.5,3766.0,1729.0
2026-07-22 09:25:32,2026-07-22 09:10,2684.0,2676.0,0.3,1238200,2748.0,2681.5,3766.0,1729.0
2026-07-22 09:30:34,2026-07-22 09:15,2680.0,2676.0,0.15,1484400,2748.0,2677.0,3766.0,1729.0
2026-07-22 09:35:39,2026-07-22 09:20,2686.0,2676.0,0.37,1722400,2748.0,2675.5,3766.0,1729.0
2026-07-22 09:40:39,2026-07-22 09:25,2687.5,2676.0,0.43,1907400,2748.0,2675.5,3766.0,1729.0
2026-07-22 09:45:37,2026-07-22 09:30,2715.0,2676.0,1.46,2188500,2748.0,2675.5,3766.0,1729.0
2026-07-22 09:50:39,2026-07-22 09:35,2724.0,2676.0,1.79,2463900,2748.0,2675.5,3766.0,1729.0
2026-07-22 09:55:28,2026-07-22 09:40,2727.0,2676.0,1.91,2659800,2748.0,2675.5,3766.0,1729.0
2026-07-22 10:00:29,2026-07-22 09:45,2733.5,2676.0,2.15,2813100,2748.0,2675.5,3766.0,1729.0
2026-07-22 10:05:28,2026-07-22 09:50,2731.5,2676.0,2.07,2983500,2748.0,2675.5,3766.0,1729.0
2026-07-22 10:10:29,2026-07-22 09:55,2734.5,2676.0,2.19,3106200,2748.0,2675.5,3766.0,1729.0
2026-07-22 10:15:31,2026-07-22 10:00,2740.0,2676.0,2.39,3230500,2748.0,2675.5,3766.0,1729.0
2026-07-22 10:20:43,2026-07-22 10:05,2723.0,2676.0,1.76,3368300,2748.0,2675.5,3766.0,1729.0
2026-07-22 10:25:49,2026-07-22 10:10,2721.5,2676.0,1.7,3507500,2748.0,2675.5,3766.0,1729.0
2026-07-22 10:30:37,2026-07-22 10:15,2722.5,2676.0,1.74,3639900,2748.0,2675.5,3766.0,1729.0
2026-07-22 10:35:29,2026-07-22 10:20,2730.5,2676.0,2.04,3828000,2748.0,2675.5,3766.0,1729.0
2026-07-22 10:40:33,2026-07-22 10:25,2733.0,2676.0,2.13,3959400,2748.0,2675.5,3766.0,1729.0
2026-07-22 10:45:42,2026-07-22 10:30,2736.0,2676.0,2.24,4261400,2750.5,2675.5,3766.0,1729.0
2026-07-22 10:50:31,2026-07-22 10:35,2725.0,2676.0,1.83,4358900,2750.5,2675.5,3766.0,1729.0
2026-07-22 10:55:38,2026-07-22 10:40,2725.5,2676.0,1.85,4464900,2750.5,2675.5,3766.0,1729.0
2026-07-22 11:00:37,2026-07-22 10:45,2719.5,2676.0,1.63,4570200,2750.5,2675.5,3766.0,1729.0
2026-07-22 11:05:44,2026-07-22 10:50,2723.0,2676.0,1.76,4651400,2750.5,2675.5,3766.0,1729.0
2026-07-22 11:10:32,2026-07-22 10:55,2728.5,2676.0,1.96,4742900,2750.5,2675.5,3766.0,1729.0
2026-07-22 11:15:37,2026-07-22 11:00,2722.0,2676.0,1.72,4884700,2750.5,2675.5,3766.0,1729.0
2026-07-22 11:20:31,2026-07-22 11:05,2725.0,2676.0,1.83,4989200,2750.5,2675.5,3766.0,1729.0
2026-07-22 11:25:33,2026-07-22 11:10,2735.5,2676.0,2.22,5113100,2750.5,2675.5,3766.0,1729.0
2026-07-22 11:30:29,2026-07-22 11:15,2729.0,2676.0,1.98,5214800,2750.5,2675.5,3766.0,1729.0
2026-07-22 12:30:36,2026-07-22 11:30,2733.0,2676.0,2.13,5556100,2750.5,2675.5,3766.0,1729.0
2026-07-22 12:35:39,2026-07-22 11:30,2733.0,2676.0,2.13,5556100,2750.5,2675.5,3766.0,1729.0
2026-07-22 12:40:36,2026-07-22 11:30,2733.0,2676.0,2.13,5556100,2750.5,2675.5,3766.0,1729.0
2026-07-22 12:45:33,2026-07-22 12:30,2735.0,2676.0,2.2,5682100,2750.5,2675.5,3766.0,1729.0
2026-07-22 12:50:31,2026-07-22 12:35,2741.0,2676.0,2.43,5869100,2750.5,2675.5,3766.0,1729.0
2026-07-22 12:55:35,2026-07-22 12:40,2744.5,2676.0,2.56,6002200,2750.5,2675.5,3766.0,1729.0
2026-07-22 13:00:46,2026-07-22 12:45,2752.5,2676.0,2.86,6248800,2754.5,2675.5,3766.0,1729.0
2026-07-22 13:05:30,2026-07-22 12:50,2750.0,2676.0,2.77,6499800,2762.0,2675.5,3766.0,1729.0
2026-07-22 13:10:33,2026-07-22 12:55,2753.0,2676.0,2.88,6642800,2762.0,2675.5,3766.0,1729.0
2026-07-22 13:15:33,2026-07-22 13:00,2749.5,2676.0,2.75,6737600,2762.0,2675.5,3766.0,1729.0
2026-07-22 13:20:33,2026-07-22 13:05,2757.0,2676.0,3.03,6832500,2762.0,2675.5,3766.0,1729.0
2026-07-22 13:25:58,2026-07-22 13:10,2773.5,2676.0,3.64,7133600,2773.5,2675.5,3766.0,1729.0
2026-07-22 13:30:43,2026-07-22 13:15,2772.0,2676.0,3.59,7285400,2775.0,2675.5,3766.0,1729.0
2026-07-22 13:35:37,2026-07-22 13:20,2777.0,2676.0,3.77,7470800,2779.0,2675.5,3766.0,1729.0
2026-07-22 13:40:36,2026-07-22 13:25,2777.0,2676.0,3.77,7580300,2779.0,2675.5,3766.0,1729.0
2026-07-22 13:45:41,2026-07-22 13:30,2776.0,2676.0,3.74,7737000,2779.5,2675.5,3766.0,1729.0
2026-07-22 13:50:38,2026-07-22 13:35,2772.5,2676.0,3.61,7827300,2779.5,2675.5,3766.0,1729.0
2026-07-22 13:55:35,2026-07-22 13:40,2771.5,2676.0,3.57,7925300,2779.5,2675.5,3766.0,1729.0
2026-07-22 14:00:38,2026-07-22 13:45,2768.5,2676.0,3.46,8020900,2779.5,2675.5,3766.0,1729.0
2026-07-22 14:05:43,2026-07-22 13:50,2768.0,2676.0,3.44,8113900,2779.5,2675.5,3766.0,1729.0
2026-07-22 14:10:34,2026-07-22 13:55,2764.0,2676.0,3.29,8202300,2779.5,2675.5,3766.0,1729.0
2026-07-22 14:15:52,2026-07-22 14:00,2769.5,2676.0,3.49,8290300,2779.5,2675.5,3766.0,1729.0
2026-07-22 14:20:38,2026-07-22 14:05,2755.0,2676.0,2.95,8403000,2779.5,2675.5,3766.0,1729.0
2026-07-22 14:25:35,2026-07-22 14:10,2754.0,2676.0,2.91,8555500,2779.5,2675.5,3766.0,1729.0
2026-07-22 14:30:36,2026-07-22 14:15,2751.5,2676.0,2.82,8717900,2779.5,2675.5,3766.0,1729.0
2026-07-22 14:35:36,2026-07-22 14:20,2751.5,2676.0,2.82,8856100,2779.5,2675.5,3766.0,1729.0
2026-07-22 14:40:31,2026-07-22 14:25,2752.0,2676.0,2.84,9026900,2779.5,2675.5,3766.0,1729.0
2026-07-22 14:45:40,2026-07-22 14:30,2751.5,2676.0,2.82,9134600,2779.5,2675.5,3766.0,1729.0
2026-07-22 14:50:56,2026-07-22 14:35,2758.0,2676.0,3.06,9275600,2779.5,2675.5,3766.0,1729.0
2026-07-22 14:55:35,2026-07-22 14:40,2748.5,2676.0,2.71,9407100,2779.5,2675.5,3766.0,1729.0
2026-07-22 15:00:35,2026-07-22 14:42,2742.5,2676.0,2.49,9467600,2779.5,2675.5,3766.0,1729.0
2026-07-22 15:05:40,2026-07-22 14:50,2746.5,2676.0,2.63,9705100,2779.5,2675.5,3766.0,1729.0
2026-07-22 15:10:39,2026-07-22 14:55,2745.5,2676.0,2.6,9831800,2779.5,2675.5,3766.0,1729.0
2026-07-22 15:15:51,2026-07-22 15:00,2742.5,2676.0,2.49,9981100,2779.5,2675.5,3766.0,1729.0
2026-07-22 15:20:31,2026-07-22 15:05,2737.5,2676.0,2.3,10164600,2779.5,2675.5,3766.0,1729.0
2026-07-22 15:25:43,2026-07-22 15:10,2744.5,2676.0,2.56,10465500,2779.5,2675.5,3766.0,1729.0
2026-07-22 15:30:54,2026-07-22 15:15,2742.5,2676.0,2.49,10730600,2779.5,2675.5,3766.0,1729.0
2026-07-22 15:40:43,2026-07-22 15:24,2742.0,2676.0,2.47,11514400,2779.5,2675.5,3766.0,1729.0
2026-07-23 09:05:32,2026-07-22 15:30,2736.5,2676.0,2.26,15815100,2779.5,2675.5,3766.0,1729.0
2026-07-23 09:10:31,2026-07-22 15:30,2736.5,2676.0,2.26,15815100,2779.5,2675.5,3766.0,1729.0
2026-07-23 09:15:30,2026-07-22 15:30,2736.5,2676.0,2.26,15815100,2779.5,2675.5,3766.0,1729.0
2026-07-23 09:20:33,2026-07-23 09:05,2782.0,2736.5,1.66,1303200,2802.0,2760.0,3766.0,1729.0
2026-07-23 09:25:35,2026-07-23 09:10,2779.0,2736.5,1.55,1640400,2802.0,2760.0,3766.0,1729.0
2026-07-23 09:30:34,2026-07-23 09:15,2789.5,2736.5,1.94,2032800,2802.0,2760.0,3766.0,1729.0
2026-07-23 09:35:31,2026-07-23 09:20,2783.5,2736.5,1.72,2285800,2802.0,2760.0,3766.0,1729.0
2026-07-23 09:40:32,2026-07-23 09:25,2781.0,2736.5,1.63,2513700,2802.0,2760.0,3766.0,1729.0
2026-07-23 09:45:31,2026-07-23 09:30,2770.0,2736.5,1.22,2792600,2802.0,2760.0,3766.0,1729.0
2026-07-23 09:50:31,2026-07-23 09:35,2771.0,2736.5,1.26,3153500,2802.0,2760.0,3766.0,1729.0
2026-07-23 09:55:28,2026-07-23 09:40,2778.5,2736.5,1.53,3286200,2802.0,2760.0,3766.0,1729.0
2026-07-23 10:00:33,2026-07-23 09:45,2778.0,2736.5,1.52,3397800,2802.0,2760.0,3766.0,1729.0
2026-07-23 10:06:03,2026-07-23 09:51,2789.5,2736.5,1.94,3661300,2802.0,2760.0,3766.0,1729.0
2026-07-23 10:10:36,2026-07-23 09:55,2789.0,2736.5,1.92,3848800,2802.0,2760.0,3766.0,1729.0
2026-07-23 10:15:29,2026-07-23 10:00,2796.0,2736.5,2.17,4005200,2802.0,2760.0,3766.0,1729.0
2026-07-23 10:20:30,2026-07-23 10:05,2795.5,2736.5,2.16,4118500,2802.0,2760.0,3766.0,1729.0
2026-07-23 10:25:32,2026-07-23 10:10,2800.5,2736.5,2.34,4631700,2803.0,2760.0,3766.0,1729.0
2026-07-23 10:30:39,2026-07-23 10:15,2797.5,2736.5,2.23,4769100,2803.0,2760.0,3766.0,1729.0
2026-07-23 10:35:37,2026-07-23 10:20,2791.0,2736.5,1.99,4883000,2803.0,2760.0,3766.0,1729.0
2026-07-23 10:40:32,2026-07-23 10:25,2788.5,2736.5,1.9,4974900,2803.0,2760.0,3766.0,1729.0
2026-07-23 10:45:54,2026-07-23 10:30,2793.0,2736.5,2.06,5072100,2803.0,2760.0,3766.0,1729.0
2026-07-23 10:50:33,2026-07-23 10:35,2794.5,2736.5,2.12,5128700,2803.0,2760.0,3766.0,1729.0
2026-07-23 10:55:36,2026-07-23 10:40,2792.5,2736.5,2.05,5214300,2803.0,2760.0,3766.0,1729.0
2026-07-23 11:00:36,2026-07-23 10:45,2800.0,2736.5,2.32,5402500,2805.0,2760.0,3766.0,1729.0
2026-07-23 11:05:38,2026-07-23 10:50,2806.0,2736.5,2.54,5613900,2806.5,2760.0,3766.0,1729.0
2026-07-23 11:10:34,2026-07-23 10:55,2801.0,2736.5,2.36,5948300,2811.5,2760.0,3766.0,1729.0
2026-07-23 11:15:35,2026-07-23 11:00,2796.0,2736.5,2.17,6052600,2811.5,2760.0,3766.0,1729.0
2026-07-23 11:20:29,2026-07-23 11:05,2798.5,2736.5,2.27,6158400,2811.5,2760.0,3766.0,1729.0
2026-07-23 11:25:27,2026-07-23 11:10,2803.0,2736.5,2.43,6234800,2811.5,2760.0,3766.0,1729.0
2026-07-23 11:30:31,2026-07-23 11:15,2802.5,2736.5,2.41,6330100,2811.5,2760.0,3766.0,1729.0
2026-07-23 12:30:31,2026-07-23 11:30,2797.5,2736.5,2.23,6661000,2811.5,2760.0,3766.0,1729.0
2026-07-23 12:35:42,2026-07-23 11:30,2797.5,2736.5,2.23,6661000,2811.5,2760.0,3766.0,1729.0
2026-07-23 12:40:30,2026-07-23 11:30,2797.5,2736.5,2.23,6661000,2811.5,2760.0,3766.0,1729.0
2026-07-23 12:45:39,2026-07-23 12:30,2794.0,2736.5,2.1,6797800,2811.5,2760.0,3766.0,1729.0
2026-07-23 12:50:33,2026-07-23 12:35,2774.5,2736.5,1.39,6960300,2811.5,2760.0,3766.0,1729.0
2026-07-23 12:55:41,2026-07-23 12:40,2785.5,2736.5,1.79,7154000,2811.5,2760.0,3766.0,1729.0
2026-07-23 13:00:33,2026-07-23 12:45,2796.0,2736.5,2.17,7309700,2811.5,2760.0,3766.0,1729.0
2026-07-23 13:05:31,2026-07-23 12:50,2792.0,2736.5,2.03,7569600,2811.5,2760.0,3766.0,1729.0
2026-07-23 13:10:30,2026-07-23 12:55,2787.5,2736.5,1.86,7672400,2811.5,2760.0,3766.0,1729.0
2026-07-23 13:15:36,2026-07-23 13:00,2788.0,2736.5,1.88,7776600,2811.5,2760.0,3766.0,1729.0
2026-07-23 13:20:37,2026-07-23 13:05,2784.5,2736.5,1.75,7853300,2811.5,2760.0,3766.0,1729.0
2026-07-23 13:25:40,2026-07-23 13:10,2787.0,2736.5,1.85,7942000,2811.5,2760.0,3766.0,1729.0
2026-07-23 13:30:34,2026-07-23 13:15,2788.0,2736.5,1.88,8009700,2811.5,2760.0,3766.0,1729.0
2026-07-23 13:35:33,2026-07-23 13:20,2780.0,2736.5,1.59,8159800,2811.5,2760.0,3766.0,1729.0
2026-07-23 13:40:32,2026-07-23 13:25,2781.5,2736.5,1.64,8231700,2811.5,2760.0,3766.0,1729.0
2026-07-23 13:45:40,2026-07-23 13:30,2779.5,2736.5,1.57,8319600,2811.5,2760.0,3766.0,1729.0
2026-07-23 13:50:39,2026-07-23 13:35,2781.5,2736.5,1.64,8393400,2811.5,2760.0,3766.0,1729.0
2026-07-23 13:55:33,2026-07-23 13:40,2782.0,2736.5,1.66,8457200,2811.5,2760.0,3766.0,1729.0
2026-07-23 14:00:33,2026-07-23 13:45,2788.0,2736.5,1.88,8572800,2811.5,2760.0,3766.0,1729.0
2026-07-23 14:05:45,2026-07-23 13:50,2791.5,2736.5,2.01,8661900,2811.5,2760.0,3766.0,1729.0
2026-07-23 14:10:31,2026-07-23 13:55,2794.0,2736.5,2.1,8716200,2811.5,2760.0,3766.0,1729.0
2026-07-23 14:15:48,2026-07-23 14:00,2798.0,2736.5,2.25,8791500,2811.5,2760.0,3766.0,1729.0
2026-07-23 14:20:29,2026-07-23 14:05,2789.5,2736.5,1.94,8908100,2811.5,2760.0,3766.0,1729.0
2026-07-23 14:25:36,2026-07-23 14:10,2791.0,2736.5,1.99,8997000,2811.5,2760.0,3766.0,1729.0
2026-07-23 14:30:29,2026-07-23 14:15,2794.0,2736.5,2.1,9091600,2811.5,2760.0,3766.0,1729.0
2026-07-23 14:35:33,2026-07-23 14:20,2788.5,2736.5,1.9,9235500,2811.5,2760.0,3766.0,1729.0
2026-07-23 14:40:48,2026-07-23 14:25,2790.0,2736.5,1.96,9360400,2811.5,2760.0,3766.0,1729.0
2026-07-23 14:45:29,2026-07-23 14:30,2789.5,2736.5,1.94,9523100,2811.5,2760.0,3766.0,1729.0
2026-07-23 14:50:35,2026-07-23 14:35,2786.5,2736.5,1.83,9641100,2811.5,2760.0,3766.0,1729.0
2026-07-23 14:55:30,2026-07-23 14:40,2787.0,2736.5,1.85,9785200,2811.5,2760.0,3766.0,1729.0
2026-07-23 15:00:52,2026-07-23 14:45,2789.0,2736.5,1.92,9925200,2811.5,2760.0,3766.0,1729.0
2026-07-23 15:05:43,2026-07-23 14:50,2787.5,2736.5,1.86,10038700,2811.5,2760.0,3766.0,1729.0
2026-07-23 15:10:31,2026-07-23 14:55,2781.0,2736.5,1.63,10233000,2811.5,2760.0,3766.0,1729.0
2026-07-23 15:15:37,2026-07-23 15:00,2778.5,2736.5,1.53,10421100,2811.5,2760.0,3766.0,1729.0
2026-07-23 15:20:38,2026-07-23 15:05,2776.5,2736.5,1.46,10568600,2811.5,2760.0,3766.0,1729.0
2026-07-23 15:25:46,2026-07-23 15:10,2773.0,2736.5,1.33,10716400,2811.5,2760.0,3766.0,1729.0
2026-07-23 15:30:46,2026-07-23 15:15,2775.0,2736.5,1.41,10847800,2811.5,2760.0,3766.0,1729.0
2026-07-23 15:40:40,2026-07-23 15:24,2779.5,2736.5,1.57,11263000,2811.5,2760.0,3766.0,1729.0
2026-07-24 09:05:37,2026-07-23 15:30,2781.0,2736.5,1.63,13241200,2811.5,2760.0,3766.0,1729.0
2026-07-24 09:10:31,2026-07-23 15:30,2781.0,2736.5,1.63,13241200,2811.5,2760.0,3766.0,1729.0
2026-07-24 09:15:35,2026-07-24 09:00,2781.0,2736.5,1.63,13868800,2834.0,2806.0,3766.0,1729.0
2026-07-24 09:20:29,2026-07-24 09:05,2785.5,2781.0,0.16,1000000,2835.0,2782.5,3766.0,1729.0
2026-07-24 09:25:50,2026-07-24 09:10,2770.5,2781.0,-0.38,1359600,2835.0,2761.5,3766.0,1729.0
2026-07-24 09:30:35,2026-07-24 09:15,2782.0,2781.0,0.04,1541500,2835.0,2761.5,3766.0,1729.0
2026-07-24 09:35:33,2026-07-24 09:20,2773.5,2781.0,-0.27,1763800,2835.0,2761.5,3766.0,1729.0
2026-07-24 09:40:33,2026-07-24 09:25,2796.5,2781.0,0.56,2123900,2835.0,2761.5,3766.0,1729.0
2026-07-24 09:45:32,2026-07-24 09:30,2802.5,2781.0,0.77,2297900,2835.0,2761.5,3766.0,1729.0
2026-07-24 09:50:40,2026-07-24 09:35,2791.0,2781.0,0.36,2498000,2835.0,2761.5,3766.0,1729.0
2026-07-24 09:55:34,2026-07-24 09:40,2790.0,2781.0,0.32,2680000,2835.0,2761.5,3766.0,1729.0
2026-07-24 10:00:40,2026-07-24 09:45,2791.0,2781.0,0.36,2788200,2835.0,2761.5,3766.0,1729.0
2026-07-24 10:05:32,2026-07-24 09:50,2794.0,2781.0,0.47,2869600,2835.0,2761.5,3766.0,1729.0
2026-07-24 10:10:29,2026-07-24 09:55,2782.5,2781.0,0.05,2964500,2835.0,2761.5,3766.0,1729.0
2026-07-24 10:15:38,2026-07-24 10:00,2794.5,2781.0,0.49,3036100,2835.0,2761.5,3766.0,1729.0
2026-07-24 10:20:30,2026-07-24 10:05,2803.0,2781.0,0.79,3223900,2835.0,2761.5,3766.0,1729.0
2026-07-24 10:25:35,2026-07-24 10:10,2810.0,2781.0,1.04,3441700,2835.0,2761.5,3766.0,1729.0
2026-07-24 10:30:35,2026-07-24 10:15,2810.0,2781.0,1.04,3650800,2835.0,2761.5,3766.0,1729.0
2026-07-24 10:35:37,2026-07-24 10:20,2807.5,2781.0,0.95,3792800,2835.0,2761.5,3766.0,1729.0
2026-07-24 10:40:41,2026-07-24 10:25,2825.5,2781.0,1.6,4159600,2835.0,2761.5,3766.0,1729.0
2026-07-24 10:45:31,2026-07-24 10:30,2819.5,2781.0,1.38,4406300,2835.0,2761.5,3766.0,1729.0
2026-07-24 10:50:39,2026-07-24 10:35,2831.0,2781.0,1.8,4731900,2835.0,2761.5,3766.0,1729.0
2026-07-24 10:55:32,2026-07-24 10:40,2833.5,2781.0,1.89,5209300,2842.0,2761.5,3766.0,1729.0
2026-07-24 11:00:35,2026-07-24 10:45,2834.5,2781.0,1.92,5314900,2842.0,2761.5,3766.0,1729.0
2026-07-24 11:05:32,2026-07-24 10:50,2813.0,2781.0,1.15,5672900,2845.5,2761.5,3766.0,1729.0
2026-07-24 11:10:48,2026-07-24 10:55,2813.5,2781.0,1.17,5845500,2845.5,2761.5,3766.0,1729.0
2026-07-24 11:15:35,2026-07-24 11:00,2817.5,2781.0,1.31,5948800,2845.5,2761.5,3766.0,1729.0
2026-07-24 11:20:40,2026-07-24 11:05,2801.0,2781.0,0.72,6049100,2845.5,2761.5,3766.0,1729.0
2026-07-24 11:25:37,2026-07-24 11:10,2806.0,2781.0,0.9,6130400,2845.5,2761.5,3766.0,1729.0
2026-07-24 11:30:29,2026-07-24 11:15,2803.0,2781.0,0.79,6191400,2845.5,2761.5,3766.0,1729.0
2026-07-24 12:30:40,2026-07-24 11:30,2809.0,2781.0,1.01,6389100,2845.5,2761.5,3766.0,1729.0
2026-07-24 12:35:36,2026-07-24 11:30,2809.0,2781.0,1.01,6389100,2845.5,2761.5,3766.0,1729.0
2026-07-24 12:40:29,2026-07-24 11:30,2809.0,2781.0,1.01,6389100,2845.5,2761.5,3766.0,1729.0
2026-07-24 12:45:30,2026-07-24 12:30,2810.5,2781.0,1.06,6507200,2845.5,2761.5,3766.0,1729.0
2026-07-24 12:50:38,2026-07-24 12:35,2795.5,2781.0,0.52,6631900,2845.5,2761.5,3766.0,1729.0
2026-07-24 12:55:36,2026-07-24 12:40,2795.5,2781.0,0.52,6736700,2845.5,2761.5,3766.0,1729.0
2026-07-24 13:00:44,2026-07-24 12:45,2794.0,2781.0,0.47,6814700,2845.5,2761.5,3766.0,1729.0
2026-07-24 13:05:33,2026-07-24 12:50,2792.0,2781.0,0.4,6907600,2845.5,2761.5,3766.0,1729.0
2026-07-24 13:10:28,2026-07-24 12:55,2791.5,2781.0,0.38,6981300,2845.5,2761.5,3766.0,1729.0
2026-07-24 13:15:33,2026-07-24 13:00,2786.0,2781.0,0.18,7075200,2845.5,2761.5,3766.0,1729.0
2026-07-24 13:20:53,2026-07-24 13:05,2786.5,2781.0,0.2,7146900,2845.5,2761.5,3766.0,1729.0
2026-07-24 13:25:31,2026-07-24 13:10,2782.5,2781.0,0.05,7206000,2845.5,2761.5,3766.0,1729.0
2026-07-24 13:30:34,2026-07-24 13:15,2776.0,2781.0,-0.18,7333700,2845.5,2761.5,3766.0,1729.0
2026-07-24 13:35:29,2026-07-24 13:20,2777.0,2781.0,-0.14,7397300,2845.5,2761.5,3766.0,1729.0
2026-07-24 13:40:41,2026-07-24 13:25,2787.5,2781.0,0.23,7483200,2845.5,2761.5,3766.0,1729.0
2026-07-24 13:45:36,2026-07-24 13:30,2782.0,2781.0,0.04,7550500,2845.5,2761.5,3766.0,1729.0
2026-07-24 13:50:28,2026-07-24 13:35,2777.5,2781.0,-0.13,7628800,2845.5,2761.5,3766.0,1729.0
2026-07-24 13:55:28,2026-07-24 13:40,2774.5,2781.0,-0.23,7661400,2845.5,2761.5,3766.0,1729.0
2026-07-24 14:00:37,2026-07-24 13:45,2770.5,2781.0,-0.38,7730600,2845.5,2761.5,3766.0,1729.0
2026-07-24 14:05:51,2026-07-24 13:50,2771.5,2781.0,-0.34,7800000,2845.5,2761.5,3766.0,1729.0
2026-07-24 14:10:50,2026-07-24 13:55,2770.0,2781.0,-0.4,7848900,2845.5,2761.5,3766.0,1729.0
2026-07-24 14:15:46,2026-07-24 14:00,2777.0,2781.0,-0.14,7917500,2845.5,2761.5,3766.0,1729.0
2026-07-24 14:20:49,2026-07-24 14:05,2778.0,2781.0,-0.11,7961200,2845.5,2761.5,3766.0,1729.0
2026-07-24 14:25:46,2026-07-24 14:10,2779.0,2781.0,-0.07,8022800,2845.5,2761.5,3766.0,1729.0
2026-07-24 14:30:30,2026-07-24 14:15,2781.0,2781.0,0.0,8074700,2845.5,2761.5,3766.0,1729.0
2026-07-24 14:35:36,2026-07-24 14:20,2787.0,2781.0,0.22,8166600,2845.5,2761.5,3766.0,1729.0
2026-07-24 14:40:31,2026-07-24 14:25,2789.5,2781.0,0.31,8281400,2845.5,2761.5,3766.0,1729.0
2026-07-24 14:45:30,2026-07-24 14:30,2791.5,2781.0,0.38,8344700,2845.5,2761.5,3766.0,1729.0
2026-07-24 14:50:29,2026-07-24 14:35,2788.5,2781.0,0.27,8443300,2845.5,2761.5,3766.0,1729.0
2026-07-24 14:55:42,2026-07-24 14:40,2792.0,2781.0,0.4,8537500,2845.5,2761.5,3766.0,1729.0
2026-07-24 15:01:03,2026-07-24 14:45,2796.5,2781.0,0.56,8612200,2845.5,2761.5,3766.0,1729.0
2026-07-24 15:05:53,2026-07-24 14:50,2791.0,2781.0,0.36,8674400,2845.5,2761.5,3766.0,1729.0
2026-07-24 15:10:36,2026-07-24 14:55,2788.5,2781.0,0.27,8744100,2845.5,2761.5,3766.0,1729.0
2026-07-24 15:15:29,2026-07-24 15:00,2789.5,2781.0,0.31,8810500,2845.5,2761.5,3766.0,1729.0
2026-07-24 15:20:40,2026-07-24 15:05,2781.5,2781.0,0.02,8889000,2845.5,2761.5,3766.0,1729.0
2026-07-24 15:25:37,2026-07-24 15:10,2788.0,2781.0,0.25,8987500,2845.5,2761.5,3766.0,1729.0
2026-07-24 15:30:35,2026-07-24 15:15,2792.5,2781.0,0.41,9090500,2845.5,2761.5,3766.0,1729.0
2026-07-24 15:51:02,2026-07-24 15:30,2785.5,2781.0,0.16,10225200,2845.5,2761.5,3766.0,1729.0
2026-07-27 09:05:35,2026-07-24 15:30,2785.5,2781.0,0.16,10225200,2845.5,2761.5,3766.0,1729.0
2026-07-27 09:10:58,2026-07-24 15:30,2785.5,2781.0,0.16,10225200,2845.5,2761.5,3766.0,1729.0
2026-07-27 09:15:43,2026-07-27 09:00,2822.0,2781.0,1.47,10472800,2831.5,2805.0,3766.0,1729.0
2026-07-27 09:20:38,2026-07-27 09:05,2789.5,2785.5,0.14,564500,2831.5,2777.5,3766.0,1729.0
2026-07-27 09:25:31,2026-07-27 09:10,2773.5,2785.5,-0.43,785600,2831.5,2762.0,3766.0,1729.0
2026-07-27 09:30:36,2026-07-27 09:15,2771.0,2785.5,-0.52,950200,2831.5,2762.0,3766.0,1729.0
2026-07-27 09:35:41,2026-07-27 09:20,2773.5,2785.5,-0.43,1158600,2831.5,2758.5,3766.0,1729.0
2026-07-27 09:40:34,2026-07-27 09:25,2760.0,2785.5,-0.92,1301400,2831.5,2756.0,3766.0,1729.0
2026-07-27 09:47:03,2026-07-27 09:32,2737.0,2785.5,-1.74,1656700,2831.5,2733.0,3766.0,1729.0
2026-07-27 09:50:35,2026-07-27 09:35,2740.5,2785.5,-1.62,1801000,2831.5,2733.0,3766.0,1729.0
2026-07-27 09:57:00,2026-07-27 09:41,2746.5,2785.5,-1.4,1969700,2831.5,2733.0,3766.0,1729.0
2026-07-27 10:00:36,2026-07-27 09:45,2740.5,2785.5,-1.62,2115900,2831.5,2733.0,3766.0,1729.0
2026-07-27 10:06:14,2026-07-27 09:51,2748.5,2785.5,-1.33,2204400,2831.5,2733.0,3766.0,1729.0
2026-07-27 10:10:39,2026-07-27 09:55,2743.5,2785.5,-1.51,2273500,2831.5,2733.0,3766.0,1729.0
2026-07-27 10:15:30,2026-07-27 10:00,2730.5,2785.5,-1.97,2422400,2831.5,2728.0,3766.0,1729.0
2026-07-27 10:20:33,2026-07-27 10:05,2727.5,2785.5,-2.08,2523100,2831.5,2726.0,3766.0,1729.0
2026-07-27 10:25:33,2026-07-27 10:10,2740.0,2785.5,-1.63,2631800,2831.5,2726.0,3766.0,1729.0
2026-07-27 10:30:31,2026-07-27 10:15,2720.0,2785.5,-2.35,2769400,2831.5,2719.0,3766.0,1729.0
2026-07-27 10:35:29,2026-07-27 10:20,2718.0,2785.5,-2.42,2871400,2831.5,2715.5,3766.0,1729.0
2026-07-27 10:40:41,2026-07-27 10:25,2710.5,2785.5,-2.69,3000500,2831.5,2707.0,3766.0,1729.0
2026-07-27 10:47:34,2026-07-27 10:32,2724.0,2785.5,-2.21,3136500,2831.5,2707.0,3766.0,1729.0
2026-07-27 10:50:46,2026-07-27 10:35,2717.5,2785.5,-2.44,3201800,2831.5,2707.0,3766.0,1729.0
2026-07-27 10:55:53,2026-07-27 10:40,2730.5,2785.5,-1.97,3285000,2831.5,2707.0,3766.0,1729.0
2026-07-27 11:00:34,2026-07-27 10:45,2720.5,2785.5,-2.33,3361000,2831.5,2707.0,3766.0,1729.0
2026-07-27 11:06:01,2026-07-27 10:50,2724.0,2785.5,-2.21,3418300,2831.5,2707.0,3766.0,1729.0
2026-07-27 11:10:47,2026-07-27 10:55,2727.5,2785.5,-2.08,3464300,2831.5,2707.0,3766.0,1729.0
2026-07-27 11:15:32,2026-07-27 11:00,2732.5,2785.5,-1.9,3521500,2831.5,2707.0,3766.0,1729.0
2026-07-27 11:20:36,2026-07-27 11:05,2732.0,2785.5,-1.92,3573900,2831.5,2707.0,3766.0,1729.0
2026-07-27 11:25:37,2026-07-27 11:10,2734.5,2785.5,-1.83,3646400,2831.5,2707.0,3766.0,1729.0
2026-07-27 11:30:41,2026-07-27 11:15,2734.5,2785.5,-1.83,3702900,2831.5,2707.0,3766.0,1729.0
2026-07-27 12:30:35,2026-07-27 11:30,2725.0,2785.5,-2.17,3912400,2831.5,2707.0,3766.0,1729.0
2026-07-27 12:36:59,2026-07-27 11:30,2725.0,2785.5,-2.17,3912400,2831.5,2707.0,3766.0,1729.0
2026-07-27 12:40:43,2026-07-27 11:30,2725.0,2785.5,-2.17,3912400,2831.5,2707.0,3766.0,1729.0
2026-07-27 12:45:35,2026-07-27 12:30,2721.5,2785.5,-2.3,4001600,2831.5,2707.0,3766.0,1729.0
2026-07-27 12:50:37,2026-07-27 12:35,2726.0,2785.5,-2.14,4072900,2831.5,2707.0,3766.0,1729.0
2026-07-27 12:55:39,2026-07-27 12:40,2726.5,2785.5,-2.12,4123700,2831.5,2707.0,3766.0,1729.0
2026-07-27 13:00:40,2026-07-27 12:45,2730.0,2785.5,-1.99,4193700,2831.5,2707.0,3766.0,1729.0
2026-07-27 13:06:49,2026-07-27 12:51,2724.0,2785.5,-2.21,4263600,2831.5,2707.0,3766.0,1729.0
2026-07-27 13:10:34,2026-07-27 12:55,2712.0,2785.5,-2.64,4422000,2831.5,2707.0,3766.0,1729.0
2026-07-27 13:15:32,2026-07-27 13:00,2714.0,2785.5,-2.57,4505500,2831.5,2707.0,3766.0,1729.0
2026-07-27 13:20:34,2026-07-27 13:05,2713.0,2785.5,-2.6,4610400,2831.5,2707.0,3766.0,1729.0
2026-07-27 13:26:55,2026-07-27 13:11,2712.5,2785.5,-2.62,4690300,2831.5,2707.0,3766.0,1729.0
2026-07-27 13:32:07,2026-07-27 13:17,2712.0,2785.5,-2.64,4742600,2831.5,2707.0,3766.0,1729.0
2026-07-27 13:35:47,2026-07-27 13:20,2715.0,2785.5,-2.53,4802400,2831.5,2707.0,3766.0,1729.0
2026-07-27 13:40:34,2026-07-27 13:25,2716.0,2785.5,-2.5,4893900,2831.5,2707.0,3766.0,1729.0
2026-07-27 13:45:40,2026-07-27 13:30,2715.5,2785.5,-2.51,4968700,2831.5,2707.0,3766.0,1729.0
2026-07-27 13:50:35,2026-07-27 13:35,2718.0,2785.5,-2.42,5007800,2831.5,2707.0,3766.0,1729.0
2026-07-27 13:55:30,2026-07-27 13:40,2718.0,2785.5,-2.42,5070200,2831.5,2707.0,3766.0,1729.0
2026-07-27 14:00:33,2026-07-27 13:45,2724.5,2785.5,-2.19,5148600,2831.5,2707.0,3766.0,1729.0
2026-07-27 14:05:31,2026-07-27 13:50,2721.0,2785.5,-2.32,5207700,2831.5,2707.0,3766.0,1729.0
2026-07-27 14:10:37,2026-07-27 13:55,2723.0,2785.5,-2.24,5260700,2831.5,2707.0,3766.0,1729.0
2026-07-27 14:17:02,2026-07-27 14:01,2720.5,2785.5,-2.33,5354800,2831.5,2707.0,3766.0,1729.0
2026-07-27 14:20:30,2026-07-27 14:05,2719.5,2785.5,-2.37,5399300,2831.5,2707.0,3766.0,1729.0
2026-07-27 14:25:38,2026-07-27 14:10,2721.5,2785.5,-2.3,5459900,2831.5,2707.0,3766.0,1729.0
2026-07-27 14:30:30,2026-07-27 14:15,2723.0,2785.5,-2.24,5543300,2831.5,2707.0,3766.0,1729.0
2026-07-27 14:36:50,2026-07-27 14:21,2722.0,2785.5,-2.28,5616200,2831.5,2707.0,3766.0,1729.0
2026-07-27 14:40:34,2026-07-27 14:25,2718.5,2785.5,-2.41,5685300,2831.5,2707.0,3766.0,1729.0
2026-07-27 14:45:33,2026-07-27 14:30,2721.0,2785.5,-2.32,5763000,2831.5,2707.0,3766.0,1729.0
2026-07-27 14:50:44,2026-07-27 14:35,2722.0,2785.5,-2.28,5832800,2831.5,2707.0,3766.0,1729.0
2026-07-27 14:56:54,2026-07-27 14:41,2724.5,2785.5,-2.19,5910100,2831.5,2707.0,3766.0,1729.0
2026-07-27 15:00:38,2026-07-27 14:45,2727.0,2785.5,-2.1,5956600,2831.5,2707.0,3766.0,1729.0
2026-07-27 15:05:34,2026-07-27 14:50,2726.0,2785.5,-2.14,6023800,2831.5,2707.0,3766.0,1729.0
2026-07-27 15:10:43,2026-07-27 14:55,2727.0,2785.5,-2.1,6096900,2831.5,2707.0,3766.0,1729.0
2026-07-27 15:17:10,2026-07-27 15:02,2723.5,2785.5,-2.23,6204100,2831.5,2707.0,3766.0,1729.0
2026-07-27 15:21:57,2026-07-27 15:06,2722.5,2785.5,-2.26,6315200,2831.5,2707.0,3766.0,1729.0
2026-07-27 15:25:33,2026-07-27 15:10,2725.5,2785.5,-2.15,6383600,2831.5,2707.0,3766.0,1729.0
2026-07-27 15:30:51,2026-07-27 15:15,2724.0,2785.5,-2.21,6509400,2831.5,2707.0,3766.0,1729.0
2026-07-27 15:40:38,2026-07-27 15:24,2724.0,2785.5,-2.21,6754900,2831.5,2707.0,3766.0,1729.0
2026-07-28 09:05:32,2026-07-27 15:30,2734.5,2785.5,-1.83,7596100,2831.5,2707.0,3766.0,1729.0
2026-07-28 09:10:35,2026-07-27 15:30,2734.5,2785.5,-1.83,7596100,2831.5,2707.0,3766.0,1729.0
2026-07-28 09:15:30,2026-07-28 09:00,2734.5,2785.5,-1.83,7927600,2707.0,2677.0,3766.0,1729.0
2026-07-28 09:20:38,2026-07-28 09:05,2697.5,2734.5,-1.35,600600,2727.0,2677.0,3766.0,1729.0
2026-07-28 09:25:37,2026-07-28 09:10,2681.5,2734.5,-1.94,807200,2727.0,2677.0,3766.0,1729.0
2026-07-28 09:30:35,2026-07-28 09:15,2681.5,2734.5,-1.94,1070700,2727.0,2669.0,3766.0,1729.0
2026-07-28 09:35:47,2026-07-28 09:20,2681.5,2734.5,-1.94,1223700,2727.0,2669.0,3766.0,1729.0
2026-07-28 09:40:34,2026-07-28 09:25,2671.5,2734.5,-2.3,1348200,2727.0,2666.5,3766.0,1729.0
2026-07-28 09:45:49,2026-07-28 09:30,2666.0,2734.5,-2.51,1528400,2727.0,2656.5,3766.0,1729.0
2026-07-28 09:50:30,2026-07-28 09:35,2659.0,2734.5,-2.76,1699400,2727.0,2652.5,3766.0,1729.0
2026-07-28 09:55:31,2026-07-28 09:40,2662.5,2734.5,-2.63,1854700,2727.0,2652.5,3766.0,1729.0
2026-07-28 10:00:43,2026-07-28 09:45,2664.5,2734.5,-2.56,1999600,2727.0,2652.5,3766.0,1729.0
2026-07-28 10:05:43,2026-07-28 09:50,2646.0,2734.5,-3.24,2245700,2727.0,2645.5,3766.0,1729.0
2026-07-28 10:10:41,2026-07-28 09:55,2638.0,2734.5,-3.53,2375000,2727.0,2638.0,3766.0,1729.0
2026-07-28 10:15:30,2026-07-28 10:00,2638.0,2734.5,-3.53,2489600,2727.0,2637.5,3766.0,1729.0
2026-07-28 10:20:44,2026-07-28 10:05,2645.5,2734.5,-3.25,2659600,2727.0,2632.0,3766.0,1729.0
2026-07-28 10:25:43,2026-07-28 10:10,2640.0,2734.5,-3.46,2751500,2727.0,2632.0,3766.0,1729.0
2026-07-28 10:30:30,2026-07-28 10:15,2640.0,2734.5,-3.46,2826800,2727.0,2632.0,3766.0,1729.0
2026-07-28 10:35:36,2026-07-28 10:20,2640.0,2734.5,-3.46,2960600,2727.0,2632.0,3766.0,1729.0
2026-07-28 10:40:34,2026-07-28 10:25,2655.5,2734.5,-2.89,3045200,2727.0,2632.0,3766.0,1729.0
2026-07-28 10:45:31,2026-07-28 10:30,2660.5,2734.5,-2.71,3119200,2727.0,2632.0,3766.0,1729.0
2026-07-28 10:50:28,2026-07-28 10:35,2671.0,2734.5,-2.32,3221000,2727.0,2632.0,3766.0,1729.0
2026-07-28 10:55:39,2026-07-28 10:40,2673.5,2734.5,-2.23,3324600,2727.0,2632.0,3766.0,1729.0
2026-07-28 11:00:36,2026-07-28 10:45,2672.0,2734.5,-2.29,3404500,2727.0,2632.0,3766.0,1729.0
2026-07-28 11:05:47,2026-07-28 10:50,2675.5,2734.5,-2.16,3489300,2727.0,2632.0,3766.0,1729.0
2026-07-28 11:10:33,2026-07-28 10:55,2664.0,2734.5,-2.58,3573100,2727.0,2632.0,3766.0,1729.0
2026-07-28 11:15:42,2026-07-28 11:00,2649.5,2734.5,-3.11,3680500,2727.0,2632.0,3766.0,1729.0
2026-07-28 11:20:38,2026-07-28 11:05,2646.5,2734.5,-3.22,3753500,2727.0,2632.0,3766.0,1729.0
2026-07-28 11:25:34,2026-07-28 11:10,2648.5,2734.5,-3.14,3808800,2727.0,2632.0,3766.0,1729.0
2026-07-28 11:30:35,2026-07-28 11:15,2642.0,2734.5,-3.38,3881800,2727.0,2632.0,3766.0,1729.0
2026-07-28 12:30:28,2026-07-28 11:30,2653.0,2734.5,-2.98,4082800,2727.0,2632.0,3766.0,1729.0
2026-07-28 12:35:35,2026-07-28 11:30,2653.0,2734.5,-2.98,4082800,2727.0,2632.0,3766.0,1729.0
2026-07-28 12:40:40,2026-07-28 11:30,2653.0,2734.5,-2.98,4082800,2727.0,2632.0,3766.0,1729.0
2026-07-28 12:45:30,2026-07-28 12:30,2656.0,2734.5,-2.87,4214900,2727.0,2632.0,3766.0,1729.0
2026-07-28 12:50:47,2026-07-28 12:35,2667.0,2734.5,-2.47,4340000,2727.0,2632.0,3766.0,1729.0
2026-07-28 12:55:37,2026-07-28 12:40,2675.0,2734.5,-2.18,4416000,2727.0,2632.0,3766.0,1729.0
2026-07-28 13:00:36,2026-07-28 12:45,2682.0,2734.5,-1.92,4526000,2727.0,2632.0,3766.0,1729.0
2026-07-28 13:05:32,2026-07-28 12:50,2679.5,2734.5,-2.01,4592900,2727.0,2632.0,3766.0,1729.0
2026-07-28 13:10:41,2026-07-28 12:55,2674.5,2734.5,-2.19,4661600,2727.0,2632.0,3766.0,1729.0
2026-07-28 13:15:32,2026-07-28 13:00,2665.5,2734.5,-2.52,4742300,2727.0,2632.0,3766.0,1729.0
2026-07-28 13:20:34,2026-07-28 13:05,2666.5,2734.5,-2.49,4790000,2727.0,2632.0,3766.0,1729.0
2026-07-28 13:25:41,2026-07-28 13:10,2662.0,2734.5,-2.65,4859200,2727.0,2632.0,3766.0,1729.0
2026-07-28 13:30:37,2026-07-28 13:15,2658.0,2734.5,-2.8,4915700,2727.0,2632.0,3766.0,1729.0
2026-07-28 13:35:34,2026-07-28 13:20,2662.0,2734.5,-2.65,4980200,2727.0,2632.0,3766.0,1729.0
2026-07-28 13:40:36,2026-07-28 13:25,2661.5,2734.5,-2.67,5023300,2727.0,2632.0,3766.0,1729.0
2026-07-28 13:45:32,2026-07-28 13:30,2664.0,2734.5,-2.58,5066100,2727.0,2632.0,3766.0,1729.0
2026-07-28 13:50:41,2026-07-28 13:35,2665.5,2734.5,-2.52,5162500,2727.0,2632.0,3766.0,1729.0
2026-07-28 13:55:39,2026-07-28 13:40,2663.0,2734.5,-2.61,5219900,2727.0,2632.0,3766.0,1729.0
2026-07-28 14:00:30,2026-07-28 13:45,2662.0,2734.5,-2.65,5260200,2727.0,2632.0,3766.0,1729.0
2026-07-28 14:05:44,2026-07-28 13:50,2664.0,2734.5,-2.58,5308200,2727.0,2632.0,3766.0,1729.0
2026-07-28 14:10:32,2026-07-28 13:55,2669.0,2734.5,-2.4,5348000,2727.0,2632.0,3766.0,1729.0
2026-07-28 14:15:31,2026-07-28 14:00,2664.5,2734.5,-2.56,5387700,2727.0,2632.0,3766.0,1729.0
2026-07-28 14:20:38,2026-07-28 14:05,2665.5,2734.5,-2.52,5437800,2727.0,2632.0,3766.0,1729.0
2026-07-28 14:25:36,2026-07-28 14:10,2660.5,2734.5,-2.71,5493200,2727.0,2632.0,3766.0,1729.0
2026-07-28 14:30:32,2026-07-28 14:15,2657.0,2734.5,-2.83,5528100,2727.0,2632.0,3766.0,1729.0
2026-07-28 14:35:50,2026-07-28 14:20,2656.5,2734.5,-2.85,5579100,2727.0,2632.0,3766.0,1729.0
2026-07-28 14:40:40,2026-07-28 14:25,2648.0,2734.5,-3.16,5692400,2727.0,2632.0,3766.0,1729.0
2026-07-28 14:45:30,2026-07-28 14:30,2646.5,2734.5,-3.22,5757200,2727.0,2632.0,3766.0,1729.0
2026-07-28 14:50:39,2026-07-28 14:35,2642.0,2734.5,-3.38,5838300,2727.0,2632.0,3766.0,1729.0
2026-07-28 14:55:35,2026-07-28 14:40,2649.5,2734.5,-3.11,5931200,2727.0,2632.0,3766.0,1729.0
2026-07-28 15:00:40,2026-07-28 14:45,2648.0,2734.5,-3.16,6027000,2727.0,2632.0,3766.0,1729.0
2026-07-28 15:05:48,2026-07-28 14:50,2653.0,2734.5,-2.98,6144800,2727.0,2632.0,3766.0,1729.0
2026-07-28 15:10:48,2026-07-28 14:55,2652.5,2734.5,-3.0,6228400,2727.0,2632.0,3766.0,1729.0
2026-07-28 15:15:47,2026-07-28 15:00,2654.5,2734.5,-2.93,6323500,2727.0,2632.0,3766.0,1729.0
2026-07-28 15:20:40,2026-07-28 15:05,2652.0,2734.5,-3.02,6420800,2727.0,2632.0,3766.0,1729.0
2026-07-28 15:25:34,2026-07-28 15:10,2653.5,2734.5,-2.96,6548800,2727.0,2632.0,3766.0,1729.0
2026-07-28 15:30:37,2026-07-28 15:15,2655.0,2734.5,-2.91,6677900,2727.0,2632.0,3766.0,1729.0
2026-07-28 15:40:33,2026-07-28 15:24,2670.0,2734.5,-2.36,7011300,2727.0,2632.0,3766.0,1729.0
2026-07-29 09:10:44,2026-07-28 15:30,2674.5,2734.5,-2.19,8330500,2727.0,2632.0,3766.0,1729.0
2026-07-29 09:15:30,2026-07-29 09:00,2674.5,2734.5,-2.19,8581700,2686.0,2668.5,3766.0,1729.0
2026-07-29 09:20:36,2026-07-29 09:05,2660.5,2674.5,-0.52,454200,2686.0,2653.0,3766.0,1729.0
2026-07-29 09:25:33,2026-07-29 09:10,2665.5,2674.5,-0.34,620000,2686.0,2653.0,3766.0,1729.0
2026-07-29 09:30:31,2026-07-29 09:15,2650.5,2674.5,-0.9,893500,2686.0,2648.0,3766.0,1729.0
2026-07-29 09:35:50,2026-07-29 09:20,2653.5,2674.5,-0.79,1066100,2686.0,2644.0,3766.0,1729.0
2026-07-29 09:40:35,2026-07-29 09:25,2651.0,2674.5,-0.88,1202400,2686.0,2644.0,3766.0,1729.0
2026-07-29 09:45:41,2026-07-29 09:30,2638.5,2674.5,-1.35,1370500,2686.0,2633.5,3766.0,1729.0
2026-07-29 09:50:37,2026-07-29 09:35,2645.5,2674.5,-1.08,1474800,2686.0,2633.5,3766.0,1729.0
2026-07-29 09:55:39,2026-07-29 09:40,2653.5,2674.5,-0.79,1591400,2686.0,2633.5,3766.0,1729.0
2026-07-29 10:00:35,2026-07-29 09:45,2650.0,2674.5,-0.92,1720000,2686.0,2633.5,3766.0,1729.0
2026-07-29 10:05:33,2026-07-29 09:50,2643.5,2674.5,-1.16,1799700,2686.0,2633.5,3766.0,1729.0
2026-07-29 10:10:41,2026-07-29 09:55,2649.0,2674.5,-0.95,1905000,2686.0,2633.5,3766.0,1729.0
2026-07-29 10:15:39,2026-07-29 10:00,2636.0,2674.5,-1.44,2046700,2686.0,2633.5,3766.0,1729.0
2026-07-29 10:20:32,2026-07-29 10:05,2644.0,2674.5,-1.14,2138700,2686.0,2632.5,3766.0,1729.0
2026-07-29 10:25:35,2026-07-29 10:10,2632.5,2674.5,-1.57,2315100,2686.0,2629.0,3766.0,1729.0
2026-07-29 10:30:30,2026-07-29 10:15,2614.5,2674.5,-2.24,2494400,2686.0,2614.0,3766.0,1729.0
2026-07-29 10:35:33,2026-07-29 10:20,2627.5,2674.5,-1.76,2659000,2686.0,2607.5,3766.0,1729.0
2026-07-29 10:40:35,2026-07-29 10:25,2646.0,2674.5,-1.07,2776200,2686.0,2607.5,3766.0,1729.0
2026-07-29 10:45:31,2026-07-29 10:30,2657.0,2674.5,-0.65,2899400,2686.0,2607.5,3766.0,1729.0
2026-07-29 10:50:44,2026-07-29 10:35,2656.5,2674.5,-0.67,3027000,2686.0,2607.5,3766.0,1729.0
2026-07-29 10:55:35,2026-07-29 10:40,2663.5,2674.5,-0.41,3186500,2686.0,2607.5,3766.0,1729.0
2026-07-29 11:00:46,2026-07-29 10:45,2661.5,2674.5,-0.49,3351100,2686.0,2607.5,3766.0,1729.0
2026-07-29 11:05:45,2026-07-29 10:50,2651.0,2674.5,-0.88,3512200,2686.0,2607.5,3766.0,1729.0
2026-07-29 11:10:37,2026-07-29 10:55,2635.5,2674.5,-1.46,3676300,2686.0,2607.5,3766.0,1729.0
2026-07-29 11:15:31,2026-07-29 11:00,2618.0,2674.5,-2.11,3799200,2686.0,2607.5,3766.0,1729.0
2026-07-29 11:20:36,2026-07-29 11:05,2626.5,2674.5,-1.79,3959800,2686.0,2607.5,3766.0,1729.0
2026-07-29 11:25:32,2026-07-29 11:10,2636.5,2674.5,-1.42,4119100,2686.0,2607.5,3766.0,1729.0
2026-07-29 11:30:42,2026-07-29 11:15,2645.0,2674.5,-1.1,4280100,2686.0,2607.5,3766.0,1729.0
2026-07-29 12:30:40,2026-07-29 11:30,2672.5,2674.5,-0.07,4795100,2686.0,2607.5,3766.0,1729.0
2026-07-29 12:35:35,2026-07-29 11:30,2672.5,2674.5,-0.07,4795100,2686.0,2607.5,3766.0,1729.0
2026-07-29 12:40:34,2026-07-29 11:30,2672.5,2674.5,-0.07,4795100,2686.0,2607.5,3766.0,1729.0
2026-07-29 12:45:40,2026-07-29 12:30,2660.5,2674.5,-0.52,4935800,2686.0,2607.5,3766.0,1729.0
2026-07-29 12:50:33,2026-07-29 12:35,2660.5,2674.5,-0.52,5119200,2686.0,2607.5,3766.0,1729.0
2026-07-29 12:55:31,2026-07-29 12:40,2645.5,2674.5,-1.08,5314600,2686.0,2607.5,3766.0,1729.0
2026-07-29 13:00:35,2026-07-29 12:45,2651.0,2674.5,-0.88,5471800,2686.0,2607.5,3766.0,1729.0
2026-07-29 13:05:39,2026-07-29 12:50,2641.5,2674.5,-1.23,5566200,2686.0,2607.5,3766.0,1729.0
2026-07-29 13:10:47,2026-07-29 12:55,2638.0,2674.5,-1.36,5689100,2686.0,2607.5,3766.0,1729.0
2026-07-29 13:15:33,2026-07-29 13:00,2632.0,2674.5,-1.59,5799500,2686.0,2607.5,3766.0,1729.0
2026-07-29 13:20:33,2026-07-29 13:05,2627.5,2674.5,-1.76,5931300,2686.0,2607.5,3766.0,1729.0
2026-07-29 13:25:41,2026-07-29 13:10,2635.0,2674.5,-1.48,6083200,2686.0,2607.5,3766.0,1729.0
2026-07-29 13:30:37,2026-07-29 13:15,2634.5,2674.5,-1.5,6236000,2686.0,2607.5,3766.0,1729.0
2026-07-29 13:35:42,2026-07-29 13:20,2639.0,2674.5,-1.33,6374700,2686.0,2607.5,3766.0,1729.0
2026-07-29 13:40:42,2026-07-29 13:25,2638.5,2674.5,-1.35,6468900,2686.0,2607.5,3766.0,1729.0
2026-07-29 13:45:45,2026-07-29 13:30,2627.0,2674.5,-1.78,6590300,2686.0,2607.5,3766.0,1729.0
2026-07-29 13:50:29,2026-07-29 13:35,2613.5,2674.5,-2.28,6820500,2686.0,2607.5,3766.0,1729.0
2026-07-29 13:55:38,2026-07-29 13:40,2614.0,2674.5,-2.26,6925400,2686.0,2607.5,3766.0,1729.0
2026-07-29 14:00:32,2026-07-29 13:45,2612.0,2674.5,-2.34,7073500,2686.0,2607.0,3766.0,1729.0
2026-07-29 14:05:43,2026-07-29 13:50,2638.5,2674.5,-1.35,7205700,2686.0,2607.0,3766.0,1729.0
2026-07-29 14:10:37,2026-07-29 13:55,2642.5,2674.5,-1.2,7328900,2686.0,2607.0,3766.0,1729.0
2026-07-29 14:15:36,2026-07-29 14:00,2647.0,2674.5,-1.03,7460900,2686.0,2607.0,3766.0,1729.0
2026-07-29 14:20:42,2026-07-29 14:05,2635.5,2674.5,-1.46,7569200,2686.0,2607.0,3766.0,1729.0
2026-07-29 14:25:42,2026-07-29 14:10,2645.5,2674.5,-1.08,7674000,2686.0,2607.0,3766.0,1729.0
2026-07-29 14:30:40,2026-07-29 14:15,2644.5,2674.5,-1.12,7747000,2686.0,2607.0,3766.0,1729.0
2026-07-29 14:35:47,2026-07-29 14:20,2642.5,2674.5,-1.2,7832600,2686.0,2607.0,3766.0,1729.0
2026-07-29 14:40:31,2026-07-29 14:25,2650.0,2674.5,-0.92,7939200,2686.0,2607.0,3766.0,1729.0
2026-07-29 14:45:42,2026-07-29 14:30,2647.0,2674.5,-1.03,8012800,2686.0,2607.0,3766.0,1729.0
2026-07-29 14:50:46,2026-07-29 14:35,2660.5,2674.5,-0.52,8126400,2686.0,2607.0,3766.0,1729.0
2026-07-29 14:55:32,2026-07-29 14:40,2658.0,2674.5,-0.62,8207500,2686.0,2607.0,3766.0,1729.0
2026-07-29 15:00:33,2026-07-29 14:45,2656.0,2674.5,-0.69,8298200,2686.0,2607.0,3766.0,1729.0
2026-07-29 15:05:41,2026-07-29 14:50,2656.0,2674.5,-0.69,8394800,2686.0,2607.0,3766.0,1729.0
2026-07-29 15:10:40,2026-07-29 14:55,2654.5,2674.5,-0.75,8510700,2686.0,2607.0,3766.0,1729.0
2026-07-29 15:15:51,2026-07-29 15:00,2652.0,2674.5,-0.84,8596300,2686.0,2607.0,3766.0,1729.0
2026-07-29 15:20:38,2026-07-29 15:05,2649.0,2674.5,-0.95,8731600,2686.0,2607.0,3766.0,1729.0
2026-07-29 15:25:33,2026-07-29 15:10,2646.0,2674.5,-1.07,8850600,2686.0,2607.0,3766.0,1729.0
2026-07-29 15:30:39,2026-07-29 15:15,2650.5,2674.5,-0.9,8978400,2686.0,2607.0,3766.0,1729.0
2026-07-29 15:40:36,2026-07-29 15:24,2669.0,2674.5,-0.21,9402100,2686.0,2607.0,3766.0,1729.0
2026-07-30 09:05:38,2026-07-29 15:30,2674.5,2674.5,0.0,10651600,2686.0,2607.0,3766.0,1729.0
2026-07-30 09:10:42,2026-07-29 15:30,2674.5,2674.5,0.0,10651600,2686.0,2607.0,3766.0,1729.0
2026-07-30 09:15:30,2026-07-30 09:00,2674.5,2674.5,0.0,10874400,2665.0,2637.5,3766.0,1729.0
2026-07-30 09:20:32,2026-07-30 09:05,2629.0,2674.5,-1.7,441400,2665.0,2620.0,3766.0,1729.0
2026-07-30 09:25:30,2026-07-30 09:10,2657.0,2674.5,-0.65,624500,2674.5,2620.0,3766.0,1729.0
2026-07-30 09:30:33,2026-07-30 09:15,2676.0,2674.5,0.06,909400,2691.5,2620.0,3766.0,1729.0
2026-07-30 09:35:45,2026-07-30 09:20,2689.5,2674.5,0.56,1092500,2693.5,2620.0,3766.0,1729.0
2026-07-30 09:40:44,2026-07-30 09:25,2695.5,2674.5,0.79,1271300,2696.5,2620.0,3766.0,1729.0
2026-07-30 09:45:31,2026-07-30 09:30,2697.5,2674.5,0.86,1554400,2701.0,2620.0,3766.0,1729.0
2026-07-30 09:50:38,2026-07-30 09:35,2680.5,2674.5,0.22,1693100,2703.0,2620.0,3766.0,1729.0
2026-07-30 09:55:42,2026-07-30 09:40,2667.0,2674.5,-0.28,1839100,2703.0,2620.0,3766.0,1729.0
2026-07-30 10:00:37,2026-07-30 09:45,2670.5,2674.5,-0.15,2002000,2703.0,2620.0,3766.0,1729.0
2026-07-30 10:05:38,2026-07-30 09:50,2684.0,2674.5,0.36,2134600,2703.0,2620.0,3766.0,1729.0
2026-07-30 10:10:50,2026-07-30 09:55,2696.0,2674.5,0.8,2292900,2703.0,2620.0,3766.0,1729.0
2026-07-30 10:15:30,2026-07-30 10:00,2701.0,2674.5,0.99,2437900,2704.0,2620.0,3766.0,1729.0
2026-07-30 10:20:36,2026-07-30 10:05,2707.5,2674.5,1.23,2546600,2709.0,2620.0,3766.0,1729.0
2026-07-30 10:25:30,2026-07-30 10:10,2712.5,2674.5,1.42,2739700,2728.5,2620.0,3766.0,1729.0
2026-07-30 10:30:33,2026-07-30 10:15,2694.0,2674.5,0.73,2845300,2728.5,2620.0,3766.0,1729.0
2026-07-30 10:35:30,2026-07-30 10:20,2692.0,2674.5,0.65,2963700,2728.5,2620.0,3766.0,1729.0
2026-07-30 10:40:31,2026-07-30 10:25,2699.5,2674.5,0.93,3068400,2728.5,2620.0,3766.0,1729.0
2026-07-30 10:45:29,2026-07-30 10:30,2703.5,2674.5,1.08,3158900,2728.5,2620.0,3766.0,1729.0
2026-07-30 10:50:32,2026-07-30 10:35,2713.5,2674.5,1.46,3240000,2728.5,2620.0,3766.0,1729.0
2026-07-30 10:55:37,2026-07-30 10:40,2710.0,2674.5,1.33,3334200,2728.5,2620.0,3766.0,1729.0
2026-07-30 11:00:41,2026-07-30 10:45,2702.5,2674.5,1.05,3379000,2728.5,2620.0,3766.0,1729.0
2026-07-30 11:05:37,2026-07-30 10:50,2700.5,2674.5,0.97,3441100,2728.5,2620.0,3766.0,1729.0
2026-07-30 11:10:53,2026-07-30 10:55,2708.5,2674.5,1.27,3511800,2728.5,2620.0,3766.0,1729.0
2026-07-30 11:15:33,2026-07-30 11:00,2706.5,2674.5,1.2,3572700,2728.5,2620.0,3766.0,1729.0
2026-07-30 11:20:34,2026-07-30 11:05,2701.5,2674.5,1.01,3642700,2728.5,2620.0,3766.0,1729.0
2026-07-30 11:25:31,2026-07-30 11:10,2704.5,2674.5,1.12,3709200,2728.5,2620.0,3766.0,1729.0
2026-07-30 11:30:37,2026-07-30 11:15,2704.0,2674.5,1.1,3773900,2728.5,2620.0,3766.0,1729.0
2026-07-30 12:30:31,2026-07-30 11:30,2696.5,2674.5,0.82,3937100,2728.5,2620.0,3766.0,1729.0
2026-07-30 12:35:37,2026-07-30 11:30,2696.5,2674.5,0.82,3937100,2728.5,2620.0,3766.0,1729.0
2026-07-30 12:40:33,2026-07-30 11:30,2696.5,2674.5,0.82,3937100,2728.5,2620.0,3766.0,1729.0
2026-07-30 12:45:36,2026-07-30 12:30,2672.5,2674.5,-0.07,4045300,2728.5,2620.0,3766.0,1729.0
2026-07-30 12:50:31,2026-07-30 12:35,2682.5,2674.5,0.3,4169200,2728.5,2620.0,3766.0,1729.0
2026-07-30 12:55:42,2026-07-30 12:40,2678.0,2674.5,0.13,4284800,2728.5,2620.0,3766.0,1729.0
2026-07-30 13:00:43,2026-07-30 12:45,2683.0,2674.5,0.32,4369900,2728.5,2620.0,3766.0,1729.0
2026-07-30 13:05:29,2026-07-30 12:50,2686.0,2674.5,0.43,4440700,2728.5,2620.0,3766.0,1729.0
2026-07-30 13:10:38,2026-07-30 12:55,2688.5,2674.5,0.52,4493900,2728.5,2620.0,3766.0,1729.0
2026-07-30 13:15:34,2026-07-30 13:00,2677.5,2674.5,0.11,4561600,2728.5,2620.0,3766.0,1729.0
2026-07-30 13:20:29,2026-07-30 13:05,2676.0,2674.5,0.06,4621400,2728.5,2620.0,3766.0,1729.0
2026-07-30 13:25:32,2026-07-30 13:10,2667.0,2674.5,-0.28,4691700,2728.5,2620.0,3766.0,1729.0
2026-07-30 13:30:34,2026-07-30 13:15,2663.0,2674.5,-0.43,4781900,2728.5,2620.0,3766.0,1729.0
2026-07-30 13:35:33,2026-07-30 13:20,2667.5,2674.5,-0.26,4863500,2728.5,2620.0,3766.0,1729.0
2026-07-30 13:40:30,2026-07-30 13:25,2672.5,2674.5,-0.07,4931700,2728.5,2620.0,3766.0,1729.0
2026-07-30 13:45:32,2026-07-30 13:30,2677.5,2674.5,0.11,4999800,2728.5,2620.0,3766.0,1729.0
2026-07-30 13:50:34,2026-07-30 13:35,2678.0,2674.5,0.13,5061900,2728.5,2620.0,3766.0,1729.0
2026-07-30 13:55:40,2026-07-30 13:40,2674.5,2674.5,0.0,5116100,2728.5,2620.0,3766.0,1729.0
2026-07-30 14:00:50,2026-07-30 13:45,2679.0,2674.5,0.17,5163500,2728.5,2620.0,3766.0,1729.0
2026-07-30 14:05:36,2026-07-30 13:50,2669.5,2674.5,-0.19,5220500,2728.5,2620.0,3766.0,1729.0
2026-07-30 14:10:30,2026-07-30 13:55,2668.5,2674.5,-0.22,5284000,2728.5,2620.0,3766.0,1729.0
2026-07-30 14:15:30,2026-07-30 14:00,2659.5,2674.5,-0.56,5354500,2728.5,2620.0,3766.0,1729.0
2026-07-30 14:20:28,2026-07-30 14:05,2654.5,2674.5,-0.75,5431300,2728.5,2620.0,3766.0,1729.0
2026-07-30 14:25:38,2026-07-30 14:10,2659.0,2674.5,-0.58,5545600,2728.5,2620.0,3766.0,1729.0
2026-07-30 14:30:38,2026-07-30 14:15,2663.0,2674.5,-0.43,5608200,2728.5,2620.0,3766.0,1729.0
2026-07-30 14:35:30,2026-07-30 14:20,2671.0,2674.5,-0.13,5671200,2728.5,2620.0,3766.0,1729.0
2026-07-30 14:40:44,2026-07-30 14:25,2668.0,2674.5,-0.24,5728900,2728.5,2620.0,3766.0,1729.0
2026-07-30 14:45:29,2026-07-30 14:30,2666.0,2674.5,-0.32,5771400,2728.5,2620.0,3766.0,1729.0
2026-07-30 14:50:40,2026-07-30 14:35,2668.5,2674.5,-0.22,5829200,2728.5,2620.0,3766.0,1729.0
2026-07-30 14:55:40,2026-07-30 14:40,2672.5,2674.5,-0.07,5886400,2728.5,2620.0,3766.0,1729.0
2026-07-30 15:00:31,2026-07-30 14:45,2681.0,2674.5,0.24,5965600,2728.5,2620.0,3766.0,1729.0
2026-07-30 15:05:36,2026-07-30 14:50,2675.0,2674.5,0.02,6029500,2728.5,2620.0,3766.0,1729.0
2026-07-30 15:10:49,2026-07-30 14:55,2667.5,2674.5,-0.26,6105600,2728.5,2620.0,3766.0,1729.0
2026-07-30 15:15:36,2026-07-30 15:00,2666.0,2674.5,-0.32,6157500,2728.5,2620.0,3766.0,1729.0
2026-07-30 15:20:36,2026-07-30 15:05,2663.0,2674.5,-0.43,6228600,2728.5,2620.0,3766.0,1729.0
2026-07-30 15:25:32,2026-07-30 15:10,2662.0,2674.5,-0.47,6326500,2728.5,2620.0,3766.0,1729.0
2026-07-30 15:30:37,2026-07-30 15:15,2662.0,2674.5,-0.47,6400800,2728.5,2620.0,3766.0,1729.0
2026-07-30 15:40:31,2026-07-30 15:24,2665.5,2674.5,-0.34,6613700,2728.5,2620.0,3766.0,1729.0
2026-07-31 09:05:35,2026-07-30 15:30,2683.5,2674.5,0.34,8318500,2728.5,2620.0,3766.0,1729.0
2026-07-31 09:10:45,2026-07-30 15:30,2683.5,2674.5,0.34,8318500,2728.5,2620.0,3766.0,1729.0
2026-07-31 09:15:36,2026-07-30 15:30,2683.5,2674.5,0.34,8318500,2728.5,2620.0,3766.0,1729.0
2026-07-31 09:20:36,2026-07-31 09:05,2767.5,2683.5,3.13,720700,2767.5,2730.0,3766.0,1729.0
2026-07-31 09:25:37,2026-07-31 09:10,2747.5,2683.5,2.38,1310700,2781.0,2730.0,3766.0,1729.0
2026-07-31 09:30:45,2026-07-31 09:15,2743.5,2683.5,2.24,1662200,2781.0,2730.0,3766.0,1729.0
2026-07-31 09:35:40,2026-07-31 09:20,2744.0,2683.5,2.25,1888000,2781.0,2730.0,3766.0,1729.0
2026-07-31 09:40:29,2026-07-31 09:25,2777.5,2683.5,3.5,2240100,2781.0,2730.0,3766.0,1729.0
2026-07-31 09:45:40,2026-07-31 09:30,2812.0,2683.5,4.79,3005600,2812.0,2730.0,3766.0,1729.0
2026-07-31 09:50:32,2026-07-31 09:35,2805.0,2683.5,4.53,3616200,2814.0,2730.0,3766.0,1729.0
2026-07-31 09:55:31,2026-07-31 09:40,2783.0,2683.5,3.71,3877800,2814.0,2730.0,3766.0,1729.0
2026-07-31 10:00:32,2026-07-31 09:45,2775.5,2683.5,3.43,4065900,2814.0,2730.0,3766.0,1729.0
2026-07-31 10:05:32,2026-07-31 09:50,2777.0,2683.5,3.48,4210100,2814.0,2730.0,3766.0,1729.0
2026-07-31 10:10:40,2026-07-31 09:55,2792.0,2683.5,4.04,4427600,2814.0,2730.0,3766.0,1729.0
2026-07-31 10:15:30,2026-07-31 10:00,2802.0,2683.5,4.42,4602100,2814.0,2730.0,3766.0,1729.0
2026-07-31 10:20:30,2026-07-31 10:05,2817.5,2683.5,4.99,5085800,2820.5,2730.0,3766.0,1729.0
2026-07-31 10:25:38,2026-07-31 10:10,2822.0,2683.5,5.16,5418000,2824.0,2730.0,3766.0,1729.0
2026-07-31 10:30:39,2026-07-31 10:15,2824.0,2683.5,5.24,5723600,2827.0,2730.0,3766.0,1729.0
2026-07-31 10:35:34,2026-07-31 10:20,2833.0,2683.5,5.57,5956100,2835.5,2730.0,3766.0,1729.0
2026-07-31 10:40:32,2026-07-31 10:25,2824.0,2683.5,5.24,6340300,2843.0,2730.0,3766.0,1729.0
2026-07-31 10:45:38,2026-07-31 10:30,2822.0,2683.5,5.16,6659700,2843.0,2730.0,3766.0,1729.0
2026-07-31 10:50:40,2026-07-31 10:35,2816.0,2683.5,4.94,6839200,2843.0,2730.0,3766.0,1729.0
2026-07-31 10:55:30,2026-07-31 10:40,2827.0,2683.5,5.35,6961200,2843.0,2730.0,3766.0,1729.0
2026-07-31 11:00:40,2026-07-31 10:45,2824.5,2683.5,5.25,7120500,2843.0,2730.0,3766.0,1729.0
2026-07-31 11:05:31,2026-07-31 10:50,2802.0,2683.5,4.42,7275300,2843.0,2730.0,3766.0,1729.0
2026-07-31 11:10:34,2026-07-31 10:55,2801.0,2683.5,4.38,7415500,2843.0,2730.0,3766.0,1729.0
2026-07-31 11:15:39,2026-07-31 11:00,2810.0,2683.5,4.71,7544400,2843.0,2730.0,3766.0,1729.0
2026-07-31 11:20:34,2026-07-31 11:05,2800.0,2683.5,4.34,7664400,2843.0,2730.0,3766.0,1729.0
2026-07-31 11:25:31,2026-07-31 11:10,2796.5,2683.5,4.21,7790200,2843.0,2730.0,3766.0,1729.0
2026-07-31 11:30:44,2026-07-31 11:15,2783.5,2683.5,3.73,7933100,2843.0,2730.0,3766.0,1729.0
2026-07-31 12:30:47,2026-07-31 11:30,2776.5,2683.5,3.47,8194500,2843.0,2730.0,3766.0,1729.0
2026-07-31 12:35:44,2026-07-31 11:30,2776.5,2683.5,3.47,8194500,2843.0,2730.0,3766.0,1729.0
2026-07-31 12:40:34,2026-07-31 11:30,2776.5,2683.5,3.47,8194500,2843.0,2730.0,3766.0,1729.0
2026-07-31 12:45:37,2026-07-31 12:30,2778.0,2683.5,3.52,8307500,2843.0,2730.0,3766.0,1729.0
2026-07-31 12:50:31,2026-07-31 12:35,2764.0,2683.5,3.0,8461200,2843.0,2730.0,3766.0,1729.0
2026-07-31 12:55:36,2026-07-31 12:40,2763.5,2683.5,2.98,8560700,2843.0,2730.0,3766.0,1729.0
2026-07-31 13:00:37,2026-07-31 12:45,2760.5,2683.5,2.87,8705000,2843.0,2730.0,3766.0,1729.0
2026-07-31 13:05:40,2026-07-31 12:50,2763.5,2683.5,2.98,8782100,2843.0,2730.0,3766.0,1729.0
2026-07-31 13:10:30,2026-07-31 12:55,2770.0,2683.5,3.22,8862100,2843.0,2730.0,3766.0,1729.0
2026-07-31 13:15:37,2026-07-31 13:00,2767.5,2683.5,3.13,8922300,2843.0,2730.0,3766.0,1729.0
2026-07-31 13:20:36,2026-07-31 13:05,2761.0,2683.5,2.89,8988500,2843.0,2730.0,3766.0,1729.0
2026-07-31 13:25:34,2026-07-31 13:10,2773.5,2683.5,3.35,9059200,2843.0,2730.0,3766.0,1729.0
2026-07-31 13:30:29,2026-07-31 13:15,2769.0,2683.5,3.19,9113800,2843.0,2730.0,3766.0,1729.0
2026-07-31 13:35:35,2026-07-31 13:20,2768.0,2683.5,3.15,9214900,2843.0,2730.0,3766.0,1729.0
2026-07-31 13:40:37,2026-07-31 13:25,2769.5,2683.5,3.2,9271200,2843.0,2730.0,3766.0,1729.0
2026-07-31 13:45:42,2026-07-31 13:30,2776.0,2683.5,3.45,9341700,2843.0,2730.0,3766.0,1729.0
2026-07-31 13:50:34,2026-07-31 13:35,2785.0,2683.5,3.78,9414200,2843.0,2730.0,3766.0,1729.0
2026-07-31 13:55:42,2026-07-31 13:40,2794.5,2683.5,4.14,9504200,2843.0,2730.0,3766.0,1729.0
2026-07-31 14:00:35,2026-07-31 13:45,2795.5,2683.5,4.17,9575100,2843.0,2730.0,3766.0,1729.0
2026-07-31 14:05:31,2026-07-31 13:50,2795.0,2683.5,4.16,9665900,2843.0,2730.0,3766.0,1729.0
2026-07-31 14:10:30,2026-07-31 13:55,2790.0,2683.5,3.97,9759800,2843.0,2730.0,3766.0,1729.0
2026-07-31 14:15:54,2026-07-31 14:00,2789.0,2683.5,3.93,9820600,2843.0,2730.0,3766.0,1729.0
2026-07-31 14:20:30,2026-07-31 14:05,2788.5,2683.5,3.91,9856400,2843.0,2730.0,3766.0,1729.0
2026-07-31 14:25:41,2026-07-31 14:10,2790.0,2683.5,3.97,9904600,2843.0,2730.0,3766.0,1729.0
2026-07-31 14:30:40,2026-07-31 14:15,2794.0,2683.5,4.12,9984800,2843.0,2730.0,3766.0,1729.0
2026-07-31 14:36:22,2026-07-31 14:21,2796.5,2683.5,4.21,10089200,2843.0,2730.0,3766.0,1729.0
2026-07-31 14:40:48,2026-07-31 14:25,2793.5,2683.5,4.1,10158500,2843.0,2730.0,3766.0,1729.0
2026-07-31 14:45:36,2026-07-31 14:30,2790.0,2683.5,3.97,10256300,2843.0,2730.0,3766.0,1729.0
2026-07-31 14:50:31,2026-07-31 14:35,2779.0,2683.5,3.56,10360800,2843.0,2730.0,3766.0,1729.0
2026-07-31 14:55:34,2026-07-31 14:40,2777.5,2683.5,3.5,10459400,2843.0,2730.0,3766.0,1729.0
2026-07-31 15:00:44,2026-07-31 14:45,2764.5,2683.5,3.02,10558100,2843.0,2730.0,3766.0,1729.0
2026-07-31 15:05:39,2026-07-31 14:50,2771.5,2683.5,3.28,10645600,2843.0,2730.0,3766.0,1729.0
2026-07-31 15:10:44,2026-07-31 14:55,2774.5,2683.5,3.39,10749600,2843.0,2730.0,3766.0,1729.0
2026-07-31 15:15:37,2026-07-31 15:00,2773.0,2683.5,3.34,10859600,2843.0,2730.0,3766.0,1729.0
2026-07-31 15:20:44,2026-07-31 15:05,2773.0,2683.5,3.34,11058400,2843.0,2730.0,3766.0,1729.0
2026-07-31 15:25:38,2026-07-31 15:10,2763.0,2683.5,2.96,11266400,2843.0,2730.0,3766.0,1729.0
2026-07-31 15:30:51,2026-07-31 15:15,2772.0,2683.5,3.3,11522800,2843.0,2730.0,3766.0,1729.0
2026-07-31 15:40:38,2026-07-31 15:24,2767.0,2683.5,3.11,11877200,2843.0,2730.0,3766.0,1729.0
2026-08-03 09:05:30,2026-07-31 15:30,2763.0,2683.5,2.96,13063400,2843.0,2730.0,3766.0,1729.0
2026-08-03 09:10:31,2026-07-31 15:30,2763.0,2683.5,2.96,13063400,2843.0,2730.0,3766.0,1729.0
2026-08-03 09:15:39,2026-08-03 09:00,2692.0,2683.5,0.32,13437100,2727.5,2682.0,3766.0,1729.0
2026-08-03 09:20:32,2026-08-03 09:05,2652.5,2763.0,-4.0,884500,2727.5,2642.0,3766.0,1729.0
2026-08-03 09:25:47,2026-08-03 09:10,2675.5,2763.0,-3.17,1162400,2727.5,2641.5,3766.0,1729.0
2026-08-03 09:30:34,2026-08-03 09:15,2657.5,2763.0,-3.82,1417300,2727.5,2641.5,3766.0,1729.0
2026-08-03 09:35:37,2026-08-03 09:20,2658.0,2763.0,-3.8,1725300,2727.5,2641.5,3766.0,1729.0
2026-08-03 09:40:31,2026-08-03 09:25,2652.5,2763.0,-4.0,1894300,2727.5,2641.5,3766.0,1729.0
2026-08-03 09:45:40,2026-08-03 09:30,2644.0,2763.0,-4.31,2248100,2727.5,2641.5,3766.0,1729.0
2026-08-03 09:50:30,2026-08-03 09:35,2634.5,2763.0,-4.65,2670300,2727.5,2629.5,3766.0,1729.0
2026-08-03 09:55:31,2026-08-03 09:40,2629.5,2763.0,-4.83,2869900,2727.5,2623.5,3766.0,1729.0
2026-08-03 10:00:33,2026-08-03 09:45,2622.5,2763.0,-5.09,3112300,2727.5,2617.5,3766.0,1729.0
2026-08-03 10:05:33,2026-08-03 09:50,2637.0,2763.0,-4.56,3255500,2727.5,2617.5,3766.0,1729.0
2026-08-03 10:10:30,2026-08-03 09:55,2638.0,2763.0,-4.52,3403300,2727.5,2617.5,3766.0,1729.0
2026-08-03 10:15:37,2026-08-03 10:00,2639.0,2763.0,-4.49,3586400,2727.5,2617.5,3766.0,1729.0
2026-08-03 10:20:33,2026-08-03 10:05,2634.0,2763.0,-4.67,3714300,2727.5,2617.5,3766.0,1729.0
2026-08-03 10:25:45,2026-08-03 10:10,2651.0,2763.0,-4.05,3932800,2727.5,2617.5,3766.0,1729.0
2026-08-03 10:30:38,2026-08-03 10:15,2639.5,2763.0,-4.47,4061100,2727.5,2617.5,3766.0,1729.0
2026-08-03 10:35:45,2026-08-03 10:20,2650.0,2763.0,-4.09,4383100,2727.5,2617.5,3766.0,1729.0
2026-08-03 10:40:38,2026-08-03 10:25,2649.0,2763.0,-4.13,4490900,2727.5,2617.5,3766.0,1729.0
2026-08-03 10:45:40,2026-08-03 10:30,2648.5,2763.0,-4.14,4589400,2727.5,2617.5,3766.0,1729.0
2026-08-03 10:50:40,2026-08-03 10:35,2644.0,2763.0,-4.31,4672100,2727.5,2617.5,3766.0,1729.0
2026-08-03 10:55:33,2026-08-03 10:40,2652.0,2763.0,-4.02,4775700,2727.5,2617.5,3766.0,1729.0
2026-08-03 11:00:43,2026-08-03 10:45,2654.0,2763.0,-3.94,4887100,2727.5,2617.5,3766.0,1729.0
2026-08-03 11:05:40,2026-08-03 10:50,2661.5,2763.0,-3.67,5088300,2727.5,2617.5,3766.0,1729.0
2026-08-03 11:10:46,2026-08-03 10:55,2648.5,2763.0,-4.14,5196100,2727.5,2617.5,3766.0,1729.0
2026-08-03 11:15:35,2026-08-03 11:00,2652.0,2763.0,-4.02,5265200,2727.5,2617.5,3766.0,1729.0
2026-08-03 11:20:34,2026-08-03 11:05,2653.5,2763.0,-3.96,5342300,2727.5,2617.5,3766.0,1729.0
2026-08-03 11:25:34,2026-08-03 11:10,2654.0,2763.0,-3.94,5445500,2727.5,2617.5,3766.0,1729.0
2026-08-03 11:30:40,2026-08-03 11:15,2654.0,2763.0,-3.94,5523100,2727.5,2617.5,3766.0,1729.0
2026-08-03 12:30:31,2026-08-03 11:30,2653.0,2763.0,-3.98,5811600,2727.5,2617.5,3766.0,1729.0
2026-08-03 12:35:39,2026-08-03 11:30,2653.0,2763.0,-3.98,5811600,2727.5,2617.5,3766.0,1729.0
2026-08-03 12:40:35,2026-08-03 11:30,2653.0,2763.0,-3.98,5811600,2727.5,2617.5,3766.0,1729.0
2026-08-03 12:45:32,2026-08-03 12:30,2688.5,2763.0,-2.7,5977600,2727.5,2617.5,3766.0,1729.0
2026-08-03 12:50:36,2026-08-03 12:35,2682.5,2763.0,-2.91,6173500,2727.5,2617.5,3766.0,1729.0
2026-08-03 12:55:32,2026-08-03 12:40,2685.0,2763.0,-2.82,6303200,2727.5,2617.5,3766.0,1729.0
2026-08-03 13:00:40,2026-08-03 12:45,2688.0,2763.0,-2.71,6384800,2727.5,2617.5,3766.0,1729.0
2026-08-03 13:05:36,2026-08-03 12:50,2687.5,2763.0,-2.73,6478200,2727.5,2617.5,3766.0,1729.0
2026-08-03 13:10:34,2026-08-03 12:55,2691.0,2763.0,-2.61,6553100,2727.5,2617.5,3766.0,1729.0
2026-08-03 13:15:37,2026-08-03 13:00,2688.0,2763.0,-2.71,6615200,2727.5,2617.5,3766.0,1729.0
2026-08-03 13:20:38,2026-08-03 13:05,2688.5,2763.0,-2.7,6702500,2727.5,2617.5,3766.0,1729.0
2026-08-03 13:25:38,2026-08-03 13:10,2694.0,2763.0,-2.5,6764800,2727.5,2617.5,3766.0,1729.0
2026-08-03 13:30:36,2026-08-03 13:15,2695.5,2763.0,-2.44,6837000,2727.5,2617.5,3766.0,1729.0
2026-08-03 13:35:36,2026-08-03 13:20,2696.0,2763.0,-2.42,6918700,2727.5,2617.5,3766.0,1729.0
2026-08-03 13:40:36,2026-08-03 13:25,2702.5,2763.0,-2.19,7010800,2727.5,2617.5,3766.0,1729.0
2026-08-03 13:45:31,2026-08-03 13:30,2706.5,2763.0,-2.04,7072300,2727.5,2617.5,3766.0,1729.0
2026-08-03 13:51:12,2026-08-03 13:36,2707.0,2763.0,-2.03,7158200,2727.5,2617.5,3766.0,1729.0
2026-08-03 13:55:43,2026-08-03 13:40,2698.5,2763.0,-2.33,7240700,2727.5,2617.5,3766.0,1729.0
2026-08-03 14:00:31,2026-08-03 13:45,2697.5,2763.0,-2.37,7340900,2727.5,2617.5,3766.0,1729.0
2026-08-03 14:05:39,2026-08-03 13:50,2704.0,2763.0,-2.14,7411700,2727.5,2617.5,3766.0,1729.0
2026-08-03 14:10:29,2026-08-03 13:55,2702.0,2763.0,-2.21,7448500,2727.5,2617.5,3766.0,1729.0
2026-08-03 14:15:41,2026-08-03 14:00,2705.5,2763.0,-2.08,7517900,2727.5,2617.5,3766.0,1729.0
2026-08-03 14:20:49,2026-08-03 14:05,2699.5,2763.0,-2.3,7571600,2727.5,2617.5,3766.0,1729.0
2026-08-03 14:25:41,2026-08-03 14:10,2702.5,2763.0,-2.19,7615800,2727.5,2617.5,3766.0,1729.0
2026-08-03 14:30:30,2026-08-03 14:15,2700.5,2763.0,-2.26,7665300,2727.5,2617.5,3766.0,1729.0
2026-08-03 14:35:37,2026-08-03 14:20,2697.0,2763.0,-2.39,7726200,2727.5,2617.5,3766.0,1729.0
2026-08-03 14:40:41,2026-08-03 14:25,2701.5,2763.0,-2.23,7775900,2727.5,2617.5,3766.0,1729.0
2026-08-03 14:45:35,2026-08-03 14:30,2698.5,2763.0,-2.33,7846900,2727.5,2617.5,3766.0,1729.0
2026-08-03 14:50:41,2026-08-03 14:35,2696.5,2763.0,-2.41,7939600,2727.5,2617.5,3766.0,1729.0
2026-08-03 14:55:30,2026-08-03 14:40,2697.5,2763.0,-2.37,8025400,2727.5,2617.5,3766.0,1729.0
2026-08-03 15:00:36,2026-08-03 14:45,2700.5,2763.0,-2.26,8132400,2727.5,2617.5,3766.0,1729.0
2026-08-03 15:05:30,2026-08-03 14:50,2701.0,2763.0,-2.24,8177800,2727.5,2617.5,3766.0,1729.0
2026-08-03 15:10:38,2026-08-03 14:55,2695.0,2763.0,-2.46,8232600,2727.5,2617.5,3766.0,1729.0
2026-08-03 15:15:46,2026-08-03 15:00,2699.0,2763.0,-2.32,8307300,2727.5,2617.5,3766.0,1729.0
2026-08-03 15:20:46,2026-08-03 15:05,2698.0,2763.0,-2.35,8386500,2727.5,2617.5,3766.0,1729.0
2026-08-03 15:25:43,2026-08-03 15:10,2701.5,2763.0,-2.23,8455200,2727.5,2617.5,3766.0,1729.0
2026-08-03 15:30:42,2026-08-03 15:15,2701.0,2763.0,-2.24,8560000,2727.5,2617.5,3766.0,1729.0
2026-08-03 15:40:44,2026-08-03 15:24,2701.0,2763.0,-2.24,8869600,2727.5,2617.5,3766.0,1729.0
2026-08-04 09:05:45,2026-08-03 15:30,2708.0,2763.0,-1.99,9986000,2727.5,2617.5,3766.0,1729.0
2026-08-04 09:10:31,2026-08-03 15:30,2708.0,2763.0,-1.99,9986000,2727.5,2617.5,3766.0,1729.0
2026-08-04 09:15:38,2026-08-04 09:00,2708.0,2763.0,-1.99,10248000,2760.0,2738.5,3766.0,1729.0
2026-08-04 09:20:36,2026-08-04 09:05,2724.5,2708.0,0.61,442100,2760.0,2709.5,3766.0,1729.0
2026-08-04 09:25:39,2026-08-04 09:10,2742.0,2708.0,1.26,661600,2760.0,2708.5,3766.0,1729.0
2026-08-04 09:30:31,2026-08-04 09:15,2757.5,2708.0,1.83,1021200,2767.5,2708.5,3766.0,1729.0
2026-08-04 09:35:43,2026-08-04 09:20,2765.0,2708.0,2.1,1281600,2774.0,2708.5,3766.0,1729.0
2026-08-04 09:40:40,2026-08-04 09:25,2781.0,2708.0,2.7,1519900,2783.5,2708.5,3766.0,1729.0
2026-08-04 09:45:39,2026-08-04 09:30,2792.5,2708.0,3.12,1807100,2793.5,2708.5,3766.0,1729.0
2026-08-04 09:50:32,2026-08-04 09:35,2779.0,2708.0,2.62,1950500,2793.5,2708.5,3766.0,1729.0
2026-08-04 09:55:52,2026-08-04 09:40,2758.5,2708.0,1.86,2080300,2793.5,2708.5,3766.0,1729.0
2026-08-04 10:00:49,2026-08-04 09:45,2760.5,2708.0,1.94,2282500,2793.5,2708.5,3766.0,1729.0
2026-08-04 10:05:38,2026-08-04 09:50,2759.0,2708.0,1.88,2378800,2793.5,2708.5,3766.0,1729.0
2026-08-04 10:10:46,2026-08-04 09:55,2740.5,2708.0,1.2,2502800,2793.5,2708.5,3766.0,1729.0
2026-08-04 10:15:45,2026-08-04 10:00,2734.5,2708.0,0.98,2631800,2793.5,2708.5,3766.0,1729.0
2026-08-04 10:20:35,2026-08-04 10:05,2732.5,2708.0,0.9,2737000,2793.5,2708.5,3766.0,1729.0
2026-08-04 10:25:30,2026-08-04 10:10,2730.5,2708.0,0.83,2808700,2793.5,2708.5,3766.0,1729.0
2026-08-04 10:30:34,2026-08-04 10:15,2743.0,2708.0,1.29,2879100,2793.5,2708.5,3766.0,1729.0
2026-08-04 10:35:40,2026-08-04 10:20,2728.5,2708.0,0.76,3012400,2793.5,2708.5,3766.0,1729.0
2026-08-04 10:40:44,2026-08-04 10:25,2730.0,2708.0,0.81,3080300,2793.5,2708.5,3766.0,1729.0
2026-08-04 10:45:42,2026-08-04 10:30,2738.5,2708.0,1.13,3146200,2793.5,2708.5,3766.0,1729.0
2026-08-04 10:50:44,2026-08-04 10:35,2739.0,2708.0,1.14,3196700,2793.5,2708.5,3766.0,1729.0
2026-08-04 11:10:55,2026-08-04 10:55,2748.5,2708.0,1.5,3452900,2793.5,2708.5,3766.0,1729.0
2026-08-04 11:15:40,2026-08-04 11:00,2746.0,2708.0,1.4,3506900,2793.5,2708.5,3766.0,1729.0
2026-08-04 11:20:37,2026-08-04 11:05,2730.0,2708.0,0.81,3582300,2793.5,2708.5,3766.0,1729.0
2026-08-04 11:25:33,2026-08-04 11:10,2743.5,2708.0,1.31,3652600,2793.5,2708.5,3766.0,1729.0
2026-08-04 11:30:33,2026-08-04 11:15,2743.0,2708.0,1.29,3695500,2793.5,2708.5,3766.0,1729.0
2026-08-04 12:30:38,2026-08-04 11:30,2740.0,2708.0,1.18,3817100,2793.5,2708.5,3766.0,1729.0
2026-08-04 12:35:38,2026-08-04 11:30,2740.0,2708.0,1.18,3817100,2793.5,2708.5,3766.0,1729.0
2026-08-04 12:40:36,2026-08-04 11:30,2740.0,2708.0,1.18,3817100,2793.5,2708.5,3766.0,1729.0
2026-08-04 12:45:38,2026-08-04 12:30,2750.5,2708.0,1.57,3952200,2793.5,2708.5,3766.0,1729.0
2026-08-04 12:50:35,2026-08-04 12:35,2753.5,2708.0,1.68,4078200,2793.5,2708.5,3766.0,1729.0
2026-08-04 12:55:39,2026-08-04 12:40,2754.5,2708.0,1.72,4157500,2793.5,2708.5,3766.0,1729.0
2026-08-04 13:00:37,2026-08-04 12:45,2748.0,2708.0,1.48,4262200,2793.5,2708.5,3766.0,1729.0
2026-08-04 13:05:43,2026-08-04 12:50,2757.5,2708.0,1.83,4328300,2793.5,2708.5,3766.0,1729.0
2026-08-04 13:10:44,2026-08-04 12:55,2766.0,2708.0,2.14,4431600,2793.5,2708.5,3766.0,1729.0
2026-08-04 13:15:48,2026-08-04 13:00,2772.0,2708.0,2.36,4529700,2793.5,2708.5,3766.0,1729.0
2026-08-04 13:20:28,2026-08-04 13:05,2769.0,2708.0,2.25,4594500,2793.5,2708.5,3766.0,1729.0
2026-08-04 13:25:34,2026-08-04 13:10,2766.0,2708.0,2.14,4673300,2793.5,2708.5,3766.0,1729.0
2026-08-04 13:30:40,2026-08-04 13:15,2776.5,2708.0,2.53,4775300,2793.5,2708.5,3766.0,1729.0
2026-08-04 13:35:42,2026-08-04 13:20,2785.5,2708.0,2.86,4888800,2793.5,2708.5,3766.0,1729.0
2026-08-04 13:40:36,2026-08-04 13:25,2781.5,2708.0,2.71,4974500,2793.5,2708.5,3766.0,1729.0
2026-08-04 13:45:45,2026-08-04 13:30,2799.5,2708.0,3.38,5655200,2811.0,2708.5,3766.0,1729.0
2026-08-04 13:50:34,2026-08-04 13:35,2831.0,2708.0,4.54,6407000,2845.0,2708.5,3766.0,1729.0
2026-08-04 13:55:30,2026-08-04 13:40,2825.5,2708.0,4.34,6978000,2853.5,2708.5,3766.0,1729.0
2026-08-04 14:00:38,2026-08-04 13:45,2843.5,2708.0,5.0,7235300,2853.5,2708.5,3766.0,1729.0
2026-08-04 14:05:38,2026-08-04 13:50,2853.5,2708.0,5.37,7712300,2864.5,2708.5,3766.0,1729.0
2026-08-04 14:10:43,2026-08-04 13:55,2862.5,2708.0,5.71,7978400,2870.0,2708.5,3766.0,1729.0
2026-08-04 14:15:42,2026-08-04 14:00,2863.0,2708.0,5.72,8222300,2870.0,2708.5,3766.0,1729.0
2026-08-04 14:20:44,2026-08-04 14:05,2850.0,2708.0,5.24,8392200,2870.0,2708.5,3766.0,1729.0
2026-08-04 14:25:42,2026-08-04 14:10,2860.5,2708.0,5.63,8528800,2870.0,2708.5,3766.0,1729.0
2026-08-04 14:30:35,2026-08-04 14:15,2859.5,2708.0,5.59,8708900,2870.0,2708.5,3766.0,1729.0
2026-08-04 14:35:38,2026-08-04 14:20,2857.5,2708.0,5.52,8886000,2870.0,2708.5,3766.0,1729.0
2026-08-04 14:40:35,2026-08-04 14:25,2861.0,2708.0,5.65,9096100,2870.0,2708.5,3766.0,1729.0
2026-08-04 14:45:32,2026-08-04 14:30,2860.5,2708.0,5.63,9255100,2870.0,2708.5,3766.0,1729.0
2026-08-04 14:50:41,2026-08-04 14:35,2870.0,2708.0,5.98,9478300,2871.0,2708.5,3766.0,1729.0
2026-08-04 14:55:34,2026-08-04 14:40,2859.5,2708.0,5.59,9682200,2871.0,2708.5,3766.0,1729.0
2026-08-04 15:40:44,2026-08-04 15:24,2845.0,2708.0,5.06,11880800,2874.5,2708.5,3766.0,1729.0
2026-08-05 09:05:31,2026-08-04 15:30,2832.5,2708.0,4.6,13268600,2874.5,2708.5,3766.0,1729.0
2026-08-05 09:10:37,2026-08-04 15:30,2832.5,2708.0,4.6,13268600,2874.5,2708.5,3766.0,1729.0
2026-08-05 09:15:42,2026-08-05 09:00,2832.5,2708.0,4.6,13676500,2865.0,2830.5,3766.0,1729.0
2026-08-05 09:20:34,2026-08-05 09:05,2835.0,2832.5,0.09,867600,2879.5,2830.5,3766.0,1729.0
2026-08-05 09:25:33,2026-08-05 09:10,2844.5,2832.5,0.42,1253000,2879.5,2830.5,3766.0,1729.0
2026-08-05 09:30:37,2026-08-05 09:15,2857.0,2832.5,0.86,1702300,2879.5,2828.0,3766.0,1729.0
2026-08-05 09:35:33,2026-08-05 09:20,2844.0,2832.5,0.41,2074300,2879.5,2828.0,3766.0,1729.0
2026-08-05 09:40:42,2026-08-05 09:25,2845.0,2832.5,0.44,2296600,2879.5,2828.0,3766.0,1729.0
2026-08-05 09:45:44,2026-08-05 09:30,2863.0,2832.5,1.08,2513300,2879.5,2828.0,3766.0,1729.0
2026-08-05 09:50:50,2026-08-05 09:35,2859.5,2832.5,0.95,2757000,2879.5,2828.0,3766.0,1729.0
2026-08-05 09:55:39,2026-08-05 09:40,2880.5,2832.5,1.69,3015200,2882.0,2828.0,3766.0,1729.0
2026-08-05 10:00:52,2026-08-05 09:45,2872.0,2832.5,1.39,3205100,2884.0,2828.0,3766.0,1729.0
2026-08-05 10:05:31,2026-08-05 09:50,2871.0,2832.5,1.36,3300700,2884.0,2828.0,3766.0,1729.0
2026-08-05 10:10:31,2026-08-05 09:55,2879.0,2832.5,1.64,3397400,2884.0,2828.0,3766.0,1729.0
2026-08-05 10:15:37,2026-08-05 10:00,2874.0,2832.5,1.47,3519400,2884.0,2828.0,3766.0,1729.0
2026-08-05 10:20:34,2026-08-05 10:05,2881.0,2832.5,1.71,3660500,2884.0,2828.0,3766.0,1729.0
2026-08-05 10:25:39,2026-08-05 10:10,2893.5,2832.5,2.15,3943700,2897.0,2828.0,3766.0,1729.0
2026-08-05 10:30:42,2026-08-05 10:15,2891.5,2832.5,2.08,4055000,2899.0,2828.0,3766.0,1729.0
2026-08-05 10:35:31,2026-08-05 10:20,2896.0,2832.5,2.24,4164500,2899.0,2828.0,3766.0,1729.0
2026-08-05 10:40:39,2026-08-05 10:25,2911.0,2832.5,2.77,4499300,2911.0,2828.0,3766.0,1729.0
2026-08-05 10:45:47,2026-08-05 10:30,2913.0,2832.5,2.84,4617600,2913.5,2828.0,3766.0,1729.0
2026-08-05 10:50:41,2026-08-05 10:35,2923.5,2832.5,3.21,4826700,2925.0,2828.0,3766.0,1729.0
2026-08-05 10:55:36,2026-08-05 10:40,2925.5,2832.5,3.28,4934800,2928.0,2828.0,3766.0,1729.0
2026-08-05 11:00:42,2026-08-05 10:45,2920.0,2832.5,3.09,5055600,2928.5,2828.0,3766.0,1729.0
2026-08-05 11:05:47,2026-08-05 10:50,2910.0,2832.5,2.74,5161000,2928.5,2828.0,3766.0,1729.0
2026-08-05 11:10:43,2026-08-05 10:55,2914.0,2832.5,2.88,5254300,2928.5,2828.0,3766.0,1729.0
2026-08-05 11:15:34,2026-08-05 11:00,2914.5,2832.5,2.89,5339500,2928.5,2828.0,3766.0,1729.0
2026-08-05 11:20:34,2026-08-05 11:05,2912.5,2832.5,2.82,5394800,2928.5,2828.0,3766.0,1729.0
2026-08-05 11:25:38,2026-08-05 11:10,2920.5,2832.5,3.11,5475800,2928.5,2828.0,3766.0,1729.0
2026-08-05 11:30:41,2026-08-05 11:15,2921.0,2832.5,3.12,5628200,2928.5,2828.0,3766.0,1729.0
2026-08-05 12:30:39,2026-08-05 11:30,2914.0,2832.5,2.88,5923100,2928.5,2828.0,3766.0,1729.0
2026-08-05 12:35:35,2026-08-05 11:30,2914.0,2832.5,2.88,5923100,2928.5,2828.0,3766.0,1729.0
2026-08-05 12:40:38,2026-08-05 11:30,2914.0,2832.5,2.88,5923100,2928.5,2828.0,3766.0,1729.0
2026-08-05 12:45:37,2026-08-05 12:30,2901.5,2832.5,2.44,6050800,2928.5,2828.0,3766.0,1729.0
2026-08-05 12:50:39,2026-08-05 12:35,2914.5,2832.5,2.89,6173100,2928.5,2828.0,3766.0,1729.0
2026-08-05 12:55:33,2026-08-05 12:40,2920.0,2832.5,3.09,6291800,2928.5,2828.0,3766.0,1729.0
2026-08-05 13:00:45,2026-08-05 12:45,2924.0,2832.5,3.23,6405000,2928.5,2828.0,3766.0,1729.0
2026-08-05 13:05:38,2026-08-05 12:50,2926.0,2832.5,3.3,6504400,2928.5,2828.0,3766.0,1729.0
2026-08-05 13:10:36,2026-08-05 12:55,2927.0,2832.5,3.34,6693200,2934.0,2828.0,3766.0,1729.0
2026-08-05 13:15:38,2026-08-05 13:00,2923.5,2832.5,3.21,6901200,2934.0,2828.0,3766.0,1729.0
2026-08-05 13:20:36,2026-08-05 13:05,2926.5,2832.5,3.32,7271700,2939.5,2828.0,3766.0,1729.0
2026-08-05 13:25:36,2026-08-05 13:10,2932.0,2832.5,3.51,7558100,2941.5,2828.0,3766.0,1729.0
2026-08-05 13:30:43,2026-08-05 13:15,2931.5,2832.5,3.5,7754200,2941.5,2828.0,3766.0,1729.0
2026-08-05 13:35:44,2026-08-05 13:20,2933.0,2832.5,3.55,7864500,2941.5,2828.0,3766.0,1729.0
2026-08-05 13:40:38,2026-08-05 13:25,2938.0,2832.5,3.72,7981800,2941.5,2828.0,3766.0,1729.0
2026-08-05 13:45:30,2026-08-05 13:30,2943.0,2832.5,3.9,8144700,2946.0,2828.0,3766.0,1729.0
2026-08-05 13:50:30,2026-08-05 13:35,2945.0,2832.5,3.97,8240800,2946.0,2828.0,3766.0,1729.0
2026-08-05 13:55:36,2026-08-05 13:40,2940.5,2832.5,3.81,8309600,2946.0,2828.0,3766.0,1729.0
2026-08-05 14:00:43,2026-08-05 13:45,2933.5,2832.5,3.57,8398700,2946.0,2828.0,3766.0,1729.0
2026-08-05 14:05:38,2026-08-05 13:50,2938.5,2832.5,3.74,8499100,2946.0,2828.0,3766.0,1729.0
2026-08-05 14:10:40,2026-08-05 13:55,2934.5,2832.5,3.6,8580100,2946.0,2828.0,3766.0,1729.0
2026-08-05 14:31:02,2026-08-05 14:16,2933.5,2832.5,3.57,8926900,2946.0,2828.0,3766.0,1729.0
2026-08-05 14:35:36,2026-08-05 14:20,2931.0,2832.5,3.48,8968800,2946.0,2828.0,3766.0,1729.0
2026-08-05 14:40:41,2026-08-05 14:25,2930.5,2832.5,3.46,9040600,2946.0,2828.0,3766.0,1729.0
2026-08-05 14:45:37,2026-08-05 14:30,2930.0,2832.5,3.44,9092000,2946.0,2828.0,3766.0,1729.0
2026-08-05 14:50:41,2026-08-05 14:35,2928.5,2832.5,3.39,9184700,2946.0,2828.0,3766.0,1729.0
2026-08-05 14:55:40,2026-08-05 14:40,2919.5,2832.5,3.07,9263400,2946.0,2828.0,3766.0,1729.0
2026-08-05 15:00:33,2026-08-05 14:45,2917.5,2832.5,3.0,9344300,2946.0,2828.0,3766.0,1729.0
2026-08-05 15:05:38,2026-08-05 14:50,2913.5,2832.5,2.86,9539000,2946.0,2828.0,3766.0,1729.0
2026-08-05 15:10:55,2026-08-05 14:55,2912.0,2832.5,2.81,9662400,2946.0,2828.0,3766.0,1729.0
2026-08-05 15:16:17,2026-08-05 15:01,2914.0,2832.5,2.88,9779100,2946.0,2828.0,3766.0,1729.0
2026-08-05 15:20:29,2026-08-05 15:05,2914.5,2832.5,2.89,9871400,2946.0,2828.0,3766.0,1729.0
2026-08-05 15:25:30,2026-08-05 15:10,2914.0,2832.5,2.88,10047100,2946.0,2828.0,3766.0,1729.0
2026-08-05 15:30:49,2026-08-05 15:15,2922.5,2832.5,3.18,10371300,2946.0,2828.0,3766.0,1729.0
2026-08-05 15:40:37,2026-08-05 15:24,2910.5,2832.5,2.75,10751000,2946.0,2828.0,3766.0,1729.0
2026-08-06 09:05:43,2026-08-05 15:30,2924.0,2832.5,3.23,12087200,2946.0,2828.0,3766.0,1729.0
2026-08-06 09:10:32,2026-08-05 15:30,2924.0,2832.5,3.23,12087200,2946.0,2828.0,3766.0,1729.0
2026-08-06 09:15:35,2026-08-06 09:00,2924.0,2832.5,3.23,12456900,2928.0,2905.0,3766.0,1729.0
2026-08-06 09:20:36,2026-08-06 09:05,2910.5,2924.0,-0.46,847700,2936.5,2890.0,3766.0,1729.0
2026-08-06 09:25:34,2026-08-06 09:10,2950.0,2924.0,0.89,1409000,2953.5,2890.0,3766.0,1729.0
2026-08-06 09:30:38,2026-08-06 09:15,2931.5,2924.0,0.26,1785600,2953.5,2890.0,3766.0,1729.0
2026-08-06 09:35:44,2026-08-06 09:20,2927.0,2924.0,0.1,2093400,2953.5,2890.0,3766.0,1729.0
2026-08-06 09:46:08,2026-08-06 09:31,2934.5,2924.0,0.36,2491800,2953.5,2890.0,3766.0,1729.0
2026-08-06 09:46:45,2026-08-06 09:31,2926.0,2924.0,0.07,2528400,2953.5,2890.0,3766.0,1729.0
2026-08-06 09:50:30,2026-08-06 09:35,2936.5,2924.0,0.43,2673700,2953.5,2890.0,3766.0,1729.0
2026-08-06 09:55:42,2026-08-06 09:40,2928.5,2924.0,0.15,2815200,2953.5,2890.0,3766.0,1729.0
2026-08-06 10:00:44,2026-08-06 09:45,2925.0,2924.0,0.03,2940500,2953.5,2890.0,3766.0,1729.0
2026-08-06 10:05:45,2026-08-06 09:50,2917.0,2924.0,-0.24,3059000,2953.5,2890.0,3766.0,1729.0
2026-08-06 10:10:41,2026-08-06 09:55,2907.5,2924.0,-0.56,3206700,2953.5,2890.0,3766.0,1729.0
2026-08-06 10:15:42,2026-08-06 10:00,2906.0,2924.0,-0.62,3337000,2953.5,2890.0,3766.0,1729.0
2026-08-06 10:20:43,2026-08-06 10:05,2907.0,2924.0,-0.58,3462300,2953.5,2890.0,3766.0,1729.0
2026-08-06 10:25:40,2026-08-06 10:10,2892.5,2924.0,-1.08,3625100,2953.5,2890.0,3766.0,1729.0
2026-08-06 10:30:41,2026-08-06 10:15,2890.0,2924.0,-1.16,3800700,2953.5,2889.0,3766.0,1729.0
2026-08-06 10:35:37,2026-08-06 10:20,2874.0,2924.0,-1.71,3982600,2953.5,2873.0,3766.0,1729.0
2026-08-06 10:40:34,2026-08-06 10:25,2869.0,2924.0,-1.88,4166600,2953.5,2868.0,3766.0,1729.0
2026-08-06 10:45:36,2026-08-06 10:30,2868.5,2924.0,-1.9,4300800,2953.5,2863.0,3766.0,1729.0
2026-08-06 10:50:47,2026-08-06 10:35,2865.5,2924.0,-2.0,4435500,2953.5,2861.5,3766.0,1729.0
2026-08-06 10:55:31,2026-08-06 10:40,2868.5,2924.0,-1.9,4567600,2953.5,2861.0,3766.0,1729.0
2026-08-06 11:00:42,2026-08-06 10:45,2868.0,2924.0,-1.92,4708900,2953.5,2861.0,3766.0,1729.0
2026-08-06 11:05:35,2026-08-06 10:50,2880.5,2924.0,-1.49,4820600,2953.5,2861.0,3766.0,1729.0
2026-08-06 11:10:47,2026-08-06 10:55,2875.0,2924.0,-1.68,4937600,2953.5,2861.0,3766.0,1729.0
2026-08-06 11:15:34,2026-08-06 11:00,2873.0,2924.0,-1.74,5031500,2953.5,2861.0,3766.0,1729.0
2026-08-06 11:20:37,2026-08-06 11:05,2869.5,2924.0,-1.86,5137800,2953.5,2861.0,3766.0,1729.0
2026-08-06 11:25:33,2026-08-06 11:10,2879.0,2924.0,-1.54,5219100,2953.5,2861.0,3766.0,1729.0
2026-08-06 11:30:50,2026-08-06 11:15,2879.5,2924.0,-1.52,5322000,2953.5,2861.0,3766.0,1729.0
2026-08-06 12:30:36,2026-08-06 11:30,2877.5,2924.0,-1.59,5538300,2953.5,2861.0,3766.0,1729.0
2026-08-06 12:35:34,2026-08-06 11:30,2877.5,2924.0,-1.59,5538300,2953.5,2861.0,3766.0,1729.0
2026-08-06 12:40:45,2026-08-06 11:30,2877.5,2924.0,-1.59,5538300,2953.5,2861.0,3766.0,1729.0
2026-08-06 12:45:37,2026-08-06 12:30,2884.0,2924.0,-1.37,5697900,2953.5,2861.0,3766.0,1729.0
2026-08-06 12:50:45,2026-08-06 12:35,2887.5,2924.0,-1.25,5819300,2953.5,2861.0,3766.0,1729.0
2026-08-06 12:55:36,2026-08-06 12:40,2891.0,2924.0,-1.13,5908900,2953.5,2861.0,3766.0,1729.0
2026-08-06 13:00:35,2026-08-06 12:45,2885.5,2924.0,-1.32,6046000,2953.5,2861.0,3766.0,1729.0
2026-08-06 13:05:33,2026-08-06 12:50,2890.0,2924.0,-1.16,6127300,2953.5,2861.0,3766.0,1729.0
2026-08-06 13:10:39,2026-08-06 12:55,2891.0,2924.0,-1.13,6234500,2953.5,2861.0,3766.0,1729.0
2026-08-06 13:15:31,2026-08-06 13:00,2884.0,2924.0,-1.37,6307100,2953.5,2861.0,3766.0,1729.0
2026-08-06 13:20:44,2026-08-06 13:05,2889.0,2924.0,-1.2,6380900,2953.5,2861.0,3766.0,1729.0
2026-08-06 13:25:31,2026-08-06 13:10,2887.5,2924.0,-1.25,6431900,2953.5,2861.0,3766.0,1729.0
2026-08-06 13:30:46,2026-08-06 13:15,2888.5,2924.0,-1.21,6490100,2953.5,2861.0,3766.0,1729.0
2026-08-06 13:35:39,2026-08-06 13:20,2887.0,2924.0,-1.27,6534900,2953.5,2861.0,3766.0,1729.0
2026-08-06 13:40:41,2026-08-06 13:25,2894.0,2924.0,-1.03,6644100,2953.5,2861.0,3766.0,1729.0
2026-08-06 13:45:38,2026-08-06 13:30,2891.5,2924.0,-1.11,6692000,2953.5,2861.0,3766.0,1729.0
2026-08-06 13:50:36,2026-08-06 13:35,2890.5,2924.0,-1.15,6757300,2953.5,2861.0,3766.0,1729.0
2026-08-06 13:55:44,2026-08-06 13:40,2884.0,2924.0,-1.37,6821000,2953.5,2861.0,3766.0,1729.0
2026-08-06 14:00:32,2026-08-06 13:45,2881.5,2924.0,-1.45,6885700,2953.5,2861.0,3766.0,1729.0
2026-08-06 14:05:41,2026-08-06 13:50,2881.5,2924.0,-1.45,6958100,2953.5,2861.0,3766.0,1729.0
2026-08-06 14:10:36,2026-08-06 13:55,2882.0,2924.0,-1.44,7013200,2953.5,2861.0,3766.0,1729.0
2026-08-06 14:15:34,2026-08-06 14:00,2886.0,2924.0,-1.3,7118000,2953.5,2861.0,3766.0,1729.0
2026-08-06 14:20:38,2026-08-06 14:05,2889.5,2924.0,-1.18,7198000,2953.5,2861.0,3766.0,1729.0
2026-08-06 14:25:38,2026-08-06 14:10,2886.0,2924.0,-1.3,7285100,2953.5,2861.0,3766.0,1729.0
2026-08-06 14:30:37,2026-08-06 14:15,2890.5,2924.0,-1.15,7344300,2953.5,2861.0,3766.0,1729.0
2026-08-06 14:35:29,2026-08-06 14:20,2887.5,2924.0,-1.25,7410200,2953.5,2861.0,3766.0,1729.0
2026-08-06 14:40:31,2026-08-06 14:25,2889.0,2924.0,-1.2,7489400,2953.5,2861.0,3766.0,1729.0
2026-08-06 14:45:36,2026-08-06 14:30,2883.5,2924.0,-1.39,7545600,2953.5,2861.0,3766.0,1729.0
2026-08-06 14:50:37,2026-08-06 14:35,2890.0,2924.0,-1.16,7648600,2953.5,2861.0,3766.0,1729.0
2026-08-06 14:55:38,2026-08-06 14:40,2887.0,2924.0,-1.27,7786000,2953.5,2861.0,3766.0,1729.0
2026-08-06 15:00:38,2026-08-06 14:45,2902.5,2924.0,-0.74,7889700,2953.5,2861.0,3766.0,1729.0
2026-08-06 15:05:36,2026-08-06 14:50,2890.5,2924.0,-1.15,7949900,2953.5,2861.0,3766.0,1729.0
2026-08-06 15:10:48,2026-08-06 14:55,2892.5,2924.0,-1.08,8040200,2953.5,2861.0,3766.0,1729.0
2026-08-06 15:15:40,2026-08-06 15:00,2890.0,2924.0,-1.16,8093600,2953.5,2861.0,3766.0,1729.0
2026-08-06 15:20:43,2026-08-06 15:05,2890.5,2924.0,-1.15,8160700,2953.5,2861.0,3766.0,1729.0
2026-08-06 15:25:31,2026-08-06 15:10,2890.5,2924.0,-1.15,8266400,2953.5,2861.0,3766.0,1729.0
2026-08-06 15:40:44,2026-08-06 15:24,2873.5,2924.0,-1.73,8667300,2953.5,2861.0,3766.0,1729.0
2026-08-07 09:05:50,2026-08-06 15:30,2868.5,2924.0,-1.9,10113000,2953.5,2861.0,3766.0,1729.0
2026-08-07 09:10:37,2026-08-06 15:30,2868.5,2924.0,-1.9,10113000,2953.5,2861.0,3766.0,1729.0
2026-08-07 09:15:43,2026-08-07 09:00,2868.5,2924.0,-1.9,10412700,2888.0,2862.0,3766.0,1729.0
2026-08-07 09:20:41,2026-08-07 09:05,2880.5,2868.5,0.42,567800,2900.0,2862.0,3766.0,1729.0
2026-08-07 09:25:39,2026-08-07 09:10,2879.5,2868.5,0.38,776100,2900.0,2862.0,3766.0,1729.0
2026-08-07 09:30:34,2026-08-07 09:15,2851.5,2868.5,-0.59,979900,2900.0,2851.0,3766.0,1729.0
2026-08-07 09:35:36,2026-08-07 09:20,2864.0,2868.5,-0.16,1299800,2900.0,2843.5,3766.0,1729.0
2026-08-07 09:40:41,2026-08-07 09:25,2881.0,2868.5,0.44,1466700,2900.0,2843.5,3766.0,1729.0
2026-08-07 09:45:46,2026-08-07 09:30,2872.0,2868.5,0.12,1604700,2900.0,2843.5,3766.0,1729.0
2026-08-07 09:50:39,2026-08-07 09:35,2893.0,2868.5,0.85,1783300,2900.0,2843.5,3766.0,1729.0
2026-08-07 09:56:11,2026-08-07 09:41,2892.5,2868.5,0.84,1993700,2905.0,2843.5,3766.0,1729.0
2026-08-07 10:00:32,2026-08-07 09:45,2900.5,2868.5,1.12,2114300,2905.0,2843.5,3766.0,1729.0
2026-08-07 10:05:34,2026-08-07 09:50,2883.0,2868.5,0.51,2299900,2905.0,2843.5,3766.0,1729.0
2026-08-07 10:10:47,2026-08-07 09:55,2889.5,2868.5,0.73,2494800,2905.0,2843.5,3766.0,1729.0
2026-08-07 10:15:34,2026-08-07 10:00,2895.5,2868.5,0.94,2591500,2905.0,2843.5,3766.0,1729.0
2026-08-07 10:20:31,2026-08-07 10:05,2894.5,2868.5,0.91,2728800,2905.0,2843.5,3766.0,1729.0
2026-08-07 10:25:40,2026-08-07 10:10,2889.0,2868.5,0.71,2811400,2905.0,2843.5,3766.0,1729.0
2026-08-07 10:30:40,2026-08-07 10:15,2891.5,2868.5,0.8,2909900,2905.0,2843.5,3766.0,1729.0
2026-08-07 10:35:37,2026-08-07 10:20,2879.0,2868.5,0.37,3066400,2905.0,2843.5,3766.0,1729.0
2026-08-07 10:40:38,2026-08-07 10:25,2879.0,2868.5,0.37,3160700,2905.0,2843.5,3766.0,1729.0
2026-08-07 10:45:35,2026-08-07 10:30,2891.5,2868.5,0.8,3300300,2905.0,2843.5,3766.0,1729.0
2026-08-07 10:50:42,2026-08-07 10:35,2870.0,2868.5,0.05,3469100,2905.0,2843.5,3766.0,1729.0
2026-08-07 10:55:37,2026-08-07 10:40,2860.0,2868.5,-0.3,3585200,2905.0,2843.5,3766.0,1729.0
2026-08-07 11:00:51,2026-08-07 10:45,2862.5,2868.5,-0.21,3725600,2905.0,2843.5,3766.0,1729.0
2026-08-07 11:05:38,2026-08-07 10:50,2862.0,2868.5,-0.23,3832900,2905.0,2843.5,3766.0,1729.0
2026-08-07 11:10:36,2026-08-07 10:55,2858.5,2868.5,-0.35,3901100,2905.0,2843.5,3766.0,1729.0
2026-08-07 11:15:32,2026-08-07 11:00,2854.5,2868.5,-0.49,4015000,2905.0,2843.5,3766.0,1729.0
2026-08-07 11:20:45,2026-08-07 11:05,2860.5,2868.5,-0.28,4120100,2905.0,2843.5,3766.0,1729.0
2026-08-07 11:25:45,2026-08-07 11:10,2863.5,2868.5,-0.17,4226100,2905.0,2843.5,3766.0,1729.0
2026-08-07 11:30:35,2026-08-07 11:15,2867.5,2868.5,-0.03,4352300,2905.0,2843.5,3766.0,1729.0
2026-08-07 12:30:35,2026-08-07 11:30,2885.0,2868.5,0.58,4944200,2905.0,2843.5,3766.0,1729.0
2026-08-07 12:35:38,2026-08-07 11:30,2885.0,2868.5,0.58,4944200,2905.0,2843.5,3766.0,1729.0
2026-08-07 12:40:58,2026-08-07 11:30,2885.0,2868.5,0.58,4944200,2905.0,2843.5,3766.0,1729.0
2026-08-07 12:45:35,2026-08-07 11:30,2885.0,2868.5,0.58,4944200,2905.0,2843.5,3766.0,1729.0
2026-08-07 12:50:34,2026-08-07 11:30,2885.0,2868.5,0.58,4944200,2905.0,2843.5,3766.0,1729.0
2026-08-07 12:55:36,2026-08-07 12:40,2842.5,2868.5,-0.91,7560600,2905.0,2769.0,3766.0,1729.0
2026-08-07 13:00:32,2026-08-07 12:45,2828.0,2868.5,-1.41,9180200,2905.0,2769.0,3766.0,1729.0
2026-08-07 13:05:32,2026-08-07 12:50,2787.5,2868.5,-2.82,10212800,2905.0,2769.0,3766.0,1729.0
2026-08-07 13:10:30,2026-08-07 12:55,2813.0,2868.5,-1.93,10859000,2905.0,2769.0,3766.0,1729.0
2026-08-07 13:15:33,2026-08-07 13:00,2742.5,2868.5,-4.39,12211900,2905.0,2736.0,3766.0,1729.0
2026-08-07 13:20:37,2026-08-07 13:05,2758.0,2868.5,-3.85,12828400,2905.0,2730.5,3766.0,1729.0
2026-08-07 13:25:41,2026-08-07 13:10,2766.0,2868.5,-3.57,13335400,2905.0,2730.5,3766.0,1729.0
2026-08-07 13:30:47,2026-08-07 13:15,2769.0,2868.5,-3.47,13648600,2905.0,2730.5,3766.0,1729.0
2026-08-07 13:35:46,2026-08-07 13:20,2757.5,2868.5,-3.87,13965200,2905.0,2730.5,3766.0,1729.0
2026-08-07 13:40:36,2026-08-07 13:25,2779.5,2868.5,-3.1,14513900,2905.0,2730.5,3766.0,1729.0
2026-08-07 13:45:38,2026-08-07 13:30,2772.5,2868.5,-3.35,14723900,2905.0,2730.5,3766.0,1729.0
2026-08-07 13:50:38,2026-08-07 13:35,2756.5,2868.5,-3.9,14949400,2905.0,2730.5,3766.0,1729.0
2026-08-07 13:55:34,2026-08-07 13:40,2759.5,2868.5,-3.8,15300900,2905.0,2730.5,3766.0,1729.0
2026-08-07 14:00:39,2026-08-07 13:45,2751.5,2868.5,-4.08,15491000,2905.0,2730.5,3766.0,1729.0
2026-08-07 14:05:45,2026-08-07 13:50,2741.0,2868.5,-4.44,15875900,2905.0,2730.5,3766.0,1729.0
2026-08-07 14:10:41,2026-08-07 13:55,2749.0,2868.5,-4.17,16423400,2905.0,2730.5,3766.0,1729.0
2026-08-07 14:15:39,2026-08-07 14:00,2754.5,2868.5,-3.97,16727700,2905.0,2730.5,3766.0,1729.0
2026-08-07 14:20:34,2026-08-07 14:05,2761.0,2868.5,-3.75,16844700,2905.0,2730.5,3766.0,1729.0
2026-08-07 14:25:41,2026-08-07 14:10,2757.5,2868.5,-3.87,17012900,2905.0,2730.5,3766.0,1729.0
2026-08-07 14:30:37,2026-08-07 14:15,2771.5,2868.5,-3.38,17205800,2905.0,2730.5,3766.0,1729.0
2026-08-07 14:35:29,2026-08-07 14:20,2777.0,2868.5,-3.19,17358400,2905.0,2730.5,3766.0,1729.0
2026-08-07 14:40:32,2026-08-07 14:25,2779.0,2868.5,-3.12,17539600,2905.0,2730.5,3766.0,1729.0
2026-08-07 14:45:37,2026-08-07 14:30,2781.0,2868.5,-3.05,17682400,2905.0,2730.5,3766.0,1729.0
2026-08-07 14:50:38,2026-08-07 14:35,2777.0,2868.5,-3.19,17790200,2905.0,2730.5,3766.0,1729.0
2026-08-07 14:55:33,2026-08-07 14:40,2776.5,2868.5,-3.21,17924900,2905.0,2730.5,3766.0,1729.0
2026-08-07 15:00:33,2026-08-07 14:45,2772.5,2868.5,-3.35,18082800,2905.0,2730.5,3766.0,1729.0
2026-08-07 15:05:42,2026-08-07 14:50,2768.5,2868.5,-3.49,18276100,2905.0,2730.5,3766.0,1729.0
2026-08-07 15:10:39,2026-08-07 14:55,2768.0,2868.5,-3.5,18421800,2905.0,2730.5,3766.0,1729.0
2026-08-07 15:15:40,2026-08-07 15:00,2766.5,2868.5,-3.56,18584800,2905.0,2730.5,3766.0,1729.0
2026-08-07 15:20:40,2026-08-07 15:05,2774.5,2868.5,-3.28,18733300,2905.0,2730.5,3766.0,1729.0
2026-08-07 15:25:47,2026-08-07 15:10,2784.0,2868.5,-2.95,18989700,2905.0,2730.5,3766.0,1729.0
2026-08-07 15:30:45,2026-08-07 15:15,2778.0,2868.5,-3.15,19251100,2905.0,2730.5,3766.0,1729.0
2026-08-07 15:40:38,2026-08-07 15:24,2771.5,2868.5,-3.38,19874900,2905.0,2730.5,3766.0,1729.0
2026-08-10 09:05:38,2026-08-07 15:30,2778.5,2868.5,-3.14,21532000,2905.0,2730.5,3766.0,1729.0
2026-08-10 09:10:46,2026-08-07 15:30,2778.5,2868.5,-3.14,21532000,2905.0,2730.5,3766.0,1729.0
2026-08-10 09:15:39,2026-08-10 09:00,2763.0,2868.5,-3.68,22171000,2770.0,2742.5,3766.0,1729.0
2026-08-10 09:20:33,2026-08-10 09:05,2767.5,2778.5,-0.4,923200,2777.5,2742.5,3766.0,1729.0
2026-08-10 09:25:34,2026-08-10 09:10,2726.0,2778.5,-1.89,1432000,2777.5,2723.5,3766.0,1729.0
2026-08-10 09:30:41,2026-08-10 09:15,2720.5,2778.5,-2.09,1854500,2777.5,2718.0,3766.0,1729.0
2026-08-10 09:35:31,2026-08-10 09:20,2734.0,2778.5,-1.6,2250000,2777.5,2710.5,3766.0,1729.0
2026-08-10 09:40:42,2026-08-10 09:25,2706.0,2778.5,-2.61,2713500,2777.5,2705.0,3766.0,1729.0
2026-08-10 09:45:38,2026-08-10 09:30,2679.0,2778.5,-3.58,3781000,2777.5,2670.5,3766.0,1729.0
2026-08-10 09:50:34,2026-08-10 09:35,2682.0,2778.5,-3.47,4099500,2777.5,2670.5,3766.0,1729.0
2026-08-10 09:55:40,2026-08-10 09:40,2698.0,2778.5,-2.9,4396800,2777.5,2670.5,3766.0,1729.0
2026-08-10 10:00:33,2026-08-10 09:45,2672.0,2778.5,-3.83,4977300,2777.5,2668.0,3766.0,1729.0
2026-08-10 10:05:41,2026-08-10 09:50,2665.0,2778.5,-4.08,5324800,2777.5,2663.5,3766.0,1729.0
2026-08-10 10:10:36,2026-08-10 09:55,2659.0,2778.5,-4.3,5708300,2777.5,2655.5,3766.0,1729.0
2026-08-10 10:15:40,2026-08-10 10:00,2657.0,2778.5,-4.37,5881200,2777.5,2655.5,3766.0,1729.0
2026-08-10 10:20:36,2026-08-10 10:05,2671.0,2778.5,-3.87,6137600,2777.5,2654.0,3766.0,1729.0
2026-08-10 10:25:55,2026-08-10 10:10,2667.5,2778.5,-3.99,6304500,2777.5,2654.0,3766.0,1729.0
2026-08-10 10:30:28,2026-08-10 10:15,2663.0,2778.5,-4.16,6497300,2777.5,2654.0,3766.0,1729.0
2026-08-10 10:35:38,2026-08-10 10:20,2665.5,2778.5,-4.07,6684400,2777.5,2654.0,3766.0,1729.0
2026-08-10 10:40:33,2026-08-10 10:25,2656.0,2778.5,-4.41,7088600,2777.5,2654.0,3766.0,1729.0
2026-08-10 10:45:35,2026-08-10 10:30,2658.0,2778.5,-4.34,7235700,2777.5,2654.0,3766.0,1729.0
2026-08-10 10:50:47,2026-08-10 10:35,2663.5,2778.5,-4.14,7386700,2777.5,2654.0,3766.0,1729.0
2026-08-10 10:55:38,2026-08-10 10:40,2667.0,2778.5,-4.01,7552700,2777.5,2654.0,3766.0,1729.0
2026-08-10 11:00:32,2026-08-10 10:45,2664.5,2778.5,-4.1,7774300,2777.5,2654.0,3766.0,1729.0
2026-08-10 11:05:35,2026-08-10 10:50,2663.0,2778.5,-4.16,7914600,2777.5,2654.0,3766.0,1729.0
2026-08-10 11:10:33,2026-08-10 10:55,2670.5,2778.5,-3.89,8046200,2777.5,2654.0,3766.0,1729.0
2026-08-10 11:15:39,2026-08-10 11:00,2672.0,2778.5,-3.83,8235000,2777.5,2654.0,3766.0,1729.0
2026-08-10 11:20:36,2026-08-10 11:05,2677.0,2778.5,-3.65,8407300,2777.5,2654.0,3766.0,1729.0
2026-08-10 11:25:33,2026-08-10 11:10,2678.5,2778.5,-3.6,8623100,2777.5,2654.0,3766.0,1729.0
2026-08-10 11:30:41,2026-08-10 11:15,2686.5,2778.5,-3.31,8836000,2777.5,2654.0,3766.0,1729.0
2026-08-10 12:30:36,2026-08-10 11:30,2692.5,2778.5,-3.1,9428100,2777.5,2654.0,3766.0,1729.0
2026-08-10 12:35:39,2026-08-10 11:30,2692.5,2778.5,-3.1,9428100,2777.5,2654.0,3766.0,1729.0
2026-08-10 12:40:35,2026-08-10 11:30,2692.5,2778.5,-3.1,9428100,2777.5,2654.0,3766.0,1729.0
2026-08-10 12:45:33,2026-08-10 12:30,2695.5,2778.5,-2.99,9666400,2777.5,2654.0,3766.0,1729.0
2026-08-10 12:50:41,2026-08-10 12:35,2694.0,2778.5,-3.04,9894100,2777.5,2654.0,3766.0,1729.0
2026-08-10 12:55:38,2026-08-10 12:40,2686.5,2778.5,-3.31,10109400,2777.5,2654.0,3766.0,1729.0
2026-08-10 13:00:33,2026-08-10 12:45,2688.0,2778.5,-3.26,10200900,2777.5,2654.0,3766.0,1729.0
2026-08-10 13:05:34,2026-08-10 12:50,2682.0,2778.5,-3.47,10298000,2777.5,2654.0,3766.0,1729.0
2026-08-10 13:10:31,2026-08-10 12:55,2680.5,2778.5,-3.53,10450900,2777.5,2654.0,3766.0,1729.0
2026-08-10 13:15:37,2026-08-10 13:00,2685.0,2778.5,-3.37,10570100,2777.5,2654.0,3766.0,1729.0
2026-08-10 13:20:35,2026-08-10 13:05,2687.0,2778.5,-3.29,10650500,2777.5,2654.0,3766.0,1729.0
2026-08-10 13:25:32,2026-08-10 13:10,2689.0,2778.5,-3.22,10715800,2777.5,2654.0,3766.0,1729.0
2026-08-10 13:30:38,2026-08-10 13:15,2690.5,2778.5,-3.17,10800100,2777.5,2654.0,3766.0,1729.0
2026-08-10 13:35:32,2026-08-10 13:20,2694.0,2778.5,-3.04,10857100,2777.5,2654.0,3766.0,1729.0
2026-08-10 13:40:38,2026-08-10 13:25,2690.5,2778.5,-3.17,10953900,2777.5,2654.0,3766.0,1729.0
2026-08-10 13:45:35,2026-08-10 13:30,2691.0,2778.5,-3.15,11013500,2777.5,2654.0,3766.0,1729.0
2026-08-10 13:50:35,2026-08-10 13:35,2690.0,2778.5,-3.19,11083500,2777.5,2654.0,3766.0,1729.0
2026-08-10 13:55:40,2026-08-10 13:40,2684.5,2778.5,-3.38,11192100,2777.5,2654.0,3766.0,1729.0
2026-08-10 14:00:38,2026-08-10 13:45,2684.0,2778.5,-3.4,11248700,2777.5,2654.0,3766.0,1729.0
2026-08-10 14:05:40,2026-08-10 13:50,2685.0,2778.5,-3.37,11307600,2777.5,2654.0,3766.0,1729.0
2026-08-10 14:10:46,2026-08-10 13:55,2682.5,2778.5,-3.46,11405300,2777.5,2654.0,3766.0,1729.0
2026-08-10 14:15:43,2026-08-10 14:00,2681.5,2778.5,-3.49,11663100,2777.5,2654.0,3766.0,1729.0
2026-08-10 14:20:37,2026-08-10 14:05,2677.5,2778.5,-3.64,11737400,2777.5,2654.0,3766.0,1729.0
2026-08-10 14:25:36,2026-08-10 14:10,2678.5,2778.5,-3.6,11850600,2777.5,2654.0,3766.0,1729.0
2026-08-10 14:30:43,2026-08-10 14:15,2682.5,2778.5,-3.46,11948100,2777.5,2654.0,3766.0,1729.0
2026-08-10 14:35:37,2026-08-10 14:20,2686.0,2778.5,-3.33,12049100,2777.5,2654.0,3766.0,1729.0
2026-08-10 14:40:40,2026-08-10 14:25,2682.5,2778.5,-3.46,12094600,2777.5,2654.0,3766.0,1729.0
2026-08-10 14:45:36,2026-08-10 14:30,2681.0,2778.5,-3.51,12198400,2777.5,2654.0,3766.0,1729.0
2026-08-10 14:50:38,2026-08-10 14:35,2678.0,2778.5,-3.62,12305400,2777.5,2654.0,3766.0,1729.0
2026-08-10 14:55:40,2026-08-10 14:40,2682.5,2778.5,-3.46,12393200,2777.5,2654.0,3766.0,1729.0
2026-08-10 15:00:52,2026-08-10 14:45,2682.5,2778.5,-3.46,12504600,2777.5,2654.0,3766.0,1729.0
2026-08-10 15:05:44,2026-08-10 14:50,2681.0,2778.5,-3.51,12584200,2777.5,2654.0,3766.0,1729.0
2026-08-10 15:10:42,2026-08-10 14:55,2681.0,2778.5,-3.51,12719600,2777.5,2654.0,3766.0,1729.0
2026-08-10 15:15:34,2026-08-10 15:00,2683.0,2778.5,-3.44,12910400,2777.5,2654.0,3766.0,1729.0
2026-08-10 15:20:32,2026-08-10 15:05,2683.0,2778.5,-3.44,13011300,2777.5,2654.0,3766.0,1729.0
2026-08-10 15:25:36,2026-08-10 15:10,2689.5,2778.5,-3.2,13185400,2777.5,2654.0,3766.0,1729.0
2026-08-10 15:30:43,2026-08-10 15:15,2683.5,2778.5,-3.42,13346500,2777.5,2654.0,3766.0,1729.0
2026-08-10 15:40:33,2026-08-10 15:25,2693.0,2778.5,-3.08,13870200,2777.5,2654.0,3766.0,1729.0
2026-08-12 09:05:31,2026-08-10 15:30,2694.0,2778.5,-3.04,15099000,2777.5,2654.0,3766.0,1729.0
2026-08-12 09:10:46,2026-08-10 15:30,2694.0,2778.5,-3.04,15099000,2777.5,2654.0,3766.0,1729.0
2026-08-12 09:15:41,2026-08-12 09:00,2694.0,2778.5,-3.04,15904700,2701.0,2686.5,3766.0,1729.0
2026-08-12 09:20:44,2026-08-12 09:05,2715.0,2694.0,0.78,1481300,2725.5,2686.5,3766.0,1729.0
2026-08-12 09:25:39,2026-08-12 09:10,2709.5,2694.0,0.58,1840300,2726.5,2686.5,3766.0,1729.0
2026-08-12 09:30:46,2026-08-12 09:15,2712.5,2694.0,0.69,2403600,2733.5,2686.5,3766.0,1729.0
2026-08-12 09:35:42,2026-08-12 09:20,2742.5,2694.0,1.8,2966100,2744.5,2686.5,3766.0,1729.0
2026-08-12 09:40:39,2026-08-12 09:25,2722.0,2694.0,1.04,3235800,2744.5,2686.5,3766.0,1729.0
2026-08-12 09:45:35,2026-08-12 09:30,2722.5,2694.0,1.06,3504000,2744.5,2686.5,3766.0,1729.0
2026-08-12 09:50:31,2026-08-12 09:35,2728.5,2694.0,1.28,3674400,2744.5,2686.5,3766.0,1729.0
2026-08-12 09:55:33,2026-08-12 09:40,2745.5,2694.0,1.91,4024900,2749.5,2686.5,3766.0,1729.0
2026-08-12 10:00:33,2026-08-12 09:45,2746.0,2694.0,1.93,4230900,2749.5,2686.5,3766.0,1729.0
2026-08-12 10:05:37,2026-08-12 09:50,2753.5,2694.0,2.21,4642800,2757.5,2686.5,3766.0,1729.0
2026-08-12 10:10:33,2026-08-12 09:55,2743.0,2694.0,1.82,4823000,2757.5,2686.5,3766.0,1729.0
2026-08-12 10:15:47,2026-08-12 10:00,2747.0,2694.0,1.97,5017300,2757.5,2686.5,3766.0,1729.0
2026-08-12 10:20:34,2026-08-12 10:05,2745.0,2694.0,1.89,5148100,2757.5,2686.5,3766.0,1729.0
2026-08-12 10:25:32,2026-08-12 10:10,2742.0,2694.0,1.78,5268400,2757.5,2686.5,3766.0,1729.0
2026-08-12 10:30:42,2026-08-12 10:15,2740.5,2694.0,1.73,5429400,2757.5,2686.5,3766.0,1729.0
2026-08-12 10:35:35,2026-08-12 10:20,2741.0,2694.0,1.74,5598800,2757.5,2686.5,3766.0,1729.0
2026-08-12 10:40:42,2026-08-12 10:25,2747.5,2694.0,1.99,5727700,2757.5,2686.5,3766.0,1729.0
2026-08-12 10:45:31,2026-08-12 10:30,2746.0,2694.0,1.93,5864800,2757.5,2686.5,3766.0,1729.0
2026-08-12 10:50:58,2026-08-12 10:35,2741.5,2694.0,1.76,5960800,2757.5,2686.5,3766.0,1729.0
2026-08-12 10:55:32,2026-08-12 10:40,2748.5,2694.0,2.02,6053800,2757.5,2686.5,3766.0,1729.0
2026-08-12 11:00:32,2026-08-12 10:45,2749.0,2694.0,2.04,6156800,2757.5,2686.5,3766.0,1729.0
2026-08-12 11:05:36,2026-08-12 10:50,2754.5,2694.0,2.25,6281200,2757.5,2686.5,3766.0,1729.0
2026-08-12 11:10:29,2026-08-12 10:55,2750.5,2694.0,2.1,6414700,2757.5,2686.5,3766.0,1729.0
2026-08-12 11:15:40,2026-08-12 11:00,2754.0,2694.0,2.23,6503500,2757.5,2686.5,3766.0,1729.0
2026-08-12 11:20:33,2026-08-12 11:05,2755.0,2694.0,2.26,6675000,2760.0,2686.5,3766.0,1729.0
2026-08-12 11:25:55,2026-08-12 11:10,2759.5,2694.0,2.43,6826300,2762.5,2686.5,3766.0,1729.0
2026-08-12 11:30:32,2026-08-12 11:15,2757.0,2694.0,2.34,6932100,2762.5,2686.5,3766.0,1729.0
2026-08-12 12:30:29,2026-08-12 11:30,2761.0,2694.0,2.49,7275300,2762.5,2686.5,3766.0,1729.0
2026-08-12 12:35:29,2026-08-12 11:30,2761.0,2694.0,2.49,7275300,2762.5,2686.5,3766.0,1729.0
2026-08-12 12:40:35,2026-08-12 11:30,2761.0,2694.0,2.49,7275300,2762.5,2686.5,3766.0,1729.0
2026-08-12 12:45:59,2026-08-12 12:30,2768.0,2694.0,2.75,7528000,2768.0,2686.5,3766.0,1729.0
2026-08-12 12:50:32,2026-08-12 12:35,2760.5,2694.0,2.47,7645200,2769.0,2686.5,3766.0,1729.0
2026-08-12 12:55:37,2026-08-12 12:40,2750.5,2694.0,2.1,7948000,2769.0,2686.5,3766.0,1729.0
2026-08-12 13:00:31,2026-08-12 12:45,2761.5,2694.0,2.51,8133900,2769.0,2686.5,3766.0,1729.0
2026-08-12 13:05:33,2026-08-12 12:50,2758.0,2694.0,2.38,8245700,2769.0,2686.5,3766.0,1729.0
2026-08-12 13:10:35,2026-08-12 12:55,2758.0,2694.0,2.38,8372400,2769.0,2686.5,3766.0,1729.0
2026-08-12 13:15:37,2026-08-12 13:00,2763.0,2694.0,2.56,8496600,2769.0,2686.5,3766.0,1729.0
2026-08-12 13:20:30,2026-08-12 13:05,2761.0,2694.0,2.49,8576200,2769.0,2686.5,3766.0,1729.0
2026-08-12 13:25:53,2026-08-12 13:10,2759.5,2694.0,2.43,8632000,2769.0,2686.5,3766.0,1729.0
2026-08-12 13:30:35,2026-08-12 13:15,2759.0,2694.0,2.41,8690900,2769.0,2686.5,3766.0,1729.0
2026-08-12 13:35:33,2026-08-12 13:20,2757.5,2694.0,2.36,8738700,2769.0,2686.5,3766.0,1729.0
2026-08-12 13:41:11,2026-08-12 13:26,2760.5,2694.0,2.47,8827600,2769.0,2686.5,3766.0,1729.0
2026-08-12 13:45:35,2026-08-12 13:30,2756.0,2694.0,2.3,8910400,2769.0,2686.5,3766.0,1729.0
2026-08-12 13:50:47,2026-08-12 13:35,2754.0,2694.0,2.23,8999800,2769.0,2686.5,3766.0,1729.0
2026-08-12 13:55:38,2026-08-12 13:40,2752.5,2694.0,2.17,9044800,2769.0,2686.5,3766.0,1729.0
2026-08-12 14:00:32,2026-08-12 13:45,2745.5,2694.0,1.91,9152400,2769.0,2686.5,3766.0,1729.0
2026-08-12 14:05:39,2026-08-12 13:50,2749.5,2694.0,2.06,9230800,2769.0,2686.5,3766.0,1729.0
2026-08-12 14:10:36,2026-08-12 13:55,2749.5,2694.0,2.06,9318900,2769.0,2686.5,3766.0,1729.0
2026-08-12 14:15:35,2026-08-12 14:00,2753.5,2694.0,2.21,9386200,2769.0,2686.5,3766.0,1729.0
2026-08-12 14:20:36,2026-08-12 14:05,2751.0,2694.0,2.12,9494900,2769.0,2686.5,3766.0,1729.0
2026-08-12 14:25:38,2026-08-12 14:10,2751.5,2694.0,2.13,9534500,2769.0,2686.5,3766.0,1729.0
2026-08-12 14:30:40,2026-08-12 14:15,2752.5,2694.0,2.17,9590300,2769.0,2686.5,3766.0,1729.0
2026-08-12 14:35:44,2026-08-12 14:20,2751.0,2694.0,2.12,9668600,2769.0,2686.5,3766.0,1729.0
2026-08-12 14:40:35,2026-08-12 14:25,2755.0,2694.0,2.26,9712000,2769.0,2686.5,3766.0,1729.0
2026-08-12 14:45:45,2026-08-12 14:30,2757.5,2694.0,2.36,10012900,2769.0,2686.5,3766.0,1729.0
2026-08-12 14:50:37,2026-08-12 14:35,2759.5,2694.0,2.43,10107600,2769.0,2686.5,3766.0,1729.0
2026-08-12 14:55:32,2026-08-12 14:40,2763.0,2694.0,2.56,10244900,2769.0,2686.5,3766.0,1729.0
2026-08-12 15:00:37,2026-08-12 14:45,2755.5,2694.0,2.28,10344100,2769.0,2686.5,3766.0,1729.0
2026-08-12 15:05:42,2026-08-12 14:50,2762.5,2694.0,2.54,10600100,2769.0,2686.5,3766.0,1729.0
2026-08-12 15:10:35,2026-08-12 14:55,2762.5,2694.0,2.54,10716600,2769.0,2686.5,3766.0,1729.0
2026-08-12 15:15:51,2026-08-12 15:00,2765.5,2694.0,2.65,10804900,2769.0,2686.5,3766.0,1729.0
2026-08-12 15:20:36,2026-08-12 15:05,2762.5,2694.0,2.54,11032600,2769.0,2686.5,3766.0,1729.0
2026-08-12 15:25:30,2026-08-12 15:10,2761.5,2694.0,2.51,11275100,2769.0,2686.5,3766.0,1729.0
2026-08-12 15:30:31,2026-08-12 15:15,2763.5,2694.0,2.58,11597400,2769.0,2686.5,3766.0,1729.0
2026-08-12 15:40:38,2026-08-12 15:24,2770.0,2694.0,2.82,12434300,2775.0,2686.5,3766.0,1729.0
2026-08-13 09:05:39,2026-08-12 15:30,2775.0,2694.0,3.01,14345800,2775.0,2686.5,3766.0,1729.0
2026-08-13 09:10:31,2026-08-12 15:30,2775.0,2694.0,3.01,14345800,2775.0,2686.5,3766.0,1729.0
2026-08-13 09:15:44,2026-08-13 09:00,2775.0,2694.0,3.01,14974700,2804.5,2779.5,3766.0,1729.0
2026-08-13 09:20:29,2026-08-13 09:05,2784.0,2775.0,0.32,1207600,2814.5,2779.5,3766.0,1729.0
2026-08-13 09:25:41,2026-08-13 09:10,2805.0,2775.0,1.08,1572400,2814.5,2778.5,3766.0,1729.0
2026-08-13 09:30:31,2026-08-13 09:15,2801.0,2775.0,0.94,1817400,2814.5,2778.5,3766.0,1729.0
2026-08-13 09:35:32,2026-08-13 09:20,2823.0,2775.0,1.73,2243200,2823.0,2778.5,3766.0,1729.0
2026-08-13 09:40:37,2026-08-13 09:25,2819.0,2775.0,1.59,2539200,2828.0,2778.5,3766.0,1729.0
2026-08-13 09:45:47,2026-08-13 09:30,2808.5,2775.0,1.21,2785100,2828.0,2778.5,3766.0,1729.0
2026-08-13 09:50:38,2026-08-13 09:35,2796.0,2775.0,0.76,3011700,2828.0,2778.5,3766.0,1729.0
2026-08-13 09:55:48,2026-08-13 09:40,2806.5,2775.0,1.14,3236500,2828.0,2778.5,3766.0,1729.0
2026-08-13 10:00:30,2026-08-13 09:45,2819.0,2775.0,1.59,3416300,2828.0,2778.5,3766.0,1729.0
2026-08-13 10:05:40,2026-08-13 09:50,2805.5,2775.0,1.1,3696600,2828.0,2778.5,3766.0,1729.0
2026-08-13 10:10:45,2026-08-13 09:55,2796.5,2775.0,0.77,4003700,2828.0,2778.5,3766.0,1729.0
2026-08-13 10:15:29,2026-08-13 10:00,2804.0,2775.0,1.05,4193700,2828.0,2778.5,3766.0,1729.0
2026-08-13 10:20:45,2026-08-13 10:05,2788.5,2775.0,0.49,4495800,2828.0,2778.5,3766.0,1729.0
2026-08-13 10:25:32,2026-08-13 10:10,2796.5,2775.0,0.77,4655000,2828.0,2778.5,3766.0,1729.0
2026-08-13 10:30:30,2026-08-13 10:15,2797.0,2775.0,0.79,4811500,2828.0,2778.5,3766.0,1729.0
2026-08-13 10:35:35,2026-08-13 10:20,2788.0,2775.0,0.47,4991600,2828.0,2778.5,3766.0,1729.0
2026-08-13 10:40:31,2026-08-13 10:25,2794.5,2775.0,0.7,5109100,2828.0,2778.5,3766.0,1729.0
2026-08-13 10:45:31,2026-08-13 10:30,2785.0,2775.0,0.36,5275900,2828.0,2778.5,3766.0,1729.0
2026-08-13 10:50:30,2026-08-13 10:35,2783.5,2775.0,0.31,5360900,2828.0,2778.5,3766.0,1729.0
2026-08-13 10:55:41,2026-08-13 10:40,2787.5,2775.0,0.45,5543000,2828.0,2778.5,3766.0,1729.0
2026-08-13 11:00:33,2026-08-13 10:45,2780.5,2775.0,0.2,5752200,2828.0,2775.0,3766.0,1729.0
2026-08-13 11:05:34,2026-08-13 10:50,2780.0,2775.0,0.18,5853300,2828.0,2775.0,3766.0,1729.0
2026-08-13 11:10:33,2026-08-13 10:55,2785.0,2775.0,0.36,5938400,2828.0,2775.0,3766.0,1729.0
2026-08-13 11:15:45,2026-08-13 11:00,2784.5,2775.0,0.34,6029200,2828.0,2775.0,3766.0,1729.0
2026-08-13 11:20:33,2026-08-13 11:05,2802.0,2775.0,0.97,6273100,2828.0,2775.0,3766.0,1729.0
2026-08-13 11:25:32,2026-08-13 11:10,2811.0,2775.0,1.3,6478000,2828.0,2775.0,3766.0,1729.0
2026-08-13 11:30:34,2026-08-13 11:15,2813.0,2775.0,1.37,6615200,2828.0,2775.0,3766.0,1729.0
2026-08-13 12:30:36,2026-08-13 11:30,2809.0,2775.0,1.23,6818200,2828.0,2775.0,3766.0,1729.0
2026-08-13 12:35:36,2026-08-13 11:30,2809.0,2775.0,1.23,6818200,2828.0,2775.0,3766.0,1729.0
2026-08-13 12:40:35,2026-08-13 11:30,2809.0,2775.0,1.23,6818200,2828.0,2775.0,3766.0,1729.0
2026-08-13 12:45:46,2026-08-13 12:30,2817.5,2775.0,1.53,7050900,2828.0,2775.0,3766.0,1729.0
2026-08-13 12:50:30,2026-08-13 12:35,2807.0,2775.0,1.15,7185200,2828.0,2775.0,3766.0,1729.0
2026-08-13 12:55:38,2026-08-13 12:40,2809.0,2775.0,1.23,7253500,2828.0,2775.0,3766.0,1729.0
2026-08-13 13:00:39,2026-08-13 12:45,2804.0,2775.0,1.05,7367100,2828.0,2775.0,3766.0,1729.0
2026-08-13 13:05:34,2026-08-13 12:50,2805.0,2775.0,1.08,7438600,2828.0,2775.0,3766.0,1729.0
2026-08-13 13:10:44,2026-08-13 12:55,2809.5,2775.0,1.24,7512000,2828.0,2775.0,3766.0,1729.0
2026-08-13 13:15:37,2026-08-13 13:00,2803.0,2775.0,1.01,7598500,2828.0,2775.0,3766.0,1729.0
2026-08-13 13:20:38,2026-08-13 13:05,2807.0,2775.0,1.15,7657400,2828.0,2775.0,3766.0,1729.0
2026-08-13 13:26:01,2026-08-13 13:10,2808.5,2775.0,1.21,7711500,2828.0,2775.0,3766.0,1729.0
2026-08-13 13:30:34,2026-08-13 13:15,2807.5,2775.0,1.17,7787300,2828.0,2775.0,3766.0,1729.0
2026-08-13 13:35:33,2026-08-13 13:20,2807.0,2775.0,1.15,7831600,2828.0,2775.0,3766.0,1729.0
2026-08-13 13:40:39,2026-08-13 13:25,2811.5,2775.0,1.32,7912500,2828.0,2775.0,3766.0,1729.0
2026-08-13 13:45:38,2026-08-13 13:30,2811.5,2775.0,1.32,7984800,2828.0,2775.0,3766.0,1729.0
2026-08-13 13:51:03,2026-08-13 13:35,2812.0,2775.0,1.33,8055800,2828.0,2775.0,3766.0,1729.0
2026-08-13 13:55:35,2026-08-13 13:40,2813.5,2775.0,1.39,8107400,2828.0,2775.0,3766.0,1729.0
2026-08-13 14:00:36,2026-08-13 13:45,2813.0,2775.0,1.37,8200600,2828.0,2775.0,3766.0,1729.0
2026-08-13 14:05:47,2026-08-13 13:50,2810.5,2775.0,1.28,8246700,2828.0,2775.0,3766.0,1729.0
2026-08-13 14:10:34,2026-08-13 13:55,2808.5,2775.0,1.21,8287000,2828.0,2775.0,3766.0,1729.0
2026-08-13 14:15:42,2026-08-13 14:00,2809.5,2775.0,1.24,8410600,2828.0,2775.0,3766.0,1729.0
2026-08-13 14:20:42,2026-08-13 14:05,2810.0,2775.0,1.26,8457100,2828.0,2775.0,3766.0,1729.0
2026-08-13 14:25:33,2026-08-13 14:10,2812.0,2775.0,1.33,8498800,2828.0,2775.0,3766.0,1729.0
2026-08-13 14:30:37,2026-08-13 14:15,2816.0,2775.0,1.48,8583700,2828.0,2775.0,3766.0,1729.0
2026-08-13 14:35:33,2026-08-13 14:20,2810.0,2775.0,1.26,8661200,2828.0,2775.0,3766.0,1729.0
2026-08-13 14:40:40,2026-08-13 14:25,2810.0,2775.0,1.26,8705000,2828.0,2775.0,3766.0,1729.0
2026-08-13 14:45:40,2026-08-13 14:30,2815.5,2775.0,1.46,8816000,2828.0,2775.0,3766.0,1729.0
2026-08-13 14:50:36,2026-08-13 14:35,2820.0,2775.0,1.62,9038300,2828.0,2775.0,3766.0,1729.0
2026-08-13 14:55:57,2026-08-13 14:40,2826.5,2775.0,1.86,9392900,2829.0,2775.0,3766.0,1729.0
2026-08-13 15:01:01,2026-08-13 14:45,2828.5,2775.0,1.93,9518000,2831.0,2775.0,3766.0,1729.0
2026-08-13 15:05:34,2026-08-13 14:50,2822.5,2775.0,1.71,9609800,2831.0,2775.0,3766.0,1729.0
2026-08-13 15:10:33,2026-08-13 14:55,2820.5,2775.0,1.64,9727100,2831.0,2775.0,3766.0,1729.0
2026-08-13 15:15:59,2026-08-13 15:00,2816.0,2775.0,1.48,9847400,2831.0,2775.0,3766.0,1729.0
2026-08-13 15:20:36,2026-08-13 15:05,2817.5,2775.0,1.53,9941000,2831.0,2775.0,3766.0,1729.0
2026-08-13 15:25:50,2026-08-13 15:10,2815.5,2775.0,1.46,10056200,2831.0,2775.0,3766.0,1729.0
2026-08-13 15:30:34,2026-08-13 15:15,2817.0,2775.0,1.51,10191000,2831.0,2775.0,3766.0,1729.0
2026-08-13 15:40:34,2026-08-13 15:24,2819.0,2775.0,1.59,10535800,2831.0,2775.0,3766.0,1729.0
2026-08-14 09:05:33,2026-08-13 15:30,2818.0,2775.0,1.55,11679400,2831.0,2775.0,3766.0,1729.0
2026-08-14 09:11:26,2026-08-13 15:30,2818.0,2775.0,1.55,11679400,2831.0,2775.0,3766.0,1729.0
2026-08-14 09:15:40,2026-08-14 09:00,2818.0,2775.0,1.55,12190400,2827.5,2803.0,3766.0,1729.0
2026-08-14 09:20:29,2026-08-14 09:05,2847.0,2818.0,1.03,1135700,2866.0,2803.0,3766.0,1729.0
2026-08-14 09:25:30,2026-08-14 09:10,2828.5,2818.0,0.37,1390800,2866.0,2803.0,3766.0,1729.0
2026-08-14 09:30:50,2026-08-14 09:15,2833.5,2818.0,0.55,1574400,2866.0,2803.0,3766.0,1729.0
2026-08-14 09:35:30,2026-08-14 09:20,2847.0,2818.0,1.03,1757500,2866.0,2803.0,3766.0,1729.0
2026-08-14 09:40:36,2026-08-14 09:25,2868.0,2818.0,1.77,2179700,2872.5,2803.0,3766.0,1729.0
2026-08-14 09:45:38,2026-08-14 09:30,2872.0,2818.0,1.92,2421200,2875.5,2803.0,3766.0,1729.0
2026-08-14 09:50:33,2026-08-14 09:35,2868.0,2818.0,1.77,2623400,2876.0,2803.0,3766.0,1729.0
2026-08-14 09:55:30,2026-08-14 09:40,2868.5,2818.0,1.79,2758200,2876.0,2803.0,3766.0,1729.0
2026-08-14 10:00:30,2026-08-14 09:45,2854.0,2818.0,1.28,2984600,2876.0,2803.0,3766.0,1729.0
2026-08-14 10:05:45,2026-08-14 09:50,2851.5,2818.0,1.19,3170200,2876.0,2803.0,3766.0,1729.0
2026-08-14 10:10:48,2026-08-14 09:55,2833.0,2818.0,0.53,3330500,2876.0,2803.0,3766.0,1729.0
2026-08-14 10:15:47,2026-08-14 10:00,2841.5,2818.0,0.83,3463000,2876.0,2803.0,3766.0,1729.0
2026-08-14 10:20:31,2026-08-14 10:05,2844.5,2818.0,0.94,3583800,2876.0,2803.0,3766.0,1729.0
2026-08-14 10:25:34,2026-08-14 10:10,2853.0,2818.0,1.24,3740400,2876.0,2803.0,3766.0,1729.0
2026-08-14 10:30:34,2026-08-14 10:15,2843.5,2818.0,0.9,3845000,2876.0,2803.0,3766.0,1729.0
2026-08-14 10:35:38,2026-08-14 10:18,2853.5,2818.0,1.26,3934400,2876.0,2803.0,3766.0,1729.0
2026-08-14 10:40:34,2026-08-14 10:25,2858.5,2818.0,1.44,4057700,2876.0,2803.0,3766.0,1729.0
2026-08-14 10:45:41,2026-08-14 10:30,2867.5,2818.0,1.76,4235900,2876.0,2803.0,3766.0,1729.0
2026-08-14 10:50:39,2026-08-14 10:35,2865.0,2818.0,1.67,4328700,2876.0,2803.0,3766.0,1729.0
2026-08-14 10:55:41,2026-08-14 10:40,2859.5,2818.0,1.47,4404000,2876.0,2803.0,3766.0,1729.0
2026-08-14 11:00:34,2026-08-14 10:45,2867.0,2818.0,1.74,4505700,2876.0,2803.0,3766.0,1729.0
2026-08-14 11:05:42,2026-08-14 10:50,2871.0,2818.0,1.88,4631600,2876.0,2803.0,3766.0,1729.0
2026-08-14 11:10:29,2026-08-14 10:55,2861.0,2818.0,1.53,4704600,2876.0,2803.0,3766.0,1729.0
2026-08-14 11:15:32,2026-08-14 11:00,2863.0,2818.0,1.6,4778900,2876.0,2803.0,3766.0,1729.0
2026-08-14 11:20:31,2026-08-14 11:05,2868.0,2818.0,1.77,4850300,2876.0,2803.0,3766.0,1729.0
2026-08-14 11:25:36,2026-08-14 11:10,2873.0,2818.0,1.95,4972600,2876.0,2803.0,3766.0,1729.0
2026-08-14 11:30:42,2026-08-14 11:15,2878.5,2818.0,2.15,5282800,2884.5,2803.0,3766.0,1729.0
