抓取时间,行情时刻,价格,昨收,涨跌幅%,成交量,当日最高,当日最低,52周最高,52周最低
2026-07-06 09:31:24,2026-07-06 09:16,70300.84,69744.07,0.8,0,70384.59,69575.68,72831.73,39288.9
2026-07-06 10:18:14,2026-07-06 10:03,69635.8,69744.07,-0.16,0,70384.59,69291.79,72831.73,39288.9
2026-07-06 10:55:23,2026-07-06 10:40,69534.14,69744.07,-0.3,0,70384.59,69291.79,72831.73,39288.9
2026-07-06 10:58:53,2026-07-06 10:43,69451.65,69744.07,-0.42,0,70384.59,69291.79,72831.73,39288.9
2026-07-06 11:00:34,2026-07-06 10:45,69311.63,69744.07,-0.62,0,70384.59,69291.79,72831.73,39288.9
2026-07-06 11:05:36,2026-07-06 10:50,69167.65,69744.07,-0.83,0,70384.59,69167.65,72831.73,39288.9
2026-07-06 11:10:35,2026-07-06 10:55,69161.19,69744.07,-0.84,0,70384.59,69131.6,72831.73,39288.9
2026-07-06 11:15:29,2026-07-06 11:00,69291.13,69744.07,-0.65,0,70384.59,69131.6,72831.73,39288.9
2026-07-06 11:20:33,2026-07-06 11:05,69267.06,69744.07,-0.68,0,70384.59,69131.6,72831.73,39288.9
2026-07-06 11:25:34,2026-07-06 11:10,69189.24,69744.07,-0.8,0,70384.59,69131.6,72831.73,39288.9
2026-07-06 11:30:34,2026-07-06 11:15,69031.18,69744.07,-1.02,0,70384.59,69004.66,72831.73,39288.9
2026-07-06 12:30:33,2026-07-06 11:35,68919.14,69744.07,-1.18,0,70384.59,68904.41,72831.73,39288.9
2026-07-06 12:35:31,2026-07-06 11:35,68919.14,69744.07,-1.18,0,70384.59,68904.41,72831.73,39288.9
2026-07-06 12:40:32,2026-07-06 11:35,68919.14,69744.07,-1.18,0,70384.59,68904.41,72831.73,39288.9
2026-07-06 12:45:33,2026-07-06 12:30,69125.87,69744.07,-0.89,0,70384.59,68904.41,72831.73,39288.9
2026-07-06 12:50:33,2026-07-06 12:35,69053.61,69744.07,-0.99,0,70384.59,68904.41,72831.73,39288.9
2026-07-06 12:55:42,2026-07-06 12:40,69176.48,69744.07,-0.81,0,70384.59,68904.41,72831.73,39288.9
2026-07-06 13:00:45,2026-07-06 12:45,69048.0,69744.07,-1.0,0,70384.59,68904.41,72831.73,39288.9
2026-07-06 13:05:31,2026-07-06 12:50,69033.04,69744.07,-1.02,0,70384.59,68904.41,72831.73,39288.9
2026-07-06 13:10:38,2026-07-06 12:55,69023.9,69744.07,-1.03,0,70384.59,68904.41,72831.73,39288.9
2026-07-06 13:15:34,2026-07-06 13:00,69165.46,69744.07,-0.83,0,70384.59,68904.41,72831.73,39288.9
2026-07-06 13:20:31,2026-07-06 13:05,69197.49,69744.07,-0.78,0,70384.59,68904.41,72831.73,39288.9
2026-07-06 13:25:41,2026-07-06 13:10,69072.92,69744.07,-0.96,0,70384.59,68904.41,72831.73,39288.9
2026-07-06 13:30:38,2026-07-06 13:15,69201.07,69744.07,-0.78,0,70384.59,68904.41,72831.73,39288.9
2026-07-06 13:35:33,2026-07-06 13:20,69326.63,69744.07,-0.6,0,70384.59,68904.41,72831.73,39288.9
2026-07-06 13:40:38,2026-07-06 13:25,69299.59,69744.07,-0.64,0,70384.59,68904.41,72831.73,39288.9
2026-07-06 13:45:43,2026-07-06 13:30,69400.94,69744.07,-0.49,0,70384.59,68904.41,72831.73,39288.9
2026-07-06 13:50:34,2026-07-06 13:35,69427.86,69744.07,-0.45,0,70384.59,68904.41,72831.73,39288.9
2026-07-06 13:55:34,2026-07-06 13:40,69467.99,69744.07,-0.4,0,70384.59,68904.41,72831.73,39288.9
2026-07-06 14:00:38,2026-07-06 13:45,69492.92,69744.07,-0.36,0,70384.59,68904.41,72831.73,39288.9
2026-07-06 14:05:41,2026-07-06 13:50,69430.58,69744.07,-0.45,0,70384.59,68904.41,72831.73,39288.9
2026-07-06 14:10:37,2026-07-06 13:55,69533.42,69744.07,-0.3,0,70384.59,68904.41,72831.73,39288.9
2026-07-06 14:15:38,2026-07-06 14:00,69508.68,69744.07,-0.34,0,70384.59,68904.41,72831.73,39288.9
2026-07-06 14:20:37,2026-07-06 14:05,69487.28,69744.07,-0.37,0,70384.59,68904.41,72831.73,39288.9
2026-07-06 14:25:31,2026-07-06 14:10,69484.01,69744.07,-0.37,0,70384.59,68904.41,72831.73,39288.9
2026-07-06 14:30:38,2026-07-06 14:15,69571.42,69744.07,-0.25,0,70384.59,68904.41,72831.73,39288.9
2026-07-06 14:35:37,2026-07-06 14:20,69595.51,69744.07,-0.21,0,70384.59,68904.41,72831.73,39288.9
2026-07-06 14:40:33,2026-07-06 14:25,69371.13,69744.07,-0.53,0,70384.59,68904.41,72831.73,39288.9
2026-07-06 14:45:40,2026-07-06 14:30,69279.26,69744.07,-0.67,0,70384.59,68904.41,72831.73,39288.9
2026-07-06 14:50:42,2026-07-06 14:35,69378.47,69744.07,-0.52,0,70384.59,68904.41,72831.73,39288.9
2026-07-06 14:55:39,2026-07-06 14:40,69459.23,69744.07,-0.41,0,70384.59,68904.41,72831.73,39288.9
2026-07-06 15:00:33,2026-07-06 14:45,69494.65,69744.07,-0.36,0,70384.59,68904.41,72831.73,39288.9
2026-07-06 15:16:25,2026-07-06 15:01,69625.35,69744.07,-0.17,0,70384.59,68904.41,72831.73,39288.9
2026-07-06 15:20:37,2026-07-06 15:05,69573.18,69744.07,-0.25,0,70384.59,68904.41,72831.73,39288.9
2026-07-06 15:25:41,2026-07-06 15:10,69556.98,69744.07,-0.27,0,70384.59,68904.41,72831.73,39288.9
2026-07-06 15:30:36,2026-07-06 15:15,69570.66,69744.07,-0.25,0,70384.59,68904.41,72831.73,39288.9
2026-07-07 09:00:33,2026-07-06 15:45,69737.69,69744.07,-0.01,0,70384.59,68904.41,72831.73,39288.9
2026-07-07 09:05:30,2026-07-06 15:45,69737.69,69737.69,0.0,0,70384.59,68904.41,72831.73,39288.9
2026-07-07 09:10:32,2026-07-06 15:45,69737.69,69737.69,0.0,0,70384.59,68904.41,72831.73,39288.9
2026-07-07 09:15:33,2026-07-07 09:00,69482.82,69737.69,-0.37,0,69505.99,69382.98,72831.73,39288.9
2026-07-07 09:20:31,2026-07-07 09:05,69538.43,69737.69,-0.29,0,69703.81,69382.98,72831.73,39288.9
2026-07-07 09:25:32,2026-07-07 09:10,69552.37,69737.69,-0.27,0,69793.16,69382.98,72831.73,39288.9
2026-07-07 09:30:34,2026-07-07 09:15,69443.73,69737.69,-0.42,0,69793.16,69185.74,72831.73,39288.9
2026-07-07 09:35:32,2026-07-07 09:20,69659.27,69737.69,-0.11,0,69793.16,69185.74,72831.73,39288.9
2026-07-07 09:40:32,2026-07-07 09:25,69871.96,69737.69,0.19,0,69881.42,69185.74,72831.73,39288.9
2026-07-07 09:45:34,2026-07-07 09:30,69878.32,69737.69,0.2,0,69957.51,69185.74,72831.73,39288.9
2026-07-07 09:50:38,2026-07-07 09:35,69696.94,69737.69,-0.06,0,69957.51,69185.74,72831.73,39288.9
2026-07-07 09:55:30,2026-07-07 09:40,69486.88,69737.69,-0.36,0,69957.51,69185.74,72831.73,39288.9
2026-07-07 10:00:36,2026-07-07 09:45,69382.82,69737.69,-0.51,0,69957.51,69185.74,72831.73,39288.9
2026-07-07 10:05:36,2026-07-07 09:50,69306.69,69737.69,-0.62,0,69957.51,69185.74,72831.73,39288.9
2026-07-07 10:10:33,2026-07-07 09:55,69471.49,69737.69,-0.38,0,69957.51,69185.74,72831.73,39288.9
2026-07-07 10:15:34,2026-07-07 10:00,69227.85,69737.69,-0.73,0,69957.51,69163.56,72831.73,39288.9
2026-07-07 10:20:31,2026-07-07 10:05,69179.51,69737.69,-0.8,0,69957.51,69143.38,72831.73,39288.9
2026-07-07 10:25:45,2026-07-07 10:10,69123.34,69737.69,-0.88,0,69957.51,69098.64,72831.73,39288.9
2026-07-07 10:30:30,2026-07-07 10:15,69157.41,69737.69,-0.83,0,69957.51,69098.64,72831.73,39288.9
2026-07-07 10:35:36,2026-07-07 10:20,68933.73,69737.69,-1.15,0,69957.51,68911.56,72831.73,39288.9
2026-07-07 10:40:35,2026-07-07 10:25,68884.25,69737.69,-1.22,0,69957.51,68853.6,72831.73,39288.9
2026-07-07 10:45:34,2026-07-07 10:30,68740.29,69737.69,-1.43,0,69957.51,68725.46,72831.73,39288.9
2026-07-07 10:50:44,2026-07-07 10:35,68966.12,69737.69,-1.11,0,69957.51,68668.51,72831.73,39288.9
2026-07-07 10:55:33,2026-07-07 10:40,69050.56,69737.69,-0.99,0,69957.51,68668.51,72831.73,39288.9
2026-07-07 11:00:34,2026-07-07 10:45,69207.27,69737.69,-0.76,0,69957.51,68668.51,72831.73,39288.9
2026-07-07 11:05:33,2026-07-07 10:50,69171.35,69737.69,-0.81,0,69957.51,68668.51,72831.73,39288.9
2026-07-07 11:10:36,2026-07-07 10:55,68979.17,69737.69,-1.09,0,69957.51,68668.51,72831.73,39288.9
2026-07-07 11:15:36,2026-07-07 11:00,68873.14,69737.69,-1.24,0,69957.51,68668.51,72831.73,39288.9
2026-07-07 11:20:35,2026-07-07 11:05,68996.13,69737.69,-1.06,0,69957.51,68668.51,72831.73,39288.9
2026-07-07 11:25:33,2026-07-07 11:10,69013.16,69737.69,-1.04,0,69957.51,68668.51,72831.73,39288.9
2026-07-07 11:30:40,2026-07-07 11:15,68943.01,69737.69,-1.14,0,69957.51,68668.51,72831.73,39288.9
2026-07-07 12:30:29,2026-07-07 11:35,68848.59,69737.69,-1.27,0,69957.51,68668.51,72831.73,39288.9
2026-07-07 12:35:32,2026-07-07 11:35,68848.59,69737.69,-1.27,0,69957.51,68668.51,72831.73,39288.9
2026-07-07 12:40:33,2026-07-07 11:35,68848.59,69737.69,-1.27,0,69957.51,68668.51,72831.73,39288.9
2026-07-07 12:45:34,2026-07-07 12:30,68598.38,69737.69,-1.63,0,69957.51,68528.66,72831.73,39288.9
2026-07-07 12:50:31,2026-07-07 12:35,68762.95,69737.69,-1.4,0,69957.51,68528.66,72831.73,39288.9
2026-07-07 12:55:34,2026-07-07 12:40,68759.22,69737.69,-1.4,0,69957.51,68528.66,72831.73,39288.9
2026-07-07 13:00:35,2026-07-07 12:45,68619.38,69737.69,-1.6,0,69957.51,68528.66,72831.73,39288.9
2026-07-07 13:05:34,2026-07-07 12:50,68515.68,69737.69,-1.75,0,69957.51,68451.51,72831.73,39288.9
2026-07-07 13:10:33,2026-07-07 12:55,68421.69,69737.69,-1.89,0,69957.51,68421.69,72831.73,39288.9
2026-07-07 13:15:33,2026-07-07 13:00,68531.6,69737.69,-1.73,0,69957.51,68412.13,72831.73,39288.9
2026-07-07 13:20:30,2026-07-07 13:05,68585.69,69737.69,-1.65,0,69957.51,68412.13,72831.73,39288.9
2026-07-07 13:25:37,2026-07-07 13:10,68614.35,69737.69,-1.61,0,69957.51,68412.13,72831.73,39288.9
2026-07-07 13:30:38,2026-07-07 13:15,68519.57,69737.69,-1.75,0,69957.51,68412.13,72831.73,39288.9
2026-07-07 13:35:40,2026-07-07 13:20,68483.73,69737.69,-1.8,0,69957.51,68403.19,72831.73,39288.9
2026-07-07 13:40:32,2026-07-07 13:25,68443.52,69737.69,-1.86,0,69957.51,68388.46,72831.73,39288.9
2026-07-07 13:45:37,2026-07-07 13:30,68478.29,69737.69,-1.81,0,69957.51,68387.78,72831.73,39288.9
2026-07-07 13:50:43,2026-07-07 13:35,68525.42,69737.69,-1.74,0,69957.51,68387.78,72831.73,39288.9
2026-07-07 13:55:37,2026-07-07 13:40,68421.59,69737.69,-1.89,0,69957.51,68387.78,72831.73,39288.9
2026-07-07 14:00:37,2026-07-07 13:45,68455.56,69737.69,-1.84,0,69957.51,68387.78,72831.73,39288.9
2026-07-07 14:05:41,2026-07-07 13:50,68360.13,69737.69,-1.98,0,69957.51,68355.62,72831.73,39288.9
2026-07-07 14:10:46,2026-07-07 13:55,68326.38,69737.69,-2.02,0,69957.51,68306.09,72831.73,39288.9
2026-07-07 14:15:40,2026-07-07 14:00,68313.48,69737.69,-2.04,0,69957.51,68306.09,72831.73,39288.9
2026-07-07 14:20:47,2026-07-07 14:05,68178.14,69737.69,-2.24,0,69957.51,68174.53,72831.73,39288.9
2026-07-07 14:25:32,2026-07-07 14:10,68075.18,69737.69,-2.38,0,69957.51,68041.96,72831.73,39288.9
2026-07-07 14:30:39,2026-07-07 14:15,68009.65,69737.69,-2.48,0,69957.51,68009.65,72831.73,39288.9
2026-07-07 14:35:37,2026-07-07 14:20,68083.33,69737.69,-2.37,0,69957.51,68003.92,72831.73,39288.9
2026-07-07 14:40:32,2026-07-07 14:25,68054.96,69737.69,-2.41,0,69957.51,68003.92,72831.73,39288.9
2026-07-07 14:45:53,2026-07-07 14:30,68239.4,69737.69,-2.15,0,69957.51,68003.92,72831.73,39288.9
2026-07-07 14:50:32,2026-07-07 14:35,68368.5,69737.69,-1.96,0,69957.51,68003.92,72831.73,39288.9
2026-07-07 14:55:59,2026-07-07 14:40,68469.98,69737.69,-1.82,0,69957.51,68003.92,72831.73,39288.9
2026-07-07 15:00:49,2026-07-07 14:45,68541.96,69737.69,-1.71,0,69957.51,68003.92,72831.73,39288.9
2026-07-07 15:05:40,2026-07-07 14:50,68435.31,69737.69,-1.87,0,69957.51,68003.92,72831.73,39288.9
2026-07-07 15:10:42,2026-07-07 14:55,68608.7,69737.69,-1.62,0,69957.51,68003.92,72831.73,39288.9
2026-07-07 15:15:46,2026-07-07 15:00,68568.65,69737.69,-1.68,0,69957.51,68003.92,72831.73,39288.9
2026-07-07 15:20:34,2026-07-07 15:05,68460.23,69737.69,-1.83,0,69957.51,68003.92,72831.73,39288.9
2026-07-07 15:25:36,2026-07-07 15:10,68362.32,69737.69,-1.97,0,69957.51,68003.92,72831.73,39288.9
2026-07-07 15:30:35,2026-07-07 15:15,68311.45,69737.69,-2.05,0,69957.51,68003.92,72831.73,39288.9
2026-07-08 09:00:44,2026-07-07 15:45,68256.96,69737.69,-2.12,0,69957.51,68003.92,72831.73,39288.9
2026-07-08 09:05:30,2026-07-07 15:45,68256.96,68256.96,0.0,0,69957.51,68003.92,72831.73,39288.9
2026-07-08 09:10:35,2026-07-07 15:45,68256.96,68256.96,0.0,0,69957.51,68003.92,72831.73,39288.9
2026-07-08 09:15:39,2026-07-08 09:00,67707.69,68256.96,-0.8,0,67788.77,67626.34,72831.73,39288.9
2026-07-08 09:20:36,2026-07-08 09:05,67559.01,68256.96,-1.02,0,67788.77,67169.37,72831.73,39288.9
2026-07-08 09:25:32,2026-07-08 09:10,67340.21,68256.96,-1.34,0,67788.77,67169.37,72831.73,39288.9
2026-07-08 09:30:43,2026-07-08 09:15,67471.11,68256.96,-1.15,0,67788.77,67169.37,72831.73,39288.9
2026-07-08 09:35:29,2026-07-08 09:20,67206.36,68256.96,-1.54,0,67788.77,67169.37,72831.73,39288.9
2026-07-08 09:40:31,2026-07-08 09:25,67686.42,68256.96,-0.84,0,67788.77,67122.49,72831.73,39288.9
2026-07-08 09:45:30,2026-07-08 09:30,67859.04,68256.96,-0.58,0,67895.06,67122.49,72831.73,39288.9
2026-07-08 09:50:36,2026-07-08 09:35,67449.56,68256.96,-1.18,0,67895.06,67122.49,72831.73,39288.9
2026-07-08 09:55:33,2026-07-08 09:40,67848.26,68256.96,-0.6,0,67931.28,67122.49,72831.73,39288.9
2026-07-08 10:00:45,2026-07-08 09:45,68085.12,68256.96,-0.25,0,68136.59,67122.49,72831.73,39288.9
2026-07-08 10:05:31,2026-07-08 09:50,68208.35,68256.96,-0.07,0,68239.6,67122.49,72831.73,39288.9
2026-07-08 10:10:29,2026-07-08 09:55,68327.67,68256.96,0.1,0,68327.67,67122.49,72831.73,39288.9
2026-07-08 10:15:31,2026-07-08 10:00,68314.63,68256.96,0.08,0,68432.68,67122.49,72831.73,39288.9
2026-07-08 10:20:33,2026-07-08 10:05,68182.73,68256.96,-0.11,0,68432.68,67122.49,72831.73,39288.9
2026-07-08 10:25:29,2026-07-08 10:10,68217.4,68256.96,-0.06,0,68432.68,67122.49,72831.73,39288.9
2026-07-08 10:30:30,2026-07-08 10:15,68354.07,68256.96,0.14,0,68432.68,67122.49,72831.73,39288.9
2026-07-08 10:35:33,2026-07-08 10:20,68228.6,68256.96,-0.04,0,68432.68,67122.49,72831.73,39288.9
2026-07-08 10:40:32,2026-07-08 10:25,68094.04,68256.96,-0.24,0,68432.68,67122.49,72831.73,39288.9
2026-07-08 10:45:30,2026-07-08 10:30,68016.86,68256.96,-0.35,0,68432.68,67122.49,72831.73,39288.9
2026-07-08 10:50:33,2026-07-08 10:35,67855.13,68256.96,-0.59,0,68432.68,67122.49,72831.73,39288.9
2026-07-08 10:55:29,2026-07-08 10:40,67769.52,68256.96,-0.71,0,68432.68,67122.49,72831.73,39288.9
2026-07-08 11:00:30,2026-07-08 10:45,67865.9,68256.96,-0.57,0,68432.68,67122.49,72831.73,39288.9
2026-07-08 11:05:42,2026-07-08 10:50,68008.9,68256.96,-0.36,0,68432.68,67122.49,72831.73,39288.9
2026-07-08 11:10:35,2026-07-08 10:55,67734.49,68256.96,-0.77,0,68432.68,67122.49,72831.73,39288.9
2026-07-08 11:15:34,2026-07-08 11:00,67773.59,68256.96,-0.71,0,68432.68,67122.49,72831.73,39288.9
2026-07-08 11:20:32,2026-07-08 11:05,67628.62,68256.96,-0.92,0,68432.68,67122.49,72831.73,39288.9
2026-07-08 11:25:33,2026-07-08 11:10,67696.28,68256.96,-0.82,0,68432.68,67122.49,72831.73,39288.9
2026-07-08 11:30:29,2026-07-08 11:15,67581.42,68256.96,-0.99,0,68432.68,67122.49,72831.73,39288.9
2026-07-08 12:30:33,2026-07-08 11:35,67758.64,68256.96,-0.73,0,68432.68,67122.49,72831.73,39288.9
2026-07-08 12:35:31,2026-07-08 11:35,67758.64,68256.96,-0.73,0,68432.68,67122.49,72831.73,39288.9
2026-07-08 12:40:37,2026-07-08 11:35,67758.64,68256.96,-0.73,0,68432.68,67122.49,72831.73,39288.9
2026-07-08 12:45:38,2026-07-08 12:30,68310.3,68256.96,0.08,0,68432.68,67122.49,72831.73,39288.9
2026-07-08 12:50:31,2026-07-08 12:35,68122.34,68256.96,-0.2,0,68432.68,67122.49,72831.73,39288.9
2026-07-08 12:55:30,2026-07-08 12:40,68052.26,68256.96,-0.3,0,68432.68,67122.49,72831.73,39288.9
2026-07-08 13:00:34,2026-07-08 12:45,68054.35,68256.96,-0.3,0,68432.68,67122.49,72831.73,39288.9
2026-07-08 13:05:30,2026-07-08 12:50,68114.78,68256.96,-0.21,0,68432.68,67122.49,72831.73,39288.9
2026-07-08 13:10:34,2026-07-08 12:55,68030.4,68256.96,-0.33,0,68432.68,67122.49,72831.73,39288.9
2026-07-08 13:15:32,2026-07-08 13:00,67905.41,68256.96,-0.52,0,68432.68,67122.49,72831.73,39288.9
2026-07-08 13:20:30,2026-07-08 13:05,67900.78,68256.96,-0.52,0,68432.68,67122.49,72831.73,39288.9
2026-07-08 13:25:29,2026-07-08 13:10,67797.87,68256.96,-0.67,0,68432.68,67122.49,72831.73,39288.9
2026-07-08 13:30:28,2026-07-08 13:15,67741.27,68256.96,-0.76,0,68432.68,67122.49,72831.73,39288.9
2026-07-08 13:35:28,2026-07-08 13:20,67717.07,68256.96,-0.79,0,68432.68,67122.49,72831.73,39288.9
2026-07-08 13:40:31,2026-07-08 13:25,67806.64,68256.96,-0.66,0,68432.68,67122.49,72831.73,39288.9
2026-07-08 13:45:29,2026-07-08 13:30,67751.8,68256.96,-0.74,0,68432.68,67122.49,72831.73,39288.9
2026-07-08 13:50:32,2026-07-08 13:35,67680.24,68256.96,-0.84,0,68432.68,67122.49,72831.73,39288.9
2026-07-08 13:55:37,2026-07-08 13:40,67666.23,68256.96,-0.87,0,68432.68,67122.49,72831.73,39288.9
2026-07-08 14:00:30,2026-07-08 13:45,67601.98,68256.96,-0.96,0,68432.68,67122.49,72831.73,39288.9
2026-07-08 14:05:37,2026-07-08 13:50,67616.64,68256.96,-0.94,0,68432.68,67122.49,72831.73,39288.9
2026-07-08 14:10:29,2026-07-08 13:55,67462.72,68256.96,-1.16,0,68432.68,67122.49,72831.73,39288.9
2026-07-08 14:15:32,2026-07-08 14:00,67697.58,68256.96,-0.82,0,68432.68,67122.49,72831.73,39288.9
2026-07-08 14:20:30,2026-07-08 14:05,67677.47,68256.96,-0.85,0,68432.68,67122.49,72831.73,39288.9
2026-07-08 14:25:30,2026-07-08 14:10,67683.48,68256.96,-0.84,0,68432.68,67122.49,72831.73,39288.9
2026-07-08 14:30:46,2026-07-08 14:15,67814.75,68256.96,-0.65,0,68432.68,67122.49,72831.73,39288.9
2026-07-08 14:35:32,2026-07-08 14:20,67711.02,68256.96,-0.8,0,68432.68,67122.49,72831.73,39288.9
2026-07-08 14:40:39,2026-07-08 14:25,67667.01,68256.96,-0.86,0,68432.68,67122.49,72831.73,39288.9
2026-07-08 14:45:35,2026-07-08 14:30,67570.57,68256.96,-1.01,0,68432.68,67122.49,72831.73,39288.9
2026-07-08 14:50:32,2026-07-08 14:35,67569.3,68256.96,-1.01,0,68432.68,67122.49,72831.73,39288.9
2026-07-08 14:55:35,2026-07-08 14:40,67445.62,68256.96,-1.19,0,68432.68,67122.49,72831.73,39288.9
2026-07-08 15:00:30,2026-07-08 14:45,67371.81,68256.96,-1.3,0,68432.68,67122.49,72831.73,39288.9
2026-07-08 15:05:30,2026-07-08 14:50,67205.49,68256.96,-1.54,0,68432.68,67122.49,72831.73,39288.9
2026-07-08 15:10:42,2026-07-08 14:55,67407.56,68256.96,-1.24,0,68432.68,67122.49,72831.73,39288.9
2026-07-08 15:15:33,2026-07-08 15:00,67271.82,68256.96,-1.44,0,68432.68,67122.49,72831.73,39288.9
2026-07-08 15:20:36,2026-07-08 15:05,67177.25,68256.96,-1.58,0,68432.68,67122.49,72831.73,39288.9
2026-07-08 15:25:35,2026-07-08 15:10,67196.5,68256.96,-1.55,0,68432.68,67122.49,72831.73,39288.9
2026-07-08 15:30:31,2026-07-08 15:15,67137.35,68256.96,-1.64,0,68432.68,67098.56,72831.73,39288.9
2026-07-09 09:00:35,2026-07-08 15:45,66819.05,68256.96,-2.11,0,68432.68,66819.05,72831.73,39288.9
2026-07-09 09:05:33,2026-07-08 15:45,66819.05,66819.05,0.0,0,68432.68,66819.05,72831.73,39288.9
2026-07-09 09:10:35,2026-07-08 15:45,66819.05,66819.05,0.0,0,68432.68,66819.05,72831.73,39288.9
2026-07-09 09:15:32,2026-07-09 09:00,67073.42,66819.05,0.38,0,67073.42,67008.89,72831.73,39288.9
2026-07-09 09:20:39,2026-07-09 09:05,67548.43,66819.05,1.09,0,67563.34,67008.89,72831.73,39288.9
2026-07-09 09:25:34,2026-07-09 09:10,67765.74,66819.05,1.42,0,67879.29,67008.89,72831.73,39288.9
2026-07-09 09:30:35,2026-07-09 09:15,68040.73,66819.05,1.83,0,68040.73,67008.89,72831.73,39288.9
2026-07-09 09:35:31,2026-07-09 09:20,67715.26,66819.05,1.34,0,68155.31,67008.89,72831.73,39288.9
2026-07-09 09:40:33,2026-07-09 09:25,67836.12,66819.05,1.52,0,68155.31,67008.89,72831.73,39288.9
2026-07-09 09:45:33,2026-07-09 09:30,68131.51,66819.05,1.96,0,68155.31,67008.89,72831.73,39288.9
2026-07-09 09:50:31,2026-07-09 09:35,68008.02,66819.05,1.78,0,68155.31,67008.89,72831.73,39288.9
2026-07-09 09:55:29,2026-07-09 09:40,68070.11,66819.05,1.87,0,68161.65,67008.89,72831.73,39288.9
2026-07-09 10:00:32,2026-07-09 09:45,68222.85,66819.05,2.1,0,68223.99,67008.89,72831.73,39288.9
2026-07-09 10:05:32,2026-07-09 09:50,68207.76,66819.05,2.08,0,68313.74,67008.89,72831.73,39288.9
2026-07-09 10:10:32,2026-07-09 09:55,67906.75,66819.05,1.63,0,68313.74,67008.89,72831.73,39288.9
2026-07-09 10:15:51,2026-07-09 10:00,68020.9,66819.05,1.8,0,68313.74,67008.89,72831.73,39288.9
2026-07-09 10:20:33,2026-07-09 10:05,68037.98,66819.05,1.82,0,68313.74,67008.89,72831.73,39288.9
2026-07-09 10:25:28,2026-07-09 10:10,68344.26,66819.05,2.28,0,68350.47,67008.89,72831.73,39288.9
2026-07-09 10:30:29,2026-07-09 10:15,68243.25,66819.05,2.13,0,68361.95,67008.89,72831.73,39288.9
2026-07-09 10:35:39,2026-07-09 10:20,68289.59,66819.05,2.2,0,68395.07,67008.89,72831.73,39288.9
2026-07-09 10:40:31,2026-07-09 10:25,68038.44,66819.05,1.82,0,68395.07,67008.89,72831.73,39288.9
2026-07-09 10:45:37,2026-07-09 10:30,68162.46,66819.05,2.01,0,68395.07,67008.89,72831.73,39288.9
2026-07-09 10:50:31,2026-07-09 10:35,68038.23,66819.05,1.82,0,68395.07,67008.89,72831.73,39288.9
2026-07-09 10:55:31,2026-07-09 10:40,68025.11,66819.05,1.8,0,68395.07,67008.89,72831.73,39288.9
2026-07-09 11:00:39,2026-07-09 10:45,68177.5,66819.05,2.03,0,68395.07,67008.89,72831.73,39288.9
2026-07-09 11:05:50,2026-07-09 10:50,68121.92,66819.05,1.95,0,68395.07,67008.89,72831.73,39288.9
2026-07-09 11:10:44,2026-07-09 10:55,67829.23,66819.05,1.51,0,68395.07,67008.89,72831.73,39288.9
2026-07-09 11:15:36,2026-07-09 11:00,67847.33,66819.05,1.54,0,68395.07,67008.89,72831.73,39288.9
2026-07-09 11:20:47,2026-07-09 11:05,67878.75,66819.05,1.59,0,68395.07,67008.89,72831.73,39288.9
2026-07-09 11:25:37,2026-07-09 11:10,68153.6,66819.05,2.0,0,68395.07,67008.89,72831.73,39288.9
2026-07-09 11:30:32,2026-07-09 11:15,68279.67,66819.05,2.19,0,68395.07,67008.89,72831.73,39288.9
2026-07-09 12:30:38,2026-07-09 11:35,68180.55,66819.05,2.04,0,68447.89,67008.89,72831.73,39288.9
2026-07-09 12:35:49,2026-07-09 11:35,68180.55,66819.05,2.04,0,68447.89,67008.89,72831.73,39288.9
2026-07-09 12:40:39,2026-07-09 11:35,68180.55,66819.05,2.04,0,68447.89,67008.89,72831.73,39288.9
2026-07-09 12:45:30,2026-07-09 12:30,67951.04,66819.05,1.69,0,68447.89,67008.89,72831.73,39288.9
2026-07-09 12:50:28,2026-07-09 12:35,68015.07,66819.05,1.79,0,68447.89,67008.89,72831.73,39288.9
2026-07-09 12:55:34,2026-07-09 12:40,67990.24,66819.05,1.75,0,68447.89,67008.89,72831.73,39288.9
2026-07-09 13:00:38,2026-07-09 12:45,68047.31,66819.05,1.84,0,68447.89,67008.89,72831.73,39288.9
2026-07-09 13:05:29,2026-07-09 12:50,68073.77,66819.05,1.88,0,68447.89,67008.89,72831.73,39288.9
2026-07-09 13:10:31,2026-07-09 12:55,67999.67,66819.05,1.77,0,68447.89,67008.89,72831.73,39288.9
2026-07-09 13:15:31,2026-07-09 13:00,68023.23,66819.05,1.8,0,68447.89,67008.89,72831.73,39288.9
2026-07-09 13:20:35,2026-07-09 13:05,68063.43,66819.05,1.86,0,68447.89,67008.89,72831.73,39288.9
2026-07-09 13:25:36,2026-07-09 13:10,67996.91,66819.05,1.76,0,68447.89,67008.89,72831.73,39288.9
2026-07-09 13:30:37,2026-07-09 13:15,68010.05,66819.05,1.78,0,68447.89,67008.89,72831.73,39288.9
2026-07-09 13:35:32,2026-07-09 13:20,67871.85,66819.05,1.58,0,68447.89,67008.89,72831.73,39288.9
2026-07-09 13:40:46,2026-07-09 13:25,67695.32,66819.05,1.31,0,68447.89,67008.89,72831.73,39288.9
2026-07-09 13:45:32,2026-07-09 13:30,67761.68,66819.05,1.41,0,68447.89,67008.89,72831.73,39288.9
2026-07-09 13:50:29,2026-07-09 13:35,67859.59,66819.05,1.56,0,68447.89,67008.89,72831.73,39288.9
2026-07-09 13:55:30,2026-07-09 13:40,67936.96,66819.05,1.67,0,68447.89,67008.89,72831.73,39288.9
2026-07-09 14:00:30,2026-07-09 13:45,67903.99,66819.05,1.62,0,68447.89,67008.89,72831.73,39288.9
2026-07-09 14:10:31,2026-07-09 13:55,67954.55,66819.05,1.7,0,68447.89,67008.89,72831.73,39288.9
2026-07-09 14:15:36,2026-07-09 14:00,67831.05,66819.05,1.51,0,68447.89,67008.89,72831.73,39288.9
2026-07-09 14:20:36,2026-07-09 14:05,67718.74,66819.05,1.35,0,68447.89,67008.89,72831.73,39288.9
2026-07-09 14:25:32,2026-07-09 14:10,67787.08,66819.05,1.45,0,68447.89,67008.89,72831.73,39288.9
2026-07-09 14:30:40,2026-07-09 14:15,67848.92,66819.05,1.54,0,68447.89,67008.89,72831.73,39288.9
2026-07-09 14:35:44,2026-07-09 14:20,67631.81,66819.05,1.22,0,68447.89,67008.89,72831.73,39288.9
2026-07-09 14:45:33,2026-07-09 14:30,67601.34,66819.05,1.17,0,68447.89,67008.89,72831.73,39288.9
2026-07-09 14:50:33,2026-07-09 14:35,67667.51,66819.05,1.27,0,68447.89,67008.89,72831.73,39288.9
2026-07-09 14:55:42,2026-07-09 14:40,67743.79,66819.05,1.38,0,68447.89,67008.89,72831.73,39288.9
2026-07-09 15:05:45,2026-07-09 14:50,67855.07,66819.05,1.55,0,68447.89,67008.89,72831.73,39288.9
2026-07-09 15:10:41,2026-07-09 14:55,67974.49,66819.05,1.73,0,68447.89,67008.89,72831.73,39288.9
2026-07-09 15:15:35,2026-07-09 15:00,68125.54,66819.05,1.96,0,68447.89,67008.89,72831.73,39288.9
2026-07-09 15:20:41,2026-07-09 15:05,68023.88,66819.05,1.8,0,68447.89,67008.89,72831.73,39288.9
2026-07-09 15:25:47,2026-07-09 15:10,67927.83,66819.05,1.66,0,68447.89,67008.89,72831.73,39288.9
2026-07-09 15:30:49,2026-07-09 15:15,67907.16,66819.05,1.63,0,68447.89,67008.89,72831.73,39288.9
2026-07-09 15:33:03,2026-07-09 15:18,67893.35,66819.05,1.61,0,68447.89,67008.89,72831.73,39288.9
2026-07-10 09:00:33,2026-07-09 15:45,67743.85,66819.05,1.38,0,68447.89,67008.89,72831.73,39288.9
2026-07-10 09:05:49,2026-07-09 15:45,67743.85,67743.85,0.0,0,68447.89,67008.89,72831.73,39288.9
2026-07-10 09:10:38,2026-07-09 15:45,67743.85,67743.85,0.0,0,68447.89,67008.89,72831.73,39288.9
2026-07-10 09:15:39,2026-07-10 09:00,68471.62,67743.85,1.07,0,68526.72,68435.43,72831.73,39288.9
2026-07-10 09:20:31,2026-07-10 09:05,68706.12,67743.85,1.42,0,68740.39,68271.91,72831.73,39288.9
2026-07-10 09:25:33,2026-07-10 09:10,68539.14,67743.85,1.17,0,68761.16,68271.91,72831.73,39288.9
2026-07-10 09:30:40,2026-07-10 09:15,68839.83,67743.85,1.62,0,68846.37,68271.91,72831.73,39288.9
2026-07-10 09:35:42,2026-07-10 09:20,68900.08,67743.85,1.71,0,68975.03,68271.91,72831.73,39288.9
2026-07-10 09:40:32,2026-07-10 09:25,68817.16,67743.85,1.58,0,68987.57,68271.91,72831.73,39288.9
2026-07-10 09:46:05,2026-07-10 09:31,68758.0,67743.85,1.5,0,68987.57,68271.91,72831.73,39288.9
2026-07-10 09:50:29,2026-07-10 09:35,68584.46,67743.85,1.24,0,68987.57,68271.91,72831.73,39288.9
2026-07-10 09:55:34,2026-07-10 09:40,68690.45,67743.85,1.4,0,68987.57,68271.91,72831.73,39288.9
2026-07-10 10:00:30,2026-07-10 09:45,68722.45,67743.85,1.44,0,68987.57,68271.91,72831.73,39288.9
2026-07-10 10:05:32,2026-07-10 09:50,68741.0,67743.85,1.47,0,68987.57,68271.91,72831.73,39288.9
2026-07-10 10:10:38,2026-07-10 09:55,68917.41,67743.85,1.73,0,68987.57,68271.91,72831.73,39288.9
2026-07-10 10:15:34,2026-07-10 10:00,69171.49,67743.85,2.11,0,69179.07,68271.91,72831.73,39288.9
2026-07-10 10:20:33,2026-07-10 10:05,69017.41,67743.85,1.88,0,69184.55,68271.91,72831.73,39288.9
2026-07-10 10:25:40,2026-07-10 10:10,68986.35,67743.85,1.83,0,69184.55,68271.91,72831.73,39288.9
2026-07-10 10:30:30,2026-07-10 10:15,68957.48,67743.85,1.79,0,69184.55,68271.91,72831.73,39288.9
2026-07-10 10:35:29,2026-07-10 10:20,68934.91,67743.85,1.76,0,69184.55,68271.91,72831.73,39288.9
2026-07-10 10:40:29,2026-07-10 10:25,69026.31,67743.85,1.89,0,69184.55,68271.91,72831.73,39288.9
2026-07-10 10:45:32,2026-07-10 10:30,69118.67,67743.85,2.03,0,69184.55,68271.91,72831.73,39288.9
2026-07-10 10:50:41,2026-07-10 10:35,69191.57,67743.85,2.14,0,69308.81,68271.91,72831.73,39288.9
2026-07-10 10:55:44,2026-07-10 10:40,69223.42,67743.85,2.18,0,69308.81,68271.91,72831.73,39288.9
2026-07-10 11:00:31,2026-07-10 10:45,69234.7,67743.85,2.2,0,69308.81,68271.91,72831.73,39288.9
2026-07-10 11:05:36,2026-07-10 10:50,69306.0,67743.85,2.31,0,69374.86,68271.91,72831.73,39288.9
2026-07-10 11:10:39,2026-07-10 10:55,69295.78,67743.85,2.29,0,69374.86,68271.91,72831.73,39288.9
2026-07-10 11:15:35,2026-07-10 11:00,69175.19,67743.85,2.11,0,69374.86,68271.91,72831.73,39288.9
2026-07-10 11:20:37,2026-07-10 11:05,69131.42,67743.85,2.05,0,69374.86,68271.91,72831.73,39288.9
2026-07-10 11:25:41,2026-07-10 11:10,69072.57,67743.85,1.96,0,69374.86,68271.91,72831.73,39288.9
2026-07-10 11:30:42,2026-07-10 11:15,68963.2,67743.85,1.8,0,69374.86,68271.91,72831.73,39288.9
2026-07-10 12:30:31,2026-07-10 11:35,68943.76,67743.85,1.77,0,69374.86,68271.91,72831.73,39288.9
2026-07-10 12:35:32,2026-07-10 11:35,68943.76,67743.85,1.77,0,69374.86,68271.91,72831.73,39288.9
2026-07-10 12:40:39,2026-07-10 11:35,68943.76,67743.85,1.77,0,69374.86,68271.91,72831.73,39288.9
2026-07-10 12:45:36,2026-07-10 12:30,69065.8,67743.85,1.95,0,69374.86,68271.91,72831.73,39288.9
2026-07-10 12:50:49,2026-07-10 12:35,69017.64,67743.85,1.88,0,69374.86,68271.91,72831.73,39288.9
2026-07-10 12:55:29,2026-07-10 12:40,69065.29,67743.85,1.95,0,69374.86,68271.91,72831.73,39288.9
2026-07-10 13:00:54,2026-07-10 12:45,68935.69,67743.85,1.76,0,69374.86,68271.91,72831.73,39288.9
2026-07-10 13:05:33,2026-07-10 12:50,68953.39,67743.85,1.79,0,69374.86,68271.91,72831.73,39288.9
2026-07-10 13:10:34,2026-07-10 12:55,68934.19,67743.85,1.76,0,69374.86,68271.91,72831.73,39288.9
2026-07-10 13:15:35,2026-07-10 13:00,69038.9,67743.85,1.91,0,69374.86,68271.91,72831.73,39288.9
2026-07-10 13:20:35,2026-07-10 13:05,69013.9,67743.85,1.87,0,69374.86,68271.91,72831.73,39288.9
2026-07-10 13:25:32,2026-07-10 13:10,68968.08,67743.85,1.81,0,69374.86,68271.91,72831.73,39288.9
2026-07-10 13:30:33,2026-07-10 13:15,68941.8,67743.85,1.77,0,69374.86,68271.91,72831.73,39288.9
2026-07-10 13:35:43,2026-07-10 13:20,69057.1,67743.85,1.94,0,69374.86,68271.91,72831.73,39288.9
2026-07-10 13:40:38,2026-07-10 13:25,68957.69,67743.85,1.79,0,69374.86,68271.91,72831.73,39288.9
2026-07-10 13:45:32,2026-07-10 13:30,69012.75,67743.85,1.87,0,69374.86,68271.91,72831.73,39288.9
2026-07-10 13:50:34,2026-07-10 13:35,68937.1,67743.85,1.76,0,69374.86,68271.91,72831.73,39288.9
2026-07-10 13:55:35,2026-07-10 13:40,68941.57,67743.85,1.77,0,69374.86,68271.91,72831.73,39288.9
2026-07-10 14:00:46,2026-07-10 13:45,68958.12,67743.85,1.79,0,69374.86,68271.91,72831.73,39288.9
2026-07-10 14:05:38,2026-07-10 13:50,68891.91,67743.85,1.69,0,69374.86,68271.91,72831.73,39288.9
2026-07-10 14:10:39,2026-07-10 13:55,68832.27,67743.85,1.61,0,69374.86,68271.91,72831.73,39288.9
2026-07-10 14:15:29,2026-07-10 14:00,68778.06,67743.85,1.53,0,69374.86,68271.91,72831.73,39288.9
2026-07-10 14:20:35,2026-07-10 14:05,68696.6,67743.85,1.41,0,69374.86,68271.91,72831.73,39288.9
2026-07-10 14:25:32,2026-07-10 14:10,68670.37,67743.85,1.37,0,69374.86,68271.91,72831.73,39288.9
2026-07-10 14:30:36,2026-07-10 14:15,68777.59,67743.85,1.53,0,69374.86,68271.91,72831.73,39288.9
2026-07-10 14:35:32,2026-07-10 14:20,68761.69,67743.85,1.5,0,69374.86,68271.91,72831.73,39288.9
2026-07-10 14:40:35,2026-07-10 14:25,68738.44,67743.85,1.47,0,69374.86,68271.91,72831.73,39288.9
2026-07-10 14:45:48,2026-07-10 14:30,68784.68,67743.85,1.54,0,69374.86,68271.91,72831.73,39288.9
2026-07-10 14:50:36,2026-07-10 14:35,68865.97,67743.85,1.66,0,69374.86,68271.91,72831.73,39288.9
2026-07-10 14:55:33,2026-07-10 14:40,68749.42,67743.85,1.48,0,69374.86,68271.91,72831.73,39288.9
2026-07-10 15:00:36,2026-07-10 14:45,68816.02,67743.85,1.58,0,69374.86,68271.91,72831.73,39288.9
2026-07-10 15:05:36,2026-07-10 14:50,68811.86,67743.85,1.58,0,69374.86,68271.91,72831.73,39288.9
2026-07-10 15:10:40,2026-07-10 14:55,68737.84,67743.85,1.47,0,69374.86,68271.91,72831.73,39288.9
2026-07-10 15:15:31,2026-07-10 15:00,68687.32,67743.85,1.39,0,69374.86,68271.91,72831.73,39288.9
2026-07-10 15:20:40,2026-07-10 15:05,68683.39,67743.85,1.39,0,69374.86,68271.91,72831.73,39288.9
2026-07-10 15:25:34,2026-07-10 15:10,68625.35,67743.85,1.3,0,69374.86,68271.91,72831.73,39288.9
2026-07-10 15:30:56,2026-07-10 15:15,68609.89,67743.85,1.28,0,69374.86,68271.91,72831.73,39288.9
2026-07-10 15:40:36,2026-07-10 15:25,68469.36,67743.85,1.07,0,69374.86,68271.91,72831.73,39288.9
2026-07-13 09:00:31,2026-07-10 15:45,68557.73,67743.9,1.2,0,69374.86,68271.91,72831.73,39288.9
2026-07-13 09:05:34,2026-07-10 15:45,68557.73,67743.9,1.2,0,69374.86,68271.91,72831.73,39288.9
2026-07-13 09:10:37,2026-07-10 15:45,68557.73,67743.9,1.2,0,69374.86,68271.91,72831.73,39288.9
2026-07-13 09:15:32,2026-07-13 09:00,68332.34,68557.73,-0.33,0,68490.6,68332.34,72831.73,39288.9
2026-07-13 09:20:35,2026-07-13 09:05,68847.36,68557.73,0.42,0,68872.98,68266.91,72831.73,39288.9
2026-07-13 09:25:41,2026-07-13 09:10,68973.91,68557.73,0.61,0,68973.91,68266.91,72831.73,39288.9
2026-07-13 09:30:46,2026-07-13 09:15,68991.21,68557.73,0.63,0,69078.21,68266.91,72831.73,39288.9
2026-07-13 09:36:52,2026-07-13 09:21,68823.29,68557.73,0.39,0,69078.21,68266.91,72831.73,39288.9
2026-07-13 09:40:58,2026-07-13 09:25,68829.76,68557.73,0.4,0,69078.21,68266.91,72831.73,39288.9
2026-07-13 09:47:19,2026-07-13 09:32,68666.24,68557.73,0.16,0,69078.21,68266.91,72831.73,39288.9
2026-07-13 09:52:10,2026-07-13 09:37,68611.74,68557.73,0.08,0,69078.21,68266.91,72831.73,39288.9
2026-07-13 09:58:08,2026-07-13 09:43,68495.95,68557.73,-0.09,0,69078.21,68266.91,72831.73,39288.9
2026-07-13 10:03:54,2026-07-13 09:48,68394.23,68557.73,-0.24,0,69078.21,68266.91,72831.73,39288.9
2026-07-13 10:06:37,2026-07-13 09:51,68322.89,68557.73,-0.34,0,69078.21,68266.91,72831.73,39288.9
2026-07-13 10:12:20,2026-07-13 09:57,68054.56,68557.73,-0.73,0,69078.21,68051.78,72831.73,39288.9
2026-07-13 10:15:42,2026-07-13 10:00,67999.53,68557.73,-0.81,0,69078.21,67942.96,72831.73,39288.9
2026-07-13 10:20:35,2026-07-13 10:05,67979.33,68557.73,-0.84,0,69078.21,67937.36,72831.73,39288.9
2026-07-13 10:25:43,2026-07-13 10:10,67854.68,68557.73,-1.03,0,69078.21,67827.83,72831.73,39288.9
2026-07-13 10:30:36,2026-07-13 10:15,67925.92,68557.73,-0.92,0,69078.21,67827.83,72831.73,39288.9
2026-07-13 10:35:34,2026-07-13 10:20,67837.99,68557.73,-1.05,0,69078.21,67758.32,72831.73,39288.9
2026-07-13 10:40:35,2026-07-13 10:25,67774.46,68557.73,-1.14,0,69078.21,67708.34,72831.73,39288.9
2026-07-13 10:47:40,2026-07-13 10:32,67566.63,68557.73,-1.45,0,69078.21,67509.84,72831.73,39288.9
2026-07-13 10:50:44,2026-07-13 10:35,67584.56,68557.73,-1.42,0,69078.21,67509.84,72831.73,39288.9
2026-07-13 10:55:31,2026-07-13 10:40,67657.94,68557.73,-1.31,0,69078.21,67509.84,72831.73,39288.9
2026-07-13 11:00:29,2026-07-13 10:45,67471.44,68557.73,-1.58,0,69078.21,67463.78,72831.73,39288.9
2026-07-13 11:05:35,2026-07-13 10:50,67290.03,68557.73,-1.85,0,69078.21,67265.31,72831.73,39288.9
2026-07-13 11:10:34,2026-07-13 10:55,67356.73,68557.73,-1.75,0,69078.21,67243.02,72831.73,39288.9
2026-07-13 11:15:31,2026-07-13 11:00,67361.15,68557.73,-1.75,0,69078.21,67243.02,72831.73,39288.9
2026-07-13 11:20:31,2026-07-13 11:05,67307.12,68557.73,-1.82,0,69078.21,67243.02,72831.73,39288.9
2026-07-13 11:25:40,2026-07-13 11:10,67515.74,68557.73,-1.52,0,69078.21,67230.45,72831.73,39288.9
2026-07-13 11:30:32,2026-07-13 11:15,67460.39,68557.73,-1.6,0,69078.21,67230.45,72831.73,39288.9
2026-07-13 12:30:36,2026-07-13 11:35,67786.86,68557.73,-1.12,0,69078.21,67230.45,72831.73,39288.9
2026-07-13 12:35:30,2026-07-13 11:35,67786.86,68557.73,-1.12,0,69078.21,67230.45,72831.73,39288.9
2026-07-13 12:40:30,2026-07-13 11:35,67786.86,68557.73,-1.12,0,69078.21,67230.45,72831.73,39288.9
2026-07-13 12:45:30,2026-07-13 12:30,67445.66,68557.73,-1.62,0,69078.21,67230.45,72831.73,39288.9
2026-07-13 12:50:33,2026-07-13 12:35,67286.9,68557.73,-1.85,0,69078.21,67230.45,72831.73,39288.9
2026-07-13 12:56:13,2026-07-13 12:41,67365.97,68557.73,-1.74,0,69078.21,67230.45,72831.73,39288.9
2026-07-13 13:00:30,2026-07-13 12:45,67261.46,68557.73,-1.89,0,69078.21,67205.75,72831.73,39288.9
2026-07-13 13:05:36,2026-07-13 12:50,67301.14,68557.73,-1.83,0,69078.21,67205.75,72831.73,39288.9
2026-07-13 13:10:32,2026-07-13 12:55,67172.1,68557.73,-2.02,0,69078.21,67172.1,72831.73,39288.9
2026-07-13 13:15:32,2026-07-13 13:00,67054.1,68557.73,-2.19,0,69078.21,67047.61,72831.73,39288.9
2026-07-13 13:22:36,2026-07-13 13:07,67002.42,68557.73,-2.27,0,69078.21,66934.57,72831.73,39288.9
2026-07-13 13:25:32,2026-07-13 13:10,66997.35,68557.73,-2.28,0,69078.21,66934.57,72831.73,39288.9
2026-07-13 13:32:39,2026-07-13 13:17,66988.02,68557.73,-2.29,0,69078.21,66934.57,72831.73,39288.9
2026-07-13 13:35:41,2026-07-13 13:20,67088.42,68557.73,-2.14,0,69078.21,66934.57,72831.73,39288.9
2026-07-13 13:40:31,2026-07-13 13:25,67060.4,68557.73,-2.18,0,69078.21,66934.57,72831.73,39288.9
2026-07-13 13:45:40,2026-07-13 13:30,67078.22,68557.73,-2.16,0,69078.21,66934.57,72831.73,39288.9
2026-07-13 13:50:33,2026-07-13 13:35,67039.34,68557.73,-2.21,0,69078.21,66934.57,72831.73,39288.9
2026-07-13 13:55:42,2026-07-13 13:40,67001.01,68557.73,-2.27,0,69078.21,66934.57,72831.73,39288.9
2026-07-13 14:00:29,2026-07-13 13:45,66950.85,68557.73,-2.34,0,69078.21,66934.57,72831.73,39288.9
2026-07-13 14:05:29,2026-07-13 13:50,66884.54,68557.73,-2.44,0,69078.21,66884.54,72831.73,39288.9
2026-07-13 14:10:28,2026-07-13 13:55,66919.7,68557.73,-2.39,0,69078.21,66863.38,72831.73,39288.9
2026-07-13 14:15:43,2026-07-13 14:00,66887.24,68557.73,-2.44,0,69078.21,66863.38,72831.73,39288.9
2026-07-13 14:20:32,2026-07-13 14:05,67021.13,68557.73,-2.24,0,69078.21,66863.38,72831.73,39288.9
2026-07-13 14:25:40,2026-07-13 14:10,67171.04,68557.73,-2.02,0,69078.21,66863.38,72831.73,39288.9
2026-07-13 14:30:34,2026-07-13 14:15,67070.35,68557.73,-2.17,0,69078.21,66863.38,72831.73,39288.9
2026-07-13 14:35:34,2026-07-13 14:20,66898.09,68557.73,-2.42,0,69078.21,66863.38,72831.73,39288.9
2026-07-13 14:40:33,2026-07-13 14:25,66809.95,68557.73,-2.55,0,69078.21,66758.72,72831.73,39288.9
2026-07-13 14:45:33,2026-07-13 14:30,66660.79,68557.73,-2.77,0,69078.21,66660.79,72831.73,39288.9
2026-07-13 14:50:32,2026-07-13 14:35,67039.8,68557.73,-2.21,0,69078.21,66653.11,72831.73,39288.9
2026-07-13 14:55:29,2026-07-13 14:40,67216.9,68557.73,-1.96,0,69078.21,66653.11,72831.73,39288.9
2026-07-13 15:00:31,2026-07-13 14:45,67089.23,68557.73,-2.14,0,69078.21,66653.11,72831.73,39288.9
2026-07-13 15:05:43,2026-07-13 14:50,67201.9,68557.73,-1.98,0,69078.21,66653.11,72831.73,39288.9
2026-07-13 15:10:30,2026-07-13 14:55,67230.5,68557.73,-1.94,0,69078.21,66653.11,72831.73,39288.9
2026-07-13 15:15:38,2026-07-13 15:00,67317.97,68557.73,-1.81,0,69078.21,66653.11,72831.73,39288.9
2026-07-13 15:20:38,2026-07-13 15:05,67213.92,68557.73,-1.96,0,69078.21,66653.11,72831.73,39288.9
2026-07-13 15:25:36,2026-07-13 15:10,67206.67,68557.73,-1.97,0,69078.21,66653.11,72831.73,39288.9
2026-07-13 15:30:30,2026-07-13 15:15,67147.41,68557.73,-2.06,0,69078.21,66653.11,72831.73,39288.9
2026-07-13 15:40:29,2026-07-13 15:25,67132.87,68557.73,-2.08,0,69078.21,66653.11,72831.73,39288.9
2026-07-14 09:00:30,2026-07-13 15:45,67242.73,68557.73,-1.92,0,69078.21,66653.11,72831.73,39288.9
2026-07-14 09:05:33,2026-07-13 15:45,67242.73,68557.73,-1.92,0,69078.21,66653.11,72831.73,39288.9
2026-07-14 09:10:56,2026-07-13 15:45,67242.73,68557.73,-1.92,0,69078.21,66653.11,72831.73,39288.9
2026-07-14 09:15:30,2026-07-14 09:00,66916.11,67242.73,-0.49,0,67061.93,66916.11,72831.73,39288.9
2026-07-14 09:20:32,2026-07-14 09:05,66666.5,67242.73,-0.86,0,67081.86,66454.71,72831.73,39288.9
2026-07-14 09:25:36,2026-07-14 09:10,66804.38,67242.73,-0.65,0,67081.86,66268.6,72831.73,39288.9
2026-07-14 09:30:29,2026-07-14 09:15,67093.99,67242.73,-0.22,0,67156.01,66268.6,72831.73,39288.9
2026-07-14 09:35:32,2026-07-14 09:20,66515.87,67242.73,-1.08,0,67156.01,66268.6,72831.73,39288.9
2026-07-14 09:40:36,2026-07-14 09:25,66773.26,67242.73,-0.7,0,67156.01,66268.6,72831.73,39288.9
2026-07-14 09:45:37,2026-07-14 09:30,66754.71,67242.73,-0.73,0,67156.01,66268.6,72831.73,39288.9
2026-07-14 09:50:30,2026-07-14 09:35,66900.38,67242.73,-0.51,0,67156.01,66268.6,72831.73,39288.9
2026-07-14 09:55:34,2026-07-14 09:40,66893.76,67242.73,-0.52,0,67156.01,66268.6,72831.73,39288.9
2026-07-14 10:00:31,2026-07-14 09:45,66719.06,67242.73,-0.78,0,67156.01,66268.6,72831.73,39288.9
2026-07-14 10:05:31,2026-07-14 09:50,66977.26,67242.73,-0.39,0,67156.01,66268.6,72831.73,39288.9
2026-07-14 10:10:29,2026-07-14 09:55,67165.56,67242.73,-0.11,0,67165.56,66268.6,72831.73,39288.9
2026-07-14 10:15:40,2026-07-14 10:00,67346.41,67242.73,0.15,0,67391.74,66268.6,72831.73,39288.9
2026-07-14 10:20:30,2026-07-14 10:05,67443.01,67242.73,0.3,0,67458.1,66268.6,72831.73,39288.9
2026-07-14 10:25:31,2026-07-14 10:10,67297.71,67242.73,0.08,0,67458.1,66268.6,72831.73,39288.9
2026-07-14 10:30:37,2026-07-14 10:15,67160.08,67242.73,-0.12,0,67458.1,66268.6,72831.73,39288.9
2026-07-14 10:35:41,2026-07-14 10:20,67313.57,67242.73,0.11,0,67458.1,66268.6,72831.73,39288.9
2026-07-14 10:40:40,2026-07-14 10:25,67359.07,67242.73,0.17,0,67458.1,66268.6,72831.73,39288.9
2026-07-14 10:45:33,2026-07-14 10:30,67481.02,67242.73,0.35,0,67521.1,66268.6,72831.73,39288.9
2026-07-14 10:50:34,2026-07-14 10:35,67256.03,67242.73,0.02,0,67521.1,66268.6,72831.73,39288.9
2026-07-14 10:55:34,2026-07-14 10:40,67264.26,67242.73,0.03,0,67521.1,66268.6,72831.73,39288.9
2026-07-14 11:00:30,2026-07-14 10:45,67316.21,67242.73,0.11,0,67521.1,66268.6,72831.73,39288.9
2026-07-14 11:05:37,2026-07-14 10:50,67337.88,67242.73,0.14,0,67521.1,66268.6,72831.73,39288.9
2026-07-14 11:10:44,2026-07-14 10:55,67087.07,67242.73,-0.23,0,67521.1,66268.6,72831.73,39288.9
2026-07-14 11:15:37,2026-07-14 11:00,66966.86,67242.73,-0.41,0,67521.1,66268.6,72831.73,39288.9
2026-07-14 11:20:56,2026-07-14 11:05,67048.36,67242.73,-0.29,0,67521.1,66268.6,72831.73,39288.9
2026-07-14 11:25:29,2026-07-14 11:10,66929.03,67242.73,-0.47,0,67521.1,66268.6,72831.73,39288.9
2026-07-14 11:30:55,2026-07-14 11:15,66728.77,67242.73,-0.76,0,67521.1,66268.6,72831.73,39288.9
2026-07-14 12:30:42,2026-07-14 11:35,66678.36,67242.73,-0.84,0,67521.1,66268.6,72831.73,39288.9
2026-07-14 12:35:34,2026-07-14 11:35,66678.36,67242.73,-0.84,0,67521.1,66268.6,72831.73,39288.9
2026-07-14 12:40:30,2026-07-14 11:35,66678.36,67242.73,-0.84,0,67521.1,66268.6,72831.73,39288.9
2026-07-14 12:45:35,2026-07-14 12:30,66818.74,67242.73,-0.63,0,67521.1,66268.6,72831.73,39288.9
2026-07-14 12:50:31,2026-07-14 12:35,66842.29,67242.73,-0.6,0,67521.1,66268.6,72831.73,39288.9
2026-07-14 12:55:40,2026-07-14 12:40,66864.13,67242.73,-0.56,0,67521.1,66268.6,72831.73,39288.9
2026-07-14 13:00:52,2026-07-14 12:45,66783.96,67242.73,-0.68,0,67521.1,66268.6,72831.73,39288.9
2026-07-14 13:05:38,2026-07-14 12:50,66901.06,67242.73,-0.51,0,67521.1,66268.6,72831.73,39288.9
2026-07-14 13:10:38,2026-07-14 12:55,67055.14,67242.73,-0.28,0,67521.1,66268.6,72831.73,39288.9
2026-07-14 13:15:35,2026-07-14 13:00,67054.98,67242.73,-0.28,0,67521.1,66268.6,72831.73,39288.9
2026-07-14 13:20:37,2026-07-14 13:05,67064.53,67242.73,-0.27,0,67521.1,66268.6,72831.73,39288.9
2026-07-14 13:25:29,2026-07-14 13:10,66844.03,67242.73,-0.59,0,67521.1,66268.6,72831.73,39288.9
2026-07-14 13:30:35,2026-07-14 13:15,66775.88,67242.73,-0.69,0,67521.1,66268.6,72831.73,39288.9
2026-07-14 13:35:29,2026-07-14 13:20,66823.94,67242.73,-0.62,0,67521.1,66268.6,72831.73,39288.9
2026-07-14 13:40:49,2026-07-14 13:25,66879.24,67242.73,-0.54,0,67521.1,66268.6,72831.73,39288.9
2026-07-14 13:45:29,2026-07-14 13:30,66951.19,67242.73,-0.43,0,67521.1,66268.6,72831.73,39288.9
2026-07-14 13:50:34,2026-07-14 13:35,67100.2,67242.73,-0.21,0,67521.1,66268.6,72831.73,39288.9
2026-07-14 13:55:31,2026-07-14 13:40,67206.8,67242.73,-0.05,0,67521.1,66268.6,72831.73,39288.9
2026-07-14 14:00:35,2026-07-14 13:45,67214.84,67242.73,-0.04,0,67521.1,66268.6,72831.73,39288.9
2026-07-14 14:05:31,2026-07-14 13:50,67342.07,67242.73,0.15,0,67521.1,66268.6,72831.73,39288.9
2026-07-14 14:10:32,2026-07-14 13:55,67376.69,67242.73,0.2,0,67521.1,66268.6,72831.73,39288.9
2026-07-14 14:15:30,2026-07-14 14:00,67400.47,67242.73,0.23,0,67521.1,66268.6,72831.73,39288.9
2026-07-14 14:20:33,2026-07-14 14:05,67441.66,67242.73,0.3,0,67521.1,66268.6,72831.73,39288.9
2026-07-14 14:25:36,2026-07-14 14:10,67500.22,67242.73,0.38,0,67521.1,66268.6,72831.73,39288.9
2026-07-14 14:30:29,2026-07-14 14:15,67612.1,67242.73,0.55,0,67613.69,66268.6,72831.73,39288.9
2026-07-14 14:35:38,2026-07-14 14:20,67594.42,67242.73,0.52,0,67614.55,66268.6,72831.73,39288.9
2026-07-14 14:40:35,2026-07-14 14:25,67690.59,67242.73,0.67,0,67693.87,66268.6,72831.73,39288.9
2026-07-14 14:45:32,2026-07-14 14:30,67742.34,67242.73,0.74,0,67750.07,66268.6,72831.73,39288.9
2026-07-14 14:50:30,2026-07-14 14:35,67675.85,67242.73,0.64,0,67800.18,66268.6,72831.73,39288.9
2026-07-14 14:55:37,2026-07-14 14:40,67572.22,67242.73,0.49,0,67800.18,66268.6,72831.73,39288.9
2026-07-14 15:00:37,2026-07-14 14:45,67643.02,67242.73,0.6,0,67800.18,66268.6,72831.73,39288.9
2026-07-14 15:05:46,2026-07-14 14:50,67625.43,67242.73,0.57,0,67800.18,66268.6,72831.73,39288.9
2026-07-14 15:10:30,2026-07-14 14:55,67618.61,67242.73,0.56,0,67800.18,66268.6,72831.73,39288.9
2026-07-14 15:15:40,2026-07-14 15:00,67623.83,67242.73,0.57,0,67800.18,66268.6,72831.73,39288.9
2026-07-14 15:20:38,2026-07-14 15:05,67627.99,67242.73,0.57,0,67800.18,66268.6,72831.73,39288.9
2026-07-14 15:25:29,2026-07-14 15:10,67699.03,67242.73,0.68,0,67800.18,66268.6,72831.73,39288.9
2026-07-14 15:30:36,2026-07-14 15:15,67709.72,67242.73,0.69,0,67800.18,66268.6,72831.73,39288.9
2026-07-14 15:40:51,2026-07-14 15:25,67746.82,67242.73,0.75,0,67800.18,66268.6,72831.73,39288.9
2026-07-15 09:05:29,2026-07-14 15:45,67743.5,67242.73,0.74,0,67800.18,66268.6,72831.73,39370.43
2026-07-15 09:10:29,2026-07-14 15:45,67743.5,67242.73,0.74,0,67800.18,66268.6,72831.73,39370.43
2026-07-15 09:15:42,2026-07-15 09:00,68077.9,67743.5,0.49,0,68100.07,67989.74,72831.73,39370.43
2026-07-15 09:20:28,2026-07-15 09:05,68241.25,67743.5,0.73,0,68356.25,67989.74,72831.73,39370.43
2026-07-15 09:25:34,2026-07-15 09:10,68438.17,67743.5,1.03,0,68438.17,67989.74,72831.73,39370.43
2026-07-15 09:30:36,2026-07-15 09:15,68698.75,67743.5,1.41,0,68713.37,67989.74,72831.73,39370.43
2026-07-15 09:35:29,2026-07-15 09:20,68703.99,67743.5,1.42,0,68765.73,67989.74,72831.73,39370.43
2026-07-15 09:40:34,2026-07-15 09:25,68592.63,67743.5,1.25,0,68765.73,67989.74,72831.73,39370.43
2026-07-15 09:45:31,2026-07-15 09:30,68663.03,67743.5,1.36,0,68765.73,67989.74,72831.73,39370.43
2026-07-15 09:50:34,2026-07-15 09:35,68437.59,67743.5,1.02,0,68765.73,67989.74,72831.73,39370.43
2026-07-15 09:55:30,2026-07-15 09:40,68377.53,67743.5,0.94,0,68765.73,67989.74,72831.73,39370.43
2026-07-15 10:00:38,2026-07-15 09:45,68143.05,67743.5,0.59,0,68765.73,67989.74,72831.73,39370.43
2026-07-15 10:05:41,2026-07-15 09:50,68211.87,67743.5,0.69,0,68765.73,67989.74,72831.73,39370.43
2026-07-15 10:10:34,2026-07-15 09:55,68299.52,67743.5,0.82,0,68765.73,67989.74,72831.73,39370.43
2026-07-15 10:15:29,2026-07-15 10:00,68185.8,67743.5,0.65,0,68765.73,67989.74,72831.73,39370.43
2026-07-15 10:20:29,2026-07-15 10:05,68146.13,67743.5,0.59,0,68765.73,67989.74,72831.73,39370.43
2026-07-15 10:25:29,2026-07-15 10:10,68014.76,67743.5,0.4,0,68765.73,67976.62,72831.73,39370.43
2026-07-15 10:30:36,2026-07-15 10:15,68008.68,67743.5,0.39,0,68765.73,67888.22,72831.73,39370.43
2026-07-15 10:35:28,2026-07-15 10:20,67979.93,67743.5,0.35,0,68765.73,67887.54,72831.73,39370.43
2026-07-15 10:40:31,2026-07-15 10:25,67879.34,67743.5,0.2,0,68765.73,67875.81,72831.73,39370.43
2026-07-15 10:45:36,2026-07-15 10:30,67996.22,67743.5,0.37,0,68765.73,67875.81,72831.73,39370.43
2026-07-15 10:50:44,2026-07-15 10:35,67913.7,67743.5,0.25,0,68765.73,67833.17,72831.73,39370.43
2026-07-15 10:55:28,2026-07-15 10:40,67998.77,67743.5,0.38,0,68765.73,67833.17,72831.73,39370.43
2026-07-15 11:00:32,2026-07-15 10:45,67894.29,67743.5,0.22,0,68765.73,67833.17,72831.73,39370.43
2026-07-15 11:05:42,2026-07-15 10:50,68114.25,67743.5,0.55,0,68765.73,67833.17,72831.73,39370.43
2026-07-15 11:10:38,2026-07-15 10:55,68178.36,67743.5,0.64,0,68765.73,67833.17,72831.73,39370.43
2026-07-15 11:15:31,2026-07-15 11:00,68300.65,67743.5,0.82,0,68765.73,67833.17,72831.73,39370.43
2026-07-15 11:20:35,2026-07-15 11:05,68320.7,67743.5,0.85,0,68765.73,67833.17,72831.73,39370.43
2026-07-15 11:25:35,2026-07-15 11:10,68340.35,67743.5,0.88,0,68765.73,67833.17,72831.73,39370.43
2026-07-15 11:30:29,2026-07-15 11:15,68342.83,67743.5,0.88,0,68765.73,67833.17,72831.73,39370.43
2026-07-15 12:30:32,2026-07-15 11:35,68353.91,67743.5,0.9,0,68765.73,67833.17,72831.73,39370.43
2026-07-15 12:35:37,2026-07-15 11:35,68353.91,67743.5,0.9,0,68765.73,67833.17,72831.73,39370.43
2026-07-15 12:40:33,2026-07-15 11:35,68353.91,67743.5,0.9,0,68765.73,67833.17,72831.73,39370.43
2026-07-15 12:45:34,2026-07-15 12:30,68592.64,67743.5,1.25,0,68765.73,67833.17,72831.73,39370.43
2026-07-15 12:50:34,2026-07-15 12:35,68491.17,67743.5,1.1,0,68765.73,67833.17,72831.73,39370.43
2026-07-15 12:55:30,2026-07-15 12:40,68457.98,67743.5,1.05,0,68765.73,67833.17,72831.73,39370.43
2026-07-15 13:00:35,2026-07-15 12:45,68435.17,67743.5,1.02,0,68765.73,67833.17,72831.73,39370.43
2026-07-15 13:05:30,2026-07-15 12:50,68515.05,67743.5,1.14,0,68765.73,67833.17,72831.73,39370.43
2026-07-15 13:10:32,2026-07-15 12:55,68549.4,67743.5,1.19,0,68765.73,67833.17,72831.73,39370.43
2026-07-15 13:15:34,2026-07-15 13:00,68647.27,67743.5,1.33,0,68765.73,67833.17,72831.73,39370.43
2026-07-15 13:20:39,2026-07-15 13:05,68647.61,67743.5,1.33,0,68765.73,67833.17,72831.73,39370.43
2026-07-15 13:25:37,2026-07-15 13:10,68548.63,67743.5,1.19,0,68765.73,67833.17,72831.73,39370.43
2026-07-15 13:30:28,2026-07-15 13:15,68548.58,67743.5,1.19,0,68765.73,67833.17,72831.73,39370.43
2026-07-15 13:35:33,2026-07-15 13:20,68559.94,67743.5,1.21,0,68765.73,67833.17,72831.73,39370.43
2026-07-15 13:40:40,2026-07-15 13:25,68591.95,67743.5,1.25,0,68765.73,67833.17,72831.73,39370.43
2026-07-15 13:45:31,2026-07-15 13:30,68490.04,67743.5,1.1,0,68765.73,67833.17,72831.73,39370.43
2026-07-15 13:50:32,2026-07-15 13:35,68504.46,67743.5,1.12,0,68765.73,67833.17,72831.73,39370.43
2026-07-15 13:55:35,2026-07-15 13:40,68593.55,67743.5,1.25,0,68765.73,67833.17,72831.73,39370.43
2026-07-15 14:00:34,2026-07-15 13:45,68564.31,67743.5,1.21,0,68765.73,67833.17,72831.73,39370.43
2026-07-15 14:05:39,2026-07-15 13:50,68577.16,67743.5,1.23,0,68765.73,67833.17,72831.73,39370.43
2026-07-15 14:10:33,2026-07-15 13:55,68564.51,67743.5,1.21,0,68765.73,67833.17,72831.73,39370.43
2026-07-15 14:15:29,2026-07-15 14:00,68781.95,67743.5,1.53,0,68786.71,67833.17,72831.73,39370.43
2026-07-15 14:20:37,2026-07-15 14:05,68475.35,67743.5,1.08,0,68798.24,67833.17,72831.73,39370.43
2026-07-15 14:25:33,2026-07-15 14:10,68631.44,67743.5,1.31,0,68798.24,67833.17,72831.73,39370.43
2026-07-15 14:30:29,2026-07-15 14:15,68469.26,67743.5,1.07,0,68798.24,67833.17,72831.73,39370.43
2026-07-15 14:35:30,2026-07-15 14:20,68527.0,67743.5,1.16,0,68798.24,67833.17,72831.73,39370.43
2026-07-15 14:40:39,2026-07-15 14:25,68505.16,67743.5,1.12,0,68798.24,67833.17,72831.73,39370.43
2026-07-15 14:45:51,2026-07-15 14:30,68453.54,67743.5,1.05,0,68798.24,67833.17,72831.73,39370.43
2026-07-15 14:50:30,2026-07-15 14:35,68490.15,67743.5,1.1,0,68798.24,67833.17,72831.73,39370.43
2026-07-15 14:55:30,2026-07-15 14:40,68513.1,67743.5,1.14,0,68798.24,67833.17,72831.73,39370.43
2026-07-15 15:00:40,2026-07-15 14:45,68551.65,67743.5,1.19,0,68798.24,67833.17,72831.73,39370.43
2026-07-15 15:05:32,2026-07-15 14:50,68596.39,67743.5,1.26,0,68798.24,67833.17,72831.73,39370.43
2026-07-15 15:10:29,2026-07-15 14:55,68669.17,67743.5,1.37,0,68798.24,67833.17,72831.73,39370.43
2026-07-15 15:15:31,2026-07-15 15:00,68713.68,67743.5,1.43,0,68798.24,67833.17,72831.73,39370.43
2026-07-15 15:20:38,2026-07-15 15:05,68741.57,67743.5,1.47,0,68798.24,67833.17,72831.73,39370.43
2026-07-15 15:25:30,2026-07-15 15:10,68727.66,67743.5,1.45,0,68798.24,67833.17,72831.73,39370.43
2026-07-15 15:30:36,2026-07-15 15:15,68652.05,67743.5,1.34,0,68798.24,67833.17,72831.73,39370.43
2026-07-15 15:41:14,2026-07-15 15:26,68655.39,67743.5,1.35,0,68798.24,67833.17,72831.73,39370.43
2026-07-16 09:05:30,2026-07-15 15:45,68751.51,67743.5,1.49,0,68798.24,67833.17,72831.73,39370.43
2026-07-16 09:10:32,2026-07-15 15:45,68751.51,67743.5,1.49,0,68798.24,67833.17,72831.73,39370.43
2026-07-16 09:15:37,2026-07-16 09:00,67943.49,68751.51,-1.18,0,67952.65,67896.79,72831.73,39370.43
2026-07-16 09:20:34,2026-07-16 09:05,67635.37,68751.51,-1.62,0,68069.82,67515.24,72831.73,39370.43
2026-07-16 09:25:31,2026-07-16 09:10,67388.59,68751.51,-1.98,0,68069.82,67296.66,72831.73,39370.43
2026-07-16 09:30:30,2026-07-16 09:15,67407.93,68751.51,-1.95,0,68069.82,67192.27,72831.73,39370.43
2026-07-16 09:35:28,2026-07-16 09:20,66973.23,68751.51,-2.59,0,68069.82,66956.44,72831.73,39370.43
2026-07-16 09:40:29,2026-07-16 09:25,67000.23,68751.51,-2.55,0,68069.82,66956.44,72831.73,39370.43
2026-07-16 09:45:33,2026-07-16 09:30,66911.17,68751.51,-2.68,0,68069.82,66872.99,72831.73,39370.43
2026-07-16 09:50:39,2026-07-16 09:35,66948.16,68751.51,-2.62,0,68069.82,66815.24,72831.73,39370.43
2026-07-16 09:55:31,2026-07-16 09:40,66753.55,68751.51,-2.91,0,68069.82,66753.55,72831.73,39370.43
2026-07-16 10:00:30,2026-07-16 09:45,66588.74,68751.51,-3.15,0,68069.82,66563.81,72831.73,39370.43
2026-07-16 10:05:40,2026-07-16 09:50,66716.38,68751.51,-2.96,0,68069.82,66538.32,72831.73,39370.43
2026-07-16 10:10:39,2026-07-16 09:55,66799.1,68751.51,-2.84,0,68069.82,66538.32,72831.73,39370.43
2026-07-16 10:15:35,2026-07-16 10:00,66660.11,68751.51,-3.04,0,68069.82,66538.32,72831.73,39370.43
2026-07-16 10:20:30,2026-07-16 10:05,66659.3,68751.51,-3.04,0,68069.82,66538.32,72831.73,39370.43
2026-07-16 10:25:42,2026-07-16 10:10,66712.61,68751.51,-2.97,0,68069.82,66538.32,72831.73,39370.43
2026-07-16 10:30:33,2026-07-16 10:15,66612.48,68751.51,-3.11,0,68069.82,66524.02,72831.73,39370.43
2026-07-16 10:35:31,2026-07-16 10:20,66562.15,68751.51,-3.18,0,68069.82,66524.02,72831.73,39370.43
2026-07-16 10:40:32,2026-07-16 10:25,66648.14,68751.51,-3.06,0,68069.82,66524.02,72831.73,39370.43
2026-07-16 10:45:30,2026-07-16 10:30,66616.3,68751.51,-3.11,0,68069.82,66524.02,72831.73,39370.43
2026-07-16 10:50:31,2026-07-16 10:35,66629.33,68751.51,-3.09,0,68069.82,66521.32,72831.73,39370.43
2026-07-16 10:55:35,2026-07-16 10:40,66713.05,68751.51,-2.96,0,68069.82,66521.32,72831.73,39370.43
2026-07-16 11:00:32,2026-07-16 10:45,66640.82,68751.51,-3.07,0,68069.82,66521.32,72831.73,39370.43
2026-07-16 11:05:34,2026-07-16 10:50,66893.19,68751.51,-2.7,0,68069.82,66521.32,72831.73,39370.43
2026-07-16 11:10:31,2026-07-16 10:55,66925.24,68751.51,-2.66,0,68069.82,66521.32,72831.73,39370.43
2026-07-16 11:15:33,2026-07-16 11:00,66694.68,68751.51,-2.99,0,68069.82,66521.32,72831.73,39370.43
2026-07-16 11:20:54,2026-07-16 11:05,66528.97,68751.51,-3.23,0,68069.82,66521.32,72831.73,39370.43
2026-07-16 11:25:32,2026-07-16 11:10,66567.55,68751.51,-3.18,0,68069.82,66499.49,72831.73,39370.43
2026-07-16 11:30:34,2026-07-16 11:15,66598.01,68751.51,-3.13,0,68069.82,66499.49,72831.73,39370.43
2026-07-16 12:30:36,2026-07-16 11:35,66796.79,68751.51,-2.84,0,68069.82,66499.49,72831.73,39370.43
2026-07-16 12:35:32,2026-07-16 11:35,66796.79,68751.51,-2.84,0,68069.82,66499.49,72831.73,39370.43
2026-07-16 12:40:28,2026-07-16 11:35,66796.79,68751.51,-2.84,0,68069.82,66499.49,72831.73,39370.43
2026-07-16 12:45:42,2026-07-16 12:30,66874.98,68751.51,-2.73,0,68069.82,66499.49,72831.73,39370.43
2026-07-16 12:50:33,2026-07-16 12:35,67032.76,68751.51,-2.5,0,68069.82,66499.49,72831.73,39370.43
2026-07-16 12:55:40,2026-07-16 12:40,67035.11,68751.51,-2.5,0,68069.82,66499.49,72831.73,39370.43
2026-07-16 13:00:37,2026-07-16 12:45,67047.86,68751.51,-2.48,0,68069.82,66499.49,72831.73,39370.43
2026-07-16 13:05:35,2026-07-16 12:50,67002.92,68751.51,-2.54,0,68069.82,66499.49,72831.73,39370.43
2026-07-16 13:10:40,2026-07-16 12:55,67137.26,68751.51,-2.35,0,68069.82,66499.49,72831.73,39370.43
2026-07-16 13:15:31,2026-07-16 13:00,67177.56,68751.51,-2.29,0,68069.82,66499.49,72831.73,39370.43
2026-07-16 13:20:39,2026-07-16 13:05,67056.2,68751.51,-2.47,0,68069.82,66499.49,72831.73,39370.43
2026-07-16 13:25:37,2026-07-16 13:10,67073.75,68751.51,-2.44,0,68069.82,66499.49,72831.73,39370.43
2026-07-16 13:30:43,2026-07-16 13:15,67143.85,68751.51,-2.34,0,68069.82,66499.49,72831.73,39370.43
2026-07-16 13:35:30,2026-07-16 13:20,67076.52,68751.51,-2.44,0,68069.82,66499.49,72831.73,39370.43
2026-07-16 13:40:33,2026-07-16 13:25,67008.42,68751.51,-2.54,0,68069.82,66499.49,72831.73,39370.43
2026-07-16 13:45:28,2026-07-16 13:30,66932.52,68751.51,-2.65,0,68069.82,66499.49,72831.73,39370.43
2026-07-16 13:50:31,2026-07-16 13:35,66902.09,68751.51,-2.69,0,68069.82,66499.49,72831.73,39370.43
2026-07-16 13:55:40,2026-07-16 13:40,66749.82,68751.51,-2.91,0,68069.82,66499.49,72831.73,39370.43
2026-07-16 14:00:45,2026-07-16 13:45,66733.45,68751.51,-2.94,0,68069.82,66499.49,72831.73,39370.43
2026-07-16 14:05:32,2026-07-16 13:50,66768.46,68751.51,-2.88,0,68069.82,66499.49,72831.73,39370.43
2026-07-16 14:10:34,2026-07-16 13:55,66792.12,68751.51,-2.85,0,68069.82,66499.49,72831.73,39370.43
2026-07-16 14:15:34,2026-07-16 14:00,66803.77,68751.51,-2.83,0,68069.82,66499.49,72831.73,39370.43
2026-07-16 14:20:31,2026-07-16 14:05,66763.24,68751.51,-2.89,0,68069.82,66499.49,72831.73,39370.43
2026-07-16 14:25:45,2026-07-16 14:10,66716.42,68751.51,-2.96,0,68069.82,66499.49,72831.73,39370.43
2026-07-16 14:30:28,2026-07-16 14:15,66904.25,68751.51,-2.69,0,68069.82,66499.49,72831.73,39370.43
2026-07-16 14:35:35,2026-07-16 14:20,66915.59,68751.51,-2.67,0,68069.82,66499.49,72831.73,39370.43
2026-07-16 14:40:29,2026-07-16 14:25,66959.08,68751.51,-2.61,0,68069.82,66499.49,72831.73,39370.43
2026-07-16 14:45:41,2026-07-16 14:30,67022.79,68751.51,-2.51,0,68069.82,66499.49,72831.73,39370.43
2026-07-16 14:50:32,2026-07-16 14:35,66631.56,68751.51,-3.08,0,68069.82,66499.49,72831.73,39370.43
2026-07-16 14:55:31,2026-07-16 14:40,66634.27,68751.51,-3.08,0,68069.82,66499.49,72831.73,39370.43
2026-07-16 15:00:36,2026-07-16 14:45,66733.21,68751.51,-2.94,0,68069.82,66499.49,72831.73,39370.43
2026-07-16 15:05:27,2026-07-16 14:50,66684.06,68751.51,-3.01,0,68069.82,66499.49,72831.73,39370.43
2026-07-16 15:10:31,2026-07-16 14:55,66697.52,68751.51,-2.99,0,68069.82,66499.49,72831.73,39370.43
2026-07-16 15:15:51,2026-07-16 15:00,66748.16,68751.51,-2.91,0,68069.82,66499.49,72831.73,39370.43
2026-07-16 15:20:40,2026-07-16 15:05,66644.01,68751.51,-3.07,0,68069.82,66499.49,72831.73,39370.43
2026-07-16 15:25:34,2026-07-16 15:10,66843.12,68751.51,-2.78,0,68069.82,66499.49,72831.73,39370.43
2026-07-16 15:30:30,2026-07-16 15:15,66848.94,68751.51,-2.77,0,68069.82,66499.49,72831.73,39370.43
2026-07-16 15:40:32,2026-07-16 15:25,66909.91,68751.51,-2.68,0,68069.82,66499.49,72831.73,39370.43
2026-07-17 09:05:44,2026-07-16 15:45,66835.54,66835.54,0.0,0,68069.82,66499.49,72831.73,39370.43
2026-07-17 09:10:55,2026-07-16 15:45,66835.54,66835.54,0.0,0,68069.82,66499.49,72831.73,39370.43
2026-07-17 09:15:31,2026-07-17 09:00,66312.91,66835.54,-0.78,0,66339.85,66299.49,72831.73,39370.43
2026-07-17 09:20:35,2026-07-17 09:05,65926.12,66835.54,-1.36,0,66441.77,65903.47,72831.73,39370.43
2026-07-17 09:25:30,2026-07-17 09:10,65118.77,66835.54,-2.57,0,66441.77,65115.88,72831.73,39370.43
2026-07-17 09:30:32,2026-07-17 09:15,64778.41,66835.54,-3.08,0,66441.77,64740.37,72831.73,39370.43
2026-07-17 09:35:40,2026-07-17 09:20,65030.06,66835.54,-2.7,0,66441.77,64740.37,72831.73,39370.43
2026-07-17 09:40:29,2026-07-17 09:25,64710.85,66835.54,-3.18,0,66441.77,64689.36,72831.73,39370.43
2026-07-17 09:45:33,2026-07-17 09:30,64458.5,66835.54,-3.56,0,66441.77,64440.02,72831.73,39370.43
2026-07-17 09:50:38,2026-07-17 09:35,64428.84,66835.54,-3.6,0,66441.77,64409.7,72831.73,39370.43
2026-07-17 09:55:36,2026-07-17 09:40,64333.99,66835.54,-3.74,0,66441.77,64333.99,72831.73,39370.43
2026-07-17 10:00:38,2026-07-17 09:45,64219.8,66835.54,-3.91,0,66441.77,64104.78,72831.73,39370.43
2026-07-17 10:05:28,2026-07-17 09:50,64460.79,66835.54,-3.55,0,66441.77,64104.78,72831.73,39370.43
2026-07-17 10:10:40,2026-07-17 09:55,64864.7,66835.54,-2.95,0,66441.77,64104.78,72831.73,39370.43
2026-07-17 10:15:31,2026-07-17 10:00,64729.36,66835.54,-3.15,0,66441.77,64104.78,72831.73,39370.43
2026-07-17 10:20:38,2026-07-17 10:05,64672.35,66835.54,-3.24,0,66441.77,64104.78,72831.73,39370.43
2026-07-17 10:25:46,2026-07-17 10:10,64850.44,66835.54,-2.97,0,66441.77,64104.78,72831.73,39370.43
2026-07-17 10:30:31,2026-07-17 10:15,65027.55,66835.54,-2.71,0,66441.77,64104.78,72831.73,39370.43
2026-07-17 10:35:33,2026-07-17 10:20,64809.91,66835.54,-3.03,0,66441.77,64104.78,72831.73,39370.43
2026-07-17 10:40:46,2026-07-17 10:25,64607.86,66835.54,-3.33,0,66441.77,64104.78,72831.73,39370.43
2026-07-17 10:45:45,2026-07-17 10:30,64409.94,66835.54,-3.63,0,66441.77,64104.78,72831.73,39370.43
2026-07-17 10:50:42,2026-07-17 10:35,64283.62,66835.54,-3.82,0,66441.77,64104.78,72831.73,39370.43
2026-07-17 10:55:34,2026-07-17 10:40,64296.97,66835.54,-3.8,0,66441.77,64104.78,72831.73,39370.43
2026-07-17 11:00:40,2026-07-17 10:45,64211.59,66835.54,-3.93,0,66441.77,64104.78,72831.73,39370.43
2026-07-17 11:05:41,2026-07-17 10:50,64167.79,66835.54,-3.99,0,66441.77,64104.78,72831.73,39370.43
2026-07-17 11:10:40,2026-07-17 10:55,64159.99,66835.54,-4.0,0,66441.77,64104.78,72831.73,39370.43
2026-07-17 11:15:30,2026-07-17 11:00,64194.19,66835.54,-3.95,0,66441.77,64104.78,72831.73,39370.43
2026-07-17 11:20:33,2026-07-17 11:05,64171.73,66835.54,-3.99,0,66441.77,64104.78,72831.73,39370.43
2026-07-17 11:25:38,2026-07-17 11:10,64018.72,66835.54,-4.21,0,66441.77,64018.72,72831.73,39370.43
2026-07-17 11:30:29,2026-07-17 11:15,64054.47,66835.54,-4.16,0,66441.77,64008.14,72831.73,39370.43
2026-07-17 12:30:36,2026-07-17 11:35,63896.48,66835.54,-4.4,0,66441.77,63896.48,72831.73,39370.43
2026-07-17 12:35:29,2026-07-17 11:35,63896.48,66835.54,-4.4,0,66441.77,63896.48,72831.73,39370.43
2026-07-17 12:40:34,2026-07-17 11:35,63896.48,66835.54,-4.4,0,66441.77,63896.48,72831.73,39370.43
2026-07-17 12:45:39,2026-07-17 12:30,64184.02,66835.54,-3.97,0,66441.77,63896.48,72831.73,39370.43
2026-07-17 12:50:48,2026-07-17 12:35,64047.55,66835.54,-4.17,0,66441.77,63896.48,72831.73,39370.43
2026-07-17 12:55:30,2026-07-17 12:40,63983.4,66835.54,-4.27,0,66441.77,63896.48,72831.73,39370.43
2026-07-17 13:00:34,2026-07-17 12:45,63989.44,66835.54,-4.26,0,66441.77,63896.48,72831.73,39370.43
2026-07-17 13:05:34,2026-07-17 12:50,63876.33,66835.54,-4.43,0,66441.77,63873.01,72831.73,39370.43
2026-07-17 13:10:45,2026-07-17 12:55,63786.99,66835.54,-4.56,0,66441.77,63777.71,72831.73,39370.43
2026-07-17 13:15:35,2026-07-17 13:00,63662.94,66835.54,-4.75,0,66441.77,63659.07,72831.73,39370.43
2026-07-17 13:20:29,2026-07-17 13:05,63570.85,66835.54,-4.88,0,66441.77,63566.24,72831.73,39370.43
2026-07-17 13:25:29,2026-07-17 13:10,63549.34,66835.54,-4.92,0,66441.77,63546.18,72831.73,39370.43
2026-07-17 13:30:31,2026-07-17 13:15,63546.67,66835.54,-4.92,0,66441.77,63504.93,72831.73,39370.43
2026-07-17 13:35:31,2026-07-17 13:20,63452.42,66835.54,-5.06,0,66441.77,63397.54,72831.73,39370.43
2026-07-17 13:40:39,2026-07-17 13:25,63198.94,66835.54,-5.44,0,66441.77,63198.94,72831.73,39370.43
2026-07-17 13:45:29,2026-07-17 13:30,63108.28,66835.54,-5.58,0,66441.77,63042.96,72831.73,39370.43
2026-07-17 13:50:28,2026-07-17 13:35,62944.32,66835.54,-5.82,0,66441.77,62944.32,72831.73,39370.43
2026-07-17 13:55:31,2026-07-17 13:40,62784.05,66835.54,-6.06,0,66441.77,62784.05,72831.73,39370.43
2026-07-17 14:00:39,2026-07-17 13:45,63064.56,66835.54,-5.64,0,66441.77,62704.6,72831.73,39370.43
2026-07-17 14:05:33,2026-07-17 13:50,63353.84,66835.54,-5.21,0,66441.77,62704.6,72831.73,39370.43
2026-07-17 14:10:30,2026-07-17 13:55,63332.14,66835.54,-5.24,0,66441.77,62704.6,72831.73,39370.43
2026-07-17 14:15:32,2026-07-17 14:00,63237.4,66835.54,-5.38,0,66441.77,62704.6,72831.73,39370.43
2026-07-17 14:20:36,2026-07-17 14:05,63208.54,66835.54,-5.43,0,66441.77,62704.6,72831.73,39370.43
2026-07-17 14:25:45,2026-07-17 14:10,63314.73,66835.54,-5.27,0,66441.77,62704.6,72831.73,39370.43
2026-07-17 14:30:31,2026-07-17 14:15,63408.55,66835.54,-5.13,0,66441.77,62704.6,72831.73,39370.43
2026-07-17 14:35:49,2026-07-17 14:20,63418.38,66835.54,-5.11,0,66441.77,62704.6,72831.73,39370.43
2026-07-17 14:40:29,2026-07-17 14:25,63326.08,66835.54,-5.25,0,66441.77,62704.6,72831.73,39370.43
2026-07-17 14:45:34,2026-07-17 14:30,63394.88,66835.54,-5.15,0,66441.77,62704.6,72831.73,39370.43
2026-07-17 14:50:27,2026-07-17 14:35,63365.06,66835.54,-5.19,0,66441.77,62704.6,72831.73,39370.43
2026-07-17 14:55:37,2026-07-17 14:40,63191.64,66835.54,-5.45,0,66441.77,62704.6,72831.73,39370.43
2026-07-17 15:00:28,2026-07-17 14:45,63296.95,66835.54,-5.29,0,66441.77,62704.6,72831.73,39370.43
2026-07-17 15:05:54,2026-07-17 14:50,63563.58,66835.54,-4.9,0,66441.77,62704.6,72831.73,39370.43
2026-07-17 15:10:30,2026-07-17 14:55,63627.07,66835.54,-4.8,0,66441.77,62704.6,72831.73,39370.43
2026-07-17 15:15:34,2026-07-17 15:00,63717.12,66835.54,-4.67,0,66441.77,62704.6,72831.73,39370.43
2026-07-17 15:20:35,2026-07-17 15:05,63884.46,66835.54,-4.42,0,66441.77,62704.6,72831.73,39370.43
2026-07-17 15:25:45,2026-07-17 15:10,63918.02,66835.54,-4.37,0,66441.77,62704.6,72831.73,39370.43
2026-07-17 15:30:33,2026-07-17 15:15,63989.5,66835.54,-4.26,0,66441.77,62704.6,72831.73,39370.43
2026-07-17 15:40:40,2026-07-17 15:25,64113.21,66835.54,-4.07,0,66441.77,62704.6,72831.73,39370.43
2026-07-21 09:05:29,2026-07-17 15:45,64141.12,66835.5,-4.03,0,66441.77,62704.6,72831.73,39586.53
2026-07-21 09:10:31,2026-07-17 15:45,64141.12,66835.5,-4.03,0,66441.77,62704.6,72831.73,39586.53
2026-07-21 09:15:28,2026-07-21 09:00,64532.15,64141.12,0.61,0,64544.05,64510.24,72831.73,39586.53
2026-07-21 09:20:38,2026-07-21 09:05,64727.19,64141.12,0.91,0,64727.19,64203.47,72831.73,39586.53
2026-07-21 09:25:43,2026-07-21 09:10,64366.7,64141.12,0.35,0,64727.19,64203.47,72831.73,39586.53
2026-07-21 09:30:39,2026-07-21 09:15,64558.36,64141.12,0.65,0,64807.14,64203.47,72831.73,39586.53
2026-07-21 09:35:41,2026-07-21 09:20,64907.18,64141.12,1.19,0,64948.5,64203.47,72831.73,39586.53
2026-07-21 09:40:34,2026-07-21 09:25,64866.73,64141.12,1.13,0,64948.5,64203.47,72831.73,39586.53
2026-07-21 09:45:33,2026-07-21 09:30,65004.6,64141.12,1.35,0,65055.52,64203.47,72831.73,39586.53
2026-07-21 09:50:30,2026-07-21 09:35,65050.04,64141.12,1.42,0,65138.97,64203.47,72831.73,39586.53
2026-07-21 09:55:33,2026-07-21 09:40,64996.68,64141.12,1.33,0,65138.97,64203.47,72831.73,39586.53
2026-07-21 10:00:29,2026-07-21 09:45,64842.98,64141.12,1.09,0,65138.97,64203.47,72831.73,39586.53
2026-07-21 10:05:49,2026-07-21 09:50,64858.02,64141.12,1.12,0,65138.97,64203.47,72831.73,39586.53
2026-07-21 10:10:29,2026-07-21 09:55,64904.8,64141.12,1.19,0,65138.97,64203.47,72831.73,39586.53
2026-07-21 10:15:31,2026-07-21 10:00,64822.56,64141.12,1.06,0,65138.97,64203.47,72831.73,39586.53
2026-07-21 10:20:33,2026-07-21 10:05,64773.49,64141.12,0.99,0,65138.97,64203.47,72831.73,39586.53
2026-07-21 10:25:29,2026-07-21 10:10,65005.98,64141.12,1.35,0,65138.97,64203.47,72831.73,39586.53
2026-07-21 10:30:32,2026-07-21 10:15,65287.12,64141.12,1.79,0,65287.12,64203.47,72831.73,39586.53
2026-07-21 10:35:31,2026-07-21 10:20,65255.63,64141.12,1.74,0,65386.06,64203.47,72831.73,39586.53
2026-07-21 10:40:28,2026-07-21 10:25,65342.33,64141.12,1.87,0,65386.06,64203.47,72831.73,39586.53
2026-07-21 10:45:38,2026-07-21 10:30,65507.61,64141.12,2.13,0,65513.34,64203.47,72831.73,39586.53
2026-07-21 10:50:46,2026-07-21 10:35,65571.29,64141.12,2.23,0,65589.23,64203.47,72831.73,39586.53
2026-07-21 10:55:43,2026-07-21 10:40,65413.5,64141.12,1.98,0,65642.59,64203.47,72831.73,39586.53
2026-07-21 11:00:29,2026-07-21 10:45,65250.67,64141.12,1.73,0,65642.59,64203.47,72831.73,39586.53
2026-07-21 11:05:35,2026-07-21 10:50,65276.32,64141.12,1.77,0,65642.59,64203.47,72831.73,39586.53
2026-07-21 11:10:35,2026-07-21 10:55,65290.73,64141.12,1.79,0,65642.59,64203.47,72831.73,39586.53
2026-07-21 11:15:29,2026-07-21 11:00,65253.87,64141.12,1.73,0,65642.59,64203.47,72831.73,39586.53
2026-07-21 11:20:30,2026-07-21 11:05,65346.63,64141.12,1.88,0,65642.59,64203.47,72831.73,39586.53
2026-07-21 11:25:33,2026-07-21 11:10,65154.6,64141.12,1.58,0,65642.59,64203.47,72831.73,39586.53
2026-07-21 11:30:37,2026-07-21 11:15,65128.51,64141.12,1.54,0,65642.59,64203.47,72831.73,39586.53
2026-07-21 12:30:33,2026-07-21 11:35,65255.68,64141.12,1.74,0,65642.59,64203.47,72831.73,39586.53
2026-07-21 12:35:29,2026-07-21 11:35,65255.68,64141.12,1.74,0,65642.59,64203.47,72831.73,39586.53
2026-07-21 12:40:28,2026-07-21 11:35,65255.68,64141.12,1.74,0,65642.59,64203.47,72831.73,39586.53
2026-07-21 12:45:52,2026-07-21 12:30,65528.04,64141.12,2.16,0,65642.59,64203.47,72831.73,39586.53
2026-07-21 12:50:32,2026-07-21 12:35,65694.55,64141.12,2.42,0,65707.88,64203.47,72831.73,39586.53
2026-07-21 12:55:32,2026-07-21 12:40,65747.23,64141.12,2.5,0,65767.78,64203.47,72831.73,39586.53
2026-07-21 13:00:30,2026-07-21 12:45,65841.54,64141.12,2.65,0,65841.54,64203.47,72831.73,39586.53
2026-07-21 13:05:31,2026-07-21 12:50,65918.71,64141.12,2.77,0,65936.28,64203.47,72831.73,39586.53
2026-07-21 13:10:35,2026-07-21 12:55,65860.4,64141.12,2.68,0,65936.28,64203.47,72831.73,39586.53
2026-07-21 13:15:38,2026-07-21 13:00,66030.17,64141.12,2.95,0,66031.92,64203.47,72831.73,39586.53
2026-07-21 13:20:47,2026-07-21 13:05,65895.99,64141.12,2.74,0,66031.92,64203.47,72831.73,39586.53
2026-07-21 13:25:30,2026-07-21 13:10,65891.54,64141.12,2.73,0,66031.92,64203.47,72831.73,39586.53
2026-07-21 13:30:41,2026-07-21 13:15,65866.64,64141.12,2.69,0,66031.92,64203.47,72831.73,39586.53
2026-07-21 13:35:33,2026-07-21 13:20,65767.21,64141.12,2.54,0,66031.92,64203.47,72831.73,39586.53
2026-07-21 13:40:40,2026-07-21 13:25,65783.53,64141.12,2.56,0,66031.92,64203.47,72831.73,39586.53
2026-07-21 13:45:37,2026-07-21 13:30,65843.22,64141.12,2.65,0,66031.92,64203.47,72831.73,39586.53
2026-07-21 13:50:30,2026-07-21 13:35,65902.66,64141.12,2.75,0,66031.92,64203.47,72831.73,39586.53
2026-07-21 13:55:34,2026-07-21 13:40,65941.38,64141.12,2.81,0,66031.92,64203.47,72831.73,39586.53
2026-07-21 14:00:46,2026-07-21 13:45,65936.77,64141.12,2.8,0,66031.92,64203.47,72831.73,39586.53
2026-07-21 14:05:36,2026-07-21 13:50,65968.37,64141.12,2.85,0,66031.92,64203.47,72831.73,39586.53
2026-07-21 14:10:35,2026-07-21 13:55,65813.53,64141.12,2.61,0,66031.92,64203.47,72831.73,39586.53
2026-07-21 14:15:36,2026-07-21 14:00,65861.1,64141.12,2.68,0,66031.92,64203.47,72831.73,39586.53
2026-07-21 14:20:36,2026-07-21 14:05,65904.48,64141.12,2.75,0,66031.92,64203.47,72831.73,39586.53
2026-07-21 14:25:31,2026-07-21 14:10,65914.18,64141.12,2.76,0,66031.92,64203.47,72831.73,39586.53
2026-07-21 14:30:38,2026-07-21 14:15,65709.81,64141.12,2.45,0,66031.92,64203.47,72831.73,39586.53
2026-07-21 14:35:37,2026-07-21 14:20,65665.75,64141.12,2.38,0,66031.92,64203.47,72831.73,39586.53
2026-07-21 14:40:29,2026-07-21 14:25,65745.21,64141.12,2.5,0,66031.92,64203.47,72831.73,39586.53
2026-07-21 14:45:34,2026-07-21 14:30,65901.8,64141.12,2.75,0,66031.92,64203.47,72831.73,39586.53
2026-07-21 14:50:41,2026-07-21 14:35,65900.82,64141.12,2.74,0,66031.92,64203.47,72831.73,39586.53
2026-07-21 14:55:33,2026-07-21 14:40,65951.08,64141.12,2.82,0,66031.92,64203.47,72831.73,39586.53
2026-07-21 15:00:36,2026-07-21 14:45,65990.52,64141.12,2.88,0,66031.92,64203.47,72831.73,39586.53
2026-07-21 15:05:39,2026-07-21 14:50,66090.96,64141.12,3.04,0,66090.96,64203.47,72831.73,39586.53
2026-07-21 15:10:44,2026-07-21 14:55,66079.02,64141.12,3.02,0,66114.63,64203.47,72831.73,39586.53
2026-07-21 15:15:39,2026-07-21 15:00,66062.38,64141.12,3.0,0,66114.63,64203.47,72831.73,39586.53
2026-07-21 15:20:32,2026-07-21 15:05,66083.58,64141.12,3.03,0,66114.63,64203.47,72831.73,39586.53
2026-07-21 15:25:33,2026-07-21 15:10,66058.23,64141.12,2.99,0,66114.63,64203.47,72831.73,39586.53
2026-07-21 15:30:29,2026-07-21 15:15,66078.31,64141.12,3.02,0,66130.26,64203.47,72831.73,39586.53
2026-07-21 15:40:29,2026-07-21 15:25,66067.91,64141.12,3.0,0,66130.26,64203.47,72831.73,39586.53
2026-07-22 09:05:30,2026-07-21 15:45,66232.19,66232.19,0.0,0,66232.19,64203.47,72831.73,39586.53
2026-07-22 09:10:42,2026-07-21 15:45,66232.19,66232.19,0.0,0,66232.19,64203.47,72831.73,39586.53
2026-07-22 09:15:27,2026-07-22 09:00,66465.97,66232.19,0.35,0,66493.57,66449.27,72831.73,39586.53
2026-07-22 09:20:28,2026-07-22 09:05,66958.11,66232.19,1.1,0,66958.11,66429.57,72831.73,39586.53
2026-07-22 09:25:32,2026-07-22 09:10,67221.33,66232.19,1.49,0,67285.03,66429.57,72831.73,39586.53
2026-07-22 09:30:33,2026-07-22 09:15,67368.49,66232.19,1.72,0,67409.02,66429.57,72831.73,39586.53
2026-07-22 09:35:38,2026-07-22 09:20,67312.42,66232.19,1.63,0,67409.02,66429.57,72831.73,39586.53
2026-07-22 09:40:38,2026-07-22 09:25,67465.15,66232.19,1.86,0,67465.15,66429.57,72831.73,39586.53
2026-07-22 09:45:36,2026-07-22 09:30,67484.59,66232.19,1.89,0,67534.21,66429.57,72831.73,39586.53
2026-07-22 09:50:38,2026-07-22 09:35,67424.84,66232.19,1.8,0,67534.21,66429.57,72831.73,39586.53
2026-07-22 09:55:28,2026-07-22 09:40,67500.59,66232.19,1.92,0,67534.21,66429.57,72831.73,39586.53
2026-07-22 10:00:29,2026-07-22 09:45,67499.96,66232.19,1.91,0,67592.2,66429.57,72831.73,39586.53
2026-07-22 10:05:28,2026-07-22 09:50,67347.01,66232.19,1.68,0,67592.2,66429.57,72831.73,39586.53
2026-07-22 10:10:29,2026-07-22 09:55,67160.21,66232.19,1.4,0,67592.2,66429.57,72831.73,39586.53
2026-07-22 10:15:31,2026-07-22 10:00,67396.22,66232.19,1.76,0,67592.2,66429.57,72831.73,39586.53
2026-07-22 10:20:43,2026-07-22 10:05,67304.53,66232.19,1.62,0,67592.2,66429.57,72831.73,39586.53
2026-07-22 10:25:48,2026-07-22 10:10,67160.97,66232.19,1.4,0,67592.2,66429.57,72831.73,39586.53
2026-07-22 10:30:36,2026-07-22 10:15,67283.45,66232.19,1.59,0,67592.2,66429.57,72831.73,39586.53
2026-07-22 10:35:29,2026-07-22 10:20,67341.03,66232.19,1.67,0,67592.2,66429.57,72831.73,39586.53
2026-07-22 10:40:32,2026-07-22 10:25,67411.26,66232.19,1.78,0,67592.2,66429.57,72831.73,39586.53
2026-07-22 10:45:41,2026-07-22 10:30,67387.18,66232.19,1.74,0,67592.2,66429.57,72831.73,39586.53
2026-07-22 10:50:31,2026-07-22 10:35,67488.94,66232.19,1.9,0,67592.2,66429.57,72831.73,39586.53
2026-07-22 10:55:38,2026-07-22 10:40,67517.09,66232.19,1.94,0,67592.2,66429.57,72831.73,39586.53
2026-07-22 11:00:36,2026-07-22 10:45,67445.86,66232.19,1.83,0,67592.2,66429.57,72831.73,39586.53
2026-07-22 11:05:44,2026-07-22 10:50,67485.34,66232.19,1.89,0,67592.2,66429.57,72831.73,39586.53
2026-07-22 11:10:32,2026-07-22 10:55,67523.49,66232.19,1.95,0,67592.2,66429.57,72831.73,39586.53
2026-07-22 11:15:37,2026-07-22 11:00,67473.48,66232.19,1.87,0,67592.2,66429.57,72831.73,39586.53
2026-07-22 11:20:31,2026-07-22 11:05,67532.95,66232.19,1.96,0,67592.2,66429.57,72831.73,39586.53
2026-07-22 11:25:33,2026-07-22 11:10,67397.23,66232.19,1.76,0,67592.2,66429.57,72831.73,39586.53
2026-07-22 11:30:29,2026-07-22 11:15,67434.87,66232.19,1.82,0,67592.2,66429.57,72831.73,39586.53
2026-07-22 12:30:35,2026-07-22 11:35,67511.12,66232.19,1.93,0,67592.2,66429.57,72831.73,39586.53
2026-07-22 12:35:38,2026-07-22 11:35,67511.12,66232.19,1.93,0,67592.2,66429.57,72831.73,39586.53
2026-07-22 12:40:35,2026-07-22 11:35,67511.12,66232.19,1.93,0,67592.2,66429.57,72831.73,39586.53
2026-07-22 12:45:33,2026-07-22 12:30,67356.13,66232.19,1.7,0,67592.2,66429.57,72831.73,39586.53
2026-07-22 12:50:31,2026-07-22 12:35,67123.79,66232.19,1.35,0,67592.2,66429.57,72831.73,39586.53
2026-07-22 12:55:34,2026-07-22 12:40,67023.82,66232.19,1.2,0,67592.2,66429.57,72831.73,39586.53
2026-07-22 13:00:45,2026-07-22 12:45,67023.94,66232.19,1.2,0,67592.2,66429.57,72831.73,39586.53
2026-07-22 13:05:30,2026-07-22 12:50,66997.15,66232.19,1.15,0,67592.2,66429.57,72831.73,39586.53
2026-07-22 13:10:33,2026-07-22 12:55,66835.92,66232.19,0.91,0,67592.2,66429.57,72831.73,39586.53
2026-07-22 13:15:32,2026-07-22 13:00,66939.33,66232.19,1.07,0,67592.2,66429.57,72831.73,39586.53
2026-07-22 13:20:33,2026-07-22 13:05,66934.91,66232.19,1.06,0,67592.2,66429.57,72831.73,39586.53
2026-07-22 13:25:57,2026-07-22 13:10,67021.38,66232.19,1.19,0,67592.2,66429.57,72831.73,39586.53
2026-07-22 13:30:43,2026-07-22 13:15,66998.43,66232.19,1.16,0,67592.2,66429.57,72831.73,39586.53
2026-07-22 13:35:36,2026-07-22 13:20,67026.19,66232.19,1.2,0,67592.2,66429.57,72831.73,39586.53
2026-07-22 13:40:35,2026-07-22 13:25,67039.49,66232.19,1.22,0,67592.2,66429.57,72831.73,39586.53
2026-07-22 13:45:40,2026-07-22 13:30,66987.23,66232.19,1.14,0,67592.2,66429.57,72831.73,39586.53
2026-07-22 13:50:37,2026-07-22 13:35,66960.79,66232.19,1.1,0,67592.2,66429.57,72831.73,39586.53
2026-07-22 13:55:35,2026-07-22 13:40,66943.62,66232.19,1.07,0,67592.2,66429.57,72831.73,39586.53
2026-07-22 14:00:38,2026-07-22 13:45,66893.91,66232.19,1.0,0,67592.2,66429.57,72831.73,39586.53
2026-07-22 14:05:42,2026-07-22 13:50,66834.71,66232.19,0.91,0,67592.2,66429.57,72831.73,39586.53
2026-07-22 14:10:33,2026-07-22 13:55,66720.31,66232.19,0.74,0,67592.2,66429.57,72831.73,39586.53
2026-07-22 14:15:52,2026-07-22 14:00,66722.33,66232.19,0.74,0,67592.2,66429.57,72831.73,39586.53
2026-07-22 14:20:38,2026-07-22 14:05,66548.79,66232.19,0.48,0,67592.2,66429.57,72831.73,39586.53
2026-07-22 14:25:34,2026-07-22 14:10,66419.52,66232.19,0.28,0,67592.2,66414.01,72831.73,39586.53
2026-07-22 14:30:36,2026-07-22 14:15,66304.82,66232.19,0.11,0,67592.2,66293.48,72831.73,39586.53
2026-07-22 14:35:35,2026-07-22 14:20,66219.9,66232.19,-0.02,0,67592.2,66207.33,72831.73,39586.53
2026-07-22 14:40:31,2026-07-22 14:25,66249.55,66232.19,0.03,0,67592.2,66165.73,72831.73,39586.53
2026-07-22 14:45:39,2026-07-22 14:30,66311.32,66232.19,0.12,0,67592.2,66165.73,72831.73,39586.53
2026-07-22 14:50:56,2026-07-22 14:35,66412.07,66232.19,0.27,0,67592.2,66165.73,72831.73,39586.53
2026-07-22 14:55:34,2026-07-22 14:40,66278.01,66232.19,0.07,0,67592.2,66165.73,72831.73,39586.53
2026-07-22 15:00:35,2026-07-22 14:42,66173.05,66232.19,-0.09,0,67592.2,66165.73,72831.73,39586.53
2026-07-22 15:05:39,2026-07-22 14:50,66255.75,66232.19,0.04,0,67592.2,66165.73,72831.73,39586.53
2026-07-22 15:10:38,2026-07-22 14:55,66179.1,66232.19,-0.08,0,67592.2,66148.22,72831.73,39586.53
2026-07-22 15:15:51,2026-07-22 15:00,66170.56,66232.19,-0.09,0,67592.2,66148.22,72831.73,39586.53
2026-07-22 15:20:30,2026-07-22 15:05,66141.1,66232.19,-0.14,0,67592.2,66114.77,72831.73,39586.53
2026-07-22 15:25:42,2026-07-22 15:10,66175.4,66232.19,-0.09,0,67592.2,66113.05,72831.73,39586.53
2026-07-22 15:30:53,2026-07-22 15:15,66075.44,66232.19,-0.24,0,67592.2,66075.44,72831.73,39586.53
2026-07-22 15:40:43,2026-07-22 15:25,66005.16,66232.19,-0.34,0,67592.2,65955.6,72831.73,39586.53
2026-07-23 09:05:32,2026-07-22 15:45,66115.6,66115.6,0.0,0,67592.2,65955.6,72831.73,39850.52
2026-07-23 09:10:30,2026-07-22 15:45,66115.6,66115.6,0.0,0,67592.2,65955.6,72831.73,39850.52
2026-07-23 09:15:30,2026-07-22 15:45,66115.6,66115.6,0.0,0,67592.2,65955.6,72831.73,39850.52
2026-07-23 09:20:33,2026-07-23 09:05,66832.2,66115.6,1.08,0,66914.47,66362.44,72831.73,39850.52
2026-07-23 09:25:34,2026-07-23 09:10,66779.93,66115.6,1.0,0,66958.88,66362.44,72831.73,39850.52
2026-07-23 09:30:34,2026-07-23 09:15,66625.3,66115.6,0.77,0,66958.88,66362.44,72831.73,39850.52
2026-07-23 09:35:30,2026-07-23 09:20,66527.82,66115.6,0.62,0,66958.88,66362.44,72831.73,39850.52
2026-07-23 09:40:32,2026-07-23 09:25,66622.23,66115.6,0.77,0,66958.88,66362.44,72831.73,39850.52
2026-07-23 09:45:31,2026-07-23 09:30,66698.21,66115.6,0.88,0,66958.88,66362.44,72831.73,39850.52
2026-07-23 09:50:31,2026-07-23 09:35,66647.56,66115.6,0.8,0,66958.88,66362.44,72831.73,39850.52
2026-07-23 09:55:28,2026-07-23 09:40,66818.62,66115.6,1.06,0,66958.88,66362.44,72831.73,39850.52
2026-07-23 10:00:32,2026-07-23 09:45,66856.45,66115.6,1.12,0,66958.88,66362.44,72831.73,39850.52
2026-07-23 10:06:03,2026-07-23 09:51,66875.09,66115.6,1.15,0,66958.88,66362.44,72831.73,39850.52
2026-07-23 10:10:35,2026-07-23 09:55,66918.33,66115.6,1.21,0,66967.92,66362.44,72831.73,39850.52
2026-07-23 10:15:28,2026-07-23 10:00,66926.04,66115.6,1.23,0,66972.34,66362.44,72831.73,39850.52
2026-07-23 10:20:29,2026-07-23 10:05,66889.88,66115.6,1.17,0,66972.34,66362.44,72831.73,39850.52
2026-07-23 10:25:32,2026-07-23 10:10,67022.37,66115.6,1.37,0,67022.37,66362.44,72831.73,39850.52
2026-07-23 10:30:39,2026-07-23 10:15,66897.02,66115.6,1.18,0,67022.37,66362.44,72831.73,39850.52
2026-07-23 10:35:36,2026-07-23 10:20,66791.01,66115.6,1.02,0,67022.37,66362.44,72831.73,39850.52
2026-07-23 10:40:32,2026-07-23 10:25,66772.37,66115.6,0.99,0,67022.37,66362.44,72831.73,39850.52
2026-07-23 10:45:53,2026-07-23 10:30,66722.5,66115.6,0.92,0,67022.37,66362.44,72831.73,39850.52
2026-07-23 10:50:32,2026-07-23 10:35,66768.22,66115.6,0.99,0,67022.37,66362.44,72831.73,39850.52
2026-07-23 10:55:36,2026-07-23 10:40,66667.05,66115.6,0.83,0,67022.37,66362.44,72831.73,39850.52
2026-07-23 11:00:36,2026-07-23 10:45,66600.61,66115.6,0.73,0,67022.37,66362.44,72831.73,39850.52
2026-07-23 11:05:38,2026-07-23 10:50,66531.7,66115.6,0.63,0,67022.37,66362.44,72831.73,39850.52
2026-07-23 11:10:33,2026-07-23 10:55,66676.71,66115.6,0.85,0,67022.37,66362.44,72831.73,39850.52
2026-07-23 11:15:34,2026-07-23 11:00,66531.17,66115.6,0.63,0,67022.37,66362.44,72831.73,39850.52
2026-07-23 11:20:28,2026-07-23 11:05,66608.91,66115.6,0.75,0,67022.37,66362.44,72831.73,39850.52
2026-07-23 11:25:27,2026-07-23 11:10,66508.38,66115.6,0.59,0,67022.37,66362.44,72831.73,39850.52
2026-07-23 11:30:30,2026-07-23 11:15,66568.84,66115.6,0.69,0,67022.37,66362.44,72831.73,39850.52
2026-07-23 12:30:31,2026-07-23 11:35,66424.44,66115.6,0.47,0,67022.37,66362.44,72831.73,39850.52
2026-07-23 12:35:41,2026-07-23 11:35,66424.44,66115.6,0.47,0,67022.37,66362.44,72831.73,39850.52
2026-07-23 12:40:30,2026-07-23 11:35,66424.44,66115.6,0.47,0,67022.37,66362.44,72831.73,39850.52
2026-07-23 12:45:39,2026-07-23 12:30,66418.04,66115.6,0.46,0,67022.37,66343.88,72831.73,39850.52
2026-07-23 12:50:33,2026-07-23 12:35,66316.37,66115.6,0.3,0,67022.37,66287.35,72831.73,39850.52
2026-07-23 12:55:40,2026-07-23 12:40,66448.16,66115.6,0.5,0,67022.37,66287.35,72831.73,39850.52
2026-07-23 13:00:33,2026-07-23 12:45,66578.45,66115.6,0.7,0,67022.37,66287.35,72831.73,39850.52
2026-07-23 13:05:30,2026-07-23 12:50,66547.98,66115.6,0.65,0,67022.37,66287.35,72831.73,39850.52
2026-07-23 13:10:30,2026-07-23 12:55,66551.72,66115.6,0.66,0,67022.37,66287.35,72831.73,39850.52
2026-07-23 13:15:35,2026-07-23 13:00,66501.74,66115.6,0.58,0,67022.37,66287.35,72831.73,39850.52
2026-07-23 13:20:37,2026-07-23 13:05,66428.45,66115.6,0.47,0,67022.37,66287.35,72831.73,39850.52
2026-07-23 13:25:39,2026-07-23 13:10,66406.93,66115.6,0.44,0,67022.37,66287.35,72831.73,39850.52
2026-07-23 13:30:34,2026-07-23 13:15,66481.88,66115.6,0.55,0,67022.37,66287.35,72831.73,39850.52
2026-07-23 13:35:33,2026-07-23 13:20,66440.27,66115.6,0.49,0,67022.37,66287.35,72831.73,39850.52
2026-07-23 13:40:32,2026-07-23 13:25,66535.94,66115.6,0.64,0,67022.37,66287.35,72831.73,39850.52
2026-07-23 13:45:39,2026-07-23 13:30,66525.93,66115.6,0.62,0,67022.37,66287.35,72831.73,39850.52
2026-07-23 13:50:38,2026-07-23 13:35,66533.62,66115.6,0.63,0,67022.37,66287.35,72831.73,39850.52
2026-07-23 13:55:32,2026-07-23 13:40,66587.71,66115.6,0.71,0,67022.37,66287.35,72831.73,39850.52
2026-07-23 14:00:33,2026-07-23 13:45,66527.26,66115.6,0.62,0,67022.37,66287.35,72831.73,39850.52
2026-07-23 14:05:44,2026-07-23 13:50,66505.79,66115.6,0.59,0,67022.37,66287.35,72831.73,39850.52
2026-07-23 14:10:31,2026-07-23 13:55,66508.86,66115.6,0.59,0,67022.37,66287.35,72831.73,39850.52
2026-07-23 14:15:47,2026-07-23 14:00,66503.67,66115.6,0.59,0,67022.37,66287.35,72831.73,39850.52
2026-07-23 14:20:29,2026-07-23 14:05,66497.49,66115.6,0.58,0,67022.37,66287.35,72831.73,39850.52
2026-07-23 14:25:36,2026-07-23 14:10,66459.33,66115.6,0.52,0,67022.37,66287.35,72831.73,39850.52
2026-07-23 14:30:28,2026-07-23 14:15,66465.5,66115.6,0.53,0,67022.37,66287.35,72831.73,39850.52
2026-07-23 14:35:33,2026-07-23 14:20,66544.15,66115.6,0.65,0,67022.37,66287.35,72831.73,39850.52
2026-07-23 14:40:48,2026-07-23 14:25,66645.8,66115.6,0.8,0,67022.37,66287.35,72831.73,39850.52
2026-07-23 14:45:28,2026-07-23 14:30,66717.57,66115.6,0.91,0,67022.37,66287.35,72831.73,39850.52
2026-07-23 14:50:35,2026-07-23 14:35,66654.59,66115.6,0.82,0,67022.37,66287.35,72831.73,39850.52
2026-07-23 14:55:30,2026-07-23 14:40,66632.57,66115.6,0.78,0,67022.37,66287.35,72831.73,39850.52
2026-07-23 15:00:52,2026-07-23 14:45,66629.97,66115.6,0.78,0,67022.37,66287.35,72831.73,39850.52
2026-07-23 15:05:43,2026-07-23 14:50,66525.36,66115.6,0.62,0,67022.37,66287.35,72831.73,39850.52
2026-07-23 15:10:30,2026-07-23 14:55,66423.59,66115.6,0.47,0,67022.37,66287.35,72831.73,39850.52
2026-07-23 15:15:36,2026-07-23 15:00,66376.11,66115.6,0.39,0,67022.37,66287.35,72831.73,39850.52
2026-07-23 15:20:37,2026-07-23 15:05,66385.04,66115.6,0.41,0,67022.37,66287.35,72831.73,39850.52
2026-07-23 15:25:46,2026-07-23 15:10,66271.96,66115.6,0.24,0,67022.37,66271.24,72831.73,39850.52
2026-07-23 15:30:46,2026-07-23 15:15,66243.7,66115.6,0.19,0,67022.37,66231.54,72831.73,39850.52
2026-07-23 15:40:39,2026-07-23 15:25,66306.75,66115.6,0.29,0,67022.37,66208.66,72831.73,39850.52
2026-07-24 09:05:37,2026-07-23 15:45,66422.6,66422.6,0.0,0,67022.37,66208.66,72831.73,39850.52
2026-07-24 09:10:31,2026-07-23 15:45,66422.6,66422.6,0.0,0,67022.37,66208.66,72831.73,39850.52
2026-07-24 09:15:34,2026-07-24 09:00,65591.55,66422.6,-1.25,0,65591.55,65540.31,72831.73,39850.52
2026-07-24 09:20:29,2026-07-24 09:05,65204.52,66422.6,-1.83,0,65720.81,65204.52,72831.73,39850.52
2026-07-24 09:25:49,2026-07-24 09:10,64974.16,66422.6,-2.18,0,65720.81,64974.16,72831.73,39850.52
2026-07-24 09:30:35,2026-07-24 09:15,64738.45,66422.6,-2.54,0,65720.81,64738.45,72831.73,39850.52
2026-07-24 09:35:32,2026-07-24 09:20,64604.9,66422.6,-2.74,0,65720.81,64604.9,72831.73,39850.52
2026-07-24 09:40:32,2026-07-24 09:25,64850.2,66422.6,-2.37,0,65720.81,64604.9,72831.73,39850.52
2026-07-24 09:45:32,2026-07-24 09:30,64608.96,66422.6,-2.73,0,65720.81,64604.9,72831.73,39850.52
2026-07-24 09:50:39,2026-07-24 09:35,64510.75,66422.6,-2.88,0,65720.81,64507.69,72831.73,39850.52
2026-07-24 09:55:34,2026-07-24 09:40,64694.54,66422.6,-2.6,0,65720.81,64489.98,72831.73,39850.52
2026-07-24 10:00:39,2026-07-24 09:45,64836.31,66422.6,-2.39,0,65720.81,64489.98,72831.73,39850.52
2026-07-24 10:05:31,2026-07-24 09:50,64924.89,66422.6,-2.25,0,65720.81,64489.98,72831.73,39850.52
2026-07-24 10:10:29,2026-07-24 09:55,64644.04,66422.6,-2.68,0,65720.81,64489.98,72831.73,39850.52
2026-07-24 10:15:38,2026-07-24 10:00,64855.27,66422.6,-2.36,0,65720.81,64489.98,72831.73,39850.52
2026-07-24 10:20:30,2026-07-24 10:05,64754.62,66422.6,-2.51,0,65720.81,64489.98,72831.73,39850.52
2026-07-24 10:25:35,2026-07-24 10:10,64675.0,66422.6,-2.63,0,65720.81,64489.98,72831.73,39850.52
2026-07-24 10:30:34,2026-07-24 10:15,64567.35,66422.6,-2.79,0,65720.81,64489.98,72831.73,39850.52
2026-07-24 10:35:37,2026-07-24 10:20,64555.08,66422.6,-2.81,0,65720.81,64489.98,72831.73,39850.52
2026-07-24 10:40:40,2026-07-24 10:25,64626.23,66422.6,-2.7,0,65720.81,64458.83,72831.73,39850.52
2026-07-24 10:45:30,2026-07-24 10:30,64616.21,66422.6,-2.72,0,65720.81,64458.83,72831.73,39850.52
2026-07-24 10:50:39,2026-07-24 10:35,64719.24,66422.6,-2.56,0,65720.81,64458.83,72831.73,39850.52
2026-07-24 10:55:32,2026-07-24 10:40,64528.04,66422.6,-2.85,0,65720.81,64458.83,72831.73,39850.52
2026-07-24 11:00:34,2026-07-24 10:45,64595.83,66422.6,-2.75,0,65720.81,64458.83,72831.73,39850.52
2026-07-24 11:05:31,2026-07-24 10:50,64376.95,66422.6,-3.08,0,65720.81,64376.95,72831.73,39850.52
2026-07-24 11:10:47,2026-07-24 10:55,64465.81,66422.6,-2.95,0,65720.81,64334.29,72831.73,39850.52
2026-07-24 11:15:34,2026-07-24 11:00,64383.55,66422.6,-3.07,0,65720.81,64334.29,72831.73,39850.52
2026-07-24 11:20:39,2026-07-24 11:05,64396.66,66422.6,-3.05,0,65720.81,64334.29,72831.73,39850.52
2026-07-24 11:25:37,2026-07-24 11:10,64468.31,66422.6,-2.94,0,65720.81,64334.29,72831.73,39850.52
2026-07-24 11:30:29,2026-07-24 11:15,64457.47,66422.6,-2.96,0,65720.81,64334.29,72831.73,39850.52
2026-07-24 12:30:40,2026-07-24 11:35,64568.75,66422.6,-2.79,0,65720.81,64334.29,72831.73,39850.52
2026-07-24 12:35:35,2026-07-24 11:35,64568.75,66422.6,-2.79,0,65720.81,64334.29,72831.73,39850.52
2026-07-24 12:40:28,2026-07-24 11:35,64568.75,66422.6,-2.79,0,65720.81,64334.29,72831.73,39850.52
2026-07-24 12:45:30,2026-07-24 12:30,64436.79,66422.6,-2.99,0,65720.81,64334.29,72831.73,39850.52
2026-07-24 12:50:37,2026-07-24 12:35,64374.54,66422.6,-3.08,0,65720.81,64254.11,72831.73,39850.52
2026-07-24 12:55:36,2026-07-24 12:40,64421.45,66422.6,-3.01,0,65720.81,64254.11,72831.73,39850.52
2026-07-24 13:00:44,2026-07-24 12:45,64362.34,66422.6,-3.1,0,65720.81,64254.11,72831.73,39850.52
2026-07-24 13:05:32,2026-07-24 12:50,64377.22,66422.6,-3.08,0,65720.81,64254.11,72831.73,39850.52
2026-07-24 13:10:28,2026-07-24 12:55,64302.05,66422.6,-3.19,0,65720.81,64254.11,72831.73,39850.52
2026-07-24 13:15:32,2026-07-24 13:00,64253.94,66422.6,-3.26,0,65720.81,64226.54,72831.73,39850.52
2026-07-24 13:20:52,2026-07-24 13:05,64397.78,66422.6,-3.05,0,65720.81,64201.03,72831.73,39850.52
2026-07-24 13:25:31,2026-07-24 13:10,64391.88,66422.6,-3.06,0,65720.81,64201.03,72831.73,39850.52
2026-07-24 13:30:34,2026-07-24 13:15,64305.0,66422.6,-3.19,0,65720.81,64201.03,72831.73,39850.52
2026-07-24 13:35:29,2026-07-24 13:20,64318.28,66422.6,-3.17,0,65720.81,64201.03,72831.73,39850.52
2026-07-24 13:40:40,2026-07-24 13:25,64536.79,66422.6,-2.84,0,65720.81,64201.03,72831.73,39850.52
2026-07-24 13:45:36,2026-07-24 13:30,64540.19,66422.6,-2.83,0,65720.81,64201.03,72831.73,39850.52
2026-07-24 13:50:28,2026-07-24 13:35,64515.21,66422.6,-2.87,0,65720.81,64201.03,72831.73,39850.52
2026-07-24 13:55:28,2026-07-24 13:40,64468.46,66422.6,-2.94,0,65720.81,64201.03,72831.73,39850.52
2026-07-24 14:00:36,2026-07-24 13:45,64481.43,66422.6,-2.92,0,65720.81,64201.03,72831.73,39850.52
2026-07-24 14:05:50,2026-07-24 13:50,64466.68,66422.6,-2.94,0,65720.81,64201.03,72831.73,39850.52
2026-07-24 14:10:50,2026-07-24 13:55,64429.16,66422.6,-3.0,0,65720.81,64201.03,72831.73,39850.52
2026-07-24 14:15:46,2026-07-24 14:00,64516.59,66422.6,-2.87,0,65720.81,64201.03,72831.73,39850.52
2026-07-24 14:20:48,2026-07-24 14:05,64447.21,66422.6,-2.97,0,65720.81,64201.03,72831.73,39850.52
2026-07-24 14:25:46,2026-07-24 14:10,64536.41,66422.6,-2.84,0,65720.81,64201.03,72831.73,39850.52
2026-07-24 14:30:30,2026-07-24 14:15,64522.23,66422.6,-2.86,0,65720.81,64201.03,72831.73,39850.52
2026-07-24 14:35:35,2026-07-24 14:20,64579.26,66422.6,-2.78,0,65720.81,64201.03,72831.73,39850.52
2026-07-24 14:40:30,2026-07-24 14:25,64542.32,66422.6,-2.83,0,65720.81,64201.03,72831.73,39850.52
2026-07-24 14:45:30,2026-07-24 14:30,64568.93,66422.6,-2.79,0,65720.81,64201.03,72831.73,39850.52
2026-07-24 14:50:29,2026-07-24 14:35,64473.78,66422.6,-2.93,0,65720.81,64201.03,72831.73,39850.52
2026-07-24 14:55:42,2026-07-24 14:40,64494.69,66422.6,-2.9,0,65720.81,64201.03,72831.73,39850.52
2026-07-24 15:01:03,2026-07-24 14:46,64559.9,66422.6,-2.8,0,65720.81,64201.03,72831.73,39850.52
2026-07-24 15:05:53,2026-07-24 14:50,64527.14,66422.6,-2.85,0,65720.81,64201.03,72831.73,39850.52
2026-07-24 15:10:35,2026-07-24 14:55,64421.83,66422.6,-3.01,0,65720.81,64201.03,72831.73,39850.52
2026-07-24 15:15:29,2026-07-24 15:00,64446.55,66422.6,-2.97,0,65720.81,64201.03,72831.73,39850.52
2026-07-24 15:20:40,2026-07-24 15:05,64373.04,66422.6,-3.09,0,65720.81,64201.03,72831.73,39850.52
2026-07-24 15:25:36,2026-07-24 15:10,64397.49,66422.6,-3.05,0,65720.81,64201.03,72831.73,39850.52
2026-07-24 15:30:35,2026-07-24 15:15,64463.2,66422.6,-2.95,0,65720.81,64201.03,72831.73,39850.52
2026-07-24 15:51:01,2026-07-24 15:30,64611.15,66422.6,-2.73,0,65720.81,64201.03,72831.73,39850.52
2026-07-27 09:05:34,2026-07-24 15:45,64611.15,66422.6,-2.73,0,65720.81,64201.03,72831.73,39850.52
2026-07-27 09:10:58,2026-07-24 15:45,64611.15,64611.15,0.0,0,65720.81,64201.03,72831.73,39850.52
2026-07-27 09:15:43,2026-07-27 09:00,65112.93,64611.15,0.78,0,65188.49,65096.97,72831.73,39850.52
2026-07-27 09:20:37,2026-07-27 09:05,64821.57,64611.15,0.33,0,65220.69,64748.46,72831.73,39850.52
2026-07-27 09:25:31,2026-07-27 09:10,64638.44,64611.15,0.04,0,65220.69,64582.28,72831.73,39850.52
2026-07-27 09:30:36,2026-07-27 09:15,64915.5,64611.15,0.47,0,65220.69,64582.28,72831.73,39850.52
2026-07-27 09:35:38,2026-07-27 09:20,64638.92,64611.15,0.04,0,65220.69,64582.28,72831.73,39850.52
2026-07-27 09:40:34,2026-07-27 09:25,64583.24,64611.15,-0.04,0,65220.69,64547.92,72831.73,39850.52
2026-07-27 09:47:02,2026-07-27 09:32,64528.0,64611.15,-0.13,0,65220.69,64490.62,72831.73,39850.52
2026-07-27 09:50:35,2026-07-27 09:35,64632.57,64611.15,0.03,0,65220.69,64490.62,72831.73,39850.52
2026-07-27 09:57:00,2026-07-27 09:41,64663.32,64611.15,0.08,0,65220.69,64490.62,72831.73,39850.52
2026-07-27 10:00:35,2026-07-27 09:45,64673.79,64611.15,0.1,0,65220.69,64490.62,72831.73,39850.52
2026-07-27 10:06:14,2026-07-27 09:51,64884.95,64611.15,0.42,0,65220.69,64490.62,72831.73,39850.52
2026-07-27 10:10:39,2026-07-27 09:55,64591.63,64611.15,-0.03,0,65220.69,64490.62,72831.73,39850.52
2026-07-27 10:15:30,2026-07-27 10:00,64466.34,64611.15,-0.22,0,65220.69,64417.3,72831.73,39850.52
2026-07-27 10:20:33,2026-07-27 10:05,64375.99,64611.15,-0.36,0,65220.69,64356.37,72831.73,39850.52
2026-07-27 10:25:33,2026-07-27 10:10,64440.6,64611.15,-0.26,0,65220.69,64321.57,72831.73,39850.52
2026-07-27 10:30:31,2026-07-27 10:15,64143.66,64611.15,-0.72,0,65220.69,64131.01,72831.73,39850.52
2026-07-27 10:35:28,2026-07-27 10:20,64240.13,64611.15,-0.57,0,65220.69,64131.01,72831.73,39850.52
2026-07-27 10:40:41,2026-07-27 10:25,64156.52,64611.15,-0.7,0,65220.69,64131.01,72831.73,39850.52
2026-07-27 10:47:33,2026-07-27 10:32,64463.38,64611.15,-0.23,0,65220.69,64123.4,72831.73,39850.52
2026-07-27 10:50:46,2026-07-27 10:35,64316.7,64611.15,-0.46,0,65220.69,64123.4,72831.73,39850.52
2026-07-27 10:55:53,2026-07-27 10:40,64696.06,64611.15,0.13,0,65220.69,64123.4,72831.73,39850.52
2026-07-27 11:00:34,2026-07-27 10:45,64570.51,64611.15,-0.06,0,65220.69,64123.4,72831.73,39850.52
2026-07-27 11:06:00,2026-07-27 10:50,64583.09,64611.15,-0.04,0,65220.69,64123.4,72831.73,39850.52
2026-07-27 11:10:47,2026-07-27 10:55,64580.42,64611.15,-0.05,0,65220.69,64123.4,72831.73,39850.52
2026-07-27 11:15:32,2026-07-27 11:00,64735.75,64611.15,0.19,0,65220.69,64123.4,72831.73,39850.52
2026-07-27 11:20:35,2026-07-27 11:05,64652.28,64611.15,0.06,0,65220.69,64123.4,72831.73,39850.52
2026-07-27 11:25:36,2026-07-27 11:10,64681.6,64611.15,0.11,0,65220.69,64123.4,72831.73,39850.52
2026-07-27 11:30:41,2026-07-27 11:15,64749.66,64611.15,0.21,0,65220.69,64123.4,72831.73,39850.52
2026-07-27 12:30:35,2026-07-27 11:35,64764.01,64611.15,0.24,0,65220.69,64123.4,72831.73,39850.52
2026-07-27 12:36:58,2026-07-27 11:35,64764.01,64611.15,0.24,0,65220.69,64123.4,72831.73,39850.52
2026-07-27 12:40:42,2026-07-27 11:35,64764.01,64611.15,0.24,0,65220.69,64123.4,72831.73,39850.52
2026-07-27 12:45:35,2026-07-27 12:30,64709.21,64611.15,0.15,0,65220.69,64123.4,72831.73,39850.52
2026-07-27 12:50:37,2026-07-27 12:35,64669.98,64611.15,0.09,0,65220.69,64123.4,72831.73,39850.52
2026-07-27 12:55:39,2026-07-27 12:40,64724.61,64611.15,0.18,0,65220.69,64123.4,72831.73,39850.52
2026-07-27 13:00:40,2026-07-27 12:45,64762.05,64611.15,0.23,0,65220.69,64123.4,72831.73,39850.52
2026-07-27 13:06:49,2026-07-27 12:51,64620.42,64611.15,0.01,0,65220.69,64123.4,72831.73,39850.52
2026-07-27 13:10:34,2026-07-27 12:55,64475.06,64611.15,-0.21,0,65220.69,64123.4,72831.73,39850.52
2026-07-27 13:15:32,2026-07-27 13:00,64572.41,64611.15,-0.06,0,65220.69,64123.4,72831.73,39850.52
2026-07-27 13:20:34,2026-07-27 13:05,64565.62,64611.15,-0.07,0,65220.69,64123.4,72831.73,39850.52
2026-07-27 13:26:55,2026-07-27 13:11,64537.55,64611.15,-0.11,0,65220.69,64123.4,72831.73,39850.52
2026-07-27 13:32:06,2026-07-27 13:17,64558.75,64611.15,-0.08,0,65220.69,64123.4,72831.73,39850.52
2026-07-27 13:35:46,2026-07-27 13:20,64592.36,64611.15,-0.03,0,65220.69,64123.4,72831.73,39850.52
2026-07-27 13:40:33,2026-07-27 13:25,64671.35,64611.15,0.09,0,65220.69,64123.4,72831.73,39850.52
2026-07-27 13:45:39,2026-07-27 13:30,64605.03,64611.15,-0.01,0,65220.69,64123.4,72831.73,39850.52
2026-07-27 13:50:35,2026-07-27 13:35,64664.06,64611.15,0.08,0,65220.69,64123.4,72831.73,39850.52
2026-07-27 13:55:30,2026-07-27 13:40,64761.22,64611.15,0.23,0,65220.69,64123.4,72831.73,39850.52
2026-07-27 14:00:33,2026-07-27 13:45,64830.9,64611.15,0.34,0,65220.69,64123.4,72831.73,39850.52
2026-07-27 14:05:31,2026-07-27 13:50,64834.44,64611.15,0.35,0,65220.69,64123.4,72831.73,39850.52
2026-07-27 14:10:37,2026-07-27 13:55,64836.26,64611.15,0.35,0,65220.69,64123.4,72831.73,39850.52
2026-07-27 14:17:01,2026-07-27 14:01,64789.51,64611.15,0.28,0,65220.69,64123.4,72831.73,39850.52
2026-07-27 14:20:30,2026-07-27 14:05,64775.4,64611.15,0.25,0,65220.69,64123.4,72831.73,39850.52
2026-07-27 14:25:38,2026-07-27 14:10,64798.34,64611.15,0.29,0,65220.69,64123.4,72831.73,39850.52
2026-07-27 14:30:30,2026-07-27 14:15,64765.18,64611.15,0.24,0,65220.69,64123.4,72831.73,39850.52
2026-07-27 14:36:50,2026-07-27 14:21,64816.31,64611.15,0.32,0,65220.69,64123.4,72831.73,39850.52
2026-07-27 14:40:34,2026-07-27 14:25,64745.55,64611.15,0.21,0,65220.69,64123.4,72831.73,39850.52
2026-07-27 14:45:33,2026-07-27 14:30,64812.66,64611.15,0.31,0,65220.69,64123.4,72831.73,39850.52
2026-07-27 14:50:43,2026-07-27 14:35,64765.65,64611.15,0.24,0,65220.69,64123.4,72831.73,39850.52
2026-07-27 14:56:53,2026-07-27 14:41,64763.75,64611.15,0.24,0,65220.69,64123.4,72831.73,39850.52
2026-07-27 15:00:38,2026-07-27 14:45,64813.23,64611.15,0.31,0,65220.69,64123.4,72831.73,39850.52
2026-07-27 15:05:33,2026-07-27 14:50,64780.44,64611.15,0.26,0,65220.69,64123.4,72831.73,39850.52
2026-07-27 15:10:43,2026-07-27 14:55,64789.14,64611.15,0.28,0,65220.69,64123.4,72831.73,39850.52
2026-07-27 15:17:09,2026-07-27 15:02,64857.31,64611.15,0.38,0,65220.69,64123.4,72831.73,39850.52
2026-07-27 15:21:57,2026-07-27 15:06,64828.23,64611.15,0.34,0,65220.69,64123.4,72831.73,39850.52
2026-07-27 15:25:33,2026-07-27 15:10,64910.08,64611.15,0.46,0,65220.69,64123.4,72831.73,39850.52
2026-07-27 15:30:50,2026-07-27 15:15,64934.37,64611.15,0.5,0,65220.69,64123.4,72831.73,39850.52
2026-07-27 15:40:37,2026-07-27 15:25,64957.33,64611.15,0.54,0,65220.69,64123.4,72831.73,39850.52
2026-07-28 09:05:32,2026-07-27 15:45,64931.19,64611.15,0.5,0,65220.69,64123.4,72831.73,39850.52
2026-07-28 09:10:35,2026-07-27 15:45,64931.19,64931.19,0.0,0,65220.69,64123.4,72831.73,39850.52
2026-07-28 09:15:29,2026-07-28 09:00,64472.43,64931.19,-0.71,0,64541.09,64469.61,72831.73,39850.52
2026-07-28 09:20:37,2026-07-28 09:05,64022.56,64931.19,-1.4,0,64573.18,64012.14,72831.73,39850.52
2026-07-28 09:25:37,2026-07-28 09:10,63194.46,64931.19,-2.67,0,64573.18,63191.13,72831.73,39850.52
2026-07-28 09:30:34,2026-07-28 09:15,62900.08,64931.19,-3.13,0,64573.18,62874.51,72831.73,39850.52
2026-07-28 09:35:47,2026-07-28 09:20,62731.2,64931.19,-3.39,0,64573.18,62731.2,72831.73,39850.52
2026-07-28 09:40:34,2026-07-28 09:25,62575.57,64931.19,-3.63,0,64573.18,62571.14,72831.73,39850.52
2026-07-28 09:45:49,2026-07-28 09:30,62512.96,64931.19,-3.72,0,64573.18,62384.59,72831.73,39850.52
2026-07-28 09:50:29,2026-07-28 09:35,62549.11,64931.19,-3.67,0,64573.18,62307.83,72831.73,39850.52
2026-07-28 09:55:31,2026-07-28 09:40,62484.52,64931.19,-3.77,0,64573.18,62307.83,72831.73,39850.52
2026-07-28 10:00:42,2026-07-28 09:45,62454.43,64931.19,-3.81,0,64573.18,62307.83,72831.73,39850.52
2026-07-28 10:05:42,2026-07-28 09:50,62228.43,64931.19,-4.16,0,64573.18,62221.22,72831.73,39850.52
2026-07-28 10:10:41,2026-07-28 09:55,62143.38,64931.19,-4.29,0,64573.18,62126.32,72831.73,39850.52
2026-07-28 10:15:30,2026-07-28 10:00,62236.47,64931.19,-4.15,0,64573.18,62126.32,72831.73,39850.52
2026-07-28 10:20:43,2026-07-28 10:05,62331.9,64931.19,-4.0,0,64573.18,62126.32,72831.73,39850.52
2026-07-28 10:25:43,2026-07-28 10:10,62233.31,64931.19,-4.15,0,64573.18,62126.32,72831.73,39850.52
2026-07-28 10:30:29,2026-07-28 10:15,62185.15,64931.19,-4.23,0,64573.18,62115.81,72831.73,39850.52
2026-07-28 10:35:36,2026-07-28 10:20,62145.25,64931.19,-4.29,0,64573.18,62115.81,72831.73,39850.52
2026-07-28 10:40:34,2026-07-28 10:25,62277.49,64931.19,-4.09,0,64573.18,62115.81,72831.73,39850.52
2026-07-28 10:45:31,2026-07-28 10:30,62370.58,64931.19,-3.94,0,64573.18,62115.81,72831.73,39850.52
2026-07-28 10:50:28,2026-07-28 10:35,62472.81,64931.19,-3.79,0,64573.18,62115.81,72831.73,39850.52
2026-07-28 10:55:38,2026-07-28 10:40,62398.17,64931.19,-3.9,0,64573.18,62115.81,72831.73,39850.52
2026-07-28 11:00:36,2026-07-28 10:45,62406.28,64931.19,-3.89,0,64573.18,62115.81,72831.73,39850.52
2026-07-28 11:05:47,2026-07-28 10:50,62422.81,64931.19,-3.86,0,64573.18,62115.81,72831.73,39850.52
2026-07-28 11:10:32,2026-07-28 10:55,62221.5,64931.19,-4.17,0,64573.18,62115.81,72831.73,39850.52
2026-07-28 11:15:42,2026-07-28 11:00,62080.47,64931.19,-4.39,0,64573.18,62076.81,72831.73,39850.52
2026-07-28 11:20:38,2026-07-28 11:05,61998.85,64931.19,-4.52,0,64573.18,61998.11,72831.73,39850.52
2026-07-28 11:25:33,2026-07-28 11:10,62051.54,64931.19,-4.43,0,64573.18,61998.11,72831.73,39850.52
2026-07-28 11:30:35,2026-07-28 11:15,61945.81,64931.19,-4.6,0,64573.18,61944.86,72831.73,39850.52
2026-07-28 12:30:28,2026-07-28 11:35,62046.46,64931.19,-4.44,0,64573.18,61927.02,72831.73,39850.52
2026-07-28 12:35:34,2026-07-28 11:35,62046.46,64931.19,-4.44,0,64573.18,61927.02,72831.73,39850.52
2026-07-28 12:40:40,2026-07-28 11:35,62046.46,64931.19,-4.44,0,64573.18,61927.02,72831.73,39850.52
2026-07-28 12:45:30,2026-07-28 12:30,62027.31,64931.19,-4.47,0,64573.18,61927.02,72831.73,39850.52
2026-07-28 12:50:46,2026-07-28 12:35,62233.02,64931.19,-4.16,0,64573.18,61923.6,72831.73,39850.52
2026-07-28 12:55:37,2026-07-28 12:40,62466.73,64931.19,-3.8,0,64573.18,61923.6,72831.73,39850.52
2026-07-28 13:00:36,2026-07-28 12:45,62520.31,64931.19,-3.71,0,64573.18,61923.6,72831.73,39850.52
2026-07-28 13:05:32,2026-07-28 12:50,62520.23,64931.19,-3.71,0,64573.18,61923.6,72831.73,39850.52
2026-07-28 13:10:41,2026-07-28 12:55,62427.98,64931.19,-3.86,0,64573.18,61923.6,72831.73,39850.52
2026-07-28 13:15:32,2026-07-28 13:00,62399.75,64931.19,-3.9,0,64573.18,61923.6,72831.73,39850.52
2026-07-28 13:20:34,2026-07-28 13:05,62326.32,64931.19,-4.01,0,64573.18,61923.6,72831.73,39850.52
2026-07-28 13:25:41,2026-07-28 13:10,62285.05,64931.19,-4.08,0,64573.18,61923.6,72831.73,39850.52
2026-07-28 13:30:37,2026-07-28 13:15,62193.1,64931.19,-4.22,0,64573.18,61923.6,72831.73,39850.52
2026-07-28 13:35:34,2026-07-28 13:20,62350.18,64931.19,-3.97,0,64573.18,61923.6,72831.73,39850.52
2026-07-28 13:40:36,2026-07-28 13:25,62320.15,64931.19,-4.02,0,64573.18,61923.6,72831.73,39850.52
2026-07-28 13:45:31,2026-07-28 13:30,62381.01,64931.19,-3.93,0,64573.18,61923.6,72831.73,39850.52
2026-07-28 13:50:40,2026-07-28 13:35,62392.79,64931.19,-3.91,0,64573.18,61923.6,72831.73,39850.52
2026-07-28 13:55:39,2026-07-28 13:40,62395.25,64931.19,-3.91,0,64573.18,61923.6,72831.73,39850.52
2026-07-28 14:00:30,2026-07-28 13:45,62447.04,64931.19,-3.83,0,64573.18,61923.6,72831.73,39850.52
2026-07-28 14:05:43,2026-07-28 13:50,62460.77,64931.19,-3.8,0,64573.18,61923.6,72831.73,39850.52
2026-07-28 14:10:32,2026-07-28 13:55,62446.51,64931.19,-3.83,0,64573.18,61923.6,72831.73,39850.52
2026-07-28 14:15:30,2026-07-28 14:00,62354.42,64931.19,-3.97,0,64573.18,61923.6,72831.73,39850.52
2026-07-28 14:20:37,2026-07-28 14:05,62401.28,64931.19,-3.9,0,64573.18,61923.6,72831.73,39850.52
2026-07-28 14:25:36,2026-07-28 14:10,62389.59,64931.19,-3.91,0,64573.18,61923.6,72831.73,39850.52
2026-07-28 14:30:32,2026-07-28 14:15,62348.55,64931.19,-3.98,0,64573.18,61923.6,72831.73,39850.52
2026-07-28 14:35:50,2026-07-28 14:20,62293.01,64931.19,-4.06,0,64573.18,61923.6,72831.73,39850.52
2026-07-28 14:40:39,2026-07-28 14:25,62245.2,64931.19,-4.14,0,64573.18,61923.6,72831.73,39850.52
2026-07-28 14:45:30,2026-07-28 14:30,62232.72,64931.19,-4.16,0,64573.18,61923.6,72831.73,39850.52
2026-07-28 14:50:38,2026-07-28 14:35,62084.09,64931.19,-4.38,0,64573.18,61923.6,72831.73,39850.52
2026-07-28 14:55:35,2026-07-28 14:40,62143.66,64931.19,-4.29,0,64573.18,61923.6,72831.73,39850.52
2026-07-28 15:00:40,2026-07-28 14:45,62084.32,64931.19,-4.38,0,64573.18,61923.6,72831.73,39850.52
2026-07-28 15:05:48,2026-07-28 14:50,62135.29,64931.19,-4.31,0,64573.18,61923.6,72831.73,39850.52
2026-07-28 15:10:48,2026-07-28 14:55,62249.94,64931.19,-4.13,0,64573.18,61923.6,72831.73,39850.52
2026-07-28 15:15:47,2026-07-28 15:00,62187.21,64931.19,-4.23,0,64573.18,61923.6,72831.73,39850.52
2026-07-28 15:20:40,2026-07-28 15:05,62085.24,64931.19,-4.38,0,64573.18,61923.6,72831.73,39850.52
2026-07-28 15:25:34,2026-07-28 15:10,62140.54,64931.19,-4.3,0,64573.18,61923.6,72831.73,39850.52
2026-07-28 15:30:36,2026-07-28 15:15,62222.45,64931.19,-4.17,0,64573.18,61923.6,72831.73,39850.52
2026-07-28 15:40:32,2026-07-28 15:25,62313.21,64931.19,-4.03,0,64573.18,61923.6,72831.73,39850.52
2026-07-29 09:10:44,2026-07-28 15:45,62364.92,62364.92,0.0,0,64573.18,61923.6,72831.73,39850.52
2026-07-29 09:15:30,2026-07-29 09:00,62635.41,62364.92,0.43,0,62772.35,62635.41,72831.73,39850.52
2026-07-29 09:20:36,2026-07-29 09:05,62982.09,62364.92,0.99,0,63041.52,62566.92,72831.73,39850.52
2026-07-29 09:25:32,2026-07-29 09:10,62905.75,62364.92,0.87,0,63080.98,62566.92,72831.73,39850.52
2026-07-29 09:30:31,2026-07-29 09:15,62668.5,62364.92,0.49,0,63080.98,62566.92,72831.73,39850.52
2026-07-29 09:35:49,2026-07-29 09:20,63031.53,62364.92,1.07,0,63087.91,62566.92,72831.73,39850.52
2026-07-29 09:40:35,2026-07-29 09:25,62814.14,62364.92,0.72,0,63138.04,62566.92,72831.73,39850.52
2026-07-29 09:45:41,2026-07-29 09:30,62735.28,62364.92,0.59,0,63138.04,62566.92,72831.73,39850.52
2026-07-29 09:50:37,2026-07-29 09:35,62553.62,62364.92,0.3,0,63138.04,62523.66,72831.73,39850.52
2026-07-29 09:55:39,2026-07-29 09:40,62818.61,62364.92,0.73,0,63138.04,62523.66,72831.73,39850.52
2026-07-29 10:00:35,2026-07-29 09:45,62832.91,62364.92,0.75,0,63138.04,62523.66,72831.73,39850.52
2026-07-29 10:05:33,2026-07-29 09:50,62716.71,62364.92,0.56,0,63138.04,62523.66,72831.73,39850.52
2026-07-29 10:10:41,2026-07-29 09:55,62621.87,62364.92,0.41,0,63138.04,62523.66,72831.73,39850.52
2026-07-29 10:15:38,2026-07-29 10:00,62369.32,62364.92,0.01,0,63138.04,62369.32,72831.73,39850.52
2026-07-29 10:20:32,2026-07-29 10:05,62569.35,62364.92,0.33,0,63138.04,62343.75,72831.73,39850.52
2026-07-29 10:25:34,2026-07-29 10:10,62303.14,62364.92,-0.1,0,63138.04,62274.05,72831.73,39850.52
2026-07-29 10:30:29,2026-07-29 10:15,62020.84,62364.92,-0.55,0,63138.04,62020.84,72831.73,39850.52
2026-07-29 10:35:33,2026-07-29 10:20,62114.46,62364.92,-0.4,0,63138.04,61908.6,72831.73,39850.52
2026-07-29 10:40:35,2026-07-29 10:25,62342.5,62364.92,-0.04,0,63138.04,61908.6,72831.73,39850.52
2026-07-29 10:45:31,2026-07-29 10:30,62392.47,62364.92,0.04,0,63138.04,61908.6,72831.73,39850.52
2026-07-29 10:50:44,2026-07-29 10:35,62280.41,62364.92,-0.14,0,63138.04,61908.6,72831.73,39850.52
2026-07-29 10:55:34,2026-07-29 10:40,62200.63,62364.92,-0.26,0,63138.04,61908.6,72831.73,39850.52
2026-07-29 11:00:46,2026-07-29 10:45,62062.12,62364.92,-0.49,0,63138.04,61908.6,72831.73,39850.52
2026-07-29 11:05:44,2026-07-29 10:50,61826.58,62364.92,-0.86,0,63138.04,61781.09,72831.73,39850.52
2026-07-29 11:10:37,2026-07-29 10:55,61580.48,62364.92,-1.26,0,63138.04,61536.25,72831.73,39850.52
2026-07-29 11:15:31,2026-07-29 11:00,61273.6,62364.92,-1.75,0,63138.04,61272.43,72831.73,39850.52
2026-07-29 11:20:36,2026-07-29 11:05,61389.46,62364.92,-1.56,0,63138.04,61201.98,72831.73,39850.52
2026-07-29 11:25:31,2026-07-29 11:10,61454.06,62364.92,-1.46,0,63138.04,61201.98,72831.73,39850.52
2026-07-29 11:30:42,2026-07-29 11:15,61479.9,62364.92,-1.42,0,63138.04,61201.98,72831.73,39850.52
2026-07-29 12:30:40,2026-07-29 11:35,61689.86,62364.92,-1.08,0,63138.04,61201.98,72831.73,39850.52
2026-07-29 12:35:35,2026-07-29 11:35,61689.86,62364.92,-1.08,0,63138.04,61201.98,72831.73,39850.52
2026-07-29 12:40:33,2026-07-29 11:35,61689.86,62364.92,-1.08,0,63138.04,61201.98,72831.73,39850.52
2026-07-29 12:45:40,2026-07-29 12:30,61236.44,62364.92,-1.81,0,63138.04,61201.86,72831.73,39850.52
2026-07-29 12:50:33,2026-07-29 12:35,61087.98,62364.92,-2.05,0,63138.04,61043.85,72831.73,39850.52
2026-07-29 12:55:30,2026-07-29 12:40,60930.98,62364.92,-2.3,0,63138.04,60914.08,72831.73,39850.52
2026-07-29 13:00:35,2026-07-29 12:45,61092.79,62364.92,-2.04,0,63138.04,60806.23,72831.73,39850.52
2026-07-29 13:05:38,2026-07-29 12:50,60943.65,62364.92,-2.28,0,63138.04,60806.23,72831.73,39850.52
2026-07-29 13:10:46,2026-07-29 12:55,60740.56,62364.92,-2.6,0,63138.04,60734.97,72831.73,39850.52
2026-07-29 13:15:33,2026-07-29 13:00,60711.33,62364.92,-2.65,0,63138.04,60711.33,72831.73,39850.52
2026-07-29 13:20:33,2026-07-29 13:05,60670.51,62364.92,-2.72,0,63138.04,60657.47,72831.73,39850.52
2026-07-29 13:25:40,2026-07-29 13:10,60744.87,62364.92,-2.6,0,63138.04,60623.91,72831.73,39850.52
2026-07-29 13:30:36,2026-07-29 13:15,60629.18,62364.92,-2.78,0,63138.04,60623.91,72831.73,39850.52
2026-07-29 13:35:42,2026-07-29 13:20,60634.06,62364.92,-2.78,0,63138.04,60529.03,72831.73,39850.52
2026-07-29 13:40:41,2026-07-29 13:25,60715.77,62364.92,-2.64,0,63138.04,60529.03,72831.73,39850.52
2026-07-29 13:45:44,2026-07-29 13:30,60617.37,62364.92,-2.8,0,63138.04,60529.03,72831.73,39850.52
2026-07-29 13:50:29,2026-07-29 13:35,60544.7,62364.92,-2.92,0,63138.04,60507.11,72831.73,39850.52
2026-07-29 13:55:38,2026-07-29 13:40,60565.18,62364.92,-2.89,0,63138.04,60507.11,72831.73,39850.52
2026-07-29 14:00:31,2026-07-29 13:45,60459.01,62364.92,-3.06,0,63138.04,60459.01,72831.73,39850.52
2026-07-29 14:05:43,2026-07-29 13:50,60831.64,62364.92,-2.46,0,63138.04,60448.9,72831.73,39850.52
2026-07-29 14:10:37,2026-07-29 13:55,61068.2,62364.92,-2.08,0,63138.04,60448.9,72831.73,39850.52
2026-07-29 14:15:35,2026-07-29 14:00,61225.29,62364.92,-1.83,0,63138.04,60448.9,72831.73,39850.52
2026-07-29 14:20:42,2026-07-29 14:05,61043.44,62364.92,-2.12,0,63138.04,60448.9,72831.73,39850.52
2026-07-29 14:25:42,2026-07-29 14:10,61306.5,62364.92,-1.7,0,63138.04,60448.9,72831.73,39850.52
2026-07-29 14:30:40,2026-07-29 14:15,61170.96,62364.92,-1.91,0,63138.04,60448.9,72831.73,39850.52
2026-07-29 14:35:47,2026-07-29 14:20,61119.52,62364.92,-2.0,0,63138.04,60448.9,72831.73,39850.52
2026-07-29 14:40:30,2026-07-29 14:25,61260.2,62364.92,-1.77,0,63138.04,60448.9,72831.73,39850.52
2026-07-29 14:45:41,2026-07-29 14:30,61245.56,62364.92,-1.79,0,63138.04,60448.9,72831.73,39850.52
2026-07-29 14:50:46,2026-07-29 14:35,61332.78,62364.92,-1.66,0,63138.04,60448.9,72831.73,39850.52
2026-07-29 14:55:32,2026-07-29 14:40,61340.36,62364.92,-1.64,0,63138.04,60448.9,72831.73,39850.52
2026-07-29 15:00:32,2026-07-29 14:45,61332.48,62364.92,-1.66,0,63138.04,60448.9,72831.73,39850.52
2026-07-29 15:05:41,2026-07-29 14:50,61286.68,62364.92,-1.73,0,63138.04,60448.9,72831.73,39850.52
2026-07-29 15:10:40,2026-07-29 14:55,61316.98,62364.92,-1.68,0,63138.04,60448.9,72831.73,39850.52
2026-07-29 15:15:51,2026-07-29 15:00,61282.19,62364.92,-1.74,0,63138.04,60448.9,72831.73,39850.52
2026-07-29 15:20:38,2026-07-29 15:05,61111.14,62364.92,-2.01,0,63138.04,60448.9,72831.73,39850.52
2026-07-29 15:25:33,2026-07-29 15:10,60984.12,62364.92,-2.21,0,63138.04,60448.9,72831.73,39850.52
2026-07-29 15:30:39,2026-07-29 15:15,61169.66,62364.92,-1.92,0,63138.04,60448.9,72831.73,39850.52
2026-07-29 15:40:35,2026-07-29 15:25,61429.44,62364.92,-1.5,0,63138.04,60448.9,72831.73,39850.52
2026-07-30 09:05:37,2026-07-29 15:45,61434.19,62364.92,-1.49,0,63138.04,60448.9,72831.73,39850.52
2026-07-30 09:10:41,2026-07-29 15:45,61434.19,62364.92,-1.49,0,63138.04,60448.9,72831.73,39850.52
2026-07-30 09:15:30,2026-07-30 09:00,61240.49,61434.19,-0.32,0,61294.96,61221.16,72831.73,39850.52
2026-07-30 09:20:32,2026-07-30 09:05,61127.98,61434.19,-0.5,0,61359.02,61049.7,72831.73,39850.52
2026-07-30 09:25:30,2026-07-30 09:10,61618.17,61434.19,0.3,0,61642.2,61049.7,72831.73,39850.52
2026-07-30 09:30:32,2026-07-30 09:15,61762.14,61434.19,0.53,0,61790.95,61049.7,72831.73,39850.52
2026-07-30 09:35:44,2026-07-30 09:20,62058.03,61434.19,1.02,0,62106.8,61049.7,72831.73,39850.52
2026-07-30 09:40:43,2026-07-30 09:25,62393.08,61434.19,1.56,0,62393.08,61049.7,72831.73,39850.52
2026-07-30 09:45:30,2026-07-30 09:30,62410.31,61434.19,1.59,0,62479.08,61049.7,72831.73,39850.52
2026-07-30 09:50:37,2026-07-30 09:35,62160.46,61434.19,1.18,0,62479.08,61049.7,72831.73,39850.52
2026-07-30 09:55:42,2026-07-30 09:40,61824.27,61434.19,0.63,0,62479.08,61049.7,72831.73,39850.52
2026-07-30 10:00:36,2026-07-30 09:45,61752.38,61434.19,0.52,0,62479.08,61049.7,72831.73,39850.52
2026-07-30 10:05:38,2026-07-30 09:50,61905.47,61434.19,0.77,0,62479.08,61049.7,72831.73,39850.52
2026-07-30 10:10:50,2026-07-30 09:55,62239.97,61434.19,1.31,0,62479.08,61049.7,72831.73,39850.52
2026-07-30 10:15:30,2026-07-30 10:00,62319.22,61434.19,1.44,0,62479.08,61049.7,72831.73,39850.52
2026-07-30 10:20:35,2026-07-30 10:05,62589.88,61434.19,1.88,0,62589.88,61049.7,72831.73,39850.52
2026-07-30 10:25:29,2026-07-30 10:10,62497.51,61434.19,1.73,0,62816.13,61049.7,72831.73,39850.52
2026-07-30 10:30:33,2026-07-30 10:15,62362.95,61434.19,1.51,0,62816.13,61049.7,72831.73,39850.52
2026-07-30 10:35:30,2026-07-30 10:20,62475.29,61434.19,1.69,0,62816.13,61049.7,72831.73,39850.52
2026-07-30 10:40:31,2026-07-30 10:25,62522.99,61434.19,1.77,0,62816.13,61049.7,72831.73,39850.52
2026-07-30 10:45:29,2026-07-30 10:30,62646.71,61434.19,1.97,0,62816.13,61049.7,72831.73,39850.52
2026-07-30 10:50:32,2026-07-30 10:35,62780.54,61434.19,2.19,0,62816.13,61049.7,72831.73,39850.52
2026-07-30 10:55:37,2026-07-30 10:40,62866.24,61434.19,2.33,0,62872.94,61049.7,72831.73,39850.52
2026-07-30 11:00:40,2026-07-30 10:45,62755.8,61434.19,2.15,0,62924.84,61049.7,72831.73,39850.52
2026-07-30 11:05:37,2026-07-30 10:50,62739.04,61434.19,2.12,0,62924.84,61049.7,72831.73,39850.52
2026-07-30 11:10:53,2026-07-30 10:55,62813.98,61434.19,2.25,0,62924.84,61049.7,72831.73,39850.52
2026-07-30 11:15:33,2026-07-30 11:00,62704.66,61434.19,2.07,0,62924.84,61049.7,72831.73,39850.52
2026-07-30 11:20:34,2026-07-30 11:05,62525.24,61434.19,1.78,0,62924.84,61049.7,72831.73,39850.52
2026-07-30 11:25:31,2026-07-30 11:10,62433.13,61434.19,1.63,0,62924.84,61049.7,72831.73,39850.52
2026-07-30 11:30:37,2026-07-30 11:15,62298.3,61434.19,1.41,0,62924.84,61049.7,72831.73,39850.52
2026-07-30 12:30:30,2026-07-30 11:35,62218.41,61434.19,1.28,0,62924.84,61049.7,72831.73,39850.52
2026-07-30 12:35:37,2026-07-30 11:35,62218.41,61434.19,1.28,0,62924.84,61049.7,72831.73,39850.52
2026-07-30 12:40:33,2026-07-30 11:35,62218.41,61434.19,1.28,0,62924.84,61049.7,72831.73,39850.52
2026-07-30 12:45:35,2026-07-30 12:30,61688.68,61434.19,0.41,0,62924.84,61049.7,72831.73,39850.52
2026-07-30 12:50:30,2026-07-30 12:35,62037.72,61434.19,0.98,0,62924.84,61049.7,72831.73,39850.52
2026-07-30 12:55:42,2026-07-30 12:40,61851.39,61434.19,0.68,0,62924.84,61049.7,72831.73,39850.52
2026-07-30 13:00:42,2026-07-30 12:45,62039.36,61434.19,0.99,0,62924.84,61049.7,72831.73,39850.52
2026-07-30 13:05:28,2026-07-30 12:50,62122.22,61434.19,1.12,0,62924.84,61049.7,72831.73,39850.52
2026-07-30 13:10:38,2026-07-30 12:55,62160.32,61434.19,1.18,0,62924.84,61049.7,72831.73,39850.52
2026-07-30 13:15:33,2026-07-30 13:00,61925.62,61434.19,0.8,0,62924.84,61049.7,72831.73,39850.52
2026-07-30 13:20:29,2026-07-30 13:05,61973.86,61434.19,0.88,0,62924.84,61049.7,72831.73,39850.52
2026-07-30 13:25:32,2026-07-30 13:10,61839.06,61434.19,0.66,0,62924.84,61049.7,72831.73,39850.52
2026-07-30 13:30:33,2026-07-30 13:15,61746.79,61434.19,0.51,0,62924.84,61049.7,72831.73,39850.52
2026-07-30 13:35:32,2026-07-30 13:20,61734.09,61434.19,0.49,0,62924.84,61049.7,72831.73,39850.52
2026-07-30 13:40:30,2026-07-30 13:25,61874.65,61434.19,0.72,0,62924.84,61049.7,72831.73,39850.52
2026-07-30 13:45:31,2026-07-30 13:30,62060.57,61434.19,1.02,0,62924.84,61049.7,72831.73,39850.52
2026-07-30 13:50:33,2026-07-30 13:35,62087.12,61434.19,1.06,0,62924.84,61049.7,72831.73,39850.52
2026-07-30 13:55:40,2026-07-30 13:40,61888.43,61434.19,0.74,0,62924.84,61049.7,72831.73,39850.52
2026-07-30 14:00:50,2026-07-30 13:45,61815.63,61434.19,0.62,0,62924.84,61049.7,72831.73,39850.52
2026-07-30 14:05:36,2026-07-30 13:50,61787.02,61434.19,0.57,0,62924.84,61049.7,72831.73,39850.52
2026-07-30 14:10:30,2026-07-30 13:55,61701.13,61434.19,0.43,0,62924.84,61049.7,72831.73,39850.52
2026-07-30 14:15:30,2026-07-30 14:00,61622.22,61434.19,0.31,0,62924.84,61049.7,72831.73,39850.52
2026-07-30 14:20:27,2026-07-30 14:05,61550.6,61434.19,0.19,0,62924.84,61049.7,72831.73,39850.52
2026-07-30 14:25:38,2026-07-30 14:10,61568.83,61434.19,0.22,0,62924.84,61049.7,72831.73,39850.52
2026-07-30 14:30:38,2026-07-30 14:15,61690.65,61434.19,0.42,0,62924.84,61049.7,72831.73,39850.52
2026-07-30 14:35:30,2026-07-30 14:20,61874.84,61434.19,0.72,0,62924.84,61049.7,72831.73,39850.52
2026-07-30 14:40:44,2026-07-30 14:25,61860.14,61434.19,0.69,0,62924.84,61049.7,72831.73,39850.52
2026-07-30 14:45:29,2026-07-30 14:30,61805.58,61434.19,0.6,0,62924.84,61049.7,72831.73,39850.52
2026-07-30 14:50:39,2026-07-30 14:35,61951.99,61434.19,0.84,0,62924.84,61049.7,72831.73,39850.52
2026-07-30 14:55:39,2026-07-30 14:40,61969.53,61434.19,0.87,0,62924.84,61049.7,72831.73,39850.52
2026-07-30 15:00:31,2026-07-30 14:45,62192.45,61434.19,1.23,0,62924.84,61049.7,72831.73,39850.52
2026-07-30 15:05:36,2026-07-30 14:50,62092.33,61434.19,1.07,0,62924.84,61049.7,72831.73,39850.52
2026-07-30 15:10:49,2026-07-30 14:55,61875.92,61434.19,0.72,0,62924.84,61049.7,72831.73,39850.52
2026-07-30 15:15:35,2026-07-30 15:00,61864.67,61434.19,0.7,0,62924.84,61049.7,72831.73,39850.52
2026-07-30 15:20:35,2026-07-30 15:05,61923.89,61434.19,0.8,0,62924.84,61049.7,72831.73,39850.52
2026-07-30 15:25:32,2026-07-30 15:10,61884.27,61434.19,0.73,0,62924.84,61049.7,72831.73,39850.52
2026-07-30 15:30:37,2026-07-30 15:15,61770.35,61434.19,0.55,0,62924.84,61049.7,72831.73,39850.52
2026-07-30 15:40:30,2026-07-30 15:25,61807.9,61434.19,0.61,0,62924.84,61049.7,72831.73,39850.52
2026-07-31 09:05:35,2026-07-30 15:45,61867.43,61434.19,0.71,0,62924.84,61049.7,72831.73,39850.52
2026-07-31 09:10:44,2026-07-30 15:45,61867.43,61434.19,0.71,0,62924.84,61049.7,72831.73,39850.52
2026-07-31 09:15:36,2026-07-31 09:00,61950.87,61867.43,0.13,0,61963.37,61948.23,72831.73,39850.52
2026-07-31 09:20:35,2026-07-31 09:05,62279.47,61867.43,0.67,0,62334.36,61948.23,72831.73,39850.52
2026-07-31 09:25:37,2026-07-31 09:10,63153.39,61867.43,2.08,0,63153.39,61948.23,72831.73,39850.52
2026-07-31 09:30:44,2026-07-31 09:15,64046.15,61867.43,3.52,0,64084.81,61948.23,72831.73,39850.52
2026-07-31 09:35:40,2026-07-31 09:20,64285.99,61867.43,3.91,0,64408.55,61948.23,72831.73,39850.52
2026-07-31 09:40:29,2026-07-31 09:25,64724.08,61867.43,4.62,0,64724.08,61948.23,72831.73,39850.52
2026-07-31 09:45:39,2026-07-31 09:30,65028.23,61867.43,5.11,0,65028.23,61948.23,72831.73,39850.52
2026-07-31 09:50:32,2026-07-31 09:35,65048.49,61867.43,5.14,0,65157.38,61948.23,72831.73,39850.52
2026-07-31 09:55:31,2026-07-31 09:40,64975.73,61867.43,5.02,0,65157.38,61948.23,72831.73,39850.52
2026-07-31 10:00:31,2026-07-31 09:45,64974.58,61867.43,5.02,0,65157.38,61948.23,72831.73,39850.52
2026-07-31 10:05:32,2026-07-31 09:50,64814.95,61867.43,4.76,0,65157.38,61948.23,72831.73,39850.52
2026-07-31 10:10:40,2026-07-31 09:55,65040.58,61867.43,5.13,0,65157.38,61948.23,72831.73,39850.52
2026-07-31 10:15:30,2026-07-31 10:00,65187.1,61867.43,5.37,0,65200.61,61948.23,72831.73,39850.52
2026-07-31 10:20:30,2026-07-31 10:05,65187.75,61867.43,5.37,0,65205.51,61948.23,72831.73,39850.52
2026-07-31 10:25:38,2026-07-31 10:10,65271.51,61867.43,5.5,0,65272.39,61948.23,72831.73,39850.52
2026-07-31 10:30:39,2026-07-31 10:15,65307.53,61867.43,5.56,0,65317.54,61948.23,72831.73,39850.52
2026-07-31 10:35:33,2026-07-31 10:20,65335.03,61867.43,5.6,0,65352.78,61948.23,72831.73,39850.52
2026-07-31 10:40:32,2026-07-31 10:25,65245.61,61867.43,5.46,0,65364.73,61948.23,72831.73,39850.52
2026-07-31 10:45:37,2026-07-31 10:30,65210.18,61867.43,5.4,0,65364.73,61948.23,72831.73,39850.52
2026-07-31 10:50:40,2026-07-31 10:35,65176.55,61867.43,5.35,0,65364.73,61948.23,72831.73,39850.52
2026-07-31 10:55:30,2026-07-31 10:40,65150.88,61867.43,5.31,0,65364.73,61948.23,72831.73,39850.52
