抓取时间,行情时刻,价格,昨收,涨跌幅%,成交量,当日最高,当日最低,52周最高,52周最低
2026-07-06 09:31:27,2026-07-06 09:16,7029.0,7132.0,-1.44,970500,7129.0,7029.0,14795.0,6544.0
2026-07-06 10:18:17,2026-07-06 10:03,7049.0,7132.0,-1.16,1826800,7129.0,7028.0,14795.0,6544.0
2026-07-06 10:55:27,2026-07-06 10:40,7030.0,7132.0,-1.43,2514100,7129.0,7009.0,14795.0,6544.0
2026-07-06 10:58:57,2026-07-06 10:43,7022.0,7132.0,-1.54,2550800,7129.0,7009.0,14795.0,6544.0
2026-07-06 11:00:38,2026-07-06 10:45,7027.0,7132.0,-1.47,2578200,7129.0,7009.0,14795.0,6544.0
2026-07-06 11:05:39,2026-07-06 10:50,7031.0,7132.0,-1.42,2625300,7129.0,7009.0,14795.0,6544.0
2026-07-06 11:10:39,2026-07-06 10:55,7028.0,7132.0,-1.46,2675100,7129.0,7009.0,14795.0,6544.0
2026-07-06 11:15:33,2026-07-06 11:00,7031.0,7132.0,-1.42,2775900,7129.0,7009.0,14795.0,6544.0
2026-07-06 11:20:37,2026-07-06 11:05,7036.0,7132.0,-1.35,2804500,7129.0,7009.0,14795.0,6544.0
2026-07-06 11:25:38,2026-07-06 11:10,7037.0,7132.0,-1.33,2892100,7129.0,7009.0,14795.0,6544.0
2026-07-06 11:30:38,2026-07-06 11:15,7055.0,7132.0,-1.08,2955500,7129.0,7009.0,14795.0,6544.0
2026-07-06 12:30:37,2026-07-06 11:30,7065.0,7132.0,-0.94,3312000,7129.0,7009.0,14795.0,6544.0
2026-07-06 12:35:35,2026-07-06 11:30,7065.0,7132.0,-0.94,3312000,7129.0,7009.0,14795.0,6544.0
2026-07-06 12:40:36,2026-07-06 11:30,7065.0,7132.0,-0.94,3312000,7129.0,7009.0,14795.0,6544.0
2026-07-06 12:45:37,2026-07-06 12:30,7078.0,7132.0,-0.76,3517400,7129.0,7009.0,14795.0,6544.0
2026-07-06 12:50:38,2026-07-06 12:35,7087.0,7132.0,-0.63,3652200,7129.0,7009.0,14795.0,6544.0
2026-07-06 12:55:46,2026-07-06 12:40,7071.0,7132.0,-0.86,3733800,7129.0,7009.0,14795.0,6544.0
2026-07-06 13:00:49,2026-07-06 12:45,7063.0,7132.0,-0.97,3848900,7129.0,7009.0,14795.0,6544.0
2026-07-06 13:05:35,2026-07-06 12:50,7067.0,7132.0,-0.91,3898500,7129.0,7009.0,14795.0,6544.0
2026-07-06 13:10:42,2026-07-06 12:55,7051.0,7132.0,-1.14,4107300,7129.0,7009.0,14795.0,6544.0
2026-07-06 13:15:38,2026-07-06 13:00,7040.0,7132.0,-1.29,4182000,7129.0,7009.0,14795.0,6544.0
2026-07-06 13:20:36,2026-07-06 13:05,7032.0,7132.0,-1.4,4284000,7129.0,7009.0,14795.0,6544.0
2026-07-06 13:25:45,2026-07-06 13:10,7035.0,7132.0,-1.36,4337200,7129.0,7009.0,14795.0,6544.0
2026-07-06 13:30:44,2026-07-06 13:15,7038.0,7132.0,-1.32,4396800,7129.0,7009.0,14795.0,6544.0
2026-07-06 13:35:36,2026-07-06 13:20,7025.0,7132.0,-1.5,4497000,7129.0,7009.0,14795.0,6544.0
2026-07-06 13:40:42,2026-07-06 13:25,7020.0,7132.0,-1.57,4563800,7129.0,7009.0,14795.0,6544.0
2026-07-06 13:45:48,2026-07-06 13:30,7028.0,7132.0,-1.46,4637500,7129.0,7009.0,14795.0,6544.0
2026-07-06 13:50:38,2026-07-06 13:35,7013.0,7132.0,-1.67,4704500,7129.0,7009.0,14795.0,6544.0
2026-07-06 13:55:38,2026-07-06 13:40,7017.0,7132.0,-1.61,4755600,7129.0,7009.0,14795.0,6544.0
2026-07-06 14:00:42,2026-07-06 13:45,7024.0,7132.0,-1.51,4817500,7129.0,7009.0,14795.0,6544.0
2026-07-06 14:05:45,2026-07-06 13:50,7022.0,7132.0,-1.54,4864400,7129.0,7009.0,14795.0,6544.0
2026-07-06 14:10:41,2026-07-06 13:55,7025.0,7132.0,-1.5,4906400,7129.0,7009.0,14795.0,6544.0
2026-07-06 14:15:41,2026-07-06 14:00,7014.0,7132.0,-1.65,4964200,7129.0,7009.0,14795.0,6544.0
2026-07-06 14:20:40,2026-07-06 14:05,7013.0,7132.0,-1.67,5142000,7129.0,7007.0,14795.0,6544.0
2026-07-06 14:25:35,2026-07-06 14:10,7019.0,7132.0,-1.58,5202200,7129.0,7007.0,14795.0,6544.0
2026-07-06 14:30:41,2026-07-06 14:15,7023.0,7132.0,-1.53,5260100,7129.0,7007.0,14795.0,6544.0
2026-07-06 14:35:41,2026-07-06 14:20,7018.0,7132.0,-1.6,5301400,7129.0,7007.0,14795.0,6544.0
2026-07-06 14:40:36,2026-07-06 14:25,7016.0,7132.0,-1.63,5380600,7129.0,7007.0,14795.0,6544.0
2026-07-06 14:45:43,2026-07-06 14:30,7014.0,7132.0,-1.65,5474300,7129.0,7007.0,14795.0,6544.0
2026-07-06 14:50:45,2026-07-06 14:35,7022.0,7132.0,-1.54,5523000,7129.0,7007.0,14795.0,6544.0
2026-07-06 14:55:43,2026-07-06 14:40,7019.0,7132.0,-1.58,5594200,7129.0,7007.0,14795.0,6544.0
2026-07-06 15:00:36,2026-07-06 14:45,7025.0,7132.0,-1.5,5641100,7129.0,7007.0,14795.0,6544.0
2026-07-06 15:16:28,2026-07-06 15:01,7028.0,7132.0,-1.46,5784800,7129.0,7007.0,14795.0,6544.0
2026-07-06 15:20:40,2026-07-06 15:05,7020.0,7132.0,-1.57,5861400,7129.0,7007.0,14795.0,6544.0
2026-07-06 15:25:46,2026-07-06 15:10,7015.0,7132.0,-1.64,5919300,7129.0,7007.0,14795.0,6544.0
2026-07-06 15:30:40,2026-07-06 15:15,7017.0,7132.0,-1.61,5996000,7129.0,7007.0,14795.0,6544.0
2026-07-07 09:00:36,2026-07-06 15:30,7033.0,7132.0,-1.39,7191000,7129.0,7007.0,14795.0,6544.0
2026-07-07 09:05:32,2026-07-06 15:30,7033.0,7132.0,-1.39,7191000,7129.0,7007.0,14795.0,6544.0
2026-07-07 09:10:34,2026-07-06 15:30,7033.0,7132.0,-1.39,7191000,7129.0,7007.0,14795.0,6544.0
2026-07-07 09:15:34,2026-07-07 09:00,7033.0,7132.0,-1.39,7659300,7143.0,7093.0,14795.0,6544.0
2026-07-07 09:20:32,2026-07-07 09:05,7106.0,7033.0,1.04,824400,7175.0,7093.0,14795.0,6544.0
2026-07-07 09:25:33,2026-07-07 09:10,7105.0,7033.0,1.02,995800,7175.0,7093.0,14795.0,6544.0
2026-07-07 09:30:35,2026-07-07 09:15,7144.0,7033.0,1.58,1181200,7175.0,7093.0,14795.0,6544.0
2026-07-07 09:35:33,2026-07-07 09:20,7186.0,7033.0,2.18,1437300,7189.0,7093.0,14795.0,6544.0
2026-07-07 09:40:34,2026-07-07 09:25,7168.0,7033.0,1.92,1545000,7189.0,7093.0,14795.0,6544.0
2026-07-07 09:45:36,2026-07-07 09:30,7157.0,7033.0,1.76,1728200,7189.0,7093.0,14795.0,6544.0
2026-07-07 09:50:39,2026-07-07 09:35,7155.0,7033.0,1.73,1835800,7189.0,7093.0,14795.0,6544.0
2026-07-07 09:55:32,2026-07-07 09:40,7149.0,7033.0,1.65,1922500,7189.0,7093.0,14795.0,6544.0
2026-07-07 10:00:37,2026-07-07 09:45,7149.0,7033.0,1.65,2027600,7189.0,7093.0,14795.0,6544.0
2026-07-07 10:05:38,2026-07-07 09:50,7140.0,7033.0,1.52,2188500,7189.0,7093.0,14795.0,6544.0
2026-07-07 10:10:34,2026-07-07 09:55,7133.0,7033.0,1.42,2264100,7189.0,7093.0,14795.0,6544.0
2026-07-07 10:15:36,2026-07-07 10:00,7154.0,7033.0,1.72,2363700,7189.0,7093.0,14795.0,6544.0
2026-07-07 10:20:32,2026-07-07 10:05,7115.0,7033.0,1.17,2554600,7189.0,7093.0,14795.0,6544.0
2026-07-07 10:25:46,2026-07-07 10:10,7131.0,7033.0,1.39,2656500,7189.0,7093.0,14795.0,6544.0
2026-07-07 10:30:32,2026-07-07 10:15,7139.0,7033.0,1.51,2743900,7189.0,7093.0,14795.0,6544.0
2026-07-07 10:35:37,2026-07-07 10:20,7155.0,7033.0,1.73,2829000,7189.0,7093.0,14795.0,6544.0
2026-07-07 10:40:37,2026-07-07 10:25,7127.0,7033.0,1.34,2903900,7189.0,7093.0,14795.0,6544.0
2026-07-07 10:45:37,2026-07-07 10:30,7140.0,7033.0,1.52,2964100,7189.0,7093.0,14795.0,6544.0
2026-07-07 10:50:46,2026-07-07 10:35,7130.0,7033.0,1.38,3008300,7189.0,7093.0,14795.0,6544.0
2026-07-07 10:55:35,2026-07-07 10:40,7143.0,7033.0,1.56,3079300,7189.0,7093.0,14795.0,6544.0
2026-07-07 11:00:35,2026-07-07 10:45,7145.0,7033.0,1.59,3118200,7189.0,7093.0,14795.0,6544.0
2026-07-07 11:05:35,2026-07-07 10:50,7143.0,7033.0,1.56,3188000,7189.0,7093.0,14795.0,6544.0
2026-07-07 11:10:37,2026-07-07 10:55,7151.0,7033.0,1.68,3253600,7189.0,7093.0,14795.0,6544.0
2026-07-07 11:15:39,2026-07-07 11:00,7156.0,7033.0,1.75,3309100,7189.0,7093.0,14795.0,6544.0
2026-07-07 11:20:38,2026-07-07 11:05,7164.0,7033.0,1.86,3409200,7189.0,7093.0,14795.0,6544.0
2026-07-07 11:25:35,2026-07-07 11:10,7178.0,7033.0,2.06,3459900,7189.0,7093.0,14795.0,6544.0
2026-07-07 11:30:43,2026-07-07 11:15,7188.0,7033.0,2.2,3637800,7196.0,7093.0,14795.0,6544.0
2026-07-07 12:30:31,2026-07-07 11:30,7183.0,7033.0,2.13,3942700,7199.0,7093.0,14795.0,6544.0
2026-07-07 12:35:34,2026-07-07 11:30,7183.0,7033.0,2.13,3942700,7199.0,7093.0,14795.0,6544.0
2026-07-07 12:40:34,2026-07-07 11:30,7183.0,7033.0,2.13,3942700,7199.0,7093.0,14795.0,6544.0
2026-07-07 12:45:37,2026-07-07 12:30,7187.0,7033.0,2.19,4133800,7199.0,7093.0,14795.0,6544.0
2026-07-07 12:50:32,2026-07-07 12:35,7140.0,7033.0,1.52,4305600,7199.0,7093.0,14795.0,6544.0
2026-07-07 12:55:35,2026-07-07 12:40,7123.0,7033.0,1.28,4417500,7199.0,7093.0,14795.0,6544.0
2026-07-07 13:00:36,2026-07-07 12:45,7108.0,7033.0,1.07,4507100,7199.0,7093.0,14795.0,6544.0
2026-07-07 13:05:35,2026-07-07 12:50,7089.0,7033.0,0.8,4668700,7199.0,7083.0,14795.0,6544.0
2026-07-07 13:10:34,2026-07-07 12:55,7096.0,7033.0,0.9,4752600,7199.0,7083.0,14795.0,6544.0
2026-07-07 13:15:35,2026-07-07 13:00,7092.0,7033.0,0.84,4821000,7199.0,7083.0,14795.0,6544.0
2026-07-07 13:20:31,2026-07-07 13:05,7108.0,7033.0,1.07,4898100,7199.0,7083.0,14795.0,6544.0
2026-07-07 13:25:39,2026-07-07 13:10,7132.0,7033.0,1.41,5064000,7199.0,7083.0,14795.0,6544.0
2026-07-07 13:30:41,2026-07-07 13:15,7128.0,7033.0,1.35,5109800,7199.0,7083.0,14795.0,6544.0
2026-07-07 13:35:42,2026-07-07 13:20,7133.0,7033.0,1.42,5172500,7199.0,7083.0,14795.0,6544.0
2026-07-07 13:40:33,2026-07-07 13:25,7129.0,7033.0,1.36,5214500,7199.0,7083.0,14795.0,6544.0
2026-07-07 13:45:38,2026-07-07 13:30,7142.0,7033.0,1.55,5257500,7199.0,7083.0,14795.0,6544.0
2026-07-07 13:50:45,2026-07-07 13:35,7140.0,7033.0,1.52,5292400,7199.0,7083.0,14795.0,6544.0
2026-07-07 13:55:38,2026-07-07 13:40,7140.0,7033.0,1.52,5326500,7199.0,7083.0,14795.0,6544.0
2026-07-07 14:00:39,2026-07-07 13:45,7147.0,7033.0,1.62,5366500,7199.0,7083.0,14795.0,6544.0
2026-07-07 14:05:44,2026-07-07 13:50,7150.0,7033.0,1.66,5412200,7199.0,7083.0,14795.0,6544.0
2026-07-07 14:10:48,2026-07-07 13:55,7147.0,7033.0,1.62,5453500,7199.0,7083.0,14795.0,6544.0
2026-07-07 14:15:41,2026-07-07 14:00,7147.0,7033.0,1.62,5501500,7199.0,7083.0,14795.0,6544.0
2026-07-07 14:20:49,2026-07-07 14:05,7139.0,7033.0,1.51,5550700,7199.0,7083.0,14795.0,6544.0
2026-07-07 14:25:33,2026-07-07 14:10,7128.0,7033.0,1.35,5590200,7199.0,7083.0,14795.0,6544.0
2026-07-07 14:30:41,2026-07-07 14:15,7112.0,7033.0,1.12,5645100,7199.0,7083.0,14795.0,6544.0
2026-07-07 14:35:39,2026-07-07 14:20,7117.0,7033.0,1.19,5718100,7199.0,7083.0,14795.0,6544.0
2026-07-07 14:40:34,2026-07-07 14:25,7137.0,7033.0,1.48,5784700,7199.0,7083.0,14795.0,6544.0
2026-07-07 14:45:55,2026-07-07 14:30,7137.0,7033.0,1.48,5835900,7199.0,7083.0,14795.0,6544.0
2026-07-07 14:50:33,2026-07-07 14:35,7139.0,7033.0,1.51,5893200,7199.0,7083.0,14795.0,6544.0
2026-07-07 14:56:00,2026-07-07 14:41,7139.0,7033.0,1.51,5950500,7199.0,7083.0,14795.0,6544.0
2026-07-07 15:00:51,2026-07-07 14:45,7137.0,7033.0,1.48,6003200,7199.0,7083.0,14795.0,6544.0
2026-07-07 15:05:43,2026-07-07 14:50,7130.0,7033.0,1.38,6052300,7199.0,7083.0,14795.0,6544.0
2026-07-07 15:10:43,2026-07-07 14:55,7133.0,7033.0,1.42,6116200,7199.0,7083.0,14795.0,6544.0
2026-07-07 15:15:47,2026-07-07 15:00,7132.0,7033.0,1.41,6172500,7199.0,7083.0,14795.0,6544.0
2026-07-07 15:20:35,2026-07-07 15:05,7134.0,7033.0,1.44,6219800,7199.0,7083.0,14795.0,6544.0
2026-07-07 15:25:37,2026-07-07 15:10,7138.0,7033.0,1.49,6288800,7199.0,7083.0,14795.0,6544.0
2026-07-07 15:30:39,2026-07-07 15:15,7127.0,7033.0,1.34,6359700,7199.0,7083.0,14795.0,6544.0
2026-07-08 09:00:45,2026-07-07 15:30,7148.0,7033.0,1.64,8083400,7199.0,7083.0,14795.0,6544.0
2026-07-08 09:05:34,2026-07-07 15:30,7148.0,7033.0,1.64,8083400,7199.0,7083.0,14795.0,6544.0
2026-07-08 09:10:38,2026-07-07 15:30,7148.0,7033.0,1.64,8083400,7199.0,7083.0,14795.0,6544.0
2026-07-08 09:15:40,2026-07-08 09:00,7148.0,7033.0,1.64,8646100,7210.0,7129.0,14795.0,6544.0
2026-07-08 09:20:37,2026-07-08 09:05,7219.0,7148.0,0.99,1204000,7276.0,7129.0,14795.0,6544.0
2026-07-08 09:25:34,2026-07-08 09:10,7182.0,7148.0,0.48,1504700,7276.0,7129.0,14795.0,6544.0
2026-07-08 09:30:44,2026-07-08 09:15,7160.0,7148.0,0.17,1699100,7276.0,7129.0,14795.0,6544.0
2026-07-08 09:35:30,2026-07-08 09:20,7165.0,7148.0,0.24,1869900,7276.0,7129.0,14795.0,6544.0
2026-07-08 09:40:32,2026-07-08 09:25,7152.0,7148.0,0.06,2042700,7276.0,7129.0,14795.0,6544.0
2026-07-08 09:45:31,2026-07-08 09:30,7143.0,7148.0,-0.07,2190400,7276.0,7129.0,14795.0,6544.0
2026-07-08 09:50:37,2026-07-08 09:35,7146.0,7148.0,-0.03,2291900,7276.0,7129.0,14795.0,6544.0
2026-07-08 09:55:34,2026-07-08 09:40,7141.0,7148.0,-0.1,2385400,7276.0,7129.0,14795.0,6544.0
2026-07-08 10:00:47,2026-07-08 09:45,7122.0,7148.0,-0.36,2484300,7276.0,7120.0,14795.0,6544.0
2026-07-08 10:05:34,2026-07-08 09:50,7124.0,7148.0,-0.34,2563900,7276.0,7120.0,14795.0,6544.0
2026-07-08 10:10:31,2026-07-08 09:55,7134.0,7148.0,-0.2,2628500,7276.0,7120.0,14795.0,6544.0
2026-07-08 10:15:33,2026-07-08 10:00,7126.0,7148.0,-0.31,2694000,7276.0,7120.0,14795.0,6544.0
2026-07-08 10:20:34,2026-07-08 10:05,7113.0,7148.0,-0.49,2782600,7276.0,7109.0,14795.0,6544.0
2026-07-08 10:25:30,2026-07-08 10:10,7105.0,7148.0,-0.6,2891000,7276.0,7099.0,14795.0,6544.0
2026-07-08 10:30:32,2026-07-08 10:15,7099.0,7148.0,-0.69,2976000,7276.0,7095.0,14795.0,6544.0
2026-07-08 10:35:34,2026-07-08 10:20,7111.0,7148.0,-0.52,3023900,7276.0,7095.0,14795.0,6544.0
2026-07-08 10:40:35,2026-07-08 10:25,7091.0,7148.0,-0.8,3108800,7276.0,7088.0,14795.0,6544.0
2026-07-08 10:45:32,2026-07-08 10:30,7093.0,7148.0,-0.77,3164200,7276.0,7088.0,14795.0,6544.0
2026-07-08 10:50:35,2026-07-08 10:35,7103.0,7148.0,-0.63,3206200,7276.0,7088.0,14795.0,6544.0
2026-07-08 10:55:30,2026-07-08 10:40,7113.0,7148.0,-0.49,3283500,7276.0,7088.0,14795.0,6544.0
2026-07-08 11:00:31,2026-07-08 10:45,7115.0,7148.0,-0.46,3341100,7276.0,7088.0,14795.0,6544.0
2026-07-08 11:05:45,2026-07-08 10:50,7105.0,7148.0,-0.6,3442200,7276.0,7088.0,14795.0,6544.0
2026-07-08 11:10:36,2026-07-08 10:55,7128.0,7148.0,-0.28,3569800,7276.0,7088.0,14795.0,6544.0
2026-07-08 11:15:35,2026-07-08 11:00,7129.0,7148.0,-0.27,3616100,7276.0,7088.0,14795.0,6544.0
2026-07-08 11:20:33,2026-07-08 11:05,7130.0,7148.0,-0.25,3652200,7276.0,7088.0,14795.0,6544.0
2026-07-08 11:25:34,2026-07-08 11:10,7147.0,7148.0,-0.01,3706900,7276.0,7088.0,14795.0,6544.0
2026-07-08 11:30:31,2026-07-08 11:15,7146.0,7148.0,-0.03,3759500,7276.0,7088.0,14795.0,6544.0
2026-07-08 12:30:35,2026-07-08 11:30,7141.0,7148.0,-0.1,3942900,7276.0,7088.0,14795.0,6544.0
2026-07-08 12:35:32,2026-07-08 11:30,7141.0,7148.0,-0.1,3942900,7276.0,7088.0,14795.0,6544.0
2026-07-08 12:40:38,2026-07-08 11:30,7141.0,7148.0,-0.1,3942900,7276.0,7088.0,14795.0,6544.0
2026-07-08 12:45:41,2026-07-08 12:30,7172.0,7148.0,0.34,4087800,7276.0,7088.0,14795.0,6544.0
2026-07-08 12:50:33,2026-07-08 12:35,7155.0,7148.0,0.1,4163200,7276.0,7088.0,14795.0,6544.0
2026-07-08 12:55:32,2026-07-08 12:40,7154.0,7148.0,0.08,4217700,7276.0,7088.0,14795.0,6544.0
2026-07-08 13:00:36,2026-07-08 12:45,7143.0,7148.0,-0.07,4254600,7276.0,7088.0,14795.0,6544.0
2026-07-08 13:05:31,2026-07-08 12:50,7155.0,7148.0,0.1,4289600,7276.0,7088.0,14795.0,6544.0
2026-07-08 13:10:36,2026-07-08 12:55,7153.0,7148.0,0.07,4328200,7276.0,7088.0,14795.0,6544.0
2026-07-08 13:15:33,2026-07-08 13:00,7147.0,7148.0,-0.01,4363700,7276.0,7088.0,14795.0,6544.0
2026-07-08 13:20:31,2026-07-08 13:05,7135.0,7148.0,-0.18,4414000,7276.0,7088.0,14795.0,6544.0
2026-07-08 13:25:30,2026-07-08 13:10,7129.0,7148.0,-0.27,4458300,7276.0,7088.0,14795.0,6544.0
2026-07-08 13:30:29,2026-07-08 13:15,7135.0,7148.0,-0.18,4480900,7276.0,7088.0,14795.0,6544.0
2026-07-08 13:35:29,2026-07-08 13:20,7145.0,7148.0,-0.04,4515900,7276.0,7088.0,14795.0,6544.0
2026-07-08 13:40:33,2026-07-08 13:25,7127.0,7148.0,-0.29,4553600,7276.0,7088.0,14795.0,6544.0
2026-07-08 13:45:31,2026-07-08 13:30,7127.0,7148.0,-0.29,4579700,7276.0,7088.0,14795.0,6544.0
2026-07-08 13:50:34,2026-07-08 13:35,7139.0,7148.0,-0.13,4615000,7276.0,7088.0,14795.0,6544.0
2026-07-08 13:55:40,2026-07-08 13:40,7152.0,7148.0,0.06,4649600,7276.0,7088.0,14795.0,6544.0
2026-07-08 14:00:32,2026-07-08 13:45,7161.0,7148.0,0.18,4700300,7276.0,7088.0,14795.0,6544.0
2026-07-08 14:05:39,2026-07-08 13:50,7153.0,7148.0,0.07,4751600,7276.0,7088.0,14795.0,6544.0
2026-07-08 14:10:31,2026-07-08 13:55,7140.0,7148.0,-0.11,4788600,7276.0,7088.0,14795.0,6544.0
2026-07-08 14:15:35,2026-07-08 14:00,7146.0,7148.0,-0.03,4820200,7276.0,7088.0,14795.0,6544.0
2026-07-08 14:20:31,2026-07-08 14:05,7133.0,7148.0,-0.21,4861600,7276.0,7088.0,14795.0,6544.0
2026-07-08 14:25:33,2026-07-08 14:10,7130.0,7148.0,-0.25,4896200,7276.0,7088.0,14795.0,6544.0
2026-07-08 14:30:47,2026-07-08 14:15,7140.0,7148.0,-0.11,4924200,7276.0,7088.0,14795.0,6544.0
2026-07-08 14:35:33,2026-07-08 14:20,7144.0,7148.0,-0.06,4952600,7276.0,7088.0,14795.0,6544.0
2026-07-08 14:40:40,2026-07-08 14:25,7145.0,7148.0,-0.04,4986600,7276.0,7088.0,14795.0,6544.0
2026-07-08 14:45:36,2026-07-08 14:30,7137.0,7148.0,-0.15,5015800,7276.0,7088.0,14795.0,6544.0
2026-07-08 14:50:35,2026-07-08 14:35,7144.0,7148.0,-0.06,5065200,7276.0,7088.0,14795.0,6544.0
2026-07-08 14:55:36,2026-07-08 14:40,7142.0,7148.0,-0.08,5102300,7276.0,7088.0,14795.0,6544.0
2026-07-08 15:00:31,2026-07-08 14:45,7141.0,7148.0,-0.1,5132500,7276.0,7088.0,14795.0,6544.0
2026-07-08 15:05:31,2026-07-08 14:50,7137.0,7148.0,-0.15,5170800,7276.0,7088.0,14795.0,6544.0
2026-07-08 15:10:43,2026-07-08 14:55,7129.0,7148.0,-0.27,5217300,7276.0,7088.0,14795.0,6544.0
2026-07-08 15:15:35,2026-07-08 15:00,7128.0,7148.0,-0.28,5265800,7276.0,7088.0,14795.0,6544.0
2026-07-08 15:20:37,2026-07-08 15:05,7126.0,7148.0,-0.31,5313000,7276.0,7088.0,14795.0,6544.0
2026-07-08 15:25:36,2026-07-08 15:10,7137.0,7148.0,-0.15,5378200,7276.0,7088.0,14795.0,6544.0
2026-07-08 15:30:34,2026-07-08 15:15,7133.0,7148.0,-0.21,5453900,7276.0,7088.0,14795.0,6544.0
2026-07-09 09:00:37,2026-07-08 15:30,7085.0,7148.0,-0.88,7234300,7276.0,7085.0,14795.0,6544.0
2026-07-09 09:05:35,2026-07-08 15:30,7085.0,7148.0,-0.88,7234300,7276.0,7085.0,14795.0,6544.0
2026-07-09 09:10:37,2026-07-08 15:30,7085.0,7148.0,-0.88,7234300,7276.0,7085.0,14795.0,6544.0
2026-07-09 09:15:33,2026-07-09 09:00,7085.0,7148.0,-0.88,7692600,7065.0,7000.0,14795.0,6544.0
2026-07-09 09:20:42,2026-07-09 09:05,7110.0,7085.0,0.35,722400,7131.0,7000.0,14795.0,6544.0
2026-07-09 09:25:35,2026-07-09 09:10,7132.0,7085.0,0.66,873900,7137.0,7000.0,14795.0,6544.0
2026-07-09 09:30:36,2026-07-09 09:15,7102.0,7085.0,0.24,1015200,7137.0,7000.0,14795.0,6544.0
2026-07-09 09:35:32,2026-07-09 09:20,7137.0,7085.0,0.73,1112800,7137.0,7000.0,14795.0,6544.0
2026-07-09 09:40:35,2026-07-09 09:25,7140.0,7085.0,0.78,1272700,7160.0,7000.0,14795.0,6544.0
2026-07-09 09:45:35,2026-07-09 09:30,7125.0,7085.0,0.56,1352200,7160.0,7000.0,14795.0,6544.0
2026-07-09 09:50:33,2026-07-09 09:35,7131.0,7085.0,0.65,1416500,7160.0,7000.0,14795.0,6544.0
2026-07-09 09:55:31,2026-07-09 09:40,7138.0,7085.0,0.75,1499900,7160.0,7000.0,14795.0,6544.0
2026-07-09 10:00:34,2026-07-09 09:45,7112.0,7085.0,0.38,1566300,7160.0,7000.0,14795.0,6544.0
2026-07-09 10:05:35,2026-07-09 09:50,7110.0,7085.0,0.35,1640000,7160.0,7000.0,14795.0,6544.0
2026-07-09 10:10:34,2026-07-09 09:55,7130.0,7085.0,0.64,1699500,7160.0,7000.0,14795.0,6544.0
2026-07-09 10:15:53,2026-07-09 10:00,7112.0,7085.0,0.38,1746400,7160.0,7000.0,14795.0,6544.0
2026-07-09 10:20:35,2026-07-09 10:05,7130.0,7085.0,0.64,1784900,7160.0,7000.0,14795.0,6544.0
2026-07-09 10:25:29,2026-07-09 10:10,7128.0,7085.0,0.61,1850900,7160.0,7000.0,14795.0,6544.0
2026-07-09 10:30:31,2026-07-09 10:15,7126.0,7085.0,0.58,1888300,7160.0,7000.0,14795.0,6544.0
2026-07-09 10:35:41,2026-07-09 10:20,7119.0,7085.0,0.48,1926600,7160.0,7000.0,14795.0,6544.0
2026-07-09 10:40:32,2026-07-09 10:25,7118.0,7085.0,0.47,1952700,7160.0,7000.0,14795.0,6544.0
2026-07-09 10:45:38,2026-07-09 10:30,7114.0,7085.0,0.41,2003000,7160.0,7000.0,14795.0,6544.0
2026-07-09 10:50:34,2026-07-09 10:35,7120.0,7085.0,0.49,2039200,7160.0,7000.0,14795.0,6544.0
2026-07-09 10:55:32,2026-07-09 10:40,7130.0,7085.0,0.64,2080200,7160.0,7000.0,14795.0,6544.0
2026-07-09 11:00:41,2026-07-09 10:45,7100.0,7085.0,0.21,2139700,7160.0,7000.0,14795.0,6544.0
2026-07-09 11:05:52,2026-07-09 10:50,7125.0,7085.0,0.56,2181800,7160.0,7000.0,14795.0,6544.0
2026-07-09 11:10:45,2026-07-09 10:55,7129.0,7085.0,0.62,2232600,7160.0,7000.0,14795.0,6544.0
2026-07-09 11:15:37,2026-07-09 11:00,7133.0,7085.0,0.68,2272400,7160.0,7000.0,14795.0,6544.0
2026-07-09 11:20:48,2026-07-09 11:05,7119.0,7085.0,0.48,2334900,7160.0,7000.0,14795.0,6544.0
2026-07-09 11:25:38,2026-07-09 11:10,7131.0,7085.0,0.65,2366100,7160.0,7000.0,14795.0,6544.0
2026-07-09 11:30:35,2026-07-09 11:15,7156.0,7085.0,1.0,2472000,7161.0,7000.0,14795.0,6544.0
2026-07-09 12:30:40,2026-07-09 11:30,7169.0,7085.0,1.19,2670200,7169.0,7000.0,14795.0,6544.0
2026-07-09 12:35:51,2026-07-09 11:30,7169.0,7085.0,1.19,2670200,7169.0,7000.0,14795.0,6544.0
2026-07-09 12:40:40,2026-07-09 11:30,7169.0,7085.0,1.19,2670200,7169.0,7000.0,14795.0,6544.0
2026-07-09 12:45:32,2026-07-09 12:30,7162.0,7085.0,1.09,2821400,7171.0,7000.0,14795.0,6544.0
2026-07-09 12:50:29,2026-07-09 12:35,7146.0,7085.0,0.86,2894200,7171.0,7000.0,14795.0,6544.0
2026-07-09 12:55:36,2026-07-09 12:40,7146.0,7085.0,0.86,2925900,7171.0,7000.0,14795.0,6544.0
2026-07-09 13:00:41,2026-07-09 12:45,7148.0,7085.0,0.89,2988800,7171.0,7000.0,14795.0,6544.0
2026-07-09 13:05:31,2026-07-09 12:50,7157.0,7085.0,1.02,3018100,7171.0,7000.0,14795.0,6544.0
2026-07-09 13:10:32,2026-07-09 12:55,7149.0,7085.0,0.9,3064400,7171.0,7000.0,14795.0,6544.0
2026-07-09 13:15:32,2026-07-09 13:00,7176.0,7085.0,1.28,3130000,7177.0,7000.0,14795.0,6544.0
2026-07-09 13:20:36,2026-07-09 13:05,7169.0,7085.0,1.19,3177700,7179.0,7000.0,14795.0,6544.0
2026-07-09 13:25:37,2026-07-09 13:10,7166.0,7085.0,1.14,3220100,7179.0,7000.0,14795.0,6544.0
2026-07-09 13:30:39,2026-07-09 13:15,7159.0,7085.0,1.04,3287100,7179.0,7000.0,14795.0,6544.0
2026-07-09 13:35:33,2026-07-09 13:20,7159.0,7085.0,1.04,3317100,7179.0,7000.0,14795.0,6544.0
2026-07-09 13:40:47,2026-07-09 13:25,7157.0,7085.0,1.02,3348700,7179.0,7000.0,14795.0,6544.0
2026-07-09 13:45:34,2026-07-09 13:30,7152.0,7085.0,0.95,3376800,7179.0,7000.0,14795.0,6544.0
2026-07-09 13:50:30,2026-07-09 13:35,7158.0,7085.0,1.03,3402000,7179.0,7000.0,14795.0,6544.0
2026-07-09 13:55:31,2026-07-09 13:40,7160.0,7085.0,1.06,3425800,7179.0,7000.0,14795.0,6544.0
2026-07-09 14:00:31,2026-07-09 13:45,7163.0,7085.0,1.1,3460100,7179.0,7000.0,14795.0,6544.0
2026-07-09 14:10:32,2026-07-09 13:55,7173.0,7085.0,1.24,3515600,7179.0,7000.0,14795.0,6544.0
2026-07-09 14:15:39,2026-07-09 14:00,7174.0,7085.0,1.26,3582100,7183.0,7000.0,14795.0,6544.0
2026-07-09 14:20:38,2026-07-09 14:05,7170.0,7085.0,1.2,3608100,7183.0,7000.0,14795.0,6544.0
2026-07-09 14:25:33,2026-07-09 14:10,7166.0,7085.0,1.14,3645300,7183.0,7000.0,14795.0,6544.0
2026-07-09 14:30:41,2026-07-09 14:15,7167.0,7085.0,1.16,3685900,7183.0,7000.0,14795.0,6544.0
2026-07-09 14:35:45,2026-07-09 14:20,7146.0,7085.0,0.86,3745200,7183.0,7000.0,14795.0,6544.0
2026-07-09 14:45:34,2026-07-09 14:30,7158.0,7085.0,1.03,3815400,7183.0,7000.0,14795.0,6544.0
2026-07-09 14:50:34,2026-07-09 14:35,7159.0,7085.0,1.04,3840300,7183.0,7000.0,14795.0,6544.0
2026-07-09 14:55:44,2026-07-09 14:40,7165.0,7085.0,1.13,3868200,7183.0,7000.0,14795.0,6544.0
2026-07-09 15:05:46,2026-07-09 14:50,7169.0,7085.0,1.19,3961300,7183.0,7000.0,14795.0,6544.0
2026-07-09 15:10:43,2026-07-09 14:55,7170.0,7085.0,1.2,3993800,7183.0,7000.0,14795.0,6544.0
2026-07-09 15:15:36,2026-07-09 15:00,7153.0,7085.0,0.96,4058400,7183.0,7000.0,14795.0,6544.0
2026-07-09 15:20:43,2026-07-09 15:05,7145.0,7085.0,0.85,4108400,7183.0,7000.0,14795.0,6544.0
2026-07-09 15:25:48,2026-07-09 15:10,7136.0,7085.0,0.72,4175600,7183.0,7000.0,14795.0,6544.0
2026-07-09 15:30:53,2026-07-09 15:15,7129.0,7085.0,0.62,4249900,7183.0,7000.0,14795.0,6544.0
2026-07-09 15:33:07,2026-07-09 15:18,7138.0,7085.0,0.75,4289100,7183.0,7000.0,14795.0,6544.0
2026-07-10 09:00:36,2026-07-09 15:30,7120.0,7085.0,0.49,5481400,7183.0,7000.0,14795.0,6544.0
2026-07-10 09:05:50,2026-07-09 15:30,7120.0,7085.0,0.49,5481400,7183.0,7000.0,14795.0,6544.0
2026-07-10 09:10:40,2026-07-09 15:30,7120.0,7085.0,0.49,5481400,7183.0,7000.0,14795.0,6544.0
2026-07-10 09:15:41,2026-07-10 09:00,7120.0,7085.0,0.49,5930500,7100.0,7060.0,14795.0,6544.0
2026-07-10 09:20:33,2026-07-10 09:05,7070.0,7120.0,-0.7,884200,7100.0,7041.0,14795.0,6544.0
2026-07-10 09:25:35,2026-07-10 09:10,7078.0,7120.0,-0.59,1193500,7100.0,7041.0,14795.0,6544.0
2026-07-10 09:30:41,2026-07-10 09:15,7050.0,7120.0,-0.98,1348100,7100.0,7041.0,14795.0,6544.0
2026-07-10 09:35:43,2026-07-10 09:20,7050.0,7120.0,-0.98,1521600,7100.0,7039.0,14795.0,6544.0
2026-07-10 09:40:34,2026-07-10 09:25,7040.0,7120.0,-1.12,1633700,7100.0,7039.0,14795.0,6544.0
2026-07-10 09:46:07,2026-07-10 09:31,7028.0,7120.0,-1.29,1798700,7100.0,7027.0,14795.0,6544.0
2026-07-10 09:50:30,2026-07-10 09:35,7041.0,7120.0,-1.11,1962200,7100.0,7008.0,14795.0,6544.0
2026-07-10 09:55:35,2026-07-10 09:40,7039.0,7120.0,-1.14,2019400,7100.0,7008.0,14795.0,6544.0
2026-07-10 10:00:31,2026-07-10 09:45,7042.0,7120.0,-1.1,2070300,7100.0,7008.0,14795.0,6544.0
2026-07-10 10:05:34,2026-07-10 09:50,7022.0,7120.0,-1.38,2145100,7100.0,7008.0,14795.0,6544.0
2026-07-10 10:10:39,2026-07-10 09:55,7028.0,7120.0,-1.29,2187400,7100.0,7008.0,14795.0,6544.0
2026-07-10 10:15:35,2026-07-10 10:00,7036.0,7120.0,-1.18,2234600,7100.0,7008.0,14795.0,6544.0
2026-07-10 10:20:35,2026-07-10 10:05,7025.0,7120.0,-1.33,2279100,7100.0,7008.0,14795.0,6544.0
2026-07-10 10:25:41,2026-07-10 10:10,7018.0,7120.0,-1.43,2333100,7100.0,7008.0,14795.0,6544.0
2026-07-10 10:30:32,2026-07-10 10:15,7010.0,7120.0,-1.54,2458200,7100.0,7004.0,14795.0,6544.0
2026-07-10 10:35:30,2026-07-10 10:20,7012.0,7120.0,-1.52,2502000,7100.0,7004.0,14795.0,6544.0
2026-07-10 10:40:30,2026-07-10 10:25,7019.0,7120.0,-1.42,2566200,7100.0,7004.0,14795.0,6544.0
2026-07-10 10:45:34,2026-07-10 10:30,7040.0,7120.0,-1.12,2659300,7100.0,7004.0,14795.0,6544.0
2026-07-10 10:50:43,2026-07-10 10:35,7031.0,7120.0,-1.25,2756100,7100.0,7004.0,14795.0,6544.0
2026-07-10 10:55:47,2026-07-10 10:40,7032.0,7120.0,-1.24,2806100,7100.0,7004.0,14795.0,6544.0
2026-07-10 11:00:33,2026-07-10 10:45,7036.0,7120.0,-1.18,2828700,7100.0,7004.0,14795.0,6544.0
2026-07-10 11:05:38,2026-07-10 10:50,7033.0,7120.0,-1.22,2860600,7100.0,7004.0,14795.0,6544.0
2026-07-10 11:10:41,2026-07-10 10:55,7034.0,7120.0,-1.21,2881700,7100.0,7004.0,14795.0,6544.0
2026-07-10 11:15:36,2026-07-10 11:00,7036.0,7120.0,-1.18,2916700,7100.0,7004.0,14795.0,6544.0
2026-07-10 11:20:38,2026-07-10 11:05,7038.0,7120.0,-1.15,2945900,7100.0,7004.0,14795.0,6544.0
2026-07-10 11:25:42,2026-07-10 11:10,7043.0,7120.0,-1.08,3009700,7100.0,7004.0,14795.0,6544.0
2026-07-10 11:30:44,2026-07-10 11:15,7044.0,7120.0,-1.07,3080200,7100.0,7004.0,14795.0,6544.0
2026-07-10 12:30:33,2026-07-10 11:30,7033.0,7120.0,-1.22,3209100,7100.0,7004.0,14795.0,6544.0
2026-07-10 12:35:33,2026-07-10 11:30,7033.0,7120.0,-1.22,3209100,7100.0,7004.0,14795.0,6544.0
2026-07-10 12:40:40,2026-07-10 11:30,7033.0,7120.0,-1.22,3209100,7100.0,7004.0,14795.0,6544.0
2026-07-10 12:45:37,2026-07-10 12:30,7035.0,7120.0,-1.19,3284600,7100.0,7004.0,14795.0,6544.0
2026-07-10 12:50:51,2026-07-10 12:35,7046.0,7120.0,-1.04,3356400,7100.0,7004.0,14795.0,6544.0
2026-07-10 12:55:30,2026-07-10 12:40,7042.0,7120.0,-1.1,3417200,7100.0,7004.0,14795.0,6544.0
2026-07-10 13:00:56,2026-07-10 12:45,7046.0,7120.0,-1.04,3465400,7100.0,7004.0,14795.0,6544.0
2026-07-10 13:05:36,2026-07-10 12:50,7051.0,7120.0,-0.97,3521100,7100.0,7004.0,14795.0,6544.0
2026-07-10 13:10:36,2026-07-10 12:55,7050.0,7120.0,-0.98,3566600,7100.0,7004.0,14795.0,6544.0
2026-07-10 13:15:36,2026-07-10 13:00,7043.0,7120.0,-1.08,3606200,7100.0,7004.0,14795.0,6544.0
2026-07-10 13:20:36,2026-07-10 13:05,7043.0,7120.0,-1.08,3635000,7100.0,7004.0,14795.0,6544.0
2026-07-10 13:25:35,2026-07-10 13:10,7031.0,7120.0,-1.25,3711500,7100.0,7004.0,14795.0,6544.0
2026-07-10 13:30:34,2026-07-10 13:15,7029.0,7120.0,-1.28,3752700,7100.0,7004.0,14795.0,6544.0
2026-07-10 13:35:44,2026-07-10 13:20,7029.0,7120.0,-1.28,3773800,7100.0,7004.0,14795.0,6544.0
2026-07-10 13:40:40,2026-07-10 13:25,7022.0,7120.0,-1.38,3808600,7100.0,7004.0,14795.0,6544.0
2026-07-10 13:45:33,2026-07-10 13:30,7026.0,7120.0,-1.32,3825900,7100.0,7004.0,14795.0,6544.0
2026-07-10 13:50:35,2026-07-10 13:35,7021.0,7120.0,-1.39,3901000,7100.0,7004.0,14795.0,6544.0
2026-07-10 13:55:36,2026-07-10 13:40,7017.0,7120.0,-1.45,3916000,7100.0,7004.0,14795.0,6544.0
2026-07-10 14:00:47,2026-07-10 13:45,7021.0,7120.0,-1.39,3942000,7100.0,7004.0,14795.0,6544.0
2026-07-10 14:05:41,2026-07-10 13:50,7020.0,7120.0,-1.4,3965600,7100.0,7004.0,14795.0,6544.0
2026-07-10 14:10:41,2026-07-10 13:55,7026.0,7120.0,-1.32,4020300,7100.0,7004.0,14795.0,6544.0
2026-07-10 14:15:30,2026-07-10 14:00,7025.0,7120.0,-1.33,4070400,7100.0,7004.0,14795.0,6544.0
2026-07-10 14:20:37,2026-07-10 14:05,7023.0,7120.0,-1.36,4083700,7100.0,7004.0,14795.0,6544.0
2026-07-10 14:25:34,2026-07-10 14:10,7019.0,7120.0,-1.42,4109300,7100.0,7004.0,14795.0,6544.0
2026-07-10 14:30:38,2026-07-10 14:15,7014.0,7120.0,-1.49,4152900,7100.0,7004.0,14795.0,6544.0
2026-07-10 14:35:34,2026-07-10 14:20,7012.0,7120.0,-1.52,4189600,7100.0,7004.0,14795.0,6544.0
2026-07-10 14:40:36,2026-07-10 14:25,7012.0,7120.0,-1.52,4212500,7100.0,7004.0,14795.0,6544.0
2026-07-10 14:45:50,2026-07-10 14:30,7012.0,7120.0,-1.52,4242000,7100.0,7004.0,14795.0,6544.0
2026-07-10 14:50:39,2026-07-10 14:35,7019.0,7120.0,-1.42,4269800,7100.0,7004.0,14795.0,6544.0
2026-07-10 14:55:36,2026-07-10 14:40,7029.0,7120.0,-1.28,4355400,7100.0,7004.0,14795.0,6544.0
2026-07-10 15:00:38,2026-07-10 14:45,7025.0,7120.0,-1.33,4407800,7100.0,7004.0,14795.0,6544.0
2026-07-10 15:05:38,2026-07-10 14:50,7030.0,7120.0,-1.26,4440400,7100.0,7004.0,14795.0,6544.0
2026-07-10 15:10:42,2026-07-10 14:55,7033.0,7120.0,-1.22,4476100,7100.0,7004.0,14795.0,6544.0
2026-07-10 15:15:33,2026-07-10 15:00,7028.0,7120.0,-1.29,4566900,7100.0,7004.0,14795.0,6544.0
2026-07-10 15:20:43,2026-07-10 15:05,7027.0,7120.0,-1.31,4634000,7100.0,7004.0,14795.0,6544.0
2026-07-10 15:25:35,2026-07-10 15:10,7040.0,7120.0,-1.12,4792400,7100.0,7004.0,14795.0,6544.0
2026-07-10 15:30:57,2026-07-10 15:15,7043.0,7120.0,-1.08,4923200,7100.0,7004.0,14795.0,6544.0
2026-07-10 15:40:41,2026-07-10 15:24,7019.0,7120.0,-1.42,5345600,7100.0,7004.0,14795.0,6544.0
2026-07-13 09:00:32,2026-07-10 15:30,7030.0,7120.0,-1.26,6895400,7100.0,7004.0,14795.0,6544.0
2026-07-13 09:05:35,2026-07-10 15:30,7030.0,7120.0,-1.26,6895400,7100.0,7004.0,14795.0,6544.0
2026-07-13 09:10:40,2026-07-10 15:30,7030.0,7120.0,-1.26,6895400,7100.0,7004.0,14795.0,6544.0
2026-07-13 09:15:34,2026-07-13 09:00,6987.0,7120.0,-1.87,7431800,7075.0,6981.0,14795.0,6544.0
2026-07-13 09:20:38,2026-07-13 09:05,7015.0,7030.0,-0.21,799100,7075.0,6974.0,14795.0,6544.0
2026-07-13 09:25:43,2026-07-13 09:10,7010.0,7030.0,-0.28,1030700,7075.0,6974.0,14795.0,6544.0
2026-07-13 09:30:47,2026-07-13 09:15,7006.0,7030.0,-0.34,1172800,7075.0,6974.0,14795.0,6544.0
2026-07-13 09:36:53,2026-07-13 09:21,7005.0,7030.0,-0.36,1266800,7075.0,6974.0,14795.0,6544.0
2026-07-13 09:40:59,2026-07-13 09:25,6973.0,7030.0,-0.81,1568000,7075.0,6971.0,14795.0,6544.0
2026-07-13 09:47:20,2026-07-13 09:32,6971.0,7030.0,-0.84,1750500,7075.0,6967.0,14795.0,6544.0
2026-07-13 09:52:11,2026-07-13 09:37,6974.0,7030.0,-0.8,1948600,7075.0,6952.0,14795.0,6544.0
2026-07-13 09:58:09,2026-07-13 09:43,6975.0,7030.0,-0.78,2097200,7075.0,6952.0,14795.0,6544.0
2026-07-13 10:03:56,2026-07-13 09:48,6979.0,7030.0,-0.73,2241800,7075.0,6952.0,14795.0,6544.0
2026-07-13 10:06:39,2026-07-13 09:51,6985.0,7030.0,-0.64,2286800,7075.0,6952.0,14795.0,6544.0
2026-07-13 10:12:21,2026-07-13 09:57,6973.0,7030.0,-0.81,2367300,7075.0,6952.0,14795.0,6544.0
2026-07-13 10:15:44,2026-07-13 10:00,6962.0,7030.0,-0.97,2421600,7075.0,6952.0,14795.0,6544.0
2026-07-13 10:20:36,2026-07-13 10:05,6980.0,7030.0,-0.71,2469200,7075.0,6952.0,14795.0,6544.0
2026-07-13 10:25:45,2026-07-13 10:10,6990.0,7030.0,-0.57,2622500,7075.0,6952.0,14795.0,6544.0
2026-07-13 10:30:37,2026-07-13 10:15,6992.0,7030.0,-0.54,2724100,7075.0,6952.0,14795.0,6544.0
2026-07-13 10:35:35,2026-07-13 10:20,7010.0,7030.0,-0.28,2894700,7075.0,6952.0,14795.0,6544.0
2026-07-13 10:40:36,2026-07-13 10:25,7013.0,7030.0,-0.24,3000500,7075.0,6952.0,14795.0,6544.0
2026-07-13 10:47:42,2026-07-13 10:32,7008.0,7030.0,-0.31,3128200,7075.0,6952.0,14795.0,6544.0
2026-07-13 10:50:45,2026-07-13 10:35,7008.0,7030.0,-0.31,3173400,7075.0,6952.0,14795.0,6544.0
2026-07-13 10:55:33,2026-07-13 10:40,7012.0,7030.0,-0.26,3261700,7075.0,6952.0,14795.0,6544.0
2026-07-13 11:00:30,2026-07-13 10:45,7018.0,7030.0,-0.17,3409700,7075.0,6952.0,14795.0,6544.0
2026-07-13 11:05:36,2026-07-13 10:50,7025.0,7030.0,-0.07,3596600,7075.0,6952.0,14795.0,6544.0
2026-07-13 11:10:35,2026-07-13 10:55,7017.0,7030.0,-0.18,3658300,7075.0,6952.0,14795.0,6544.0
2026-07-13 11:15:33,2026-07-13 11:00,7021.0,7030.0,-0.13,3729600,7075.0,6952.0,14795.0,6544.0
2026-07-13 11:20:33,2026-07-13 11:05,7032.0,7030.0,0.03,3839000,7075.0,6952.0,14795.0,6544.0
2026-07-13 11:25:42,2026-07-13 11:10,7042.0,7030.0,0.17,4018000,7075.0,6952.0,14795.0,6544.0
2026-07-13 11:30:34,2026-07-13 11:15,7110.0,7030.0,1.14,4242900,7115.0,6952.0,14795.0,6544.0
2026-07-13 12:30:38,2026-07-13 11:30,7057.0,7030.0,0.38,4528700,7115.0,6952.0,14795.0,6544.0
2026-07-13 12:35:32,2026-07-13 11:30,7057.0,7030.0,0.38,4528700,7115.0,6952.0,14795.0,6544.0
2026-07-13 12:40:31,2026-07-13 11:30,7057.0,7030.0,0.38,4528700,7115.0,6952.0,14795.0,6544.0
2026-07-13 12:45:33,2026-07-13 12:30,7062.0,7030.0,0.46,4635900,7115.0,6952.0,14795.0,6544.0
2026-07-13 12:50:34,2026-07-13 12:35,7072.0,7030.0,0.6,4764300,7115.0,6952.0,14795.0,6544.0
2026-07-13 12:56:15,2026-07-13 12:41,7071.0,7030.0,0.58,4913500,7115.0,6952.0,14795.0,6544.0
2026-07-13 13:00:31,2026-07-13 12:45,7081.0,7030.0,0.73,5000500,7115.0,6952.0,14795.0,6544.0
2026-07-13 13:05:39,2026-07-13 12:50,7076.0,7030.0,0.65,5111800,7115.0,6952.0,14795.0,6544.0
2026-07-13 13:10:33,2026-07-13 12:55,7070.0,7030.0,0.57,5170100,7115.0,6952.0,14795.0,6544.0
2026-07-13 13:15:33,2026-07-13 13:00,7067.0,7030.0,0.53,5212800,7115.0,6952.0,14795.0,6544.0
2026-07-13 13:22:37,2026-07-13 13:07,7063.0,7030.0,0.47,5308500,7115.0,6952.0,14795.0,6544.0
2026-07-13 13:25:33,2026-07-13 13:10,7059.0,7030.0,0.41,5348900,7115.0,6952.0,14795.0,6544.0
2026-07-13 13:32:41,2026-07-13 13:17,7053.0,7030.0,0.33,5388200,7115.0,6952.0,14795.0,6544.0
2026-07-13 13:35:43,2026-07-13 13:20,7048.0,7030.0,0.26,5440400,7115.0,6952.0,14795.0,6544.0
2026-07-13 13:40:32,2026-07-13 13:25,7051.0,7030.0,0.3,5470900,7115.0,6952.0,14795.0,6544.0
2026-07-13 13:45:42,2026-07-13 13:30,7050.0,7030.0,0.28,5495700,7115.0,6952.0,14795.0,6544.0
2026-07-13 13:50:34,2026-07-13 13:35,7056.0,7030.0,0.37,5557700,7115.0,6952.0,14795.0,6544.0
2026-07-13 13:55:44,2026-07-13 13:40,7063.0,7030.0,0.47,5611800,7115.0,6952.0,14795.0,6544.0
2026-07-13 14:00:30,2026-07-13 13:45,7064.0,7030.0,0.48,5645200,7115.0,6952.0,14795.0,6544.0
2026-07-13 14:05:30,2026-07-13 13:50,7064.0,7030.0,0.48,5668000,7115.0,6952.0,14795.0,6544.0
2026-07-13 14:10:30,2026-07-13 13:55,7070.0,7030.0,0.57,5711400,7115.0,6952.0,14795.0,6544.0
2026-07-13 14:15:44,2026-07-13 14:00,7062.0,7030.0,0.46,5755700,7115.0,6952.0,14795.0,6544.0
2026-07-13 14:20:33,2026-07-13 14:05,7070.0,7030.0,0.57,5791100,7115.0,6952.0,14795.0,6544.0
2026-07-13 14:25:41,2026-07-13 14:10,7079.0,7030.0,0.7,5864900,7115.0,6952.0,14795.0,6544.0
2026-07-13 14:30:35,2026-07-13 14:15,7077.0,7030.0,0.67,5909500,7115.0,6952.0,14795.0,6544.0
2026-07-13 14:35:37,2026-07-13 14:20,7083.0,7030.0,0.75,5980900,7115.0,6952.0,14795.0,6544.0
2026-07-13 14:40:34,2026-07-13 14:25,7078.0,7030.0,0.68,6026800,7115.0,6952.0,14795.0,6544.0
2026-07-13 14:45:35,2026-07-13 14:30,7079.0,7030.0,0.7,6054100,7115.0,6952.0,14795.0,6544.0
2026-07-13 14:50:34,2026-07-13 14:35,7080.0,7030.0,0.71,6114500,7115.0,6952.0,14795.0,6544.0
2026-07-13 14:55:30,2026-07-13 14:40,7084.0,7030.0,0.77,6164800,7115.0,6952.0,14795.0,6544.0
2026-07-13 15:00:32,2026-07-13 14:45,7083.0,7030.0,0.75,6216100,7115.0,6952.0,14795.0,6544.0
2026-07-13 15:05:44,2026-07-13 14:50,7091.0,7030.0,0.87,6279800,7115.0,6952.0,14795.0,6544.0
2026-07-13 15:10:31,2026-07-13 14:55,7088.0,7030.0,0.83,6338400,7115.0,6952.0,14795.0,6544.0
2026-07-13 15:15:39,2026-07-13 15:00,7087.0,7030.0,0.81,6391400,7115.0,6952.0,14795.0,6544.0
2026-07-13 15:20:39,2026-07-13 15:05,7080.0,7030.0,0.71,6495900,7115.0,6952.0,14795.0,6544.0
2026-07-13 15:25:38,2026-07-13 15:10,7090.0,7030.0,0.85,6617300,7115.0,6952.0,14795.0,6544.0
2026-07-13 15:30:31,2026-07-13 15:15,7091.0,7030.0,0.87,6716800,7115.0,6952.0,14795.0,6544.0
2026-07-13 15:40:33,2026-07-13 15:24,7095.0,7030.0,0.92,7004900,7115.0,6952.0,14795.0,6544.0
2026-07-14 09:00:31,2026-07-13 15:30,7106.0,7030.0,1.08,8096900,7115.0,6952.0,14795.0,6544.0
2026-07-14 09:05:35,2026-07-13 15:30,7106.0,7030.0,1.08,8096900,7115.0,6952.0,14795.0,6544.0
2026-07-14 09:10:59,2026-07-13 15:30,7106.0,7030.0,1.08,8096900,7115.0,6952.0,14795.0,6544.0
2026-07-14 09:15:32,2026-07-14 09:00,7106.0,7030.0,1.08,8457100,7170.0,7091.0,14795.0,6544.0
2026-07-14 09:20:34,2026-07-14 09:05,7048.0,7106.0,-0.82,798500,7170.0,7032.0,14795.0,6544.0
2026-07-14 09:25:39,2026-07-14 09:10,7067.0,7106.0,-0.55,1057800,7170.0,7032.0,14795.0,6544.0
2026-07-14 09:30:30,2026-07-14 09:15,7053.0,7106.0,-0.75,1224100,7170.0,7032.0,14795.0,6544.0
2026-07-14 09:35:35,2026-07-14 09:20,7098.0,7106.0,-0.11,1418000,7170.0,7032.0,14795.0,6544.0
2026-07-14 09:40:37,2026-07-14 09:25,7089.0,7106.0,-0.24,1562400,7170.0,7032.0,14795.0,6544.0
2026-07-14 09:45:38,2026-07-14 09:30,7114.0,7106.0,0.11,1670000,7170.0,7032.0,14795.0,6544.0
2026-07-14 09:50:32,2026-07-14 09:35,7084.0,7106.0,-0.31,1759300,7170.0,7032.0,14795.0,6544.0
2026-07-14 09:55:36,2026-07-14 09:40,7088.0,7106.0,-0.25,1832100,7170.0,7032.0,14795.0,6544.0
2026-07-14 10:00:32,2026-07-14 09:45,7086.0,7106.0,-0.28,1900300,7170.0,7032.0,14795.0,6544.0
2026-07-14 10:05:32,2026-07-14 09:50,7088.0,7106.0,-0.25,1951500,7170.0,7032.0,14795.0,6544.0
2026-07-14 10:10:31,2026-07-14 09:55,7077.0,7106.0,-0.41,2014500,7170.0,7032.0,14795.0,6544.0
2026-07-14 10:15:41,2026-07-14 10:00,7075.0,7106.0,-0.44,2098400,7170.0,7032.0,14795.0,6544.0
2026-07-14 10:20:33,2026-07-14 10:05,7084.0,7106.0,-0.31,2162700,7170.0,7032.0,14795.0,6544.0
2026-07-14 10:25:32,2026-07-14 10:10,7095.0,7106.0,-0.15,2214300,7170.0,7032.0,14795.0,6544.0
2026-07-14 10:30:38,2026-07-14 10:15,7092.0,7106.0,-0.2,2262500,7170.0,7032.0,14795.0,6544.0
2026-07-14 10:35:42,2026-07-14 10:20,7071.0,7106.0,-0.49,2354500,7170.0,7032.0,14795.0,6544.0
2026-07-14 10:40:42,2026-07-14 10:25,7072.0,7106.0,-0.48,2425800,7170.0,7032.0,14795.0,6544.0
2026-07-14 10:45:35,2026-07-14 10:30,7063.0,7106.0,-0.61,2491500,7170.0,7032.0,14795.0,6544.0
2026-07-14 10:50:36,2026-07-14 10:35,7062.0,7106.0,-0.62,2535000,7170.0,7032.0,14795.0,6544.0
2026-07-14 10:55:36,2026-07-14 10:40,7047.0,7106.0,-0.83,2682500,7170.0,7032.0,14795.0,6544.0
2026-07-14 11:00:31,2026-07-14 10:45,7040.0,7106.0,-0.93,2741000,7170.0,7032.0,14795.0,6544.0
2026-07-14 11:05:39,2026-07-14 10:50,7039.0,7106.0,-0.94,2795600,7170.0,7032.0,14795.0,6544.0
2026-07-14 11:10:46,2026-07-14 10:55,7027.0,7106.0,-1.11,2889500,7170.0,7025.0,14795.0,6544.0
2026-07-14 11:15:39,2026-07-14 11:00,7034.0,7106.0,-1.01,2961400,7170.0,7023.0,14795.0,6544.0
2026-07-14 11:20:58,2026-07-14 11:05,7034.0,7106.0,-1.01,3001600,7170.0,7023.0,14795.0,6544.0
2026-07-14 11:25:31,2026-07-14 11:10,7037.0,7106.0,-0.97,3046500,7170.0,7023.0,14795.0,6544.0
2026-07-14 11:30:56,2026-07-14 11:15,7037.0,7106.0,-0.97,3096400,7170.0,7023.0,14795.0,6544.0
2026-07-14 12:30:44,2026-07-14 11:30,7037.0,7106.0,-0.97,3319500,7170.0,7023.0,14795.0,6544.0
2026-07-14 12:35:36,2026-07-14 11:30,7037.0,7106.0,-0.97,3319500,7170.0,7023.0,14795.0,6544.0
2026-07-14 12:40:32,2026-07-14 11:30,7037.0,7106.0,-0.97,3319500,7170.0,7023.0,14795.0,6544.0
2026-07-14 12:45:36,2026-07-14 12:30,7032.0,7106.0,-1.04,3486200,7170.0,7022.0,14795.0,6544.0
2026-07-14 12:50:32,2026-07-14 12:35,7050.0,7106.0,-0.79,3592000,7170.0,7022.0,14795.0,6544.0
2026-07-14 12:55:42,2026-07-14 12:40,7038.0,7106.0,-0.96,3634600,7170.0,7022.0,14795.0,6544.0
2026-07-14 13:00:54,2026-07-14 12:45,7041.0,7106.0,-0.91,3672900,7170.0,7022.0,14795.0,6544.0
2026-07-14 13:05:39,2026-07-14 12:50,7050.0,7106.0,-0.79,3716700,7170.0,7022.0,14795.0,6544.0
2026-07-14 13:10:40,2026-07-14 12:55,7058.0,7106.0,-0.68,3767900,7170.0,7022.0,14795.0,6544.0
2026-07-14 13:15:38,2026-07-14 13:00,7056.0,7106.0,-0.7,3796100,7170.0,7022.0,14795.0,6544.0
2026-07-14 13:20:39,2026-07-14 13:05,7060.0,7106.0,-0.65,3843500,7170.0,7022.0,14795.0,6544.0
2026-07-14 13:25:31,2026-07-14 13:10,7068.0,7106.0,-0.53,3891500,7170.0,7022.0,14795.0,6544.0
2026-07-14 13:30:36,2026-07-14 13:15,7067.0,7106.0,-0.55,3943500,7170.0,7022.0,14795.0,6544.0
2026-07-14 13:35:31,2026-07-14 13:20,7060.0,7106.0,-0.65,3988600,7170.0,7022.0,14795.0,6544.0
2026-07-14 13:40:51,2026-07-14 13:25,7063.0,7106.0,-0.61,4011300,7170.0,7022.0,14795.0,6544.0
2026-07-14 13:45:31,2026-07-14 13:30,7059.0,7106.0,-0.66,4038000,7170.0,7022.0,14795.0,6544.0
2026-07-14 13:50:36,2026-07-14 13:35,7068.0,7106.0,-0.53,4069700,7170.0,7022.0,14795.0,6544.0
2026-07-14 13:55:34,2026-07-14 13:40,7074.0,7106.0,-0.45,4111000,7170.0,7022.0,14795.0,6544.0
2026-07-14 14:00:37,2026-07-14 13:45,7070.0,7106.0,-0.51,4139600,7170.0,7022.0,14795.0,6544.0
2026-07-14 14:05:32,2026-07-14 13:50,7074.0,7106.0,-0.45,4173100,7170.0,7022.0,14795.0,6544.0
2026-07-14 14:10:34,2026-07-14 13:55,7077.0,7106.0,-0.41,4228100,7170.0,7022.0,14795.0,6544.0
2026-07-14 14:15:32,2026-07-14 14:00,7070.0,7106.0,-0.51,4252200,7170.0,7022.0,14795.0,6544.0
2026-07-14 14:20:35,2026-07-14 14:05,7057.0,7106.0,-0.69,4285800,7170.0,7022.0,14795.0,6544.0
2026-07-14 14:25:38,2026-07-14 14:10,7054.0,7106.0,-0.73,4344200,7170.0,7022.0,14795.0,6544.0
2026-07-14 14:30:30,2026-07-14 14:15,7054.0,7106.0,-0.73,4375400,7170.0,7022.0,14795.0,6544.0
2026-07-14 14:35:39,2026-07-14 14:20,7049.0,7106.0,-0.8,4430600,7170.0,7022.0,14795.0,6544.0
2026-07-14 14:40:36,2026-07-14 14:25,7053.0,7106.0,-0.75,4475300,7170.0,7022.0,14795.0,6544.0
2026-07-14 14:45:35,2026-07-14 14:30,7059.0,7106.0,-0.66,4509200,7170.0,7022.0,14795.0,6544.0
2026-07-14 14:50:32,2026-07-14 14:35,7055.0,7106.0,-0.72,4579100,7170.0,7022.0,14795.0,6544.0
2026-07-14 14:55:38,2026-07-14 14:40,7056.0,7106.0,-0.7,4617300,7170.0,7022.0,14795.0,6544.0
2026-07-14 15:00:39,2026-07-14 14:45,7057.0,7106.0,-0.69,4681900,7170.0,7022.0,14795.0,6544.0
2026-07-14 15:05:48,2026-07-14 14:50,7059.0,7106.0,-0.66,4712200,7170.0,7022.0,14795.0,6544.0
2026-07-14 15:10:32,2026-07-14 14:55,7059.0,7106.0,-0.66,4732500,7170.0,7022.0,14795.0,6544.0
2026-07-14 15:15:43,2026-07-14 15:00,7054.0,7106.0,-0.73,4785400,7170.0,7022.0,14795.0,6544.0
2026-07-14 15:20:39,2026-07-14 15:05,7048.0,7106.0,-0.82,4837800,7170.0,7022.0,14795.0,6544.0
2026-07-14 15:25:30,2026-07-14 15:10,7044.0,7106.0,-0.87,4889100,7170.0,7022.0,14795.0,6544.0
2026-07-14 15:30:38,2026-07-14 15:15,7038.0,7106.0,-0.96,5000100,7170.0,7022.0,14795.0,6544.0
2026-07-14 15:40:56,2026-07-14 15:24,7038.0,7106.0,-0.96,5194100,7170.0,7022.0,14795.0,6544.0
2026-07-15 09:05:30,2026-07-14 15:30,7050.0,7106.0,-0.79,5961600,7170.0,7022.0,14795.0,6544.0
2026-07-15 09:10:30,2026-07-14 15:30,7050.0,7106.0,-0.79,5961600,7170.0,7022.0,14795.0,6544.0
2026-07-15 09:15:44,2026-07-15 09:00,7050.0,7106.0,-0.79,6229900,7072.0,7036.0,14795.0,6544.0
2026-07-15 09:20:30,2026-07-15 09:05,7046.0,7050.0,-0.06,619100,7078.0,7023.0,14795.0,6544.0
2026-07-15 09:25:37,2026-07-15 09:10,7041.0,7050.0,-0.13,804600,7078.0,7023.0,14795.0,6544.0
2026-07-15 09:30:39,2026-07-15 09:15,7047.0,7050.0,-0.04,897100,7078.0,7023.0,14795.0,6544.0
2026-07-15 09:35:30,2026-07-15 09:20,7071.0,7050.0,0.3,990700,7078.0,7023.0,14795.0,6544.0
2026-07-15 09:40:36,2026-07-15 09:25,7065.0,7050.0,0.21,1077700,7078.0,7023.0,14795.0,6544.0
2026-07-15 09:45:32,2026-07-15 09:30,7112.0,7050.0,0.88,1280300,7115.0,7023.0,14795.0,6544.0
2026-07-15 09:50:37,2026-07-15 09:35,7109.0,7050.0,0.84,1416600,7119.0,7023.0,14795.0,6544.0
2026-07-15 09:55:31,2026-07-15 09:40,7067.0,7050.0,0.24,1540800,7119.0,7023.0,14795.0,6544.0
2026-07-15 10:00:41,2026-07-15 09:45,7070.0,7050.0,0.28,1638100,7119.0,7023.0,14795.0,6544.0
2026-07-15 10:05:42,2026-07-15 09:50,7058.0,7050.0,0.11,1700300,7119.0,7023.0,14795.0,6544.0
2026-07-15 10:10:35,2026-07-15 09:55,7046.0,7050.0,-0.06,1802700,7119.0,7023.0,14795.0,6544.0
2026-07-15 10:15:31,2026-07-15 10:00,7044.0,7050.0,-0.09,1844300,7119.0,7023.0,14795.0,6544.0
2026-07-15 10:20:30,2026-07-15 10:05,7050.0,7050.0,0.0,1905600,7119.0,7023.0,14795.0,6544.0
2026-07-15 10:25:31,2026-07-15 10:10,7057.0,7050.0,0.1,1949700,7119.0,7023.0,14795.0,6544.0
2026-07-15 10:30:39,2026-07-15 10:15,7044.0,7050.0,-0.09,2012600,7119.0,7023.0,14795.0,6544.0
2026-07-15 10:35:29,2026-07-15 10:20,7042.0,7050.0,-0.11,2056000,7119.0,7023.0,14795.0,6544.0
2026-07-15 10:40:32,2026-07-15 10:25,7039.0,7050.0,-0.16,2111800,7119.0,7023.0,14795.0,6544.0
2026-07-15 10:45:39,2026-07-15 10:30,7028.0,7050.0,-0.31,2188200,7119.0,7023.0,14795.0,6544.0
2026-07-15 10:50:48,2026-07-15 10:35,7037.0,7050.0,-0.18,2219300,7119.0,7023.0,14795.0,6544.0
2026-07-15 10:55:29,2026-07-15 10:40,7039.0,7050.0,-0.16,2247800,7119.0,7023.0,14795.0,6544.0
2026-07-15 11:00:34,2026-07-15 10:45,7041.0,7050.0,-0.13,2275200,7119.0,7023.0,14795.0,6544.0
2026-07-15 11:05:44,2026-07-15 10:50,7032.0,7050.0,-0.26,2329500,7119.0,7023.0,14795.0,6544.0
2026-07-15 11:10:40,2026-07-15 10:55,7036.0,7050.0,-0.2,2362400,7119.0,7023.0,14795.0,6544.0
2026-07-15 11:15:33,2026-07-15 11:00,7041.0,7050.0,-0.13,2392800,7119.0,7023.0,14795.0,6544.0
2026-07-15 11:20:38,2026-07-15 11:05,7045.0,7050.0,-0.07,2444100,7119.0,7023.0,14795.0,6544.0
2026-07-15 11:25:38,2026-07-15 11:10,7045.0,7050.0,-0.07,2470000,7119.0,7023.0,14795.0,6544.0
2026-07-15 11:30:30,2026-07-15 11:15,7055.0,7050.0,0.07,2523400,7119.0,7023.0,14795.0,6544.0
2026-07-15 12:30:33,2026-07-15 11:30,7046.0,7050.0,-0.06,2683500,7119.0,7023.0,14795.0,6544.0
2026-07-15 12:35:40,2026-07-15 11:30,7046.0,7050.0,-0.06,2683500,7119.0,7023.0,14795.0,6544.0
2026-07-15 12:40:35,2026-07-15 11:30,7046.0,7050.0,-0.06,2683500,7119.0,7023.0,14795.0,6544.0
2026-07-15 12:45:36,2026-07-15 12:30,7038.0,7050.0,-0.17,2845900,7119.0,7023.0,14795.0,6544.0
2026-07-15 12:50:36,2026-07-15 12:35,7034.0,7050.0,-0.23,2990800,7119.0,7023.0,14795.0,6544.0
2026-07-15 12:55:31,2026-07-15 12:40,7037.0,7050.0,-0.18,3052700,7119.0,7023.0,14795.0,6544.0
2026-07-15 13:00:38,2026-07-15 12:45,7040.0,7050.0,-0.14,3092500,7119.0,7023.0,14795.0,6544.0
2026-07-15 13:05:32,2026-07-15 12:50,7035.0,7050.0,-0.21,3125100,7119.0,7023.0,14795.0,6544.0
2026-07-15 13:10:35,2026-07-15 12:55,7034.0,7050.0,-0.23,3161700,7119.0,7023.0,14795.0,6544.0
2026-07-15 13:15:37,2026-07-15 13:00,7038.0,7050.0,-0.17,3200400,7119.0,7023.0,14795.0,6544.0
2026-07-15 13:20:40,2026-07-15 13:05,7034.0,7050.0,-0.23,3251400,7119.0,7023.0,14795.0,6544.0
2026-07-15 13:25:40,2026-07-15 13:10,7038.0,7050.0,-0.17,3294600,7119.0,7023.0,14795.0,6544.0
2026-07-15 13:30:29,2026-07-15 13:15,7037.0,7050.0,-0.18,3308800,7119.0,7023.0,14795.0,6544.0
2026-07-15 13:35:35,2026-07-15 13:20,7037.0,7050.0,-0.18,3332500,7119.0,7023.0,14795.0,6544.0
2026-07-15 13:40:42,2026-07-15 13:25,7034.0,7050.0,-0.23,3393800,7119.0,7023.0,14795.0,6544.0
2026-07-15 13:45:33,2026-07-15 13:30,7034.0,7050.0,-0.23,3409300,7119.0,7023.0,14795.0,6544.0
2026-07-15 13:50:33,2026-07-15 13:35,7035.0,7050.0,-0.21,3442800,7119.0,7023.0,14795.0,6544.0
2026-07-15 13:55:38,2026-07-15 13:40,7035.0,7050.0,-0.21,3480300,7119.0,7023.0,14795.0,6544.0
2026-07-15 14:00:36,2026-07-15 13:45,7035.0,7050.0,-0.21,3498100,7119.0,7023.0,14795.0,6544.0
2026-07-15 14:05:41,2026-07-15 13:50,7036.0,7050.0,-0.2,3526500,7119.0,7023.0,14795.0,6544.0
2026-07-15 14:10:37,2026-07-15 13:55,7038.0,7050.0,-0.17,3563100,7119.0,7023.0,14795.0,6544.0
2026-07-15 14:15:30,2026-07-15 14:00,7039.0,7050.0,-0.16,3601700,7119.0,7023.0,14795.0,6544.0
2026-07-15 14:20:39,2026-07-15 14:05,7048.0,7050.0,-0.03,3686700,7119.0,7023.0,14795.0,6544.0
2026-07-15 14:25:34,2026-07-15 14:10,7046.0,7050.0,-0.06,3722300,7119.0,7023.0,14795.0,6544.0
2026-07-15 14:30:30,2026-07-15 14:15,7048.0,7050.0,-0.03,3766200,7119.0,7023.0,14795.0,6544.0
2026-07-15 14:35:31,2026-07-15 14:20,7045.0,7050.0,-0.07,3793600,7119.0,7023.0,14795.0,6544.0
2026-07-15 14:40:40,2026-07-15 14:25,7043.0,7050.0,-0.1,3824900,7119.0,7023.0,14795.0,6544.0
2026-07-15 14:45:54,2026-07-15 14:30,7042.0,7050.0,-0.11,3863700,7119.0,7023.0,14795.0,6544.0
2026-07-15 14:50:31,2026-07-15 14:35,7044.0,7050.0,-0.09,3885500,7119.0,7023.0,14795.0,6544.0
2026-07-15 14:55:31,2026-07-15 14:40,7045.0,7050.0,-0.07,3904900,7119.0,7023.0,14795.0,6544.0
2026-07-15 15:00:41,2026-07-15 14:45,7050.0,7050.0,0.0,3974100,7119.0,7023.0,14795.0,6544.0
2026-07-15 15:05:33,2026-07-15 14:50,7044.0,7050.0,-0.09,4014900,7119.0,7023.0,14795.0,6544.0
2026-07-15 15:10:30,2026-07-15 14:55,7049.0,7050.0,-0.01,4036700,7119.0,7023.0,14795.0,6544.0
2026-07-15 15:15:32,2026-07-15 15:00,7050.0,7050.0,0.0,4078500,7119.0,7023.0,14795.0,6544.0
2026-07-15 15:20:40,2026-07-15 15:05,7049.0,7050.0,-0.01,4143100,7119.0,7023.0,14795.0,6544.0
2026-07-15 15:25:31,2026-07-15 15:10,7047.0,7050.0,-0.04,4178200,7119.0,7023.0,14795.0,6544.0
2026-07-15 15:30:37,2026-07-15 15:15,7044.0,7050.0,-0.09,4223700,7119.0,7023.0,14795.0,6544.0
2026-07-15 15:41:18,2026-07-15 15:24,7037.0,7050.0,-0.18,4412700,7119.0,7023.0,14795.0,6544.0
2026-07-16 09:05:32,2026-07-15 15:30,7014.0,7050.0,-0.51,5531100,7119.0,7014.0,14795.0,6544.0
2026-07-16 09:10:35,2026-07-15 15:30,7014.0,7050.0,-0.51,5531100,7119.0,7014.0,14795.0,6544.0
2026-07-16 09:15:40,2026-07-16 09:00,7014.0,7050.0,-0.51,5820900,7048.0,7009.0,14795.0,6544.0
2026-07-16 09:20:36,2026-07-16 09:05,7055.0,7014.0,0.58,758400,7055.0,6990.0,14795.0,6544.0
2026-07-16 09:25:32,2026-07-16 09:10,7085.0,7014.0,1.01,1067800,7088.0,6990.0,14795.0,6544.0
2026-07-16 09:30:33,2026-07-16 09:15,7098.0,7014.0,1.2,1554900,7103.0,6990.0,14795.0,6544.0
2026-07-16 09:35:29,2026-07-16 09:20,7101.0,7014.0,1.24,1967800,7112.0,6990.0,14795.0,6544.0
2026-07-16 09:40:32,2026-07-16 09:25,7093.0,7014.0,1.13,2353100,7120.0,6990.0,14795.0,6544.0
2026-07-16 09:45:36,2026-07-16 09:30,7088.0,7014.0,1.06,2503800,7120.0,6990.0,14795.0,6544.0
2026-07-16 09:50:42,2026-07-16 09:35,7078.0,7014.0,0.91,2637200,7120.0,6990.0,14795.0,6544.0
2026-07-16 09:55:33,2026-07-16 09:40,7102.0,7014.0,1.25,2774200,7120.0,6990.0,14795.0,6544.0
2026-07-16 10:00:31,2026-07-16 09:45,7089.0,7014.0,1.07,2869900,7120.0,6990.0,14795.0,6544.0
2026-07-16 10:05:42,2026-07-16 09:50,7089.0,7014.0,1.07,2953500,7120.0,6990.0,14795.0,6544.0
2026-07-16 10:10:40,2026-07-16 09:55,7085.0,7014.0,1.01,3014100,7120.0,6990.0,14795.0,6544.0
2026-07-16 10:15:38,2026-07-16 10:00,7080.0,7014.0,0.94,3090100,7120.0,6990.0,14795.0,6544.0
2026-07-16 10:20:31,2026-07-16 10:05,7083.0,7014.0,0.98,3265300,7120.0,6990.0,14795.0,6544.0
2026-07-16 10:25:43,2026-07-16 10:10,7052.0,7014.0,0.54,3452100,7120.0,6990.0,14795.0,6544.0
2026-07-16 10:30:36,2026-07-16 10:15,7056.0,7014.0,0.6,3548800,7120.0,6990.0,14795.0,6544.0
2026-07-16 10:35:32,2026-07-16 10:20,7056.0,7014.0,0.6,3632700,7120.0,6990.0,14795.0,6544.0
2026-07-16 10:40:33,2026-07-16 10:25,7058.0,7014.0,0.63,3736900,7120.0,6990.0,14795.0,6544.0
2026-07-16 10:45:31,2026-07-16 10:29,7063.0,7014.0,0.7,3794200,7120.0,6990.0,14795.0,6544.0
2026-07-16 10:50:34,2026-07-16 10:35,7041.0,7014.0,0.38,3919900,7120.0,6990.0,14795.0,6544.0
2026-07-16 10:55:38,2026-07-16 10:40,7048.0,7014.0,0.48,4025600,7120.0,6990.0,14795.0,6544.0
2026-07-16 11:00:35,2026-07-16 10:45,7047.0,7014.0,0.47,4108300,7120.0,6990.0,14795.0,6544.0
2026-07-16 11:05:35,2026-07-16 10:50,7057.0,7014.0,0.61,4203200,7120.0,6990.0,14795.0,6544.0
2026-07-16 11:10:34,2026-07-16 10:55,7063.0,7014.0,0.7,4333700,7120.0,6990.0,14795.0,6544.0
2026-07-16 11:15:34,2026-07-16 11:00,7060.0,7014.0,0.66,4401800,7120.0,6990.0,14795.0,6544.0
2026-07-16 11:20:55,2026-07-16 11:05,7059.0,7014.0,0.64,4460200,7120.0,6990.0,14795.0,6544.0
2026-07-16 11:25:35,2026-07-16 11:10,7067.0,7014.0,0.76,4554000,7120.0,6990.0,14795.0,6544.0
2026-07-16 11:30:36,2026-07-16 11:15,7065.0,7014.0,0.73,4646700,7120.0,6990.0,14795.0,6544.0
2026-07-16 12:30:38,2026-07-16 11:30,7076.0,7014.0,0.88,4929500,7120.0,6990.0,14795.0,6544.0
2026-07-16 12:35:33,2026-07-16 11:30,7076.0,7014.0,0.88,4929500,7120.0,6990.0,14795.0,6544.0
2026-07-16 12:40:29,2026-07-16 11:30,7076.0,7014.0,0.88,4929500,7120.0,6990.0,14795.0,6544.0
2026-07-16 12:45:45,2026-07-16 12:30,7073.0,7014.0,0.84,5060400,7120.0,6990.0,14795.0,6544.0
2026-07-16 12:50:34,2026-07-16 12:35,7076.0,7014.0,0.88,5224500,7120.0,6990.0,14795.0,6544.0
2026-07-16 12:55:43,2026-07-16 12:40,7079.0,7014.0,0.93,5278600,7120.0,6990.0,14795.0,6544.0
2026-07-16 13:00:39,2026-07-16 12:45,7079.0,7014.0,0.93,5381600,7120.0,6990.0,14795.0,6544.0
2026-07-16 13:05:38,2026-07-16 12:50,7076.0,7014.0,0.88,5445000,7120.0,6990.0,14795.0,6544.0
2026-07-16 13:10:42,2026-07-16 12:55,7075.0,7014.0,0.87,5527700,7120.0,6990.0,14795.0,6544.0
2026-07-16 13:15:33,2026-07-16 13:00,7072.0,7014.0,0.83,5584600,7120.0,6990.0,14795.0,6544.0
2026-07-16 13:20:42,2026-07-16 13:05,7079.0,7014.0,0.93,5642200,7120.0,6990.0,14795.0,6544.0
2026-07-16 13:25:40,2026-07-16 13:10,7074.0,7014.0,0.86,5675400,7120.0,6990.0,14795.0,6544.0
2026-07-16 13:30:46,2026-07-16 13:15,7079.0,7014.0,0.93,5718500,7120.0,6990.0,14795.0,6544.0
2026-07-16 13:35:32,2026-07-16 13:20,7080.0,7014.0,0.94,5763900,7120.0,6990.0,14795.0,6544.0
2026-07-16 13:40:35,2026-07-16 13:25,7067.0,7014.0,0.76,5851300,7120.0,6990.0,14795.0,6544.0
2026-07-16 13:45:30,2026-07-16 13:30,7054.0,7014.0,0.57,5918600,7120.0,6990.0,14795.0,6544.0
2026-07-16 13:50:33,2026-07-16 13:35,7052.0,7014.0,0.54,5971600,7120.0,6990.0,14795.0,6544.0
2026-07-16 13:55:43,2026-07-16 13:40,7040.0,7014.0,0.37,6085400,7120.0,6990.0,14795.0,6544.0
2026-07-16 14:00:48,2026-07-16 13:45,7055.0,7014.0,0.58,6186400,7120.0,6990.0,14795.0,6544.0
2026-07-16 14:05:34,2026-07-16 13:50,7057.0,7014.0,0.61,6285900,7120.0,6990.0,14795.0,6544.0
2026-07-16 14:10:36,2026-07-16 13:55,7053.0,7014.0,0.56,6337100,7120.0,6990.0,14795.0,6544.0
2026-07-16 14:15:38,2026-07-16 14:00,7056.0,7014.0,0.6,6370300,7120.0,6990.0,14795.0,6544.0
2026-07-16 14:20:33,2026-07-16 14:05,7054.0,7014.0,0.57,6399000,7120.0,6990.0,14795.0,6544.0
2026-07-16 14:25:47,2026-07-16 14:10,7062.0,7014.0,0.68,6441700,7120.0,6990.0,14795.0,6544.0
2026-07-16 14:30:30,2026-07-16 14:15,7066.0,7014.0,0.74,6508000,7120.0,6990.0,14795.0,6544.0
2026-07-16 14:35:39,2026-07-16 14:20,7068.0,7014.0,0.77,6534900,7120.0,6990.0,14795.0,6544.0
2026-07-16 14:40:33,2026-07-16 14:25,7068.0,7014.0,0.77,6618100,7120.0,6990.0,14795.0,6544.0
2026-07-16 14:45:44,2026-07-16 14:30,7072.0,7014.0,0.83,6721800,7120.0,6990.0,14795.0,6544.0
2026-07-16 14:50:34,2026-07-16 14:35,7060.0,7014.0,0.66,6815500,7120.0,6990.0,14795.0,6544.0
2026-07-16 14:55:33,2026-07-16 14:38,7076.0,7014.0,0.88,6844600,7120.0,6990.0,14795.0,6544.0
2026-07-16 15:00:37,2026-07-16 14:45,7079.0,7014.0,0.93,6930500,7120.0,6990.0,14795.0,6544.0
2026-07-16 15:05:29,2026-07-16 14:50,7069.0,7014.0,0.78,6990100,7120.0,6990.0,14795.0,6544.0
2026-07-16 15:10:33,2026-07-16 14:55,7067.0,7014.0,0.76,7049100,7120.0,6990.0,14795.0,6544.0
2026-07-16 15:15:54,2026-07-16 15:00,7069.0,7014.0,0.78,7105700,7120.0,6990.0,14795.0,6544.0
2026-07-16 15:20:42,2026-07-16 15:05,7070.0,7014.0,0.8,7154300,7120.0,6990.0,14795.0,6544.0
2026-07-16 15:25:36,2026-07-16 15:10,7049.0,7014.0,0.5,7269900,7120.0,6990.0,14795.0,6544.0
2026-07-16 15:30:31,2026-07-16 15:15,7056.0,7014.0,0.6,7356300,7120.0,6990.0,14795.0,6544.0
2026-07-16 15:40:37,2026-07-16 15:24,7068.0,7014.0,0.77,7553800,7120.0,6990.0,14795.0,6544.0
2026-07-17 09:05:47,2026-07-16 15:30,7080.0,7014.0,0.94,8822800,7120.0,6990.0,14795.0,6544.0
2026-07-17 09:10:58,2026-07-16 15:30,7080.0,7014.0,0.94,8822800,7120.0,6990.0,14795.0,6544.0
2026-07-17 09:15:32,2026-07-17 09:00,7080.0,7014.0,0.94,9388200,7252.0,7150.0,14795.0,6544.0
2026-07-17 09:20:37,2026-07-17 09:05,7289.0,7080.0,2.95,1324500,7304.0,7150.0,14795.0,6544.0
2026-07-17 09:25:32,2026-07-17 09:10,7255.0,7080.0,2.47,1705500,7304.0,7150.0,14795.0,6544.0
2026-07-17 09:30:34,2026-07-17 09:15,7237.0,7080.0,2.22,2000500,7304.0,7150.0,14795.0,6544.0
2026-07-17 09:35:41,2026-07-17 09:20,7304.0,7080.0,3.16,2380700,7304.0,7150.0,14795.0,6544.0
2026-07-17 09:40:30,2026-07-17 09:25,7283.0,7080.0,2.87,2579200,7306.0,7150.0,14795.0,6544.0
2026-07-17 09:45:34,2026-07-17 09:30,7303.0,7080.0,3.15,2842400,7306.0,7150.0,14795.0,6544.0
2026-07-17 09:50:41,2026-07-17 09:35,7265.0,7080.0,2.61,3066800,7315.0,7150.0,14795.0,6544.0
2026-07-17 09:55:38,2026-07-17 09:40,7310.0,7080.0,3.25,3223300,7315.0,7150.0,14795.0,6544.0
2026-07-17 10:00:41,2026-07-17 09:45,7316.0,7080.0,3.33,3390400,7321.0,7150.0,14795.0,6544.0
2026-07-17 10:05:29,2026-07-17 09:50,7339.0,7080.0,3.66,3781700,7345.0,7150.0,14795.0,6544.0
2026-07-17 10:10:42,2026-07-17 09:55,7389.0,7080.0,4.36,4426700,7394.0,7150.0,14795.0,6544.0
2026-07-17 10:15:33,2026-07-17 10:00,7372.0,7080.0,4.12,4578300,7394.0,7150.0,14795.0,6544.0
2026-07-17 10:20:40,2026-07-17 10:05,7385.0,7080.0,4.31,5002200,7419.0,7150.0,14795.0,6544.0
2026-07-17 10:25:49,2026-07-17 10:10,7410.0,7080.0,4.66,5188700,7419.0,7150.0,14795.0,6544.0
2026-07-17 10:30:32,2026-07-17 10:15,7395.0,7080.0,4.45,5382600,7419.0,7150.0,14795.0,6544.0
2026-07-17 10:35:37,2026-07-17 10:20,7417.0,7080.0,4.76,5528500,7419.0,7150.0,14795.0,6544.0
2026-07-17 10:40:49,2026-07-17 10:25,7384.0,7080.0,4.29,5735000,7429.0,7150.0,14795.0,6544.0
2026-07-17 10:45:46,2026-07-17 10:30,7388.0,7080.0,4.35,5828300,7429.0,7150.0,14795.0,6544.0
2026-07-17 10:50:44,2026-07-17 10:35,7398.0,7080.0,4.49,5945800,7429.0,7150.0,14795.0,6544.0
2026-07-17 10:55:35,2026-07-17 10:40,7401.0,7080.0,4.53,6061000,7429.0,7150.0,14795.0,6544.0
2026-07-17 11:00:44,2026-07-17 10:45,7374.0,7080.0,4.15,6237200,7429.0,7150.0,14795.0,6544.0
2026-07-17 11:05:43,2026-07-17 10:50,7327.0,7080.0,3.49,6441800,7429.0,7150.0,14795.0,6544.0
2026-07-17 11:10:43,2026-07-17 10:55,7335.0,7080.0,3.6,6558900,7429.0,7150.0,14795.0,6544.0
2026-07-17 11:15:34,2026-07-17 11:00,7332.0,7080.0,3.56,6626500,7429.0,7150.0,14795.0,6544.0
2026-07-17 11:20:35,2026-07-17 11:05,7318.0,7080.0,3.36,6696800,7429.0,7150.0,14795.0,6544.0
2026-07-17 11:25:41,2026-07-17 11:10,7304.0,7080.0,3.16,6797800,7429.0,7150.0,14795.0,6544.0
2026-07-17 11:30:30,2026-07-17 11:15,7287.0,7080.0,2.92,6910000,7429.0,7150.0,14795.0,6544.0
2026-07-17 12:30:39,2026-07-17 11:30,7283.0,7080.0,2.87,7168200,7429.0,7150.0,14795.0,6544.0
2026-07-17 12:35:30,2026-07-17 11:30,7283.0,7080.0,2.87,7168200,7429.0,7150.0,14795.0,6544.0
2026-07-17 12:40:37,2026-07-17 11:30,7283.0,7080.0,2.87,7168200,7429.0,7150.0,14795.0,6544.0
2026-07-17 12:45:40,2026-07-17 12:30,7317.0,7080.0,3.35,7382100,7429.0,7150.0,14795.0,6544.0
2026-07-17 12:50:50,2026-07-17 12:35,7358.0,7080.0,3.93,7556100,7429.0,7150.0,14795.0,6544.0
2026-07-17 12:55:32,2026-07-17 12:40,7367.0,7080.0,4.05,7818800,7429.0,7150.0,14795.0,6544.0
2026-07-17 13:00:38,2026-07-17 12:45,7348.0,7080.0,3.79,7944500,7429.0,7150.0,14795.0,6544.0
2026-07-17 13:05:36,2026-07-17 12:50,7342.0,7080.0,3.7,8021300,7429.0,7150.0,14795.0,6544.0
2026-07-17 13:10:47,2026-07-17 12:55,7335.0,7080.0,3.6,8122400,7429.0,7150.0,14795.0,6544.0
2026-07-17 13:15:38,2026-07-17 13:00,7329.0,7080.0,3.52,8212800,7429.0,7150.0,14795.0,6544.0
2026-07-17 13:20:31,2026-07-17 13:05,7334.0,7080.0,3.59,8308200,7429.0,7150.0,14795.0,6544.0
2026-07-17 13:25:30,2026-07-17 13:10,7338.0,7080.0,3.64,8420400,7429.0,7150.0,14795.0,6544.0
2026-07-17 13:30:32,2026-07-17 13:15,7341.0,7080.0,3.69,8510500,7429.0,7150.0,14795.0,6544.0
2026-07-17 13:35:32,2026-07-17 13:20,7345.0,7080.0,3.74,8610100,7429.0,7150.0,14795.0,6544.0
2026-07-17 13:40:41,2026-07-17 13:25,7334.0,7080.0,3.59,8710000,7429.0,7150.0,14795.0,6544.0
2026-07-17 13:45:30,2026-07-17 13:30,7326.0,7080.0,3.47,8806300,7429.0,7150.0,14795.0,6544.0
2026-07-17 13:50:31,2026-07-17 13:35,7326.0,7080.0,3.47,8871200,7429.0,7150.0,14795.0,6544.0
2026-07-17 13:55:34,2026-07-17 13:40,7312.0,7080.0,3.28,8968400,7429.0,7150.0,14795.0,6544.0
2026-07-17 14:00:42,2026-07-17 13:45,7307.0,7080.0,3.21,9104500,7429.0,7150.0,14795.0,6544.0
2026-07-17 14:05:36,2026-07-17 13:50,7292.0,7080.0,2.99,9167500,7429.0,7150.0,14795.0,6544.0
2026-07-17 14:10:31,2026-07-17 13:55,7297.0,7080.0,3.06,9214400,7429.0,7150.0,14795.0,6544.0
2026-07-17 14:15:34,2026-07-17 14:00,7286.0,7080.0,2.91,9294400,7429.0,7150.0,14795.0,6544.0
2026-07-17 14:20:38,2026-07-17 14:05,7283.0,7080.0,2.87,9361100,7429.0,7150.0,14795.0,6544.0
2026-07-17 14:25:47,2026-07-17 14:10,7303.0,7080.0,3.15,9445300,7429.0,7150.0,14795.0,6544.0
2026-07-17 14:30:33,2026-07-17 14:15,7302.0,7080.0,3.14,9504600,7429.0,7150.0,14795.0,6544.0
2026-07-17 14:35:52,2026-07-17 14:20,7287.0,7080.0,2.92,9554900,7429.0,7150.0,14795.0,6544.0
2026-07-17 14:40:30,2026-07-17 14:25,7283.0,7080.0,2.87,9598500,7429.0,7150.0,14795.0,6544.0
2026-07-17 14:45:35,2026-07-17 14:30,7288.0,7080.0,2.94,9647200,7429.0,7150.0,14795.0,6544.0
2026-07-17 14:50:29,2026-07-17 14:35,7278.0,7080.0,2.8,9723600,7429.0,7150.0,14795.0,6544.0
2026-07-17 14:55:40,2026-07-17 14:40,7287.0,7080.0,2.92,9804000,7429.0,7150.0,14795.0,6544.0
2026-07-17 15:00:29,2026-07-17 14:45,7296.0,7080.0,3.05,9857500,7429.0,7150.0,14795.0,6544.0
2026-07-17 15:05:57,2026-07-17 14:50,7291.0,7080.0,2.98,9912600,7429.0,7150.0,14795.0,6544.0
2026-07-17 15:10:33,2026-07-17 14:55,7292.0,7080.0,2.99,9974700,7429.0,7150.0,14795.0,6544.0
2026-07-17 15:15:37,2026-07-17 15:00,7290.0,7080.0,2.97,10035200,7429.0,7150.0,14795.0,6544.0
2026-07-17 15:20:38,2026-07-17 15:05,7292.0,7080.0,2.99,10105400,7429.0,7150.0,14795.0,6544.0
2026-07-17 15:25:47,2026-07-17 15:10,7291.0,7080.0,2.98,10218500,7429.0,7150.0,14795.0,6544.0
2026-07-17 15:30:36,2026-07-17 15:15,7300.0,7080.0,3.11,10325800,7429.0,7150.0,14795.0,6544.0
2026-07-17 15:40:43,2026-07-17 15:24,7296.0,7080.0,3.05,10570800,7429.0,7150.0,14795.0,6544.0
2026-07-21 09:05:31,2026-07-17 15:30,7294.0,7080.0,3.02,12157200,7429.0,7150.0,14795.0,6544.0
2026-07-21 09:10:32,2026-07-17 15:30,7294.0,7080.0,3.02,12157200,7429.0,7150.0,14795.0,6544.0
2026-07-21 09:15:30,2026-07-17 15:30,7294.0,7080.0,3.02,12157200,7429.0,7150.0,14795.0,6544.0
2026-07-21 09:20:40,2026-07-21 09:05,6969.0,7294.0,-4.46,2149900,7060.0,6956.0,14795.0,6544.0
2026-07-21 09:25:44,2026-07-21 09:10,6943.0,7294.0,-4.81,3262300,7060.0,6916.0,14795.0,6544.0
2026-07-21 09:30:40,2026-07-21 09:15,7016.0,7294.0,-3.81,3800300,7060.0,6916.0,14795.0,6544.0
2026-07-21 09:35:44,2026-07-21 09:20,7002.0,7294.0,-4.0,4185100,7060.0,6916.0,14795.0,6544.0
2026-07-21 09:40:35,2026-07-21 09:25,7021.0,7294.0,-3.74,4410500,7060.0,6916.0,14795.0,6544.0
2026-07-21 09:45:35,2026-07-21 09:30,7008.0,7294.0,-3.92,4600600,7060.0,6916.0,14795.0,6544.0
2026-07-21 09:50:31,2026-07-21 09:35,7001.0,7294.0,-4.02,4741000,7060.0,6916.0,14795.0,6544.0
2026-07-21 09:55:37,2026-07-21 09:40,7008.0,7294.0,-3.92,4955900,7060.0,6916.0,14795.0,6544.0
2026-07-21 10:00:30,2026-07-21 09:45,7014.0,7294.0,-3.84,5092600,7060.0,6916.0,14795.0,6544.0
2026-07-21 10:05:52,2026-07-21 09:50,6997.0,7294.0,-4.07,5245800,7060.0,6916.0,14795.0,6544.0
2026-07-21 10:10:30,2026-07-21 09:55,7001.0,7294.0,-4.02,5454300,7060.0,6916.0,14795.0,6544.0
2026-07-21 10:15:33,2026-07-21 10:00,7003.0,7294.0,-3.99,5543900,7060.0,6916.0,14795.0,6544.0
2026-07-21 10:20:35,2026-07-21 10:05,6978.0,7294.0,-4.33,5845800,7060.0,6916.0,14795.0,6544.0
2026-07-21 10:25:30,2026-07-21 10:10,7005.0,7294.0,-3.96,6039000,7060.0,6916.0,14795.0,6544.0
2026-07-21 10:30:34,2026-07-21 10:15,7021.0,7294.0,-3.74,6185900,7060.0,6916.0,14795.0,6544.0
2026-07-21 10:35:33,2026-07-21 10:20,6999.0,7294.0,-4.04,6344500,7060.0,6916.0,14795.0,6544.0
2026-07-21 10:40:29,2026-07-21 10:25,7011.0,7294.0,-3.88,6436200,7060.0,6916.0,14795.0,6544.0
2026-07-21 10:45:41,2026-07-21 10:30,7003.0,7294.0,-3.99,6572100,7060.0,6916.0,14795.0,6544.0
2026-07-21 10:50:49,2026-07-21 10:35,7003.0,7294.0,-3.99,6671700,7060.0,6916.0,14795.0,6544.0
2026-07-21 10:55:45,2026-07-21 10:40,7005.0,7294.0,-3.96,6784100,7060.0,6916.0,14795.0,6544.0
2026-07-21 11:00:31,2026-07-21 10:45,7006.0,7294.0,-3.95,6872900,7060.0,6916.0,14795.0,6544.0
2026-07-21 11:05:37,2026-07-21 10:50,7009.0,7294.0,-3.91,7009000,7060.0,6916.0,14795.0,6544.0
2026-07-21 11:10:39,2026-07-21 10:55,7014.0,7294.0,-3.84,7092800,7060.0,6916.0,14795.0,6544.0
2026-07-21 11:15:31,2026-07-21 11:00,7007.0,7294.0,-3.93,7159400,7060.0,6916.0,14795.0,6544.0
2026-07-21 11:20:33,2026-07-21 11:05,7012.0,7294.0,-3.87,7223700,7060.0,6916.0,14795.0,6544.0
2026-07-21 11:25:36,2026-07-21 11:10,7014.0,7294.0,-3.84,7276600,7060.0,6916.0,14795.0,6544.0
2026-07-21 11:30:40,2026-07-21 11:15,7004.0,7294.0,-3.98,7345200,7060.0,6916.0,14795.0,6544.0
2026-07-21 12:30:34,2026-07-21 11:30,7007.0,7294.0,-3.93,7553400,7060.0,6916.0,14795.0,6544.0
2026-07-21 12:35:31,2026-07-21 11:30,7007.0,7294.0,-3.93,7553400,7060.0,6916.0,14795.0,6544.0
2026-07-21 12:40:29,2026-07-21 11:30,7007.0,7294.0,-3.93,7553400,7060.0,6916.0,14795.0,6544.0
2026-07-21 12:45:55,2026-07-21 12:30,7007.0,7294.0,-3.93,7843500,7060.0,6916.0,14795.0,6544.0
2026-07-21 12:50:34,2026-07-21 12:35,7003.0,7294.0,-3.99,8007200,7060.0,6916.0,14795.0,6544.0
2026-07-21 12:55:36,2026-07-21 12:40,7007.0,7294.0,-3.93,8148100,7060.0,6916.0,14795.0,6544.0
2026-07-21 13:00:31,2026-07-21 12:45,7001.0,7294.0,-4.02,8242900,7060.0,6916.0,14795.0,6544.0
2026-07-21 13:05:32,2026-07-21 12:50,6991.0,7294.0,-4.15,8433900,7060.0,6916.0,14795.0,6544.0
2026-07-21 13:10:38,2026-07-21 12:55,6998.0,7294.0,-4.06,8546200,7060.0,6916.0,14795.0,6544.0
2026-07-21 13:15:39,2026-07-21 13:00,6998.0,7294.0,-4.06,8620600,7060.0,6916.0,14795.0,6544.0
2026-07-21 13:20:51,2026-07-21 13:05,6985.0,7294.0,-4.24,8867500,7060.0,6916.0,14795.0,6544.0
2026-07-21 13:25:31,2026-07-21 13:10,6990.0,7294.0,-4.17,8944300,7060.0,6916.0,14795.0,6544.0
2026-07-21 13:30:45,2026-07-21 13:15,6983.0,7294.0,-4.26,9034200,7060.0,6916.0,14795.0,6544.0
2026-07-21 13:35:36,2026-07-21 13:20,6988.0,7294.0,-4.2,9103200,7060.0,6916.0,14795.0,6544.0
2026-07-21 13:40:42,2026-07-21 13:25,6987.0,7294.0,-4.21,9169000,7060.0,6916.0,14795.0,6544.0
2026-07-21 13:45:38,2026-07-21 13:30,6986.0,7294.0,-4.22,9252400,7060.0,6916.0,14795.0,6544.0
2026-07-21 13:50:31,2026-07-21 13:35,6986.0,7294.0,-4.22,9293500,7060.0,6916.0,14795.0,6544.0
2026-07-21 13:55:38,2026-07-21 13:40,6989.0,7294.0,-4.18,9425200,7060.0,6916.0,14795.0,6544.0
2026-07-21 14:00:48,2026-07-21 13:45,6982.0,7294.0,-4.28,9529700,7060.0,6916.0,14795.0,6544.0
2026-07-21 14:05:37,2026-07-21 13:50,6986.0,7294.0,-4.22,9574700,7060.0,6916.0,14795.0,6544.0
2026-07-21 14:10:38,2026-07-21 13:55,6986.0,7294.0,-4.22,9619900,7060.0,6916.0,14795.0,6544.0
2026-07-21 14:15:39,2026-07-21 14:00,6990.0,7294.0,-4.17,9668900,7060.0,6916.0,14795.0,6544.0
2026-07-21 14:20:39,2026-07-21 14:05,6987.0,7294.0,-4.21,9732100,7060.0,6916.0,14795.0,6544.0
2026-07-21 14:25:34,2026-07-21 14:10,6982.0,7294.0,-4.28,9842500,7060.0,6916.0,14795.0,6544.0
2026-07-21 14:30:42,2026-07-21 14:15,6982.0,7294.0,-4.28,9894600,7060.0,6916.0,14795.0,6544.0
2026-07-21 14:35:39,2026-07-21 14:20,6984.0,7294.0,-4.25,9956500,7060.0,6916.0,14795.0,6544.0
2026-07-21 14:40:30,2026-07-21 14:25,6961.0,7294.0,-4.57,10427800,7060.0,6916.0,14795.0,6544.0
2026-07-21 14:45:37,2026-07-21 14:30,6962.0,7294.0,-4.55,10578500,7060.0,6916.0,14795.0,6544.0
2026-07-21 14:50:44,2026-07-21 14:35,6974.0,7294.0,-4.39,10646000,7060.0,6916.0,14795.0,6544.0
2026-07-21 14:55:36,2026-07-21 14:40,6978.0,7294.0,-4.33,10715000,7060.0,6916.0,14795.0,6544.0
2026-07-21 15:00:39,2026-07-21 14:45,6973.0,7294.0,-4.4,10783200,7060.0,6916.0,14795.0,6544.0
2026-07-21 15:05:42,2026-07-21 14:50,6981.0,7294.0,-4.29,10868800,7060.0,6916.0,14795.0,6544.0
2026-07-21 15:10:46,2026-07-21 14:55,6979.0,7294.0,-4.32,10951700,7060.0,6916.0,14795.0,6544.0
2026-07-21 15:15:41,2026-07-21 15:00,6976.0,7294.0,-4.36,11039800,7060.0,6916.0,14795.0,6544.0
2026-07-21 15:20:33,2026-07-21 15:05,6979.0,7294.0,-4.32,11137600,7060.0,6916.0,14795.0,6544.0
2026-07-21 15:25:34,2026-07-21 15:10,6976.0,7294.0,-4.36,11269100,7060.0,6916.0,14795.0,6544.0
2026-07-21 15:30:30,2026-07-21 15:15,6992.0,7294.0,-4.14,11460700,7060.0,6916.0,14795.0,6544.0
2026-07-21 15:40:33,2026-07-21 15:25,6997.0,7294.0,-4.07,11832100,7060.0,6916.0,14795.0,6544.0
2026-07-22 09:05:31,2026-07-21 15:30,6993.0,7294.0,-4.13,13891700,7060.0,6916.0,14795.0,6544.0
2026-07-22 09:10:44,2026-07-21 15:30,6993.0,7294.0,-4.13,13891700,7060.0,6916.0,14795.0,6544.0
2026-07-22 09:15:30,2026-07-22 09:00,6993.0,7294.0,-4.13,14641600,6936.0,6905.0,14795.0,6544.0
2026-07-22 09:20:30,2026-07-22 09:05,6987.0,6993.0,-0.09,1240800,7006.0,6905.0,14795.0,6544.0
2026-07-22 09:25:33,2026-07-22 09:10,6976.0,6993.0,-0.24,1471500,7006.0,6905.0,14795.0,6544.0
2026-07-22 09:30:36,2026-07-22 09:15,6956.0,6993.0,-0.53,1712700,7006.0,6905.0,14795.0,6544.0
2026-07-22 09:35:42,2026-07-22 09:20,6949.0,6993.0,-0.63,1986100,7006.0,6905.0,14795.0,6544.0
2026-07-22 09:40:41,2026-07-22 09:25,6933.0,6993.0,-0.86,2163500,7006.0,6905.0,14795.0,6544.0
2026-07-22 09:45:39,2026-07-22 09:30,6958.0,6993.0,-0.5,2307400,7006.0,6905.0,14795.0,6544.0
2026-07-22 09:50:41,2026-07-22 09:35,6954.0,6993.0,-0.56,2490000,7006.0,6905.0,14795.0,6544.0
2026-07-22 09:55:29,2026-07-22 09:40,6988.0,6993.0,-0.07,2674500,7006.0,6905.0,14795.0,6544.0
2026-07-22 10:00:30,2026-07-22 09:45,6955.0,6993.0,-0.54,2850200,7006.0,6905.0,14795.0,6544.0
2026-07-22 10:05:29,2026-07-22 09:50,6964.0,6993.0,-0.41,2978100,7006.0,6905.0,14795.0,6544.0
2026-07-22 10:10:30,2026-07-22 09:55,6967.0,6993.0,-0.37,3071100,7006.0,6905.0,14795.0,6544.0
2026-07-22 10:15:32,2026-07-22 10:00,6972.0,6993.0,-0.3,3137400,7006.0,6905.0,14795.0,6544.0
2026-07-22 10:20:45,2026-07-22 10:05,6977.0,6993.0,-0.23,3214500,7006.0,6905.0,14795.0,6544.0
2026-07-22 10:25:52,2026-07-22 10:10,6978.0,6993.0,-0.21,3275400,7006.0,6905.0,14795.0,6544.0
2026-07-22 10:30:39,2026-07-22 10:15,6987.0,6993.0,-0.09,3365000,7006.0,6905.0,14795.0,6544.0
2026-07-22 10:35:30,2026-07-22 10:20,6984.0,6993.0,-0.13,3419900,7006.0,6905.0,14795.0,6544.0
2026-07-22 10:40:34,2026-07-22 10:25,6990.0,6993.0,-0.04,3612600,7006.0,6905.0,14795.0,6544.0
2026-07-22 10:45:44,2026-07-22 10:30,6994.0,6993.0,0.01,3657800,7006.0,6905.0,14795.0,6544.0
2026-07-22 10:50:32,2026-07-22 10:35,6996.0,6993.0,0.04,3720700,7006.0,6905.0,14795.0,6544.0
2026-07-22 10:55:41,2026-07-22 10:40,7001.0,6993.0,0.11,3780400,7006.0,6905.0,14795.0,6544.0
2026-07-22 11:00:39,2026-07-22 10:45,6988.0,6993.0,-0.07,3849100,7006.0,6905.0,14795.0,6544.0
2026-07-22 11:05:46,2026-07-22 10:50,6991.0,6993.0,-0.03,3901000,7006.0,6905.0,14795.0,6544.0
2026-07-22 11:10:34,2026-07-22 10:55,6990.0,6993.0,-0.04,3976500,7006.0,6905.0,14795.0,6544.0
2026-07-22 11:15:38,2026-07-22 11:00,6982.0,6993.0,-0.16,4053200,7006.0,6905.0,14795.0,6544.0
2026-07-22 11:20:32,2026-07-22 11:05,6983.0,6993.0,-0.14,4094500,7006.0,6905.0,14795.0,6544.0
2026-07-22 11:25:35,2026-07-22 11:10,6985.0,6993.0,-0.11,4147700,7006.0,6905.0,14795.0,6544.0
2026-07-22 11:30:30,2026-07-22 11:15,6988.0,6993.0,-0.07,4211700,7006.0,6905.0,14795.0,6544.0
2026-07-22 12:30:38,2026-07-22 11:30,7008.0,6993.0,0.21,4539200,7008.0,6905.0,14795.0,6544.0
2026-07-22 12:35:42,2026-07-22 11:30,7008.0,6993.0,0.21,4539200,7008.0,6905.0,14795.0,6544.0
2026-07-22 12:40:39,2026-07-22 11:30,7008.0,6993.0,0.21,4539200,7008.0,6905.0,14795.0,6544.0
2026-07-22 12:45:35,2026-07-22 12:30,7016.0,6993.0,0.33,4747900,7025.0,6905.0,14795.0,6544.0
2026-07-22 12:50:32,2026-07-22 12:35,7001.0,6993.0,0.11,4899500,7025.0,6905.0,14795.0,6544.0
2026-07-22 12:55:37,2026-07-22 12:40,7001.0,6993.0,0.11,4986600,7025.0,6905.0,14795.0,6544.0
2026-07-22 13:00:49,2026-07-22 12:45,7004.0,6993.0,0.16,5047600,7025.0,6905.0,14795.0,6544.0
2026-07-22 13:05:31,2026-07-22 12:50,7000.0,6993.0,0.1,5143000,7025.0,6905.0,14795.0,6544.0
2026-07-22 13:10:34,2026-07-22 12:55,7001.0,6993.0,0.11,5198500,7025.0,6905.0,14795.0,6544.0
2026-07-22 13:15:35,2026-07-22 13:00,7001.0,6993.0,0.11,5254400,7025.0,6905.0,14795.0,6544.0
2026-07-22 13:20:34,2026-07-22 13:05,7004.0,6993.0,0.16,5297400,7025.0,6905.0,14795.0,6544.0
2026-07-22 13:26:00,2026-07-22 13:10,7002.0,6993.0,0.13,5326600,7025.0,6905.0,14795.0,6544.0
2026-07-22 13:30:45,2026-07-22 13:15,7003.0,6993.0,0.14,5357300,7025.0,6905.0,14795.0,6544.0
2026-07-22 13:35:39,2026-07-22 13:20,7004.0,6993.0,0.16,5408900,7025.0,6905.0,14795.0,6544.0
2026-07-22 13:40:39,2026-07-22 13:25,7000.0,6993.0,0.1,5458800,7025.0,6905.0,14795.0,6544.0
2026-07-22 13:45:43,2026-07-22 13:30,7000.0,6993.0,0.1,5504900,7025.0,6905.0,14795.0,6544.0
2026-07-22 13:50:40,2026-07-22 13:35,6994.0,6993.0,0.01,5551700,7025.0,6905.0,14795.0,6544.0
2026-07-22 13:55:37,2026-07-22 13:40,6997.0,6993.0,0.06,5582700,7025.0,6905.0,14795.0,6544.0
2026-07-22 14:00:41,2026-07-22 13:45,7003.0,6993.0,0.14,5652600,7025.0,6905.0,14795.0,6544.0
2026-07-22 14:05:45,2026-07-22 13:50,7002.0,6993.0,0.13,5678100,7025.0,6905.0,14795.0,6544.0
2026-07-22 14:10:36,2026-07-22 13:55,7002.0,6993.0,0.13,5722200,7025.0,6905.0,14795.0,6544.0
2026-07-22 14:15:54,2026-07-22 14:00,7011.0,6993.0,0.26,5832100,7025.0,6905.0,14795.0,6544.0
2026-07-22 14:20:40,2026-07-22 14:05,7014.0,6993.0,0.3,5886700,7025.0,6905.0,14795.0,6544.0
2026-07-22 14:25:37,2026-07-22 14:10,7030.0,6993.0,0.53,6003200,7030.0,6905.0,14795.0,6544.0
2026-07-22 14:30:38,2026-07-22 14:15,7043.0,6993.0,0.72,6139400,7043.0,6905.0,14795.0,6544.0
2026-07-22 14:35:37,2026-07-22 14:20,7052.0,6993.0,0.84,6258500,7052.0,6905.0,14795.0,6544.0
2026-07-22 14:40:34,2026-07-22 14:25,7039.0,6993.0,0.66,6334700,7055.0,6905.0,14795.0,6544.0
2026-07-22 14:45:42,2026-07-22 14:30,7026.0,6993.0,0.47,6394000,7055.0,6905.0,14795.0,6544.0
2026-07-22 14:50:59,2026-07-22 14:35,7033.0,6993.0,0.57,6463600,7055.0,6905.0,14795.0,6544.0
2026-07-22 14:55:37,2026-07-22 14:40,7043.0,6993.0,0.72,6515800,7055.0,6905.0,14795.0,6544.0
2026-07-22 15:00:36,2026-07-22 14:42,7049.0,6993.0,0.8,6546600,7055.0,6905.0,14795.0,6544.0
2026-07-22 15:05:42,2026-07-22 14:50,7050.0,6993.0,0.82,6638300,7055.0,6905.0,14795.0,6544.0
2026-07-22 15:10:41,2026-07-22 14:55,7039.0,6993.0,0.66,6694400,7055.0,6905.0,14795.0,6544.0
2026-07-22 15:15:53,2026-07-22 15:00,7037.0,6993.0,0.63,6768300,7055.0,6905.0,14795.0,6544.0
2026-07-22 15:20:34,2026-07-22 15:05,7037.0,6993.0,0.63,6832500,7055.0,6905.0,14795.0,6544.0
2026-07-22 15:25:45,2026-07-22 15:10,7032.0,6993.0,0.56,6930500,7055.0,6905.0,14795.0,6544.0
2026-07-22 15:30:55,2026-07-22 15:15,7027.0,6993.0,0.49,7007900,7055.0,6905.0,14795.0,6544.0
2026-07-22 15:40:46,2026-07-22 15:24,7024.0,6993.0,0.44,7192700,7055.0,6905.0,14795.0,6544.0
2026-07-23 09:05:34,2026-07-22 15:30,7003.0,6993.0,0.14,8495800,7055.0,6905.0,14795.0,6544.0
2026-07-23 09:10:32,2026-07-22 15:30,7003.0,6993.0,0.14,8495800,7055.0,6905.0,14795.0,6544.0
2026-07-23 09:15:32,2026-07-22 15:30,7003.0,6993.0,0.14,8495800,7055.0,6905.0,14795.0,6544.0
2026-07-23 09:20:35,2026-07-23 09:05,6949.0,7003.0,-0.77,824500,6980.0,6937.0,14795.0,6544.0
2026-07-23 09:25:37,2026-07-23 09:10,6931.0,7003.0,-1.03,1257800,6980.0,6923.0,14795.0,6544.0
2026-07-23 09:30:36,2026-07-23 09:15,6941.0,7003.0,-0.89,1465500,6980.0,6923.0,14795.0,6544.0
2026-07-23 09:35:32,2026-07-23 09:20,6946.0,7003.0,-0.81,1574500,6980.0,6923.0,14795.0,6544.0
2026-07-23 09:40:35,2026-07-23 09:25,6958.0,7003.0,-0.64,1722500,6980.0,6923.0,14795.0,6544.0
2026-07-23 09:45:32,2026-07-23 09:30,6945.0,7003.0,-0.83,1831200,6980.0,6923.0,14795.0,6544.0
2026-07-23 09:50:33,2026-07-23 09:35,6947.0,7003.0,-0.8,1904700,6980.0,6923.0,14795.0,6544.0
2026-07-23 09:55:29,2026-07-23 09:40,6935.0,7003.0,-0.97,2034600,6980.0,6923.0,14795.0,6544.0
2026-07-23 10:00:36,2026-07-23 09:45,6944.0,7003.0,-0.84,2104300,6980.0,6923.0,14795.0,6544.0
2026-07-23 10:06:04,2026-07-23 09:51,6941.0,7003.0,-0.89,2170800,6980.0,6923.0,14795.0,6544.0
2026-07-23 10:10:39,2026-07-23 09:55,6941.0,7003.0,-0.89,2213100,6980.0,6923.0,14795.0,6544.0
2026-07-23 10:15:30,2026-07-23 10:00,6943.0,7003.0,-0.86,2243300,6980.0,6923.0,14795.0,6544.0
2026-07-23 10:20:31,2026-07-23 10:05,6937.0,7003.0,-0.94,2322800,6980.0,6923.0,14795.0,6544.0
2026-07-23 10:25:33,2026-07-23 10:10,6942.0,7003.0,-0.87,2379300,6980.0,6923.0,14795.0,6544.0
2026-07-23 10:30:41,2026-07-23 10:15,6945.0,7003.0,-0.83,2441300,6980.0,6923.0,14795.0,6544.0
2026-07-23 10:35:39,2026-07-23 10:20,6942.0,7003.0,-0.87,2474000,6980.0,6923.0,14795.0,6544.0
2026-07-23 10:40:33,2026-07-23 10:25,6939.0,7003.0,-0.91,2526000,6980.0,6923.0,14795.0,6544.0
2026-07-23 10:45:56,2026-07-23 10:30,6942.0,7003.0,-0.87,2569600,6980.0,6923.0,14795.0,6544.0
2026-07-23 10:50:36,2026-07-23 10:35,6935.0,7003.0,-0.97,2674100,6980.0,6923.0,14795.0,6544.0
2026-07-23 10:55:39,2026-07-23 10:40,6936.0,7003.0,-0.96,2752800,6980.0,6923.0,14795.0,6544.0
2026-07-23 11:00:38,2026-07-23 10:45,6934.0,7003.0,-0.99,2789600,6980.0,6923.0,14795.0,6544.0
2026-07-23 11:05:39,2026-07-23 10:50,6933.0,7003.0,-1.0,2825300,6980.0,6923.0,14795.0,6544.0
2026-07-23 11:10:36,2026-07-23 10:55,6933.0,7003.0,-1.0,2956000,6980.0,6923.0,14795.0,6544.0
2026-07-23 11:15:37,2026-07-23 11:00,6925.0,7003.0,-1.11,3037600,6980.0,6923.0,14795.0,6544.0
2026-07-23 11:20:30,2026-07-23 11:05,6926.0,7003.0,-1.1,3070600,6980.0,6923.0,14795.0,6544.0
2026-07-23 11:25:28,2026-07-23 11:10,6927.0,7003.0,-1.09,3106300,6980.0,6923.0,14795.0,6544.0
2026-07-23 11:30:32,2026-07-23 11:15,6922.0,7003.0,-1.16,3251500,6980.0,6918.0,14795.0,6544.0
2026-07-23 12:30:32,2026-07-23 11:30,6919.0,7003.0,-1.2,3507000,6980.0,6911.0,14795.0,6544.0
2026-07-23 12:35:44,2026-07-23 11:30,6919.0,7003.0,-1.2,3507000,6980.0,6911.0,14795.0,6544.0
2026-07-23 12:40:31,2026-07-23 11:30,6919.0,7003.0,-1.2,3507000,6980.0,6911.0,14795.0,6544.0
2026-07-23 12:45:41,2026-07-23 12:30,6926.0,7003.0,-1.1,3665300,6980.0,6911.0,14795.0,6544.0
2026-07-23 12:50:35,2026-07-23 12:35,6936.0,7003.0,-0.96,3770400,6980.0,6911.0,14795.0,6544.0
2026-07-23 12:55:43,2026-07-23 12:40,6948.0,7003.0,-0.79,3867500,6980.0,6911.0,14795.0,6544.0
2026-07-23 13:00:36,2026-07-23 12:45,6955.0,7003.0,-0.69,4028900,6980.0,6911.0,14795.0,6544.0
2026-07-23 13:05:32,2026-07-23 12:50,6955.0,7003.0,-0.69,4093600,6980.0,6911.0,14795.0,6544.0
2026-07-23 13:10:31,2026-07-23 12:55,6946.0,7003.0,-0.81,4144400,6980.0,6911.0,14795.0,6544.0
2026-07-23 13:15:38,2026-07-23 13:00,6952.0,7003.0,-0.73,4194100,6980.0,6911.0,14795.0,6544.0
2026-07-23 13:20:39,2026-07-23 13:05,6951.0,7003.0,-0.74,4234600,6980.0,6911.0,14795.0,6544.0
2026-07-23 13:25:41,2026-07-23 13:10,6949.0,7003.0,-0.77,4284200,6980.0,6911.0,14795.0,6544.0
2026-07-23 13:30:36,2026-07-23 13:15,6949.0,7003.0,-0.77,4314700,6980.0,6911.0,14795.0,6544.0
2026-07-23 13:35:35,2026-07-23 13:20,6948.0,7003.0,-0.79,4336800,6980.0,6911.0,14795.0,6544.0
2026-07-23 13:40:34,2026-07-23 13:25,6948.0,7003.0,-0.79,4361700,6980.0,6911.0,14795.0,6544.0
2026-07-23 13:45:41,2026-07-23 13:30,6949.0,7003.0,-0.77,4385600,6980.0,6911.0,14795.0,6544.0
2026-07-23 13:50:42,2026-07-23 13:35,6947.0,7003.0,-0.8,4407000,6980.0,6911.0,14795.0,6544.0
2026-07-23 13:55:35,2026-07-23 13:40,6954.0,7003.0,-0.7,4443600,6980.0,6911.0,14795.0,6544.0
2026-07-23 14:00:36,2026-07-23 13:45,6950.0,7003.0,-0.76,4504700,6980.0,6911.0,14795.0,6544.0
2026-07-23 14:05:48,2026-07-23 13:50,6946.0,7003.0,-0.81,4571800,6980.0,6911.0,14795.0,6544.0
2026-07-23 14:10:32,2026-07-23 13:55,6944.0,7003.0,-0.84,4604900,6980.0,6911.0,14795.0,6544.0
2026-07-23 14:15:49,2026-07-23 14:00,6944.0,7003.0,-0.84,4624200,6980.0,6911.0,14795.0,6544.0
2026-07-23 14:20:30,2026-07-23 14:05,6945.0,7003.0,-0.83,4657200,6980.0,6911.0,14795.0,6544.0
2026-07-23 14:25:39,2026-07-23 14:10,6948.0,7003.0,-0.79,4690300,6980.0,6911.0,14795.0,6544.0
2026-07-23 14:30:32,2026-07-23 14:15,6947.0,7003.0,-0.8,4701700,6980.0,6911.0,14795.0,6544.0
2026-07-23 14:35:35,2026-07-23 14:20,6951.0,7003.0,-0.74,4730900,6980.0,6911.0,14795.0,6544.0
2026-07-23 14:40:50,2026-07-23 14:25,6949.0,7003.0,-0.77,4768000,6980.0,6911.0,14795.0,6544.0
2026-07-23 14:45:30,2026-07-23 14:30,6949.0,7003.0,-0.77,4797100,6980.0,6911.0,14795.0,6544.0
2026-07-23 14:50:38,2026-07-23 14:35,6947.0,7003.0,-0.8,4822100,6980.0,6911.0,14795.0,6544.0
2026-07-23 14:55:33,2026-07-23 14:40,6953.0,7003.0,-0.71,4853000,6980.0,6911.0,14795.0,6544.0
2026-07-23 15:00:54,2026-07-23 14:45,6953.0,7003.0,-0.71,4920900,6980.0,6911.0,14795.0,6544.0
2026-07-23 15:05:45,2026-07-23 14:50,6960.0,7003.0,-0.61,5024200,6980.0,6911.0,14795.0,6544.0
2026-07-23 15:10:32,2026-07-23 14:55,6964.0,7003.0,-0.56,5079200,6980.0,6911.0,14795.0,6544.0
2026-07-23 15:15:40,2026-07-23 15:00,6957.0,7003.0,-0.66,5140700,6980.0,6911.0,14795.0,6544.0
2026-07-23 15:20:40,2026-07-23 15:05,6959.0,7003.0,-0.63,5197700,6980.0,6911.0,14795.0,6544.0
2026-07-23 15:25:47,2026-07-23 15:10,6957.0,7003.0,-0.66,5249500,6980.0,6911.0,14795.0,6544.0
2026-07-23 15:30:48,2026-07-23 15:15,6960.0,7003.0,-0.61,5304700,6980.0,6911.0,14795.0,6544.0
2026-07-23 15:40:44,2026-07-23 15:24,6976.0,7003.0,-0.39,5535500,6980.0,6911.0,14795.0,6544.0
2026-07-24 09:05:39,2026-07-23 15:30,7001.0,7003.0,-0.03,6759500,7001.0,6911.0,14795.0,6544.0
2026-07-24 09:10:32,2026-07-23 15:30,7001.0,7003.0,-0.03,6759500,7001.0,6911.0,14795.0,6544.0
2026-07-24 09:15:35,2026-07-24 09:00,7001.0,7003.0,-0.03,7074800,6965.0,6922.0,14795.0,6544.0
2026-07-24 09:20:30,2026-07-24 09:05,6934.0,7001.0,-0.96,656400,6965.0,6910.0,14795.0,6544.0
2026-07-24 09:25:53,2026-07-24 09:10,6939.0,7001.0,-0.89,859200,6965.0,6910.0,14795.0,6544.0
2026-07-24 09:30:37,2026-07-24 09:15,6958.0,7001.0,-0.61,953000,6965.0,6910.0,14795.0,6544.0
2026-07-24 09:35:34,2026-07-24 09:20,6952.0,7001.0,-0.7,1084800,6965.0,6910.0,14795.0,6544.0
2026-07-24 09:40:36,2026-07-24 09:25,6961.0,7001.0,-0.57,1173400,6971.0,6910.0,14795.0,6544.0
2026-07-24 09:45:33,2026-07-24 09:30,6948.0,7001.0,-0.76,1230000,6971.0,6910.0,14795.0,6544.0
2026-07-24 09:50:42,2026-07-24 09:35,6946.0,7001.0,-0.79,1305200,6971.0,6910.0,14795.0,6544.0
2026-07-24 09:55:36,2026-07-24 09:40,6947.0,7001.0,-0.77,1329200,6971.0,6910.0,14795.0,6544.0
2026-07-24 10:00:43,2026-07-24 09:45,6965.0,7001.0,-0.51,1392700,6971.0,6910.0,14795.0,6544.0
2026-07-24 10:05:33,2026-07-24 09:50,6968.0,7001.0,-0.47,1461300,6977.0,6910.0,14795.0,6544.0
2026-07-24 10:10:30,2026-07-24 09:55,6975.0,7001.0,-0.37,1561400,6977.0,6910.0,14795.0,6544.0
2026-07-24 10:15:40,2026-07-24 10:00,6966.0,7001.0,-0.5,1656500,6978.0,6910.0,14795.0,6544.0
2026-07-24 10:20:31,2026-07-24 10:05,6969.0,7001.0,-0.46,1683800,6978.0,6910.0,14795.0,6544.0
2026-07-24 10:25:36,2026-07-24 10:10,6968.0,7001.0,-0.47,1716200,6978.0,6910.0,14795.0,6544.0
2026-07-24 10:30:37,2026-07-24 10:15,6964.0,7001.0,-0.53,1772900,6978.0,6910.0,14795.0,6544.0
2026-07-24 10:35:38,2026-07-24 10:20,6958.0,7001.0,-0.61,1799200,6978.0,6910.0,14795.0,6544.0
2026-07-24 10:40:44,2026-07-24 10:25,6958.0,7001.0,-0.61,1819500,6978.0,6910.0,14795.0,6544.0
2026-07-24 10:45:32,2026-07-24 10:30,6952.0,7001.0,-0.7,1850700,6978.0,6910.0,14795.0,6544.0
2026-07-24 10:50:40,2026-07-24 10:35,6958.0,7001.0,-0.61,1864200,6978.0,6910.0,14795.0,6544.0
2026-07-24 10:55:33,2026-07-24 10:40,6956.0,7001.0,-0.64,1886500,6978.0,6910.0,14795.0,6544.0
2026-07-24 11:00:36,2026-07-24 10:45,6959.0,7001.0,-0.6,1914400,6978.0,6910.0,14795.0,6544.0
2026-07-24 11:05:34,2026-07-24 10:50,6967.0,7001.0,-0.49,1952800,6978.0,6910.0,14795.0,6544.0
2026-07-24 11:10:49,2026-07-24 10:55,6967.0,7001.0,-0.49,1970200,6978.0,6910.0,14795.0,6544.0
2026-07-24 11:15:37,2026-07-24 11:00,6985.0,7001.0,-0.23,2056700,6986.0,6910.0,14795.0,6544.0
2026-07-24 11:20:42,2026-07-24 11:05,6998.0,7001.0,-0.04,2175300,7001.0,6910.0,14795.0,6544.0
2026-07-24 11:25:38,2026-07-24 11:10,7005.0,7001.0,0.06,2257000,7008.0,6910.0,14795.0,6544.0
2026-07-24 11:30:30,2026-07-24 11:15,7005.0,7001.0,0.06,2279000,7009.0,6910.0,14795.0,6544.0
2026-07-24 12:30:42,2026-07-24 11:30,7002.0,7001.0,0.01,2625400,7016.0,6910.0,14795.0,6544.0
2026-07-24 12:35:37,2026-07-24 11:30,7002.0,7001.0,0.01,2625400,7016.0,6910.0,14795.0,6544.0
2026-07-24 12:40:30,2026-07-24 11:30,7002.0,7001.0,0.01,2625400,7016.0,6910.0,14795.0,6544.0
2026-07-24 12:45:32,2026-07-24 12:30,6996.0,7001.0,-0.07,2832700,7016.0,6910.0,14795.0,6544.0
2026-07-24 12:50:40,2026-07-24 12:35,6991.0,7001.0,-0.14,2910000,7016.0,6910.0,14795.0,6544.0
2026-07-24 12:55:39,2026-07-24 12:40,6983.0,7001.0,-0.26,2936700,7016.0,6910.0,14795.0,6544.0
2026-07-24 13:00:46,2026-07-24 12:45,6977.0,7001.0,-0.34,2973500,7016.0,6910.0,14795.0,6544.0
2026-07-24 13:05:35,2026-07-24 12:50,6980.0,7001.0,-0.3,2998100,7016.0,6910.0,14795.0,6544.0
2026-07-24 13:10:29,2026-07-24 12:55,6986.0,7001.0,-0.21,3022400,7016.0,6910.0,14795.0,6544.0
2026-07-24 13:15:34,2026-07-24 13:00,6996.0,7001.0,-0.07,3069200,7016.0,6910.0,14795.0,6544.0
2026-07-24 13:20:55,2026-07-24 13:05,7004.0,7001.0,0.04,3128600,7016.0,6910.0,14795.0,6544.0
2026-07-24 13:25:34,2026-07-24 13:10,7013.0,7001.0,0.17,3191300,7016.0,6910.0,14795.0,6544.0
2026-07-24 13:30:36,2026-07-24 13:15,7013.0,7001.0,0.17,3266800,7022.0,6910.0,14795.0,6544.0
2026-07-24 13:35:30,2026-07-24 13:20,7019.0,7001.0,0.26,3303900,7023.0,6910.0,14795.0,6544.0
2026-07-24 13:40:43,2026-07-24 13:25,7016.0,7001.0,0.21,3345700,7025.0,6910.0,14795.0,6544.0
2026-07-24 13:45:38,2026-07-24 13:30,7004.0,7001.0,0.04,3382900,7025.0,6910.0,14795.0,6544.0
2026-07-24 13:50:29,2026-07-24 13:35,7005.0,7001.0,0.06,3401000,7025.0,6910.0,14795.0,6544.0
2026-07-24 13:55:29,2026-07-24 13:40,7002.0,7001.0,0.01,3425400,7025.0,6910.0,14795.0,6544.0
2026-07-24 14:00:39,2026-07-24 13:45,7005.0,7001.0,0.06,3441200,7025.0,6910.0,14795.0,6544.0
2026-07-24 14:05:53,2026-07-24 13:50,6999.0,7001.0,-0.03,3460800,7025.0,6910.0,14795.0,6544.0
2026-07-24 14:10:52,2026-07-24 13:55,7005.0,7001.0,0.06,3473700,7025.0,6910.0,14795.0,6544.0
2026-07-24 14:15:47,2026-07-24 14:00,7003.0,7001.0,0.03,3552700,7025.0,6910.0,14795.0,6544.0
2026-07-24 14:20:51,2026-07-24 14:05,7002.0,7001.0,0.01,3568900,7025.0,6910.0,14795.0,6544.0
2026-07-24 14:25:48,2026-07-24 14:10,6999.0,7001.0,-0.03,3591100,7025.0,6910.0,14795.0,6544.0
2026-07-24 14:30:31,2026-07-24 14:15,7004.0,7001.0,0.04,3610400,7025.0,6910.0,14795.0,6544.0
2026-07-24 14:35:38,2026-07-24 14:20,7004.0,7001.0,0.04,3628300,7025.0,6910.0,14795.0,6544.0
2026-07-24 14:40:32,2026-07-24 14:25,7002.0,7001.0,0.01,3651500,7025.0,6910.0,14795.0,6544.0
2026-07-24 14:45:31,2026-07-24 14:30,7004.0,7001.0,0.04,3674600,7025.0,6910.0,14795.0,6544.0
2026-07-24 14:50:30,2026-07-24 14:35,7001.0,7001.0,0.0,3701200,7025.0,6910.0,14795.0,6544.0
2026-07-24 14:55:44,2026-07-24 14:40,6997.0,7001.0,-0.06,3730400,7025.0,6910.0,14795.0,6544.0
2026-07-24 15:01:05,2026-07-24 14:46,6993.0,7001.0,-0.11,3756700,7025.0,6910.0,14795.0,6544.0
2026-07-24 15:05:54,2026-07-24 14:50,6992.0,7001.0,-0.13,3773600,7025.0,6910.0,14795.0,6544.0
2026-07-24 15:10:37,2026-07-24 14:55,6995.0,7001.0,-0.09,3793600,7025.0,6910.0,14795.0,6544.0
2026-07-24 15:15:30,2026-07-24 15:00,6991.0,7001.0,-0.14,3807900,7025.0,6910.0,14795.0,6544.0
2026-07-24 15:20:43,2026-07-24 15:05,6969.0,7001.0,-0.46,3866200,7025.0,6910.0,14795.0,6544.0
2026-07-24 15:25:39,2026-07-24 15:10,6973.0,7001.0,-0.4,3899800,7025.0,6910.0,14795.0,6544.0
2026-07-24 15:30:36,2026-07-24 15:15,6977.0,7001.0,-0.34,3935400,7025.0,6910.0,14795.0,6544.0
2026-07-24 15:51:05,2026-07-24 15:30,6969.0,7001.0,-0.46,4921600,7025.0,6910.0,14795.0,6544.0
2026-07-27 09:05:37,2026-07-24 15:30,6969.0,7001.0,-0.46,4921600,7025.0,6910.0,14795.0,6544.0
2026-07-27 09:11:00,2026-07-24 15:30,6969.0,7001.0,-0.46,4921600,7025.0,6910.0,14795.0,6544.0
2026-07-27 09:15:44,2026-07-24 15:30,6969.0,7001.0,-0.46,4921600,7025.0,6910.0,14795.0,6544.0
2026-07-27 09:20:38,2026-07-27 09:05,7077.0,6969.0,1.55,766000,7125.0,7071.0,14795.0,6544.0
2026-07-27 09:25:32,2026-07-27 09:10,7152.0,6969.0,2.63,1269500,7156.0,7071.0,14795.0,6544.0
2026-07-27 09:30:37,2026-07-27 09:15,7218.0,6969.0,3.57,1726300,7228.0,7071.0,14795.0,6544.0
2026-07-27 09:35:42,2026-07-27 09:20,7228.0,6969.0,3.72,2063300,7258.0,7071.0,14795.0,6544.0
2026-07-27 09:40:35,2026-07-27 09:25,7233.0,6969.0,3.79,2331600,7258.0,7071.0,14795.0,6544.0
2026-07-27 09:47:05,2026-07-27 09:32,7247.0,6969.0,3.99,2643900,7258.0,7071.0,14795.0,6544.0
2026-07-27 09:50:37,2026-07-27 09:35,7279.0,6969.0,4.45,2867600,7279.0,7071.0,14795.0,6544.0
2026-07-27 09:57:01,2026-07-27 09:41,7275.0,6969.0,4.39,3036000,7288.0,7071.0,14795.0,6544.0
2026-07-27 10:00:38,2026-07-27 09:45,7299.0,6969.0,4.74,3276000,7308.0,7071.0,14795.0,6544.0
2026-07-27 10:06:15,2026-07-27 09:51,7290.0,6969.0,4.61,3454900,7308.0,7071.0,14795.0,6544.0
2026-07-27 10:10:41,2026-07-27 09:55,7304.0,6969.0,4.81,3633600,7308.0,7071.0,14795.0,6544.0
2026-07-27 10:15:31,2026-07-27 10:00,7325.0,6969.0,5.11,3895800,7325.0,7071.0,14795.0,6544.0
2026-07-27 10:20:34,2026-07-27 10:05,7323.0,6969.0,5.08,4218900,7355.0,7071.0,14795.0,6544.0
2026-07-27 10:25:35,2026-07-27 10:10,7329.0,6969.0,5.17,4359700,7355.0,7071.0,14795.0,6544.0
2026-07-27 10:30:32,2026-07-27 10:15,7315.0,6969.0,4.96,4460600,7355.0,7071.0,14795.0,6544.0
2026-07-27 10:35:30,2026-07-27 10:20,7323.0,6969.0,5.08,4552500,7355.0,7071.0,14795.0,6544.0
2026-07-27 10:40:42,2026-07-27 10:25,7333.0,6969.0,5.22,4659000,7355.0,7071.0,14795.0,6544.0
2026-07-27 10:47:35,2026-07-27 10:32,7337.0,6969.0,5.28,4767200,7355.0,7071.0,14795.0,6544.0
2026-07-27 10:50:47,2026-07-27 10:35,7327.0,6969.0,5.14,4823800,7355.0,7071.0,14795.0,6544.0
2026-07-27 10:55:54,2026-07-27 10:40,7333.0,6969.0,5.22,4893000,7355.0,7071.0,14795.0,6544.0
2026-07-27 11:00:35,2026-07-27 10:45,7328.0,6969.0,5.15,4957800,7355.0,7071.0,14795.0,6544.0
2026-07-27 11:06:02,2026-07-27 10:50,7326.0,6969.0,5.12,5020500,7355.0,7071.0,14795.0,6544.0
2026-07-27 11:10:48,2026-07-27 10:55,7335.0,6969.0,5.25,5131400,7355.0,7071.0,14795.0,6544.0
2026-07-27 11:15:33,2026-07-27 11:00,7338.0,6969.0,5.29,5196600,7355.0,7071.0,14795.0,6544.0
2026-07-27 11:20:37,2026-07-27 11:05,7343.0,6969.0,5.37,5309300,7355.0,7071.0,14795.0,6544.0
2026-07-27 11:25:38,2026-07-27 11:10,7370.0,6969.0,5.75,5529800,7378.0,7071.0,14795.0,6544.0
2026-07-27 11:30:42,2026-07-27 11:15,7379.0,6969.0,5.88,5616100,7380.0,7071.0,14795.0,6544.0
2026-07-27 12:30:36,2026-07-27 11:30,7368.0,6969.0,5.73,6046400,7381.0,7071.0,14795.0,6544.0
2026-07-27 12:37:00,2026-07-27 11:30,7368.0,6969.0,5.73,6046400,7381.0,7071.0,14795.0,6544.0
2026-07-27 12:40:44,2026-07-27 11:30,7368.0,6969.0,5.73,6046400,7381.0,7071.0,14795.0,6544.0
2026-07-27 12:45:36,2026-07-27 12:30,7377.0,6969.0,5.85,6597600,7402.0,7071.0,14795.0,6544.0
2026-07-27 12:50:38,2026-07-27 12:35,7364.0,6969.0,5.67,6733000,7402.0,7071.0,14795.0,6544.0
2026-07-27 12:55:40,2026-07-27 12:40,7338.0,6969.0,5.29,6843300,7402.0,7071.0,14795.0,6544.0
2026-07-27 13:00:41,2026-07-27 12:45,7353.0,6969.0,5.51,6957100,7402.0,7071.0,14795.0,6544.0
2026-07-27 13:06:50,2026-07-27 12:51,7358.0,6969.0,5.58,7063900,7402.0,7071.0,14795.0,6544.0
2026-07-27 13:10:36,2026-07-27 12:55,7360.0,6969.0,5.61,7125700,7402.0,7071.0,14795.0,6544.0
2026-07-27 13:15:33,2026-07-27 13:00,7354.0,6969.0,5.52,7173400,7402.0,7071.0,14795.0,6544.0
2026-07-27 13:20:37,2026-07-27 13:05,7362.0,6969.0,5.64,7233300,7402.0,7071.0,14795.0,6544.0
2026-07-27 13:26:56,2026-07-27 13:11,7368.0,6969.0,5.73,7316000,7402.0,7071.0,14795.0,6544.0
2026-07-27 13:32:08,2026-07-27 13:17,7365.0,6969.0,5.68,7360800,7402.0,7071.0,14795.0,6544.0
2026-07-27 13:35:48,2026-07-27 13:20,7366.0,6969.0,5.7,7398800,7402.0,7071.0,14795.0,6544.0
2026-07-27 13:40:35,2026-07-27 13:25,7375.0,6969.0,5.83,7482100,7402.0,7071.0,14795.0,6544.0
2026-07-27 13:45:42,2026-07-27 13:30,7388.0,6969.0,6.01,7578100,7402.0,7071.0,14795.0,6544.0
2026-07-27 13:50:36,2026-07-27 13:35,7391.0,6969.0,6.06,7656000,7402.0,7071.0,14795.0,6544.0
2026-07-27 13:55:31,2026-07-27 13:40,7398.0,6969.0,6.16,7806500,7402.0,7071.0,14795.0,6544.0
2026-07-27 14:00:34,2026-07-27 13:45,7395.0,6969.0,6.11,7918400,7408.0,7071.0,14795.0,6544.0
2026-07-27 14:05:32,2026-07-27 13:50,7394.0,6969.0,6.1,7980700,7408.0,7071.0,14795.0,6544.0
2026-07-27 14:10:38,2026-07-27 13:55,7386.0,6969.0,5.98,8054200,7408.0,7071.0,14795.0,6544.0
2026-07-27 14:17:05,2026-07-27 14:01,7392.0,6969.0,6.07,8176200,7408.0,7071.0,14795.0,6544.0
2026-07-27 14:20:31,2026-07-27 14:05,7391.0,6969.0,6.06,8206700,7408.0,7071.0,14795.0,6544.0
2026-07-27 14:25:39,2026-07-27 14:10,7400.0,6969.0,6.18,8382100,7408.0,7071.0,14795.0,6544.0
2026-07-27 14:30:31,2026-07-27 14:15,7403.0,6969.0,6.23,8469500,7408.0,7071.0,14795.0,6544.0
2026-07-27 14:36:51,2026-07-27 14:21,7422.0,6969.0,6.5,8649400,7423.0,7071.0,14795.0,6544.0
2026-07-27 14:40:35,2026-07-27 14:25,7414.0,6969.0,6.39,8716900,7423.0,7071.0,14795.0,6544.0
2026-07-27 14:45:34,2026-07-27 14:30,7405.0,6969.0,6.26,8827500,7423.0,7071.0,14795.0,6544.0
2026-07-27 14:50:45,2026-07-27 14:35,7403.0,6969.0,6.23,8912200,7423.0,7071.0,14795.0,6544.0
2026-07-27 14:56:56,2026-07-27 14:41,7401.0,6969.0,6.2,8986100,7423.0,7071.0,14795.0,6544.0
2026-07-27 15:00:40,2026-07-27 14:45,7400.0,6969.0,6.18,9059000,7423.0,7071.0,14795.0,6544.0
2026-07-27 15:05:36,2026-07-27 14:50,7394.0,6969.0,6.1,9143000,7423.0,7071.0,14795.0,6544.0
2026-07-27 15:10:44,2026-07-27 14:55,7403.0,6969.0,6.23,9224300,7423.0,7071.0,14795.0,6544.0
2026-07-27 15:17:11,2026-07-27 15:02,7404.0,6969.0,6.24,9354400,7423.0,7071.0,14795.0,6544.0
2026-07-27 15:21:58,2026-07-27 15:06,7399.0,6969.0,6.17,9451600,7423.0,7071.0,14795.0,6544.0
2026-07-27 15:25:34,2026-07-27 15:10,7400.0,6969.0,6.18,9519500,7423.0,7071.0,14795.0,6544.0
2026-07-27 15:30:52,2026-07-27 15:15,7394.0,6969.0,6.1,9646000,7423.0,7071.0,14795.0,6544.0
2026-07-27 15:40:41,2026-07-27 15:24,7416.0,6969.0,6.41,9990200,7423.0,7071.0,14795.0,6544.0
2026-07-28 09:05:33,2026-07-27 15:30,7431.0,6969.0,6.63,11520800,7431.0,7071.0,14795.0,6544.0
2026-07-28 09:10:37,2026-07-27 15:30,7431.0,6969.0,6.63,11520800,7431.0,7071.0,14795.0,6544.0
2026-07-28 09:15:31,2026-07-28 09:00,7431.0,6969.0,6.63,12530500,7523.0,7456.0,14795.0,6544.0
2026-07-28 09:20:39,2026-07-28 09:05,7473.0,7431.0,0.57,1985800,7582.0,7456.0,14795.0,6544.0
2026-07-28 09:25:38,2026-07-28 09:10,7520.0,7431.0,1.2,2544300,7582.0,7456.0,14795.0,6544.0
2026-07-28 09:30:37,2026-07-28 09:15,7608.0,7431.0,2.38,3178900,7608.0,7456.0,14795.0,6544.0
2026-07-28 09:35:48,2026-07-28 09:20,7593.0,7431.0,2.18,3925000,7649.0,7456.0,14795.0,6544.0
2026-07-28 09:40:35,2026-07-28 09:25,7579.0,7431.0,1.99,4283600,7649.0,7456.0,14795.0,6544.0
2026-07-28 09:45:51,2026-07-28 09:30,7524.0,7431.0,1.25,4829700,7649.0,7456.0,14795.0,6544.0
2026-07-28 09:50:31,2026-07-28 09:35,7491.0,7431.0,0.81,5076900,7649.0,7456.0,14795.0,6544.0
2026-07-28 09:55:33,2026-07-28 09:40,7458.0,7431.0,0.36,5307900,7649.0,7451.0,14795.0,6544.0
2026-07-28 10:00:45,2026-07-28 09:44,7455.0,7431.0,0.32,5451100,7649.0,7444.0,14795.0,6544.0
2026-07-28 10:05:44,2026-07-28 09:50,7470.0,7431.0,0.52,5745300,7649.0,7433.0,14795.0,6544.0
2026-07-28 10:10:42,2026-07-28 09:55,7487.0,7431.0,0.75,5903600,7649.0,7433.0,14795.0,6544.0
2026-07-28 10:15:31,2026-07-28 10:00,7484.0,7431.0,0.71,6063200,7649.0,7433.0,14795.0,6544.0
2026-07-28 10:20:46,2026-07-28 10:05,7493.0,7431.0,0.83,6241800,7649.0,7433.0,14795.0,6544.0
2026-07-28 10:25:45,2026-07-28 10:10,7477.0,7431.0,0.62,6349400,7649.0,7433.0,14795.0,6544.0
2026-07-28 10:30:31,2026-07-28 10:15,7459.0,7431.0,0.38,6470500,7649.0,7433.0,14795.0,6544.0
2026-07-28 10:35:38,2026-07-28 10:20,7479.0,7431.0,0.65,6555600,7649.0,7433.0,14795.0,6544.0
2026-07-28 10:40:37,2026-07-28 10:25,7484.0,7431.0,0.71,6709500,7649.0,7433.0,14795.0,6544.0
2026-07-28 10:45:34,2026-07-28 10:30,7488.0,7431.0,0.77,6786500,7649.0,7433.0,14795.0,6544.0
2026-07-28 10:50:29,2026-07-28 10:35,7523.0,7431.0,1.24,6898100,7649.0,7433.0,14795.0,6544.0
2026-07-28 10:55:40,2026-07-28 10:40,7506.0,7431.0,1.01,7019000,7649.0,7433.0,14795.0,6544.0
2026-07-28 11:00:38,2026-07-28 10:45,7513.0,7431.0,1.1,7112300,7649.0,7433.0,14795.0,6544.0
2026-07-28 11:05:48,2026-07-28 10:50,7528.0,7431.0,1.31,7266400,7649.0,7433.0,14795.0,6544.0
2026-07-28 11:10:35,2026-07-28 10:55,7533.0,7431.0,1.37,7376800,7649.0,7433.0,14795.0,6544.0
2026-07-28 11:15:43,2026-07-28 11:00,7534.0,7431.0,1.39,7489300,7649.0,7433.0,14795.0,6544.0
2026-07-28 11:20:39,2026-07-28 11:05,7528.0,7431.0,1.31,7563300,7649.0,7433.0,14795.0,6544.0
2026-07-28 11:25:36,2026-07-28 11:10,7535.0,7431.0,1.4,7625000,7649.0,7433.0,14795.0,6544.0
2026-07-28 11:30:36,2026-07-28 11:15,7541.0,7431.0,1.48,7687200,7649.0,7433.0,14795.0,6544.0
2026-07-28 12:30:29,2026-07-28 11:30,7582.0,7431.0,2.03,8162400,7649.0,7433.0,14795.0,6544.0
2026-07-28 12:35:36,2026-07-28 11:30,7582.0,7431.0,2.03,8162400,7649.0,7433.0,14795.0,6544.0
2026-07-28 12:40:42,2026-07-28 11:30,7582.0,7431.0,2.03,8162400,7649.0,7433.0,14795.0,6544.0
2026-07-28 12:45:31,2026-07-28 12:30,7604.0,7431.0,2.33,8486900,7649.0,7433.0,14795.0,6544.0
2026-07-28 12:50:48,2026-07-28 12:35,7619.0,7431.0,2.53,8811200,7649.0,7433.0,14795.0,6544.0
2026-07-28 12:55:39,2026-07-28 12:40,7619.0,7431.0,2.53,9010700,7649.0,7433.0,14795.0,6544.0
2026-07-28 13:00:38,2026-07-28 12:45,7628.0,7431.0,2.65,9141000,7649.0,7433.0,14795.0,6544.0
2026-07-28 13:05:33,2026-07-28 12:50,7620.0,7431.0,2.54,9252500,7649.0,7433.0,14795.0,6544.0
2026-07-28 13:10:42,2026-07-28 12:55,7630.0,7431.0,2.68,9391000,7649.0,7433.0,14795.0,6544.0
2026-07-28 13:15:33,2026-07-28 13:00,7643.0,7431.0,2.85,9565500,7649.0,7433.0,14795.0,6544.0
2026-07-28 13:20:36,2026-07-28 13:05,7648.0,7431.0,2.92,9774600,7653.0,7433.0,14795.0,6544.0
2026-07-28 13:25:42,2026-07-28 13:10,7626.0,7431.0,2.62,9961300,7653.0,7433.0,14795.0,6544.0
2026-07-28 13:30:38,2026-07-28 13:15,7595.0,7431.0,2.21,10121100,7653.0,7433.0,14795.0,6544.0
2026-07-28 13:35:36,2026-07-28 13:20,7600.0,7431.0,2.27,10276200,7653.0,7433.0,14795.0,6544.0
2026-07-28 13:40:37,2026-07-28 13:25,7594.0,7431.0,2.19,10372100,7653.0,7433.0,14795.0,6544.0
2026-07-28 13:45:33,2026-07-28 13:30,7589.0,7431.0,2.13,10428500,7653.0,7433.0,14795.0,6544.0
2026-07-28 13:50:42,2026-07-28 13:35,7587.0,7431.0,2.1,10500300,7653.0,7433.0,14795.0,6544.0
2026-07-28 13:55:40,2026-07-28 13:40,7574.0,7431.0,1.92,10589000,7653.0,7433.0,14795.0,6544.0
2026-07-28 14:00:31,2026-07-28 13:45,7591.0,7431.0,2.15,10685200,7653.0,7433.0,14795.0,6544.0
2026-07-28 14:05:45,2026-07-28 13:50,7585.0,7431.0,2.07,10760200,7653.0,7433.0,14795.0,6544.0
2026-07-28 14:10:35,2026-07-28 13:55,7584.0,7431.0,2.06,10806400,7653.0,7433.0,14795.0,6544.0
2026-07-28 14:15:32,2026-07-28 14:00,7578.0,7431.0,1.98,10862000,7653.0,7433.0,14795.0,6544.0
2026-07-28 14:20:39,2026-07-28 14:05,7583.0,7431.0,2.05,10910900,7653.0,7433.0,14795.0,6544.0
2026-07-28 14:25:37,2026-07-28 14:10,7582.0,7431.0,2.03,10957200,7653.0,7433.0,14795.0,6544.0
2026-07-28 14:30:33,2026-07-28 14:15,7580.0,7431.0,2.01,11028100,7653.0,7433.0,14795.0,6544.0
2026-07-28 14:35:52,2026-07-28 14:20,7577.0,7431.0,1.96,11094100,7653.0,7433.0,14795.0,6544.0
2026-07-28 14:40:41,2026-07-28 14:25,7577.0,7431.0,1.96,11154300,7653.0,7433.0,14795.0,6544.0
2026-07-28 14:45:31,2026-07-28 14:30,7573.0,7431.0,1.91,11209700,7653.0,7433.0,14795.0,6544.0
2026-07-28 14:50:40,2026-07-28 14:35,7580.0,7431.0,2.01,11272600,7653.0,7433.0,14795.0,6544.0
2026-07-28 14:55:36,2026-07-28 14:40,7578.0,7431.0,1.98,11341000,7653.0,7433.0,14795.0,6544.0
2026-07-28 15:00:41,2026-07-28 14:45,7560.0,7431.0,1.74,11422100,7653.0,7433.0,14795.0,6544.0
2026-07-28 15:05:49,2026-07-28 14:50,7578.0,7431.0,1.98,11532200,7653.0,7433.0,14795.0,6544.0
2026-07-28 15:10:50,2026-07-28 14:55,7579.0,7431.0,1.99,11598000,7653.0,7433.0,14795.0,6544.0
2026-07-28 15:15:48,2026-07-28 15:00,7579.0,7431.0,1.99,11701300,7653.0,7433.0,14795.0,6544.0
2026-07-28 15:20:41,2026-07-28 15:05,7567.0,7431.0,1.83,11782700,7653.0,7433.0,14795.0,6544.0
2026-07-28 15:25:36,2026-07-28 15:10,7584.0,7431.0,2.06,11896800,7653.0,7433.0,14795.0,6544.0
2026-07-28 15:30:38,2026-07-28 15:15,7612.0,7431.0,2.44,12144900,7653.0,7433.0,14795.0,6544.0
2026-07-28 15:40:36,2026-07-28 15:24,7652.0,7431.0,2.97,12628000,7653.0,7433.0,14795.0,6544.0
2026-07-29 09:10:45,2026-07-28 15:30,7659.0,7431.0,3.07,14524300,7659.0,7433.0,14795.0,6544.0
2026-07-29 09:15:31,2026-07-29 09:00,7659.0,7431.0,3.07,15280400,7721.0,7665.0,14795.0,6544.0
2026-07-29 09:20:38,2026-07-29 09:05,7774.0,7659.0,1.5,1458700,7815.0,7665.0,14795.0,6544.0
2026-07-29 09:25:36,2026-07-29 09:10,7665.0,7659.0,0.08,1857800,7815.0,7665.0,14795.0,6544.0
2026-07-29 09:30:32,2026-07-29 09:15,7668.0,7659.0,0.12,2299100,7815.0,7618.0,14795.0,6544.0
2026-07-29 09:35:51,2026-07-29 09:20,7702.0,7659.0,0.56,2582800,7815.0,7618.0,14795.0,6544.0
2026-07-29 09:40:36,2026-07-29 09:25,7754.0,7659.0,1.24,2847100,7815.0,7618.0,14795.0,6544.0
2026-07-29 09:45:44,2026-07-29 09:30,7821.0,7659.0,2.12,3479000,7832.0,7618.0,14795.0,6544.0
2026-07-29 09:50:38,2026-07-29 09:35,7886.0,7659.0,2.96,4310800,7888.0,7618.0,14795.0,6544.0
2026-07-29 09:55:40,2026-07-29 09:40,7941.0,7659.0,3.68,5152900,7958.0,7618.0,14795.0,6544.0
2026-07-29 10:00:36,2026-07-29 09:45,7953.0,7659.0,3.84,5642900,7967.0,7618.0,14795.0,6544.0
2026-07-29 10:05:35,2026-07-29 09:50,7966.0,7659.0,4.01,6076700,7974.0,7618.0,14795.0,6544.0
2026-07-29 10:10:44,2026-07-29 09:55,7958.0,7659.0,3.9,6357600,7974.0,7618.0,14795.0,6544.0
2026-07-29 10:15:40,2026-07-29 10:00,7952.0,7659.0,3.83,6663800,7974.0,7618.0,14795.0,6544.0
2026-07-29 10:20:35,2026-07-29 10:05,7968.0,7659.0,4.03,7354800,8020.0,7618.0,14795.0,6544.0
2026-07-29 10:25:37,2026-07-29 10:10,7972.0,7659.0,4.09,7621600,8020.0,7618.0,14795.0,6544.0
2026-07-29 10:30:31,2026-07-29 10:15,7916.0,7659.0,3.36,8090000,8020.0,7618.0,14795.0,6544.0
2026-07-29 10:35:35,2026-07-29 10:20,7986.0,7659.0,4.27,8384100,8020.0,7618.0,14795.0,6544.0
2026-07-29 10:40:36,2026-07-29 10:25,7949.0,7659.0,3.79,8569100,8020.0,7618.0,14795.0,6544.0
2026-07-29 10:45:32,2026-07-29 10:30,7967.0,7659.0,4.02,8707300,8020.0,7618.0,14795.0,6544.0
2026-07-29 10:50:45,2026-07-29 10:35,7954.0,7659.0,3.85,8868100,8020.0,7618.0,14795.0,6544.0
2026-07-29 10:55:35,2026-07-29 10:40,7949.0,7659.0,3.79,8953900,8020.0,7618.0,14795.0,6544.0
2026-07-29 11:00:47,2026-07-29 10:45,7945.0,7659.0,3.73,9051100,8020.0,7618.0,14795.0,6544.0
2026-07-29 11:05:47,2026-07-29 10:50,7940.0,7659.0,3.67,9173300,8020.0,7618.0,14795.0,6544.0
2026-07-29 11:10:38,2026-07-29 10:55,7981.0,7659.0,4.2,9302500,8020.0,7618.0,14795.0,6544.0
2026-07-29 11:15:32,2026-07-29 11:00,7963.0,7659.0,3.97,9424800,8020.0,7618.0,14795.0,6544.0
2026-07-29 11:20:38,2026-07-29 11:05,7967.0,7659.0,4.02,9550800,8020.0,7618.0,14795.0,6544.0
2026-07-29 11:25:33,2026-07-29 11:10,7983.0,7659.0,4.23,9712200,8020.0,7618.0,14795.0,6544.0
2026-07-29 11:30:43,2026-07-29 11:15,7970.0,7659.0,4.06,9883900,8020.0,7618.0,14795.0,6544.0
2026-07-29 12:30:41,2026-07-29 11:30,7988.0,7659.0,4.3,10309700,8020.0,7618.0,14795.0,6544.0
2026-07-29 12:35:36,2026-07-29 11:30,7988.0,7659.0,4.3,10309700,8020.0,7618.0,14795.0,6544.0
2026-07-29 12:40:36,2026-07-29 11:30,7988.0,7659.0,4.3,10309700,8020.0,7618.0,14795.0,6544.0
2026-07-29 12:45:41,2026-07-29 12:30,7948.0,7659.0,3.77,10705300,8020.0,7618.0,14795.0,6544.0
2026-07-29 12:50:34,2026-07-29 12:35,7995.0,7659.0,4.39,10976100,8020.0,7618.0,14795.0,6544.0
2026-07-29 12:55:32,2026-07-29 12:40,7991.0,7659.0,4.33,11130100,8020.0,7618.0,14795.0,6544.0
2026-07-29 13:00:36,2026-07-29 12:45,7978.0,7659.0,4.17,11325700,8020.0,7618.0,14795.0,6544.0
2026-07-29 13:05:40,2026-07-29 12:50,7985.0,7659.0,4.26,11467600,8020.0,7618.0,14795.0,6544.0
2026-07-29 13:10:48,2026-07-29 12:55,8003.0,7659.0,4.49,11704300,8020.0,7618.0,14795.0,6544.0
2026-07-29 13:15:34,2026-07-29 13:00,7994.0,7659.0,4.37,11878900,8020.0,7618.0,14795.0,6544.0
2026-07-29 13:20:34,2026-07-29 13:05,8020.0,7659.0,4.71,12106800,8023.0,7618.0,14795.0,6544.0
2026-07-29 13:25:42,2026-07-29 13:10,8026.0,7659.0,4.79,12337900,8040.0,7618.0,14795.0,6544.0
2026-07-29 13:30:38,2026-07-29 13:15,8035.0,7659.0,4.91,12499300,8040.0,7618.0,14795.0,6544.0
2026-07-29 13:35:43,2026-07-29 13:20,8006.0,7659.0,4.53,12986000,8041.0,7618.0,14795.0,6544.0
2026-07-29 13:40:44,2026-07-29 13:25,8020.0,7659.0,4.71,13103700,8041.0,7618.0,14795.0,6544.0
2026-07-29 13:45:46,2026-07-29 13:30,8022.0,7659.0,4.74,13221700,8041.0,7618.0,14795.0,6544.0
2026-07-29 13:50:31,2026-07-29 13:35,8027.0,7659.0,4.8,13358500,8041.0,7618.0,14795.0,6544.0
2026-07-29 13:55:39,2026-07-29 13:40,8042.0,7659.0,5.0,13517200,8049.0,7618.0,14795.0,6544.0
2026-07-29 14:00:32,2026-07-29 13:45,8039.0,7659.0,4.96,13751200,8058.0,7618.0,14795.0,6544.0
2026-07-29 14:05:45,2026-07-29 13:50,8013.0,7659.0,4.62,13923800,8058.0,7618.0,14795.0,6544.0
2026-07-29 14:10:38,2026-07-29 13:55,7962.0,7659.0,3.96,14229300,8058.0,7618.0,14795.0,6544.0
2026-07-29 14:15:36,2026-07-29 14:00,7963.0,7659.0,3.97,14429700,8058.0,7618.0,14795.0,6544.0
2026-07-29 14:20:44,2026-07-29 14:05,7946.0,7659.0,3.75,14577600,8058.0,7618.0,14795.0,6544.0
2026-07-29 14:25:44,2026-07-29 14:10,7957.0,7659.0,3.89,14697800,8058.0,7618.0,14795.0,6544.0
2026-07-29 14:30:41,2026-07-29 14:15,7975.0,7659.0,4.13,14822200,8058.0,7618.0,14795.0,6544.0
2026-07-29 14:35:48,2026-07-29 14:20,7995.0,7659.0,4.39,14936500,8058.0,7618.0,14795.0,6544.0
2026-07-29 14:40:32,2026-07-29 14:25,7980.0,7659.0,4.19,15055100,8058.0,7618.0,14795.0,6544.0
2026-07-29 14:45:43,2026-07-29 14:30,7970.0,7659.0,4.06,15205100,8058.0,7618.0,14795.0,6544.0
2026-07-29 14:50:49,2026-07-29 14:35,7970.0,7659.0,4.06,15342900,8058.0,7618.0,14795.0,6544.0
2026-07-29 14:55:34,2026-07-29 14:40,7960.0,7659.0,3.93,15483100,8058.0,7618.0,14795.0,6544.0
2026-07-29 15:00:35,2026-07-29 14:45,7981.0,7659.0,4.2,15627900,8058.0,7618.0,14795.0,6544.0
2026-07-29 15:05:42,2026-07-29 14:50,7977.0,7659.0,4.15,15757200,8058.0,7618.0,14795.0,6544.0
2026-07-29 15:10:41,2026-07-29 14:55,7974.0,7659.0,4.11,15881800,8058.0,7618.0,14795.0,6544.0
2026-07-29 15:15:52,2026-07-29 15:00,7999.0,7659.0,4.44,16016200,8058.0,7618.0,14795.0,6544.0
2026-07-29 15:20:41,2026-07-29 15:05,7990.0,7659.0,4.32,16195400,8058.0,7618.0,14795.0,6544.0
2026-07-29 15:25:35,2026-07-29 15:10,7986.0,7659.0,4.27,16360600,8058.0,7618.0,14795.0,6544.0
2026-07-29 15:30:40,2026-07-29 15:15,7999.0,7659.0,4.44,16535700,8058.0,7618.0,14795.0,6544.0
2026-07-29 15:40:39,2026-07-29 15:24,7990.0,7659.0,4.32,16946600,8058.0,7618.0,14795.0,6544.0
2026-07-30 09:05:39,2026-07-29 15:30,7986.0,7659.0,4.27,18827900,8058.0,7618.0,14795.0,6544.0
2026-07-30 09:10:43,2026-07-29 15:30,7986.0,7659.0,4.27,18827900,8058.0,7618.0,14795.0,6544.0
2026-07-30 09:15:32,2026-07-30 09:00,7986.0,7659.0,4.27,19796100,8190.0,8083.0,14795.0,6544.0
2026-07-30 09:20:34,2026-07-30 09:05,8188.0,7986.0,2.53,1614000,8215.0,8083.0,14795.0,6544.0
2026-07-30 09:25:31,2026-07-30 09:10,8131.0,7986.0,1.82,2412500,8245.0,8083.0,14795.0,6544.0
2026-07-30 09:30:34,2026-07-30 09:15,8060.0,7986.0,0.93,2962200,8245.0,8052.0,14795.0,6544.0
2026-07-30 09:35:46,2026-07-30 09:20,8010.0,7986.0,0.3,3449400,8245.0,7995.0,14795.0,6544.0
2026-07-30 09:40:45,2026-07-30 09:25,7970.0,7986.0,-0.2,3844000,8245.0,7955.0,14795.0,6544.0
2026-07-30 09:45:32,2026-07-30 09:30,7989.0,7986.0,0.04,4149200,8245.0,7935.0,14795.0,6544.0
2026-07-30 09:50:39,2026-07-30 09:35,7962.0,7986.0,-0.3,4316400,8245.0,7935.0,14795.0,6544.0
2026-07-30 09:55:43,2026-07-30 09:40,7998.0,7986.0,0.15,4535200,8245.0,7935.0,14795.0,6544.0
2026-07-30 10:00:38,2026-07-30 09:45,7957.0,7986.0,-0.36,4766800,8245.0,7935.0,14795.0,6544.0
2026-07-30 10:05:39,2026-07-30 09:50,7965.0,7986.0,-0.26,4910800,8245.0,7935.0,14795.0,6544.0
2026-07-30 10:10:51,2026-07-30 09:55,7988.0,7986.0,0.03,4994200,8245.0,7935.0,14795.0,6544.0
2026-07-30 10:15:31,2026-07-30 10:00,8032.0,7986.0,0.58,5130500,8245.0,7935.0,14795.0,6544.0
2026-07-30 10:20:38,2026-07-30 10:05,8022.0,7986.0,0.45,5275400,8245.0,7935.0,14795.0,6544.0
2026-07-30 10:25:31,2026-07-30 10:10,8037.0,7986.0,0.64,5385700,8245.0,7935.0,14795.0,6544.0
2026-07-30 10:30:35,2026-07-30 10:15,8031.0,7986.0,0.56,5475900,8245.0,7935.0,14795.0,6544.0
2026-07-30 10:35:32,2026-07-30 10:20,8029.0,7986.0,0.54,5605100,8245.0,7935.0,14795.0,6544.0
2026-07-30 10:40:33,2026-07-30 10:25,8033.0,7986.0,0.59,5672100,8245.0,7935.0,14795.0,6544.0
2026-07-30 10:45:30,2026-07-30 10:30,8004.0,7986.0,0.23,5793900,8245.0,7935.0,14795.0,6544.0
2026-07-30 10:50:33,2026-07-30 10:35,8001.0,7986.0,0.19,5886100,8245.0,7935.0,14795.0,6544.0
2026-07-30 10:55:39,2026-07-30 10:40,8023.0,7986.0,0.46,5951600,8245.0,7935.0,14795.0,6544.0
2026-07-30 11:00:43,2026-07-30 10:45,8017.0,7986.0,0.39,6012200,8245.0,7935.0,14795.0,6544.0
2026-07-30 11:05:39,2026-07-30 10:50,8034.0,7986.0,0.6,6057000,8245.0,7935.0,14795.0,6544.0
2026-07-30 11:10:54,2026-07-30 10:55,8026.0,7986.0,0.5,6123800,8245.0,7935.0,14795.0,6544.0
2026-07-30 11:15:35,2026-07-30 11:00,8042.0,7986.0,0.7,6185200,8245.0,7935.0,14795.0,6544.0
2026-07-30 11:20:35,2026-07-30 11:05,8056.0,7986.0,0.88,6250100,8245.0,7935.0,14795.0,6544.0
2026-07-30 11:25:32,2026-07-30 11:10,8034.0,7986.0,0.6,6336100,8245.0,7935.0,14795.0,6544.0
2026-07-30 11:30:39,2026-07-30 11:15,8056.0,7986.0,0.88,6389700,8245.0,7935.0,14795.0,6544.0
2026-07-30 12:30:32,2026-07-30 11:30,8068.0,7986.0,1.03,6756800,8245.0,7935.0,14795.0,6544.0
2026-07-30 12:35:38,2026-07-30 11:30,8068.0,7986.0,1.03,6756800,8245.0,7935.0,14795.0,6544.0
2026-07-30 12:40:34,2026-07-30 11:30,8068.0,7986.0,1.03,6756800,8245.0,7935.0,14795.0,6544.0
2026-07-30 12:45:37,2026-07-30 12:30,8080.0,7986.0,1.18,7077000,8245.0,7935.0,14795.0,6544.0
2026-07-30 12:50:32,2026-07-30 12:35,8091.0,7986.0,1.31,7379200,8245.0,7935.0,14795.0,6544.0
2026-07-30 12:55:43,2026-07-30 12:40,8117.0,7986.0,1.64,7538900,8245.0,7935.0,14795.0,6544.0
2026-07-30 13:00:45,2026-07-30 12:45,8111.0,7986.0,1.57,7658800,8245.0,7935.0,14795.0,6544.0
2026-07-30 13:05:30,2026-07-30 12:50,8114.0,7986.0,1.6,7732700,8245.0,7935.0,14795.0,6544.0
2026-07-30 13:10:40,2026-07-30 12:55,8129.0,7986.0,1.79,7847200,8245.0,7935.0,14795.0,6544.0
2026-07-30 13:15:36,2026-07-30 13:00,8107.0,7986.0,1.52,7967300,8245.0,7935.0,14795.0,6544.0
2026-07-30 13:20:30,2026-07-30 13:05,8118.0,7986.0,1.65,8047000,8245.0,7935.0,14795.0,6544.0
2026-07-30 13:25:34,2026-07-30 13:10,8115.0,7986.0,1.62,8120800,8245.0,7935.0,14795.0,6544.0
2026-07-30 13:30:35,2026-07-30 13:15,8124.0,7986.0,1.73,8191900,8245.0,7935.0,14795.0,6544.0
2026-07-30 13:35:33,2026-07-30 13:20,8131.0,7986.0,1.82,8262600,8245.0,7935.0,14795.0,6544.0
2026-07-30 13:40:31,2026-07-30 13:25,8143.0,7986.0,1.97,8341800,8245.0,7935.0,14795.0,6544.0
2026-07-30 13:45:33,2026-07-30 13:30,8167.0,7986.0,2.27,8507400,8245.0,7935.0,14795.0,6544.0
2026-07-30 13:50:35,2026-07-30 13:35,8184.0,7986.0,2.48,8658400,8245.0,7935.0,14795.0,6544.0
2026-07-30 13:55:41,2026-07-30 13:40,8148.0,7986.0,2.03,8818200,8245.0,7935.0,14795.0,6544.0
2026-07-30 14:00:51,2026-07-30 13:45,8149.0,7986.0,2.04,8903400,8245.0,7935.0,14795.0,6544.0
2026-07-30 14:05:37,2026-07-30 13:50,8138.0,7986.0,1.9,9014200,8245.0,7935.0,14795.0,6544.0
2026-07-30 14:10:31,2026-07-30 13:55,8150.0,7986.0,2.05,9107600,8245.0,7935.0,14795.0,6544.0
2026-07-30 14:15:31,2026-07-30 14:00,8132.0,7986.0,1.83,9207900,8245.0,7935.0,14795.0,6544.0
2026-07-30 14:20:29,2026-07-30 14:05,8130.0,7986.0,1.8,9265300,8245.0,7935.0,14795.0,6544.0
2026-07-30 14:25:40,2026-07-30 14:10,8123.0,7986.0,1.72,9343700,8245.0,7935.0,14795.0,6544.0
2026-07-30 14:30:39,2026-07-30 14:15,8136.0,7986.0,1.88,9416200,8245.0,7935.0,14795.0,6544.0
2026-07-30 14:35:31,2026-07-30 14:20,8155.0,7986.0,2.12,9525500,8245.0,7935.0,14795.0,6544.0
2026-07-30 14:40:46,2026-07-30 14:25,8166.0,7986.0,2.25,9644100,8245.0,7935.0,14795.0,6544.0
2026-07-30 14:45:30,2026-07-30 14:30,8169.0,7986.0,2.29,9724700,8245.0,7935.0,14795.0,6544.0
2026-07-30 14:50:41,2026-07-30 14:35,8185.0,7986.0,2.49,9863800,8245.0,7935.0,14795.0,6544.0
2026-07-30 14:55:41,2026-07-30 14:40,8170.0,7986.0,2.3,9995000,8245.0,7935.0,14795.0,6544.0
2026-07-30 15:00:33,2026-07-30 14:45,8168.0,7986.0,2.28,10083100,8245.0,7935.0,14795.0,6544.0
2026-07-30 15:05:37,2026-07-30 14:50,8166.0,7986.0,2.25,10171300,8245.0,7935.0,14795.0,6544.0
2026-07-30 15:10:51,2026-07-30 14:55,8137.0,7986.0,1.89,10306200,8245.0,7935.0,14795.0,6544.0
2026-07-30 15:15:38,2026-07-30 15:00,8136.0,7986.0,1.88,10483400,8245.0,7935.0,14795.0,6544.0
2026-07-30 15:20:37,2026-07-30 15:05,8142.0,7986.0,1.95,10610200,8245.0,7935.0,14795.0,6544.0
2026-07-30 15:25:34,2026-07-30 15:10,8139.0,7986.0,1.92,10790900,8245.0,7935.0,14795.0,6544.0
2026-07-30 15:30:38,2026-07-30 15:15,8156.0,7986.0,2.13,10946600,8245.0,7935.0,14795.0,6544.0
2026-07-30 15:40:33,2026-07-30 15:24,8192.0,7986.0,2.58,11352100,8245.0,7935.0,14795.0,6544.0
2026-07-31 09:05:37,2026-07-30 15:30,8145.0,7986.0,1.99,13267300,8245.0,7935.0,14795.0,6544.0
2026-07-31 09:10:46,2026-07-30 15:30,8145.0,7986.0,1.99,13267300,8245.0,7935.0,14795.0,6544.0
2026-07-31 09:15:38,2026-07-30 15:30,8145.0,7986.0,1.99,13267300,8245.0,7935.0,14795.0,6544.0
2026-07-31 09:20:38,2026-07-30 15:30,8145.0,7986.0,1.99,13267300,8245.0,7935.0,14795.0,6544.0
2026-07-31 09:25:38,2026-07-31 09:10,7456.0,8145.0,-8.46,2161800,7615.0,7439.0,14795.0,6544.0
2026-07-31 09:30:46,2026-07-31 09:15,7503.0,8145.0,-7.88,3344800,7615.0,7439.0,14795.0,6544.0
2026-07-31 09:35:42,2026-07-31 09:20,7507.0,8145.0,-7.83,4330900,7615.0,7439.0,14795.0,6544.0
2026-07-31 09:40:30,2026-07-31 09:25,7579.0,8145.0,-6.95,4960100,7615.0,7439.0,14795.0,6544.0
2026-07-31 09:45:41,2026-07-31 09:30,7669.0,8145.0,-5.84,5521900,7678.0,7439.0,14795.0,6544.0
2026-07-31 09:50:33,2026-07-31 09:35,7669.0,8145.0,-5.84,5967800,7694.0,7439.0,14795.0,6544.0
2026-07-31 09:55:34,2026-07-31 09:40,7756.0,8145.0,-4.78,6640100,7764.0,7439.0,14795.0,6544.0
2026-07-31 10:00:33,2026-07-31 09:45,7672.0,8145.0,-5.81,7245700,7764.0,7439.0,14795.0,6544.0
2026-07-31 10:05:34,2026-07-31 09:50,7684.0,8145.0,-5.66,7491700,7764.0,7439.0,14795.0,6544.0
2026-07-31 10:10:42,2026-07-31 09:55,7697.0,8145.0,-5.5,7758500,7764.0,7439.0,14795.0,6544.0
2026-07-31 10:15:31,2026-07-31 10:00,7724.0,8145.0,-5.17,8059000,7764.0,7439.0,14795.0,6544.0
2026-07-31 10:20:31,2026-07-31 10:05,7685.0,8145.0,-5.65,8334800,7764.0,7439.0,14795.0,6544.0
2026-07-31 10:25:39,2026-07-31 10:10,7687.0,8145.0,-5.62,8578000,7764.0,7439.0,14795.0,6544.0
2026-07-31 10:30:40,2026-07-31 10:15,7692.0,8145.0,-5.56,8756300,7764.0,7439.0,14795.0,6544.0
2026-07-31 10:35:35,2026-07-31 10:20,7681.0,8145.0,-5.7,8982400,7764.0,7439.0,14795.0,6544.0
2026-07-31 10:40:34,2026-07-31 10:25,7682.0,8145.0,-5.68,9209200,7764.0,7439.0,14795.0,6544.0
2026-07-31 10:45:39,2026-07-31 10:30,7690.0,8145.0,-5.59,9491000,7764.0,7439.0,14795.0,6544.0
2026-07-31 10:50:41,2026-07-31 10:35,7703.0,8145.0,-5.43,9753300,7764.0,7439.0,14795.0,6544.0
2026-07-31 10:55:31,2026-07-31 10:40,7709.0,8145.0,-5.35,9906200,7764.0,7439.0,14795.0,6544.0
2026-07-31 11:00:41,2026-07-31 10:45,7679.0,8145.0,-5.72,10074900,7764.0,7439.0,14795.0,6544.0
2026-07-31 11:05:33,2026-07-31 10:50,7682.0,8145.0,-5.68,10304500,7764.0,7439.0,14795.0,6544.0
2026-07-31 11:10:36,2026-07-31 10:55,7694.0,8145.0,-5.54,10623700,7764.0,7439.0,14795.0,6544.0
2026-07-31 11:15:40,2026-07-31 11:00,7724.0,8145.0,-5.17,10758800,7764.0,7439.0,14795.0,6544.0
2026-07-31 11:20:35,2026-07-31 11:05,7727.0,8145.0,-5.13,10937600,7764.0,7439.0,14795.0,6544.0
2026-07-31 11:25:33,2026-07-31 11:10,7735.0,8145.0,-5.03,11121800,7764.0,7439.0,14795.0,6544.0
2026-07-31 11:30:45,2026-07-31 11:15,7738.0,8145.0,-5.0,11301600,7764.0,7439.0,14795.0,6544.0
2026-07-31 12:30:48,2026-07-31 11:30,7706.0,8145.0,-5.39,11822900,7764.0,7439.0,14795.0,6544.0
2026-07-31 12:35:46,2026-07-31 11:30,7706.0,8145.0,-5.39,11822900,7764.0,7439.0,14795.0,6544.0
2026-07-31 12:40:35,2026-07-31 11:30,7706.0,8145.0,-5.39,11822900,7764.0,7439.0,14795.0,6544.0
2026-07-31 12:45:39,2026-07-31 12:30,7681.0,8145.0,-5.7,12022800,7764.0,7439.0,14795.0,6544.0
2026-07-31 12:50:32,2026-07-31 12:35,7679.0,8145.0,-5.72,12213500,7764.0,7439.0,14795.0,6544.0
2026-07-31 12:55:38,2026-07-31 12:40,7729.0,8145.0,-5.11,12484900,7764.0,7439.0,14795.0,6544.0
2026-07-31 13:00:39,2026-07-31 12:45,7716.0,8145.0,-5.27,12672300,7764.0,7439.0,14795.0,6544.0
2026-07-31 13:05:42,2026-07-31 12:50,7751.0,8145.0,-4.84,12842100,7764.0,7439.0,14795.0,6544.0
2026-07-31 13:10:31,2026-07-31 12:55,7745.0,8145.0,-4.91,13008200,7765.0,7439.0,14795.0,6544.0
2026-07-31 13:15:39,2026-07-31 13:00,7742.0,8145.0,-4.95,13137100,7765.0,7439.0,14795.0,6544.0
2026-07-31 13:20:38,2026-07-31 13:05,7739.0,8145.0,-4.98,13216200,7765.0,7439.0,14795.0,6544.0
2026-07-31 13:25:35,2026-07-31 13:10,7721.0,8145.0,-5.21,13328600,7765.0,7439.0,14795.0,6544.0
2026-07-31 13:30:30,2026-07-31 13:15,7718.0,8145.0,-5.24,13401100,7765.0,7439.0,14795.0,6544.0
2026-07-31 13:35:36,2026-07-31 13:20,7716.0,8145.0,-5.27,13502900,7765.0,7439.0,14795.0,6544.0
2026-07-31 13:40:38,2026-07-31 13:25,7698.0,8145.0,-5.49,13631800,7765.0,7439.0,14795.0,6544.0
2026-07-31 13:45:44,2026-07-31 13:30,7707.0,8145.0,-5.38,13700500,7765.0,7439.0,14795.0,6544.0
2026-07-31 13:50:35,2026-07-31 13:35,7699.0,8145.0,-5.48,13795100,7765.0,7439.0,14795.0,6544.0
2026-07-31 13:55:43,2026-07-31 13:40,7699.0,8145.0,-5.48,13863100,7765.0,7439.0,14795.0,6544.0
2026-07-31 14:00:37,2026-07-31 13:45,7720.0,8145.0,-5.22,13946600,7765.0,7439.0,14795.0,6544.0
2026-07-31 14:05:31,2026-07-31 13:50,7713.0,8145.0,-5.3,14001400,7765.0,7439.0,14795.0,6544.0
2026-07-31 14:10:31,2026-07-31 13:55,7709.0,8145.0,-5.35,14078700,7765.0,7439.0,14795.0,6544.0
2026-07-31 14:15:56,2026-07-31 14:00,7698.0,8145.0,-5.49,14144400,7765.0,7439.0,14795.0,6544.0
2026-07-31 14:20:31,2026-07-31 14:05,7696.0,8145.0,-5.51,14213200,7765.0,7439.0,14795.0,6544.0
2026-07-31 14:25:42,2026-07-31 14:10,7696.0,8145.0,-5.51,14285200,7765.0,7439.0,14795.0,6544.0
2026-07-31 14:30:41,2026-07-31 14:15,7706.0,8145.0,-5.39,14406800,7765.0,7439.0,14795.0,6544.0
2026-07-31 14:36:24,2026-07-31 14:21,7704.0,8145.0,-5.41,14476600,7765.0,7439.0,14795.0,6544.0
2026-07-31 14:40:51,2026-07-31 14:25,7704.0,8145.0,-5.41,14539600,7765.0,7439.0,14795.0,6544.0
2026-07-31 14:45:37,2026-07-31 14:30,7702.0,8145.0,-5.44,14621000,7765.0,7439.0,14795.0,6544.0
2026-07-31 14:50:32,2026-07-31 14:35,7699.0,8145.0,-5.48,14695800,7765.0,7439.0,14795.0,6544.0
2026-07-31 14:55:35,2026-07-31 14:40,7707.0,8145.0,-5.38,14795400,7765.0,7439.0,14795.0,6544.0
2026-07-31 15:00:45,2026-07-31 14:45,7703.0,8145.0,-5.43,14901100,7765.0,7439.0,14795.0,6544.0
2026-07-31 15:05:41,2026-07-31 14:50,7716.0,8145.0,-5.27,14992000,7765.0,7439.0,14795.0,6544.0
2026-07-31 15:10:45,2026-07-31 14:55,7713.0,8145.0,-5.3,15110500,7765.0,7439.0,14795.0,6544.0
2026-07-31 15:15:38,2026-07-31 15:00,7721.0,8145.0,-5.21,15224000,7765.0,7439.0,14795.0,6544.0
2026-07-31 15:20:46,2026-07-31 15:05,7696.0,8145.0,-5.51,15354100,7765.0,7439.0,14795.0,6544.0
2026-07-31 15:25:40,2026-07-31 15:10,7678.0,8145.0,-5.73,15593000,7765.0,7439.0,14795.0,6544.0
2026-07-31 15:30:52,2026-07-31 15:15,7695.0,8145.0,-5.52,15760900,7765.0,7439.0,14795.0,6544.0
2026-07-31 15:40:42,2026-07-31 15:24,7677.0,8145.0,-5.75,16030200,7765.0,7439.0,14795.0,6544.0
2026-08-03 09:05:31,2026-07-31 15:30,7679.0,8145.0,-5.72,18014300,7765.0,7439.0,14795.0,6544.0
2026-08-03 09:10:32,2026-07-31 15:30,7679.0,8145.0,-5.72,18014300,7765.0,7439.0,14795.0,6544.0
2026-08-03 09:15:40,2026-08-03 09:00,7614.0,8145.0,-6.52,18626800,7675.0,7610.0,14795.0,6544.0
2026-08-03 09:20:35,2026-08-03 09:05,7604.0,7679.0,-0.98,999700,7675.0,7538.0,14795.0,6544.0
2026-08-03 09:25:48,2026-08-03 09:10,7668.0,7679.0,-0.14,1292200,7695.0,7538.0,14795.0,6544.0
2026-08-03 09:30:35,2026-08-03 09:15,7662.0,7679.0,-0.22,1488300,7695.0,7538.0,14795.0,6544.0
2026-08-03 09:35:38,2026-08-03 09:20,7549.0,7679.0,-1.69,1792000,7695.0,7538.0,14795.0,6544.0
2026-08-03 09:40:32,2026-08-03 09:25,7472.0,7679.0,-2.7,2191000,7695.0,7466.0,14795.0,6544.0
2026-08-03 09:45:42,2026-08-03 09:30,7515.0,7679.0,-2.14,2404900,7695.0,7463.0,14795.0,6544.0
2026-08-03 09:50:33,2026-08-03 09:35,7518.0,7679.0,-2.1,2576100,7695.0,7463.0,14795.0,6544.0
2026-08-03 09:55:33,2026-08-03 09:40,7531.0,7679.0,-1.93,2738100,7695.0,7463.0,14795.0,6544.0
2026-08-03 10:00:34,2026-08-03 09:45,7494.0,7679.0,-2.41,2910800,7695.0,7463.0,14795.0,6544.0
2026-08-03 10:05:35,2026-08-03 09:50,7515.0,7679.0,-2.14,3030000,7695.0,7463.0,14795.0,6544.0
2026-08-03 10:10:31,2026-08-03 09:55,7502.0,7679.0,-2.3,3132700,7695.0,7463.0,14795.0,6544.0
2026-08-03 10:15:38,2026-08-03 10:00,7473.0,7679.0,-2.68,3258800,7695.0,7463.0,14795.0,6544.0
2026-08-03 10:20:35,2026-08-03 10:05,7463.0,7679.0,-2.81,3384900,7695.0,7456.0,14795.0,6544.0
2026-08-03 10:25:46,2026-08-03 10:10,7448.0,7679.0,-3.01,3580000,7695.0,7440.0,14795.0,6544.0
2026-08-03 10:30:39,2026-08-03 10:15,7463.0,7679.0,-2.81,3713500,7695.0,7426.0,14795.0,6544.0
2026-08-03 10:35:46,2026-08-03 10:20,7446.0,7679.0,-3.03,3817700,7695.0,7426.0,14795.0,6544.0
2026-08-03 10:40:39,2026-08-03 10:25,7450.0,7679.0,-2.98,3907200,7695.0,7426.0,14795.0,6544.0
2026-08-03 10:45:41,2026-08-03 10:30,7443.0,7679.0,-3.07,3981400,7695.0,7426.0,14795.0,6544.0
2026-08-03 10:50:41,2026-08-03 10:35,7438.0,7679.0,-3.14,4044800,7695.0,7426.0,14795.0,6544.0
2026-08-03 10:55:34,2026-08-03 10:40,7418.0,7679.0,-3.4,4155000,7695.0,7416.0,14795.0,6544.0
2026-08-03 11:00:44,2026-08-03 10:45,7456.0,7679.0,-2.9,4246900,7695.0,7414.0,14795.0,6544.0
2026-08-03 11:05:42,2026-08-03 10:50,7464.0,7679.0,-2.8,4291200,7695.0,7414.0,14795.0,6544.0
2026-08-03 11:10:47,2026-08-03 10:55,7464.0,7679.0,-2.8,4346700,7695.0,7414.0,14795.0,6544.0
2026-08-03 11:15:36,2026-08-03 11:00,7447.0,7679.0,-3.02,4394200,7695.0,7414.0,14795.0,6544.0
2026-08-03 11:20:37,2026-08-03 11:05,7460.0,7679.0,-2.85,4450000,7695.0,7414.0,14795.0,6544.0
2026-08-03 11:25:35,2026-08-03 11:10,7456.0,7679.0,-2.9,4505100,7695.0,7414.0,14795.0,6544.0
2026-08-03 11:30:41,2026-08-03 11:15,7454.0,7679.0,-2.93,4590300,7695.0,7414.0,14795.0,6544.0
2026-08-03 12:30:32,2026-08-03 11:30,7452.0,7679.0,-2.96,4762500,7695.0,7414.0,14795.0,6544.0
2026-08-03 12:35:40,2026-08-03 11:30,7452.0,7679.0,-2.96,4762500,7695.0,7414.0,14795.0,6544.0
2026-08-03 12:40:36,2026-08-03 11:30,7452.0,7679.0,-2.96,4762500,7695.0,7414.0,14795.0,6544.0
2026-08-03 12:45:33,2026-08-03 12:30,7475.0,7679.0,-2.66,4864900,7695.0,7414.0,14795.0,6544.0
2026-08-03 12:50:37,2026-08-03 12:35,7488.0,7679.0,-2.49,4965400,7695.0,7414.0,14795.0,6544.0
2026-08-03 12:55:33,2026-08-03 12:40,7489.0,7679.0,-2.47,5046900,7695.0,7414.0,14795.0,6544.0
2026-08-03 13:00:41,2026-08-03 12:45,7480.0,7679.0,-2.59,5100200,7695.0,7414.0,14795.0,6544.0
2026-08-03 13:05:37,2026-08-03 12:50,7487.0,7679.0,-2.5,5155600,7695.0,7414.0,14795.0,6544.0
2026-08-03 13:10:35,2026-08-03 12:55,7491.0,7679.0,-2.45,5217700,7695.0,7414.0,14795.0,6544.0
2026-08-03 13:15:39,2026-08-03 13:00,7491.0,7679.0,-2.45,5294400,7695.0,7414.0,14795.0,6544.0
2026-08-03 13:20:39,2026-08-03 13:05,7501.0,7679.0,-2.32,5361600,7695.0,7414.0,14795.0,6544.0
2026-08-03 13:25:39,2026-08-03 13:10,7535.0,7679.0,-1.88,5435100,7695.0,7414.0,14795.0,6544.0
2026-08-03 13:30:36,2026-08-03 13:15,7537.0,7679.0,-1.85,5506900,7695.0,7414.0,14795.0,6544.0
2026-08-03 13:35:37,2026-08-03 13:20,7550.0,7679.0,-1.68,5580600,7695.0,7414.0,14795.0,6544.0
2026-08-03 13:40:37,2026-08-03 13:25,7563.0,7679.0,-1.51,5655300,7695.0,7414.0,14795.0,6544.0
2026-08-03 13:45:33,2026-08-03 13:30,7572.0,7679.0,-1.39,5713500,7695.0,7414.0,14795.0,6544.0
2026-08-03 13:51:13,2026-08-03 13:36,7565.0,7679.0,-1.48,5781600,7695.0,7414.0,14795.0,6544.0
2026-08-03 13:55:44,2026-08-03 13:40,7563.0,7679.0,-1.51,5818000,7695.0,7414.0,14795.0,6544.0
2026-08-03 14:00:32,2026-08-03 13:45,7566.0,7679.0,-1.47,5859000,7695.0,7414.0,14795.0,6544.0
2026-08-03 14:05:40,2026-08-03 13:50,7566.0,7679.0,-1.47,5908000,7695.0,7414.0,14795.0,6544.0
2026-08-03 14:10:30,2026-08-03 13:55,7570.0,7679.0,-1.42,5953400,7695.0,7414.0,14795.0,6544.0
2026-08-03 14:15:43,2026-08-03 14:00,7568.0,7679.0,-1.45,6001100,7695.0,7414.0,14795.0,6544.0
2026-08-03 14:20:50,2026-08-03 14:05,7583.0,7679.0,-1.25,6073400,7695.0,7414.0,14795.0,6544.0
2026-08-03 14:25:42,2026-08-03 14:10,7579.0,7679.0,-1.3,6179500,7695.0,7414.0,14795.0,6544.0
2026-08-03 14:30:31,2026-08-03 14:15,7577.0,7679.0,-1.33,6217300,7695.0,7414.0,14795.0,6544.0
2026-08-03 14:35:39,2026-08-03 14:20,7586.0,7679.0,-1.21,6258400,7695.0,7414.0,14795.0,6544.0
2026-08-03 14:40:44,2026-08-03 14:25,7586.0,7679.0,-1.21,6296200,7695.0,7414.0,14795.0,6544.0
2026-08-03 14:45:36,2026-08-03 14:30,7595.0,7679.0,-1.09,6347700,7695.0,7414.0,14795.0,6544.0
2026-08-03 14:50:42,2026-08-03 14:35,7582.0,7679.0,-1.26,6393300,7695.0,7414.0,14795.0,6544.0
2026-08-03 14:55:31,2026-08-03 14:40,7593.0,7679.0,-1.12,6440800,7695.0,7414.0,14795.0,6544.0
2026-08-03 15:00:37,2026-08-03 14:45,7602.0,7679.0,-1.0,6531500,7695.0,7414.0,14795.0,6544.0
2026-08-03 15:05:31,2026-08-03 14:50,7615.0,7679.0,-0.83,6625900,7695.0,7414.0,14795.0,6544.0
2026-08-03 15:10:40,2026-08-03 14:55,7616.0,7679.0,-0.82,6680100,7695.0,7414.0,14795.0,6544.0
2026-08-03 15:15:48,2026-08-03 15:00,7615.0,7679.0,-0.83,6728600,7695.0,7414.0,14795.0,6544.0
2026-08-03 15:20:47,2026-08-03 15:05,7607.0,7679.0,-0.94,6800500,7695.0,7414.0,14795.0,6544.0
2026-08-03 15:25:44,2026-08-03 15:10,7599.0,7679.0,-1.04,6862300,7695.0,7414.0,14795.0,6544.0
2026-08-03 15:30:43,2026-08-03 15:15,7595.0,7679.0,-1.09,6929400,7695.0,7414.0,14795.0,6544.0
2026-08-03 15:40:50,2026-08-03 15:24,7591.0,7679.0,-1.15,7086500,7695.0,7414.0,14795.0,6544.0
2026-08-04 09:05:46,2026-08-03 15:30,7589.0,7679.0,-1.17,8268900,7695.0,7414.0,14795.0,6544.0
2026-08-04 09:10:32,2026-08-03 15:30,7589.0,7679.0,-1.17,8268900,7695.0,7414.0,14795.0,6544.0
2026-08-04 09:15:39,2026-08-04 09:00,7589.0,7679.0,-1.17,8614300,7659.0,7583.0,14795.0,6544.0
2026-08-04 09:20:38,2026-08-04 09:05,7559.0,7589.0,-0.4,625800,7659.0,7525.0,14795.0,6544.0
2026-08-04 09:25:41,2026-08-04 09:10,7537.0,7589.0,-0.69,782200,7659.0,7524.0,14795.0,6544.0
2026-08-04 09:30:33,2026-08-04 09:15,7592.0,7589.0,0.04,917800,7659.0,7524.0,14795.0,6544.0
2026-08-04 09:35:45,2026-08-04 09:20,7617.0,7589.0,0.37,1064100,7659.0,7524.0,14795.0,6544.0
2026-08-04 09:40:41,2026-08-04 09:25,7600.0,7589.0,0.14,1163900,7659.0,7524.0,14795.0,6544.0
2026-08-04 09:45:41,2026-08-04 09:30,7604.0,7589.0,0.2,1292500,7659.0,7524.0,14795.0,6544.0
2026-08-04 09:50:34,2026-08-04 09:35,7650.0,7589.0,0.8,1409900,7659.0,7524.0,14795.0,6544.0
2026-08-04 09:55:53,2026-08-04 09:40,7679.0,7589.0,1.19,1650400,7687.0,7524.0,14795.0,6544.0
2026-08-04 10:00:50,2026-08-04 09:45,7643.0,7589.0,0.71,1810100,7699.0,7524.0,14795.0,6544.0
2026-08-04 10:05:41,2026-08-04 09:50,7623.0,7589.0,0.45,1911700,7699.0,7524.0,14795.0,6544.0
2026-08-04 10:10:47,2026-08-04 09:55,7614.0,7589.0,0.33,2009800,7699.0,7524.0,14795.0,6544.0
2026-08-04 10:15:46,2026-08-04 10:00,7625.0,7589.0,0.47,2097500,7699.0,7524.0,14795.0,6544.0
2026-08-04 10:20:36,2026-08-04 10:05,7607.0,7589.0,0.24,2162000,7699.0,7524.0,14795.0,6544.0
2026-08-04 10:25:32,2026-08-04 10:10,7604.0,7589.0,0.2,2236800,7699.0,7524.0,14795.0,6544.0
2026-08-04 10:30:36,2026-08-04 10:15,7583.0,7589.0,-0.08,2289700,7699.0,7524.0,14795.0,6544.0
2026-08-04 10:35:41,2026-08-04 10:20,7608.0,7589.0,0.25,2385600,7699.0,7524.0,14795.0,6544.0
2026-08-04 10:40:45,2026-08-04 10:25,7593.0,7589.0,0.05,2441200,7699.0,7524.0,14795.0,6544.0
2026-08-04 10:45:43,2026-08-04 10:30,7584.0,7589.0,-0.07,2481600,7699.0,7524.0,14795.0,6544.0
2026-08-04 10:50:45,2026-08-04 10:35,7593.0,7589.0,0.05,2553900,7699.0,7524.0,14795.0,6544.0
2026-08-04 11:10:56,2026-08-04 10:55,7607.0,7589.0,0.24,2727800,7699.0,7524.0,14795.0,6544.0
2026-08-04 11:15:41,2026-08-04 11:00,7598.0,7589.0,0.12,2762300,7699.0,7524.0,14795.0,6544.0
2026-08-04 11:20:38,2026-08-04 11:05,7608.0,7589.0,0.25,2797400,7699.0,7524.0,14795.0,6544.0
2026-08-04 11:25:35,2026-08-04 11:10,7611.0,7589.0,0.29,2826200,7699.0,7524.0,14795.0,6544.0
2026-08-04 11:30:34,2026-08-04 11:15,7612.0,7589.0,0.3,2855800,7699.0,7524.0,14795.0,6544.0
2026-08-04 12:30:39,2026-08-04 11:30,7616.0,7589.0,0.36,2986300,7699.0,7524.0,14795.0,6544.0
2026-08-04 12:35:39,2026-08-04 11:30,7616.0,7589.0,0.36,2986300,7699.0,7524.0,14795.0,6544.0
2026-08-04 12:40:38,2026-08-04 11:30,7616.0,7589.0,0.36,2986300,7699.0,7524.0,14795.0,6544.0
2026-08-04 12:45:39,2026-08-04 12:30,7633.0,7589.0,0.58,3108700,7699.0,7524.0,14795.0,6544.0
2026-08-04 12:50:36,2026-08-04 12:35,7641.0,7589.0,0.69,3183300,7699.0,7524.0,14795.0,6544.0
2026-08-04 12:55:40,2026-08-04 12:40,7654.0,7589.0,0.86,3250700,7699.0,7524.0,14795.0,6544.0
2026-08-04 13:00:38,2026-08-04 12:45,7644.0,7589.0,0.72,3286200,7699.0,7524.0,14795.0,6544.0
2026-08-04 13:05:44,2026-08-04 12:50,7619.0,7589.0,0.4,3320500,7699.0,7524.0,14795.0,6544.0
2026-08-04 13:10:45,2026-08-04 12:55,7613.0,7589.0,0.32,3365800,7699.0,7524.0,14795.0,6544.0
2026-08-04 13:15:49,2026-08-04 13:00,7609.0,7589.0,0.26,3406600,7699.0,7524.0,14795.0,6544.0
2026-08-04 13:20:28,2026-08-04 13:05,7619.0,7589.0,0.4,3446000,7699.0,7524.0,14795.0,6544.0
2026-08-04 13:25:35,2026-08-04 13:10,7622.0,7589.0,0.43,3484900,7699.0,7524.0,14795.0,6544.0
2026-08-04 13:30:42,2026-08-04 13:15,7626.0,7589.0,0.49,3514500,7699.0,7524.0,14795.0,6544.0
2026-08-04 13:35:44,2026-08-04 13:20,7618.0,7589.0,0.38,3553600,7699.0,7524.0,14795.0,6544.0
2026-08-04 13:40:38,2026-08-04 13:25,7628.0,7589.0,0.51,3589500,7699.0,7524.0,14795.0,6544.0
2026-08-04 13:45:46,2026-08-04 13:30,7632.0,7589.0,0.57,3612900,7699.0,7524.0,14795.0,6544.0
2026-08-04 13:50:36,2026-08-04 13:35,7624.0,7589.0,0.46,3638000,7699.0,7524.0,14795.0,6544.0
2026-08-04 13:55:31,2026-08-04 13:40,7615.0,7589.0,0.34,3667500,7699.0,7524.0,14795.0,6544.0
2026-08-04 14:00:39,2026-08-04 13:45,7609.0,7589.0,0.26,3703800,7699.0,7524.0,14795.0,6544.0
2026-08-04 14:05:39,2026-08-04 13:50,7615.0,7589.0,0.34,3732100,7699.0,7524.0,14795.0,6544.0
2026-08-04 14:10:45,2026-08-04 13:55,7618.0,7589.0,0.38,3762200,7699.0,7524.0,14795.0,6544.0
2026-08-04 14:15:43,2026-08-04 14:00,7617.0,7589.0,0.37,3785300,7699.0,7524.0,14795.0,6544.0
2026-08-04 14:20:45,2026-08-04 14:05,7606.0,7589.0,0.22,3820900,7699.0,7524.0,14795.0,6544.0
2026-08-04 14:25:44,2026-08-04 14:10,7607.0,7589.0,0.24,3846600,7699.0,7524.0,14795.0,6544.0
2026-08-04 14:30:36,2026-08-04 14:15,7602.0,7589.0,0.17,3876500,7699.0,7524.0,14795.0,6544.0
2026-08-04 14:35:39,2026-08-04 14:20,7598.0,7589.0,0.12,3922800,7699.0,7524.0,14795.0,6544.0
2026-08-04 14:40:37,2026-08-04 14:25,7609.0,7589.0,0.26,3950400,7699.0,7524.0,14795.0,6544.0
2026-08-04 14:45:33,2026-08-04 14:30,7601.0,7589.0,0.16,3996600,7699.0,7524.0,14795.0,6544.0
2026-08-04 14:50:42,2026-08-04 14:35,7606.0,7589.0,0.22,4026700,7699.0,7524.0,14795.0,6544.0
2026-08-04 14:55:36,2026-08-04 14:40,7598.0,7589.0,0.12,4053100,7699.0,7524.0,14795.0,6544.0
2026-08-04 15:40:49,2026-08-04 15:24,7575.0,7589.0,-0.18,4514400,7699.0,7524.0,14795.0,6544.0
2026-08-05 09:05:32,2026-08-04 15:30,7558.0,7589.0,-0.41,5624900,7699.0,7524.0,14795.0,6544.0
2026-08-05 09:10:38,2026-08-04 15:30,7558.0,7589.0,-0.41,5624900,7699.0,7524.0,14795.0,6544.0
2026-08-05 09:15:43,2026-08-05 09:00,7558.0,7589.0,-0.41,5990700,7525.0,7480.0,14795.0,6544.0
2026-08-05 09:20:35,2026-08-05 09:05,7513.0,7558.0,-0.6,680900,7530.0,7478.0,14795.0,6544.0
2026-08-05 09:25:34,2026-08-05 09:10,7532.0,7558.0,-0.34,944500,7535.0,7478.0,14795.0,6544.0
2026-08-05 09:30:39,2026-08-05 09:15,7532.0,7558.0,-0.34,1075600,7542.0,7478.0,14795.0,6544.0
2026-08-05 09:35:36,2026-08-05 09:20,7511.0,7558.0,-0.62,1207600,7545.0,7478.0,14795.0,6544.0
2026-08-05 09:40:44,2026-08-05 09:25,7511.0,7558.0,-0.62,1324600,7545.0,7478.0,14795.0,6544.0
2026-08-05 09:45:45,2026-08-05 09:30,7522.0,7558.0,-0.48,1421400,7545.0,7478.0,14795.0,6544.0
2026-08-05 09:50:52,2026-08-05 09:35,7516.0,7558.0,-0.56,1509300,7545.0,7478.0,14795.0,6544.0
2026-08-05 09:55:41,2026-08-05 09:40,7513.0,7558.0,-0.6,1574800,7545.0,7478.0,14795.0,6544.0
2026-08-05 10:00:54,2026-08-05 09:45,7488.0,7558.0,-0.93,1709100,7545.0,7478.0,14795.0,6544.0
2026-08-05 10:05:32,2026-08-05 09:50,7505.0,7558.0,-0.7,1847100,7545.0,7478.0,14795.0,6544.0
2026-08-05 10:10:32,2026-08-05 09:55,7498.0,7558.0,-0.79,1898700,7545.0,7478.0,14795.0,6544.0
2026-08-05 10:15:39,2026-08-05 10:00,7496.0,7558.0,-0.82,1987300,7545.0,7478.0,14795.0,6544.0
2026-08-05 10:20:35,2026-08-05 10:05,7485.0,7558.0,-0.97,2025600,7545.0,7478.0,14795.0,6544.0
2026-08-05 10:25:41,2026-08-05 10:10,7467.0,7558.0,-1.2,2208800,7545.0,7454.0,14795.0,6544.0
2026-08-05 10:30:43,2026-08-05 10:15,7460.0,7558.0,-1.3,2287300,7545.0,7454.0,14795.0,6544.0
2026-08-05 10:35:32,2026-08-05 10:20,7448.0,7558.0,-1.46,2414900,7545.0,7443.0,14795.0,6544.0
2026-08-05 10:40:40,2026-08-05 10:25,7434.0,7558.0,-1.64,2564400,7545.0,7431.0,14795.0,6544.0
2026-08-05 10:45:49,2026-08-05 10:30,7456.0,7558.0,-1.35,2637200,7545.0,7430.0,14795.0,6544.0
2026-08-05 10:50:42,2026-08-05 10:35,7453.0,7558.0,-1.39,2701000,7545.0,7430.0,14795.0,6544.0
2026-08-05 10:55:37,2026-08-05 10:40,7439.0,7558.0,-1.57,2757300,7545.0,7430.0,14795.0,6544.0
2026-08-05 11:00:44,2026-08-05 10:45,7433.0,7558.0,-1.65,2811000,7545.0,7430.0,14795.0,6544.0
2026-08-05 11:05:48,2026-08-05 10:50,7409.0,7558.0,-1.97,3056200,7545.0,7403.0,14795.0,6544.0
2026-08-05 11:10:46,2026-08-05 10:55,7424.0,7558.0,-1.77,3123300,7545.0,7403.0,14795.0,6544.0
2026-08-05 11:15:36,2026-08-05 11:00,7433.0,7558.0,-1.65,3178900,7545.0,7403.0,14795.0,6544.0
2026-08-05 11:20:36,2026-08-05 11:05,7438.0,7558.0,-1.59,3241400,7545.0,7403.0,14795.0,6544.0
2026-08-05 11:25:41,2026-08-05 11:10,7438.0,7558.0,-1.59,3282400,7545.0,7403.0,14795.0,6544.0
2026-08-05 11:30:42,2026-08-05 11:15,7471.0,7558.0,-1.15,3383300,7545.0,7403.0,14795.0,6544.0
2026-08-05 12:30:41,2026-08-05 11:30,7470.0,7558.0,-1.16,3664000,7545.0,7403.0,14795.0,6544.0
2026-08-05 12:35:36,2026-08-05 11:30,7470.0,7558.0,-1.16,3664000,7545.0,7403.0,14795.0,6544.0
2026-08-05 12:40:39,2026-08-05 11:30,7470.0,7558.0,-1.16,3664000,7545.0,7403.0,14795.0,6544.0
2026-08-05 12:45:38,2026-08-05 12:30,7474.0,7558.0,-1.11,3808900,7545.0,7403.0,14795.0,6544.0
2026-08-05 12:50:40,2026-08-05 12:35,7467.0,7558.0,-1.2,3935000,7545.0,7403.0,14795.0,6544.0
2026-08-05 12:55:34,2026-08-05 12:40,7475.0,7558.0,-1.1,3974400,7545.0,7403.0,14795.0,6544.0
2026-08-05 13:00:46,2026-08-05 12:45,7471.0,7558.0,-1.15,4037300,7545.0,7403.0,14795.0,6544.0
2026-08-05 13:05:40,2026-08-05 12:50,7452.0,7558.0,-1.4,4100800,7545.0,7403.0,14795.0,6544.0
2026-08-05 13:10:37,2026-08-05 12:55,7443.0,7558.0,-1.52,4213200,7545.0,7403.0,14795.0,6544.0
2026-08-05 13:15:39,2026-08-05 13:00,7456.0,7558.0,-1.35,4298700,7545.0,7403.0,14795.0,6544.0
2026-08-05 13:20:39,2026-08-05 13:05,7453.0,7558.0,-1.39,4329700,7545.0,7403.0,14795.0,6544.0
2026-08-05 13:25:37,2026-08-05 13:10,7446.0,7558.0,-1.48,4380600,7545.0,7403.0,14795.0,6544.0
2026-08-05 13:30:44,2026-08-05 13:15,7442.0,7558.0,-1.53,4430000,7545.0,7403.0,14795.0,6544.0
2026-08-05 13:35:45,2026-08-05 13:20,7446.0,7558.0,-1.48,4464000,7545.0,7403.0,14795.0,6544.0
2026-08-05 13:40:39,2026-08-05 13:25,7442.0,7558.0,-1.53,4520700,7545.0,7403.0,14795.0,6544.0
2026-08-05 13:45:31,2026-08-05 13:30,7450.0,7558.0,-1.43,4595300,7545.0,7403.0,14795.0,6544.0
2026-08-05 13:50:31,2026-08-05 13:35,7457.0,7558.0,-1.34,4652300,7545.0,7403.0,14795.0,6544.0
2026-08-05 13:55:37,2026-08-05 13:40,7462.0,7558.0,-1.27,4736500,7545.0,7403.0,14795.0,6544.0
2026-08-05 14:00:45,2026-08-05 13:45,7459.0,7558.0,-1.31,4806700,7545.0,7403.0,14795.0,6544.0
2026-08-05 14:05:39,2026-08-05 13:50,7456.0,7558.0,-1.35,4852800,7545.0,7403.0,14795.0,6544.0
2026-08-05 14:10:41,2026-08-05 13:55,7459.0,7558.0,-1.31,4888700,7545.0,7403.0,14795.0,6544.0
2026-08-05 14:31:03,2026-08-05 14:15,7466.0,7558.0,-1.22,5236800,7545.0,7403.0,14795.0,6544.0
2026-08-05 14:35:37,2026-08-05 14:20,7456.0,7558.0,-1.35,5284100,7545.0,7403.0,14795.0,6544.0
2026-08-05 14:40:43,2026-08-05 14:25,7452.0,7558.0,-1.4,5340000,7545.0,7403.0,14795.0,6544.0
2026-08-05 14:45:39,2026-08-05 14:30,7463.0,7558.0,-1.26,5393300,7545.0,7403.0,14795.0,6544.0
2026-08-05 14:50:43,2026-08-05 14:35,7470.0,7558.0,-1.16,5440800,7545.0,7403.0,14795.0,6544.0
2026-08-05 14:55:42,2026-08-05 14:40,7461.0,7558.0,-1.28,5497900,7545.0,7403.0,14795.0,6544.0
2026-08-05 15:00:34,2026-08-05 14:45,7462.0,7558.0,-1.27,5543700,7545.0,7403.0,14795.0,6544.0
2026-08-05 15:05:39,2026-08-05 14:50,7459.0,7558.0,-1.31,5585900,7545.0,7403.0,14795.0,6544.0
2026-08-05 15:10:56,2026-08-05 14:55,7453.0,7558.0,-1.39,5626200,7545.0,7403.0,14795.0,6544.0
2026-08-05 15:16:19,2026-08-05 15:01,7451.0,7558.0,-1.42,5723400,7545.0,7403.0,14795.0,6544.0
2026-08-05 15:20:30,2026-08-05 15:05,7447.0,7558.0,-1.47,5761900,7545.0,7403.0,14795.0,6544.0
2026-08-05 15:25:32,2026-08-05 15:10,7443.0,7558.0,-1.52,5854500,7545.0,7403.0,14795.0,6544.0
2026-08-05 15:30:50,2026-08-05 15:15,7442.0,7558.0,-1.53,5935200,7545.0,7403.0,14795.0,6544.0
2026-08-05 15:40:41,2026-08-05 15:24,7447.0,7558.0,-1.47,6116600,7545.0,7403.0,14795.0,6544.0
2026-08-06 09:05:44,2026-08-05 15:30,7428.0,7558.0,-1.72,7249200,7545.0,7403.0,14795.0,6544.0
2026-08-06 09:10:34,2026-08-05 15:30,7428.0,7558.0,-1.72,7249200,7545.0,7403.0,14795.0,6544.0
2026-08-06 09:15:36,2026-08-06 09:00,7428.0,7558.0,-1.72,7594300,7495.0,7446.0,14795.0,6544.0
2026-08-06 09:20:37,2026-08-06 09:05,7460.0,7428.0,0.43,732900,7495.0,7429.0,14795.0,6544.0
2026-08-06 09:25:36,2026-08-06 09:10,7430.0,7428.0,0.03,929800,7495.0,7416.0,14795.0,6544.0
2026-08-06 09:30:40,2026-08-06 09:15,7483.0,7428.0,0.74,1090900,7495.0,7416.0,14795.0,6544.0
2026-08-06 09:35:46,2026-08-06 09:20,7529.0,7428.0,1.36,1381000,7533.0,7416.0,14795.0,6544.0
2026-08-06 09:46:09,2026-08-06 09:31,7506.0,7428.0,1.05,1710700,7545.0,7416.0,14795.0,6544.0
2026-08-06 09:46:46,2026-08-06 09:31,7513.0,7428.0,1.14,1726800,7545.0,7416.0,14795.0,6544.0
2026-08-06 09:50:31,2026-08-06 09:35,7463.0,7428.0,0.47,1873800,7545.0,7416.0,14795.0,6544.0
2026-08-06 09:55:43,2026-08-06 09:40,7441.0,7428.0,0.18,2049700,7545.0,7416.0,14795.0,6544.0
2026-08-06 10:00:45,2026-08-06 09:45,7448.0,7428.0,0.27,2155500,7545.0,7416.0,14795.0,6544.0
2026-08-06 10:05:47,2026-08-06 09:50,7449.0,7428.0,0.28,2256500,7545.0,7416.0,14795.0,6544.0
2026-08-06 10:10:42,2026-08-06 09:55,7462.0,7428.0,0.46,2338800,7545.0,7416.0,14795.0,6544.0
2026-08-06 10:15:43,2026-08-06 10:00,7453.0,7428.0,0.34,2407100,7545.0,7416.0,14795.0,6544.0
2026-08-06 10:20:47,2026-08-06 10:05,7458.0,7428.0,0.4,2468600,7545.0,7416.0,14795.0,6544.0
2026-08-06 10:25:41,2026-08-06 10:10,7458.0,7428.0,0.4,2505500,7545.0,7416.0,14795.0,6544.0
2026-08-06 10:30:42,2026-08-06 10:15,7469.0,7428.0,0.55,2567200,7545.0,7416.0,14795.0,6544.0
2026-08-06 10:35:38,2026-08-06 10:20,7479.0,7428.0,0.69,2678700,7545.0,7416.0,14795.0,6544.0
2026-08-06 10:40:36,2026-08-06 10:25,7482.0,7428.0,0.73,2730100,7545.0,7416.0,14795.0,6544.0
2026-08-06 10:45:37,2026-08-06 10:30,7488.0,7428.0,0.81,2784000,7545.0,7416.0,14795.0,6544.0
2026-08-06 10:50:49,2026-08-06 10:35,7522.0,7428.0,1.27,2874400,7545.0,7416.0,14795.0,6544.0
2026-08-06 10:55:32,2026-08-06 10:40,7527.0,7428.0,1.33,2984500,7545.0,7416.0,14795.0,6544.0
2026-08-06 11:00:43,2026-08-06 10:45,7522.0,7428.0,1.27,3106400,7545.0,7416.0,14795.0,6544.0
2026-08-06 11:05:36,2026-08-06 10:50,7517.0,7428.0,1.2,3160200,7545.0,7416.0,14795.0,6544.0
2026-08-06 11:10:48,2026-08-06 10:55,7536.0,7428.0,1.45,3214400,7545.0,7416.0,14795.0,6544.0
2026-08-06 11:15:43,2026-08-06 11:00,7533.0,7428.0,1.41,3272500,7545.0,7416.0,14795.0,6544.0
2026-08-06 11:20:42,2026-08-06 11:05,7542.0,7428.0,1.53,3331500,7545.0,7416.0,14795.0,6544.0
2026-08-06 11:25:35,2026-08-06 11:10,7522.0,7428.0,1.27,3388700,7547.0,7416.0,14795.0,6544.0
2026-08-06 11:30:52,2026-08-06 11:15,7538.0,7428.0,1.48,3456700,7547.0,7416.0,14795.0,6544.0
2026-08-06 12:30:38,2026-08-06 11:30,7513.0,7428.0,1.14,3654600,7547.0,7416.0,14795.0,6544.0
2026-08-06 12:35:36,2026-08-06 11:30,7513.0,7428.0,1.14,3654600,7547.0,7416.0,14795.0,6544.0
2026-08-06 12:40:51,2026-08-06 11:30,7513.0,7428.0,1.14,3654600,7547.0,7416.0,14795.0,6544.0
2026-08-06 12:45:38,2026-08-06 12:30,7529.0,7428.0,1.36,3784300,7547.0,7416.0,14795.0,6544.0
2026-08-06 12:50:49,2026-08-06 12:35,7527.0,7428.0,1.33,3944600,7549.0,7416.0,14795.0,6544.0
2026-08-06 12:55:37,2026-08-06 12:40,7512.0,7428.0,1.13,4020300,7549.0,7416.0,14795.0,6544.0
2026-08-06 13:00:37,2026-08-06 12:45,7532.0,7428.0,1.4,4113900,7549.0,7416.0,14795.0,6544.0
2026-08-06 13:05:34,2026-08-06 12:50,7537.0,7428.0,1.47,4213400,7549.0,7416.0,14795.0,6544.0
2026-08-06 13:10:42,2026-08-06 12:55,7537.0,7428.0,1.47,4374300,7549.0,7416.0,14795.0,6544.0
2026-08-06 13:15:32,2026-08-06 13:00,7526.0,7428.0,1.32,4497500,7549.0,7416.0,14795.0,6544.0
2026-08-06 13:20:46,2026-08-06 13:05,7519.0,7428.0,1.23,4550000,7549.0,7416.0,14795.0,6544.0
2026-08-06 13:25:32,2026-08-06 13:10,7509.0,7428.0,1.09,4653200,7549.0,7416.0,14795.0,6544.0
2026-08-06 13:30:47,2026-08-06 13:15,7517.0,7428.0,1.2,4715000,7549.0,7416.0,14795.0,6544.0
2026-08-06 13:35:40,2026-08-06 13:20,7512.0,7428.0,1.13,4755100,7549.0,7416.0,14795.0,6544.0
2026-08-06 13:40:42,2026-08-06 13:25,7508.0,7428.0,1.08,4798800,7549.0,7416.0,14795.0,6544.0
2026-08-06 13:45:39,2026-08-06 13:30,7514.0,7428.0,1.16,4899100,7549.0,7416.0,14795.0,6544.0
2026-08-06 13:50:38,2026-08-06 13:35,7504.0,7428.0,1.02,4937800,7549.0,7416.0,14795.0,6544.0
2026-08-06 13:55:45,2026-08-06 13:40,7515.0,7428.0,1.17,4975700,7549.0,7416.0,14795.0,6544.0
2026-08-06 14:00:33,2026-08-06 13:45,7519.0,7428.0,1.23,5038700,7549.0,7416.0,14795.0,6544.0
2026-08-06 14:05:42,2026-08-06 13:50,7519.0,7428.0,1.23,5116300,7549.0,7416.0,14795.0,6544.0
2026-08-06 14:10:37,2026-08-06 13:55,7527.0,7428.0,1.33,5152800,7549.0,7416.0,14795.0,6544.0
2026-08-06 14:15:35,2026-08-06 14:00,7536.0,7428.0,1.45,5275000,7555.0,7416.0,14795.0,6544.0
2026-08-06 14:20:39,2026-08-06 14:05,7540.0,7428.0,1.51,5335800,7555.0,7416.0,14795.0,6544.0
2026-08-06 14:25:40,2026-08-06 14:10,7557.0,7428.0,1.74,5387500,7558.0,7416.0,14795.0,6544.0
2026-08-06 14:30:38,2026-08-06 14:15,7553.0,7428.0,1.68,5454600,7559.0,7416.0,14795.0,6544.0
2026-08-06 14:35:30,2026-08-06 14:20,7557.0,7428.0,1.74,5503100,7559.0,7416.0,14795.0,6544.0
2026-08-06 14:40:32,2026-08-06 14:25,7568.0,7428.0,1.88,5600900,7573.0,7416.0,14795.0,6544.0
2026-08-06 14:45:37,2026-08-06 14:30,7562.0,7428.0,1.8,5660000,7573.0,7416.0,14795.0,6544.0
2026-08-06 14:50:38,2026-08-06 14:35,7563.0,7428.0,1.82,5726600,7573.0,7416.0,14795.0,6544.0
2026-08-06 14:55:39,2026-08-06 14:40,7568.0,7428.0,1.88,5775900,7573.0,7416.0,14795.0,6544.0
2026-08-06 15:00:39,2026-08-06 14:45,7573.0,7428.0,1.95,5865200,7575.0,7416.0,14795.0,6544.0
2026-08-06 15:05:37,2026-08-06 14:50,7589.0,7428.0,2.17,5945000,7590.0,7416.0,14795.0,6544.0
2026-08-06 15:10:50,2026-08-06 14:55,7583.0,7428.0,2.09,6071800,7594.0,7416.0,14795.0,6544.0
2026-08-06 15:15:42,2026-08-06 15:00,7591.0,7428.0,2.19,6153400,7596.0,7416.0,14795.0,6544.0
2026-08-06 15:20:45,2026-08-06 15:05,7585.0,7428.0,2.11,6220800,7596.0,7416.0,14795.0,6544.0
2026-08-06 15:25:32,2026-08-06 15:10,7586.0,7428.0,2.13,6308000,7596.0,7416.0,14795.0,6544.0
2026-08-06 15:40:49,2026-08-06 15:24,7603.0,7428.0,2.36,6691900,7608.0,7416.0,14795.0,6544.0
2026-08-07 09:05:52,2026-08-06 15:30,7641.0,7428.0,2.87,7875600,7641.0,7416.0,14795.0,6544.0
2026-08-07 09:10:39,2026-08-06 15:30,7641.0,7428.0,2.87,7875600,7641.0,7416.0,14795.0,6544.0
2026-08-07 09:15:44,2026-08-06 15:30,7641.0,7428.0,2.87,7875600,7641.0,7416.0,14795.0,6544.0
2026-08-07 09:20:43,2026-08-07 09:05,7682.0,7641.0,0.54,2124000,7845.0,7678.0,14795.0,6544.0
2026-08-07 09:25:40,2026-08-07 09:10,7890.0,7641.0,3.26,3314900,7905.0,7624.0,14795.0,6544.0
2026-08-07 09:30:36,2026-08-07 09:15,7908.0,7641.0,3.49,4091000,7932.0,7624.0,14795.0,6544.0
2026-08-07 09:35:37,2026-08-07 09:20,7919.0,7641.0,3.64,4776700,7949.0,7624.0,14795.0,6544.0
2026-08-07 09:40:42,2026-08-07 09:25,7969.0,7641.0,4.29,5362100,7976.0,7624.0,14795.0,6544.0
2026-08-07 09:45:47,2026-08-07 09:30,7918.0,7641.0,3.63,6290200,8005.0,7624.0,14795.0,6544.0
2026-08-07 09:50:40,2026-08-07 09:35,7837.0,7641.0,2.57,6748200,8005.0,7624.0,14795.0,6544.0
2026-08-07 09:56:12,2026-08-07 09:41,7892.0,7641.0,3.28,7157600,8005.0,7624.0,14795.0,6544.0
2026-08-07 10:00:33,2026-08-07 09:45,7945.0,7641.0,3.98,7535300,8005.0,7624.0,14795.0,6544.0
2026-08-07 10:05:35,2026-08-07 09:50,7952.0,7641.0,4.07,7914600,8005.0,7624.0,14795.0,6544.0
2026-08-07 10:10:48,2026-08-07 09:55,7936.0,7641.0,3.86,8253100,8005.0,7624.0,14795.0,6544.0
2026-08-07 10:15:35,2026-08-07 10:00,7982.0,7641.0,4.46,8569100,8005.0,7624.0,14795.0,6544.0
2026-08-07 10:20:33,2026-08-07 10:05,7982.0,7641.0,4.46,8916000,8005.0,7624.0,14795.0,6544.0
2026-08-07 10:25:41,2026-08-07 10:10,7967.0,7641.0,4.27,9269800,8005.0,7624.0,14795.0,6544.0
2026-08-07 10:30:41,2026-08-07 10:15,7964.0,7641.0,4.23,9990000,8027.0,7624.0,14795.0,6544.0
2026-08-07 10:35:38,2026-08-07 10:20,8001.0,7641.0,4.71,10224500,8027.0,7624.0,14795.0,6544.0
2026-08-07 10:40:39,2026-08-07 10:25,7995.0,7641.0,4.63,10556800,8027.0,7624.0,14795.0,6544.0
2026-08-07 10:45:37,2026-08-07 10:30,7988.0,7641.0,4.54,10771100,8027.0,7624.0,14795.0,6544.0
2026-08-07 10:50:44,2026-08-07 10:35,7998.0,7641.0,4.67,10933300,8027.0,7624.0,14795.0,6544.0
2026-08-07 10:55:39,2026-08-07 10:40,8012.0,7641.0,4.86,11206900,8027.0,7624.0,14795.0,6544.0
2026-08-07 11:00:53,2026-08-07 10:45,8010.0,7641.0,4.83,11408300,8027.0,7624.0,14795.0,6544.0
2026-08-07 11:05:39,2026-08-07 10:50,7986.0,7641.0,4.52,11587100,8027.0,7624.0,14795.0,6544.0
2026-08-07 11:10:38,2026-08-07 10:55,8013.0,7641.0,4.87,11813000,8027.0,7624.0,14795.0,6544.0
2026-08-07 11:15:33,2026-08-07 11:00,8013.0,7641.0,4.87,12006700,8027.0,7624.0,14795.0,6544.0
2026-08-07 11:20:46,2026-08-07 11:05,7988.0,7641.0,4.54,12205900,8027.0,7624.0,14795.0,6544.0
2026-08-07 11:25:46,2026-08-07 11:10,8001.0,7641.0,4.71,12409600,8027.0,7624.0,14795.0,6544.0
2026-08-07 11:30:36,2026-08-07 11:15,7992.0,7641.0,4.59,12601600,8027.0,7624.0,14795.0,6544.0
2026-08-07 12:30:36,2026-08-07 11:30,8011.0,7641.0,4.84,13273900,8027.0,7624.0,14795.0,6544.0
2026-08-07 12:35:39,2026-08-07 11:30,8011.0,7641.0,4.84,13273900,8027.0,7624.0,14795.0,6544.0
2026-08-07 12:40:59,2026-08-07 11:30,8011.0,7641.0,4.84,13273900,8027.0,7624.0,14795.0,6544.0
2026-08-07 12:45:37,2026-08-07 12:30,8002.0,7641.0,4.72,13689800,8035.0,7624.0,14795.0,6544.0
2026-08-07 12:50:34,2026-08-07 12:35,7978.0,7641.0,4.41,13993400,8035.0,7624.0,14795.0,6544.0
2026-08-07 12:55:37,2026-08-07 12:40,7989.0,7641.0,4.55,14150600,8035.0,7624.0,14795.0,6544.0
2026-08-07 13:00:33,2026-08-07 12:45,7952.0,7641.0,4.07,14374200,8035.0,7624.0,14795.0,6544.0
2026-08-07 13:05:33,2026-08-07 12:50,7985.0,7641.0,4.5,14551700,8035.0,7624.0,14795.0,6544.0
2026-08-07 13:10:31,2026-08-07 12:55,7998.0,7641.0,4.67,14758600,8035.0,7624.0,14795.0,6544.0
2026-08-07 13:15:34,2026-08-07 13:00,7999.0,7641.0,4.69,14881000,8035.0,7624.0,14795.0,6544.0
2026-08-07 13:20:38,2026-08-07 13:05,8007.0,7641.0,4.79,15126600,8035.0,7624.0,14795.0,6544.0
2026-08-07 13:25:42,2026-08-07 13:10,7979.0,7641.0,4.42,15297300,8035.0,7624.0,14795.0,6544.0
2026-08-07 13:30:48,2026-08-07 13:15,7992.0,7641.0,4.59,15402500,8035.0,7624.0,14795.0,6544.0
2026-08-07 13:35:48,2026-08-07 13:20,7980.0,7641.0,4.44,15542600,8035.0,7624.0,14795.0,6544.0
2026-08-07 13:40:37,2026-08-07 13:25,7999.0,7641.0,4.69,15682700,8035.0,7624.0,14795.0,6544.0
2026-08-07 13:45:39,2026-08-07 13:30,8030.0,7641.0,5.09,16070500,8039.0,7624.0,14795.0,6544.0
2026-08-07 13:50:40,2026-08-07 13:35,8036.0,7641.0,5.17,16236800,8047.0,7624.0,14795.0,6544.0
2026-08-07 13:55:36,2026-08-07 13:40,8012.0,7641.0,4.86,16335400,8047.0,7624.0,14795.0,6544.0
2026-08-07 14:00:40,2026-08-07 13:45,8000.0,7641.0,4.7,16474600,8047.0,7624.0,14795.0,6544.0
2026-08-07 14:05:47,2026-08-07 13:50,7991.0,7641.0,4.58,16574000,8047.0,7624.0,14795.0,6544.0
2026-08-07 14:10:42,2026-08-07 13:55,7991.0,7641.0,4.58,16636500,8047.0,7624.0,14795.0,6544.0
2026-08-07 14:15:41,2026-08-07 14:00,7961.0,7641.0,4.19,16838300,8047.0,7624.0,14795.0,6544.0
2026-08-07 14:20:36,2026-08-07 14:05,7970.0,7641.0,4.31,16940200,8047.0,7624.0,14795.0,6544.0
2026-08-07 14:25:42,2026-08-07 14:10,7967.0,7641.0,4.27,17070800,8047.0,7624.0,14795.0,6544.0
2026-08-07 14:30:39,2026-08-07 14:15,7963.0,7641.0,4.21,17181700,8047.0,7624.0,14795.0,6544.0
2026-08-07 14:35:30,2026-08-07 14:20,7945.0,7641.0,3.98,17315500,8047.0,7624.0,14795.0,6544.0
2026-08-07 14:40:33,2026-08-07 14:25,7940.0,7641.0,3.91,17461000,8047.0,7624.0,14795.0,6544.0
2026-08-07 14:45:38,2026-08-07 14:30,7959.0,7641.0,4.16,17655700,8047.0,7624.0,14795.0,6544.0
2026-08-07 14:50:39,2026-08-07 14:35,7975.0,7641.0,4.37,17746300,8047.0,7624.0,14795.0,6544.0
2026-08-07 14:55:34,2026-08-07 14:40,7983.0,7641.0,4.48,17866400,8047.0,7624.0,14795.0,6544.0
2026-08-07 15:00:34,2026-08-07 14:45,7993.0,7641.0,4.61,18003800,8047.0,7624.0,14795.0,6544.0
2026-08-07 15:05:43,2026-08-07 14:50,8001.0,7641.0,4.71,18207200,8047.0,7624.0,14795.0,6544.0
2026-08-07 15:10:40,2026-08-07 14:55,8015.0,7641.0,4.89,18474600,8047.0,7624.0,14795.0,6544.0
2026-08-07 15:15:41,2026-08-07 15:00,8016.0,7641.0,4.91,18710900,8047.0,7624.0,14795.0,6544.0
2026-08-07 15:20:41,2026-08-07 15:05,8023.0,7641.0,5.0,18847500,8047.0,7624.0,14795.0,6544.0
2026-08-07 15:25:48,2026-08-07 15:10,8004.0,7641.0,4.75,18972000,8047.0,7624.0,14795.0,6544.0
2026-08-07 15:30:46,2026-08-07 15:15,8017.0,7641.0,4.92,19175300,8047.0,7624.0,14795.0,6544.0
2026-08-07 15:40:43,2026-08-07 15:24,8043.0,7641.0,5.26,19486900,8047.0,7624.0,14795.0,6544.0
2026-08-10 09:05:40,2026-08-07 15:30,8043.0,7641.0,5.26,21147900,8047.0,7624.0,14795.0,6544.0
2026-08-10 09:10:48,2026-08-07 15:30,8043.0,7641.0,5.26,21147900,8047.0,7624.0,14795.0,6544.0
2026-08-10 09:15:40,2026-08-10 09:00,8131.0,7641.0,6.41,21715400,8140.0,8065.0,14795.0,6544.0
2026-08-10 09:20:34,2026-08-10 09:05,8017.0,8043.0,-0.32,1005700,8140.0,8010.0,14795.0,6544.0
2026-08-10 09:25:35,2026-08-10 09:10,8108.0,8043.0,0.81,1423500,8140.0,7993.0,14795.0,6544.0
2026-08-10 09:30:42,2026-08-10 09:15,8164.0,8043.0,1.5,1869100,8177.0,7993.0,14795.0,6544.0
2026-08-10 09:35:32,2026-08-10 09:20,8133.0,8043.0,1.12,2183200,8182.0,7993.0,14795.0,6544.0
2026-08-10 09:40:43,2026-08-10 09:25,8203.0,8043.0,1.99,2610700,8208.0,7993.0,14795.0,6544.0
2026-08-10 09:45:40,2026-08-10 09:30,8109.0,8043.0,0.82,2982800,8220.0,7993.0,14795.0,6544.0
2026-08-10 09:50:36,2026-08-10 09:35,8120.0,8043.0,0.96,3181500,8220.0,7993.0,14795.0,6544.0
2026-08-10 09:55:41,2026-08-10 09:40,8131.0,8043.0,1.09,3337100,8220.0,7993.0,14795.0,6544.0
2026-08-10 10:00:35,2026-08-10 09:45,8120.0,8043.0,0.96,3515300,8220.0,7993.0,14795.0,6544.0
2026-08-10 10:05:42,2026-08-10 09:50,8141.0,8043.0,1.22,3623700,8220.0,7993.0,14795.0,6544.0
2026-08-10 10:10:37,2026-08-10 09:55,8124.0,8043.0,1.01,3770200,8220.0,7993.0,14795.0,6544.0
2026-08-10 10:15:41,2026-08-10 10:00,8138.0,8043.0,1.18,3897100,8220.0,7993.0,14795.0,6544.0
2026-08-10 10:20:37,2026-08-10 10:05,8117.0,8043.0,0.92,4010100,8220.0,7993.0,14795.0,6544.0
2026-08-10 10:25:57,2026-08-10 10:10,8135.0,8043.0,1.14,4128700,8220.0,7993.0,14795.0,6544.0
2026-08-10 10:30:29,2026-08-10 10:15,8148.0,8043.0,1.31,4271900,8220.0,7993.0,14795.0,6544.0
2026-08-10 10:35:39,2026-08-10 10:20,8131.0,8043.0,1.09,4363500,8220.0,7993.0,14795.0,6544.0
2026-08-10 10:40:34,2026-08-10 10:25,8132.0,8043.0,1.11,4445500,8220.0,7993.0,14795.0,6544.0
2026-08-10 10:45:37,2026-08-10 10:30,8152.0,8043.0,1.36,4545000,8220.0,7993.0,14795.0,6544.0
2026-08-10 10:50:47,2026-08-10 10:35,8149.0,8043.0,1.32,4658000,8220.0,7993.0,14795.0,6544.0
2026-08-10 10:55:39,2026-08-10 10:40,8151.0,8043.0,1.34,4757500,8220.0,7993.0,14795.0,6544.0
2026-08-10 11:00:34,2026-08-10 10:45,8151.0,8043.0,1.34,4858500,8220.0,7993.0,14795.0,6544.0
2026-08-10 11:05:37,2026-08-10 10:50,8148.0,8043.0,1.31,4941300,8220.0,7993.0,14795.0,6544.0
2026-08-10 11:10:35,2026-08-10 10:55,8172.0,8043.0,1.6,5044300,8220.0,7993.0,14795.0,6544.0
2026-08-10 11:15:41,2026-08-10 11:00,8197.0,8043.0,1.91,5159700,8220.0,7993.0,14795.0,6544.0
2026-08-10 11:20:38,2026-08-10 11:05,8194.0,8043.0,1.88,5255500,8220.0,7993.0,14795.0,6544.0
2026-08-10 11:25:36,2026-08-10 11:10,8240.0,8043.0,2.45,5560000,8240.0,7993.0,14795.0,6544.0
2026-08-10 11:30:42,2026-08-10 11:15,8245.0,8043.0,2.51,5997600,8269.0,7993.0,14795.0,6544.0
2026-08-10 12:30:38,2026-08-10 11:30,8230.0,8043.0,2.33,6291100,8269.0,7993.0,14795.0,6544.0
2026-08-10 12:35:40,2026-08-10 11:30,8230.0,8043.0,2.33,6291100,8269.0,7993.0,14795.0,6544.0
2026-08-10 12:40:38,2026-08-10 11:30,8230.0,8043.0,2.33,6291100,8269.0,7993.0,14795.0,6544.0
2026-08-10 12:45:34,2026-08-10 12:30,8287.0,8043.0,3.03,6568800,8288.0,7993.0,14795.0,6544.0
2026-08-10 12:50:42,2026-08-10 12:35,8240.0,8043.0,2.45,6785800,8288.0,7993.0,14795.0,6544.0
2026-08-10 12:55:39,2026-08-10 12:40,8259.0,8043.0,2.69,6898200,8288.0,7993.0,14795.0,6544.0
2026-08-10 13:00:34,2026-08-10 12:45,8243.0,8043.0,2.49,7037400,8288.0,7993.0,14795.0,6544.0
2026-08-10 13:05:36,2026-08-10 12:50,8263.0,8043.0,2.74,7152300,8288.0,7993.0,14795.0,6544.0
2026-08-10 13:10:32,2026-08-10 12:55,8267.0,8043.0,2.79,7319000,8288.0,7993.0,14795.0,6544.0
2026-08-10 13:15:38,2026-08-10 13:00,8288.0,8043.0,3.05,7449800,8289.0,7993.0,14795.0,6544.0
2026-08-10 13:20:36,2026-08-10 13:05,8282.0,8043.0,2.97,7531700,8289.0,7993.0,14795.0,6544.0
2026-08-10 13:25:34,2026-08-10 13:10,8279.0,8043.0,2.93,7641800,8289.0,7993.0,14795.0,6544.0
2026-08-10 13:30:39,2026-08-10 13:15,8242.0,8043.0,2.47,7811800,8289.0,7993.0,14795.0,6544.0
2026-08-10 13:35:33,2026-08-10 13:20,8250.0,8043.0,2.57,7890000,8289.0,7993.0,14795.0,6544.0
2026-08-10 13:40:39,2026-08-10 13:25,8248.0,8043.0,2.55,7953600,8289.0,7993.0,14795.0,6544.0
2026-08-10 13:45:36,2026-08-10 13:30,8258.0,8043.0,2.67,8027100,8289.0,7993.0,14795.0,6544.0
2026-08-10 13:50:36,2026-08-10 13:35,8247.0,8043.0,2.54,8100400,8289.0,7993.0,14795.0,6544.0
2026-08-10 13:55:41,2026-08-10 13:40,8241.0,8043.0,2.46,8170100,8289.0,7993.0,14795.0,6544.0
2026-08-10 14:00:40,2026-08-10 13:45,8244.0,8043.0,2.5,8235700,8289.0,7993.0,14795.0,6544.0
2026-08-10 14:05:41,2026-08-10 13:50,8250.0,8043.0,2.57,8307100,8289.0,7993.0,14795.0,6544.0
2026-08-10 14:10:48,2026-08-10 13:55,8229.0,8043.0,2.31,8400400,8289.0,7993.0,14795.0,6544.0
2026-08-10 14:15:46,2026-08-10 14:00,8232.0,8043.0,2.35,8454100,8289.0,7993.0,14795.0,6544.0
2026-08-10 14:20:38,2026-08-10 14:05,8231.0,8043.0,2.34,8520800,8289.0,7993.0,14795.0,6544.0
2026-08-10 14:25:37,2026-08-10 14:10,8239.0,8043.0,2.44,8559800,8289.0,7993.0,14795.0,6544.0
2026-08-10 14:30:44,2026-08-10 14:15,8241.0,8043.0,2.46,8604200,8289.0,7993.0,14795.0,6544.0
2026-08-10 14:35:38,2026-08-10 14:20,8235.0,8043.0,2.39,8673200,8289.0,7993.0,14795.0,6544.0
2026-08-10 14:40:41,2026-08-10 14:25,8241.0,8043.0,2.46,8719000,8289.0,7993.0,14795.0,6544.0
2026-08-10 14:45:40,2026-08-10 14:30,8229.0,8043.0,2.31,8770800,8289.0,7993.0,14795.0,6544.0
2026-08-10 14:50:39,2026-08-10 14:35,8241.0,8043.0,2.46,8834900,8289.0,7993.0,14795.0,6544.0
2026-08-10 14:55:41,2026-08-10 14:40,8245.0,8043.0,2.51,8905300,8289.0,7993.0,14795.0,6544.0
2026-08-10 15:00:53,2026-08-10 14:45,8260.0,8043.0,2.7,8990600,8289.0,7993.0,14795.0,6544.0
2026-08-10 15:05:45,2026-08-10 14:50,8267.0,8043.0,2.79,9109700,8289.0,7993.0,14795.0,6544.0
2026-08-10 15:10:45,2026-08-10 14:55,8265.0,8043.0,2.76,9208300,8289.0,7993.0,14795.0,6544.0
2026-08-10 15:15:36,2026-08-10 15:00,8255.0,8043.0,2.64,9298100,8289.0,7993.0,14795.0,6544.0
2026-08-10 15:20:34,2026-08-10 15:05,8252.0,8043.0,2.6,9381400,8289.0,7993.0,14795.0,6544.0
2026-08-10 15:25:37,2026-08-10 15:10,8249.0,8043.0,2.56,9462800,8289.0,7993.0,14795.0,6544.0
2026-08-10 15:30:44,2026-08-10 15:15,8253.0,8043.0,2.61,9588600,8289.0,7993.0,14795.0,6544.0
2026-08-10 15:40:38,2026-08-10 15:25,8249.0,8043.0,2.56,9861000,8289.0,7993.0,14795.0,6544.0
2026-08-12 09:05:33,2026-08-10 15:30,8265.0,8043.0,2.76,11034000,8289.0,7993.0,14795.0,6544.0
2026-08-12 09:10:47,2026-08-10 15:30,8265.0,8043.0,2.76,11034000,8289.0,7993.0,14795.0,6544.0
2026-08-12 09:15:42,2026-08-10 15:30,8265.0,8043.0,2.76,11034000,8289.0,7993.0,14795.0,6544.0
2026-08-12 09:20:45,2026-08-12 09:05,8458.0,8265.0,2.34,1461900,8458.0,8373.0,14795.0,6544.0
2026-08-12 09:25:40,2026-08-12 09:10,8441.0,8265.0,2.13,2212500,8481.0,8373.0,14795.0,6544.0
2026-08-12 09:30:47,2026-08-12 09:15,8468.0,8265.0,2.46,2763100,8481.0,8373.0,14795.0,6544.0
2026-08-12 09:35:44,2026-08-12 09:20,8334.0,8265.0,0.83,3517900,8481.0,8333.0,14795.0,6544.0
2026-08-12 09:40:40,2026-08-12 09:25,8361.0,8265.0,1.16,3977900,8481.0,8312.0,14795.0,6544.0
2026-08-12 09:45:38,2026-08-12 09:30,8391.0,8265.0,1.52,4296900,8481.0,8312.0,14795.0,6544.0
2026-08-12 09:50:33,2026-08-12 09:35,8395.0,8265.0,1.57,4563300,8481.0,8312.0,14795.0,6544.0
2026-08-12 09:55:34,2026-08-12 09:40,8379.0,8265.0,1.38,4812100,8481.0,8312.0,14795.0,6544.0
2026-08-12 10:00:35,2026-08-12 09:45,8385.0,8265.0,1.45,5083200,8481.0,8312.0,14795.0,6544.0
2026-08-12 10:05:38,2026-08-12 09:50,8373.0,8265.0,1.31,5214200,8481.0,8312.0,14795.0,6544.0
2026-08-12 10:10:34,2026-08-12 09:55,8383.0,8265.0,1.43,5335400,8481.0,8312.0,14795.0,6544.0
2026-08-12 10:15:49,2026-08-12 10:00,8383.0,8265.0,1.43,5466300,8481.0,8312.0,14795.0,6544.0
2026-08-12 10:20:35,2026-08-12 10:05,8372.0,8265.0,1.29,5606300,8481.0,8312.0,14795.0,6544.0
2026-08-12 10:25:33,2026-08-12 10:10,8400.0,8265.0,1.63,5807900,8481.0,8312.0,14795.0,6544.0
2026-08-12 10:30:44,2026-08-12 10:15,8429.0,8265.0,1.98,6034600,8481.0,8312.0,14795.0,6544.0
2026-08-12 10:35:36,2026-08-12 10:20,8423.0,8265.0,1.91,6194800,8481.0,8312.0,14795.0,6544.0
2026-08-12 10:40:43,2026-08-12 10:25,8428.0,8265.0,1.97,6347300,8481.0,8312.0,14795.0,6544.0
2026-08-12 10:45:32,2026-08-12 10:30,8426.0,8265.0,1.95,6513600,8481.0,8312.0,14795.0,6544.0
2026-08-12 10:50:59,2026-08-12 10:35,8427.0,8265.0,1.96,6676100,8481.0,8312.0,14795.0,6544.0
2026-08-12 10:55:33,2026-08-12 10:40,8432.0,8265.0,2.02,6798200,8481.0,8312.0,14795.0,6544.0
2026-08-12 11:00:33,2026-08-12 10:45,8436.0,8265.0,2.07,6960700,8481.0,8312.0,14795.0,6544.0
2026-08-12 11:05:38,2026-08-12 10:50,8447.0,8265.0,2.2,7203600,8481.0,8312.0,14795.0,6544.0
2026-08-12 11:10:30,2026-08-12 10:55,8452.0,8265.0,2.26,7309600,8481.0,8312.0,14795.0,6544.0
2026-08-12 11:15:42,2026-08-12 11:00,8476.0,8265.0,2.55,7526100,8481.0,8312.0,14795.0,6544.0
2026-08-12 11:20:35,2026-08-12 11:05,8479.0,8265.0,2.59,7780100,8485.0,8312.0,14795.0,6544.0
2026-08-12 11:25:56,2026-08-12 11:10,8474.0,8265.0,2.53,7930100,8485.0,8312.0,14795.0,6544.0
2026-08-12 11:30:33,2026-08-12 11:15,8476.0,8265.0,2.55,8054600,8485.0,8312.0,14795.0,6544.0
2026-08-12 12:30:30,2026-08-12 11:30,8475.0,8265.0,2.54,8597000,8488.0,8312.0,14795.0,6544.0
2026-08-12 12:35:30,2026-08-12 11:30,8475.0,8265.0,2.54,8597000,8488.0,8312.0,14795.0,6544.0
2026-08-12 12:40:37,2026-08-12 11:30,8475.0,8265.0,2.54,8597000,8488.0,8312.0,14795.0,6544.0
2026-08-12 12:46:01,2026-08-12 12:31,8475.0,8265.0,2.54,8872200,8488.0,8312.0,14795.0,6544.0
2026-08-12 12:50:33,2026-08-12 12:35,8420.0,8265.0,1.88,9329900,8488.0,8312.0,14795.0,6544.0
2026-08-12 12:55:39,2026-08-12 12:40,8387.0,8265.0,1.48,9594300,8488.0,8312.0,14795.0,6544.0
2026-08-12 13:00:31,2026-08-12 12:45,8389.0,8265.0,1.5,9828500,8488.0,8312.0,14795.0,6544.0
2026-08-12 13:05:34,2026-08-12 12:50,8400.0,8265.0,1.63,10015700,8488.0,8312.0,14795.0,6544.0
2026-08-12 13:10:37,2026-08-12 12:55,8410.0,8265.0,1.75,10144600,8488.0,8312.0,14795.0,6544.0
2026-08-12 13:15:39,2026-08-12 13:00,8414.0,8265.0,1.8,10286000,8488.0,8312.0,14795.0,6544.0
2026-08-12 13:20:30,2026-08-12 13:05,8426.0,8265.0,1.95,10439100,8488.0,8312.0,14795.0,6544.0
2026-08-12 13:25:54,2026-08-12 13:10,8428.0,8265.0,1.97,10576600,8488.0,8312.0,14795.0,6544.0
2026-08-12 13:30:37,2026-08-12 13:15,8404.0,8265.0,1.68,10815400,8488.0,8312.0,14795.0,6544.0
2026-08-12 13:35:33,2026-08-12 13:20,8411.0,8265.0,1.77,10934300,8488.0,8312.0,14795.0,6544.0
2026-08-12 13:41:13,2026-08-12 13:26,8407.0,8265.0,1.72,11045100,8488.0,8312.0,14795.0,6544.0
2026-08-12 13:45:37,2026-08-12 13:30,8403.0,8265.0,1.67,11214500,8488.0,8312.0,14795.0,6544.0
2026-08-12 13:50:48,2026-08-12 13:35,8392.0,8265.0,1.54,11345500,8488.0,8312.0,14795.0,6544.0
2026-08-12 13:55:41,2026-08-12 13:40,8399.0,8265.0,1.62,11483000,8488.0,8312.0,14795.0,6544.0
2026-08-12 14:00:33,2026-08-12 13:45,8408.0,8265.0,1.73,11562400,8488.0,8312.0,14795.0,6544.0
2026-08-12 14:05:40,2026-08-12 13:50,8405.0,8265.0,1.69,11681500,8488.0,8312.0,14795.0,6544.0
2026-08-12 14:10:37,2026-08-12 13:55,8411.0,8265.0,1.77,11765200,8488.0,8312.0,14795.0,6544.0
2026-08-12 14:15:37,2026-08-12 14:00,8411.0,8265.0,1.77,11927800,8488.0,8312.0,14795.0,6544.0
2026-08-12 14:20:37,2026-08-12 14:05,8408.0,8265.0,1.73,12011500,8488.0,8312.0,14795.0,6544.0
2026-08-12 14:25:39,2026-08-12 14:10,8423.0,8265.0,1.91,12116300,8488.0,8312.0,14795.0,6544.0
2026-08-12 14:30:41,2026-08-12 14:15,8422.0,8265.0,1.9,12238300,8488.0,8312.0,14795.0,6544.0
2026-08-12 14:35:46,2026-08-12 14:20,8424.0,8265.0,1.92,12324000,8488.0,8312.0,14795.0,6544.0
2026-08-12 14:40:37,2026-08-12 14:25,8442.0,8265.0,2.14,12480100,8488.0,8312.0,14795.0,6544.0
2026-08-12 14:45:46,2026-08-12 14:30,8446.0,8265.0,2.19,12664900,8488.0,8312.0,14795.0,6544.0
2026-08-12 14:50:40,2026-08-12 14:35,8443.0,8265.0,2.15,12779400,8488.0,8312.0,14795.0,6544.0
2026-08-12 14:55:33,2026-08-12 14:40,8467.0,8265.0,2.44,12912200,8488.0,8312.0,14795.0,6544.0
2026-08-12 15:00:39,2026-08-12 14:45,8484.0,8265.0,2.65,13120400,8488.0,8312.0,14795.0,6544.0
2026-08-12 15:05:43,2026-08-12 14:50,8488.0,8265.0,2.7,13327100,8490.0,8312.0,14795.0,6544.0
2026-08-12 15:10:36,2026-08-12 14:55,8500.0,8265.0,2.84,13958700,8505.0,8312.0,14795.0,6544.0
2026-08-12 15:15:52,2026-08-12 15:00,8517.0,8265.0,3.05,14248300,8526.0,8312.0,14795.0,6544.0
2026-08-12 15:20:37,2026-08-12 15:05,8500.0,8265.0,2.84,14461200,8526.0,8312.0,14795.0,6544.0
2026-08-12 15:25:31,2026-08-12 15:10,8500.0,8265.0,2.84,14641700,8526.0,8312.0,14795.0,6544.0
2026-08-12 15:30:32,2026-08-12 15:15,8494.0,8265.0,2.77,14857200,8526.0,8312.0,14795.0,6544.0
2026-08-12 15:40:42,2026-08-12 15:24,8502.0,8265.0,2.87,15242400,8526.0,8312.0,14795.0,6544.0
2026-08-13 09:05:42,2026-08-12 15:30,8488.0,8265.0,2.7,17246700,8526.0,8312.0,14795.0,6544.0
2026-08-13 09:10:32,2026-08-12 15:30,8488.0,8265.0,2.7,17246700,8526.0,8312.0,14795.0,6544.0
2026-08-13 09:15:45,2026-08-13 09:00,8488.0,8265.0,2.7,17793700,8482.0,8365.0,14795.0,6544.0
2026-08-13 09:20:30,2026-08-13 09:05,8433.0,8488.0,-0.65,1049700,8518.0,8365.0,14795.0,6544.0
2026-08-13 09:25:43,2026-08-13 09:10,8422.0,8488.0,-0.78,1496600,8518.0,8365.0,14795.0,6544.0
2026-08-13 09:30:32,2026-08-13 09:15,8459.0,8488.0,-0.34,1864400,8518.0,8365.0,14795.0,6544.0
2026-08-13 09:35:33,2026-08-13 09:20,8425.0,8488.0,-0.74,2102600,8518.0,8365.0,14795.0,6544.0
2026-08-13 09:40:38,2026-08-13 09:25,8455.0,8488.0,-0.39,2383100,8518.0,8365.0,14795.0,6544.0
2026-08-13 09:45:48,2026-08-13 09:30,8438.0,8488.0,-0.59,2684700,8518.0,8365.0,14795.0,6544.0
2026-08-13 09:50:39,2026-08-13 09:35,8433.0,8488.0,-0.65,2889700,8518.0,8365.0,14795.0,6544.0
2026-08-13 09:55:50,2026-08-13 09:40,8450.0,8488.0,-0.45,3032900,8518.0,8365.0,14795.0,6544.0
2026-08-13 10:00:32,2026-08-13 09:45,8432.0,8488.0,-0.66,3209000,8518.0,8365.0,14795.0,6544.0
2026-08-13 10:05:42,2026-08-13 09:50,8429.0,8488.0,-0.7,3360600,8518.0,8365.0,14795.0,6544.0
2026-08-13 10:10:46,2026-08-13 09:55,8392.0,8488.0,-1.13,3571700,8518.0,8365.0,14795.0,6544.0
2026-08-13 10:15:30,2026-08-13 10:00,8375.0,8488.0,-1.33,3794300,8518.0,8365.0,14795.0,6544.0
2026-08-13 10:20:46,2026-08-13 10:05,8356.0,8488.0,-1.56,4137500,8518.0,8337.0,14795.0,6544.0
2026-08-13 10:25:33,2026-08-13 10:10,8345.0,8488.0,-1.68,4363000,8518.0,8325.0,14795.0,6544.0
2026-08-13 10:30:31,2026-08-13 10:15,8348.0,8488.0,-1.65,4534600,8518.0,8325.0,14795.0,6544.0
2026-08-13 10:35:37,2026-08-13 10:20,8291.0,8488.0,-2.32,4897500,8518.0,8283.0,14795.0,6544.0
2026-08-13 10:40:33,2026-08-13 10:25,8289.0,8488.0,-2.34,5090300,8518.0,8270.0,14795.0,6544.0
2026-08-13 10:45:32,2026-08-13 10:30,8331.0,8488.0,-1.85,5278700,8518.0,8270.0,14795.0,6544.0
2026-08-13 10:50:31,2026-08-13 10:35,8324.0,8488.0,-1.93,5384900,8518.0,8270.0,14795.0,6544.0
2026-08-13 10:55:42,2026-08-13 10:40,8321.0,8488.0,-1.97,5496100,8518.0,8270.0,14795.0,6544.0
2026-08-13 11:00:36,2026-08-13 10:45,8313.0,8488.0,-2.06,5583500,8518.0,8270.0,14795.0,6544.0
2026-08-13 11:05:36,2026-08-13 10:50,8323.0,8488.0,-1.94,5678000,8518.0,8270.0,14795.0,6544.0
2026-08-13 11:10:34,2026-08-13 10:55,8315.0,8488.0,-2.04,5763000,8518.0,8270.0,14795.0,6544.0
2026-08-13 11:15:47,2026-08-13 11:00,8336.0,8488.0,-1.79,5855100,8518.0,8270.0,14795.0,6544.0
2026-08-13 11:20:34,2026-08-13 11:05,8325.0,8488.0,-1.92,5934000,8518.0,8270.0,14795.0,6544.0
2026-08-13 11:25:32,2026-08-13 11:10,8331.0,8488.0,-1.85,5989400,8518.0,8270.0,14795.0,6544.0
2026-08-13 11:30:35,2026-08-13 11:15,8314.0,8488.0,-2.05,6075300,8518.0,8270.0,14795.0,6544.0
2026-08-13 12:30:37,2026-08-13 11:30,8312.0,8488.0,-2.07,6313300,8518.0,8270.0,14795.0,6544.0
2026-08-13 12:35:37,2026-08-13 11:30,8312.0,8488.0,-2.07,6313300,8518.0,8270.0,14795.0,6544.0
2026-08-13 12:40:37,2026-08-13 11:30,8312.0,8488.0,-2.07,6313300,8518.0,8270.0,14795.0,6544.0
2026-08-13 12:45:48,2026-08-13 12:30,8317.0,8488.0,-2.01,6445500,8518.0,8270.0,14795.0,6544.0
2026-08-13 12:50:31,2026-08-13 12:35,8328.0,8488.0,-1.89,6613700,8518.0,8270.0,14795.0,6544.0
2026-08-13 12:55:39,2026-08-13 12:40,8307.0,8488.0,-2.13,6752400,8518.0,8270.0,14795.0,6544.0
2026-08-13 13:00:41,2026-08-13 12:45,8330.0,8488.0,-1.86,6841600,8518.0,8270.0,14795.0,6544.0
2026-08-13 13:05:36,2026-08-13 12:50,8341.0,8488.0,-1.73,6995700,8518.0,8270.0,14795.0,6544.0
2026-08-13 13:10:45,2026-08-13 12:55,8339.0,8488.0,-1.76,7076800,8518.0,8270.0,14795.0,6544.0
2026-08-13 13:15:38,2026-08-13 13:00,8348.0,8488.0,-1.65,7161100,8518.0,8270.0,14795.0,6544.0
2026-08-13 13:20:39,2026-08-13 13:05,8358.0,8488.0,-1.53,7319600,8518.0,8270.0,14795.0,6544.0
2026-08-13 13:26:02,2026-08-13 13:11,8339.0,8488.0,-1.76,7439100,8518.0,8270.0,14795.0,6544.0
2026-08-13 13:30:36,2026-08-13 13:15,8322.0,8488.0,-1.96,7574000,8518.0,8270.0,14795.0,6544.0
2026-08-13 13:35:34,2026-08-13 13:20,8340.0,8488.0,-1.74,7641500,8518.0,8270.0,14795.0,6544.0
2026-08-13 13:40:41,2026-08-13 13:25,8345.0,8488.0,-1.68,7721600,8518.0,8270.0,14795.0,6544.0
2026-08-13 13:45:40,2026-08-13 13:30,8347.0,8488.0,-1.66,7793300,8518.0,8270.0,14795.0,6544.0
2026-08-13 13:51:04,2026-08-13 13:36,8344.0,8488.0,-1.7,7834200,8518.0,8270.0,14795.0,6544.0
2026-08-13 13:55:37,2026-08-13 13:40,8346.0,8488.0,-1.67,7862800,8518.0,8270.0,14795.0,6544.0
2026-08-13 14:00:39,2026-08-13 13:45,8351.0,8488.0,-1.61,7917600,8518.0,8270.0,14795.0,6544.0
2026-08-13 14:05:48,2026-08-13 13:50,8354.0,8488.0,-1.58,7954000,8518.0,8270.0,14795.0,6544.0
2026-08-13 14:10:36,2026-08-13 13:55,8360.0,8488.0,-1.51,8021200,8518.0,8270.0,14795.0,6544.0
2026-08-13 14:15:43,2026-08-13 14:00,8361.0,8488.0,-1.5,8093600,8518.0,8270.0,14795.0,6544.0
2026-08-13 14:20:43,2026-08-13 14:05,8359.0,8488.0,-1.52,8146900,8518.0,8270.0,14795.0,6544.0
2026-08-13 14:25:34,2026-08-13 14:10,8360.0,8488.0,-1.51,8207300,8518.0,8270.0,14795.0,6544.0
2026-08-13 14:30:38,2026-08-13 14:15,8363.0,8488.0,-1.47,8240400,8518.0,8270.0,14795.0,6544.0
2026-08-13 14:35:34,2026-08-13 14:20,8360.0,8488.0,-1.51,8285200,8518.0,8270.0,14795.0,6544.0
2026-08-13 14:40:41,2026-08-13 14:25,8383.0,8488.0,-1.24,8380400,8518.0,8270.0,14795.0,6544.0
2026-08-13 14:45:41,2026-08-13 14:30,8385.0,8488.0,-1.21,8473700,8518.0,8270.0,14795.0,6544.0
2026-08-13 14:50:37,2026-08-13 14:35,8369.0,8488.0,-1.4,8549500,8518.0,8270.0,14795.0,6544.0
2026-08-13 14:55:59,2026-08-13 14:40,8365.0,8488.0,-1.45,8617000,8518.0,8270.0,14795.0,6544.0
2026-08-13 15:01:02,2026-08-13 14:46,8361.0,8488.0,-1.5,8695300,8518.0,8270.0,14795.0,6544.0
2026-08-13 15:05:35,2026-08-13 14:50,8328.0,8488.0,-1.89,8846700,8518.0,8270.0,14795.0,6544.0
2026-08-13 15:10:34,2026-08-13 14:55,8338.0,8488.0,-1.77,8916000,8518.0,8270.0,14795.0,6544.0
2026-08-13 15:16:00,2026-08-13 15:00,8331.0,8488.0,-1.85,8995400,8518.0,8270.0,14795.0,6544.0
2026-08-13 15:20:37,2026-08-13 15:05,8336.0,8488.0,-1.79,9087400,8518.0,8270.0,14795.0,6544.0
2026-08-13 15:25:52,2026-08-13 15:10,8337.0,8488.0,-1.78,9219200,8518.0,8270.0,14795.0,6544.0
2026-08-13 15:30:35,2026-08-13 15:15,8337.0,8488.0,-1.78,9371000,8518.0,8270.0,14795.0,6544.0
2026-08-13 15:40:38,2026-08-13 15:24,8326.0,8488.0,-1.91,9608800,8518.0,8270.0,14795.0,6544.0
2026-08-14 09:05:35,2026-08-13 15:30,8325.0,8488.0,-1.92,10948800,8518.0,8270.0,14795.0,6544.0
2026-08-14 09:11:28,2026-08-13 15:30,8325.0,8488.0,-1.92,10948800,8518.0,8270.0,14795.0,6544.0
2026-08-14 09:15:41,2026-08-13 15:30,8325.0,8488.0,-1.92,10948800,8518.0,8270.0,14795.0,6544.0
2026-08-14 09:20:30,2026-08-14 09:05,8686.0,8325.0,4.34,1989200,8750.0,8585.0,14795.0,6544.0
2026-08-14 09:25:32,2026-08-14 09:10,8732.0,8325.0,4.89,2926400,8772.0,8585.0,14795.0,6544.0
2026-08-14 09:30:51,2026-08-14 09:15,8741.0,8325.0,5.0,3497300,8772.0,8585.0,14795.0,6544.0
2026-08-14 09:35:31,2026-08-14 09:20,8806.0,8325.0,5.78,4446400,8823.0,8585.0,14795.0,6544.0
2026-08-14 09:40:38,2026-08-14 09:25,8870.0,8325.0,6.55,5471900,8905.0,8585.0,14795.0,6544.0
2026-08-14 09:45:39,2026-08-14 09:30,8830.0,8325.0,6.07,6028600,8905.0,8585.0,14795.0,6544.0
2026-08-14 09:50:35,2026-08-14 09:35,8871.0,8325.0,6.56,6523700,8905.0,8585.0,14795.0,6544.0
2026-08-14 09:55:31,2026-08-14 09:40,8926.0,8325.0,7.22,7260400,8945.0,8585.0,14795.0,6544.0
2026-08-14 10:00:31,2026-08-14 09:45,8905.0,8325.0,6.97,7624600,8945.0,8585.0,14795.0,6544.0
2026-08-14 10:05:46,2026-08-14 09:50,8891.0,8325.0,6.8,7906300,8945.0,8585.0,14795.0,6544.0
2026-08-14 10:10:49,2026-08-14 09:55,8815.0,8325.0,5.89,8331400,8945.0,8585.0,14795.0,6544.0
2026-08-14 10:15:49,2026-08-14 10:00,8850.0,8325.0,6.31,8719800,8945.0,8585.0,14795.0,6544.0
2026-08-14 10:20:32,2026-08-14 10:05,8913.0,8325.0,7.06,9197300,8945.0,8585.0,14795.0,6544.0
2026-08-14 10:25:35,2026-08-14 10:10,8922.0,8325.0,7.17,9587800,8945.0,8585.0,14795.0,6544.0
2026-08-14 10:30:35,2026-08-14 10:15,8916.0,8325.0,7.1,9863600,8945.0,8585.0,14795.0,6544.0
2026-08-14 10:35:40,2026-08-14 10:18,8923.0,8325.0,7.18,10056100,8945.0,8585.0,14795.0,6544.0
2026-08-14 10:40:35,2026-08-14 10:25,8900.0,8325.0,6.91,10349000,8945.0,8585.0,14795.0,6544.0
2026-08-14 10:45:42,2026-08-14 10:30,8869.0,8325.0,6.53,10570800,8945.0,8585.0,14795.0,6544.0
2026-08-14 10:50:40,2026-08-14 10:35,8896.0,8325.0,6.86,10761300,8945.0,8585.0,14795.0,6544.0
2026-08-14 10:55:42,2026-08-14 10:40,8864.0,8325.0,6.47,10898700,8945.0,8585.0,14795.0,6544.0
2026-08-14 11:00:36,2026-08-14 10:45,8882.0,8325.0,6.69,11063100,8945.0,8585.0,14795.0,6544.0
2026-08-14 11:05:43,2026-08-14 10:50,8882.0,8325.0,6.69,11188500,8945.0,8585.0,14795.0,6544.0
2026-08-14 11:10:30,2026-08-14 10:55,8905.0,8325.0,6.97,11393900,8945.0,8585.0,14795.0,6544.0
2026-08-14 11:15:34,2026-08-14 11:00,8893.0,8325.0,6.82,11520500,8945.0,8585.0,14795.0,6544.0
2026-08-14 11:20:32,2026-08-14 11:05,8865.0,8325.0,6.49,11622700,8945.0,8585.0,14795.0,6544.0
2026-08-14 11:25:37,2026-08-14 11:10,8838.0,8325.0,6.16,11846000,8945.0,8585.0,14795.0,6544.0
2026-08-14 11:30:44,2026-08-14 11:15,8842.0,8325.0,6.21,11932800,8945.0,8585.0,14795.0,6544.0
2026-08-14 12:30:34,2026-08-14 11:30,8874.0,8325.0,6.59,12281800,8945.0,8585.0,14795.0,6544.0
2026-08-14 12:35:35,2026-08-14 11:30,8874.0,8325.0,6.59,12281800,8945.0,8585.0,14795.0,6544.0
2026-08-14 12:40:35,2026-08-14 11:30,8874.0,8325.0,6.59,12281800,8945.0,8585.0,14795.0,6544.0
2026-08-14 12:45:40,2026-08-14 11:30,8874.0,8325.0,6.59,12281800,8945.0,8585.0,14795.0,6544.0
2026-08-14 12:50:32,2026-08-14 12:35,8844.0,8325.0,6.23,12672400,8945.0,8585.0,14795.0,6544.0
2026-08-14 12:55:35,2026-08-14 12:40,8868.0,8325.0,6.52,12877000,8945.0,8585.0,14795.0,6544.0
2026-08-14 13:00:38,2026-08-14 12:45,8886.0,8325.0,6.74,13002600,8945.0,8585.0,14795.0,6544.0
2026-08-14 13:05:37,2026-08-14 12:50,8887.0,8325.0,6.75,13082300,8945.0,8585.0,14795.0,6544.0
2026-08-14 13:10:32,2026-08-14 12:55,8874.0,8325.0,6.59,13350900,8945.0,8585.0,14795.0,6544.0
2026-08-14 13:15:37,2026-08-14 13:00,8861.0,8325.0,6.44,13452700,8945.0,8585.0,14795.0,6544.0
2026-08-14 13:20:36,2026-08-14 13:05,8857.0,8325.0,6.39,13561900,8945.0,8585.0,14795.0,6544.0
2026-08-14 13:25:35,2026-08-14 13:10,8856.0,8325.0,6.38,13634700,8945.0,8585.0,14795.0,6544.0
2026-08-14 13:30:33,2026-08-14 13:15,8841.0,8325.0,6.2,13769700,8945.0,8585.0,14795.0,6544.0
2026-08-14 13:35:37,2026-08-14 13:20,8838.0,8325.0,6.16,13835800,8945.0,8585.0,14795.0,6544.0
2026-08-14 13:40:42,2026-08-14 13:25,8838.0,8325.0,6.16,13961300,8945.0,8585.0,14795.0,6544.0
2026-08-14 13:45:41,2026-08-14 13:30,8859.0,8325.0,6.41,14080400,8945.0,8585.0,14795.0,6544.0
2026-08-14 13:50:39,2026-08-14 13:35,8857.0,8325.0,6.39,14168900,8945.0,8585.0,14795.0,6544.0
2026-08-14 13:55:39,2026-08-14 13:40,8852.0,8325.0,6.33,14243500,8945.0,8585.0,14795.0,6544.0
2026-08-14 14:00:39,2026-08-14 13:45,8877.0,8325.0,6.63,14371300,8945.0,8585.0,14795.0,6544.0
2026-08-14 14:05:43,2026-08-14 13:50,8870.0,8325.0,6.55,14455600,8945.0,8585.0,14795.0,6544.0
2026-08-14 14:10:35,2026-08-14 13:55,8887.0,8325.0,6.75,14581200,8945.0,8585.0,14795.0,6544.0
2026-08-14 14:15:50,2026-08-14 14:00,8886.0,8325.0,6.74,14692700,8945.0,8585.0,14795.0,6544.0
2026-08-14 14:20:39,2026-08-14 14:05,8884.0,8325.0,6.71,14775600,8945.0,8585.0,14795.0,6544.0
2026-08-14 14:26:00,2026-08-14 14:10,8887.0,8325.0,6.75,14925700,8945.0,8585.0,14795.0,6544.0
2026-08-14 14:30:36,2026-08-14 14:15,8882.0,8325.0,6.69,15058700,8945.0,8585.0,14795.0,6544.0
2026-08-14 14:35:33,2026-08-14 14:20,8880.0,8325.0,6.67,15140800,8945.0,8585.0,14795.0,6544.0
2026-08-14 14:40:40,2026-08-14 14:25,8871.0,8325.0,6.56,15279600,8945.0,8585.0,14795.0,6544.0
2026-08-14 14:45:54,2026-08-14 14:30,8865.0,8325.0,6.49,15363400,8945.0,8585.0,14795.0,6544.0
2026-08-14 14:50:40,2026-08-14 14:35,8874.0,8325.0,6.59,15470800,8945.0,8585.0,14795.0,6544.0
2026-08-14 14:55:46,2026-08-14 14:40,8878.0,8325.0,6.64,15588400,8945.0,8585.0,14795.0,6544.0
2026-08-14 15:00:39,2026-08-14 14:45,8871.0,8325.0,6.56,15695000,8945.0,8585.0,14795.0,6544.0
2026-08-14 15:05:46,2026-08-14 14:50,8876.0,8325.0,6.62,15824300,8945.0,8585.0,14795.0,6544.0
2026-08-14 15:10:40,2026-08-14 14:55,8884.0,8325.0,6.71,15911900,8945.0,8585.0,14795.0,6544.0
2026-08-14 15:15:36,2026-08-14 15:00,8887.0,8325.0,6.75,15996600,8945.0,8585.0,14795.0,6544.0
2026-08-14 15:20:51,2026-08-14 15:05,8875.0,8325.0,6.61,16104600,8945.0,8585.0,14795.0,6544.0
2026-08-14 15:25:31,2026-08-14 15:10,8872.0,8325.0,6.57,16280400,8945.0,8585.0,14795.0,6544.0
2026-08-14 15:30:38,2026-08-14 15:15,8885.0,8325.0,6.73,16437800,8945.0,8585.0,14795.0,6544.0
2026-08-14 15:40:34,2026-08-14 15:24,8903.0,8325.0,6.94,17003900,8945.0,8585.0,14795.0,6544.0
2026-08-17 09:05:36,2026-08-14 15:30,8900.0,8325.0,6.91,18615900,8945.0,8585.0,14795.0,6544.0
2026-08-17 09:10:34,2026-08-14 15:30,8900.0,8325.0,6.91,18615900,8945.0,8585.0,14795.0,6544.0
2026-08-17 09:15:31,2026-08-17 09:00,9020.0,8325.0,8.35,19717000,9050.0,8965.0,14795.0,6544.0
2026-08-17 09:20:35,2026-08-17 09:05,9018.0,8900.0,1.33,2039600,9067.0,8965.0,14795.0,6544.0
2026-08-17 09:25:41,2026-08-17 09:10,8950.0,8900.0,0.56,2522100,9067.0,8917.0,14795.0,6544.0
2026-08-17 09:30:55,2026-08-17 09:15,8895.0,8900.0,-0.06,3152900,9067.0,8839.0,14795.0,6544.0
2026-08-17 09:35:40,2026-08-17 09:20,8860.0,8900.0,-0.45,3534800,9067.0,8839.0,14795.0,6544.0
2026-08-17 09:40:40,2026-08-17 09:25,8879.0,8900.0,-0.24,3708000,9067.0,8839.0,14795.0,6544.0
2026-08-17 09:45:35,2026-08-17 09:30,8892.0,8900.0,-0.09,3906500,9067.0,8839.0,14795.0,6544.0
2026-08-17 09:50:32,2026-08-17 09:35,8860.0,8900.0,-0.45,4254100,9067.0,8818.0,14795.0,6544.0
2026-08-17 09:55:30,2026-08-17 09:40,8850.0,8900.0,-0.56,4428000,9067.0,8818.0,14795.0,6544.0
2026-08-17 10:00:46,2026-08-17 09:45,8830.0,8900.0,-0.79,4609600,9067.0,8818.0,14795.0,6544.0
2026-08-17 10:05:44,2026-08-17 09:50,8843.0,8900.0,-0.64,4754000,9067.0,8818.0,14795.0,6544.0
2026-08-17 10:10:41,2026-08-17 09:55,8837.0,8900.0,-0.71,4869400,9067.0,8818.0,14795.0,6544.0
2026-08-17 10:15:31,2026-08-17 10:00,8855.0,8900.0,-0.51,4999800,9067.0,8818.0,14795.0,6544.0
2026-08-17 10:20:40,2026-08-17 10:05,8840.0,8900.0,-0.67,5173900,9067.0,8818.0,14795.0,6544.0
2026-08-17 10:25:36,2026-08-17 10:10,8837.0,8900.0,-0.71,5332500,9067.0,8818.0,14795.0,6544.0
2026-08-17 10:30:32,2026-08-17 10:15,8812.0,8900.0,-0.99,5476100,9067.0,8807.0,14795.0,6544.0
2026-08-17 10:35:32,2026-08-17 10:20,8825.0,8900.0,-0.84,5604300,9067.0,8807.0,14795.0,6544.0
2026-08-17 10:40:36,2026-08-17 10:25,8834.0,8900.0,-0.74,5714900,9067.0,8807.0,14795.0,6544.0
2026-08-17 10:45:35,2026-08-17 10:30,8823.0,8900.0,-0.87,5793900,9067.0,8807.0,14795.0,6544.0
2026-08-17 10:50:40,2026-08-17 10:35,8817.0,8900.0,-0.93,5907100,9067.0,8807.0,14795.0,6544.0
2026-08-17 10:55:44,2026-08-17 10:40,8832.0,8900.0,-0.76,6024500,9067.0,8804.0,14795.0,6544.0
2026-08-17 11:00:32,2026-08-17 10:45,8819.0,8900.0,-0.91,6121900,9067.0,8804.0,14795.0,6544.0
2026-08-17 11:05:43,2026-08-17 10:50,8818.0,8900.0,-0.92,6187300,9067.0,8804.0,14795.0,6544.0
2026-08-17 11:10:35,2026-08-17 10:55,8816.0,8900.0,-0.94,6277900,9067.0,8804.0,14795.0,6544.0
2026-08-17 11:15:38,2026-08-17 11:00,8817.0,8900.0,-0.93,6356600,9067.0,8804.0,14795.0,6544.0
2026-08-17 11:20:38,2026-08-17 11:05,8817.0,8900.0,-0.93,6436700,9067.0,8804.0,14795.0,6544.0
2026-08-17 11:25:42,2026-08-17 11:10,8818.0,8900.0,-0.92,6540200,9067.0,8804.0,14795.0,6544.0
2026-08-17 11:30:37,2026-08-17 11:15,8818.0,8900.0,-0.92,6641400,9067.0,8804.0,14795.0,6544.0
2026-08-17 12:30:35,2026-08-17 11:30,8829.0,8900.0,-0.8,6953500,9067.0,8804.0,14795.0,6544.0
2026-08-17 12:35:35,2026-08-17 11:30,8829.0,8900.0,-0.8,6953500,9067.0,8804.0,14795.0,6544.0
2026-08-17 12:40:37,2026-08-17 11:30,8829.0,8900.0,-0.8,6953500,9067.0,8804.0,14795.0,6544.0
2026-08-17 12:45:34,2026-08-17 11:30,8829.0,8900.0,-0.8,6953500,9067.0,8804.0,14795.0,6544.0
2026-08-17 12:50:44,2026-08-17 12:35,8839.0,8900.0,-0.69,7319100,9067.0,8804.0,14795.0,6544.0
2026-08-17 12:55:32,2026-08-17 12:40,8846.0,8900.0,-0.61,7492600,9067.0,8804.0,14795.0,6544.0
2026-08-17 13:00:45,2026-08-17 12:45,8838.0,8900.0,-0.7,7594000,9067.0,8804.0,14795.0,6544.0
2026-08-17 13:05:41,2026-08-17 12:50,8837.0,8900.0,-0.71,7673600,9067.0,8804.0,14795.0,6544.0
2026-08-17 13:10:37,2026-08-17 12:55,8840.0,8900.0,-0.67,7762400,9067.0,8804.0,14795.0,6544.0
2026-08-17 13:15:43,2026-08-17 13:00,8842.0,8900.0,-0.65,7854300,9067.0,8804.0,14795.0,6544.0
2026-08-17 13:20:43,2026-08-17 13:05,8837.0,8900.0,-0.71,7933200,9067.0,8804.0,14795.0,6544.0
2026-08-17 13:25:42,2026-08-17 13:10,8836.0,8900.0,-0.72,7998500,9067.0,8804.0,14795.0,6544.0
2026-08-17 13:30:36,2026-08-17 13:15,8833.0,8900.0,-0.75,8061700,9067.0,8804.0,14795.0,6544.0
2026-08-17 13:35:34,2026-08-17 13:20,8830.0,8900.0,-0.79,8140500,9067.0,8804.0,14795.0,6544.0
2026-08-17 13:40:36,2026-08-17 13:25,8837.0,8900.0,-0.71,8197900,9067.0,8804.0,14795.0,6544.0
2026-08-17 13:45:34,2026-08-17 13:30,8838.0,8900.0,-0.7,8270700,9067.0,8804.0,14795.0,6544.0
2026-08-17 13:50:38,2026-08-17 13:35,8843.0,8900.0,-0.64,8338200,9067.0,8804.0,14795.0,6544.0
2026-08-17 13:55:31,2026-08-17 13:40,8845.0,8900.0,-0.62,8383900,9067.0,8804.0,14795.0,6544.0
2026-08-17 14:00:46,2026-08-17 13:45,8844.0,8900.0,-0.63,8430800,9067.0,8804.0,14795.0,6544.0
2026-08-17 14:05:42,2026-08-17 13:50,8840.0,8900.0,-0.67,8519200,9067.0,8804.0,14795.0,6544.0
2026-08-17 14:10:36,2026-08-17 13:55,8837.0,8900.0,-0.71,8567300,9067.0,8804.0,14795.0,6544.0
2026-08-17 14:15:39,2026-08-17 14:00,8839.0,8900.0,-0.69,8634500,9067.0,8804.0,14795.0,6544.0
2026-08-17 14:20:39,2026-08-17 14:05,8841.0,8900.0,-0.66,8688200,9067.0,8804.0,14795.0,6544.0
2026-08-17 14:25:47,2026-08-17 14:10,8845.0,8900.0,-0.62,8794900,9067.0,8804.0,14795.0,6544.0
2026-08-17 14:30:37,2026-08-17 14:15,8843.0,8900.0,-0.64,8859500,9067.0,8804.0,14795.0,6544.0
2026-08-17 14:35:32,2026-08-17 14:20,8851.0,8900.0,-0.55,8914300,9067.0,8804.0,14795.0,6544.0
2026-08-17 14:40:35,2026-08-17 14:25,8850.0,8900.0,-0.56,8965400,9067.0,8804.0,14795.0,6544.0
2026-08-17 14:45:33,2026-08-17 14:30,8858.0,8900.0,-0.47,9041200,9067.0,8804.0,14795.0,6544.0
2026-08-17 14:50:34,2026-08-17 14:35,8848.0,8900.0,-0.58,9149000,9067.0,8804.0,14795.0,6544.0
2026-08-17 14:55:33,2026-08-17 14:40,8848.0,8900.0,-0.58,9225900,9067.0,8804.0,14795.0,6544.0
2026-08-17 15:00:35,2026-08-17 14:45,8831.0,8900.0,-0.78,9340200,9067.0,8804.0,14795.0,6544.0
2026-08-17 15:05:33,2026-08-17 14:50,8837.0,8900.0,-0.71,9427200,9067.0,8804.0,14795.0,6544.0
2026-08-17 15:10:33,2026-08-17 14:55,8833.0,8900.0,-0.75,9525900,9067.0,8804.0,14795.0,6544.0
2026-08-17 15:15:35,2026-08-17 15:00,8828.0,8900.0,-0.81,9642800,9067.0,8804.0,14795.0,6544.0
2026-08-17 15:20:33,2026-08-17 15:05,8794.0,8900.0,-1.19,9964500,9067.0,8783.0,14795.0,6544.0
2026-08-17 15:25:42,2026-08-17 15:10,8789.0,8900.0,-1.25,10099000,9067.0,8783.0,14795.0,6544.0
2026-08-17 15:30:34,2026-08-17 15:15,8781.0,8900.0,-1.34,10250600,9067.0,8775.0,14795.0,6544.0
2026-08-17 15:40:44,2026-08-17 15:24,8790.0,8900.0,-1.24,10581800,9067.0,8771.0,14795.0,6544.0
2026-08-18 09:05:38,2026-08-17 15:30,8761.0,8900.0,-1.56,11825900,9067.0,8761.0,14795.0,6544.0
2026-08-18 09:11:31,2026-08-17 15:30,8761.0,8900.0,-1.56,11825900,9067.0,8761.0,14795.0,6544.0
2026-08-18 09:15:37,2026-08-18 09:00,8761.0,8900.0,-1.56,12300700,8694.0,8555.0,14795.0,6544.0
2026-08-18 09:20:37,2026-08-18 09:05,8647.0,8761.0,-1.3,774000,8733.0,8555.0,14795.0,6544.0
2026-08-18 09:25:45,2026-08-18 09:10,8610.0,8761.0,-1.72,1061600,8733.0,8555.0,14795.0,6544.0
2026-08-18 09:46:05,2026-08-18 09:31,8556.0,8761.0,-2.34,1999800,8733.0,8540.0,14795.0,6544.0
2026-08-18 09:52:21,2026-08-18 09:37,8563.0,8761.0,-2.26,2181500,8733.0,8540.0,14795.0,6544.0
2026-08-18 09:55:34,2026-08-18 09:40,8573.0,8761.0,-2.15,2260600,8733.0,8540.0,14795.0,6544.0
2026-08-18 10:00:37,2026-08-18 09:45,8587.0,8761.0,-1.99,2397400,8733.0,8540.0,14795.0,6544.0
2026-08-18 10:05:37,2026-08-18 09:50,8587.0,8761.0,-1.99,2511400,8733.0,8540.0,14795.0,6544.0
2026-08-18 10:10:54,2026-08-18 09:55,8580.0,8761.0,-2.07,2593200,8733.0,8540.0,14795.0,6544.0
2026-08-18 10:15:38,2026-08-18 10:00,8624.0,8761.0,-1.56,2779900,8733.0,8540.0,14795.0,6544.0
2026-08-18 10:31:42,2026-08-18 10:16,8630.0,8761.0,-1.5,3107000,8733.0,8540.0,14795.0,6544.0
2026-08-18 10:33:37,2026-08-18 10:18,8630.0,8761.0,-1.5,3122800,8733.0,8540.0,14795.0,6544.0
2026-08-18 10:41:01,2026-08-18 10:26,8649.0,8761.0,-1.28,3305700,8733.0,8540.0,14630.0,6544.0
2026-08-18 10:41:41,2026-08-18 10:26,8649.0,8761.0,-1.28,3315500,8733.0,8540.0,14630.0,6544.0
2026-08-18 10:45:41,2026-08-18 10:30,8642.0,8761.0,-1.36,3374700,8733.0,8540.0,14630.0,6544.0
2026-08-18 11:21:16,2026-08-18 11:06,8758.0,8761.0,-0.03,4309600,8799.0,8540.0,14795.0,6544.0
2026-08-18 11:25:38,2026-08-18 11:10,8791.0,8761.0,0.34,4432900,8800.0,8540.0,14795.0,6544.0
2026-08-18 12:42:01,2026-08-18 11:30,8803.0,8761.0,0.48,4916700,8825.0,8540.0,14795.0,6544.0
2026-08-18 12:47:12,2026-08-18 12:32,8771.0,8761.0,0.11,5191300,8834.0,8540.0,14795.0,6544.0
2026-08-18 12:50:44,2026-08-18 12:35,8785.0,8761.0,0.27,5269500,8834.0,8540.0,14795.0,6544.0
2026-08-18 12:55:53,2026-08-18 12:40,8768.0,8761.0,0.08,5367600,8834.0,8540.0,14795.0,6544.0
2026-08-18 13:02:56,2026-08-18 12:47,8754.0,8761.0,-0.08,5461500,8834.0,8540.0,14795.0,6544.0
2026-08-18 13:05:42,2026-08-18 12:50,8759.0,8761.0,-0.02,5518100,8834.0,8540.0,14795.0,6544.0
2026-08-18 13:10:59,2026-08-18 12:55,8750.0,8761.0,-0.13,5592900,8834.0,8540.0,14795.0,6544.0
2026-08-18 13:16:27,2026-08-18 13:01,8743.0,8761.0,-0.21,5647800,8834.0,8540.0,14795.0,6544.0
2026-08-18 13:22:10,2026-08-18 13:07,8738.0,8761.0,-0.26,5708300,8834.0,8540.0,14795.0,6544.0
2026-08-18 13:25:56,2026-08-18 13:10,8738.0,8761.0,-0.26,5755500,8834.0,8540.0,14795.0,6544.0
2026-08-18 13:30:43,2026-08-18 13:15,8753.0,8761.0,-0.09,5817300,8834.0,8540.0,14795.0,6544.0
2026-08-18 13:35:32,2026-08-18 13:20,8762.0,8761.0,0.01,5895900,8834.0,8540.0,14795.0,6544.0
2026-08-18 13:40:38,2026-08-18 13:25,8786.0,8761.0,0.29,5978600,8834.0,8540.0,14795.0,6544.0
2026-08-18 13:45:37,2026-08-18 13:30,8778.0,8761.0,0.19,6085000,8834.0,8540.0,14795.0,6544.0
2026-08-18 13:50:35,2026-08-18 13:35,8777.0,8761.0,0.18,6117400,8834.0,8540.0,14795.0,6544.0
2026-08-18 13:55:37,2026-08-18 13:40,8767.0,8761.0,0.07,6183300,8834.0,8540.0,14795.0,6544.0
2026-08-18 14:00:41,2026-08-18 13:45,8766.0,8761.0,0.06,6213600,8834.0,8540.0,14795.0,6544.0
2026-08-18 14:05:37,2026-08-18 13:50,8770.0,8761.0,0.1,6241100,8834.0,8540.0,14795.0,6544.0
2026-08-18 14:10:43,2026-08-18 13:55,8771.0,8761.0,0.11,6262000,8834.0,8540.0,14795.0,6544.0
2026-08-18 14:15:37,2026-08-18 14:00,8774.0,8761.0,0.15,6316400,8834.0,8540.0,14795.0,6544.0
2026-08-18 14:20:35,2026-08-18 14:05,8782.0,8761.0,0.24,6378400,8834.0,8540.0,14795.0,6544.0
2026-08-18 14:26:06,2026-08-18 14:10,8785.0,8761.0,0.27,6396700,8834.0,8540.0,14795.0,6544.0
2026-08-18 14:30:41,2026-08-18 14:15,8793.0,8761.0,0.37,6466200,8834.0,8540.0,14795.0,6544.0
2026-08-18 14:35:30,2026-08-18 14:20,8795.0,8761.0,0.39,6500600,8834.0,8540.0,14795.0,6544.0
2026-08-18 14:42:14,2026-08-18 14:27,8788.0,8761.0,0.31,6541400,8834.0,8540.0,14795.0,6544.0
2026-08-18 14:45:39,2026-08-18 14:30,8786.0,8761.0,0.29,6574000,8834.0,8540.0,14795.0,6544.0
2026-08-18 14:51:09,2026-08-18 14:36,8798.0,8761.0,0.42,6625200,8834.0,8540.0,14795.0,6544.0
2026-08-18 14:55:39,2026-08-18 14:40,8806.0,8761.0,0.51,6684300,8834.0,8540.0,14795.0,6544.0
2026-08-18 15:00:40,2026-08-18 14:45,8795.0,8761.0,0.39,6787200,8834.0,8540.0,14795.0,6544.0
2026-08-18 15:08:15,2026-08-18 14:53,8803.0,8761.0,0.48,6844000,8834.0,8540.0,14795.0,6544.0
2026-08-18 15:10:42,2026-08-18 14:55,8804.0,8761.0,0.49,6868100,8834.0,8540.0,14795.0,6544.0
2026-08-18 15:15:41,2026-08-18 15:00,8794.0,8761.0,0.38,6916500,8834.0,8540.0,14795.0,6544.0
2026-08-18 15:20:34,2026-08-18 15:05,8778.0,8761.0,0.19,6981200,8834.0,8540.0,14795.0,6544.0
2026-08-18 15:25:55,2026-08-18 15:10,8787.0,8761.0,0.3,7034100,8834.0,8540.0,14795.0,6544.0
2026-08-18 15:30:37,2026-08-18 15:15,8790.0,8761.0,0.33,7088000,8834.0,8540.0,14795.0,6544.0
2026-08-18 15:40:41,2026-08-18 15:24,8784.0,8761.0,0.26,7249600,8834.0,8540.0,14795.0,6544.0
2026-08-19 09:05:37,2026-08-18 15:30,8760.0,8761.0,-0.01,8133300,8834.0,8540.0,14630.0,6544.0
2026-08-19 09:10:43,2026-08-18 15:30,8760.0,8761.0,-0.01,8133300,8834.0,8540.0,14630.0,6544.0
2026-08-19 09:15:37,2026-08-19 09:00,8760.0,8761.0,-0.01,8683300,8899.0,8808.0,14630.0,6544.0
2026-08-19 09:20:32,2026-08-19 09:01,8760.0,8761.0,-0.01,9077900,8941.0,8808.0,14630.0,6544.0
2026-08-19 09:26:04,2026-08-19 09:11,8720.0,8760.0,-0.46,2222100,8941.0,8704.0,14630.0,6544.0
2026-08-19 09:30:39,2026-08-19 09:15,8722.0,8760.0,-0.43,2527200,8941.0,8704.0,14630.0,6544.0
2026-08-19 09:35:40,2026-08-19 09:20,8695.0,8760.0,-0.74,2953900,8941.0,8667.0,14630.0,6544.0
2026-08-19 09:40:31,2026-08-19 09:25,8710.0,8760.0,-0.57,3130400,8941.0,8667.0,14630.0,6544.0
2026-08-19 09:45:35,2026-08-19 09:30,8708.0,8760.0,-0.59,3364300,8941.0,8667.0,14630.0,6544.0
2026-08-19 09:50:45,2026-08-19 09:35,8670.0,8760.0,-1.03,3579000,8941.0,8667.0,14630.0,6544.0
2026-08-19 09:56:26,2026-08-19 09:41,8656.0,8760.0,-1.19,3832500,8941.0,8646.0,14630.0,6544.0
2026-08-19 10:00:45,2026-08-19 09:45,8640.0,8760.0,-1.37,3945200,8941.0,8640.0,14630.0,6544.0
2026-08-19 10:05:44,2026-08-19 09:50,8641.0,8760.0,-1.36,4095500,8941.0,8623.0,14630.0,6544.0
2026-08-19 10:11:03,2026-08-19 09:56,8606.0,8760.0,-1.76,4262800,8941.0,8603.0,14630.0,6544.0
2026-08-19 10:15:31,2026-08-19 10:00,8615.0,8760.0,-1.66,4345700,8941.0,8603.0,14630.0,6544.0
2026-08-19 10:20:36,2026-08-19 10:05,8572.0,8760.0,-2.15,4599400,8941.0,8568.0,14630.0,6544.0
2026-08-19 10:25:37,2026-08-19 10:10,8552.0,8760.0,-2.37,4736800,8941.0,8551.0,14630.0,6544.0
2026-08-19 10:30:45,2026-08-19 10:15,8561.0,8760.0,-2.27,4872200,8941.0,8550.0,14630.0,6544.0
2026-08-19 10:35:39,2026-08-19 10:20,8559.0,8760.0,-2.29,4982000,8941.0,8550.0,14630.0,6544.0
2026-08-19 10:40:43,2026-08-19 10:25,8580.0,8760.0,-2.05,5095000,8941.0,8550.0,14630.0,6544.0
2026-08-19 10:45:36,2026-08-19 10:30,8621.0,8760.0,-1.59,5288300,8941.0,8550.0,14630.0,6544.0
2026-08-19 10:50:42,2026-08-19 10:35,8634.0,8760.0,-1.44,5437100,8941.0,8550.0,14630.0,6544.0
2026-08-19 11:11:53,2026-08-19 10:56,8604.0,8760.0,-1.78,5776900,8941.0,8550.0,14630.0,6544.0
2026-08-19 11:16:04,2026-08-19 11:01,8596.0,8760.0,-1.87,5802400,8941.0,8550.0,14630.0,6544.0
2026-08-19 11:22:15,2026-08-19 11:07,8606.0,8760.0,-1.76,5853600,8941.0,8550.0,14630.0,6544.0
2026-08-19 12:45:55,2026-08-19 12:30,8569.0,8760.0,-2.18,6175400,8941.0,8550.0,14630.0,6544.0
2026-08-19 12:51:31,2026-08-19 12:36,8575.0,8760.0,-2.11,6380000,8941.0,8546.0,14630.0,6544.0
2026-08-19 12:55:30,2026-08-19 12:40,8559.0,8760.0,-2.29,6422700,8941.0,8546.0,14630.0,6544.0
2026-08-19 13:06:28,2026-08-19 12:51,8568.0,8760.0,-2.19,6534100,8941.0,8546.0,14630.0,6544.0
2026-08-19 13:07:06,2026-08-19 12:52,8569.0,8760.0,-2.18,6536300,8941.0,8546.0,14630.0,6544.0
2026-08-19 13:10:45,2026-08-19 12:55,8559.0,8760.0,-2.29,6587700,8941.0,8546.0,14630.0,6544.0
2026-08-19 13:15:36,2026-08-19 13:00,8554.0,8760.0,-2.35,6616800,8941.0,8546.0,14630.0,6544.0
2026-08-19 13:20:33,2026-08-19 13:05,8564.0,8760.0,-2.24,6651000,8941.0,8546.0,14630.0,6544.0
2026-08-19 13:25:34,2026-08-19 13:10,8560.0,8760.0,-2.28,6681300,8941.0,8546.0,14630.0,6544.0
2026-08-19 13:33:30,2026-08-19 13:18,8561.0,8760.0,-2.27,6737700,8941.0,8546.0,14630.0,6544.0
2026-08-19 13:38:58,2026-08-19 13:23,8560.0,8760.0,-2.28,6769700,8941.0,8546.0,14630.0,6544.0
2026-08-19 13:43:33,2026-08-19 13:28,8557.0,8760.0,-2.32,6802800,8941.0,8546.0,14630.0,6544.0
2026-08-19 13:57:06,2026-08-19 13:42,8579.0,8760.0,-2.07,6926000,8941.0,8546.0,14630.0,6544.0
2026-08-19 14:03:37,2026-08-19 13:48,8562.0,8760.0,-2.26,6977800,8941.0,8546.0,14630.0,6544.0
2026-08-19 14:20:57,2026-08-19 14:05,8556.0,8760.0,-2.33,7218700,8941.0,8537.0,14630.0,6544.0
2026-08-19 14:24:09,2026-08-19 14:08,8569.0,8760.0,-2.18,7253800,8941.0,8537.0,14630.0,6544.0
2026-08-19 14:27:56,2026-08-19 14:12,8572.0,8760.0,-2.15,7281700,8941.0,8537.0,14630.0,6544.0
2026-08-19 14:33:11,2026-08-19 14:18,8570.0,8760.0,-2.17,7316100,8941.0,8537.0,14630.0,6544.0
2026-08-19 14:35:37,2026-08-19 14:20,8566.0,8760.0,-2.21,7333300,8941.0,8537.0,14630.0,6544.0
2026-08-19 14:49:48,2026-08-19 14:34,8577.0,8760.0,-2.09,7456800,8941.0,8537.0,14630.0,6544.0
2026-08-19 14:50:31,2026-08-19 14:35,8571.0,8760.0,-2.16,7466600,8941.0,8537.0,14630.0,6544.0
2026-08-19 14:51:14,2026-08-19 14:36,8567.0,8760.0,-2.2,7474400,8941.0,8537.0,14630.0,6544.0
2026-08-19 14:55:41,2026-08-19 14:40,8570.0,8760.0,-2.17,7515000,8941.0,8537.0,14630.0,6544.0
2026-08-19 15:00:31,2026-08-19 14:42,8569.0,8760.0,-2.18,7526100,8941.0,8537.0,14630.0,6544.0
2026-08-19 15:05:44,2026-08-19 14:50,8571.0,8760.0,-2.16,7590100,8941.0,8537.0,14630.0,6544.0
2026-08-19 15:10:44,2026-08-19 14:55,8569.0,8760.0,-2.18,7632700,8941.0,8537.0,14630.0,6544.0
2026-08-19 15:16:13,2026-08-19 15:01,8586.0,8760.0,-1.99,7686000,8941.0,8537.0,14630.0,6544.0
2026-08-19 15:20:55,2026-08-19 15:05,8581.0,8760.0,-2.04,7744500,8941.0,8537.0,14630.0,6544.0
2026-08-19 15:41:43,2026-08-19 15:24,8605.0,8760.0,-1.77,8067900,8941.0,8537.0,14630.0,6544.0
2026-08-20 09:06:42,2026-08-19 15:30,8577.0,8760.0,-2.09,9128500,8941.0,8537.0,14630.0,6544.0
2026-08-20 09:10:48,2026-08-19 15:30,8577.0,8760.0,-2.09,9128500,8941.0,8537.0,14630.0,6544.0
2026-08-20 09:15:40,2026-08-19 15:30,8577.0,8760.0,-2.09,9128500,8941.0,8537.0,14630.0,6544.0
2026-08-20 09:21:43,2026-08-20 09:06,8847.0,8577.0,3.15,1131900,8990.0,8817.0,14630.0,6544.0
2026-08-20 09:25:34,2026-08-20 09:10,8963.0,8577.0,4.5,1557600,8990.0,8817.0,14630.0,6544.0
2026-08-20 09:30:37,2026-08-20 09:15,8983.0,8577.0,4.73,2076300,8998.0,8817.0,14630.0,6544.0
2026-08-20 09:35:46,2026-08-20 09:20,8919.0,8577.0,3.99,2429000,8998.0,8817.0,14630.0,6544.0
2026-08-20 09:40:33,2026-08-20 09:25,8860.0,8577.0,3.3,2690600,8998.0,8817.0,14630.0,6544.0
2026-08-20 09:45:40,2026-08-20 09:30,8834.0,8577.0,3.0,2878400,8998.0,8817.0,14630.0,6544.0
2026-08-20 09:50:37,2026-08-20 09:35,8797.0,8577.0,2.56,3103000,8998.0,8785.0,14630.0,6544.0
2026-08-20 09:56:43,2026-08-20 09:41,8819.0,8577.0,2.82,3250900,8998.0,8785.0,14630.0,6544.0
2026-08-20 10:00:41,2026-08-20 09:45,8829.0,8577.0,2.94,3329500,8998.0,8785.0,14630.0,6544.0
2026-08-20 10:05:42,2026-08-20 09:50,8842.0,8577.0,3.09,3417500,8998.0,8785.0,14630.0,6544.0
2026-08-20 10:10:37,2026-08-20 09:55,8829.0,8577.0,2.94,3482300,8998.0,8785.0,14630.0,6544.0
2026-08-20 10:15:35,2026-08-20 10:00,8809.0,8577.0,2.7,3582100,8998.0,8785.0,14630.0,6544.0
2026-08-20 10:20:45,2026-08-20 10:05,8798.0,8577.0,2.58,3662200,8998.0,8785.0,14630.0,6544.0
2026-08-20 10:25:40,2026-08-20 10:10,8825.0,8577.0,2.89,3728700,8998.0,8785.0,14630.0,6544.0
2026-08-20 10:30:38,2026-08-20 10:15,8852.0,8577.0,3.21,3845500,8998.0,8785.0,14630.0,6544.0
2026-08-20 10:35:50,2026-08-20 10:20,8870.0,8577.0,3.42,3962900,8998.0,8785.0,14630.0,6544.0
2026-08-20 10:40:35,2026-08-20 10:25,8879.0,8577.0,3.52,4128300,8998.0,8785.0,14630.0,6544.0
2026-08-20 10:45:38,2026-08-20 10:30,8910.0,8577.0,3.88,4278800,8998.0,8785.0,14630.0,6544.0
2026-08-20 10:50:31,2026-08-20 10:35,8900.0,8577.0,3.77,4375900,8998.0,8785.0,14630.0,6544.0
2026-08-20 10:55:32,2026-08-20 10:40,8876.0,8577.0,3.49,4470400,8998.0,8785.0,14630.0,6544.0
2026-08-20 11:00:41,2026-08-20 10:45,8864.0,8577.0,3.35,4562400,8998.0,8785.0,14630.0,6544.0
2026-08-20 11:05:36,2026-08-20 10:50,8870.0,8577.0,3.42,4649500,8998.0,8785.0,14630.0,6544.0
2026-08-20 11:10:45,2026-08-20 10:55,8870.0,8577.0,3.42,4733100,8998.0,8785.0,14630.0,6544.0
2026-08-20 11:15:42,2026-08-20 11:00,8875.0,8577.0,3.47,4825900,8998.0,8785.0,14630.0,6544.0
2026-08-20 11:20:44,2026-08-20 11:05,8854.0,8577.0,3.23,4893400,8998.0,8785.0,14630.0,6544.0
2026-08-20 11:25:43,2026-08-20 11:10,8858.0,8577.0,3.28,4976500,8998.0,8785.0,14630.0,6544.0
2026-08-20 11:30:41,2026-08-20 11:15,8854.0,8577.0,3.23,5027900,8998.0,8785.0,14630.0,6544.0
2026-08-20 12:30:32,2026-08-20 11:30,8870.0,8577.0,3.42,5168700,8998.0,8785.0,14630.0,6544.0
2026-08-20 12:35:31,2026-08-20 11:30,8870.0,8577.0,3.42,5168700,8998.0,8785.0,14630.0,6544.0
2026-08-20 12:40:39,2026-08-20 11:30,8870.0,8577.0,3.42,5168700,8998.0,8785.0,14630.0,6544.0
2026-08-20 12:46:46,2026-08-20 12:31,8844.0,8577.0,3.11,5305900,8998.0,8785.0,14630.0,6544.0
2026-08-20 12:50:33,2026-08-20 12:35,8863.0,8577.0,3.33,5362600,8998.0,8785.0,14630.0,6544.0
2026-08-20 12:55:36,2026-08-20 12:39,8854.0,8577.0,3.23,5418300,8998.0,8785.0,14630.0,6544.0
2026-08-20 13:00:30,2026-08-20 12:45,8844.0,8577.0,3.11,5491400,8998.0,8785.0,14630.0,6544.0
2026-08-20 13:05:43,2026-08-20 12:50,8849.0,8577.0,3.17,5539900,8998.0,8785.0,14630.0,6544.0
2026-08-20 13:20:14,2026-08-20 13:05,8847.0,8577.0,3.15,5695300,8998.0,8785.0,14630.0,6544.0
2026-08-20 13:20:51,2026-08-20 13:05,8830.0,8577.0,2.95,5717800,8998.0,8785.0,14630.0,6544.0
2026-08-20 13:25:32,2026-08-20 13:10,8831.0,8577.0,2.96,5772000,8998.0,8785.0,14630.0,6544.0
2026-08-20 13:30:32,2026-08-20 13:15,8831.0,8577.0,2.96,5815300,8998.0,8785.0,14630.0,6544.0
2026-08-20 13:35:34,2026-08-20 13:20,8818.0,8577.0,2.81,5897000,8998.0,8785.0,14630.0,6544.0
2026-08-20 13:40:42,2026-08-20 13:25,8827.0,8577.0,2.91,5928800,8998.0,8785.0,14630.0,6544.0
2026-08-20 13:45:43,2026-08-20 13:30,8821.0,8577.0,2.84,5989100,8998.0,8785.0,14630.0,6544.0
2026-08-20 13:50:38,2026-08-20 13:35,8818.0,8577.0,2.81,6027400,8998.0,8785.0,14630.0,6544.0
2026-08-20 13:55:34,2026-08-20 13:40,8826.0,8577.0,2.9,6078800,8998.0,8785.0,14630.0,6544.0
2026-08-20 14:00:43,2026-08-20 13:45,8799.0,8577.0,2.59,6156200,8998.0,8785.0,14630.0,6544.0
2026-08-20 14:05:40,2026-08-20 13:50,8815.0,8577.0,2.77,6201500,8998.0,8785.0,14630.0,6544.0
2026-08-20 14:10:46,2026-08-20 13:55,8820.0,8577.0,2.83,6237300,8998.0,8785.0,14630.0,6544.0
2026-08-20 14:15:37,2026-08-20 14:00,8816.0,8577.0,2.79,6261900,8998.0,8785.0,14630.0,6544.0
2026-08-20 14:20:44,2026-08-20 14:05,8806.0,8577.0,2.67,6317200,8998.0,8785.0,14630.0,6544.0
2026-08-20 14:25:32,2026-08-20 14:10,8803.0,8577.0,2.63,6355600,8998.0,8785.0,14630.0,6544.0
2026-08-20 14:30:49,2026-08-20 14:15,8805.0,8577.0,2.66,6402500,8998.0,8785.0,14630.0,6544.0
2026-08-20 14:35:51,2026-08-20 14:19,8802.0,8577.0,2.62,6429100,8998.0,8785.0,14630.0,6544.0
2026-08-20 14:40:37,2026-08-20 14:25,8783.0,8577.0,2.4,6492100,8998.0,8782.0,14630.0,6544.0
2026-08-20 14:45:30,2026-08-20 14:30,8776.0,8577.0,2.32,6557800,8998.0,8772.0,14630.0,6544.0
2026-08-20 14:50:30,2026-08-20 14:35,8790.0,8577.0,2.48,6612400,8998.0,8772.0,14630.0,6544.0
2026-08-20 14:55:43,2026-08-20 14:40,8786.0,8577.0,2.44,6651300,8998.0,8772.0,14630.0,6544.0
2026-08-20 15:00:31,2026-08-20 14:45,8793.0,8577.0,2.52,6685600,8998.0,8772.0,14630.0,6544.0
2026-08-20 15:05:40,2026-08-20 14:50,8817.0,8577.0,2.8,6740500,8998.0,8772.0,14630.0,6544.0
2026-08-20 15:10:48,2026-08-20 14:55,8798.0,8577.0,2.58,6780000,8998.0,8772.0,14630.0,6544.0
2026-08-20 15:15:40,2026-08-20 15:00,8807.0,8577.0,2.68,6826900,8998.0,8772.0,14630.0,6544.0
2026-08-20 15:20:45,2026-08-20 15:05,8796.0,8577.0,2.55,6877500,8998.0,8772.0,14630.0,6544.0
2026-08-20 15:25:34,2026-08-20 15:10,8796.0,8577.0,2.55,6947800,8998.0,8772.0,14630.0,6544.0
2026-08-20 15:30:34,2026-08-20 15:15,8801.0,8577.0,2.61,7026500,8998.0,8772.0,14630.0,6544.0
2026-08-20 15:40:37,2026-08-20 15:24,8810.0,8577.0,2.72,7213500,8998.0,8772.0,14630.0,6544.0
2026-08-21 09:05:35,2026-08-20 15:30,8781.0,8577.0,2.38,8155100,8998.0,8772.0,14630.0,6544.0
2026-08-21 09:10:48,2026-08-20 15:30,8781.0,8577.0,2.38,8155100,8998.0,8772.0,14630.0,6544.0
2026-08-21 09:15:30,2026-08-21 09:00,8781.0,8577.0,2.38,8478400,8835.0,8788.0,14630.0,6544.0
2026-08-21 09:20:34,2026-08-21 09:05,8768.0,8781.0,-0.15,684400,8848.0,8740.0,14630.0,6544.0
2026-08-21 09:25:30,2026-08-21 09:10,8776.0,8781.0,-0.06,875400,8848.0,8740.0,14630.0,6544.0
2026-08-21 09:30:32,2026-08-21 09:15,8785.0,8781.0,0.05,1005300,8848.0,8740.0,14630.0,6544.0
2026-08-21 09:35:44,2026-08-21 09:20,8791.0,8781.0,0.11,1149800,8848.0,8740.0,14630.0,6544.0
2026-08-21 09:40:39,2026-08-21 09:25,8774.0,8781.0,-0.08,1259700,8848.0,8740.0,14630.0,6544.0
2026-08-21 09:45:39,2026-08-21 09:30,8781.0,8781.0,0.0,1314000,8848.0,8740.0,14630.0,6544.0
2026-08-21 09:50:34,2026-08-21 09:35,8771.0,8781.0,-0.11,1398600,8848.0,8740.0,14630.0,6544.0
2026-08-21 09:55:33,2026-08-21 09:40,8774.0,8781.0,-0.08,1448400,8848.0,8740.0,14630.0,6544.0
2026-08-21 10:00:37,2026-08-21 09:45,8740.0,8781.0,-0.47,1525700,8848.0,8730.0,14630.0,6544.0
2026-08-21 10:05:38,2026-08-21 09:50,8737.0,8781.0,-0.5,1595300,8848.0,8723.0,14630.0,6544.0
2026-08-21 10:10:33,2026-08-21 09:55,8732.0,8781.0,-0.56,1645100,8848.0,8723.0,14630.0,6544.0
2026-08-21 10:15:38,2026-08-21 10:00,8707.0,8781.0,-0.84,1735200,8848.0,8702.0,14630.0,6544.0
2026-08-21 10:20:35,2026-08-21 10:05,8717.0,8781.0,-0.73,1783900,8848.0,8702.0,14630.0,6544.0
2026-08-21 10:25:45,2026-08-21 10:10,8713.0,8781.0,-0.77,1836700,8848.0,8702.0,14630.0,6544.0
2026-08-21 10:30:40,2026-08-21 10:15,8707.0,8781.0,-0.84,1881700,8848.0,8702.0,14630.0,6544.0
2026-08-21 10:35:41,2026-08-21 10:20,8709.0,8781.0,-0.82,1986200,8848.0,8696.0,14630.0,6544.0
2026-08-21 10:40:44,2026-08-21 10:25,8682.0,8781.0,-1.13,2066900,8848.0,8678.0,14630.0,6544.0
2026-08-21 10:45:39,2026-08-21 10:30,8687.0,8781.0,-1.07,2145000,8848.0,8665.0,14630.0,6544.0
2026-08-21 10:50:35,2026-08-21 10:35,8679.0,8781.0,-1.16,2181300,8848.0,8665.0,14630.0,6544.0
2026-08-21 10:55:41,2026-08-21 10:40,8678.0,8781.0,-1.17,2231400,8848.0,8662.0,14630.0,6544.0
2026-08-21 11:00:32,2026-08-21 10:45,8677.0,8781.0,-1.18,2261100,8848.0,8662.0,14630.0,6544.0
2026-08-21 11:05:35,2026-08-21 10:50,8675.0,8781.0,-1.21,2297000,8848.0,8662.0,14630.0,6544.0
2026-08-21 11:10:33,2026-08-21 10:55,8651.0,8781.0,-1.48,2368700,8848.0,8645.0,14630.0,6544.0
2026-08-21 11:15:30,2026-08-21 11:00,8666.0,8781.0,-1.31,2411000,8848.0,8645.0,14630.0,6544.0
2026-08-21 11:20:32,2026-08-21 11:05,8668.0,8781.0,-1.29,2436500,8848.0,8645.0,14630.0,6544.0
2026-08-21 11:25:36,2026-08-21 11:10,8665.0,8781.0,-1.32,2474500,8848.0,8645.0,14630.0,6544.0
2026-08-21 11:30:50,2026-08-21 11:15,8658.0,8781.0,-1.4,2547400,8848.0,8645.0,14630.0,6544.0
2026-08-21 12:30:43,2026-08-21 11:30,8649.0,8781.0,-1.5,2654700,8848.0,8642.0,14630.0,6544.0
2026-08-21 12:35:33,2026-08-21 11:30,8649.0,8781.0,-1.5,2654700,8848.0,8642.0,14630.0,6544.0
2026-08-21 12:40:31,2026-08-21 11:30,8649.0,8781.0,-1.5,2654700,8848.0,8642.0,14630.0,6544.0
2026-08-21 12:45:37,2026-08-21 12:30,8641.0,8781.0,-1.59,2778000,8848.0,8639.0,14630.0,6544.0
2026-08-21 12:50:35,2026-08-21 12:35,8656.0,8781.0,-1.42,2891900,8848.0,8633.0,14630.0,6544.0
2026-08-21 12:55:31,2026-08-21 12:40,8649.0,8781.0,-1.5,2939200,8848.0,8633.0,14630.0,6544.0
2026-08-21 13:00:37,2026-08-21 12:45,8642.0,8781.0,-1.58,2990800,8848.0,8631.0,14630.0,6544.0
2026-08-21 13:05:38,2026-08-21 12:50,8620.0,8781.0,-1.83,3071000,8848.0,8613.0,14630.0,6544.0
2026-08-21 13:10:35,2026-08-21 12:55,8619.0,8781.0,-1.84,3118400,8848.0,8612.0,14630.0,6544.0
2026-08-21 13:15:34,2026-08-21 13:00,8614.0,8781.0,-1.9,3152600,8848.0,8612.0,14630.0,6544.0
2026-08-21 13:20:33,2026-08-21 13:05,8604.0,8781.0,-2.02,3222900,8848.0,8601.0,14630.0,6544.0
2026-08-21 13:25:36,2026-08-21 13:10,8605.0,8781.0,-2.0,3318400,8848.0,8596.0,14630.0,6544.0
2026-08-21 13:30:47,2026-08-21 13:15,8603.0,8781.0,-2.03,3347600,8848.0,8596.0,14630.0,6544.0
2026-08-21 13:35:43,2026-08-21 13:20,8600.0,8781.0,-2.06,3378100,8848.0,8595.0,14630.0,6544.0
2026-08-21 13:40:38,2026-08-21 13:25,8608.0,8781.0,-1.97,3417700,8848.0,8595.0,14630.0,6544.0
2026-08-21 13:45:36,2026-08-21 13:30,8591.0,8781.0,-2.16,3521500,8848.0,8586.0,14630.0,6544.0
2026-08-21 13:50:36,2026-08-21 13:35,8592.0,8781.0,-2.15,3556900,8848.0,8586.0,14630.0,6544.0
2026-08-21 13:55:35,2026-08-21 13:40,8590.0,8781.0,-2.18,3597900,8848.0,8586.0,14630.0,6544.0
2026-08-21 14:00:33,2026-08-21 13:45,8591.0,8781.0,-2.16,3631600,8848.0,8586.0,14630.0,6544.0
2026-08-21 14:05:38,2026-08-21 13:50,8597.0,8781.0,-2.1,3659200,8848.0,8586.0,14630.0,6544.0
2026-08-21 14:10:34,2026-08-21 13:55,8594.0,8781.0,-2.13,3678800,8848.0,8586.0,14630.0,6544.0
2026-08-21 14:15:34,2026-08-21 14:00,8593.0,8781.0,-2.14,3720200,8848.0,8586.0,14630.0,6544.0
2026-08-21 14:20:31,2026-08-21 14:03,8593.0,8781.0,-2.14,3735500,8848.0,8586.0,14630.0,6544.0
2026-08-21 14:25:49,2026-08-21 14:10,8586.0,8781.0,-2.22,3796000,8848.0,8583.0,14630.0,6544.0
2026-08-21 14:30:36,2026-08-21 14:15,8588.0,8781.0,-2.2,3810500,8848.0,8583.0,14630.0,6544.0
2026-08-21 14:35:45,2026-08-21 14:20,8586.0,8781.0,-2.22,3826300,8848.0,8583.0,14630.0,6544.0
2026-08-21 14:40:32,2026-08-21 14:25,8569.0,8781.0,-2.41,3925200,8848.0,8566.0,14630.0,6544.0
2026-08-21 14:45:37,2026-08-21 14:30,8562.0,8781.0,-2.49,3984500,8848.0,8557.0,14630.0,6544.0
2026-08-21 14:50:37,2026-08-21 14:35,8571.0,8781.0,-2.39,4085200,8848.0,8553.0,14630.0,6544.0
2026-08-21 14:55:32,2026-08-21 14:40,8565.0,8781.0,-2.46,4115600,8848.0,8553.0,14630.0,6544.0
2026-08-21 15:00:32,2026-08-21 14:45,8577.0,8781.0,-2.32,4159000,8848.0,8553.0,14630.0,6544.0
2026-08-21 15:05:34,2026-08-21 14:50,8572.0,8781.0,-2.38,4201500,8848.0,8553.0,14630.0,6544.0
2026-08-21 15:10:36,2026-08-21 14:55,8572.0,8781.0,-2.38,4237300,8848.0,8553.0,14630.0,6544.0
2026-08-21 15:15:34,2026-08-21 15:00,8580.0,8781.0,-2.29,4277200,8848.0,8553.0,14630.0,6544.0
2026-08-21 15:21:14,2026-08-21 15:06,8584.0,8781.0,-2.24,4333200,8848.0,8553.0,14630.0,6544.0
2026-08-21 15:25:36,2026-08-21 15:10,8583.0,8781.0,-2.25,4384000,8848.0,8553.0,14630.0,6544.0
2026-08-21 15:30:48,2026-08-21 15:15,8572.0,8781.0,-2.38,4467700,8848.0,8553.0,14630.0,6544.0
2026-08-21 15:40:42,2026-08-21 15:24,8563.0,8781.0,-2.48,4647200,8848.0,8553.0,14630.0,6544.0
2026-08-24 09:05:33,2026-08-21 15:30,8599.0,8781.0,-2.07,5643400,8848.0,8553.0,14630.0,6544.0
2026-08-24 09:10:44,2026-08-21 15:30,8599.0,8781.0,-2.07,5643400,8848.0,8553.0,14630.0,6544.0
2026-08-24 09:15:38,2026-08-24 09:00,8575.0,8781.0,-2.35,5883000,8619.0,8571.0,14630.0,6544.0
2026-08-24 09:20:34,2026-08-24 09:05,8689.0,8599.0,1.05,556700,8713.0,8571.0,14630.0,6544.0
2026-08-24 09:25:31,2026-08-24 09:10,8695.0,8599.0,1.12,718000,8713.0,8571.0,14630.0,6544.0
2026-08-24 09:30:32,2026-08-24 09:15,8754.0,8599.0,1.8,988900,8761.0,8571.0,14630.0,6544.0
2026-08-24 09:35:40,2026-08-24 09:20,8802.0,8599.0,2.36,1319000,8807.0,8571.0,14630.0,6544.0
2026-08-24 09:40:38,2026-08-24 09:25,8835.0,8599.0,2.74,1657600,8837.0,8571.0,14630.0,6544.0
2026-08-24 09:45:31,2026-08-24 09:30,8820.0,8599.0,2.57,1870600,8857.0,8571.0,14630.0,6544.0
2026-08-24 09:50:34,2026-08-24 09:35,8832.0,8599.0,2.71,2183200,8857.0,8571.0,14630.0,6544.0
2026-08-24 09:55:43,2026-08-24 09:40,8810.0,8599.0,2.45,2287500,8857.0,8571.0,14630.0,6544.0
2026-08-24 10:00:39,2026-08-24 09:45,8811.0,8599.0,2.47,2580200,8857.0,8571.0,14630.0,6544.0
2026-08-24 10:05:41,2026-08-24 09:50,8770.0,8599.0,1.99,2902800,8857.0,8571.0,14630.0,6544.0
2026-08-24 10:10:32,2026-08-24 09:55,8773.0,8599.0,2.02,3089800,8857.0,8571.0,14630.0,6544.0
2026-08-24 10:15:43,2026-08-24 10:00,8817.0,8599.0,2.54,3249000,8857.0,8571.0,14630.0,6544.0
2026-08-24 10:20:36,2026-08-24 10:02,8813.0,8599.0,2.49,3277100,8857.0,8571.0,14630.0,6544.0
2026-08-24 10:25:57,2026-08-24 10:10,8778.0,8599.0,2.08,3423600,8857.0,8571.0,14630.0,6544.0
2026-08-24 10:30:38,2026-08-24 10:15,8793.0,8599.0,2.26,3487900,8857.0,8571.0,14630.0,6544.0
2026-08-24 10:35:46,2026-08-24 10:20,8783.0,8599.0,2.14,3544400,8857.0,8571.0,14630.0,6544.0
2026-08-24 10:40:40,2026-08-24 10:25,8772.0,8599.0,2.01,3619600,8857.0,8571.0,14630.0,6544.0
2026-08-24 10:45:43,2026-08-24 10:30,8797.0,8599.0,2.3,3671400,8857.0,8571.0,14630.0,6544.0
2026-08-24 10:50:33,2026-08-24 10:35,8791.0,8599.0,2.23,3720200,8857.0,8571.0,14630.0,6544.0
2026-08-24 10:55:42,2026-08-24 10:40,8807.0,8599.0,2.42,3776400,8857.0,8571.0,14630.0,6544.0
2026-08-24 11:00:36,2026-08-24 10:45,8813.0,8599.0,2.49,3847600,8857.0,8571.0,14630.0,6544.0
2026-08-24 11:05:39,2026-08-24 10:50,8811.0,8599.0,2.47,3915100,8857.0,8571.0,14630.0,6544.0
2026-08-24 11:10:43,2026-08-24 10:55,8806.0,8599.0,2.41,3955500,8857.0,8571.0,14630.0,6544.0
2026-08-24 11:15:37,2026-08-24 11:00,8794.0,8599.0,2.27,4005000,8857.0,8571.0,14630.0,6544.0
2026-08-24 11:20:47,2026-08-24 11:05,8788.0,8599.0,2.2,4051000,8857.0,8571.0,14630.0,6544.0
2026-08-24 11:25:32,2026-08-24 11:10,8773.0,8599.0,2.02,4092400,8857.0,8571.0,14630.0,6544.0
2026-08-24 11:30:36,2026-08-24 11:15,8740.0,8599.0,1.64,4180600,8857.0,8571.0,14630.0,6544.0
2026-08-24 12:30:33,2026-08-24 11:30,8752.0,8599.0,1.78,4356600,8857.0,8571.0,14630.0,6544.0
2026-08-24 12:35:40,2026-08-24 11:30,8752.0,8599.0,1.78,4356600,8857.0,8571.0,14630.0,6544.0
2026-08-24 12:40:40,2026-08-24 11:30,8752.0,8599.0,1.78,4356600,8857.0,8571.0,14630.0,6544.0
2026-08-24 12:45:39,2026-08-24 11:30,8752.0,8599.0,1.78,4356600,8857.0,8571.0,14630.0,6544.0
2026-08-24 12:50:35,2026-08-24 12:35,8791.0,8599.0,2.23,4627700,8857.0,8571.0,14630.0,6544.0
2026-08-24 12:55:31,2026-08-24 12:40,8797.0,8599.0,2.3,4747300,8857.0,8571.0,14630.0,6544.0
2026-08-24 13:00:37,2026-08-24 12:45,8797.0,8599.0,2.3,4797200,8857.0,8571.0,14630.0,6544.0
2026-08-24 13:05:40,2026-08-24 12:50,8809.0,8599.0,2.44,4856500,8857.0,8571.0,14630.0,6544.0
2026-08-24 13:10:36,2026-08-24 12:55,8826.0,8599.0,2.64,4965900,8857.0,8571.0,14630.0,6544.0
2026-08-24 13:15:34,2026-08-24 13:00,8819.0,8599.0,2.56,5028400,8857.0,8571.0,14630.0,6544.0
2026-08-24 13:20:35,2026-08-24 13:05,8817.0,8599.0,2.54,5071400,8857.0,8571.0,14630.0,6544.0
2026-08-24 13:25:41,2026-08-24 13:10,8823.0,8599.0,2.6,5125900,8857.0,8571.0,14630.0,6544.0
2026-08-24 13:30:37,2026-08-24 13:15,8817.0,8599.0,2.54,5166400,8857.0,8571.0,14630.0,6544.0
2026-08-24 13:35:34,2026-08-24 13:20,8813.0,8599.0,2.49,5210400,8857.0,8571.0,14630.0,6544.0
2026-08-24 13:40:38,2026-08-24 13:25,8811.0,8599.0,2.47,5255100,8857.0,8571.0,14630.0,6544.0
2026-08-24 13:45:36,2026-08-24 13:30,8812.0,8599.0,2.48,5288100,8857.0,8571.0,14630.0,6544.0
2026-08-24 13:50:35,2026-08-24 13:35,8812.0,8599.0,2.48,5324400,8857.0,8571.0,14630.0,6544.0
2026-08-24 13:55:31,2026-08-24 13:40,8810.0,8599.0,2.45,5355500,8857.0,8571.0,14630.0,6544.0
2026-08-24 14:00:34,2026-08-24 13:45,8808.0,8599.0,2.43,5388000,8857.0,8571.0,14630.0,6544.0
2026-08-24 14:05:34,2026-08-24 13:50,8814.0,8599.0,2.5,5412900,8857.0,8571.0,14630.0,6544.0
2026-08-24 14:10:38,2026-08-24 13:55,8812.0,8599.0,2.48,5438900,8857.0,8571.0,14630.0,6544.0
2026-08-24 14:15:42,2026-08-24 14:00,8813.0,8599.0,2.49,5491400,8857.0,8571.0,14630.0,6544.0
2026-08-24 14:20:36,2026-08-24 14:05,8813.0,8599.0,2.49,5519500,8857.0,8571.0,14630.0,6544.0
2026-08-24 14:25:37,2026-08-24 14:10,8810.0,8599.0,2.45,5556900,8857.0,8571.0,14630.0,6544.0
2026-08-24 14:30:36,2026-08-24 14:15,8821.0,8599.0,2.58,5635700,8857.0,8571.0,14630.0,6544.0
2026-08-24 14:35:38,2026-08-24 14:20,8815.0,8599.0,2.51,5678800,8857.0,8571.0,14630.0,6544.0
2026-08-24 14:40:42,2026-08-24 14:25,8808.0,8599.0,2.43,5716000,8857.0,8571.0,14630.0,6544.0
2026-08-24 14:45:40,2026-08-24 14:30,8812.0,8599.0,2.48,5760700,8857.0,8571.0,14630.0,6544.0
2026-08-24 14:50:40,2026-08-24 14:35,8820.0,8599.0,2.57,5813900,8857.0,8571.0,14630.0,6544.0
2026-08-24 14:55:38,2026-08-24 14:40,8801.0,8599.0,2.35,5861100,8857.0,8571.0,14630.0,6544.0
2026-08-24 15:00:36,2026-08-24 14:45,8799.0,8599.0,2.33,5913700,8857.0,8571.0,14630.0,6544.0
2026-08-24 15:05:36,2026-08-24 14:50,8798.0,8599.0,2.31,5969400,8857.0,8571.0,14630.0,6544.0
2026-08-24 15:10:51,2026-08-24 14:55,8795.0,8599.0,2.28,6012600,8857.0,8571.0,14630.0,6544.0
2026-08-24 15:15:33,2026-08-24 15:00,8792.0,8599.0,2.24,6052300,8857.0,8571.0,14630.0,6544.0
2026-08-24 15:20:42,2026-08-24 15:05,8772.0,8599.0,2.01,6124400,8857.0,8571.0,14630.0,6544.0
2026-08-24 15:25:44,2026-08-24 15:10,8772.0,8599.0,2.01,6185500,8857.0,8571.0,14630.0,6544.0
2026-08-24 15:30:36,2026-08-24 15:15,8777.0,8599.0,2.07,6266800,8857.0,8571.0,14630.0,6544.0
2026-08-24 15:40:48,2026-08-24 15:24,8785.0,8599.0,2.16,6440500,8857.0,8571.0,14630.0,6544.0
2026-08-25 09:05:52,2026-08-24 15:30,8793.0,8599.0,2.26,7112900,8857.0,8571.0,14630.0,6544.0
2026-08-25 09:10:31,2026-08-24 15:30,8793.0,8599.0,2.26,7112900,8857.0,8571.0,14630.0,6544.0
2026-08-25 09:16:21,2026-08-25 09:01,8793.0,8599.0,2.26,7575900,8944.0,8830.0,14630.0,6544.0
2026-08-25 09:20:33,2026-08-25 09:05,8831.0,8793.0,0.43,704600,8944.0,8794.0,14630.0,6544.0
2026-08-25 09:25:43,2026-08-25 09:10,8902.0,8793.0,1.24,979800,8944.0,8794.0,14630.0,6544.0
2026-08-25 09:30:32,2026-08-25 09:15,8907.0,8793.0,1.3,1217900,8944.0,8794.0,14630.0,6544.0
2026-08-25 09:35:30,2026-08-25 09:20,8884.0,8793.0,1.03,1556700,8947.0,8794.0,14630.0,6544.0
2026-08-25 09:40:35,2026-08-25 09:25,8874.0,8793.0,0.92,1673600,8947.0,8794.0,14630.0,6544.0
2026-08-25 09:45:34,2026-08-25 09:30,8882.0,8793.0,1.01,1805500,8947.0,8794.0,14630.0,6544.0
2026-08-25 09:50:31,2026-08-25 09:35,8876.0,8793.0,0.94,1908900,8947.0,8794.0,14630.0,6544.0
2026-08-25 09:55:39,2026-08-25 09:40,8864.0,8793.0,0.81,1990700,8947.0,8794.0,14630.0,6544.0
2026-08-25 10:00:34,2026-08-25 09:45,8870.0,8793.0,0.88,2086800,8947.0,8794.0,14630.0,6544.0
2026-08-25 10:05:54,2026-08-25 09:50,8860.0,8793.0,0.76,2158700,8947.0,8794.0,14630.0,6544.0
2026-08-25 10:10:47,2026-08-25 09:55,8874.0,8793.0,0.92,2222700,8947.0,8794.0,14630.0,6544.0
2026-08-25 10:15:44,2026-08-25 10:00,8893.0,8793.0,1.14,2308400,8947.0,8794.0,14630.0,6544.0
2026-08-25 10:20:35,2026-08-25 10:05,8906.0,8793.0,1.29,2399100,8947.0,8794.0,14630.0,6544.0
2026-08-25 10:25:30,2026-08-25 10:10,8897.0,8793.0,1.18,2533600,8947.0,8794.0,14630.0,6544.0
2026-08-25 10:30:32,2026-08-25 10:15,8936.0,8793.0,1.63,2677200,8947.0,8794.0,14630.0,6544.0
2026-08-25 10:35:40,2026-08-25 10:20,8947.0,8793.0,1.75,2994700,8955.0,8794.0,14630.0,6544.0
2026-08-25 10:40:41,2026-08-25 10:25,8940.0,8793.0,1.67,3058000,8955.0,8794.0,14630.0,6544.0
2026-08-25 10:45:32,2026-08-25 10:30,8940.0,8793.0,1.67,3136600,8955.0,8794.0,14630.0,6544.0
2026-08-25 10:50:36,2026-08-25 10:35,8945.0,8793.0,1.73,3194300,8955.0,8794.0,14630.0,6544.0
2026-08-25 10:55:39,2026-08-25 10:40,8968.0,8793.0,1.99,3433400,8977.0,8794.0,14630.0,6544.0
2026-08-25 11:00:35,2026-08-25 10:45,8966.0,8793.0,1.97,3531000,8977.0,8794.0,14630.0,6544.0
2026-08-25 11:06:02,2026-08-25 10:50,8981.0,8793.0,2.14,3638300,8984.0,8794.0,14630.0,6544.0
2026-08-25 11:10:37,2026-08-25 10:55,8983.0,8793.0,2.16,3759100,8993.0,8794.0,14630.0,6544.0
2026-08-25 11:15:32,2026-08-25 11:00,8952.0,8793.0,1.81,3823900,8993.0,8794.0,14630.0,6544.0
2026-08-25 11:20:37,2026-08-25 11:05,8936.0,8793.0,1.63,3905900,8993.0,8794.0,14630.0,6544.0
2026-08-25 11:25:31,2026-08-25 11:10,8935.0,8793.0,1.61,3959700,8993.0,8794.0,14630.0,6544.0
2026-08-25 11:30:40,2026-08-25 11:15,8946.0,8793.0,1.74,4032200,8993.0,8794.0,14630.0,6544.0
2026-08-25 12:30:46,2026-08-25 11:30,8957.0,8793.0,1.87,4198900,8993.0,8794.0,14630.0,6544.0
2026-08-25 12:35:52,2026-08-25 11:30,8957.0,8793.0,1.87,4198900,8993.0,8794.0,14630.0,6544.0
2026-08-25 12:40:40,2026-08-25 11:30,8957.0,8793.0,1.87,4198900,8993.0,8794.0,14630.0,6544.0
2026-08-25 12:45:35,2026-08-25 12:30,8953.0,8793.0,1.82,4401200,8993.0,8794.0,14630.0,6544.0
2026-08-25 12:50:31,2026-08-25 12:35,8944.0,8793.0,1.72,4533200,8993.0,8794.0,14630.0,6544.0
2026-08-25 12:55:35,2026-08-25 12:40,8947.0,8793.0,1.75,4584900,8993.0,8794.0,14630.0,6544.0
2026-08-25 13:00:53,2026-08-25 12:45,8934.0,8793.0,1.6,4640200,8993.0,8794.0,14630.0,6544.0
2026-08-25 13:06:22,2026-08-25 12:51,8948.0,8793.0,1.76,4690800,8993.0,8794.0,14630.0,6544.0
2026-08-25 13:10:56,2026-08-25 12:55,8938.0,8793.0,1.65,4744000,8993.0,8794.0,14630.0,6544.0
2026-08-25 13:15:35,2026-08-25 13:00,8947.0,8793.0,1.75,4787500,8993.0,8794.0,14630.0,6544.0
2026-08-25 13:20:33,2026-08-25 13:05,8945.0,8793.0,1.73,4823500,8993.0,8794.0,14630.0,6544.0
2026-08-25 13:25:51,2026-08-25 13:10,8940.0,8793.0,1.67,4849100,8993.0,8794.0,14630.0,6544.0
2026-08-25 13:30:33,2026-08-25 13:15,8941.0,8793.0,1.68,4871600,8993.0,8794.0,14630.0,6544.0
2026-08-25 13:35:32,2026-08-25 13:20,8943.0,8793.0,1.71,4905100,8993.0,8794.0,14630.0,6544.0
2026-08-25 13:40:33,2026-08-25 13:25,8945.0,8793.0,1.73,4959300,8993.0,8794.0,14630.0,6544.0
2026-08-25 13:45:30,2026-08-25 13:30,8944.0,8793.0,1.72,4991500,8993.0,8794.0,14630.0,6544.0
2026-08-25 13:50:35,2026-08-25 13:35,8918.0,8793.0,1.42,5069100,8993.0,8794.0,14630.0,6544.0
2026-08-25 13:55:40,2026-08-25 13:40,8910.0,8793.0,1.33,5124600,8993.0,8794.0,14630.0,6544.0
2026-08-25 14:00:32,2026-08-25 13:45,8914.0,8793.0,1.38,5151800,8993.0,8794.0,14630.0,6544.0
2026-08-25 14:05:30,2026-08-25 13:50,8921.0,8793.0,1.46,5180800,8993.0,8794.0,14630.0,6544.0
2026-08-25 14:10:35,2026-08-25 13:55,8923.0,8793.0,1.48,5211800,8993.0,8794.0,14630.0,6544.0
2026-08-25 14:15:43,2026-08-25 14:00,8918.0,8793.0,1.42,5242800,8993.0,8794.0,14630.0,6544.0
2026-08-25 14:20:32,2026-08-25 14:05,8913.0,8793.0,1.36,5267700,8993.0,8794.0,14630.0,6544.0
2026-08-25 14:25:34,2026-08-25 14:10,8921.0,8793.0,1.46,5290800,8993.0,8794.0,14630.0,6544.0
2026-08-25 14:30:32,2026-08-25 14:15,8912.0,8793.0,1.35,5321700,8993.0,8794.0,14630.0,6544.0
2026-08-25 14:35:40,2026-08-25 14:20,8905.0,8793.0,1.27,5374500,8993.0,8794.0,14630.0,6544.0
2026-08-25 14:40:35,2026-08-25 14:25,8908.0,8793.0,1.31,5406200,8993.0,8794.0,14630.0,6544.0
2026-08-25 14:45:36,2026-08-25 14:30,8895.0,8793.0,1.16,5444800,8993.0,8794.0,14630.0,6544.0
2026-08-25 14:50:31,2026-08-25 14:35,8895.0,8793.0,1.16,5470200,8993.0,8794.0,14630.0,6544.0
2026-08-25 14:55:31,2026-08-25 14:40,8886.0,8793.0,1.06,5508100,8993.0,8794.0,14630.0,6544.0
2026-08-25 15:00:34,2026-08-25 14:45,8873.0,8793.0,0.91,5604400,8993.0,8794.0,14630.0,6544.0
2026-08-25 15:05:40,2026-08-25 14:50,8882.0,8793.0,1.01,5647000,8993.0,8794.0,14630.0,6544.0
2026-08-25 15:10:33,2026-08-25 14:55,8872.0,8793.0,0.9,5694500,8993.0,8794.0,14630.0,6544.0
2026-08-25 15:15:42,2026-08-25 15:00,8860.0,8793.0,0.76,5734800,8993.0,8794.0,14630.0,6544.0
2026-08-25 15:21:24,2026-08-25 15:06,8852.0,8793.0,0.67,5795600,8993.0,8794.0,14630.0,6544.0
2026-08-25 15:26:22,2026-08-25 15:11,8851.0,8793.0,0.66,5864200,8993.0,8794.0,14630.0,6544.0
2026-08-25 15:30:33,2026-08-25 15:15,8860.0,8793.0,0.76,5953900,8993.0,8794.0,14630.0,6544.0
2026-08-25 15:41:31,2026-08-25 15:24,8868.0,8793.0,0.85,6121300,8993.0,8794.0,14630.0,6544.0
2026-08-26 09:05:35,2026-08-25 15:30,8864.0,8793.0,0.81,6766700,8993.0,8794.0,14630.0,6544.0
2026-08-26 09:10:33,2026-08-25 15:30,8864.0,8793.0,0.81,6766700,8993.0,8794.0,14630.0,6544.0
2026-08-26 09:15:36,2026-08-26 09:00,8864.0,8793.0,0.81,7747100,9017.0,8924.0,14630.0,6544.0
2026-08-26 09:20:30,2026-08-26 09:05,9006.0,8864.0,1.6,1539400,9038.0,8924.0,14630.0,6544.0
2026-08-26 09:25:36,2026-08-26 09:10,9033.0,8864.0,1.91,2207400,9060.0,8920.0,14630.0,6544.0
2026-08-26 09:30:33,2026-08-26 09:15,9009.0,8864.0,1.64,2450300,9060.0,8920.0,14630.0,6544.0
2026-08-26 09:35:31,2026-08-26 09:20,8982.0,8864.0,1.33,2681500,9060.0,8920.0,14630.0,6544.0
2026-08-26 09:40:48,2026-08-26 09:25,9024.0,8864.0,1.81,2905300,9060.0,8920.0,14630.0,6544.0
2026-08-26 09:45:37,2026-08-26 09:30,8957.0,8864.0,1.05,3166600,9060.0,8920.0,14630.0,6544.0
2026-08-26 09:50:33,2026-08-26 09:35,8956.0,8864.0,1.04,3313700,9060.0,8920.0,14630.0,6544.0
2026-08-26 09:55:42,2026-08-26 09:37,8935.0,8864.0,0.8,3387400,9060.0,8920.0,14630.0,6544.0
2026-08-26 10:00:40,2026-08-26 09:45,8974.0,8864.0,1.24,3587700,9060.0,8920.0,14630.0,6544.0
2026-08-26 10:05:37,2026-08-26 09:50,8960.0,8864.0,1.08,3714300,9060.0,8920.0,14630.0,6544.0
2026-08-26 10:11:27,2026-08-26 09:56,8981.0,8864.0,1.32,3842300,9060.0,8920.0,14630.0,6544.0
2026-08-26 10:15:41,2026-08-26 10:00,8980.0,8864.0,1.31,3916200,9060.0,8920.0,14630.0,6544.0
2026-08-26 10:21:03,2026-08-26 10:06,8961.0,8864.0,1.09,4029100,9060.0,8920.0,14630.0,6544.0
2026-08-26 10:25:35,2026-08-26 10:10,8971.0,8864.0,1.21,4106900,9060.0,8920.0,14630.0,6544.0
2026-08-26 10:30:32,2026-08-26 10:15,8979.0,8864.0,1.3,4197400,9060.0,8920.0,14630.0,6544.0
2026-08-26 10:35:39,2026-08-26 10:20,8967.0,8864.0,1.16,4265300,9060.0,8920.0,14630.0,6544.0
2026-08-26 10:40:37,2026-08-26 10:25,8994.0,8864.0,1.47,4370800,9060.0,8920.0,14630.0,6544.0
2026-08-26 10:45:54,2026-08-26 10:30,8955.0,8864.0,1.03,4491200,9060.0,8920.0,14630.0,6544.0
2026-08-26 10:50:36,2026-08-26 10:35,8946.0,8864.0,0.93,4578500,9060.0,8920.0,14630.0,6544.0
2026-08-26 10:55:33,2026-08-26 10:40,8948.0,8864.0,0.95,4651000,9060.0,8920.0,14630.0,6544.0
2026-08-26 11:00:32,2026-08-26 10:45,8959.0,8864.0,1.07,4717100,9060.0,8920.0,14630.0,6544.0
2026-08-26 11:05:34,2026-08-26 10:50,8960.0,8864.0,1.08,4777300,9060.0,8920.0,14630.0,6544.0
2026-08-26 11:10:39,2026-08-26 10:52,8952.0,8864.0,0.99,4795900,9060.0,8920.0,14630.0,6544.0
2026-08-26 11:15:37,2026-08-26 11:00,8918.0,8864.0,0.61,4932600,9060.0,8915.0,14630.0,6544.0
2026-08-26 11:20:35,2026-08-26 11:05,8928.0,8864.0,0.72,5008000,9060.0,8910.0,14630.0,6544.0
2026-08-26 11:26:02,2026-08-26 11:10,8913.0,8864.0,0.55,5083100,9060.0,8903.0,14630.0,6544.0
2026-08-26 11:30:39,2026-08-26 11:15,8899.0,8864.0,0.39,5179000,9060.0,8895.0,14630.0,6544.0
2026-08-26 12:30:36,2026-08-26 11:30,8918.0,8864.0,0.61,5443900,9060.0,8884.0,14630.0,6544.0
2026-08-26 12:35:37,2026-08-26 11:30,8918.0,8864.0,0.61,5443900,9060.0,8884.0,14630.0,6544.0
2026-08-26 12:40:47,2026-08-26 11:30,8918.0,8864.0,0.61,5443900,9060.0,8884.0,14630.0,6544.0
2026-08-26 12:45:33,2026-08-26 12:30,8938.0,8864.0,0.83,5564000,9060.0,8884.0,14630.0,6544.0
2026-08-26 12:50:33,2026-08-26 12:35,8927.0,8864.0,0.71,5673200,9060.0,8884.0,14630.0,6544.0
2026-08-26 12:55:33,2026-08-26 12:40,8910.0,8864.0,0.52,5746800,9060.0,8884.0,14630.0,6544.0
2026-08-26 13:00:37,2026-08-26 12:45,8900.0,8864.0,0.41,5819200,9060.0,8884.0,14630.0,6544.0
2026-08-26 13:05:44,2026-08-26 12:50,8896.0,8864.0,0.36,5880700,9060.0,8884.0,14630.0,6544.0
2026-08-26 13:11:38,2026-08-26 12:56,8909.0,8864.0,0.51,5956100,9060.0,8884.0,14630.0,6544.0
2026-08-26 13:15:45,2026-08-26 13:00,8911.0,8864.0,0.53,6008800,9060.0,8884.0,14630.0,6544.0
2026-08-26 13:20:33,2026-08-26 13:05,8913.0,8864.0,0.55,6080900,9060.0,8884.0,14630.0,6544.0
2026-08-26 13:25:42,2026-08-26 13:08,8920.0,8864.0,0.63,6113500,9060.0,8884.0,14630.0,6544.0
2026-08-26 13:30:36,2026-08-26 13:15,8928.0,8864.0,0.72,6183100,9060.0,8884.0,14630.0,6544.0
2026-08-26 13:35:37,2026-08-26 13:20,8915.0,8864.0,0.58,6248900,9060.0,8884.0,14630.0,6544.0
2026-08-26 13:40:31,2026-08-26 13:25,8914.0,8864.0,0.56,6284300,9060.0,8884.0,14630.0,6544.0
2026-08-26 13:45:37,2026-08-26 13:30,8920.0,8864.0,0.63,6324700,9060.0,8884.0,14630.0,6544.0
2026-08-26 13:50:33,2026-08-26 13:35,8919.0,8864.0,0.62,6378600,9060.0,8884.0,14630.0,6544.0
2026-08-26 13:56:20,2026-08-26 13:41,8918.0,8864.0,0.61,6416500,9060.0,8884.0,14630.0,6544.0
2026-08-26 14:00:38,2026-08-26 13:45,8916.0,8864.0,0.59,6462200,9060.0,8884.0,14630.0,6544.0
2026-08-26 14:05:37,2026-08-26 13:50,8909.0,8864.0,0.51,6505100,9060.0,8884.0,14630.0,6544.0
2026-08-26 14:10:59,2026-08-26 13:55,8903.0,8864.0,0.44,6576100,9060.0,8884.0,14630.0,6544.0
2026-08-26 14:15:30,2026-08-26 14:00,8906.0,8864.0,0.47,6605500,9060.0,8884.0,14630.0,6544.0
2026-08-26 14:20:36,2026-08-26 14:05,8907.0,8864.0,0.49,6633200,9060.0,8884.0,14630.0,6544.0
2026-08-26 14:25:39,2026-08-26 14:10,8911.0,8864.0,0.53,6665300,9060.0,8884.0,14630.0,6544.0
2026-08-26 14:30:42,2026-08-26 14:15,8905.0,8864.0,0.46,6696500,9060.0,8884.0,14630.0,6544.0
2026-08-26 14:35:36,2026-08-26 14:20,8902.0,8864.0,0.43,6730300,9060.0,8884.0,14630.0,6544.0
2026-08-26 14:40:33,2026-08-26 14:25,8897.0,8864.0,0.37,6760800,9060.0,8884.0,14630.0,6544.0
2026-08-26 14:45:44,2026-08-26 14:29,8901.0,8864.0,0.42,6802900,9060.0,8884.0,14630.0,6544.0
2026-08-26 14:50:39,2026-08-26 14:35,8892.0,8864.0,0.32,6848200,9060.0,8884.0,14630.0,6544.0
2026-08-26 14:55:48,2026-08-26 14:40,8890.0,8864.0,0.29,6898700,9060.0,8884.0,14630.0,6544.0
2026-08-26 15:00:44,2026-08-26 14:45,8899.0,8864.0,0.39,6942500,9060.0,8884.0,14630.0,6544.0
2026-08-26 15:05:36,2026-08-26 14:50,8895.0,8864.0,0.35,6991100,9060.0,8884.0,14630.0,6544.0
2026-08-26 15:12:54,2026-08-26 14:57,8896.0,8864.0,0.36,7060400,9060.0,8884.0,14630.0,6544.0
2026-08-26 15:16:41,2026-08-26 15:01,8879.0,8864.0,0.17,7140400,9060.0,8876.0,14630.0,6544.0
2026-08-26 15:21:32,2026-08-26 15:06,8886.0,8864.0,0.25,7202500,9060.0,8876.0,14630.0,6544.0
2026-08-26 15:25:39,2026-08-26 15:10,8878.0,8864.0,0.16,7245600,9060.0,8876.0,14630.0,6544.0
2026-08-26 15:40:45,2026-08-26 15:24,8881.0,8864.0,0.19,7504300,9060.0,8865.0,14630.0,6544.0
2026-08-27 09:05:35,2026-08-26 15:30,8896.0,8864.0,0.36,8414000,9060.0,8865.0,14630.0,6544.0
2026-08-27 09:10:31,2026-08-26 15:30,8896.0,8864.0,0.36,8414000,9060.0,8865.0,14630.0,6544.0
2026-08-27 09:15:34,2026-08-26 15:30,8896.0,8864.0,0.36,8414000,9060.0,8865.0,14630.0,6544.0
2026-08-27 09:20:38,2026-08-27 09:05,8686.0,8896.0,-2.36,763000,8756.0,8667.0,14630.0,6544.0
2026-08-27 09:25:35,2026-08-27 09:10,8764.0,8896.0,-1.48,1017500,8780.0,8667.0,14630.0,6544.0
2026-08-27 09:30:33,2026-08-27 09:15,8778.0,8896.0,-1.33,1214800,8791.0,8667.0,14630.0,6544.0
2026-08-27 09:35:43,2026-08-27 09:20,8804.0,8896.0,-1.03,1405200,8833.0,8667.0,14630.0,6544.0
2026-08-27 09:40:29,2026-08-27 09:25,8819.0,8896.0,-0.87,1553700,8834.0,8667.0,14630.0,6544.0
2026-08-27 09:45:34,2026-08-27 09:30,8847.0,8896.0,-0.55,1712000,8857.0,8667.0,14630.0,6544.0
2026-08-27 09:50:37,2026-08-27 09:35,8833.0,8896.0,-0.71,1841600,8873.0,8667.0,14630.0,6544.0
2026-08-27 09:55:39,2026-08-27 09:40,8887.0,8896.0,-0.1,1955800,8887.0,8667.0,14630.0,6544.0
2026-08-27 10:00:38,2026-08-27 09:45,8876.0,8896.0,-0.22,2071300,8888.0,8667.0,14630.0,6544.0
2026-08-27 10:05:33,2026-08-27 09:50,8868.0,8896.0,-0.31,2164300,8888.0,8667.0,14630.0,6544.0
2026-08-27 10:10:31,2026-08-27 09:55,8863.0,8896.0,-0.37,2233200,8888.0,8667.0,14630.0,6544.0
2026-08-27 10:15:36,2026-08-27 10:00,8824.0,8896.0,-0.81,2343300,8888.0,8667.0,14630.0,6544.0
2026-08-27 10:20:35,2026-08-27 10:03,8825.0,8896.0,-0.8,2392700,8888.0,8667.0,14630.0,6544.0
2026-08-27 10:25:34,2026-08-27 10:10,8807.0,8896.0,-1.0,2547600,8888.0,8667.0,14630.0,6544.0
2026-08-27 10:30:37,2026-08-27 10:15,8822.0,8896.0,-0.83,2631200,8888.0,8667.0,14630.0,6544.0
2026-08-27 10:35:43,2026-08-27 10:20,8802.0,8896.0,-1.06,2715000,8888.0,8667.0,14630.0,6544.0
2026-08-27 10:40:34,2026-08-27 10:25,8814.0,8896.0,-0.92,2776100,8888.0,8667.0,14630.0,6544.0
2026-08-27 10:45:36,2026-08-27 10:30,8780.0,8896.0,-1.3,2891700,8888.0,8667.0,14630.0,6544.0
2026-08-27 10:50:33,2026-08-27 10:35,8771.0,8896.0,-1.41,2940000,8888.0,8667.0,14630.0,6544.0
2026-08-27 10:55:34,2026-08-27 10:40,8772.0,8896.0,-1.39,2982500,8888.0,8667.0,14630.0,6544.0
2026-08-27 11:00:36,2026-08-27 10:45,8802.0,8896.0,-1.06,3034800,8888.0,8667.0,14630.0,6544.0
2026-08-27 11:05:35,2026-08-27 10:50,8782.0,8896.0,-1.28,3084800,8888.0,8667.0,14630.0,6544.0
2026-08-27 11:10:46,2026-08-27 10:55,8790.0,8896.0,-1.19,3133100,8888.0,8667.0,14630.0,6544.0
2026-08-27 11:15:34,2026-08-27 11:00,8789.0,8896.0,-1.2,3180300,8888.0,8667.0,14630.0,6544.0
2026-08-27 11:20:37,2026-08-27 11:05,8769.0,8896.0,-1.43,3231000,8888.0,8667.0,14630.0,6544.0
2026-08-27 11:25:37,2026-08-27 11:10,8770.0,8896.0,-1.42,3265100,8888.0,8667.0,14630.0,6544.0
2026-08-27 11:30:34,2026-08-27 11:15,8763.0,8896.0,-1.5,3303900,8888.0,8667.0,14630.0,6544.0
2026-08-27 12:30:32,2026-08-27 11:30,8780.0,8896.0,-1.3,3443500,8888.0,8667.0,14630.0,6544.0
2026-08-27 12:35:54,2026-08-27 11:30,8780.0,8896.0,-1.3,3443500,8888.0,8667.0,14630.0,6544.0
2026-08-27 12:40:36,2026-08-27 11:30,8780.0,8896.0,-1.3,3443500,8888.0,8667.0,14630.0,6544.0
2026-08-27 12:45:41,2026-08-27 12:30,8794.0,8896.0,-1.15,3492500,8888.0,8667.0,14630.0,6544.0
2026-08-27 12:50:35,2026-08-27 12:35,8797.0,8896.0,-1.11,3601800,8888.0,8667.0,14630.0,6544.0
2026-08-27 12:55:41,2026-08-27 12:40,8806.0,8896.0,-1.01,3662500,8888.0,8667.0,14630.0,6544.0
2026-08-27 13:00:47,2026-08-27 12:45,8827.0,8896.0,-0.78,3731800,8888.0,8667.0,14630.0,6544.0
2026-08-27 13:05:30,2026-08-27 12:50,8831.0,8896.0,-0.73,3801600,8888.0,8667.0,14630.0,6544.0
2026-08-27 13:10:30,2026-08-27 12:55,8825.0,8896.0,-0.8,3847500,8888.0,8667.0,14630.0,6544.0
2026-08-27 13:15:35,2026-08-27 12:59,8809.0,8896.0,-0.98,3895200,8888.0,8667.0,14630.0,6544.0
2026-08-27 13:20:36,2026-08-27 13:05,8813.0,8896.0,-0.93,3938300,8888.0,8667.0,14630.0,6544.0
2026-08-27 13:25:36,2026-08-27 13:10,8804.0,8896.0,-1.03,3971800,8888.0,8667.0,14630.0,6544.0
2026-08-27 13:30:34,2026-08-27 13:15,8797.0,8896.0,-1.11,4021600,8888.0,8667.0,14630.0,6544.0
2026-08-27 13:35:31,2026-08-27 13:20,8793.0,8896.0,-1.16,4056600,8888.0,8667.0,14630.0,6544.0
2026-08-27 13:40:40,2026-08-27 13:25,8790.0,8896.0,-1.19,4097800,8888.0,8667.0,14630.0,6544.0
2026-08-27 13:45:31,2026-08-27 13:30,8788.0,8896.0,-1.21,4128500,8888.0,8667.0,14630.0,6544.0
2026-08-27 13:50:35,2026-08-27 13:35,8793.0,8896.0,-1.16,4172600,8888.0,8667.0,14630.0,6544.0
2026-08-27 13:55:37,2026-08-27 13:40,8801.0,8896.0,-1.07,4210800,8888.0,8667.0,14630.0,6544.0
2026-08-27 14:00:37,2026-08-27 13:45,8787.0,8896.0,-1.23,4261800,8888.0,8667.0,14630.0,6544.0
2026-08-27 14:05:32,2026-08-27 13:48,8771.0,8896.0,-1.41,4303300,8888.0,8667.0,14630.0,6544.0
2026-08-27 14:10:46,2026-08-27 13:55,8780.0,8896.0,-1.3,4370800,8888.0,8667.0,14630.0,6544.0
2026-08-27 14:15:34,2026-08-27 14:00,8781.0,8896.0,-1.29,4410000,8888.0,8667.0,14630.0,6544.0
2026-08-27 14:20:32,2026-08-27 14:05,8776.0,8896.0,-1.35,4448600,8888.0,8667.0,14630.0,6544.0
2026-08-27 14:25:36,2026-08-27 14:10,8755.0,8896.0,-1.58,4512300,8888.0,8667.0,14630.0,6544.0
2026-08-27 14:30:30,2026-08-27 14:15,8761.0,8896.0,-1.52,4542900,8888.0,8667.0,14630.0,6544.0
2026-08-27 14:35:35,2026-08-27 14:20,8768.0,8896.0,-1.44,4583900,8888.0,8667.0,14630.0,6544.0
2026-08-27 14:40:42,2026-08-27 14:25,8765.0,8896.0,-1.47,4628700,8888.0,8667.0,14630.0,6544.0
2026-08-27 14:45:43,2026-08-27 14:30,8736.0,8896.0,-1.8,4751400,8888.0,8667.0,14630.0,6544.0
2026-08-27 14:50:34,2026-08-27 14:35,8723.0,8896.0,-1.94,4814100,8888.0,8667.0,14630.0,6544.0
2026-08-27 14:55:33,2026-08-27 14:40,8725.0,8896.0,-1.92,4870000,8888.0,8667.0,14630.0,6544.0
2026-08-27 15:00:32,2026-08-27 14:45,8728.0,8896.0,-1.89,4927100,8888.0,8667.0,14630.0,6544.0
2026-08-27 15:05:35,2026-08-27 14:50,8729.0,8896.0,-1.88,5007600,8888.0,8667.0,14630.0,6544.0
2026-08-27 15:10:36,2026-08-27 14:55,8737.0,8896.0,-1.79,5058000,8888.0,8667.0,14630.0,6544.0
2026-08-27 15:15:35,2026-08-27 15:00,8737.0,8896.0,-1.79,5104100,8888.0,8667.0,14630.0,6544.0
2026-08-27 15:21:21,2026-08-27 15:06,8737.0,8896.0,-1.79,5166800,8888.0,8667.0,14630.0,6544.0
