抓取时间,行情时刻,价格,昨收,涨跌幅%,成交量,当日最高,当日最低,52周最高,52周最低
2026-07-06 09:31:25,2026-07-06 09:16,7500.0,7439.0,0.82,702000,7569.0,7401.0,8880.0,3699.0
2026-07-06 10:18:15,2026-07-06 10:03,7468.0,7439.0,0.39,1430400,7569.0,7401.0,8880.0,3699.0
2026-07-06 10:55:24,2026-07-06 10:40,7452.0,7439.0,0.17,1675400,7569.0,7401.0,8880.0,3699.0
2026-07-06 10:58:54,2026-07-06 10:43,7445.0,7439.0,0.08,1696200,7569.0,7401.0,8880.0,3699.0
2026-07-06 11:00:35,2026-07-06 10:45,7418.0,7439.0,-0.28,1718800,7569.0,7401.0,8880.0,3699.0
2026-07-06 11:05:37,2026-07-06 10:50,7397.0,7439.0,-0.56,1769100,7569.0,7392.0,8880.0,3699.0
2026-07-06 11:10:37,2026-07-06 10:55,7407.0,7439.0,-0.43,1795900,7569.0,7392.0,8880.0,3699.0
2026-07-06 11:15:30,2026-07-06 11:00,7426.0,7439.0,-0.17,1830900,7569.0,7392.0,8880.0,3699.0
2026-07-06 11:20:34,2026-07-06 11:05,7422.0,7439.0,-0.23,1853500,7569.0,7392.0,8880.0,3699.0
2026-07-06 11:25:36,2026-07-06 11:10,7408.0,7439.0,-0.42,1895300,7569.0,7392.0,8880.0,3699.0
2026-07-06 11:30:35,2026-07-06 11:15,7391.0,7439.0,-0.65,1942500,7569.0,7381.0,8880.0,3699.0
2026-07-06 12:30:35,2026-07-06 11:30,7375.0,7439.0,-0.86,2028200,7569.0,7371.0,8880.0,3699.0
2026-07-06 12:35:32,2026-07-06 11:30,7375.0,7439.0,-0.86,2028200,7569.0,7371.0,8880.0,3699.0
2026-07-06 12:40:34,2026-07-06 11:30,7375.0,7439.0,-0.86,2028200,7569.0,7371.0,8880.0,3699.0
2026-07-06 12:45:34,2026-07-06 12:30,7425.0,7439.0,-0.19,2088900,7569.0,7371.0,8880.0,3699.0
2026-07-06 12:50:35,2026-07-06 12:35,7341.0,7439.0,-1.32,2165700,7569.0,7318.0,8880.0,3699.0
2026-07-06 12:55:43,2026-07-06 12:40,7397.0,7439.0,-0.56,2214700,7569.0,7318.0,8880.0,3699.0
2026-07-06 13:00:46,2026-07-06 12:45,7355.0,7439.0,-1.13,2261600,7569.0,7318.0,8880.0,3699.0
2026-07-06 13:05:32,2026-07-06 12:50,7365.0,7439.0,-0.99,2286100,7569.0,7318.0,8880.0,3699.0
2026-07-06 13:10:40,2026-07-06 12:55,7364.0,7439.0,-1.01,2316400,7569.0,7318.0,8880.0,3699.0
2026-07-06 13:15:35,2026-07-06 13:00,7398.0,7439.0,-0.55,2344400,7569.0,7318.0,8880.0,3699.0
2026-07-06 13:20:33,2026-07-06 13:05,7407.0,7439.0,-0.43,2366700,7569.0,7318.0,8880.0,3699.0
2026-07-06 13:25:42,2026-07-06 13:10,7409.0,7439.0,-0.4,2387200,7569.0,7318.0,8880.0,3699.0
2026-07-06 13:30:40,2026-07-06 13:15,7430.0,7439.0,-0.12,2421100,7569.0,7318.0,8880.0,3699.0
2026-07-06 13:35:34,2026-07-06 13:20,7433.0,7439.0,-0.08,2435700,7569.0,7318.0,8880.0,3699.0
2026-07-06 13:40:39,2026-07-06 13:25,7433.0,7439.0,-0.08,2460700,7569.0,7318.0,8880.0,3699.0
2026-07-06 13:45:45,2026-07-06 13:30,7457.0,7439.0,0.24,2486700,7569.0,7318.0,8880.0,3699.0
2026-07-06 13:50:35,2026-07-06 13:35,7447.0,7439.0,0.11,2526300,7569.0,7318.0,8880.0,3699.0
2026-07-06 13:55:36,2026-07-06 13:40,7465.0,7439.0,0.35,2551300,7569.0,7318.0,8880.0,3699.0
2026-07-06 14:00:39,2026-07-06 13:45,7466.0,7439.0,0.36,2593100,7569.0,7318.0,8880.0,3699.0
2026-07-06 14:05:43,2026-07-06 13:50,7451.0,7439.0,0.16,2625700,7569.0,7318.0,8880.0,3699.0
2026-07-06 14:10:38,2026-07-06 13:55,7455.0,7439.0,0.22,2640700,7569.0,7318.0,8880.0,3699.0
2026-07-06 14:15:39,2026-07-06 14:00,7446.0,7439.0,0.09,2665100,7569.0,7318.0,8880.0,3699.0
2026-07-06 14:20:38,2026-07-06 14:05,7440.0,7439.0,0.01,2691300,7569.0,7318.0,8880.0,3699.0
2026-07-06 14:25:33,2026-07-06 14:10,7427.0,7439.0,-0.16,2714600,7569.0,7318.0,8880.0,3699.0
2026-07-06 14:30:39,2026-07-06 14:15,7447.0,7439.0,0.11,2729900,7569.0,7318.0,8880.0,3699.0
2026-07-06 14:35:38,2026-07-06 14:20,7446.0,7439.0,0.09,2752300,7569.0,7318.0,8880.0,3699.0
2026-07-06 14:40:34,2026-07-06 14:25,7410.0,7439.0,-0.39,2783800,7569.0,7318.0,8880.0,3699.0
2026-07-06 14:45:41,2026-07-06 14:30,7387.0,7439.0,-0.7,2824000,7569.0,7318.0,8880.0,3699.0
2026-07-06 14:50:43,2026-07-06 14:35,7402.0,7439.0,-0.5,2853500,7569.0,7318.0,8880.0,3699.0
2026-07-06 14:55:40,2026-07-06 14:40,7417.0,7439.0,-0.3,2932000,7569.0,7318.0,8880.0,3699.0
2026-07-06 15:00:34,2026-07-06 14:45,7427.0,7439.0,-0.16,2959600,7569.0,7318.0,8880.0,3699.0
2026-07-06 15:16:26,2026-07-06 15:01,7443.0,7439.0,0.05,3087400,7569.0,7318.0,8880.0,3699.0
2026-07-06 15:20:38,2026-07-06 15:05,7431.0,7439.0,-0.11,3118000,7569.0,7318.0,8880.0,3699.0
2026-07-06 15:25:43,2026-07-06 15:10,7427.0,7439.0,-0.16,3153000,7569.0,7318.0,8880.0,3699.0
2026-07-06 15:30:38,2026-07-06 15:15,7441.0,7439.0,0.03,3189400,7569.0,7318.0,8880.0,3699.0
2026-07-07 09:00:34,2026-07-06 15:30,7477.0,7439.0,0.51,4083900,7569.0,7318.0,8880.0,3699.0
2026-07-07 09:05:31,2026-07-06 15:30,7477.0,7439.0,0.51,4083900,7569.0,7318.0,8880.0,3699.0
2026-07-07 09:10:33,2026-07-06 15:30,7477.0,7439.0,0.51,4083900,7569.0,7318.0,8880.0,3699.0
2026-07-07 09:15:34,2026-07-07 09:00,7477.0,7439.0,0.51,4341400,7372.0,7295.0,8880.0,3699.0
2026-07-07 09:20:31,2026-07-07 09:05,7234.0,7477.0,-3.25,425700,7372.0,7220.0,8880.0,3699.0
2026-07-07 09:25:32,2026-07-07 09:10,7272.0,7477.0,-2.74,577500,7372.0,7220.0,8880.0,3699.0
2026-07-07 09:30:34,2026-07-07 09:15,7248.0,7477.0,-3.06,706200,7372.0,7202.0,8880.0,3699.0
2026-07-07 09:35:33,2026-07-07 09:20,7267.0,7477.0,-2.81,801900,7372.0,7202.0,8880.0,3699.0
2026-07-07 09:40:33,2026-07-07 09:25,7277.0,7477.0,-2.67,881600,7372.0,7202.0,8880.0,3699.0
2026-07-07 09:45:35,2026-07-07 09:30,7300.0,7477.0,-2.37,985600,7372.0,7202.0,8880.0,3699.0
2026-07-07 09:50:38,2026-07-07 09:35,7308.0,7477.0,-2.26,1096200,7372.0,7202.0,8880.0,3699.0
2026-07-07 09:55:31,2026-07-07 09:40,7290.0,7477.0,-2.5,1170200,7372.0,7202.0,8880.0,3699.0
2026-07-07 10:00:37,2026-07-07 09:45,7272.0,7477.0,-2.74,1245800,7372.0,7202.0,8880.0,3699.0
2026-07-07 10:05:37,2026-07-07 09:50,7284.0,7477.0,-2.58,1325800,7372.0,7202.0,8880.0,3699.0
2026-07-07 10:10:33,2026-07-07 09:55,7291.0,7477.0,-2.49,1377700,7372.0,7202.0,8880.0,3699.0
2026-07-07 10:15:35,2026-07-07 10:00,7255.0,7477.0,-2.97,1466700,7372.0,7202.0,8880.0,3699.0
2026-07-07 10:20:31,2026-07-07 10:05,7241.0,7477.0,-3.16,1539700,7372.0,7202.0,8880.0,3699.0
2026-07-07 10:25:45,2026-07-07 10:10,7233.0,7477.0,-3.26,1588500,7372.0,7202.0,8880.0,3699.0
2026-07-07 10:30:31,2026-07-07 10:15,7229.0,7477.0,-3.32,1641700,7372.0,7202.0,8880.0,3699.0
2026-07-07 10:35:36,2026-07-07 10:20,7210.0,7477.0,-3.57,1751100,7372.0,7198.0,8880.0,3699.0
2026-07-07 10:40:36,2026-07-07 10:25,7213.0,7477.0,-3.53,1812300,7372.0,7198.0,8880.0,3699.0
2026-07-07 10:45:35,2026-07-07 10:30,7194.0,7477.0,-3.78,1889000,7372.0,7183.0,8880.0,3699.0
2026-07-07 10:50:45,2026-07-07 10:35,7230.0,7477.0,-3.3,1958900,7372.0,7183.0,8880.0,3699.0
2026-07-07 10:55:34,2026-07-07 10:40,7261.0,7477.0,-2.89,2017900,7372.0,7183.0,8880.0,3699.0
2026-07-07 11:00:34,2026-07-07 10:45,7289.0,7477.0,-2.51,2081600,7372.0,7183.0,8880.0,3699.0
2026-07-07 11:05:33,2026-07-07 10:50,7266.0,7477.0,-2.82,2131200,7372.0,7183.0,8880.0,3699.0
2026-07-07 11:10:36,2026-07-07 10:55,7231.0,7477.0,-3.29,2177100,7372.0,7183.0,8880.0,3699.0
2026-07-07 11:15:38,2026-07-07 11:00,7217.0,7477.0,-3.48,2224300,7372.0,7183.0,8880.0,3699.0
2026-07-07 11:20:36,2026-07-07 11:05,7234.0,7477.0,-3.25,2268600,7372.0,7183.0,8880.0,3699.0
2026-07-07 11:25:34,2026-07-07 11:10,7232.0,7477.0,-3.28,2304500,7372.0,7183.0,8880.0,3699.0
2026-07-07 11:30:41,2026-07-07 11:15,7212.0,7477.0,-3.54,2334900,7372.0,7183.0,8880.0,3699.0
2026-07-07 12:30:30,2026-07-07 11:30,7203.0,7477.0,-3.66,2465400,7372.0,7183.0,8880.0,3699.0
2026-07-07 12:35:33,2026-07-07 11:30,7203.0,7477.0,-3.66,2465400,7372.0,7183.0,8880.0,3699.0
2026-07-07 12:40:33,2026-07-07 11:30,7203.0,7477.0,-3.66,2465400,7372.0,7183.0,8880.0,3699.0
2026-07-07 12:45:35,2026-07-07 12:30,7165.0,7477.0,-4.17,2615600,7372.0,7142.0,8880.0,3699.0
2026-07-07 12:50:32,2026-07-07 12:35,7167.0,7477.0,-4.15,2704100,7372.0,7142.0,8880.0,3699.0
2026-07-07 12:55:34,2026-07-07 12:40,7172.0,7477.0,-4.08,2780100,7372.0,7142.0,8880.0,3699.0
2026-07-07 13:00:35,2026-07-07 12:45,7149.0,7477.0,-4.39,2847500,7372.0,7142.0,8880.0,3699.0
2026-07-07 13:05:34,2026-07-07 12:50,7130.0,7477.0,-4.64,2967800,7372.0,7116.0,8880.0,3699.0
2026-07-07 13:10:33,2026-07-07 12:55,7104.0,7477.0,-4.99,3061800,7372.0,7100.0,8880.0,3699.0
2026-07-07 13:15:34,2026-07-07 13:00,7119.0,7477.0,-4.79,3109500,7372.0,7100.0,8880.0,3699.0
2026-07-07 13:20:30,2026-07-07 13:05,7143.0,7477.0,-4.47,3157800,7372.0,7100.0,8880.0,3699.0
2026-07-07 13:25:38,2026-07-07 13:10,7146.0,7477.0,-4.43,3234400,7372.0,7100.0,8880.0,3699.0
2026-07-07 13:30:39,2026-07-07 13:15,7141.0,7477.0,-4.49,3272200,7372.0,7100.0,8880.0,3699.0
2026-07-07 13:35:41,2026-07-07 13:20,7129.0,7477.0,-4.65,3360900,7372.0,7095.0,8880.0,3699.0
2026-07-07 13:40:32,2026-07-07 13:25,7125.0,7477.0,-4.71,3403800,7372.0,7095.0,8880.0,3699.0
2026-07-07 13:45:37,2026-07-07 13:30,7134.0,7477.0,-4.59,3447900,7372.0,7095.0,8880.0,3699.0
2026-07-07 13:50:44,2026-07-07 13:35,7131.0,7477.0,-4.63,3485500,7372.0,7095.0,8880.0,3699.0
2026-07-07 13:55:37,2026-07-07 13:40,7120.0,7477.0,-4.77,3531000,7372.0,7095.0,8880.0,3699.0
2026-07-07 14:00:38,2026-07-07 13:45,7113.0,7477.0,-4.87,3578000,7372.0,7095.0,8880.0,3699.0
2026-07-07 14:05:42,2026-07-07 13:50,7101.0,7477.0,-5.03,3623600,7372.0,7095.0,8880.0,3699.0
2026-07-07 14:10:47,2026-07-07 13:55,7099.0,7477.0,-5.06,3671700,7372.0,7095.0,8880.0,3699.0
2026-07-07 14:15:41,2026-07-07 14:00,7104.0,7477.0,-4.99,3708000,7372.0,7095.0,8880.0,3699.0
2026-07-07 14:20:48,2026-07-07 14:05,7070.0,7477.0,-5.44,3788300,7372.0,7069.0,8880.0,3699.0
2026-07-07 14:25:32,2026-07-07 14:10,7066.0,7477.0,-5.5,3844700,7372.0,7055.0,8880.0,3699.0
2026-07-07 14:30:40,2026-07-07 14:15,7057.0,7477.0,-5.62,3934200,7372.0,7049.0,8880.0,3699.0
2026-07-07 14:35:38,2026-07-07 14:20,7065.0,7477.0,-5.51,3979700,7372.0,7049.0,8880.0,3699.0
2026-07-07 14:40:33,2026-07-07 14:25,7065.0,7477.0,-5.51,4045700,7372.0,7049.0,8880.0,3699.0
2026-07-07 14:45:54,2026-07-07 14:30,7091.0,7477.0,-5.16,4110800,7372.0,7049.0,8880.0,3699.0
2026-07-07 14:50:33,2026-07-07 14:35,7098.0,7477.0,-5.07,4172900,7372.0,7049.0,8880.0,3699.0
2026-07-07 14:55:59,2026-07-07 14:40,7117.0,7477.0,-4.81,4233500,7372.0,7049.0,8880.0,3699.0
2026-07-07 15:00:50,2026-07-07 14:45,7128.0,7477.0,-4.67,4296000,7372.0,7049.0,8880.0,3699.0
2026-07-07 15:05:41,2026-07-07 14:50,7099.0,7477.0,-5.06,4365700,7372.0,7049.0,8880.0,3699.0
2026-07-07 15:10:42,2026-07-07 14:55,7120.0,7477.0,-4.77,4419900,7372.0,7049.0,8880.0,3699.0
2026-07-07 15:15:47,2026-07-07 15:00,7115.0,7477.0,-4.84,4486900,7372.0,7049.0,8880.0,3699.0
2026-07-07 15:20:35,2026-07-07 15:05,7086.0,7477.0,-5.23,4567300,7372.0,7049.0,8880.0,3699.0
2026-07-07 15:25:37,2026-07-07 15:10,7058.0,7477.0,-5.6,4633300,7372.0,7049.0,8880.0,3699.0
2026-07-07 15:30:36,2026-07-07 15:15,7059.0,7477.0,-5.59,4726700,7372.0,7049.0,8880.0,3699.0
2026-07-08 09:00:44,2026-07-07 15:30,7072.0,7477.0,-5.42,6370600,7372.0,7048.0,8880.0,3699.0
2026-07-08 09:05:31,2026-07-07 15:30,7072.0,7477.0,-5.42,6370600,7372.0,7048.0,8880.0,3699.0
2026-07-08 09:10:36,2026-07-07 15:30,7072.0,7477.0,-5.42,6370600,7372.0,7048.0,8880.0,3699.0
2026-07-08 09:15:39,2026-07-08 09:00,7072.0,7477.0,-5.42,6737300,6943.0,6878.0,8880.0,3699.0
2026-07-08 09:20:36,2026-07-08 09:05,6854.0,7072.0,-3.08,657000,6943.0,6813.0,8880.0,3699.0
2026-07-08 09:25:33,2026-07-08 09:10,6787.0,7072.0,-4.03,888000,6943.0,6785.0,8880.0,3699.0
2026-07-08 09:30:43,2026-07-08 09:15,6797.0,7072.0,-3.89,1078100,6943.0,6772.0,8880.0,3699.0
2026-07-08 09:35:29,2026-07-08 09:20,6742.0,7072.0,-4.67,1249100,6943.0,6741.0,8880.0,3699.0
2026-07-08 09:40:31,2026-07-08 09:25,6800.0,7072.0,-3.85,1396800,6943.0,6727.0,8880.0,3699.0
2026-07-08 09:45:30,2026-07-08 09:30,6838.0,7072.0,-3.31,1545600,6943.0,6727.0,8880.0,3699.0
2026-07-08 09:50:36,2026-07-08 09:35,6825.0,7072.0,-3.49,1659500,6943.0,6727.0,8880.0,3699.0
2026-07-08 09:55:33,2026-07-08 09:40,6859.0,7072.0,-3.01,1742500,6943.0,6727.0,8880.0,3699.0
2026-07-08 10:00:46,2026-07-08 09:45,6907.0,7072.0,-2.33,1875000,6943.0,6727.0,8880.0,3699.0
2026-07-08 10:05:32,2026-07-08 09:50,6920.0,7072.0,-2.15,2057400,6943.0,6727.0,8880.0,3699.0
2026-07-08 10:10:30,2026-07-08 09:55,6916.0,7072.0,-2.21,2144800,6943.0,6727.0,8880.0,3699.0
2026-07-08 10:15:32,2026-07-08 10:00,6928.0,7072.0,-2.04,2264900,6943.0,6727.0,8880.0,3699.0
2026-07-08 10:20:33,2026-07-08 10:05,6909.0,7072.0,-2.3,2350300,6948.0,6727.0,8880.0,3699.0
2026-07-08 10:25:29,2026-07-08 10:10,6938.0,7072.0,-1.89,2482300,6948.0,6727.0,8880.0,3699.0
2026-07-08 10:30:31,2026-07-08 10:15,6967.0,7072.0,-1.48,2560300,6973.0,6727.0,8880.0,3699.0
2026-07-08 10:35:34,2026-07-08 10:20,6977.0,7072.0,-1.34,2678400,6985.0,6727.0,8880.0,3699.0
2026-07-08 10:40:33,2026-07-08 10:25,6912.0,7072.0,-2.26,2869600,6985.0,6727.0,8880.0,3699.0
2026-07-08 10:45:31,2026-07-08 10:30,6915.0,7072.0,-2.22,2942700,6985.0,6727.0,8880.0,3699.0
2026-07-08 10:50:34,2026-07-08 10:35,6893.0,7072.0,-2.53,3019000,6985.0,6727.0,8880.0,3699.0
2026-07-08 10:55:30,2026-07-08 10:40,6881.0,7072.0,-2.7,3094900,6985.0,6727.0,8880.0,3699.0
2026-07-08 11:00:30,2026-07-08 10:45,6866.0,7072.0,-2.91,3161900,6985.0,6727.0,8880.0,3699.0
2026-07-08 11:05:43,2026-07-08 10:50,6902.0,7072.0,-2.4,3266100,6985.0,6727.0,8880.0,3699.0
2026-07-08 11:10:35,2026-07-08 10:55,6831.0,7072.0,-3.41,3357500,6985.0,6727.0,8880.0,3699.0
2026-07-08 11:15:34,2026-07-08 11:00,6829.0,7072.0,-3.44,3415200,6985.0,6727.0,8880.0,3699.0
2026-07-08 11:20:33,2026-07-08 11:05,6808.0,7072.0,-3.73,3545500,6985.0,6727.0,8880.0,3699.0
2026-07-08 11:25:33,2026-07-08 11:10,6813.0,7072.0,-3.66,3653600,6985.0,6727.0,8880.0,3699.0
2026-07-08 11:30:30,2026-07-08 11:15,6807.0,7072.0,-3.75,3722700,6985.0,6727.0,8880.0,3699.0
2026-07-08 12:30:34,2026-07-08 11:30,6822.0,7072.0,-3.54,3864100,6985.0,6727.0,8880.0,3699.0
2026-07-08 12:35:31,2026-07-08 11:30,6822.0,7072.0,-3.54,3864100,6985.0,6727.0,8880.0,3699.0
2026-07-08 12:40:38,2026-07-08 11:30,6822.0,7072.0,-3.54,3864100,6985.0,6727.0,8880.0,3699.0
2026-07-08 12:45:40,2026-07-08 12:30,6918.0,7072.0,-2.18,3962300,6985.0,6727.0,8880.0,3699.0
2026-07-08 12:50:32,2026-07-08 12:35,6897.0,7072.0,-2.47,4069100,6985.0,6727.0,8880.0,3699.0
2026-07-08 12:55:31,2026-07-08 12:40,6883.0,7072.0,-2.67,4247900,6985.0,6727.0,8880.0,3699.0
2026-07-08 13:00:35,2026-07-08 12:45,6888.0,7072.0,-2.6,4343200,6985.0,6727.0,8880.0,3699.0
2026-07-08 13:05:30,2026-07-08 12:50,6895.0,7072.0,-2.5,4397000,6985.0,6727.0,8880.0,3699.0
2026-07-08 13:10:35,2026-07-08 12:55,6871.0,7072.0,-2.84,4450700,6985.0,6727.0,8880.0,3699.0
2026-07-08 13:15:33,2026-07-08 13:00,6853.0,7072.0,-3.1,4500800,6985.0,6727.0,8880.0,3699.0
2026-07-08 13:20:31,2026-07-08 13:05,6846.0,7072.0,-3.2,4551200,6985.0,6727.0,8880.0,3699.0
2026-07-08 13:25:29,2026-07-08 13:10,6834.0,7072.0,-3.37,4592500,6985.0,6727.0,8880.0,3699.0
2026-07-08 13:30:29,2026-07-08 13:15,6830.0,7072.0,-3.42,4627800,6985.0,6727.0,8880.0,3699.0
2026-07-08 13:35:29,2026-07-08 13:20,6829.0,7072.0,-3.44,4672600,6985.0,6727.0,8880.0,3699.0
2026-07-08 13:40:32,2026-07-08 13:25,6846.0,7072.0,-3.2,4721800,6985.0,6727.0,8880.0,3699.0
2026-07-08 13:45:30,2026-07-08 13:30,6833.0,7072.0,-3.38,4763700,6985.0,6727.0,8880.0,3699.0
2026-07-08 13:50:33,2026-07-08 13:35,6815.0,7072.0,-3.63,4829000,6985.0,6727.0,8880.0,3699.0
2026-07-08 13:55:38,2026-07-08 13:40,6815.0,7072.0,-3.63,4905800,6985.0,6727.0,8880.0,3699.0
2026-07-08 14:00:31,2026-07-08 13:45,6798.0,7072.0,-3.87,4992400,6985.0,6727.0,8880.0,3699.0
2026-07-08 14:05:38,2026-07-08 13:50,6800.0,7072.0,-3.85,5046600,6985.0,6727.0,8880.0,3699.0
2026-07-08 14:10:30,2026-07-08 13:55,6782.0,7072.0,-4.1,5095300,6985.0,6727.0,8880.0,3699.0
2026-07-08 14:15:33,2026-07-08 14:00,6830.0,7072.0,-3.42,5142500,6985.0,6727.0,8880.0,3699.0
2026-07-08 14:20:31,2026-07-08 14:05,6822.0,7072.0,-3.54,5200600,6985.0,6727.0,8880.0,3699.0
2026-07-08 14:25:31,2026-07-08 14:10,6812.0,7072.0,-3.68,5232900,6985.0,6727.0,8880.0,3699.0
2026-07-08 14:30:46,2026-07-08 14:15,6826.0,7072.0,-3.48,5262100,6985.0,6727.0,8880.0,3699.0
2026-07-08 14:35:33,2026-07-08 14:20,6811.0,7072.0,-3.69,5289100,6985.0,6727.0,8880.0,3699.0
2026-07-08 14:40:39,2026-07-08 14:25,6809.0,7072.0,-3.72,5322400,6985.0,6727.0,8880.0,3699.0
2026-07-08 14:45:36,2026-07-08 14:30,6793.0,7072.0,-3.95,5372600,6985.0,6727.0,8880.0,3699.0
2026-07-08 14:50:33,2026-07-08 14:35,6798.0,7072.0,-3.87,5452600,6985.0,6727.0,8880.0,3699.0
2026-07-08 14:55:35,2026-07-08 14:40,6786.0,7072.0,-4.04,5501200,6985.0,6727.0,8880.0,3699.0
2026-07-08 15:00:30,2026-07-08 14:45,6786.0,7072.0,-4.04,5538500,6985.0,6727.0,8880.0,3699.0
2026-07-08 15:05:31,2026-07-08 14:50,6769.0,7072.0,-4.28,5621200,6985.0,6727.0,8880.0,3699.0
2026-07-08 15:10:42,2026-07-08 14:55,6794.0,7072.0,-3.93,5684500,6985.0,6727.0,8880.0,3699.0
2026-07-08 15:15:34,2026-07-08 15:00,6785.0,7072.0,-4.06,5718300,6985.0,6727.0,8880.0,3699.0
2026-07-08 15:20:36,2026-07-08 15:05,6762.0,7072.0,-4.38,5786300,6985.0,6727.0,8880.0,3699.0
2026-07-08 15:25:35,2026-07-08 15:10,6767.0,7072.0,-4.31,5832400,6985.0,6727.0,8880.0,3699.0
2026-07-08 15:30:32,2026-07-08 15:15,6760.0,7072.0,-4.41,5903600,6985.0,6727.0,8880.0,3699.0
2026-07-09 09:00:36,2026-07-08 15:30,6700.0,7072.0,-5.26,7987400,6985.0,6700.0,8880.0,3699.0
2026-07-09 09:05:34,2026-07-08 15:30,6700.0,7072.0,-5.26,7987400,6985.0,6700.0,8880.0,3699.0
2026-07-09 09:10:36,2026-07-08 15:30,6700.0,7072.0,-5.26,7987400,6985.0,6700.0,8880.0,3699.0
2026-07-09 09:15:33,2026-07-09 09:00,6700.0,7072.0,-5.26,8227400,6832.0,6781.0,8880.0,3699.0
2026-07-09 09:20:40,2026-07-09 09:05,6868.0,6700.0,2.51,442800,6868.0,6773.0,8880.0,3699.0
2026-07-09 09:25:34,2026-07-09 09:10,6803.0,6700.0,1.54,628800,6899.0,6773.0,8880.0,3699.0
2026-07-09 09:30:35,2026-07-09 09:15,6833.0,6700.0,1.99,751900,6899.0,6765.0,8880.0,3699.0
2026-07-09 09:35:31,2026-07-09 09:20,6798.0,6700.0,1.46,827200,6899.0,6765.0,8880.0,3699.0
2026-07-09 09:40:34,2026-07-09 09:25,6826.0,6700.0,1.88,884100,6899.0,6765.0,8880.0,3699.0
2026-07-09 09:45:34,2026-07-09 09:30,6897.0,6700.0,2.94,1005400,6904.0,6765.0,8880.0,3699.0
2026-07-09 09:50:32,2026-07-09 09:35,6876.0,6700.0,2.63,1076700,6904.0,6765.0,8880.0,3699.0
2026-07-09 09:55:30,2026-07-09 09:40,6881.0,6700.0,2.7,1121000,6904.0,6765.0,8880.0,3699.0
2026-07-09 10:00:32,2026-07-09 09:45,6903.0,6700.0,3.03,1156400,6904.0,6765.0,8880.0,3699.0
2026-07-09 10:05:33,2026-07-09 09:50,6881.0,6700.0,2.7,1217300,6919.0,6765.0,8880.0,3699.0
2026-07-09 10:10:33,2026-07-09 09:55,6838.0,6700.0,2.06,1279600,6919.0,6765.0,8880.0,3699.0
2026-07-09 10:15:52,2026-07-09 10:00,6869.0,6700.0,2.52,1316200,6919.0,6765.0,8880.0,3699.0
2026-07-09 10:20:34,2026-07-09 10:05,6858.0,6700.0,2.36,1341400,6919.0,6765.0,8880.0,3699.0
2026-07-09 10:25:28,2026-07-09 10:10,6896.0,6700.0,2.93,1367900,6919.0,6765.0,8880.0,3699.0
2026-07-09 10:30:30,2026-07-09 10:15,6891.0,6700.0,2.85,1404100,6919.0,6765.0,8880.0,3699.0
2026-07-09 10:35:40,2026-07-09 10:20,6895.0,6700.0,2.91,1450700,6919.0,6765.0,8880.0,3699.0
2026-07-09 10:40:32,2026-07-09 10:25,6865.0,6700.0,2.46,1482800,6919.0,6765.0,8880.0,3699.0
2026-07-09 10:45:37,2026-07-09 10:30,6895.0,6700.0,2.91,1518000,6919.0,6765.0,8880.0,3699.0
2026-07-09 10:50:32,2026-07-09 10:35,6891.0,6700.0,2.85,1543200,6919.0,6765.0,8880.0,3699.0
2026-07-09 10:55:31,2026-07-09 10:40,6887.0,6700.0,2.79,1571400,6919.0,6765.0,8880.0,3699.0
2026-07-09 11:00:40,2026-07-09 10:45,6911.0,6700.0,3.15,1610300,6919.0,6765.0,8880.0,3699.0
2026-07-09 11:05:51,2026-07-09 10:50,6898.0,6700.0,2.96,1632700,6919.0,6765.0,8880.0,3699.0
2026-07-09 11:10:44,2026-07-09 10:55,6859.0,6700.0,2.37,1665800,6919.0,6765.0,8880.0,3699.0
2026-07-09 11:15:36,2026-07-09 11:00,6850.0,6700.0,2.24,1700300,6919.0,6765.0,8880.0,3699.0
2026-07-09 11:20:47,2026-07-09 11:05,6854.0,6700.0,2.3,1738300,6919.0,6765.0,8880.0,3699.0
2026-07-09 11:25:38,2026-07-09 11:10,6880.0,6700.0,2.69,1784000,6919.0,6765.0,8880.0,3699.0
2026-07-09 11:30:33,2026-07-09 11:15,6889.0,6700.0,2.82,1816800,6919.0,6765.0,8880.0,3699.0
2026-07-09 12:30:38,2026-07-09 11:30,6872.0,6700.0,2.57,1935500,6919.0,6765.0,8880.0,3699.0
2026-07-09 12:35:50,2026-07-09 11:30,6872.0,6700.0,2.57,1935500,6919.0,6765.0,8880.0,3699.0
2026-07-09 12:40:40,2026-07-09 11:30,6872.0,6700.0,2.57,1935500,6919.0,6765.0,8880.0,3699.0
2026-07-09 12:45:31,2026-07-09 12:30,6858.0,6700.0,2.36,1983000,6919.0,6765.0,8880.0,3699.0
2026-07-09 12:50:28,2026-07-09 12:35,6874.0,6700.0,2.6,2045500,6919.0,6765.0,8880.0,3699.0
2026-07-09 12:55:35,2026-07-09 12:40,6881.0,6700.0,2.7,2077900,6919.0,6765.0,8880.0,3699.0
2026-07-09 13:00:39,2026-07-09 12:45,6874.0,6700.0,2.6,2123800,6919.0,6765.0,8880.0,3699.0
2026-07-09 13:05:30,2026-07-09 12:50,6876.0,6700.0,2.63,2141100,6919.0,6765.0,8880.0,3699.0
2026-07-09 13:10:31,2026-07-09 12:55,6866.0,6700.0,2.48,2165300,6919.0,6765.0,8880.0,3699.0
2026-07-09 13:15:31,2026-07-09 13:00,6858.0,6700.0,2.36,2197400,6919.0,6765.0,8880.0,3699.0
2026-07-09 13:20:35,2026-07-09 13:05,6856.0,6700.0,2.33,2222700,6919.0,6765.0,8880.0,3699.0
2026-07-09 13:25:36,2026-07-09 13:10,6846.0,6700.0,2.18,2260200,6919.0,6765.0,8880.0,3699.0
2026-07-09 13:30:38,2026-07-09 13:15,6854.0,6700.0,2.3,2302400,6919.0,6765.0,8880.0,3699.0
2026-07-09 13:35:32,2026-07-09 13:20,6836.0,6700.0,2.03,2334200,6919.0,6765.0,8880.0,3699.0
2026-07-09 13:40:46,2026-07-09 13:25,6811.0,6700.0,1.66,2363400,6919.0,6765.0,8880.0,3699.0
2026-07-09 13:45:33,2026-07-09 13:30,6813.0,6700.0,1.69,2381900,6919.0,6765.0,8880.0,3699.0
2026-07-09 13:50:30,2026-07-09 13:35,6823.0,6700.0,1.84,2402700,6919.0,6765.0,8880.0,3699.0
2026-07-09 13:55:30,2026-07-09 13:40,6833.0,6700.0,1.99,2425500,6919.0,6765.0,8880.0,3699.0
2026-07-09 14:00:30,2026-07-09 13:45,6821.0,6700.0,1.81,2450400,6919.0,6765.0,8880.0,3699.0
2026-07-09 14:10:31,2026-07-09 13:55,6830.0,6700.0,1.94,2492500,6919.0,6765.0,8880.0,3699.0
2026-07-09 14:15:37,2026-07-09 14:00,6818.0,6700.0,1.76,2534900,6919.0,6765.0,8880.0,3699.0
2026-07-09 14:20:37,2026-07-09 14:05,6802.0,6700.0,1.52,2563900,6919.0,6765.0,8880.0,3699.0
2026-07-09 14:25:32,2026-07-09 14:10,6814.0,6700.0,1.7,2610700,6919.0,6765.0,8880.0,3699.0
2026-07-09 14:30:40,2026-07-09 14:15,6825.0,6700.0,1.87,2676300,6919.0,6765.0,8880.0,3699.0
2026-07-09 14:35:45,2026-07-09 14:20,6803.0,6700.0,1.54,2718100,6919.0,6765.0,8880.0,3699.0
2026-07-09 14:45:33,2026-07-09 14:30,6791.0,6700.0,1.36,2758400,6919.0,6765.0,8880.0,3699.0
2026-07-09 14:50:33,2026-07-09 14:35,6799.0,6700.0,1.48,2799400,6919.0,6765.0,8880.0,3699.0
2026-07-09 14:55:43,2026-07-09 14:40,6804.0,6700.0,1.55,2815800,6919.0,6765.0,8880.0,3699.0
2026-07-09 15:05:46,2026-07-09 14:50,6821.0,6700.0,1.81,2865100,6919.0,6765.0,8880.0,3699.0
2026-07-09 15:10:42,2026-07-09 14:55,6830.0,6700.0,1.94,2902400,6919.0,6765.0,8880.0,3699.0
2026-07-09 15:15:35,2026-07-09 15:00,6854.0,6700.0,2.3,2998400,6919.0,6765.0,8880.0,3699.0
2026-07-09 15:20:42,2026-07-09 15:05,6843.0,6700.0,2.13,3054100,6919.0,6765.0,8880.0,3699.0
2026-07-09 15:25:47,2026-07-09 15:10,6845.0,6700.0,2.16,3105800,6919.0,6765.0,8880.0,3699.0
2026-07-09 15:30:51,2026-07-09 15:15,6884.0,6700.0,2.75,3205700,6919.0,6765.0,8880.0,3699.0
2026-07-09 15:33:04,2026-07-09 15:18,6886.0,6700.0,2.78,3254500,6919.0,6765.0,8880.0,3699.0
2026-07-10 09:00:34,2026-07-09 15:30,6851.0,6700.0,2.25,4478800,6919.0,6765.0,8880.0,3699.0
2026-07-10 09:05:49,2026-07-09 15:30,6851.0,6700.0,2.25,4478800,6919.0,6765.0,8880.0,3699.0
2026-07-10 09:10:39,2026-07-09 15:30,6851.0,6700.0,2.25,4478800,6919.0,6765.0,8880.0,3699.0
2026-07-10 09:15:40,2026-07-09 15:30,6851.0,6700.0,2.25,4478800,6919.0,6765.0,8880.0,3699.0
2026-07-10 09:20:32,2026-07-10 09:05,7143.0,6851.0,4.26,1044500,7155.0,7037.0,8880.0,3699.0
2026-07-10 09:25:34,2026-07-10 09:10,7110.0,6851.0,3.78,1270300,7166.0,7037.0,8880.0,3699.0
2026-07-10 09:30:40,2026-07-10 09:15,7130.0,6851.0,4.07,1387100,7166.0,7037.0,8880.0,3699.0
2026-07-10 09:35:42,2026-07-10 09:20,7167.0,6851.0,4.61,1501000,7172.0,7037.0,8880.0,3699.0
2026-07-10 09:40:33,2026-07-10 09:25,7135.0,6851.0,4.15,1579600,7188.0,7037.0,8880.0,3699.0
2026-07-10 09:46:06,2026-07-10 09:31,7154.0,6851.0,4.42,1659200,7188.0,7037.0,8880.0,3699.0
2026-07-10 09:50:29,2026-07-10 09:35,7151.0,6851.0,4.38,1705000,7188.0,7037.0,8880.0,3699.0
2026-07-10 09:55:34,2026-07-10 09:40,7149.0,6851.0,4.35,1760800,7188.0,7037.0,8880.0,3699.0
2026-07-10 10:00:31,2026-07-10 09:45,7137.0,6851.0,4.17,1806200,7188.0,7037.0,8880.0,3699.0
2026-07-10 10:05:32,2026-07-10 09:50,7147.0,6851.0,4.32,1860000,7188.0,7037.0,8880.0,3699.0
2026-07-10 10:10:39,2026-07-10 09:55,7176.0,6851.0,4.74,1905900,7188.0,7037.0,8880.0,3699.0
2026-07-10 10:15:34,2026-07-10 10:00,7218.0,6851.0,5.36,2050200,7220.0,7037.0,8880.0,3699.0
2026-07-10 10:20:34,2026-07-10 10:05,7185.0,6851.0,4.88,2100800,7220.0,7037.0,8880.0,3699.0
2026-07-10 10:25:40,2026-07-10 10:10,7164.0,6851.0,4.57,2140600,7220.0,7037.0,8880.0,3699.0
2026-07-10 10:30:31,2026-07-10 10:15,7152.0,6851.0,4.39,2188200,7220.0,7037.0,8880.0,3699.0
2026-07-10 10:35:30,2026-07-10 10:20,7148.0,6851.0,4.34,2220900,7220.0,7037.0,8880.0,3699.0
2026-07-10 10:40:29,2026-07-10 10:25,7175.0,6851.0,4.73,2255400,7220.0,7037.0,8880.0,3699.0
2026-07-10 10:45:32,2026-07-10 10:30,7180.0,6851.0,4.8,2286400,7220.0,7037.0,8880.0,3699.0
2026-07-10 10:50:41,2026-07-10 10:35,7196.0,6851.0,5.04,2336800,7220.0,7037.0,8880.0,3699.0
2026-07-10 10:55:45,2026-07-10 10:40,7212.0,6851.0,5.27,2384500,7220.0,7037.0,8880.0,3699.0
2026-07-10 11:00:32,2026-07-10 10:45,7211.0,6851.0,5.25,2413200,7220.0,7037.0,8880.0,3699.0
2026-07-10 11:05:37,2026-07-10 10:50,7200.0,6851.0,5.09,2456700,7220.0,7037.0,8880.0,3699.0
2026-07-10 11:10:40,2026-07-10 10:55,7217.0,6851.0,5.34,2483500,7220.0,7037.0,8880.0,3699.0
2026-07-10 11:15:36,2026-07-10 11:00,7204.0,6851.0,5.15,2522200,7223.0,7037.0,8880.0,3699.0
2026-07-10 11:20:37,2026-07-10 11:05,7197.0,6851.0,5.05,2559700,7223.0,7037.0,8880.0,3699.0
2026-07-10 11:25:41,2026-07-10 11:10,7182.0,6851.0,4.83,2592900,7223.0,7037.0,8880.0,3699.0
2026-07-10 11:30:43,2026-07-10 11:15,7161.0,6851.0,4.52,2617800,7223.0,7037.0,8880.0,3699.0
2026-07-10 12:30:32,2026-07-10 11:30,7170.0,6851.0,4.66,2704900,7223.0,7037.0,8880.0,3699.0
2026-07-10 12:35:32,2026-07-10 11:30,7170.0,6851.0,4.66,2704900,7223.0,7037.0,8880.0,3699.0
2026-07-10 12:40:40,2026-07-10 11:30,7170.0,6851.0,4.66,2704900,7223.0,7037.0,8880.0,3699.0
2026-07-10 12:45:36,2026-07-10 12:30,7178.0,6851.0,4.77,2760900,7223.0,7037.0,8880.0,3699.0
2026-07-10 12:50:50,2026-07-10 12:35,7168.0,6851.0,4.63,2804600,7223.0,7037.0,8880.0,3699.0
2026-07-10 12:55:30,2026-07-10 12:40,7207.0,6851.0,5.2,2848700,7223.0,7037.0,8880.0,3699.0
2026-07-10 13:00:55,2026-07-10 12:45,7223.0,6851.0,5.43,2942600,7239.0,7037.0,8880.0,3699.0
2026-07-10 13:05:34,2026-07-10 12:50,7223.0,6851.0,5.43,2981400,7239.0,7037.0,8880.0,3699.0
2026-07-10 13:10:35,2026-07-10 12:55,7196.0,6851.0,5.04,3036400,7239.0,7037.0,8880.0,3699.0
2026-07-10 13:15:35,2026-07-10 13:00,7208.0,6851.0,5.21,3081000,7239.0,7037.0,8880.0,3699.0
2026-07-10 13:20:36,2026-07-10 13:05,7223.0,6851.0,5.43,3113300,7239.0,7037.0,8880.0,3699.0
2026-07-10 13:25:33,2026-07-10 13:10,7226.0,6851.0,5.47,3150700,7239.0,7037.0,8880.0,3699.0
2026-07-10 13:30:33,2026-07-10 13:15,7211.0,6851.0,5.25,3180000,7239.0,7037.0,8880.0,3699.0
2026-07-10 13:35:43,2026-07-10 13:20,7219.0,6851.0,5.37,3213300,7239.0,7037.0,8880.0,3699.0
2026-07-10 13:40:39,2026-07-10 13:25,7214.0,6851.0,5.3,3247100,7239.0,7037.0,8880.0,3699.0
2026-07-10 13:45:32,2026-07-10 13:30,7217.0,6851.0,5.34,3274700,7239.0,7037.0,8880.0,3699.0
2026-07-10 13:50:34,2026-07-10 13:35,7211.0,6851.0,5.25,3309700,7239.0,7037.0,8880.0,3699.0
2026-07-10 13:55:35,2026-07-10 13:40,7211.0,6851.0,5.25,3334300,7239.0,7037.0,8880.0,3699.0
2026-07-10 14:00:46,2026-07-10 13:45,7211.0,6851.0,5.25,3357900,7239.0,7037.0,8880.0,3699.0
2026-07-10 14:05:39,2026-07-10 13:50,7197.0,6851.0,5.05,3384000,7239.0,7037.0,8880.0,3699.0
2026-07-10 14:10:40,2026-07-10 13:55,7199.0,6851.0,5.08,3424600,7239.0,7037.0,8880.0,3699.0
2026-07-10 14:15:29,2026-07-10 14:00,7187.0,6851.0,4.9,3466200,7239.0,7037.0,8880.0,3699.0
2026-07-10 14:20:36,2026-07-10 14:05,7177.0,6851.0,4.76,3498000,7239.0,7037.0,8880.0,3699.0
2026-07-10 14:25:33,2026-07-10 14:10,7170.0,6851.0,4.66,3538500,7239.0,7037.0,8880.0,3699.0
2026-07-10 14:30:36,2026-07-10 14:15,7188.0,6851.0,4.92,3564400,7239.0,7037.0,8880.0,3699.0
2026-07-10 14:35:33,2026-07-10 14:20,7191.0,6851.0,4.96,3596400,7239.0,7037.0,8880.0,3699.0
2026-07-10 14:40:35,2026-07-10 14:25,7190.0,6851.0,4.95,3631200,7239.0,7037.0,8880.0,3699.0
2026-07-10 14:45:49,2026-07-10 14:30,7207.0,6851.0,5.2,3691800,7239.0,7037.0,8880.0,3699.0
2026-07-10 14:50:37,2026-07-10 14:35,7214.0,6851.0,5.3,3727700,7239.0,7037.0,8880.0,3699.0
2026-07-10 14:55:34,2026-07-10 14:40,7189.0,6851.0,4.93,3767500,7239.0,7037.0,8880.0,3699.0
2026-07-10 15:00:37,2026-07-10 14:45,7195.0,6851.0,5.02,3824200,7239.0,7037.0,8880.0,3699.0
2026-07-10 15:05:37,2026-07-10 14:50,7198.0,6851.0,5.06,3873100,7239.0,7037.0,8880.0,3699.0
2026-07-10 15:10:41,2026-07-10 14:55,7189.0,6851.0,4.93,3925800,7239.0,7037.0,8880.0,3699.0
2026-07-10 15:15:32,2026-07-10 15:00,7181.0,6851.0,4.82,4023400,7239.0,7037.0,8880.0,3699.0
2026-07-10 15:20:41,2026-07-10 15:05,7181.0,6851.0,4.82,4072700,7239.0,7037.0,8880.0,3699.0
2026-07-10 15:25:35,2026-07-10 15:10,7165.0,6851.0,4.58,4124900,7239.0,7037.0,8880.0,3699.0
2026-07-10 15:30:56,2026-07-10 15:15,7171.0,6851.0,4.67,4208500,7239.0,7037.0,8880.0,3699.0
2026-07-10 15:40:38,2026-07-10 15:24,7175.0,6851.0,4.73,4474100,7239.0,7037.0,8880.0,3699.0
2026-07-13 09:00:31,2026-07-10 15:30,7156.0,6851.0,4.45,6055500,7239.0,7037.0,8880.0,3699.0
2026-07-13 09:05:34,2026-07-10 15:30,7156.0,6851.0,4.45,6055500,7239.0,7037.0,8880.0,3699.0
2026-07-13 09:10:38,2026-07-10 15:30,7156.0,6851.0,4.45,6055500,7239.0,7037.0,8880.0,3699.0
2026-07-13 09:15:33,2026-07-13 09:00,7073.0,6851.0,3.24,6343200,7110.0,7030.0,8880.0,3699.0
2026-07-13 09:20:36,2026-07-13 09:05,7160.0,7156.0,0.06,534100,7172.0,7030.0,8880.0,3699.0
2026-07-13 09:25:41,2026-07-13 09:10,7162.0,7156.0,0.08,666700,7174.0,7030.0,8880.0,3699.0
2026-07-13 09:30:46,2026-07-13 09:15,7198.0,7156.0,0.59,748400,7203.0,7030.0,8880.0,3699.0
2026-07-13 09:36:52,2026-07-13 09:21,7172.0,7156.0,0.22,908600,7205.0,7030.0,8880.0,3699.0
2026-07-13 09:40:59,2026-07-13 09:25,7141.0,7156.0,-0.21,1012700,7205.0,7030.0,8880.0,3699.0
2026-07-13 09:47:20,2026-07-13 09:32,7103.0,7156.0,-0.74,1190100,7205.0,7030.0,8880.0,3699.0
2026-07-13 09:52:10,2026-07-13 09:37,7132.0,7156.0,-0.34,1305100,7205.0,7030.0,8880.0,3699.0
2026-07-13 09:58:08,2026-07-13 09:43,7117.0,7156.0,-0.54,1435200,7205.0,7030.0,8880.0,3699.0
2026-07-13 10:03:55,2026-07-13 09:48,7136.0,7156.0,-0.28,1494200,7205.0,7030.0,8880.0,3699.0
2026-07-13 10:06:38,2026-07-13 09:51,7125.0,7156.0,-0.43,1516600,7205.0,7030.0,8880.0,3699.0
2026-07-13 10:12:20,2026-07-13 09:57,7071.0,7156.0,-1.19,1584900,7205.0,7030.0,8880.0,3699.0
2026-07-13 10:15:43,2026-07-13 10:00,7068.0,7156.0,-1.23,1629900,7205.0,7030.0,8880.0,3699.0
2026-07-13 10:20:35,2026-07-13 10:05,7057.0,7156.0,-1.38,1692500,7205.0,7030.0,8880.0,3699.0
2026-07-13 10:25:44,2026-07-13 10:10,7026.0,7156.0,-1.82,1776100,7205.0,7013.0,8880.0,3699.0
2026-07-13 10:30:37,2026-07-13 10:15,7045.0,7156.0,-1.55,1843000,7205.0,7013.0,8880.0,3699.0
2026-07-13 10:35:34,2026-07-13 10:20,7012.0,7156.0,-2.01,2019900,7205.0,6989.0,8880.0,3699.0
2026-07-13 10:40:36,2026-07-13 10:25,6997.0,7156.0,-2.22,2103500,7205.0,6989.0,8880.0,3699.0
2026-07-13 10:47:41,2026-07-13 10:32,6995.0,7156.0,-2.25,2167500,7205.0,6986.0,8880.0,3699.0
2026-07-13 10:50:44,2026-07-13 10:35,6973.0,7156.0,-2.56,2217300,7205.0,6970.0,8880.0,3699.0
2026-07-13 10:55:32,2026-07-13 10:40,6970.0,7156.0,-2.6,2273000,7205.0,6967.0,8880.0,3699.0
2026-07-13 11:00:30,2026-07-13 10:45,6920.0,7156.0,-3.3,2360600,7205.0,6916.0,8880.0,3699.0
2026-07-13 11:05:35,2026-07-13 10:50,6897.0,7156.0,-3.62,2434900,7205.0,6887.0,8880.0,3699.0
2026-07-13 11:10:34,2026-07-13 10:55,6889.0,7156.0,-3.73,2506600,7205.0,6862.0,8880.0,3699.0
2026-07-13 11:15:32,2026-07-13 11:00,6878.0,7156.0,-3.88,2543200,7205.0,6862.0,8880.0,3699.0
2026-07-13 11:20:32,2026-07-13 11:05,6890.0,7156.0,-3.72,2585700,7205.0,6861.0,8880.0,3699.0
2026-07-13 11:25:41,2026-07-13 11:10,6925.0,7156.0,-3.23,2628100,7205.0,6861.0,8880.0,3699.0
2026-07-13 11:30:33,2026-07-13 11:15,6918.0,7156.0,-3.33,2677100,7205.0,6861.0,8880.0,3699.0
2026-07-13 12:30:37,2026-07-13 11:30,6948.0,7156.0,-2.91,2791200,7205.0,6861.0,8880.0,3699.0
2026-07-13 12:35:31,2026-07-13 11:30,6948.0,7156.0,-2.91,2791200,7205.0,6861.0,8880.0,3699.0
2026-07-13 12:40:30,2026-07-13 11:30,6948.0,7156.0,-2.91,2791200,7205.0,6861.0,8880.0,3699.0
2026-07-13 12:45:31,2026-07-13 12:30,6903.0,7156.0,-3.54,2864700,7205.0,6861.0,8880.0,3699.0
2026-07-13 12:50:34,2026-07-13 12:35,6899.0,7156.0,-3.59,2916400,7205.0,6861.0,8880.0,3699.0
2026-07-13 12:56:14,2026-07-13 12:41,6928.0,7156.0,-3.19,2993000,7205.0,6861.0,8880.0,3699.0
2026-07-13 13:00:30,2026-07-13 12:45,6913.0,7156.0,-3.4,3031600,7205.0,6861.0,8880.0,3699.0
2026-07-13 13:05:37,2026-07-13 12:50,6923.0,7156.0,-3.26,3059000,7205.0,6861.0,8880.0,3699.0
2026-07-13 13:10:32,2026-07-13 12:55,6898.0,7156.0,-3.61,3096300,7205.0,6861.0,8880.0,3699.0
2026-07-13 13:15:33,2026-07-13 13:00,6885.0,7156.0,-3.79,3121000,7205.0,6861.0,8880.0,3699.0
2026-07-13 13:22:36,2026-07-13 13:07,6873.0,7156.0,-3.95,3172700,7205.0,6861.0,8880.0,3699.0
2026-07-13 13:25:32,2026-07-13 13:10,6882.0,7156.0,-3.83,3192100,7205.0,6861.0,8880.0,3699.0
2026-07-13 13:32:40,2026-07-13 13:17,6885.0,7156.0,-3.79,3225800,7205.0,6861.0,8880.0,3699.0
2026-07-13 13:35:42,2026-07-13 13:20,6894.0,7156.0,-3.66,3247700,7205.0,6861.0,8880.0,3699.0
2026-07-13 13:40:32,2026-07-13 13:25,6890.0,7156.0,-3.72,3281400,7205.0,6861.0,8880.0,3699.0
2026-07-13 13:45:41,2026-07-13 13:30,6910.0,7156.0,-3.44,3306200,7205.0,6861.0,8880.0,3699.0
2026-07-13 13:50:33,2026-07-13 13:35,6904.0,7156.0,-3.52,3327700,7205.0,6861.0,8880.0,3699.0
2026-07-13 13:55:42,2026-07-13 13:40,6890.0,7156.0,-3.72,3356700,7205.0,6861.0,8880.0,3699.0
2026-07-13 14:00:29,2026-07-13 13:45,6900.0,7156.0,-3.58,3373600,7205.0,6861.0,8880.0,3699.0
2026-07-13 14:05:29,2026-07-13 13:50,6895.0,7156.0,-3.65,3387300,7205.0,6861.0,8880.0,3699.0
2026-07-13 14:10:29,2026-07-13 13:55,6904.0,7156.0,-3.52,3405700,7205.0,6861.0,8880.0,3699.0
2026-07-13 14:15:43,2026-07-13 14:00,6902.0,7156.0,-3.55,3439300,7205.0,6861.0,8880.0,3699.0
2026-07-13 14:20:32,2026-07-13 14:05,6909.0,7156.0,-3.45,3464400,7205.0,6861.0,8880.0,3699.0
2026-07-13 14:25:40,2026-07-13 14:10,6929.0,7156.0,-3.17,3495200,7205.0,6861.0,8880.0,3699.0
2026-07-13 14:30:35,2026-07-13 14:15,6921.0,7156.0,-3.28,3526200,7205.0,6861.0,8880.0,3699.0
2026-07-13 14:35:35,2026-07-13 14:20,6908.0,7156.0,-3.47,3571500,7205.0,6861.0,8880.0,3699.0
2026-07-13 14:40:33,2026-07-13 14:25,6888.0,7156.0,-3.75,3610000,7205.0,6861.0,8880.0,3699.0
2026-07-13 14:45:34,2026-07-13 14:30,6859.0,7156.0,-4.15,3668500,7205.0,6859.0,8880.0,3699.0
2026-07-13 14:50:33,2026-07-13 14:35,6912.0,7156.0,-3.41,3708800,7205.0,6856.0,8880.0,3699.0
2026-07-13 14:55:29,2026-07-13 14:40,6933.0,7156.0,-3.12,3749200,7205.0,6856.0,8880.0,3699.0
2026-07-13 15:00:31,2026-07-13 14:45,6937.0,7156.0,-3.06,3791700,7205.0,6856.0,8880.0,3699.0
2026-07-13 15:05:43,2026-07-13 14:50,6940.0,7156.0,-3.02,3848300,7205.0,6856.0,8880.0,3699.0
2026-07-13 15:10:30,2026-07-13 14:55,6943.0,7156.0,-2.98,3879200,7205.0,6856.0,8880.0,3699.0
2026-07-13 15:15:39,2026-07-13 15:00,6946.0,7156.0,-2.93,3932100,7205.0,6856.0,8880.0,3699.0
2026-07-13 15:20:39,2026-07-13 15:05,6932.0,7156.0,-3.13,4008800,7205.0,6856.0,8880.0,3699.0
2026-07-13 15:25:37,2026-07-13 15:10,6932.0,7156.0,-3.13,4034300,7205.0,6856.0,8880.0,3699.0
2026-07-13 15:30:30,2026-07-13 15:15,6929.0,7156.0,-3.17,4084200,7205.0,6856.0,8880.0,3699.0
2026-07-13 15:40:30,2026-07-13 15:24,6941.0,7156.0,-3.0,4210400,7205.0,6856.0,8880.0,3699.0
2026-07-14 09:00:31,2026-07-13 15:30,6957.0,7156.0,-2.78,5036400,7205.0,6856.0,8880.0,3699.0
2026-07-14 09:05:34,2026-07-13 15:30,6957.0,7156.0,-2.78,5036400,7205.0,6856.0,8880.0,3699.0
2026-07-14 09:10:57,2026-07-13 15:30,6957.0,7156.0,-2.78,5036400,7205.0,6856.0,8880.0,3699.0
2026-07-14 09:15:31,2026-07-14 09:00,6957.0,7156.0,-2.78,5256000,6898.0,6834.0,8880.0,3699.0
2026-07-14 09:20:33,2026-07-14 09:05,6775.0,6957.0,-2.62,480900,6898.0,6731.0,8880.0,3699.0
2026-07-14 09:25:37,2026-07-14 09:10,6806.0,6957.0,-2.17,647900,6898.0,6729.0,8880.0,3699.0
2026-07-14 09:30:30,2026-07-14 09:15,6788.0,6957.0,-2.43,759600,6898.0,6729.0,8880.0,3699.0
2026-07-14 09:35:33,2026-07-14 09:20,6679.0,6957.0,-4.0,947600,6898.0,6679.0,8880.0,3699.0
2026-07-14 09:40:36,2026-07-14 09:25,6730.0,6957.0,-3.26,1041400,6898.0,6674.0,8880.0,3699.0
2026-07-14 09:45:38,2026-07-14 09:30,6711.0,6957.0,-3.54,1116200,6898.0,6674.0,8880.0,3699.0
2026-07-14 09:50:31,2026-07-14 09:35,6742.0,6957.0,-3.09,1194200,6898.0,6674.0,8880.0,3699.0
2026-07-14 09:55:34,2026-07-14 09:40,6737.0,6957.0,-3.16,1261600,6898.0,6674.0,8880.0,3699.0
2026-07-14 10:00:31,2026-07-14 09:45,6720.0,6957.0,-3.41,1370900,6898.0,6674.0,8880.0,3699.0
2026-07-14 10:05:31,2026-07-14 09:50,6751.0,6957.0,-2.96,1433300,6898.0,6674.0,8880.0,3699.0
2026-07-14 10:10:30,2026-07-14 09:55,6772.0,6957.0,-2.66,1501000,6898.0,6674.0,8880.0,3699.0
2026-07-14 10:15:40,2026-07-14 10:00,6793.0,6957.0,-2.36,1621900,6898.0,6674.0,8880.0,3699.0
2026-07-14 10:20:31,2026-07-14 10:05,6782.0,6957.0,-2.52,1686300,6898.0,6674.0,8880.0,3699.0
2026-07-14 10:25:31,2026-07-14 10:10,6778.0,6957.0,-2.57,1748600,6898.0,6674.0,8880.0,3699.0
2026-07-14 10:30:37,2026-07-14 10:15,6747.0,6957.0,-3.02,1806900,6898.0,6674.0,8880.0,3699.0
2026-07-14 10:35:42,2026-07-14 10:20,6769.0,6957.0,-2.7,1849500,6898.0,6674.0,8880.0,3699.0
2026-07-14 10:40:41,2026-07-14 10:25,6787.0,6957.0,-2.44,1924000,6898.0,6674.0,8880.0,3699.0
2026-07-14 10:45:34,2026-07-14 10:30,6795.0,6957.0,-2.33,2025400,6898.0,6674.0,8880.0,3699.0
2026-07-14 10:50:34,2026-07-14 10:35,6757.0,6957.0,-2.87,2075000,6898.0,6674.0,8880.0,3699.0
2026-07-14 10:55:35,2026-07-14 10:40,6757.0,6957.0,-2.87,2125700,6898.0,6674.0,8880.0,3699.0
2026-07-14 11:00:30,2026-07-14 10:45,6760.0,6957.0,-2.83,2189600,6898.0,6674.0,8880.0,3699.0
2026-07-14 11:05:38,2026-07-14 10:50,6769.0,6957.0,-2.7,2225200,6898.0,6674.0,8880.0,3699.0
2026-07-14 11:10:45,2026-07-14 10:55,6744.0,6957.0,-3.06,2263100,6898.0,6674.0,8880.0,3699.0
2026-07-14 11:15:38,2026-07-14 11:00,6728.0,6957.0,-3.29,2300200,6898.0,6674.0,8880.0,3699.0
2026-07-14 11:20:57,2026-07-14 11:05,6758.0,6957.0,-2.86,2338400,6898.0,6674.0,8880.0,3699.0
2026-07-14 11:25:30,2026-07-14 11:10,6736.0,6957.0,-3.18,2374500,6898.0,6674.0,8880.0,3699.0
2026-07-14 11:30:55,2026-07-14 11:15,6719.0,6957.0,-3.42,2428400,6898.0,6674.0,8880.0,3699.0
2026-07-14 12:30:43,2026-07-14 11:30,6730.0,6957.0,-3.26,2526700,6898.0,6674.0,8880.0,3699.0
2026-07-14 12:35:35,2026-07-14 11:30,6730.0,6957.0,-3.26,2526700,6898.0,6674.0,8880.0,3699.0
2026-07-14 12:40:31,2026-07-14 11:30,6730.0,6957.0,-3.26,2526700,6898.0,6674.0,8880.0,3699.0
2026-07-14 12:45:36,2026-07-14 12:30,6764.0,6957.0,-2.77,2577500,6898.0,6674.0,8880.0,3699.0
2026-07-14 12:50:31,2026-07-14 12:35,6745.0,6957.0,-3.05,2664100,6898.0,6674.0,8880.0,3699.0
2026-07-14 12:55:40,2026-07-14 12:40,6757.0,6957.0,-2.87,2730900,6898.0,6674.0,8880.0,3699.0
2026-07-14 13:00:53,2026-07-14 12:45,6743.0,6957.0,-3.08,2783000,6898.0,6674.0,8880.0,3699.0
2026-07-14 13:05:39,2026-07-14 12:50,6752.0,6957.0,-2.95,2831600,6898.0,6674.0,8880.0,3699.0
2026-07-14 13:10:38,2026-07-14 12:55,6763.0,6957.0,-2.79,2866400,6898.0,6674.0,8880.0,3699.0
2026-07-14 13:15:36,2026-07-14 13:00,6765.0,6957.0,-2.76,2898300,6898.0,6674.0,8880.0,3699.0
2026-07-14 13:20:38,2026-07-14 13:05,6746.0,6957.0,-3.03,2929800,6898.0,6674.0,8880.0,3699.0
2026-07-14 13:25:30,2026-07-14 13:10,6711.0,6957.0,-3.54,2968300,6898.0,6674.0,8880.0,3699.0
2026-07-14 13:30:35,2026-07-14 13:15,6703.0,6957.0,-3.65,3015700,6898.0,6674.0,8880.0,3699.0
2026-07-14 13:35:30,2026-07-14 13:20,6708.0,6957.0,-3.58,3080700,6898.0,6674.0,8880.0,3699.0
2026-07-14 13:40:49,2026-07-14 13:25,6706.0,6957.0,-3.61,3107300,6898.0,6674.0,8880.0,3699.0
2026-07-14 13:45:30,2026-07-14 13:30,6718.0,6957.0,-3.44,3134500,6898.0,6674.0,8880.0,3699.0
2026-07-14 13:50:35,2026-07-14 13:35,6748.0,6957.0,-3.0,3167400,6898.0,6674.0,8880.0,3699.0
2026-07-14 13:55:32,2026-07-14 13:40,6764.0,6957.0,-2.77,3201000,6898.0,6674.0,8880.0,3699.0
2026-07-14 14:00:36,2026-07-14 13:45,6762.0,6957.0,-2.8,3244700,6898.0,6674.0,8880.0,3699.0
2026-07-14 14:05:31,2026-07-14 13:50,6792.0,6957.0,-2.37,3296300,6898.0,6674.0,8880.0,3699.0
2026-07-14 14:10:33,2026-07-14 13:55,6796.0,6957.0,-2.31,3336300,6898.0,6674.0,8880.0,3699.0
2026-07-14 14:15:31,2026-07-14 14:00,6768.0,6957.0,-2.72,3438100,6898.0,6674.0,8880.0,3699.0
2026-07-14 14:20:34,2026-07-14 14:05,6778.0,6957.0,-2.57,3515500,6898.0,6674.0,8880.0,3699.0
2026-07-14 14:25:37,2026-07-14 14:10,6789.0,6957.0,-2.41,3542600,6898.0,6674.0,8880.0,3699.0
2026-07-14 14:30:29,2026-07-14 14:15,6802.0,6957.0,-2.23,3579400,6898.0,6674.0,8880.0,3699.0
2026-07-14 14:35:39,2026-07-14 14:20,6800.0,6957.0,-2.26,3636700,6898.0,6674.0,8880.0,3699.0
2026-07-14 14:40:35,2026-07-14 14:25,6811.0,6957.0,-2.1,3687300,6898.0,6674.0,8880.0,3699.0
2026-07-14 14:45:33,2026-07-14 14:30,6818.0,6957.0,-2.0,3736400,6898.0,6674.0,8880.0,3699.0
2026-07-14 14:50:31,2026-07-14 14:35,6806.0,6957.0,-2.17,3773900,6898.0,6674.0,8880.0,3699.0
2026-07-14 14:55:38,2026-07-14 14:40,6792.0,6957.0,-2.37,3808500,6898.0,6674.0,8880.0,3699.0
2026-07-14 15:00:38,2026-07-14 14:45,6809.0,6957.0,-2.13,3847800,6898.0,6674.0,8880.0,3699.0
2026-07-14 15:05:47,2026-07-14 14:50,6807.0,6957.0,-2.16,3871000,6898.0,6674.0,8880.0,3699.0
2026-07-14 15:10:31,2026-07-14 14:55,6808.0,6957.0,-2.14,3904000,6898.0,6674.0,8880.0,3699.0
2026-07-14 15:15:41,2026-07-14 15:00,6811.0,6957.0,-2.1,3943100,6898.0,6674.0,8880.0,3699.0
2026-07-14 15:20:38,2026-07-14 15:05,6807.0,6957.0,-2.16,3977000,6898.0,6674.0,8880.0,3699.0
2026-07-14 15:25:29,2026-07-14 15:10,6816.0,6957.0,-2.03,4014700,6898.0,6674.0,8880.0,3699.0
2026-07-14 15:30:37,2026-07-14 15:15,6812.0,6957.0,-2.08,4059200,6898.0,6674.0,8880.0,3699.0
2026-07-14 15:40:53,2026-07-14 15:25,6829.0,6957.0,-1.84,4189200,6898.0,6674.0,8880.0,3699.0
2026-07-15 09:05:29,2026-07-14 15:30,6839.0,6957.0,-1.7,5016300,6898.0,6674.0,8880.0,3699.0
2026-07-15 09:10:30,2026-07-14 15:30,6839.0,6957.0,-1.7,5016300,6898.0,6674.0,8880.0,3699.0
2026-07-15 09:15:43,2026-07-15 09:00,6839.0,6957.0,-1.7,5262200,6943.0,6880.0,8880.0,3699.0
2026-07-15 09:20:28,2026-07-15 09:05,6876.0,6839.0,0.54,360200,6943.0,6865.0,8880.0,3699.0
2026-07-15 09:25:35,2026-07-15 09:10,6844.0,6839.0,0.07,498700,6943.0,6819.0,8880.0,3699.0
2026-07-15 09:30:37,2026-07-15 09:15,6857.0,6839.0,0.26,579000,6943.0,6819.0,8880.0,3699.0
2026-07-15 09:35:29,2026-07-15 09:20,6853.0,6839.0,0.2,649800,6943.0,6819.0,8880.0,3699.0
2026-07-15 09:40:35,2026-07-15 09:25,6838.0,6839.0,-0.01,699100,6943.0,6819.0,8880.0,3699.0
2026-07-15 09:45:31,2026-07-15 09:30,6864.0,6839.0,0.37,759000,6943.0,6819.0,8880.0,3699.0
2026-07-15 09:50:35,2026-07-15 09:35,6831.0,6839.0,-0.12,808500,6943.0,6819.0,8880.0,3699.0
2026-07-15 09:55:30,2026-07-15 09:40,6817.0,6839.0,-0.32,909300,6943.0,6797.0,8880.0,3699.0
2026-07-15 10:00:39,2026-07-15 09:45,6816.0,6839.0,-0.34,960900,6943.0,6792.0,8880.0,3699.0
2026-07-15 10:05:41,2026-07-15 09:50,6832.0,6839.0,-0.1,995200,6943.0,6792.0,8880.0,3699.0
2026-07-15 10:10:34,2026-07-15 09:55,6845.0,6839.0,0.09,1041300,6943.0,6792.0,8880.0,3699.0
2026-07-15 10:15:30,2026-07-15 10:00,6820.0,6839.0,-0.28,1072400,6943.0,6792.0,8880.0,3699.0
2026-07-15 10:20:29,2026-07-15 10:05,6831.0,6839.0,-0.12,1106600,6943.0,6792.0,8880.0,3699.0
2026-07-15 10:25:30,2026-07-15 10:10,6818.0,6839.0,-0.31,1135900,6943.0,6792.0,8880.0,3699.0
2026-07-15 10:30:37,2026-07-15 10:15,6837.0,6839.0,-0.03,1167600,6943.0,6792.0,8880.0,3699.0
2026-07-15 10:35:29,2026-07-15 10:20,6815.0,6839.0,-0.35,1192200,6943.0,6792.0,8880.0,3699.0
2026-07-15 10:40:31,2026-07-15 10:25,6822.0,6839.0,-0.25,1227200,6943.0,6792.0,8880.0,3699.0
2026-07-15 10:45:37,2026-07-15 10:30,6835.0,6839.0,-0.06,1259200,6943.0,6792.0,8880.0,3699.0
2026-07-15 10:50:46,2026-07-15 10:35,6826.0,6839.0,-0.19,1282300,6943.0,6792.0,8880.0,3699.0
2026-07-15 10:55:28,2026-07-15 10:40,6841.0,6839.0,0.03,1319400,6943.0,6792.0,8880.0,3699.0
2026-07-15 11:00:33,2026-07-15 10:45,6833.0,6839.0,-0.09,1347300,6943.0,6792.0,8880.0,3699.0
2026-07-15 11:05:43,2026-07-15 10:50,6856.0,6839.0,0.25,1377400,6943.0,6792.0,8880.0,3699.0
2026-07-15 11:10:38,2026-07-15 10:55,6867.0,6839.0,0.41,1411200,6943.0,6792.0,8880.0,3699.0
2026-07-15 11:15:31,2026-07-15 11:00,6881.0,6839.0,0.61,1478800,6943.0,6792.0,8880.0,3699.0
2026-07-15 11:20:36,2026-07-15 11:05,6875.0,6839.0,0.53,1507600,6943.0,6792.0,8880.0,3699.0
2026-07-15 11:25:36,2026-07-15 11:10,6884.0,6839.0,0.66,1538000,6943.0,6792.0,8880.0,3699.0
2026-07-15 11:30:30,2026-07-15 11:15,6887.0,6839.0,0.7,1562800,6943.0,6792.0,8880.0,3699.0
2026-07-15 12:30:32,2026-07-15 11:30,6901.0,6839.0,0.91,1647900,6943.0,6792.0,8880.0,3699.0
2026-07-15 12:35:38,2026-07-15 11:30,6901.0,6839.0,0.91,1647900,6943.0,6792.0,8880.0,3699.0
2026-07-15 12:40:34,2026-07-15 11:30,6901.0,6839.0,0.91,1647900,6943.0,6792.0,8880.0,3699.0
2026-07-15 12:45:35,2026-07-15 12:30,6928.0,6839.0,1.3,1704500,6943.0,6792.0,8880.0,3699.0
2026-07-15 12:50:35,2026-07-15 12:35,6941.0,6839.0,1.49,1749500,6948.0,6792.0,8880.0,3699.0
2026-07-15 12:55:31,2026-07-15 12:40,6933.0,6839.0,1.37,1775500,6948.0,6792.0,8880.0,3699.0
2026-07-15 13:00:36,2026-07-15 12:45,6922.0,6839.0,1.21,1802900,6948.0,6792.0,8880.0,3699.0
2026-07-15 13:05:31,2026-07-15 12:50,6930.0,6839.0,1.33,1827000,6948.0,6792.0,8880.0,3699.0
2026-07-15 13:10:33,2026-07-15 12:55,6940.0,6839.0,1.48,1854000,6948.0,6792.0,8880.0,3699.0
2026-07-15 13:15:35,2026-07-15 13:00,6968.0,6839.0,1.89,1902900,6970.0,6792.0,8880.0,3699.0
2026-07-15 13:20:39,2026-07-15 13:05,6966.0,6839.0,1.86,1937400,6971.0,6792.0,8880.0,3699.0
2026-07-15 13:25:38,2026-07-15 13:10,6957.0,6839.0,1.73,1965300,6971.0,6792.0,8880.0,3699.0
2026-07-15 13:30:28,2026-07-15 13:15,6959.0,6839.0,1.75,1993400,6971.0,6792.0,8880.0,3699.0
2026-07-15 13:35:34,2026-07-15 13:20,6968.0,6839.0,1.89,2021200,6972.0,6792.0,8880.0,3699.0
2026-07-15 13:40:40,2026-07-15 13:25,6979.0,6839.0,2.05,2048900,6980.0,6792.0,8880.0,3699.0
2026-07-15 13:45:32,2026-07-15 13:30,6967.0,6839.0,1.87,2073900,6980.0,6792.0,8880.0,3699.0
2026-07-15 13:50:32,2026-07-15 13:35,6957.0,6839.0,1.73,2098200,6980.0,6792.0,8880.0,3699.0
2026-07-15 13:55:36,2026-07-15 13:40,6973.0,6839.0,1.96,2127800,6980.0,6792.0,8880.0,3699.0
2026-07-15 14:00:34,2026-07-15 13:45,6976.0,6839.0,2.0,2148400,6980.0,6792.0,8880.0,3699.0
2026-07-15 14:05:40,2026-07-15 13:50,6978.0,6839.0,2.03,2178100,6985.0,6792.0,8880.0,3699.0
2026-07-15 14:10:35,2026-07-15 13:55,6977.0,6839.0,2.02,2199100,6985.0,6792.0,8880.0,3699.0
2026-07-15 14:15:29,2026-07-15 14:00,6993.0,6839.0,2.25,2236700,6995.0,6792.0,8880.0,3699.0
2026-07-15 14:20:38,2026-07-15 14:05,6974.0,6839.0,1.97,2304100,6996.0,6792.0,8880.0,3699.0
2026-07-15 14:25:33,2026-07-15 14:10,6979.0,6839.0,2.05,2342200,6996.0,6792.0,8880.0,3699.0
2026-07-15 14:30:30,2026-07-15 14:15,6965.0,6839.0,1.84,2372100,6996.0,6792.0,8880.0,3699.0
2026-07-15 14:35:31,2026-07-15 14:20,6978.0,6839.0,2.03,2405500,6996.0,6792.0,8880.0,3699.0
2026-07-15 14:40:40,2026-07-15 14:25,6973.0,6839.0,1.96,2427400,6996.0,6792.0,8880.0,3699.0
2026-07-15 14:45:52,2026-07-15 14:30,6963.0,6839.0,1.81,2462400,6996.0,6792.0,8880.0,3699.0
2026-07-15 14:50:30,2026-07-15 14:35,6967.0,6839.0,1.87,2492900,6996.0,6792.0,8880.0,3699.0
2026-07-15 14:55:30,2026-07-15 14:40,6988.0,6839.0,2.18,2524900,6996.0,6792.0,8880.0,3699.0
2026-07-15 15:00:40,2026-07-15 14:45,6994.0,6839.0,2.27,2547500,6996.0,6792.0,8880.0,3699.0
2026-07-15 15:05:32,2026-07-15 14:50,7002.0,6839.0,2.38,2607600,7008.0,6792.0,8880.0,3699.0
2026-07-15 15:10:29,2026-07-15 14:55,7021.0,6839.0,2.66,2652900,7024.0,6792.0,8880.0,3699.0
2026-07-15 15:15:31,2026-07-15 15:00,7028.0,6839.0,2.76,2692700,7029.0,6792.0,8880.0,3699.0
2026-07-15 15:20:38,2026-07-15 15:05,7001.0,6839.0,2.37,2745500,7030.0,6792.0,8880.0,3699.0
2026-07-15 15:25:30,2026-07-15 15:10,7004.0,6839.0,2.41,2778700,7030.0,6792.0,8880.0,3699.0
2026-07-15 15:30:36,2026-07-15 15:15,6997.0,6839.0,2.31,2820500,7030.0,6792.0,8880.0,3699.0
2026-07-15 15:41:16,2026-07-15 15:24,7010.0,6839.0,2.5,2918300,7030.0,6792.0,8880.0,3699.0
2026-07-16 09:05:31,2026-07-15 15:30,7008.0,6839.0,2.47,3773900,7030.0,6792.0,8880.0,3709.0
2026-07-16 09:10:33,2026-07-15 15:30,7008.0,6839.0,2.47,3773900,7030.0,6792.0,8880.0,3709.0
2026-07-16 09:15:38,2026-07-16 09:00,7008.0,6839.0,2.47,3985200,6970.0,6885.0,8880.0,3709.0
2026-07-16 09:20:34,2026-07-16 09:05,7016.0,7008.0,0.11,457400,7049.0,6885.0,8880.0,3709.0
2026-07-16 09:25:31,2026-07-16 09:10,6999.0,7008.0,-0.13,623900,7049.0,6885.0,8880.0,3709.0
2026-07-16 09:30:31,2026-07-16 09:15,7045.0,7008.0,0.53,774800,7049.0,6885.0,8880.0,3709.0
2026-07-16 09:35:28,2026-07-16 09:20,6941.0,7008.0,-0.96,968600,7054.0,6885.0,8880.0,3709.0
2026-07-16 09:40:30,2026-07-16 09:25,6969.0,7008.0,-0.56,1055500,7054.0,6885.0,8880.0,3709.0
2026-07-16 09:45:34,2026-07-16 09:30,6954.0,7008.0,-0.77,1107300,7054.0,6885.0,8880.0,3709.0
2026-07-16 09:50:40,2026-07-16 09:35,7001.0,7008.0,-0.1,1186300,7054.0,6885.0,8880.0,3709.0
2026-07-16 09:55:31,2026-07-16 09:40,6984.0,7008.0,-0.34,1262900,7054.0,6885.0,8880.0,3709.0
2026-07-16 10:00:30,2026-07-16 09:45,6906.0,7008.0,-1.46,1353000,7054.0,6885.0,8880.0,3709.0
2026-07-16 10:05:41,2026-07-16 09:50,6935.0,7008.0,-1.04,1423800,7054.0,6885.0,8880.0,3709.0
2026-07-16 10:10:40,2026-07-16 09:55,6940.0,7008.0,-0.97,1481600,7054.0,6885.0,8880.0,3709.0
2026-07-16 10:15:36,2026-07-16 10:00,6952.0,7008.0,-0.8,1528500,7054.0,6885.0,8880.0,3709.0
2026-07-16 10:20:30,2026-07-16 10:05,6935.0,7008.0,-1.04,1569700,7054.0,6885.0,8880.0,3709.0
2026-07-16 10:25:42,2026-07-16 10:10,6905.0,7008.0,-1.47,1635300,7054.0,6885.0,8880.0,3709.0
2026-07-16 10:30:34,2026-07-16 10:15,6901.0,7008.0,-1.53,1721100,7054.0,6885.0,8880.0,3709.0
2026-07-16 10:35:31,2026-07-16 10:20,6916.0,7008.0,-1.31,1766700,7054.0,6885.0,8880.0,3709.0
2026-07-16 10:40:32,2026-07-16 10:25,6904.0,7008.0,-1.48,1797700,7054.0,6885.0,8880.0,3709.0
2026-07-16 10:45:30,2026-07-16 10:30,6910.0,7008.0,-1.4,1836800,7054.0,6885.0,8880.0,3709.0
2026-07-16 10:50:32,2026-07-16 10:35,6911.0,7008.0,-1.38,1908500,7054.0,6885.0,8880.0,3709.0
2026-07-16 10:55:36,2026-07-16 10:40,6921.0,7008.0,-1.24,1948300,7054.0,6885.0,8880.0,3709.0
2026-07-16 11:00:33,2026-07-16 10:45,6910.0,7008.0,-1.4,1983900,7054.0,6885.0,8880.0,3709.0
2026-07-16 11:05:34,2026-07-16 10:50,6958.0,7008.0,-0.71,2023400,7054.0,6885.0,8880.0,3709.0
2026-07-16 11:10:32,2026-07-16 10:55,6965.0,7008.0,-0.61,2069600,7054.0,6885.0,8880.0,3709.0
2026-07-16 11:15:33,2026-07-16 11:00,6940.0,7008.0,-0.97,2108500,7054.0,6885.0,8880.0,3709.0
2026-07-16 11:20:55,2026-07-16 11:05,6917.0,7008.0,-1.3,2151700,7054.0,6885.0,8880.0,3709.0
2026-07-16 11:25:33,2026-07-16 11:10,6927.0,7008.0,-1.16,2179000,7054.0,6885.0,8880.0,3709.0
2026-07-16 11:30:35,2026-07-16 11:15,6921.0,7008.0,-1.24,2213500,7054.0,6885.0,8880.0,3709.0
2026-07-16 12:30:37,2026-07-16 11:30,6939.0,7008.0,-0.98,2326600,7054.0,6885.0,8880.0,3709.0
2026-07-16 12:35:32,2026-07-16 11:30,6939.0,7008.0,-0.98,2326600,7054.0,6885.0,8880.0,3709.0
2026-07-16 12:40:29,2026-07-16 11:30,6939.0,7008.0,-0.98,2326600,7054.0,6885.0,8880.0,3709.0
2026-07-16 12:45:43,2026-07-16 12:30,6953.0,7008.0,-0.78,2384600,7054.0,6885.0,8880.0,3709.0
2026-07-16 12:50:33,2026-07-16 12:35,6995.0,7008.0,-0.19,2519900,7054.0,6885.0,8880.0,3709.0
2026-07-16 12:55:41,2026-07-16 12:40,7002.0,7008.0,-0.09,2591200,7054.0,6885.0,8880.0,3709.0
2026-07-16 13:00:37,2026-07-16 12:45,6997.0,7008.0,-0.16,2651000,7054.0,6885.0,8880.0,3709.0
2026-07-16 13:05:36,2026-07-16 12:50,7009.0,7008.0,0.01,2684600,7054.0,6885.0,8880.0,3709.0
2026-07-16 13:10:41,2026-07-16 12:55,7023.0,7008.0,0.21,2751600,7054.0,6885.0,8880.0,3709.0
2026-07-16 13:15:32,2026-07-16 13:00,7041.0,7008.0,0.47,2819800,7054.0,6885.0,8880.0,3709.0
2026-07-16 13:20:40,2026-07-16 13:05,7030.0,7008.0,0.31,2874700,7054.0,6885.0,8880.0,3709.0
2026-07-16 13:25:38,2026-07-16 13:10,7049.0,7008.0,0.59,2930000,7054.0,6885.0,8880.0,3709.0
2026-07-16 13:30:44,2026-07-16 13:15,7048.0,7008.0,0.57,2998300,7057.0,6885.0,8880.0,3709.0
2026-07-16 13:35:30,2026-07-16 13:20,7030.0,7008.0,0.31,3052200,7057.0,6885.0,8880.0,3709.0
2026-07-16 13:40:33,2026-07-16 13:25,7031.0,7008.0,0.33,3130100,7057.0,6885.0,8880.0,3709.0
2026-07-16 13:45:29,2026-07-16 13:30,7025.0,7008.0,0.24,3173400,7057.0,6885.0,8880.0,3709.0
2026-07-16 13:50:31,2026-07-16 13:35,7018.0,7008.0,0.14,3206100,7057.0,6885.0,8880.0,3709.0
2026-07-16 13:55:41,2026-07-16 13:40,7004.0,7008.0,-0.06,3287000,7057.0,6885.0,8880.0,3709.0
2026-07-16 14:00:46,2026-07-16 13:45,7006.0,7008.0,-0.03,3326300,7057.0,6885.0,8880.0,3709.0
2026-07-16 14:05:33,2026-07-16 13:50,7013.0,7008.0,0.07,3374800,7057.0,6885.0,8880.0,3709.0
2026-07-16 14:10:35,2026-07-16 13:55,7021.0,7008.0,0.19,3420000,7057.0,6885.0,8880.0,3709.0
2026-07-16 14:15:36,2026-07-16 14:00,7022.0,7008.0,0.2,3469800,7057.0,6885.0,8880.0,3709.0
2026-07-16 14:20:32,2026-07-16 14:05,7002.0,7008.0,-0.09,3522200,7057.0,6885.0,8880.0,3709.0
2026-07-16 14:25:45,2026-07-16 14:10,6972.0,7008.0,-0.51,3596900,7057.0,6885.0,8880.0,3709.0
2026-07-16 14:30:29,2026-07-16 14:15,7027.0,7008.0,0.27,3651200,7057.0,6885.0,8880.0,3709.0
2026-07-16 14:35:36,2026-07-16 14:20,7024.0,7008.0,0.23,3698800,7057.0,6885.0,8880.0,3709.0
2026-07-16 14:40:31,2026-07-16 14:25,7041.0,7008.0,0.47,3750500,7057.0,6885.0,8880.0,3709.0
2026-07-16 14:45:42,2026-07-16 14:30,7046.0,7008.0,0.54,3833900,7059.0,6885.0,8880.0,3709.0
2026-07-16 14:50:32,2026-07-16 14:35,7012.0,7008.0,0.06,3922200,7059.0,6885.0,8880.0,3709.0
2026-07-16 14:55:32,2026-07-16 14:38,6939.0,7008.0,-0.98,3961200,7059.0,6885.0,8880.0,3709.0
2026-07-16 15:00:36,2026-07-16 14:45,7025.0,7008.0,0.24,4039100,7059.0,6885.0,8880.0,3709.0
2026-07-16 15:05:28,2026-07-16 14:50,7004.0,7008.0,-0.06,4076000,7059.0,6885.0,8880.0,3709.0
2026-07-16 15:10:32,2026-07-16 14:55,7012.0,7008.0,0.06,4116600,7059.0,6885.0,8880.0,3709.0
2026-07-16 15:15:52,2026-07-16 15:00,7018.0,7008.0,0.14,4184600,7059.0,6885.0,8880.0,3709.0
2026-07-16 15:20:41,2026-07-16 15:05,7002.0,7008.0,-0.09,4271300,7059.0,6885.0,8880.0,3709.0
2026-07-16 15:25:35,2026-07-16 15:10,7009.0,7008.0,0.01,4446700,7059.0,6885.0,8880.0,3709.0
2026-07-16 15:30:31,2026-07-16 15:15,7031.0,7008.0,0.33,4493800,7059.0,6885.0,8880.0,3709.0
2026-07-16 15:40:33,2026-07-16 15:24,7037.0,7008.0,0.41,4646400,7059.0,6885.0,8880.0,3709.0
2026-07-17 09:05:46,2026-07-16 15:30,7020.0,7008.0,0.17,5808800,7059.0,6885.0,8880.0,3709.0
2026-07-17 09:10:56,2026-07-16 15:30,7020.0,7008.0,0.17,5808800,7059.0,6885.0,8880.0,3709.0
2026-07-17 09:15:31,2026-07-16 15:30,7020.0,7008.0,0.17,5808800,7059.0,6885.0,8880.0,3709.0
2026-07-17 09:20:36,2026-07-16 15:30,7020.0,7008.0,0.17,5808800,7059.0,6885.0,8880.0,3709.0
2026-07-17 09:25:31,2026-07-17 09:10,6645.0,7020.0,-5.34,692300,6691.0,6587.0,8880.0,3709.0
2026-07-17 09:30:33,2026-07-17 09:15,6647.0,7020.0,-5.31,847700,6691.0,6587.0,8880.0,3709.0
2026-07-17 09:35:40,2026-07-17 09:20,6667.0,7020.0,-5.03,1066500,6706.0,6587.0,8880.0,3709.0
2026-07-17 09:40:29,2026-07-17 09:25,6640.0,7020.0,-5.41,1218400,6706.0,6587.0,8880.0,3709.0
2026-07-17 09:45:33,2026-07-17 09:30,6603.0,7020.0,-5.94,1400000,6706.0,6587.0,8880.0,3709.0
2026-07-17 09:50:39,2026-07-17 09:35,6586.0,7020.0,-6.18,1553600,6706.0,6577.0,8880.0,3709.0
2026-07-17 09:55:37,2026-07-17 09:40,6598.0,7020.0,-6.01,1635500,6706.0,6577.0,8880.0,3709.0
2026-07-17 10:00:40,2026-07-17 09:45,6572.0,7020.0,-6.38,1791100,6706.0,6548.0,8880.0,3709.0
2026-07-17 10:05:29,2026-07-17 09:50,6613.0,7020.0,-5.8,1906700,6706.0,6548.0,8880.0,3709.0
2026-07-17 10:10:41,2026-07-17 09:55,6688.0,7020.0,-4.73,2031400,6706.0,6548.0,8880.0,3709.0
2026-07-17 10:15:32,2026-07-17 10:00,6664.0,7020.0,-5.07,2117200,6706.0,6548.0,8880.0,3709.0
2026-07-17 10:20:39,2026-07-17 10:05,6636.0,7020.0,-5.47,2209400,6706.0,6548.0,8880.0,3709.0
2026-07-17 10:25:48,2026-07-17 10:10,6675.0,7020.0,-4.91,2280300,6706.0,6548.0,8880.0,3709.0
2026-07-17 10:30:31,2026-07-17 10:15,6704.0,7020.0,-4.5,2355500,6706.0,6548.0,8880.0,3709.0
2026-07-17 10:35:35,2026-07-17 10:20,6677.0,7020.0,-4.89,2413700,6706.0,6548.0,8880.0,3709.0
2026-07-17 10:40:47,2026-07-17 10:25,6651.0,7020.0,-5.26,2488100,6706.0,6548.0,8880.0,3709.0
2026-07-17 10:45:45,2026-07-17 10:30,6638.0,7020.0,-5.44,2548100,6706.0,6548.0,8880.0,3709.0
2026-07-17 10:50:43,2026-07-17 10:35,6648.0,7020.0,-5.3,2613100,6706.0,6548.0,8880.0,3709.0
2026-07-17 10:55:34,2026-07-17 10:40,6659.0,7020.0,-5.14,2655700,6706.0,6548.0,8880.0,3709.0
2026-07-17 11:00:41,2026-07-17 10:45,6640.0,7020.0,-5.41,2716400,6706.0,6548.0,8880.0,3709.0
2026-07-17 11:05:42,2026-07-17 10:50,6633.0,7020.0,-5.51,2747700,6706.0,6548.0,8880.0,3709.0
2026-07-17 11:10:41,2026-07-17 10:55,6628.0,7020.0,-5.58,2780800,6706.0,6548.0,8880.0,3709.0
2026-07-17 11:15:31,2026-07-17 11:00,6635.0,7020.0,-5.48,2814800,6706.0,6548.0,8880.0,3709.0
2026-07-17 11:20:34,2026-07-17 11:05,6640.0,7020.0,-5.41,2847700,6706.0,6548.0,8880.0,3709.0
2026-07-17 11:25:39,2026-07-17 11:10,6621.0,7020.0,-5.68,2890000,6706.0,6548.0,8880.0,3709.0
2026-07-17 11:30:29,2026-07-17 11:15,6616.0,7020.0,-5.75,2957900,6706.0,6548.0,8880.0,3709.0
2026-07-17 12:30:37,2026-07-17 11:30,6588.0,7020.0,-6.15,3174200,6706.0,6548.0,8880.0,3709.0
2026-07-17 12:35:30,2026-07-17 11:30,6588.0,7020.0,-6.15,3174200,6706.0,6548.0,8880.0,3709.0
2026-07-17 12:40:35,2026-07-17 11:30,6588.0,7020.0,-6.15,3174200,6706.0,6548.0,8880.0,3709.0
2026-07-17 12:45:39,2026-07-17 12:30,6636.0,7020.0,-5.47,3276700,6706.0,6548.0,8880.0,3709.0
2026-07-17 12:50:49,2026-07-17 12:35,6611.0,7020.0,-5.83,3385000,6706.0,6548.0,8880.0,3709.0
2026-07-17 12:55:31,2026-07-17 12:40,6595.0,7020.0,-6.05,3469500,6706.0,6548.0,8880.0,3709.0
2026-07-17 13:00:35,2026-07-17 12:45,6577.0,7020.0,-6.31,3564500,6706.0,6548.0,8880.0,3709.0
2026-07-17 13:05:34,2026-07-17 12:50,6554.0,7020.0,-6.64,3631400,6706.0,6548.0,8880.0,3709.0
2026-07-17 13:10:46,2026-07-17 12:55,6547.0,7020.0,-6.74,3747400,6706.0,6543.0,8880.0,3709.0
2026-07-17 13:15:36,2026-07-17 13:00,6527.0,7020.0,-7.02,3827000,6706.0,6527.0,8880.0,3709.0
2026-07-17 13:20:30,2026-07-17 13:05,6511.0,7020.0,-7.25,3933100,6706.0,6504.0,8880.0,3709.0
2026-07-17 13:25:29,2026-07-17 13:10,6510.0,7020.0,-7.26,4000800,6706.0,6504.0,8880.0,3709.0
2026-07-17 13:30:32,2026-07-17 13:15,6522.0,7020.0,-7.09,4054600,6706.0,6504.0,8880.0,3709.0
2026-07-17 13:35:31,2026-07-17 13:20,6498.0,7020.0,-7.44,4264400,6706.0,6481.0,8880.0,3709.0
2026-07-17 13:40:39,2026-07-17 13:25,6466.0,7020.0,-7.89,4370900,6706.0,6464.0,8880.0,3709.0
2026-07-17 13:45:29,2026-07-17 13:30,6445.0,7020.0,-8.19,4469000,6706.0,6440.0,8880.0,3709.0
2026-07-17 13:50:29,2026-07-17 13:35,6422.0,7020.0,-8.52,4534100,6706.0,6422.0,8880.0,3709.0
2026-07-17 13:55:32,2026-07-17 13:40,6406.0,7020.0,-8.75,4656300,6706.0,6405.0,8880.0,3709.0
2026-07-17 14:00:40,2026-07-17 13:45,6459.0,7020.0,-7.99,4830100,6706.0,6394.0,8880.0,3709.0
2026-07-17 14:05:34,2026-07-17 13:50,6484.0,7020.0,-7.64,4960900,6706.0,6394.0,8880.0,3709.0
2026-07-17 14:10:30,2026-07-17 13:55,6494.0,7020.0,-7.49,5061200,6706.0,6394.0,8880.0,3709.0
2026-07-17 14:15:33,2026-07-17 14:00,6474.0,7020.0,-7.78,5155900,6706.0,6394.0,8880.0,3709.0
2026-07-17 14:20:37,2026-07-17 14:05,6476.0,7020.0,-7.75,5227100,6706.0,6394.0,8880.0,3709.0
2026-07-17 14:25:46,2026-07-17 14:10,6517.0,7020.0,-7.17,5286500,6706.0,6394.0,8880.0,3709.0
2026-07-17 14:30:32,2026-07-17 14:15,6522.0,7020.0,-7.09,5349500,6706.0,6394.0,8880.0,3709.0
2026-07-17 14:35:50,2026-07-17 14:20,6532.0,7020.0,-6.95,5419500,6706.0,6394.0,8880.0,3709.0
2026-07-17 14:40:29,2026-07-17 14:25,6515.0,7020.0,-7.19,5477200,6706.0,6394.0,8880.0,3709.0
2026-07-17 14:45:35,2026-07-17 14:30,6529.0,7020.0,-6.99,5544500,6706.0,6394.0,8880.0,3709.0
2026-07-17 14:50:28,2026-07-17 14:35,6523.0,7020.0,-7.08,5598600,6706.0,6394.0,8880.0,3709.0
2026-07-17 14:55:38,2026-07-17 14:40,6507.0,7020.0,-7.31,5653400,6706.0,6394.0,8880.0,3709.0
2026-07-17 15:00:28,2026-07-17 14:45,6529.0,7020.0,-6.99,5707100,6706.0,6394.0,8880.0,3709.0
2026-07-17 15:05:55,2026-07-17 14:50,6564.0,7020.0,-6.5,5781500,6706.0,6394.0,8880.0,3709.0
2026-07-17 15:10:31,2026-07-17 14:55,6567.0,7020.0,-6.45,5897200,6706.0,6394.0,8880.0,3709.0
2026-07-17 15:15:35,2026-07-17 15:00,6579.0,7020.0,-6.28,5965800,6706.0,6394.0,8880.0,3709.0
2026-07-17 15:20:36,2026-07-17 15:05,6609.0,7020.0,-5.85,6095700,6706.0,6394.0,8880.0,3709.0
2026-07-17 15:25:46,2026-07-17 15:10,6620.0,7020.0,-5.7,6233600,6706.0,6394.0,8880.0,3709.0
2026-07-17 15:30:34,2026-07-17 15:15,6641.0,7020.0,-5.4,6328100,6706.0,6394.0,8880.0,3709.0
2026-07-17 15:40:41,2026-07-17 15:24,6650.0,7020.0,-5.27,6512100,6706.0,6394.0,8880.0,3709.0
2026-07-21 09:05:30,2026-07-17 15:30,6637.0,7020.0,-5.46,7839600,6706.0,6394.0,8880.0,3778.0
2026-07-21 09:10:31,2026-07-17 15:30,6637.0,7020.0,-5.46,7839600,6706.0,6394.0,8880.0,3778.0
2026-07-21 09:15:29,2026-07-21 09:00,6583.0,7020.0,-6.23,8182800,6625.0,6570.0,8880.0,3778.0
2026-07-21 09:20:39,2026-07-21 09:05,6573.0,6637.0,-0.96,586900,6625.0,6505.0,8880.0,3778.0
2026-07-21 09:25:43,2026-07-21 09:10,6526.0,6637.0,-1.67,810100,6625.0,6505.0,8880.0,3778.0
2026-07-21 09:30:39,2026-07-21 09:15,6505.0,6637.0,-1.99,1007500,6625.0,6495.0,8880.0,3778.0
2026-07-21 09:35:42,2026-07-21 09:20,6554.0,6637.0,-1.25,1216400,6625.0,6473.0,8880.0,3778.0
2026-07-21 09:40:34,2026-07-21 09:25,6560.0,6637.0,-1.16,1336100,6625.0,6473.0,8880.0,3778.0
2026-07-21 09:45:34,2026-07-21 09:30,6621.0,6637.0,-0.24,1479000,6626.0,6473.0,8880.0,3778.0
2026-07-21 09:50:30,2026-07-21 09:35,6654.0,6637.0,0.26,1599300,6661.0,6473.0,8880.0,3778.0
2026-07-21 09:55:35,2026-07-21 09:40,6648.0,6637.0,0.17,1704000,6661.0,6473.0,8880.0,3778.0
2026-07-21 10:00:29,2026-07-21 09:45,6635.0,6637.0,-0.03,1781800,6661.0,6473.0,8880.0,3778.0
2026-07-21 10:05:50,2026-07-21 09:50,6634.0,6637.0,-0.05,1859300,6661.0,6473.0,8880.0,3778.0
2026-07-21 10:10:29,2026-07-21 09:55,6628.0,6637.0,-0.14,1915200,6661.0,6473.0,8880.0,3778.0
2026-07-21 10:15:32,2026-07-21 10:00,6621.0,6637.0,-0.24,1982000,6661.0,6473.0,8880.0,3778.0
2026-07-21 10:20:34,2026-07-21 10:05,6618.0,6637.0,-0.29,2082400,6661.0,6473.0,8880.0,3778.0
2026-07-21 10:25:29,2026-07-21 10:10,6641.0,6637.0,0.06,2137700,6661.0,6473.0,8880.0,3778.0
2026-07-21 10:30:33,2026-07-21 10:15,6674.0,6637.0,0.56,2233500,6676.0,6473.0,8880.0,3778.0
2026-07-21 10:35:32,2026-07-21 10:20,6640.0,6637.0,0.05,2336400,6687.0,6473.0,8880.0,3778.0
2026-07-21 10:40:28,2026-07-21 10:25,6665.0,6637.0,0.42,2392900,6687.0,6473.0,8880.0,3778.0
2026-07-21 10:45:39,2026-07-21 10:30,6689.0,6637.0,0.78,2437200,6691.0,6473.0,8880.0,3778.0
2026-07-21 10:50:47,2026-07-21 10:35,6700.0,6637.0,0.95,2528000,6709.0,6473.0,8880.0,3778.0
2026-07-21 10:55:44,2026-07-21 10:40,6679.0,6637.0,0.63,2587100,6709.0,6473.0,8880.0,3778.0
2026-07-21 11:00:30,2026-07-21 10:45,6665.0,6637.0,0.42,2636800,6709.0,6473.0,8880.0,3778.0
2026-07-21 11:05:36,2026-07-21 10:50,6675.0,6637.0,0.57,2683800,6709.0,6473.0,8880.0,3778.0
2026-07-21 11:10:36,2026-07-21 10:55,6671.0,6637.0,0.51,2725000,6709.0,6473.0,8880.0,3778.0
2026-07-21 11:15:30,2026-07-21 11:00,6675.0,6637.0,0.57,2763000,6709.0,6473.0,8880.0,3778.0
2026-07-21 11:20:31,2026-07-21 11:05,6691.0,6637.0,0.81,2805800,6709.0,6473.0,8880.0,3778.0
2026-07-21 11:25:34,2026-07-21 11:10,6676.0,6637.0,0.59,2861200,6709.0,6473.0,8880.0,3778.0
2026-07-21 11:30:38,2026-07-21 11:15,6666.0,6637.0,0.44,2903500,6709.0,6473.0,8880.0,3778.0
2026-07-21 12:30:33,2026-07-21 11:30,6675.0,6637.0,0.57,3043300,6709.0,6473.0,8880.0,3778.0
2026-07-21 12:35:30,2026-07-21 11:30,6675.0,6637.0,0.57,3043300,6709.0,6473.0,8880.0,3778.0
2026-07-21 12:40:28,2026-07-21 11:30,6675.0,6637.0,0.57,3043300,6709.0,6473.0,8880.0,3778.0
2026-07-21 12:45:53,2026-07-21 12:30,6698.0,6637.0,0.92,3131600,6709.0,6473.0,8880.0,3778.0
2026-07-21 12:50:33,2026-07-21 12:35,6712.0,6637.0,1.13,3239000,6730.0,6473.0,8880.0,3778.0
2026-07-21 12:55:34,2026-07-21 12:40,6731.0,6637.0,1.42,3304500,6731.0,6473.0,8880.0,3778.0
2026-07-21 13:00:30,2026-07-21 12:45,6743.0,6637.0,1.6,3363500,6746.0,6473.0,8880.0,3778.0
2026-07-21 13:05:32,2026-07-21 12:50,6776.0,6637.0,2.09,3444300,6777.0,6473.0,8880.0,3778.0
2026-07-21 13:10:36,2026-07-21 12:55,6757.0,6637.0,1.81,3508200,6777.0,6473.0,8880.0,3778.0
2026-07-21 13:15:38,2026-07-21 13:00,6779.0,6637.0,2.14,3558700,6784.0,6473.0,8880.0,3778.0
2026-07-21 13:20:49,2026-07-21 13:05,6769.0,6637.0,1.99,3623100,6789.0,6473.0,8880.0,3778.0
2026-07-21 13:25:30,2026-07-21 13:10,6761.0,6637.0,1.87,3688200,6789.0,6473.0,8880.0,3778.0
2026-07-21 13:30:43,2026-07-21 13:15,6755.0,6637.0,1.78,3744800,6789.0,6473.0,8880.0,3778.0
2026-07-21 13:35:34,2026-07-21 13:20,6743.0,6637.0,1.6,3796600,6789.0,6473.0,8880.0,3778.0
2026-07-21 13:40:41,2026-07-21 13:25,6746.0,6637.0,1.64,3861100,6789.0,6473.0,8880.0,3778.0
2026-07-21 13:45:37,2026-07-21 13:30,6765.0,6637.0,1.93,3899100,6789.0,6473.0,8880.0,3778.0
2026-07-21 13:50:30,2026-07-21 13:35,6780.0,6637.0,2.15,3944100,6789.0,6473.0,8880.0,3778.0
2026-07-21 13:55:35,2026-07-21 13:40,6776.0,6637.0,2.09,4002600,6795.0,6473.0,8880.0,3778.0
2026-07-21 14:00:46,2026-07-21 13:45,6783.0,6637.0,2.2,4035800,6795.0,6473.0,8880.0,3778.0
2026-07-21 14:05:37,2026-07-21 13:50,6801.0,6637.0,2.47,4106500,6808.0,6473.0,8880.0,3778.0
2026-07-21 14:10:36,2026-07-21 13:55,6776.0,6637.0,2.09,4147200,6808.0,6473.0,8880.0,3778.0
2026-07-21 14:15:37,2026-07-21 14:00,6772.0,6637.0,2.03,4178600,6808.0,6473.0,8880.0,3778.0
2026-07-21 14:20:37,2026-07-21 14:05,6770.0,6637.0,2.0,4232800,6808.0,6473.0,8880.0,3778.0
2026-07-21 14:25:32,2026-07-21 14:10,6773.0,6637.0,2.05,4268700,6808.0,6473.0,8880.0,3778.0
2026-07-21 14:30:39,2026-07-21 14:15,6746.0,6637.0,1.64,4320500,6808.0,6473.0,8880.0,3778.0
2026-07-21 14:35:38,2026-07-21 14:20,6738.0,6637.0,1.52,4367000,6808.0,6473.0,8880.0,3778.0
2026-07-21 14:40:30,2026-07-21 14:25,6761.0,6637.0,1.87,4412800,6808.0,6473.0,8880.0,3778.0
2026-07-21 14:45:35,2026-07-21 14:30,6784.0,6637.0,2.21,4461500,6808.0,6473.0,8880.0,3778.0
2026-07-21 14:50:42,2026-07-21 14:35,6784.0,6637.0,2.21,4507700,6808.0,6473.0,8880.0,3778.0
2026-07-21 14:55:34,2026-07-21 14:40,6792.0,6637.0,2.34,4553500,6808.0,6473.0,8880.0,3778.0
2026-07-21 15:00:37,2026-07-21 14:45,6801.0,6637.0,2.47,4597800,6808.0,6473.0,8880.0,3778.0
2026-07-21 15:05:40,2026-07-21 14:50,6800.0,6637.0,2.46,4652500,6808.0,6473.0,8880.0,3778.0
2026-07-21 15:10:45,2026-07-21 14:55,6801.0,6637.0,2.47,4699500,6808.0,6473.0,8880.0,3778.0
2026-07-21 15:15:40,2026-07-21 15:00,6793.0,6637.0,2.35,4747900,6808.0,6473.0,8880.0,3778.0
2026-07-21 15:20:32,2026-07-21 15:05,6793.0,6637.0,2.35,4809600,6808.0,6473.0,8880.0,3778.0
2026-07-21 15:25:33,2026-07-21 15:10,6787.0,6637.0,2.26,4870100,6808.0,6473.0,8880.0,3778.0
2026-07-21 15:30:29,2026-07-21 15:15,6777.0,6637.0,2.11,4972600,6808.0,6473.0,8880.0,3778.0
2026-07-21 15:40:31,2026-07-21 15:24,6771.0,6637.0,2.02,5126200,6808.0,6473.0,8880.0,3778.0
2026-07-22 09:05:30,2026-07-21 15:30,6776.0,6637.0,2.09,6301600,6808.0,6473.0,8880.0,3778.0
2026-07-22 09:10:42,2026-07-21 15:30,6776.0,6637.0,2.09,6301600,6808.0,6473.0,8880.0,3778.0
2026-07-22 09:15:28,2026-07-21 15:30,6776.0,6637.0,2.09,6301600,6808.0,6473.0,8880.0,3778.0
2026-07-22 09:20:29,2026-07-22 09:05,6879.0,6776.0,1.52,579200,6949.0,6862.0,8880.0,3778.0
2026-07-22 09:25:32,2026-07-22 09:10,6877.0,6776.0,1.49,778900,6949.0,6856.0,8880.0,3778.0
2026-07-22 09:30:34,2026-07-22 09:15,6897.0,6776.0,1.79,973800,6949.0,6856.0,8880.0,3778.0
2026-07-22 09:35:39,2026-07-22 09:20,6899.0,6776.0,1.82,1107500,6949.0,6856.0,8880.0,3778.0
2026-07-22 09:40:39,2026-07-22 09:25,6948.0,6776.0,2.54,1210900,6949.0,6856.0,8880.0,3778.0
2026-07-22 09:45:37,2026-07-22 09:30,6985.0,6776.0,3.08,1346100,6987.0,6856.0,8880.0,3778.0
2026-07-22 09:50:39,2026-07-22 09:35,6980.0,6776.0,3.01,1480500,6988.0,6856.0,8880.0,3778.0
2026-07-22 09:55:28,2026-07-22 09:40,6966.0,6776.0,2.8,1598800,6992.0,6856.0,8880.0,3778.0
2026-07-22 10:00:29,2026-07-22 09:45,6992.0,6776.0,3.19,1700100,7003.0,6856.0,8880.0,3778.0
2026-07-22 10:05:28,2026-07-22 09:50,6983.0,6776.0,3.05,1767600,7003.0,6856.0,8880.0,3778.0
2026-07-22 10:10:30,2026-07-22 09:55,6959.0,6776.0,2.7,1835400,7003.0,6856.0,8880.0,3778.0
2026-07-22 10:15:31,2026-07-22 10:00,6972.0,6776.0,2.89,1938500,7003.0,6856.0,8880.0,3778.0
2026-07-22 10:20:44,2026-07-22 10:05,6948.0,6776.0,2.54,2050800,7003.0,6856.0,8880.0,3778.0
2026-07-22 10:25:50,2026-07-22 10:10,6945.0,6776.0,2.49,2143400,7003.0,6856.0,8880.0,3778.0
2026-07-22 10:30:37,2026-07-22 10:15,6967.0,6776.0,2.82,2208400,7003.0,6856.0,8880.0,3778.0
2026-07-22 10:35:29,2026-07-22 10:20,6977.0,6776.0,2.97,2284400,7003.0,6856.0,8880.0,3778.0
2026-07-22 10:40:33,2026-07-22 10:25,6968.0,6776.0,2.83,2358200,7003.0,6856.0,8880.0,3778.0
2026-07-22 10:45:42,2026-07-22 10:30,6968.0,6776.0,2.83,2431200,7003.0,6856.0,8880.0,3778.0
2026-07-22 10:50:32,2026-07-22 10:35,6977.0,6776.0,2.97,2491400,7003.0,6856.0,8880.0,3778.0
2026-07-22 10:55:39,2026-07-22 10:40,6965.0,6776.0,2.79,2551400,7003.0,6856.0,8880.0,3778.0
2026-07-22 11:00:37,2026-07-22 10:45,6983.0,6776.0,3.05,2632500,7003.0,6856.0,8880.0,3778.0
2026-07-22 11:05:45,2026-07-22 10:50,7003.0,6776.0,3.35,2752600,7011.0,6856.0,8880.0,3778.0
2026-07-22 11:10:33,2026-07-22 10:55,7038.0,6776.0,3.87,2838500,7040.0,6856.0,8880.0,3778.0
2026-07-22 11:15:38,2026-07-22 11:00,7029.0,6776.0,3.73,2999600,7057.0,6856.0,8880.0,3778.0
2026-07-22 11:20:31,2026-07-22 11:05,7016.0,6776.0,3.54,3072800,7057.0,6856.0,8880.0,3778.0
2026-07-22 11:25:34,2026-07-22 11:10,7010.0,6776.0,3.45,3160500,7057.0,6856.0,8880.0,3778.0
2026-07-22 11:30:29,2026-07-22 11:15,7034.0,6776.0,3.81,3256400,7057.0,6856.0,8880.0,3778.0
2026-07-22 12:30:36,2026-07-22 11:30,7042.0,6776.0,3.93,3447700,7057.0,6856.0,8880.0,3778.0
2026-07-22 12:35:39,2026-07-22 11:30,7042.0,6776.0,3.93,3447700,7057.0,6856.0,8880.0,3778.0
2026-07-22 12:40:37,2026-07-22 11:30,7042.0,6776.0,3.93,3447700,7057.0,6856.0,8880.0,3778.0
2026-07-22 12:45:34,2026-07-22 12:30,6997.0,6776.0,3.26,3543200,7057.0,6856.0,8880.0,3778.0
2026-07-22 12:50:32,2026-07-22 12:35,6990.0,6776.0,3.16,3653700,7057.0,6856.0,8880.0,3778.0
2026-07-22 12:55:35,2026-07-22 12:40,6981.0,6776.0,3.03,3737100,7057.0,6856.0,8880.0,3778.0
2026-07-22 13:00:46,2026-07-22 12:45,6974.0,6776.0,2.92,3812700,7057.0,6856.0,8880.0,3778.0
2026-07-22 13:05:30,2026-07-22 12:50,6984.0,6776.0,3.07,3883500,7057.0,6856.0,8880.0,3778.0
2026-07-22 13:10:33,2026-07-22 12:55,6958.0,6776.0,2.69,3957500,7057.0,6856.0,8880.0,3778.0
2026-07-22 13:15:33,2026-07-22 13:00,6965.0,6776.0,2.79,4034800,7057.0,6856.0,8880.0,3778.0
2026-07-22 13:20:33,2026-07-22 13:05,6972.0,6776.0,2.89,4096200,7057.0,6856.0,8880.0,3778.0
2026-07-22 13:25:58,2026-07-22 13:10,6980.0,6776.0,3.01,4163500,7057.0,6856.0,8880.0,3778.0
2026-07-22 13:30:44,2026-07-22 13:15,6974.0,6776.0,2.92,4214200,7057.0,6856.0,8880.0,3778.0
2026-07-22 13:35:37,2026-07-22 13:20,6978.0,6776.0,2.98,4265800,7057.0,6856.0,8880.0,3778.0
2026-07-22 13:40:36,2026-07-22 13:25,6973.0,6776.0,2.91,4321100,7057.0,6856.0,8880.0,3778.0
2026-07-22 13:45:41,2026-07-22 13:30,6973.0,6776.0,2.91,4365700,7057.0,6856.0,8880.0,3778.0
2026-07-22 13:50:38,2026-07-22 13:35,6969.0,6776.0,2.85,4414600,7057.0,6856.0,8880.0,3778.0
2026-07-22 13:55:36,2026-07-22 13:40,6968.0,6776.0,2.83,4460900,7057.0,6856.0,8880.0,3778.0
2026-07-22 14:00:39,2026-07-22 13:45,6964.0,6776.0,2.77,4506400,7057.0,6856.0,8880.0,3778.0
2026-07-22 14:05:43,2026-07-22 13:50,6961.0,6776.0,2.73,4575500,7057.0,6856.0,8880.0,3778.0
2026-07-22 14:10:34,2026-07-22 13:55,6934.0,6776.0,2.33,4643600,7057.0,6856.0,8880.0,3778.0
2026-07-22 14:15:53,2026-07-22 14:00,6935.0,6776.0,2.35,4736900,7057.0,6856.0,8880.0,3778.0
2026-07-22 14:20:39,2026-07-22 14:05,6909.0,6776.0,1.96,4797700,7057.0,6856.0,8880.0,3778.0
2026-07-22 14:25:35,2026-07-22 14:10,6895.0,6776.0,1.76,4904000,7057.0,6856.0,8880.0,3778.0
2026-07-22 14:30:36,2026-07-22 14:15,6883.0,6776.0,1.58,4992200,7057.0,6856.0,8880.0,3778.0
2026-07-22 14:35:36,2026-07-22 14:20,6876.0,6776.0,1.48,5066400,7057.0,6856.0,8880.0,3778.0
2026-07-22 14:40:32,2026-07-22 14:25,6883.0,6776.0,1.58,5135200,7057.0,6856.0,8880.0,3778.0
2026-07-22 14:45:40,2026-07-22 14:30,6891.0,6776.0,1.7,5217500,7057.0,6856.0,8880.0,3778.0
2026-07-22 14:50:57,2026-07-22 14:35,6902.0,6776.0,1.86,5303800,7057.0,6856.0,8880.0,3778.0
2026-07-22 14:55:35,2026-07-22 14:40,6908.0,6776.0,1.95,5389300,7057.0,6856.0,8880.0,3778.0
2026-07-22 15:00:35,2026-07-22 14:42,6893.0,6776.0,1.73,5422400,7057.0,6856.0,8880.0,3778.0
2026-07-22 15:05:41,2026-07-22 14:50,6900.0,6776.0,1.83,5544100,7057.0,6856.0,8880.0,3778.0
2026-07-22 15:10:39,2026-07-22 14:55,6895.0,6776.0,1.76,5621600,7057.0,6856.0,8880.0,3778.0
2026-07-22 15:15:52,2026-07-22 15:00,6892.0,6776.0,1.71,5704000,7057.0,6856.0,8880.0,3778.0
2026-07-22 15:20:31,2026-07-22 15:05,6885.0,6776.0,1.61,5770500,7057.0,6856.0,8880.0,3778.0
2026-07-22 15:25:43,2026-07-22 15:10,6891.0,6776.0,1.7,5852900,7057.0,6856.0,8880.0,3778.0
2026-07-22 15:30:54,2026-07-22 15:15,6891.0,6776.0,1.7,5950300,7057.0,6856.0,8880.0,3778.0
2026-07-22 15:40:44,2026-07-22 15:24,6867.0,6776.0,1.34,6151700,7057.0,6856.0,8880.0,3778.0
2026-07-23 09:05:33,2026-07-22 15:30,6873.0,6776.0,1.43,7494800,7057.0,6856.0,8880.0,3956.0
2026-07-23 09:10:31,2026-07-22 15:30,6873.0,6776.0,1.43,7494800,7057.0,6856.0,8880.0,3956.0
2026-07-23 09:15:31,2026-07-22 15:30,6873.0,6776.0,1.43,7494800,7057.0,6856.0,8880.0,3956.0
2026-07-23 09:20:33,2026-07-23 09:05,6952.0,6873.0,1.15,296400,6982.0,6872.0,8880.0,3956.0
2026-07-23 09:25:35,2026-07-23 09:10,6950.0,6873.0,1.12,416000,6982.0,6872.0,8880.0,3956.0
2026-07-23 09:30:35,2026-07-23 09:15,6919.0,6873.0,0.67,482900,6982.0,6872.0,8880.0,3956.0
2026-07-23 09:35:31,2026-07-23 09:20,6906.0,6873.0,0.48,544800,6982.0,6872.0,8880.0,3956.0
2026-07-23 09:40:33,2026-07-23 09:25,6906.0,6873.0,0.48,592500,6982.0,6872.0,8880.0,3956.0
2026-07-23 09:45:31,2026-07-23 09:30,6872.0,6873.0,-0.01,651700,6982.0,6871.0,8880.0,3956.0
2026-07-23 09:50:32,2026-07-23 09:35,6871.0,6873.0,-0.03,719000,6982.0,6861.0,8880.0,3956.0
2026-07-23 09:55:28,2026-07-23 09:40,6918.0,6873.0,0.65,779300,6982.0,6861.0,8880.0,3956.0
2026-07-23 10:00:33,2026-07-23 09:45,6929.0,6873.0,0.81,835700,6982.0,6861.0,8880.0,3956.0
2026-07-23 10:06:03,2026-07-23 09:51,6953.0,6873.0,1.16,892100,6982.0,6861.0,8880.0,3956.0
2026-07-23 10:10:37,2026-07-23 09:55,6944.0,6873.0,1.03,944000,6982.0,6861.0,8880.0,3956.0
2026-07-23 10:15:29,2026-07-23 10:00,6967.0,6873.0,1.37,995700,6982.0,6861.0,8880.0,3956.0
2026-07-23 10:20:30,2026-07-23 10:05,6935.0,6873.0,0.9,1044400,6982.0,6861.0,8880.0,3956.0
2026-07-23 10:25:32,2026-07-23 10:10,6943.0,6873.0,1.02,1082200,6982.0,6861.0,8880.0,3956.0
2026-07-23 10:30:40,2026-07-23 10:15,6938.0,6873.0,0.95,1108600,6982.0,6861.0,8880.0,3956.0
2026-07-23 10:35:37,2026-07-23 10:20,6916.0,6873.0,0.63,1158000,6982.0,6861.0,8880.0,3956.0
2026-07-23 10:40:32,2026-07-23 10:25,6937.0,6873.0,0.93,1204800,6982.0,6861.0,8880.0,3956.0
2026-07-23 10:45:54,2026-07-23 10:30,6925.0,6873.0,0.76,1228600,6982.0,6861.0,8880.0,3956.0
2026-07-23 10:50:34,2026-07-23 10:35,6930.0,6873.0,0.83,1257100,6982.0,6861.0,8880.0,3956.0
2026-07-23 10:55:37,2026-07-23 10:40,6922.0,6873.0,0.71,1282200,6982.0,6861.0,8880.0,3956.0
2026-07-23 11:00:37,2026-07-23 10:45,6928.0,6873.0,0.8,1300800,6982.0,6861.0,8880.0,3956.0
2026-07-23 11:05:38,2026-07-23 10:50,6933.0,6873.0,0.87,1327100,6982.0,6861.0,8880.0,3956.0
2026-07-23 11:10:34,2026-07-23 10:55,6954.0,6873.0,1.18,1361500,6982.0,6861.0,8880.0,3956.0
2026-07-23 11:15:35,2026-07-23 11:00,6938.0,6873.0,0.95,1390400,6982.0,6861.0,8880.0,3956.0
2026-07-23 11:20:29,2026-07-23 11:05,6938.0,6873.0,0.95,1417200,6982.0,6861.0,8880.0,3956.0
2026-07-23 11:25:28,2026-07-23 11:10,6928.0,6873.0,0.8,1446700,6982.0,6861.0,8880.0,3956.0
2026-07-23 11:30:31,2026-07-23 11:15,6938.0,6873.0,0.95,1473200,6982.0,6861.0,8880.0,3956.0
2026-07-23 12:30:31,2026-07-23 11:30,6922.0,6873.0,0.71,1563600,6982.0,6861.0,8880.0,3956.0
2026-07-23 12:35:42,2026-07-23 11:30,6922.0,6873.0,0.71,1563600,6982.0,6861.0,8880.0,3956.0
2026-07-23 12:40:30,2026-07-23 11:30,6922.0,6873.0,0.71,1563600,6982.0,6861.0,8880.0,3956.0
2026-07-23 12:45:39,2026-07-23 12:30,6924.0,6873.0,0.74,1593500,6982.0,6861.0,8880.0,3956.0
2026-07-23 12:50:34,2026-07-23 12:35,6904.0,6873.0,0.45,1638800,6982.0,6861.0,8880.0,3956.0
2026-07-23 12:55:41,2026-07-23 12:40,6924.0,6873.0,0.74,1675100,6982.0,6861.0,8880.0,3956.0
2026-07-23 13:00:34,2026-07-23 12:45,6927.0,6873.0,0.79,1715600,6982.0,6861.0,8880.0,3956.0
2026-07-23 13:05:31,2026-07-23 12:50,6906.0,6873.0,0.48,1745600,6982.0,6861.0,8880.0,3956.0
2026-07-23 13:10:30,2026-07-23 12:55,6907.0,6873.0,0.49,1786000,6982.0,6861.0,8880.0,3956.0
2026-07-23 13:15:36,2026-07-23 13:00,6905.0,6873.0,0.47,1812600,6982.0,6861.0,8880.0,3956.0
2026-07-23 13:20:38,2026-07-23 13:05,6900.0,6873.0,0.39,1849000,6982.0,6861.0,8880.0,3956.0
2026-07-23 13:25:40,2026-07-23 13:10,6898.0,6873.0,0.36,1883000,6982.0,6861.0,8880.0,3956.0
2026-07-23 13:30:35,2026-07-23 13:15,6904.0,6873.0,0.45,1902900,6982.0,6861.0,8880.0,3956.0
2026-07-23 13:35:34,2026-07-23 13:20,6893.0,6873.0,0.29,1927100,6982.0,6861.0,8880.0,3956.0
2026-07-23 13:40:32,2026-07-23 13:25,6906.0,6873.0,0.48,1945700,6982.0,6861.0,8880.0,3956.0
2026-07-23 13:45:40,2026-07-23 13:30,6904.0,6873.0,0.45,1969000,6982.0,6861.0,8880.0,3956.0
2026-07-23 13:50:39,2026-07-23 13:35,6911.0,6873.0,0.55,1987100,6982.0,6861.0,8880.0,3956.0
2026-07-23 13:55:33,2026-07-23 13:40,6920.0,6873.0,0.68,2012900,6982.0,6861.0,8880.0,3956.0
2026-07-23 14:00:34,2026-07-23 13:45,6918.0,6873.0,0.65,2034000,6982.0,6861.0,8880.0,3956.0
2026-07-23 14:05:46,2026-07-23 13:50,6921.0,6873.0,0.7,2073400,6982.0,6861.0,8880.0,3956.0
2026-07-23 14:10:31,2026-07-23 13:55,6923.0,6873.0,0.73,2092900,6982.0,6861.0,8880.0,3956.0
2026-07-23 14:15:48,2026-07-23 14:00,6926.0,6873.0,0.77,2121900,6982.0,6861.0,8880.0,3956.0
2026-07-23 14:20:29,2026-07-23 14:05,6925.0,6873.0,0.76,2148300,6982.0,6861.0,8880.0,3956.0
2026-07-23 14:25:37,2026-07-23 14:10,6912.0,6873.0,0.57,2169800,6982.0,6861.0,8880.0,3956.0
2026-07-23 14:30:29,2026-07-23 14:15,6911.0,6873.0,0.55,2187300,6982.0,6861.0,8880.0,3956.0
2026-07-23 14:35:34,2026-07-23 14:20,6921.0,6873.0,0.7,2209000,6982.0,6861.0,8880.0,3956.0
2026-07-23 14:40:49,2026-07-23 14:25,6934.0,6873.0,0.89,2235400,6982.0,6861.0,8880.0,3956.0
2026-07-23 14:45:29,2026-07-23 14:30,6940.0,6873.0,0.97,2257900,6982.0,6861.0,8880.0,3956.0
2026-07-23 14:50:36,2026-07-23 14:35,6924.0,6873.0,0.74,2282500,6982.0,6861.0,8880.0,3956.0
2026-07-23 14:55:31,2026-07-23 14:40,6925.0,6873.0,0.76,2313600,6982.0,6861.0,8880.0,3956.0
2026-07-23 15:00:53,2026-07-23 14:45,6926.0,6873.0,0.77,2335100,6982.0,6861.0,8880.0,3956.0
2026-07-23 15:05:44,2026-07-23 14:50,6920.0,6873.0,0.68,2363700,6982.0,6861.0,8880.0,3956.0
2026-07-23 15:10:31,2026-07-23 14:55,6904.0,6873.0,0.45,2402400,6982.0,6861.0,8880.0,3956.0
2026-07-23 15:15:37,2026-07-23 15:00,6899.0,6873.0,0.38,2434600,6982.0,6861.0,8880.0,3956.0
2026-07-23 15:20:38,2026-07-23 15:05,6898.0,6873.0,0.36,2463100,6982.0,6861.0,8880.0,3956.0
2026-07-23 15:25:46,2026-07-23 15:10,6888.0,6873.0,0.22,2497000,6982.0,6861.0,8880.0,3956.0
2026-07-23 15:30:47,2026-07-23 15:15,6887.0,6873.0,0.2,2534900,6982.0,6861.0,8880.0,3956.0
2026-07-23 15:40:41,2026-07-23 15:24,6878.0,6873.0,0.07,2640700,6982.0,6861.0,8880.0,3956.0
2026-07-24 09:05:38,2026-07-23 15:30,6938.0,6873.0,0.95,3445500,6982.0,6861.0,8880.0,4056.0
2026-07-24 09:10:31,2026-07-23 15:30,6938.0,6873.0,0.95,3445500,6982.0,6861.0,8880.0,4056.0
2026-07-24 09:15:35,2026-07-23 15:30,6938.0,6873.0,0.95,3445500,6982.0,6861.0,8880.0,4056.0
2026-07-24 09:20:29,2026-07-24 09:05,6754.0,6938.0,-2.65,304400,6860.0,6747.0,8880.0,4056.0
2026-07-24 09:25:50,2026-07-24 09:10,6710.0,6938.0,-3.29,470800,6860.0,6706.0,8880.0,4056.0
2026-07-24 09:30:35,2026-07-24 09:15,6698.0,6938.0,-3.46,551600,6860.0,6690.0,8880.0,4056.0
2026-07-24 09:35:33,2026-07-24 09:20,6668.0,6938.0,-3.89,675800,6860.0,6668.0,8880.0,4056.0
2026-07-24 09:40:33,2026-07-24 09:25,6729.0,6938.0,-3.01,751600,6860.0,6668.0,8880.0,4056.0
2026-07-24 09:45:33,2026-07-24 09:30,6705.0,6938.0,-3.36,820000,6860.0,6668.0,8880.0,4056.0
2026-07-24 09:50:40,2026-07-24 09:35,6687.0,6938.0,-3.62,873900,6860.0,6668.0,8880.0,4056.0
2026-07-24 09:55:35,2026-07-24 09:40,6710.0,6938.0,-3.29,926600,6860.0,6668.0,8880.0,4056.0
2026-07-24 10:00:40,2026-07-24 09:45,6730.0,6938.0,-3.0,983400,6860.0,6668.0,8880.0,4056.0
2026-07-24 10:05:32,2026-07-24 09:50,6735.0,6938.0,-2.93,1051400,6860.0,6668.0,8880.0,4056.0
2026-07-24 10:10:29,2026-07-24 09:55,6691.0,6938.0,-3.56,1111000,6860.0,6668.0,8880.0,4056.0
2026-07-24 10:15:39,2026-07-24 10:00,6728.0,6938.0,-3.03,1164900,6860.0,6668.0,8880.0,4056.0
2026-07-24 10:20:30,2026-07-24 10:05,6697.0,6938.0,-3.47,1213900,6860.0,6668.0,8880.0,4056.0
2026-07-24 10:25:35,2026-07-24 10:10,6678.0,6938.0,-3.75,1293500,6860.0,6668.0,8880.0,4056.0
2026-07-24 10:30:35,2026-07-24 10:15,6676.0,6938.0,-3.78,1364700,6860.0,6666.0,8880.0,4056.0
2026-07-24 10:35:37,2026-07-24 10:20,6676.0,6938.0,-3.78,1410600,6860.0,6666.0,8880.0,4056.0
2026-07-24 10:40:42,2026-07-24 10:25,6704.0,6938.0,-3.37,1447100,6860.0,6666.0,8880.0,4056.0
2026-07-24 10:45:31,2026-07-24 10:30,6705.0,6938.0,-3.36,1492300,6860.0,6666.0,8880.0,4056.0
2026-07-24 10:50:39,2026-07-24 10:35,6729.0,6938.0,-3.01,1531700,6860.0,6666.0,8880.0,4056.0
2026-07-24 10:55:32,2026-07-24 10:40,6693.0,6938.0,-3.53,1573700,6860.0,6666.0,8880.0,4056.0
2026-07-24 11:00:35,2026-07-24 10:45,6697.0,6938.0,-3.47,1608600,6860.0,6666.0,8880.0,4056.0
2026-07-24 11:05:32,2026-07-24 10:50,6662.0,6938.0,-3.98,1671000,6860.0,6661.0,8880.0,4056.0
2026-07-24 11:10:48,2026-07-24 10:55,6680.0,6938.0,-3.72,1709400,6860.0,6658.0,8880.0,4056.0
2026-07-24 11:15:35,2026-07-24 11:00,6672.0,6938.0,-3.83,1808800,6860.0,6642.0,8880.0,4056.0
2026-07-24 11:20:40,2026-07-24 11:05,6675.0,6938.0,-3.79,1839200,6860.0,6642.0,8880.0,4056.0
2026-07-24 11:25:37,2026-07-24 11:10,6685.0,6938.0,-3.65,1859400,6860.0,6642.0,8880.0,4056.0
2026-07-24 11:30:30,2026-07-24 11:15,6672.0,6938.0,-3.83,1878800,6860.0,6642.0,8880.0,4056.0
2026-07-24 12:30:41,2026-07-24 11:30,6680.0,6938.0,-3.72,1965400,6860.0,6642.0,8880.0,4056.0
2026-07-24 12:35:36,2026-07-24 11:30,6680.0,6938.0,-3.72,1965400,6860.0,6642.0,8880.0,4056.0
2026-07-24 12:40:29,2026-07-24 11:30,6680.0,6938.0,-3.72,1965400,6860.0,6642.0,8880.0,4056.0
2026-07-24 12:45:31,2026-07-24 12:30,6658.0,6938.0,-4.04,2029500,6860.0,6642.0,8880.0,4056.0
2026-07-24 12:50:38,2026-07-24 12:35,6643.0,6938.0,-4.25,2130000,6860.0,6625.0,8880.0,4056.0
2026-07-24 12:55:37,2026-07-24 12:40,6624.0,6938.0,-4.53,2202800,6860.0,6623.0,8880.0,4056.0
2026-07-24 13:00:45,2026-07-24 12:45,6609.0,6938.0,-4.74,2290700,6860.0,6604.0,8880.0,4056.0
2026-07-24 13:05:33,2026-07-24 12:50,6608.0,6938.0,-4.76,2334700,6860.0,6602.0,8880.0,4056.0
2026-07-24 13:10:28,2026-07-24 12:55,6597.0,6938.0,-4.91,2442400,6860.0,6594.0,8880.0,4056.0
2026-07-24 13:15:33,2026-07-24 13:00,6593.0,6938.0,-4.97,2485200,6860.0,6583.0,8880.0,4056.0
2026-07-24 13:20:53,2026-07-24 13:05,6617.0,6938.0,-4.63,2531500,6860.0,6582.0,8880.0,4056.0
2026-07-24 13:25:32,2026-07-24 13:10,6608.0,6938.0,-4.76,2570600,6860.0,6582.0,8880.0,4056.0
2026-07-24 13:30:34,2026-07-24 13:15,6594.0,6938.0,-4.96,2607600,6860.0,6582.0,8880.0,4056.0
2026-07-24 13:35:30,2026-07-24 13:20,6590.0,6938.0,-5.02,2642800,6860.0,6582.0,8880.0,4056.0
2026-07-24 13:40:41,2026-07-24 13:25,6616.0,6938.0,-4.64,2676800,6860.0,6582.0,8880.0,4056.0
2026-07-24 13:45:37,2026-07-24 13:30,6626.0,6938.0,-4.5,2717700,6860.0,6582.0,8880.0,4056.0
2026-07-24 13:50:28,2026-07-24 13:35,6624.0,6938.0,-4.53,2749100,6860.0,6582.0,8880.0,4056.0
2026-07-24 13:55:29,2026-07-24 13:40,6614.0,6938.0,-4.67,2780400,6860.0,6582.0,8880.0,4056.0
2026-07-24 14:00:37,2026-07-24 13:45,6617.0,6938.0,-4.63,2801900,6860.0,6582.0,8880.0,4056.0
2026-07-24 14:05:51,2026-07-24 13:50,6609.0,6938.0,-4.74,2838500,6860.0,6582.0,8880.0,4056.0
2026-07-24 14:10:50,2026-07-24 13:55,6611.0,6938.0,-4.71,2872400,6860.0,6582.0,8880.0,4056.0
2026-07-24 14:15:46,2026-07-24 14:00,6629.0,6938.0,-4.45,2907800,6860.0,6582.0,8880.0,4056.0
2026-07-24 14:20:49,2026-07-24 14:05,6630.0,6938.0,-4.44,2951200,6860.0,6582.0,8880.0,4056.0
2026-07-24 14:25:47,2026-07-24 14:10,6645.0,6938.0,-4.22,3001900,6860.0,6582.0,8880.0,4056.0
2026-07-24 14:30:30,2026-07-24 14:15,6643.0,6938.0,-4.25,3034900,6860.0,6582.0,8880.0,4056.0
2026-07-24 14:35:36,2026-07-24 14:20,6644.0,6938.0,-4.24,3079500,6860.0,6582.0,8880.0,4056.0
2026-07-24 14:40:31,2026-07-24 14:25,6641.0,6938.0,-4.28,3115900,6860.0,6582.0,8880.0,4056.0
2026-07-24 14:45:31,2026-07-24 14:30,6641.0,6938.0,-4.28,3145400,6860.0,6582.0,8880.0,4056.0
2026-07-24 14:50:29,2026-07-24 14:35,6616.0,6938.0,-4.64,3204200,6860.0,6582.0,8880.0,4056.0
2026-07-24 14:55:43,2026-07-24 14:40,6615.0,6938.0,-4.66,3265800,6860.0,6582.0,8880.0,4056.0
2026-07-24 15:01:04,2026-07-24 14:45,6609.0,6938.0,-4.74,3322700,6860.0,6582.0,8880.0,4056.0
2026-07-24 15:05:53,2026-07-24 14:50,6604.0,6938.0,-4.81,3376800,6860.0,6582.0,8880.0,4056.0
2026-07-24 15:10:36,2026-07-24 14:55,6586.0,6938.0,-5.07,3444300,6860.0,6582.0,8880.0,4056.0
2026-07-24 15:15:29,2026-07-24 15:00,6590.0,6938.0,-5.02,3501500,6860.0,6582.0,8880.0,4056.0
2026-07-24 15:20:41,2026-07-24 15:05,6581.0,6938.0,-5.15,3581800,6860.0,6578.0,8880.0,4056.0
2026-07-24 15:25:38,2026-07-24 15:10,6586.0,6938.0,-5.07,3638800,6860.0,6577.0,8880.0,4056.0
2026-07-24 15:30:35,2026-07-24 15:15,6589.0,6938.0,-5.03,3708900,6860.0,6577.0,8880.0,4056.0
2026-07-24 15:51:03,2026-07-24 15:30,6624.0,6938.0,-4.53,4740900,6860.0,6577.0,8880.0,4056.0
2026-07-27 09:05:35,2026-07-24 15:30,6624.0,6938.0,-4.53,4740900,6860.0,6577.0,8880.0,4056.0
2026-07-27 09:10:59,2026-07-24 15:30,6624.0,6938.0,-4.53,4740900,6860.0,6577.0,8880.0,4056.0
2026-07-27 09:15:43,2026-07-27 09:00,6765.0,6938.0,-2.49,5099000,6794.0,6708.0,8880.0,4056.0
2026-07-27 09:20:38,2026-07-27 09:05,6717.0,6624.0,1.4,563600,6794.0,6690.0,8880.0,4056.0
2026-07-27 09:25:31,2026-07-27 09:10,6698.0,6624.0,1.12,669500,6794.0,6685.0,8880.0,4056.0
2026-07-27 09:30:36,2026-07-27 09:15,6723.0,6624.0,1.49,796600,6794.0,6678.0,8880.0,4056.0
2026-07-27 09:35:41,2026-07-27 09:20,6692.0,6624.0,1.03,884700,6794.0,6667.0,8880.0,4056.0
2026-07-27 09:40:34,2026-07-27 09:25,6697.0,6624.0,1.1,959100,6794.0,6667.0,8880.0,4056.0
2026-07-27 09:47:03,2026-07-27 09:32,6680.0,6624.0,0.85,1091500,6794.0,6667.0,8880.0,4056.0
2026-07-27 09:50:35,2026-07-27 09:35,6699.0,6624.0,1.13,1153500,6794.0,6667.0,8880.0,4056.0
2026-07-27 09:57:00,2026-07-27 09:42,6701.0,6624.0,1.16,1239300,6794.0,6667.0,8880.0,4056.0
2026-07-27 10:00:36,2026-07-27 09:45,6708.0,6624.0,1.27,1309500,6794.0,6667.0,8880.0,4056.0
2026-07-27 10:06:14,2026-07-27 09:51,6760.0,6624.0,2.05,1411700,6794.0,6667.0,8880.0,4056.0
2026-07-27 10:10:39,2026-07-27 09:55,6731.0,6624.0,1.62,1487900,6794.0,6667.0,8880.0,4056.0
2026-07-27 10:15:30,2026-07-27 10:00,6685.0,6624.0,0.92,1594800,6794.0,6667.0,8880.0,4056.0
2026-07-27 10:20:33,2026-07-27 10:05,6688.0,6624.0,0.97,1663700,6794.0,6667.0,8880.0,4056.0
2026-07-27 10:25:34,2026-07-27 10:10,6695.0,6624.0,1.07,1721700,6794.0,6667.0,8880.0,4056.0
2026-07-27 10:30:31,2026-07-27 10:15,6656.0,6624.0,0.48,1777500,6794.0,6653.0,8880.0,4056.0
2026-07-27 10:35:29,2026-07-27 10:20,6660.0,6624.0,0.54,1844200,6794.0,6653.0,8880.0,4056.0
2026-07-27 10:40:42,2026-07-27 10:25,6645.0,6624.0,0.32,1887700,6794.0,6644.0,8880.0,4056.0
2026-07-27 10:47:34,2026-07-27 10:32,6701.0,6624.0,1.16,1974500,6794.0,6641.0,8880.0,4056.0
2026-07-27 10:50:47,2026-07-27 10:35,6682.0,6624.0,0.88,2017400,6794.0,6641.0,8880.0,4056.0
2026-07-27 10:55:53,2026-07-27 10:40,6729.0,6624.0,1.59,2073300,6794.0,6641.0,8880.0,4056.0
2026-07-27 11:00:34,2026-07-27 10:45,6717.0,6624.0,1.4,2118100,6794.0,6641.0,8880.0,4056.0
2026-07-27 11:06:01,2026-07-27 10:50,6720.0,6624.0,1.45,2203700,6794.0,6641.0,8880.0,4056.0
2026-07-27 11:10:47,2026-07-27 10:55,6719.0,6624.0,1.43,2242900,6794.0,6641.0,8880.0,4056.0
2026-07-27 11:15:33,2026-07-27 11:00,6740.0,6624.0,1.75,2281200,6794.0,6641.0,8880.0,4056.0
2026-07-27 11:20:36,2026-07-27 11:05,6736.0,6624.0,1.69,2314200,6794.0,6641.0,8880.0,4056.0
2026-07-27 11:25:37,2026-07-27 11:10,6744.0,6624.0,1.81,2366300,6794.0,6641.0,8880.0,4056.0
2026-07-27 11:30:41,2026-07-27 11:15,6765.0,6624.0,2.13,2412800,6794.0,6641.0,8880.0,4056.0
2026-07-27 12:30:35,2026-07-27 11:30,6753.0,6624.0,1.95,2637500,6794.0,6641.0,8880.0,4056.0
2026-07-27 12:36:59,2026-07-27 11:30,6753.0,6624.0,1.95,2637500,6794.0,6641.0,8880.0,4056.0
2026-07-27 12:40:43,2026-07-27 11:30,6753.0,6624.0,1.95,2637500,6794.0,6641.0,8880.0,4056.0
2026-07-27 12:45:35,2026-07-27 12:30,6760.0,6624.0,2.05,2713400,6794.0,6641.0,8880.0,4056.0
2026-07-27 12:50:38,2026-07-27 12:35,6773.0,6624.0,2.25,2860300,6794.0,6641.0,8880.0,4056.0
2026-07-27 12:55:39,2026-07-27 12:40,6772.0,6624.0,2.23,2931000,6794.0,6641.0,8880.0,4056.0
2026-07-27 13:00:41,2026-07-27 12:45,6791.0,6624.0,2.52,3042000,6806.0,6641.0,8880.0,4056.0
2026-07-27 13:06:49,2026-07-27 12:51,6784.0,6624.0,2.42,3120200,6806.0,6641.0,8880.0,4056.0
2026-07-27 13:10:34,2026-07-27 12:55,6763.0,6624.0,2.1,3199600,6806.0,6641.0,8880.0,4056.0
2026-07-27 13:15:32,2026-07-27 13:00,6766.0,6624.0,2.14,3283100,6806.0,6641.0,8880.0,4056.0
2026-07-27 13:20:35,2026-07-27 13:05,6770.0,6624.0,2.2,3333800,6806.0,6641.0,8880.0,4056.0
2026-07-27 13:26:55,2026-07-27 13:11,6771.0,6624.0,2.22,3395000,6806.0,6641.0,8880.0,4056.0
2026-07-27 13:32:07,2026-07-27 13:17,6777.0,6624.0,2.31,3446000,6806.0,6641.0,8880.0,4056.0
2026-07-27 13:35:47,2026-07-27 13:20,6785.0,6624.0,2.43,3491600,6806.0,6641.0,8880.0,4056.0
2026-07-27 13:40:34,2026-07-27 13:25,6798.0,6624.0,2.63,3560200,6811.0,6641.0,8880.0,4056.0
2026-07-27 13:45:40,2026-07-27 13:30,6792.0,6624.0,2.54,3614700,6811.0,6641.0,8880.0,4056.0
2026-07-27 13:50:35,2026-07-27 13:35,6804.0,6624.0,2.72,3663300,6811.0,6641.0,8880.0,4056.0
2026-07-27 13:55:30,2026-07-27 13:40,6820.0,6624.0,2.96,3736300,6827.0,6641.0,8880.0,4056.0
2026-07-27 14:00:34,2026-07-27 13:45,6830.0,6624.0,3.11,3804300,6830.0,6641.0,8880.0,4056.0
2026-07-27 14:05:31,2026-07-27 13:50,6821.0,6624.0,2.97,3857000,6835.0,6641.0,8880.0,4056.0
2026-07-27 14:10:37,2026-07-27 13:55,6815.0,6624.0,2.88,3898800,6835.0,6641.0,8880.0,4056.0
2026-07-27 14:17:03,2026-07-27 14:01,6780.0,6624.0,2.36,3974300,6835.0,6641.0,8880.0,4056.0
2026-07-27 14:20:31,2026-07-27 14:05,6790.0,6624.0,2.51,4013400,6835.0,6641.0,8880.0,4056.0
2026-07-27 14:25:39,2026-07-27 14:10,6793.0,6624.0,2.55,4073600,6835.0,6641.0,8880.0,4056.0
2026-07-27 14:30:31,2026-07-27 14:15,6792.0,6624.0,2.54,4108200,6835.0,6641.0,8880.0,4056.0
2026-07-27 14:36:51,2026-07-27 14:21,6781.0,6624.0,2.37,4160100,6835.0,6641.0,8880.0,4056.0
2026-07-27 14:40:34,2026-07-27 14:25,6768.0,6624.0,2.17,4190600,6835.0,6641.0,8880.0,4056.0
2026-07-27 14:45:33,2026-07-27 14:30,6770.0,6624.0,2.2,4235100,6835.0,6641.0,8880.0,4056.0
2026-07-27 14:50:44,2026-07-27 14:35,6772.0,6624.0,2.23,4280200,6835.0,6641.0,8880.0,4056.0
2026-07-27 14:56:54,2026-07-27 14:41,6772.0,6624.0,2.23,4332500,6835.0,6641.0,8880.0,4056.0
2026-07-27 15:00:38,2026-07-27 14:45,6772.0,6624.0,2.23,4360800,6835.0,6641.0,8880.0,4056.0
2026-07-27 15:05:34,2026-07-27 14:50,6769.0,6624.0,2.19,4406200,6835.0,6641.0,8880.0,4056.0
2026-07-27 15:10:43,2026-07-27 14:55,6767.0,6624.0,2.16,4450500,6835.0,6641.0,8880.0,4056.0
2026-07-27 15:17:10,2026-07-27 15:02,6759.0,6624.0,2.04,4530100,6835.0,6641.0,8880.0,4056.0
2026-07-27 15:21:57,2026-07-27 15:06,6762.0,6624.0,2.08,4585000,6835.0,6641.0,8880.0,4056.0
2026-07-27 15:25:33,2026-07-27 15:10,6772.0,6624.0,2.23,4631600,6835.0,6641.0,8880.0,4056.0
2026-07-27 15:30:51,2026-07-27 15:15,6779.0,6624.0,2.34,4700800,6835.0,6641.0,8880.0,4056.0
2026-07-27 15:40:39,2026-07-27 15:24,6771.0,6624.0,2.22,4800400,6835.0,6641.0,8880.0,4056.0
2026-07-28 09:05:32,2026-07-27 15:30,6785.0,6624.0,2.43,5712300,6835.0,6641.0,8880.0,4056.0
2026-07-28 09:10:36,2026-07-27 15:30,6785.0,6624.0,2.43,5712300,6835.0,6641.0,8880.0,4056.0
2026-07-28 09:15:30,2026-07-27 15:30,6785.0,6624.0,2.43,5712300,6835.0,6641.0,8880.0,4056.0
2026-07-28 09:20:38,2026-07-28 09:05,6497.0,6785.0,-4.24,465200,6609.0,6489.0,8880.0,4056.0
2026-07-28 09:25:37,2026-07-28 09:10,6477.0,6785.0,-4.54,646600,6609.0,6465.0,8880.0,4056.0
2026-07-28 09:30:35,2026-07-28 09:15,6486.0,6785.0,-4.41,820000,6609.0,6459.0,8880.0,4056.0
2026-07-28 09:35:47,2026-07-28 09:20,6451.0,6785.0,-4.92,1001200,6609.0,6441.0,8880.0,4056.0
2026-07-28 09:40:35,2026-07-28 09:25,6435.0,6785.0,-5.16,1116900,6609.0,6435.0,8880.0,4056.0
2026-07-28 09:45:50,2026-07-28 09:30,6428.0,6785.0,-5.26,1272700,6609.0,6422.0,8880.0,4056.0
2026-07-28 09:50:30,2026-07-28 09:35,6445.0,6785.0,-5.01,1544900,6609.0,6397.0,8880.0,4056.0
2026-07-28 09:55:32,2026-07-28 09:40,6427.0,6785.0,-5.28,1750200,6609.0,6397.0,8880.0,4056.0
2026-07-28 10:00:43,2026-07-28 09:45,6426.0,6785.0,-5.29,1822800,6609.0,6397.0,8880.0,4056.0
2026-07-28 10:05:43,2026-07-28 09:50,6390.0,6785.0,-5.82,1905100,6609.0,6389.0,8880.0,4056.0
2026-07-28 10:10:41,2026-07-28 09:55,6380.0,6785.0,-5.97,1971600,6609.0,6377.0,8880.0,4056.0
2026-07-28 10:15:30,2026-07-28 10:00,6397.0,6785.0,-5.72,2030700,6609.0,6375.0,8880.0,4056.0
2026-07-28 10:20:44,2026-07-28 10:05,6407.0,6785.0,-5.57,2100600,6609.0,6375.0,8880.0,4056.0
2026-07-28 10:25:44,2026-07-28 10:10,6380.0,6785.0,-5.97,2150300,6609.0,6375.0,8880.0,4056.0
2026-07-28 10:30:30,2026-07-28 10:15,6376.0,6785.0,-6.03,2221900,6609.0,6367.0,8880.0,4056.0
2026-07-28 10:35:37,2026-07-28 10:20,6365.0,6785.0,-6.19,2287500,6609.0,6361.0,8880.0,4056.0
2026-07-28 10:40:35,2026-07-28 10:25,6386.0,6785.0,-5.88,2345600,6609.0,6361.0,8880.0,4056.0
2026-07-28 10:45:32,2026-07-28 10:30,6386.0,6785.0,-5.88,2390700,6609.0,6361.0,8880.0,4056.0
2026-07-28 10:50:28,2026-07-28 10:35,6409.0,6785.0,-5.54,2430100,6609.0,6361.0,8880.0,4056.0
2026-07-28 10:55:39,2026-07-28 10:40,6386.0,6785.0,-5.88,2466700,6609.0,6361.0,8880.0,4056.0
2026-07-28 11:00:36,2026-07-28 10:45,6399.0,6785.0,-5.69,2512900,6609.0,6361.0,8880.0,4056.0
2026-07-28 11:05:47,2026-07-28 10:50,6410.0,6785.0,-5.53,2566000,6609.0,6361.0,8880.0,4056.0
2026-07-28 11:10:33,2026-07-28 10:55,6383.0,6785.0,-5.92,2616100,6609.0,6361.0,8880.0,4056.0
2026-07-28 11:15:42,2026-07-28 11:00,6364.0,6785.0,-6.2,2677000,6609.0,6361.0,8880.0,4056.0
2026-07-28 11:20:38,2026-07-28 11:05,6355.0,6785.0,-6.34,2733000,6609.0,6352.0,8880.0,4056.0
2026-07-28 11:25:34,2026-07-28 11:10,6358.0,6785.0,-6.29,2811500,6609.0,6349.0,8880.0,4056.0
2026-07-28 11:30:36,2026-07-28 11:15,6338.0,6785.0,-6.59,2868300,6609.0,6337.0,8880.0,4056.0
2026-07-28 12:30:28,2026-07-28 11:30,6345.0,6785.0,-6.48,3056200,6609.0,6333.0,8880.0,4056.0
2026-07-28 12:35:35,2026-07-28 11:30,6345.0,6785.0,-6.48,3056200,6609.0,6333.0,8880.0,4056.0
2026-07-28 12:40:40,2026-07-28 11:30,6345.0,6785.0,-6.48,3056200,6609.0,6333.0,8880.0,4056.0
2026-07-28 12:45:31,2026-07-28 12:30,6348.0,6785.0,-6.44,3156400,6609.0,6333.0,8880.0,4056.0
2026-07-28 12:50:47,2026-07-28 12:35,6387.0,6785.0,-5.87,3259300,6609.0,6333.0,8880.0,4056.0
2026-07-28 12:55:38,2026-07-28 12:40,6413.0,6785.0,-5.48,3342600,6609.0,6333.0,8880.0,4056.0
2026-07-28 13:00:36,2026-07-28 12:45,6413.0,6785.0,-5.48,3412800,6609.0,6333.0,8880.0,4056.0
2026-07-28 13:05:32,2026-07-28 12:50,6402.0,6785.0,-5.64,3454700,6609.0,6333.0,8880.0,4056.0
2026-07-28 13:10:41,2026-07-28 12:55,6383.0,6785.0,-5.92,3512200,6609.0,6333.0,8880.0,4056.0
2026-07-28 13:15:32,2026-07-28 13:00,6380.0,6785.0,-5.97,3563100,6609.0,6333.0,8880.0,4056.0
2026-07-28 13:20:34,2026-07-28 13:05,6374.0,6785.0,-6.06,3612100,6609.0,6333.0,8880.0,4056.0
2026-07-28 13:25:41,2026-07-28 13:10,6366.0,6785.0,-6.18,3666900,6609.0,6333.0,8880.0,4056.0
2026-07-28 13:30:37,2026-07-28 13:15,6352.0,6785.0,-6.38,3720900,6609.0,6333.0,8880.0,4056.0
2026-07-28 13:35:35,2026-07-28 13:20,6373.0,6785.0,-6.07,3779500,6609.0,6333.0,8880.0,4056.0
2026-07-28 13:40:37,2026-07-28 13:25,6372.0,6785.0,-6.09,3818300,6609.0,6333.0,8880.0,4056.0
2026-07-28 13:45:32,2026-07-28 13:30,6370.0,6785.0,-6.12,3857500,6609.0,6333.0,8880.0,4056.0
2026-07-28 13:50:41,2026-07-28 13:35,6376.0,6785.0,-6.03,3898200,6609.0,6333.0,8880.0,4056.0
2026-07-28 13:55:40,2026-07-28 13:40,6391.0,6785.0,-5.81,3972300,6609.0,6333.0,8880.0,4056.0
2026-07-28 14:00:30,2026-07-28 13:45,6401.0,6785.0,-5.66,4010900,6609.0,6333.0,8880.0,4056.0
2026-07-28 14:05:44,2026-07-28 13:50,6402.0,6785.0,-5.64,4070900,6609.0,6333.0,8880.0,4056.0
2026-07-28 14:10:33,2026-07-28 13:55,6408.0,6785.0,-5.56,4102000,6609.0,6333.0,8880.0,4056.0
2026-07-28 14:15:31,2026-07-28 14:00,6397.0,6785.0,-5.72,4133700,6609.0,6333.0,8880.0,4056.0
2026-07-28 14:20:38,2026-07-28 14:05,6394.0,6785.0,-5.76,4175700,6609.0,6333.0,8880.0,4056.0
2026-07-28 14:25:36,2026-07-28 14:10,6386.0,6785.0,-5.88,4215900,6609.0,6333.0,8880.0,4056.0
2026-07-28 14:30:32,2026-07-28 14:15,6371.0,6785.0,-6.1,4262100,6609.0,6333.0,8880.0,4056.0
2026-07-28 14:35:50,2026-07-28 14:20,6372.0,6785.0,-6.09,4296000,6609.0,6333.0,8880.0,4056.0
2026-07-28 14:40:40,2026-07-28 14:25,6369.0,6785.0,-6.13,4332700,6609.0,6333.0,8880.0,4056.0
2026-07-28 14:45:31,2026-07-28 14:30,6368.0,6785.0,-6.15,4384000,6609.0,6333.0,8880.0,4056.0
2026-07-28 14:50:39,2026-07-28 14:35,6348.0,6785.0,-6.44,4446000,6609.0,6333.0,8880.0,4056.0
2026-07-28 14:55:35,2026-07-28 14:40,6370.0,6785.0,-6.12,4529800,6609.0,6333.0,8880.0,4056.0
2026-07-28 15:00:40,2026-07-28 14:45,6353.0,6785.0,-6.37,4654200,6609.0,6333.0,8880.0,4056.0
2026-07-28 15:05:48,2026-07-28 14:50,6355.0,6785.0,-6.34,4723100,6609.0,6333.0,8880.0,4056.0
2026-07-28 15:10:49,2026-07-28 14:55,6355.0,6785.0,-6.34,4789500,6609.0,6333.0,8880.0,4056.0
2026-07-28 15:15:48,2026-07-28 15:00,6346.0,6785.0,-6.47,4869900,6609.0,6333.0,8880.0,4056.0
2026-07-28 15:20:40,2026-07-28 15:05,6333.0,6785.0,-6.66,4940500,6609.0,6333.0,8880.0,4056.0
2026-07-28 15:25:35,2026-07-28 15:10,6336.0,6785.0,-6.62,4995200,6609.0,6332.0,8880.0,4056.0
2026-07-28 15:30:37,2026-07-28 15:15,6335.0,6785.0,-6.63,5108300,6609.0,6321.0,8880.0,4056.0
2026-07-28 15:40:33,2026-07-28 15:24,6345.0,6785.0,-6.48,5284900,6609.0,6321.0,8880.0,4056.0
2026-07-29 09:10:44,2026-07-28 15:30,6373.0,6785.0,-6.07,6478600,6609.0,6321.0,8880.0,4056.0
2026-07-29 09:15:30,2026-07-28 15:30,6373.0,6785.0,-6.07,6478600,6609.0,6321.0,8880.0,4056.0
2026-07-29 09:20:37,2026-07-29 09:05,6456.0,6373.0,1.3,611000,6473.0,6375.0,8880.0,4056.0
2026-07-29 09:25:33,2026-07-29 09:10,6544.0,6373.0,2.68,840000,6564.0,6375.0,8880.0,4056.0
2026-07-29 09:30:31,2026-07-29 09:15,6556.0,6373.0,2.87,1035800,6587.0,6375.0,8880.0,4056.0
2026-07-29 09:35:50,2026-07-29 09:20,6594.0,6373.0,3.47,1338700,6604.0,6375.0,8880.0,4056.0
2026-07-29 09:40:35,2026-07-29 09:25,6591.0,6373.0,3.42,1484400,6617.0,6375.0,8880.0,4056.0
2026-07-29 09:45:42,2026-07-29 09:30,6527.0,6373.0,2.42,1646600,6617.0,6375.0,8880.0,4056.0
2026-07-29 09:50:38,2026-07-29 09:35,6521.0,6373.0,2.32,1783200,6617.0,6375.0,8880.0,4056.0
2026-07-29 09:55:40,2026-07-29 09:40,6579.0,6373.0,3.23,1929500,6617.0,6375.0,8880.0,4056.0
2026-07-29 10:00:35,2026-07-29 09:45,6585.0,6373.0,3.33,2076400,6617.0,6375.0,8880.0,4056.0
2026-07-29 10:05:33,2026-07-29 09:50,6566.0,6373.0,3.03,2189900,6617.0,6375.0,8880.0,4056.0
2026-07-29 10:10:42,2026-07-29 09:55,6563.0,6373.0,2.98,2359300,6617.0,6375.0,8880.0,4056.0
2026-07-29 10:15:39,2026-07-29 10:00,6537.0,6373.0,2.57,2567000,6617.0,6375.0,8880.0,4056.0
2026-07-29 10:20:33,2026-07-29 10:05,6534.0,6373.0,2.53,2765200,6617.0,6375.0,8880.0,4056.0
2026-07-29 10:25:35,2026-07-29 10:10,6498.0,6373.0,1.96,2917900,6617.0,6375.0,8880.0,4056.0
2026-07-29 10:30:30,2026-07-29 10:15,6462.0,6373.0,1.4,3064800,6617.0,6375.0,8880.0,4056.0
2026-07-29 10:35:34,2026-07-29 10:20,6498.0,6373.0,1.96,3411400,6617.0,6375.0,8880.0,4056.0
2026-07-29 10:40:35,2026-07-29 10:25,6551.0,6373.0,2.79,3591500,6617.0,6375.0,8880.0,4056.0
2026-07-29 10:45:31,2026-07-29 10:30,6545.0,6373.0,2.7,3695800,6617.0,6375.0,8880.0,4056.0
2026-07-29 10:50:45,2026-07-29 10:35,6512.0,6373.0,2.18,3783800,6617.0,6375.0,8880.0,4056.0
2026-07-29 10:55:35,2026-07-29 10:40,6498.0,6373.0,1.96,3837000,6617.0,6375.0,8880.0,4056.0
2026-07-29 11:00:46,2026-07-29 10:45,6466.0,6373.0,1.46,3909500,6617.0,6375.0,8880.0,4056.0
2026-07-29 11:05:45,2026-07-29 10:50,6428.0,6373.0,0.86,3979400,6617.0,6375.0,8880.0,4056.0
2026-07-29 11:10:38,2026-07-29 10:55,6414.0,6373.0,0.64,4050400,6617.0,6375.0,8880.0,4056.0
2026-07-29 11:15:31,2026-07-29 11:00,6361.0,6373.0,-0.19,4147200,6617.0,6356.0,8880.0,4056.0
2026-07-29 11:20:37,2026-07-29 11:05,6368.0,6373.0,-0.08,4274200,6617.0,6346.0,8880.0,4056.0
2026-07-29 11:25:32,2026-07-29 11:10,6390.0,6373.0,0.27,4382100,6617.0,6346.0,8880.0,4056.0
2026-07-29 11:30:43,2026-07-29 11:15,6394.0,6373.0,0.33,4463500,6617.0,6346.0,8880.0,4056.0
2026-07-29 12:30:40,2026-07-29 11:30,6428.0,6373.0,0.86,4768200,6617.0,6346.0,8880.0,4056.0
2026-07-29 12:35:35,2026-07-29 11:30,6428.0,6373.0,0.86,4768200,6617.0,6346.0,8880.0,4056.0
2026-07-29 12:40:34,2026-07-29 11:30,6428.0,6373.0,0.86,4768200,6617.0,6346.0,8880.0,4056.0
2026-07-29 12:45:40,2026-07-29 12:30,6375.0,6373.0,0.03,4881200,6617.0,6346.0,8880.0,4056.0
2026-07-29 12:50:34,2026-07-29 12:35,6357.0,6373.0,-0.25,5023700,6617.0,6339.0,8880.0,4056.0
2026-07-29 12:55:31,2026-07-29 12:40,6327.0,6373.0,-0.72,5142700,6617.0,6321.0,8880.0,4056.0
2026-07-29 13:00:35,2026-07-29 12:45,6352.0,6373.0,-0.33,5241900,6617.0,6304.0,8880.0,4056.0
2026-07-29 13:05:39,2026-07-29 12:50,6317.0,6373.0,-0.88,5312700,6617.0,6304.0,8880.0,4056.0
2026-07-29 13:10:47,2026-07-29 12:55,6300.0,6373.0,-1.15,5459900,6617.0,6298.0,8880.0,4056.0
2026-07-29 13:15:34,2026-07-29 13:00,6276.0,6373.0,-1.52,5578700,6617.0,6276.0,8880.0,4056.0
2026-07-29 13:20:33,2026-07-29 13:05,6253.0,6373.0,-1.88,5700100,6617.0,6246.0,8880.0,4056.0
2026-07-29 13:25:41,2026-07-29 13:10,6253.0,6373.0,-1.88,5786200,6617.0,6241.0,8880.0,4056.0
2026-07-29 13:30:37,2026-07-29 13:15,6236.0,6373.0,-2.15,5878700,6617.0,6236.0,8880.0,4056.0
2026-07-29 13:35:42,2026-07-29 13:20,6242.0,6373.0,-2.06,5997400,6617.0,6227.0,8880.0,4056.0
2026-07-29 13:40:42,2026-07-29 13:25,6249.0,6373.0,-1.95,6087500,6617.0,6227.0,8880.0,4056.0
2026-07-29 13:45:45,2026-07-29 13:30,6243.0,6373.0,-2.04,6159700,6617.0,6227.0,8880.0,4056.0
2026-07-29 13:50:29,2026-07-29 13:35,6235.0,6373.0,-2.17,6221000,6617.0,6227.0,8880.0,4056.0
2026-07-29 13:55:39,2026-07-29 13:40,6234.0,6373.0,-2.18,6294800,6617.0,6227.0,8880.0,4056.0
2026-07-29 14:00:32,2026-07-29 13:45,6226.0,6373.0,-2.31,6351300,6617.0,6224.0,8880.0,4056.0
2026-07-29 14:05:44,2026-07-29 13:50,6295.0,6373.0,-1.22,6444000,6617.0,6223.0,8880.0,4056.0
2026-07-29 14:10:37,2026-07-29 13:55,6335.0,6373.0,-0.6,6557900,6617.0,6223.0,8880.0,4056.0
2026-07-29 14:15:36,2026-07-29 14:00,6346.0,6373.0,-0.42,6665400,6617.0,6223.0,8880.0,4056.0
2026-07-29 14:20:43,2026-07-29 14:05,6325.0,6373.0,-0.75,6740100,6617.0,6223.0,8880.0,4056.0
2026-07-29 14:25:42,2026-07-29 14:10,6371.0,6373.0,-0.03,6820500,6617.0,6223.0,8880.0,4056.0
2026-07-29 14:30:40,2026-07-29 14:15,6364.0,6373.0,-0.14,6890100,6617.0,6223.0,8880.0,4056.0
2026-07-29 14:35:47,2026-07-29 14:20,6354.0,6373.0,-0.3,6955200,6617.0,6223.0,8880.0,4056.0
2026-07-29 14:40:31,2026-07-29 14:25,6382.0,6373.0,0.14,7027900,6617.0,6223.0,8880.0,4056.0
2026-07-29 14:45:42,2026-07-29 14:30,6368.0,6373.0,-0.08,7091000,6617.0,6223.0,8880.0,4056.0
2026-07-29 14:50:47,2026-07-29 14:35,6393.0,6373.0,0.31,7179400,6617.0,6223.0,8880.0,4056.0
2026-07-29 14:55:33,2026-07-29 14:40,6390.0,6373.0,0.27,7236300,6617.0,6223.0,8880.0,4056.0
2026-07-29 15:00:33,2026-07-29 14:45,6404.0,6373.0,0.49,7303700,6617.0,6223.0,8880.0,4056.0
2026-07-29 15:05:41,2026-07-29 14:50,6406.0,6373.0,0.52,7427000,6617.0,6223.0,8880.0,4056.0
2026-07-29 15:10:41,2026-07-29 14:55,6405.0,6373.0,0.5,7502300,6617.0,6223.0,8880.0,4056.0
2026-07-29 15:15:52,2026-07-29 15:00,6405.0,6373.0,0.5,7612200,6617.0,6223.0,8880.0,4056.0
2026-07-29 15:20:39,2026-07-29 15:05,6397.0,6373.0,0.38,7686200,6617.0,6223.0,8880.0,4056.0
2026-07-29 15:25:33,2026-07-29 15:10,6377.0,6373.0,0.06,7787200,6617.0,6223.0,8880.0,4056.0
2026-07-29 15:30:40,2026-07-29 15:15,6398.0,6373.0,0.39,7889500,6617.0,6223.0,8880.0,4056.0
2026-07-29 15:40:36,2026-07-29 15:24,6446.0,6373.0,1.15,8096000,6617.0,6223.0,8880.0,4056.0
2026-07-30 09:05:38,2026-07-29 15:30,6463.0,6373.0,1.41,9585200,6617.0,6223.0,8880.0,4056.0
2026-07-30 09:10:42,2026-07-29 15:30,6463.0,6373.0,1.41,9585200,6617.0,6223.0,8880.0,4056.0
2026-07-30 09:15:31,2026-07-30 09:00,6463.0,6373.0,1.41,9830800,6450.0,6360.0,8880.0,4056.0
2026-07-30 09:20:33,2026-07-30 09:05,6472.0,6463.0,0.14,473700,6489.0,6360.0,8880.0,4056.0
2026-07-30 09:25:30,2026-07-30 09:10,6564.0,6463.0,1.56,670300,6565.0,6360.0,8880.0,4056.0
2026-07-30 09:30:33,2026-07-30 09:15,6579.0,6463.0,1.79,885600,6602.0,6360.0,8880.0,4056.0
2026-07-30 09:35:45,2026-07-30 09:20,6629.0,6463.0,2.57,1131100,6649.0,6360.0,8880.0,4056.0
2026-07-30 09:40:44,2026-07-30 09:25,6637.0,6463.0,2.69,1299300,6649.0,6360.0,8880.0,4056.0
2026-07-30 09:45:31,2026-07-30 09:30,6661.0,6463.0,3.06,1446700,6680.0,6360.0,8880.0,4056.0
2026-07-30 09:50:38,2026-07-30 09:35,6637.0,6463.0,2.69,1570900,6680.0,6360.0,8880.0,4056.0
2026-07-30 09:55:42,2026-07-30 09:40,6589.0,6463.0,1.95,1704800,6680.0,6360.0,8880.0,4056.0
2026-07-30 10:00:37,2026-07-30 09:45,6556.0,6463.0,1.44,1825500,6680.0,6360.0,8880.0,4056.0
2026-07-30 10:05:38,2026-07-30 09:50,6558.0,6463.0,1.47,1956900,6680.0,6360.0,8880.0,4056.0
2026-07-30 10:10:50,2026-07-30 09:55,6605.0,6463.0,2.2,2049700,6680.0,6360.0,8880.0,4056.0
2026-07-30 10:15:30,2026-07-30 10:00,6622.0,6463.0,2.46,2142400,6680.0,6360.0,8880.0,4056.0
2026-07-30 10:20:36,2026-07-30 10:05,6668.0,6463.0,3.17,2267300,6680.0,6360.0,8880.0,4056.0
2026-07-30 10:25:30,2026-07-30 10:10,6650.0,6463.0,2.89,2430800,6705.0,6360.0,8880.0,4056.0
2026-07-30 10:30:34,2026-07-30 10:15,6641.0,6463.0,2.75,2519600,6705.0,6360.0,8880.0,4056.0
2026-07-30 10:35:31,2026-07-30 10:20,6672.0,6463.0,3.23,2611600,6705.0,6360.0,8880.0,4056.0
2026-07-30 10:40:32,2026-07-30 10:25,6696.0,6463.0,3.61,2700500,6705.0,6360.0,8880.0,4056.0
2026-07-30 10:45:30,2026-07-30 10:30,6712.0,6463.0,3.85,2806800,6715.0,6360.0,8880.0,4056.0
2026-07-30 10:50:33,2026-07-30 10:35,6742.0,6463.0,4.32,2908000,6742.0,6360.0,8880.0,4056.0
2026-07-30 10:55:38,2026-07-30 10:40,6744.0,6463.0,4.35,2990200,6748.0,6360.0,8880.0,4056.0
2026-07-30 11:00:41,2026-07-30 10:45,6718.0,6463.0,3.95,3074000,6752.0,6360.0,8880.0,4056.0
2026-07-30 11:05:38,2026-07-30 10:50,6704.0,6463.0,3.73,3140900,6752.0,6360.0,8880.0,4056.0
2026-07-30 11:10:54,2026-07-30 10:55,6724.0,6463.0,4.04,3197300,6752.0,6360.0,8880.0,4056.0
2026-07-30 11:15:34,2026-07-30 11:00,6740.0,6463.0,4.29,3251300,6752.0,6360.0,8880.0,4056.0
2026-07-30 11:20:34,2026-07-30 11:05,6696.0,6463.0,3.61,3321400,6752.0,6360.0,8880.0,4056.0
2026-07-30 11:25:32,2026-07-30 11:10,6684.0,6463.0,3.42,3376800,6752.0,6360.0,8880.0,4056.0
2026-07-30 11:30:38,2026-07-30 11:15,6672.0,6463.0,3.23,3443400,6752.0,6360.0,8880.0,4056.0
2026-07-30 12:30:31,2026-07-30 11:30,6687.0,6463.0,3.47,3643700,6752.0,6360.0,8880.0,4056.0
2026-07-30 12:35:37,2026-07-30 11:30,6687.0,6463.0,3.47,3643700,6752.0,6360.0,8880.0,4056.0
2026-07-30 12:40:33,2026-07-30 11:30,6687.0,6463.0,3.47,3643700,6752.0,6360.0,8880.0,4056.0
2026-07-30 12:45:36,2026-07-30 12:30,6617.0,6463.0,2.38,3773000,6752.0,6360.0,8880.0,4056.0
2026-07-30 12:50:31,2026-07-30 12:35,6671.0,6463.0,3.22,3906100,6752.0,6360.0,8880.0,4056.0
2026-07-30 12:55:42,2026-07-30 12:40,6646.0,6463.0,2.83,4009000,6752.0,6360.0,8880.0,4056.0
2026-07-30 13:00:43,2026-07-30 12:45,6671.0,6463.0,3.22,4077400,6752.0,6360.0,8880.0,4056.0
2026-07-30 13:05:29,2026-07-30 12:50,6684.0,6463.0,3.42,4169200,6752.0,6360.0,8880.0,4056.0
2026-07-30 13:10:39,2026-07-30 12:55,6681.0,6463.0,3.37,4257300,6752.0,6360.0,8880.0,4056.0
2026-07-30 13:15:34,2026-07-30 13:00,6642.0,6463.0,2.77,4329700,6752.0,6360.0,8880.0,4056.0
2026-07-30 13:20:29,2026-07-30 13:05,6643.0,6463.0,2.79,4386300,6752.0,6360.0,8880.0,4056.0
2026-07-30 13:25:33,2026-07-30 13:10,6616.0,6463.0,2.37,4453200,6752.0,6360.0,8880.0,4056.0
2026-07-30 13:30:34,2026-07-30 13:15,6595.0,6463.0,2.04,4519800,6752.0,6360.0,8880.0,4056.0
2026-07-30 13:35:33,2026-07-30 13:20,6591.0,6463.0,1.98,4594900,6752.0,6360.0,8880.0,4056.0
2026-07-30 13:40:30,2026-07-30 13:25,6609.0,6463.0,2.26,4654900,6752.0,6360.0,8880.0,4056.0
2026-07-30 13:45:32,2026-07-30 13:30,6617.0,6463.0,2.38,4706300,6752.0,6360.0,8880.0,4056.0
2026-07-30 13:50:34,2026-07-30 13:35,6619.0,6463.0,2.41,4760000,6752.0,6360.0,8880.0,4056.0
2026-07-30 13:55:40,2026-07-30 13:40,6604.0,6463.0,2.18,4834100,6752.0,6360.0,8880.0,4056.0
2026-07-30 14:00:50,2026-07-30 13:45,6611.0,6463.0,2.29,4905000,6752.0,6360.0,8880.0,4056.0
2026-07-30 14:05:37,2026-07-30 13:50,6601.0,6463.0,2.14,4975000,6752.0,6360.0,8880.0,4056.0
2026-07-30 14:10:30,2026-07-30 13:55,6609.0,6463.0,2.26,5048000,6752.0,6360.0,8880.0,4056.0
2026-07-30 14:15:30,2026-07-30 14:00,6573.0,6463.0,1.7,5121900,6752.0,6360.0,8880.0,4056.0
2026-07-30 14:20:28,2026-07-30 14:05,6565.0,6463.0,1.58,5194100,6752.0,6360.0,8880.0,4056.0
2026-07-30 14:25:39,2026-07-30 14:10,6574.0,6463.0,1.72,5248500,6752.0,6360.0,8880.0,4056.0
2026-07-30 14:30:39,2026-07-30 14:15,6593.0,6463.0,2.01,5313300,6752.0,6360.0,8880.0,4056.0
2026-07-30 14:35:31,2026-07-30 14:20,6622.0,6463.0,2.46,5385500,6752.0,6360.0,8880.0,4056.0
2026-07-30 14:40:45,2026-07-30 14:25,6620.0,6463.0,2.43,5455600,6752.0,6360.0,8880.0,4056.0
2026-07-30 14:45:29,2026-07-30 14:30,6609.0,6463.0,2.26,5536900,6752.0,6360.0,8880.0,4056.0
2026-07-30 14:50:40,2026-07-30 14:35,6627.0,6463.0,2.54,5607900,6752.0,6360.0,8880.0,4056.0
2026-07-30 14:55:40,2026-07-30 14:40,6643.0,6463.0,2.79,5780700,6752.0,6360.0,8880.0,4056.0
2026-07-30 15:00:31,2026-07-30 14:45,6660.0,6463.0,3.05,5856100,6752.0,6360.0,8880.0,4056.0
2026-07-30 15:05:36,2026-07-30 14:50,6630.0,6463.0,2.58,5937900,6752.0,6360.0,8880.0,4056.0
2026-07-30 15:10:50,2026-07-30 14:55,6597.0,6463.0,2.07,6006500,6752.0,6360.0,8880.0,4056.0
2026-07-30 15:15:36,2026-07-30 15:00,6599.0,6463.0,2.1,6080600,6752.0,6360.0,8880.0,4056.0
2026-07-30 15:20:36,2026-07-30 15:05,6612.0,6463.0,2.31,6142200,6752.0,6360.0,8880.0,4056.0
2026-07-30 15:25:33,2026-07-30 15:10,6602.0,6463.0,2.15,6286900,6752.0,6360.0,8880.0,4056.0
2026-07-30 15:30:38,2026-07-30 15:15,6584.0,6463.0,1.87,6367600,6752.0,6360.0,8880.0,4056.0
2026-07-30 15:40:31,2026-07-30 15:24,6589.0,6463.0,1.95,6526400,6752.0,6360.0,8880.0,4056.0
2026-07-31 09:05:35,2026-07-30 15:30,6624.0,6463.0,2.49,7958800,6752.0,6360.0,8880.0,4056.0
2026-07-31 09:10:45,2026-07-30 15:30,6624.0,6463.0,2.49,7958800,6752.0,6360.0,8880.0,4056.0
2026-07-31 09:15:37,2026-07-30 15:30,6624.0,6463.0,2.49,7958800,6752.0,6360.0,8880.0,4056.0
2026-07-31 09:20:36,2026-07-30 15:30,6624.0,6463.0,2.49,7958800,6752.0,6360.0,8880.0,4056.0
2026-07-31 09:25:37,2026-07-30 15:30,6624.0,6624.0,0.0,7958800,6752.0,6360.0,8880.0,4056.0
2026-07-31 09:30:45,2026-07-31 09:15,7015.0,6624.0,5.9,1106100,7095.0,7006.0,8880.0,4056.0
2026-07-31 09:35:40,2026-07-31 09:20,7004.0,6624.0,5.74,1488000,7095.0,6959.0,8880.0,4056.0
2026-07-31 09:40:29,2026-07-31 09:25,7080.0,6624.0,6.88,1743600,7095.0,6959.0,8880.0,4056.0
2026-07-31 09:45:40,2026-07-31 09:30,7124.0,6624.0,7.55,1996200,7124.0,6959.0,8880.0,4056.0
2026-07-31 09:50:32,2026-07-31 09:35,7134.0,6624.0,7.7,2214100,7158.0,6959.0,8880.0,4056.0
2026-07-31 09:55:32,2026-07-31 09:40,7154.0,6624.0,8.0,2419200,7168.0,6959.0,8880.0,4056.0
2026-07-31 10:00:32,2026-07-31 09:45,7106.0,6624.0,7.28,2620600,7168.0,6959.0,8880.0,4056.0
2026-07-31 10:05:33,2026-07-31 09:50,7073.0,6624.0,6.78,2778100,7168.0,6959.0,8880.0,4056.0
2026-07-31 10:10:41,2026-07-31 09:55,7120.0,6624.0,7.49,2924800,7168.0,6959.0,8880.0,4056.0
2026-07-31 10:15:30,2026-07-31 10:00,7124.0,6624.0,7.55,3038500,7168.0,6959.0,8880.0,4056.0
2026-07-31 10:20:30,2026-07-31 10:05,7154.0,6624.0,8.0,3155800,7168.0,6959.0,8880.0,4056.0
2026-07-31 10:25:39,2026-07-31 10:10,7210.0,6624.0,8.85,3362000,7214.0,6959.0,8880.0,4056.0
2026-07-31 10:30:39,2026-07-31 10:15,7215.0,6624.0,8.92,3490800,7217.0,6959.0,8880.0,4056.0
2026-07-31 10:35:34,2026-07-31 10:20,7234.0,6624.0,9.21,3617300,7239.0,6959.0,8880.0,4056.0
2026-07-31 10:40:33,2026-07-31 10:25,7227.0,6624.0,9.1,3724400,7240.0,6959.0,8880.0,4056.0
2026-07-31 10:45:38,2026-07-31 10:30,7215.0,6624.0,8.92,3843600,7240.0,6959.0,8880.0,4056.0
2026-07-31 10:50:40,2026-07-31 10:35,7195.0,6624.0,8.62,3933300,7240.0,6959.0,8880.0,4056.0
2026-07-31 10:55:30,2026-07-31 10:40,7202.0,6624.0,8.73,4020500,7240.0,6959.0,8880.0,4056.0
2026-07-31 11:00:40,2026-07-31 10:45,7205.0,6624.0,8.77,4108000,7240.0,6959.0,8880.0,4056.0
2026-07-31 11:05:31,2026-07-31 10:50,7181.0,6624.0,8.41,4187400,7240.0,6959.0,8880.0,4056.0
2026-07-31 11:10:34,2026-07-31 10:55,7191.0,6624.0,8.56,4283100,7240.0,6959.0,8880.0,4056.0
2026-07-31 11:15:39,2026-07-31 11:00,7197.0,6624.0,8.65,4353700,7240.0,6959.0,8880.0,4056.0
2026-07-31 11:20:34,2026-07-31 11:05,7147.0,6624.0,7.9,4419500,7240.0,6959.0,8880.0,4056.0
2026-07-31 11:25:31,2026-07-31 11:10,7155.0,6624.0,8.02,4507700,7240.0,6959.0,8880.0,4056.0
2026-07-31 11:30:44,2026-07-31 11:15,7107.0,6624.0,7.29,4634800,7240.0,6959.0,8880.0,4056.0
2026-07-31 12:30:47,2026-07-31 11:30,7080.0,6624.0,6.88,4856800,7240.0,6959.0,8880.0,4056.0
2026-07-31 12:35:44,2026-07-31 11:30,7080.0,6624.0,6.88,4856800,7240.0,6959.0,8880.0,4056.0
2026-07-31 12:40:34,2026-07-31 11:30,7080.0,6624.0,6.88,4856800,7240.0,6959.0,8880.0,4056.0
2026-07-31 12:45:38,2026-07-31 12:30,7083.0,6624.0,6.93,4974300,7240.0,6959.0,8880.0,4056.0
2026-07-31 12:50:31,2026-07-31 12:35,7065.0,6624.0,6.66,5157600,7240.0,6959.0,8880.0,4056.0
2026-07-31 12:55:37,2026-07-31 12:40,7038.0,6624.0,6.25,5256000,7240.0,6959.0,8880.0,4056.0
2026-07-31 13:00:37,2026-07-31 12:45,7043.0,6624.0,6.33,5346400,7240.0,6959.0,8880.0,4056.0
2026-07-31 13:05:40,2026-07-31 12:50,7021.0,6624.0,5.99,5455300,7240.0,6959.0,8880.0,4056.0
2026-07-31 13:10:30,2026-07-31 12:55,7065.0,6624.0,6.66,5563700,7240.0,6959.0,8880.0,4056.0
2026-07-31 13:15:38,2026-07-31 13:00,7059.0,6624.0,6.57,5707800,7240.0,6959.0,8880.0,4056.0
2026-07-31 13:20:37,2026-07-31 13:05,7082.0,6624.0,6.91,5793600,7240.0,6959.0,8880.0,4056.0
2026-07-31 13:25:34,2026-07-31 13:10,7083.0,6624.0,6.93,5872700,7240.0,6959.0,8880.0,4056.0
2026-07-31 13:30:30,2026-07-31 13:15,7067.0,6624.0,6.69,5940600,7240.0,6959.0,8880.0,4056.0
2026-07-31 13:35:35,2026-07-31 13:20,7061.0,6624.0,6.6,5994400,7240.0,6959.0,8880.0,4056.0
2026-07-31 13:40:37,2026-07-31 13:25,7055.0,6624.0,6.51,6112400,7240.0,6959.0,8880.0,4056.0
2026-07-31 13:45:43,2026-07-31 13:30,7086.0,6624.0,6.97,6181100,7240.0,6959.0,8880.0,4056.0
2026-07-31 13:50:34,2026-07-31 13:35,7094.0,6624.0,7.1,6233000,7240.0,6959.0,8880.0,4056.0
2026-07-31 13:55:42,2026-07-31 13:40,7091.0,6624.0,7.05,6284900,7240.0,6959.0,8880.0,4056.0
2026-07-31 14:00:36,2026-07-31 13:45,7109.0,6624.0,7.32,6342200,7240.0,6959.0,8880.0,4056.0
2026-07-31 14:05:31,2026-07-31 13:50,7110.0,6624.0,7.34,6392100,7240.0,6959.0,8880.0,4056.0
2026-07-31 14:10:30,2026-07-31 13:55,7085.0,6624.0,6.96,6455700,7240.0,6959.0,8880.0,4056.0
2026-07-31 14:15:55,2026-07-31 14:00,7100.0,6624.0,7.19,6513000,7240.0,6959.0,8880.0,4056.0
2026-07-31 14:20:30,2026-07-31 14:05,7105.0,6624.0,7.26,6561900,7240.0,6959.0,8880.0,4056.0
2026-07-31 14:25:41,2026-07-31 14:10,7112.0,6624.0,7.37,6629900,7240.0,6959.0,8880.0,4056.0
2026-07-31 14:30:40,2026-07-31 14:15,7116.0,6624.0,7.43,6686000,7240.0,6959.0,8880.0,4056.0
2026-07-31 14:36:22,2026-07-31 14:21,7133.0,6624.0,7.68,6746100,7240.0,6959.0,8880.0,4056.0
2026-07-31 14:40:49,2026-07-31 14:25,7124.0,6624.0,7.55,6811500,7240.0,6959.0,8880.0,4056.0
2026-07-31 14:45:36,2026-07-31 14:30,7114.0,6624.0,7.4,6878000,7240.0,6959.0,8880.0,4056.0
2026-07-31 14:50:31,2026-07-31 14:35,7091.0,6624.0,7.05,6947700,7240.0,6959.0,8880.0,4056.0
2026-07-31 14:55:34,2026-07-31 14:40,7101.0,6624.0,7.2,7037600,7240.0,6959.0,8880.0,4056.0
2026-07-31 15:00:44,2026-07-31 14:45,7082.0,6624.0,6.91,7105900,7240.0,6959.0,8880.0,4056.0
2026-07-31 15:05:40,2026-07-31 14:50,7100.0,6624.0,7.19,7183100,7240.0,6959.0,8880.0,4056.0
2026-07-31 15:10:44,2026-07-31 14:55,7111.0,6624.0,7.35,7261600,7240.0,6959.0,8880.0,4056.0
2026-07-31 15:15:37,2026-07-31 15:00,7105.0,6624.0,7.26,7336700,7240.0,6959.0,8880.0,4056.0
2026-07-31 15:20:45,2026-07-31 15:05,7116.0,6624.0,7.43,7407000,7240.0,6959.0,8880.0,4056.0
2026-07-31 15:25:38,2026-07-31 15:10,7095.0,6624.0,7.11,7496500,7240.0,6959.0,8880.0,4056.0
2026-07-31 15:30:51,2026-07-31 15:15,7098.0,6624.0,7.16,7583500,7240.0,6959.0,8880.0,4056.0
2026-07-31 15:40:39,2026-07-31 15:24,7042.0,6624.0,6.31,7767000,7240.0,6959.0,8880.0,4056.0
2026-08-03 09:05:30,2026-07-31 15:30,7135.0,6624.0,7.71,9476000,7240.0,6959.0,8880.0,4056.0
2026-08-03 09:10:31,2026-07-31 15:30,7135.0,6624.0,7.71,9476000,7240.0,6959.0,8880.0,4056.0
2026-08-03 09:15:39,2026-07-31 15:30,7135.0,6624.0,7.71,9476000,7240.0,6959.0,8880.0,4056.0
2026-08-03 09:20:33,2026-07-31 15:30,7135.0,6624.0,7.71,9476000,7240.0,6959.0,8880.0,4056.0
2026-08-03 09:25:47,2026-07-31 15:30,7135.0,7135.0,0.0,9476000,7240.0,6959.0,8880.0,4056.0
2026-08-03 09:30:34,2026-07-31 15:30,7135.0,7135.0,0.0,9476000,7240.0,6959.0,8880.0,4056.0
2026-08-03 09:35:37,2026-08-03 09:20,6183.0,7135.0,-13.34,1384700,6386.0,6182.0,8880.0,4056.0
2026-08-03 09:40:31,2026-08-03 09:25,6024.0,7135.0,-15.57,2815800,6386.0,6014.0,8880.0,4056.0
2026-08-03 09:45:41,2026-08-03 09:30,5991.0,7135.0,-16.03,3713300,6386.0,5960.0,8880.0,4056.0
2026-08-03 09:50:30,2026-08-03 09:35,5922.0,7135.0,-17.0,4360800,6386.0,5916.0,8880.0,4056.0
2026-08-03 09:55:32,2026-08-03 09:40,5890.0,7135.0,-17.45,5019700,6386.0,5860.0,8880.0,4056.0
2026-08-03 10:00:33,2026-08-03 09:45,5880.0,7135.0,-17.59,5601300,6386.0,5860.0,8880.0,4056.0
2026-08-03 10:05:33,2026-08-03 09:50,5866.0,7135.0,-17.79,5961200,6386.0,5860.0,8880.0,4056.0
2026-08-03 10:10:31,2026-08-03 09:55,5823.0,7135.0,-18.39,6486200,6386.0,5813.0,8880.0,4056.0
2026-08-03 10:15:37,2026-08-03 10:00,5850.0,7135.0,-18.01,6962700,6386.0,5808.0,8880.0,4056.0
2026-08-03 10:20:33,2026-08-03 10:05,5866.0,7135.0,-17.79,7293200,6386.0,5808.0,8880.0,4056.0
2026-08-03 10:25:45,2026-08-03 10:10,5917.0,7135.0,-17.07,7756300,6386.0,5808.0,8880.0,4056.0
2026-08-03 10:30:39,2026-08-03 10:15,5850.0,7135.0,-18.01,8158600,6386.0,5808.0,8880.0,4056.0
2026-08-03 10:35:45,2026-08-03 10:20,5854.0,7135.0,-17.95,8473000,6386.0,5808.0,8880.0,4056.0
2026-08-03 10:40:38,2026-08-03 10:25,5868.0,7135.0,-17.76,8671400,6386.0,5808.0,8880.0,4056.0
2026-08-03 10:45:41,2026-08-03 10:30,5880.0,7135.0,-17.59,8969000,6386.0,5808.0,8880.0,4056.0
2026-08-03 10:50:40,2026-08-03 10:35,5896.0,7135.0,-17.37,9296600,6386.0,5808.0,8880.0,4056.0
2026-08-03 10:55:33,2026-08-03 10:40,5903.0,7135.0,-17.27,9548500,6386.0,5808.0,8880.0,4056.0
2026-08-03 11:00:43,2026-08-03 10:45,5882.0,7135.0,-17.56,9851300,6386.0,5808.0,8880.0,4056.0
2026-08-03 11:05:41,2026-08-03 10:50,5927.0,7135.0,-16.93,10050700,6386.0,5808.0,8880.0,4056.0
2026-08-03 11:10:46,2026-08-03 10:55,5926.0,7135.0,-16.94,10296200,6386.0,5808.0,8880.0,4056.0
2026-08-03 11:15:35,2026-08-03 11:00,5956.0,7135.0,-16.52,10513000,6386.0,5808.0,8880.0,4056.0
2026-08-03 11:20:34,2026-08-03 11:05,6011.0,7135.0,-15.75,10856300,6386.0,5808.0,8880.0,4056.0
2026-08-03 11:25:34,2026-08-03 11:10,6006.0,7135.0,-15.82,11186000,6386.0,5808.0,8880.0,4056.0
2026-08-03 11:30:40,2026-08-03 11:15,6033.0,7135.0,-15.44,11485100,6386.0,5808.0,8880.0,4056.0
2026-08-03 12:30:31,2026-08-03 11:30,6044.0,7135.0,-15.29,12398600,6386.0,5808.0,8880.0,4056.0
2026-08-03 12:35:39,2026-08-03 11:30,6044.0,7135.0,-15.29,12398600,6386.0,5808.0,8880.0,4056.0
2026-08-03 12:40:35,2026-08-03 11:30,6044.0,7135.0,-15.29,12398600,6386.0,5808.0,8880.0,4056.0
2026-08-03 12:45:32,2026-08-03 12:30,6092.0,7135.0,-14.62,12808900,6386.0,5808.0,8880.0,4056.0
2026-08-03 12:50:36,2026-08-03 12:35,6022.0,7135.0,-15.6,13410000,6386.0,5808.0,8880.0,4056.0
2026-08-03 12:55:32,2026-08-03 12:40,6036.0,7135.0,-15.4,13687200,6386.0,5808.0,8880.0,4056.0
2026-08-03 13:00:41,2026-08-03 12:45,6069.0,7135.0,-14.94,13969600,6386.0,5808.0,8880.0,4056.0
2026-08-03 13:05:36,2026-08-03 12:50,6061.0,7135.0,-15.05,14279000,6386.0,5808.0,8880.0,4056.0
2026-08-03 13:10:34,2026-08-03 12:55,6051.0,7135.0,-15.19,14444300,6386.0,5808.0,8880.0,4056.0
2026-08-03 13:15:38,2026-08-03 13:00,6050.0,7135.0,-15.21,14663400,6386.0,5808.0,8880.0,4056.0
2026-08-03 13:20:39,2026-08-03 13:05,6060.0,7135.0,-15.07,14847300,6386.0,5808.0,8880.0,4056.0
2026-08-03 13:25:38,2026-08-03 13:10,6063.0,7135.0,-15.02,15015600,6386.0,5808.0,8880.0,4056.0
2026-08-03 13:30:36,2026-08-03 13:15,6053.0,7135.0,-15.16,15215600,6386.0,5808.0,8880.0,4056.0
2026-08-03 13:35:36,2026-08-03 13:20,6061.0,7135.0,-15.05,15355400,6386.0,5808.0,8880.0,4056.0
2026-08-03 13:40:36,2026-08-03 13:25,6094.0,7135.0,-14.59,15557900,6386.0,5808.0,8880.0,4056.0
2026-08-03 13:45:32,2026-08-03 13:30,6133.0,7135.0,-14.04,15796500,6386.0,5808.0,8880.0,4056.0
2026-08-03 13:51:13,2026-08-03 13:36,6083.0,7135.0,-14.74,16089900,6386.0,5808.0,8880.0,4056.0
2026-08-03 13:55:43,2026-08-03 13:40,6063.0,7135.0,-15.02,16241400,6386.0,5808.0,8880.0,4056.0
2026-08-03 14:00:31,2026-08-03 13:45,6067.0,7135.0,-14.97,16393300,6386.0,5808.0,8880.0,4056.0
2026-08-03 14:05:39,2026-08-03 13:50,6064.0,7135.0,-15.01,16571800,6386.0,5808.0,8880.0,4056.0
2026-08-03 14:10:29,2026-08-03 13:55,6048.0,7135.0,-15.23,16728500,6386.0,5808.0,8880.0,4056.0
2026-08-03 14:15:41,2026-08-03 14:00,6047.0,7135.0,-15.25,16979600,6386.0,5808.0,8880.0,4056.0
2026-08-03 14:20:49,2026-08-03 14:05,6034.0,7135.0,-15.43,17117600,6386.0,5808.0,8880.0,4056.0
2026-08-03 14:25:41,2026-08-03 14:10,6026.0,7135.0,-15.54,17328000,6386.0,5808.0,8880.0,4056.0
2026-08-03 14:30:30,2026-08-03 14:15,6023.0,7135.0,-15.59,17467000,6386.0,5808.0,8880.0,4056.0
2026-08-03 14:35:38,2026-08-03 14:20,6012.0,7135.0,-15.74,17694600,6386.0,5808.0,8880.0,4056.0
2026-08-03 14:40:42,2026-08-03 14:25,6015.0,7135.0,-15.7,17807300,6386.0,5808.0,8880.0,4056.0
2026-08-03 14:45:35,2026-08-03 14:30,6024.0,7135.0,-15.57,17911700,6386.0,5808.0,8880.0,4056.0
2026-08-03 14:50:41,2026-08-03 14:35,6018.0,7135.0,-15.66,18083500,6386.0,5808.0,8880.0,4056.0
2026-08-03 14:55:31,2026-08-03 14:40,6014.0,7135.0,-15.71,18197300,6386.0,5808.0,8880.0,4056.0
2026-08-03 15:00:37,2026-08-03 14:45,6034.0,7135.0,-15.43,18401500,6386.0,5808.0,8880.0,4056.0
2026-08-03 15:05:30,2026-08-03 14:50,6045.0,7135.0,-15.28,18548400,6386.0,5808.0,8880.0,4056.0
2026-08-03 15:10:38,2026-08-03 14:55,6027.0,7135.0,-15.53,18735700,6386.0,5808.0,8880.0,4056.0
2026-08-03 15:15:47,2026-08-03 15:00,6026.0,7135.0,-15.54,18889100,6386.0,5808.0,8880.0,4056.0
2026-08-03 15:20:46,2026-08-03 15:05,6029.0,7135.0,-15.5,19107000,6386.0,5808.0,8880.0,4056.0
2026-08-03 15:25:43,2026-08-03 15:10,6048.0,7135.0,-15.23,19308300,6386.0,5808.0,8880.0,4056.0
2026-08-03 15:30:43,2026-08-03 15:15,6034.0,7135.0,-15.43,19505900,6386.0,5808.0,8880.0,4056.0
2026-08-03 15:40:45,2026-08-03 15:24,6087.0,7135.0,-14.69,19946400,6386.0,5808.0,8880.0,4056.0
2026-08-04 09:05:45,2026-08-03 15:30,6114.0,7135.0,-14.31,21706000,6386.0,5808.0,8880.0,4056.0
2026-08-04 09:10:31,2026-08-03 15:30,6114.0,7135.0,-14.31,21706000,6386.0,5808.0,8880.0,4056.0
2026-08-04 09:15:38,2026-08-04 09:00,6114.0,7135.0,-14.31,22480400,6142.0,6061.0,8880.0,4056.0
2026-08-04 09:20:36,2026-08-04 09:05,6127.0,6114.0,0.21,1235600,6164.0,6061.0,8880.0,4056.0
2026-08-04 09:25:39,2026-08-04 09:10,6110.0,6114.0,-0.07,1661600,6164.0,6061.0,8880.0,4056.0
