抓取时间,行情时刻,价格,昨收,涨跌幅%,成交量,当日最高,当日最低,52周最高,52周最低
2026-07-06 09:31:25,2026-07-06 09:16,2755.0,2962.0,-6.99,598500,2875.0,2666.0,3220.0,727.5
2026-07-06 10:18:15,2026-07-06 10:03,2645.0,2962.0,-10.7,1351200,2875.0,2607.0,3220.0,727.5
2026-07-06 10:55:24,2026-07-06 10:40,2597.0,2962.0,-12.32,1777100,2875.0,2590.0,3220.0,727.5
2026-07-06 10:58:54,2026-07-06 10:43,2582.0,2962.0,-12.83,1814700,2875.0,2581.0,3220.0,727.5
2026-07-06 11:00:36,2026-07-06 10:45,2577.0,2962.0,-13.0,1835400,2875.0,2576.0,3220.0,727.5
2026-07-06 11:05:37,2026-07-06 10:50,2568.0,2962.0,-13.3,1913400,2875.0,2566.0,3220.0,727.5
2026-07-06 11:10:37,2026-07-06 10:55,2563.0,2962.0,-13.47,1974300,2875.0,2560.0,3220.0,727.5
2026-07-06 11:15:31,2026-07-06 11:00,2577.0,2962.0,-13.0,2029900,2875.0,2560.0,3220.0,727.5
2026-07-06 11:20:34,2026-07-06 11:05,2575.0,2962.0,-13.07,2077800,2875.0,2560.0,3220.0,727.5
2026-07-06 11:25:36,2026-07-06 11:10,2570.0,2962.0,-13.23,2132100,2875.0,2560.0,3220.0,727.5
2026-07-06 11:30:35,2026-07-06 11:15,2563.0,2962.0,-13.47,2158700,2875.0,2560.0,3220.0,727.5
2026-07-06 12:30:35,2026-07-06 11:30,2551.0,2962.0,-13.88,2306400,2875.0,2545.0,3220.0,727.5
2026-07-06 12:35:32,2026-07-06 11:30,2551.0,2962.0,-13.88,2306400,2875.0,2545.0,3220.0,727.5
2026-07-06 12:40:34,2026-07-06 11:30,2551.0,2962.0,-13.88,2306400,2875.0,2545.0,3220.0,727.5
2026-07-06 12:45:35,2026-07-06 12:30,2560.0,2962.0,-13.57,2342100,2875.0,2545.0,3220.0,727.5
2026-07-06 12:50:35,2026-07-06 12:35,2520.0,2962.0,-14.92,2475000,2875.0,2520.0,3220.0,727.5
2026-07-06 12:55:44,2026-07-06 12:40,2562.0,2962.0,-13.5,2532100,2875.0,2520.0,3220.0,727.5
2026-07-06 13:00:47,2026-07-06 12:45,2541.0,2962.0,-14.21,2573300,2875.0,2520.0,3220.0,727.5
2026-07-06 13:05:33,2026-07-06 12:50,2533.0,2962.0,-14.48,2603300,2875.0,2520.0,3220.0,727.5
2026-07-06 13:10:40,2026-07-06 12:55,2533.0,2962.0,-14.48,2639200,2875.0,2520.0,3220.0,727.5
2026-07-06 13:15:36,2026-07-06 13:00,2530.0,2962.0,-14.58,2664900,2875.0,2520.0,3220.0,727.5
2026-07-06 13:20:33,2026-07-06 13:05,2538.0,2962.0,-14.31,2707500,2875.0,2520.0,3220.0,727.5
2026-07-06 13:25:42,2026-07-06 13:10,2535.0,2962.0,-14.42,2719000,2875.0,2520.0,3220.0,727.5
2026-07-06 13:30:41,2026-07-06 13:15,2543.0,2962.0,-14.15,2739800,2875.0,2520.0,3220.0,727.5
2026-07-06 13:35:34,2026-07-06 13:20,2565.0,2962.0,-13.4,2782500,2875.0,2520.0,3220.0,727.5
2026-07-06 13:40:39,2026-07-06 13:25,2567.0,2962.0,-13.34,2809800,2875.0,2520.0,3220.0,727.5
2026-07-06 13:45:45,2026-07-06 13:30,2579.0,2962.0,-12.93,2833800,2875.0,2520.0,3220.0,727.5
2026-07-06 13:50:36,2026-07-06 13:35,2575.0,2962.0,-13.07,2870200,2875.0,2520.0,3220.0,727.5
2026-07-06 13:55:36,2026-07-06 13:40,2584.0,2962.0,-12.76,2890400,2875.0,2520.0,3220.0,727.5
2026-07-06 14:00:40,2026-07-06 13:45,2589.0,2962.0,-12.59,2925200,2875.0,2520.0,3220.0,727.5
2026-07-06 14:05:43,2026-07-06 13:50,2580.0,2962.0,-12.9,2941200,2875.0,2520.0,3220.0,727.5
2026-07-06 14:10:38,2026-07-06 13:55,2588.0,2962.0,-12.63,2952800,2875.0,2520.0,3220.0,727.5
2026-07-06 14:15:39,2026-07-06 14:00,2586.0,2962.0,-12.69,2977000,2875.0,2520.0,3220.0,727.5
2026-07-06 14:20:38,2026-07-06 14:05,2574.0,2962.0,-13.1,3003200,2875.0,2520.0,3220.0,727.5
2026-07-06 14:25:33,2026-07-06 14:10,2579.0,2962.0,-12.93,3014100,2875.0,2520.0,3220.0,727.5
2026-07-06 14:30:39,2026-07-06 14:15,2590.0,2962.0,-12.56,3028200,2875.0,2520.0,3220.0,727.5
2026-07-06 14:35:39,2026-07-06 14:20,2597.0,2962.0,-12.32,3048000,2875.0,2520.0,3220.0,727.5
2026-07-06 14:40:34,2026-07-06 14:25,2584.0,2962.0,-12.76,3063400,2875.0,2520.0,3220.0,727.5
2026-07-06 14:45:42,2026-07-06 14:30,2575.0,2962.0,-13.07,3082900,2875.0,2520.0,3220.0,727.5
2026-07-06 14:50:43,2026-07-06 14:35,2580.0,2962.0,-12.9,3095700,2875.0,2520.0,3220.0,727.5
2026-07-06 14:55:40,2026-07-06 14:40,2584.0,2962.0,-12.76,3114300,2875.0,2520.0,3220.0,727.5
2026-07-06 15:00:34,2026-07-06 14:45,2585.0,2962.0,-12.73,3123500,2875.0,2520.0,3220.0,727.5
2026-07-06 15:16:26,2026-07-06 15:01,2580.0,2962.0,-12.9,3161200,2875.0,2520.0,3220.0,727.5
2026-07-06 15:20:38,2026-07-06 15:05,2578.0,2962.0,-12.96,3175100,2875.0,2520.0,3220.0,727.5
2026-07-06 15:25:43,2026-07-06 15:10,2575.0,2962.0,-13.07,3188400,2875.0,2520.0,3220.0,727.5
2026-07-06 15:30:38,2026-07-06 15:15,2595.0,2962.0,-12.39,3208400,2875.0,2520.0,3220.0,727.5
2026-07-07 09:00:34,2026-07-06 15:30,2605.0,2962.0,-12.05,3309700,2875.0,2520.0,3220.0,727.5
2026-07-07 09:05:31,2026-07-06 15:30,2605.0,2962.0,-12.05,3309700,2875.0,2520.0,3220.0,727.5
2026-07-07 09:10:33,2026-07-06 15:30,2605.0,2962.0,-12.05,3309700,2875.0,2520.0,3220.0,727.5
2026-07-07 09:15:34,2026-07-07 09:00,2605.0,2962.0,-12.05,3386100,2606.0,2554.0,3220.0,727.5
2026-07-07 09:20:31,2026-07-07 09:05,2538.0,2605.0,-2.57,138400,2606.0,2526.0,3220.0,727.5
2026-07-07 09:25:33,2026-07-07 09:10,2450.0,2605.0,-5.95,317800,2606.0,2450.0,3220.0,727.5
2026-07-07 09:30:34,2026-07-07 09:15,2473.0,2605.0,-5.07,400400,2606.0,2440.0,3220.0,727.5
2026-07-07 09:35:33,2026-07-07 09:20,2443.0,2605.0,-6.22,488200,2606.0,2431.0,3220.0,727.5
2026-07-07 09:40:33,2026-07-07 09:25,2471.0,2605.0,-5.14,554100,2606.0,2431.0,3220.0,727.5
2026-07-07 09:45:35,2026-07-07 09:30,2454.0,2605.0,-5.8,632400,2606.0,2431.0,3220.0,727.5
2026-07-07 09:50:39,2026-07-07 09:35,2460.0,2605.0,-5.57,690400,2606.0,2431.0,3220.0,727.5
2026-07-07 09:55:31,2026-07-07 09:40,2428.0,2605.0,-6.79,758600,2606.0,2425.0,3220.0,727.5
2026-07-07 10:00:37,2026-07-07 09:45,2412.0,2605.0,-7.41,822200,2606.0,2411.0,3220.0,727.5
2026-07-07 10:05:37,2026-07-07 09:50,2406.0,2605.0,-7.64,900200,2606.0,2390.0,3220.0,727.5
2026-07-07 10:10:33,2026-07-07 09:55,2425.0,2605.0,-6.91,936800,2606.0,2390.0,3220.0,727.5
2026-07-07 10:15:35,2026-07-07 10:00,2403.0,2605.0,-7.75,975700,2606.0,2390.0,3220.0,727.5
2026-07-07 10:20:31,2026-07-07 10:05,2399.0,2605.0,-7.91,1004500,2606.0,2390.0,3220.0,727.5
2026-07-07 10:25:45,2026-07-07 10:10,2383.0,2605.0,-8.52,1086000,2606.0,2375.0,3220.0,727.5
2026-07-07 10:30:31,2026-07-07 10:15,2375.0,2605.0,-8.83,1115900,2606.0,2371.0,3220.0,727.5
2026-07-07 10:35:36,2026-07-07 10:20,2350.0,2605.0,-9.79,1168400,2606.0,2350.0,3220.0,727.5
2026-07-07 10:40:36,2026-07-07 10:25,2349.0,2605.0,-9.83,1221100,2606.0,2339.0,3220.0,727.5
2026-07-07 10:45:36,2026-07-07 10:30,2346.0,2605.0,-9.94,1251900,2606.0,2339.0,3220.0,727.5
2026-07-07 10:50:45,2026-07-07 10:35,2352.0,2605.0,-9.71,1282700,2606.0,2339.0,3220.0,727.5
2026-07-07 10:55:34,2026-07-07 10:40,2353.0,2605.0,-9.67,1317300,2606.0,2339.0,3220.0,727.5
2026-07-07 11:00:35,2026-07-07 10:45,2356.0,2605.0,-9.56,1337100,2606.0,2339.0,3220.0,727.5
2026-07-07 11:05:34,2026-07-07 10:50,2357.0,2605.0,-9.52,1365600,2606.0,2339.0,3220.0,727.5
2026-07-07 11:10:36,2026-07-07 10:55,2353.0,2605.0,-9.67,1393700,2606.0,2339.0,3220.0,727.5
2026-07-07 11:15:38,2026-07-07 11:00,2346.0,2605.0,-9.94,1414300,2606.0,2339.0,3220.0,727.5
2026-07-07 11:20:36,2026-07-07 11:05,2349.0,2605.0,-9.83,1427100,2606.0,2339.0,3220.0,727.5
2026-07-07 11:25:34,2026-07-07 11:10,2348.0,2605.0,-9.87,1438000,2606.0,2339.0,3220.0,727.5
2026-07-07 11:30:41,2026-07-07 11:15,2342.0,2605.0,-10.1,1455500,2606.0,2339.0,3220.0,727.5
2026-07-07 12:30:30,2026-07-07 11:30,2332.0,2605.0,-10.48,1560200,2606.0,2331.0,3220.0,727.5
2026-07-07 12:35:33,2026-07-07 11:30,2332.0,2605.0,-10.48,1560200,2606.0,2331.0,3220.0,727.5
2026-07-07 12:40:33,2026-07-07 11:30,2332.0,2605.0,-10.48,1560200,2606.0,2331.0,3220.0,727.5
2026-07-07 12:45:35,2026-07-07 12:30,2318.0,2605.0,-11.02,1666300,2606.0,2318.0,3220.0,727.5
2026-07-07 12:50:32,2026-07-07 12:35,2329.0,2605.0,-10.6,1707300,2606.0,2316.0,3220.0,727.5
2026-07-07 12:55:34,2026-07-07 12:40,2327.0,2605.0,-10.67,1729000,2606.0,2316.0,3220.0,727.5
2026-07-07 13:00:35,2026-07-07 12:45,2322.0,2605.0,-10.86,1755900,2606.0,2316.0,3220.0,727.5
2026-07-07 13:05:34,2026-07-07 12:50,2297.0,2605.0,-11.82,1834000,2606.0,2292.0,3220.0,727.5
2026-07-07 13:10:33,2026-07-07 12:55,2299.0,2605.0,-11.75,1860700,2606.0,2292.0,3220.0,727.5
2026-07-07 13:15:34,2026-07-07 13:00,2295.0,2605.0,-11.9,1884500,2606.0,2292.0,3220.0,727.5
2026-07-07 13:20:30,2026-07-07 13:05,2300.0,2605.0,-11.71,1910800,2606.0,2292.0,3220.0,727.5
2026-07-07 13:25:38,2026-07-07 13:10,2298.0,2605.0,-11.79,1922400,2606.0,2292.0,3220.0,727.5
2026-07-07 13:30:39,2026-07-07 13:15,2297.0,2605.0,-11.82,1943300,2606.0,2292.0,3220.0,727.5
2026-07-07 13:35:41,2026-07-07 13:20,2294.0,2605.0,-11.94,1966600,2606.0,2287.0,3220.0,727.5
2026-07-07 13:40:32,2026-07-07 13:25,2293.0,2605.0,-11.98,1981800,2606.0,2287.0,3220.0,727.5
2026-07-07 13:45:37,2026-07-07 13:30,2300.0,2605.0,-11.71,1999100,2606.0,2287.0,3220.0,727.5
2026-07-07 13:50:44,2026-07-07 13:35,2304.0,2605.0,-11.55,2011000,2606.0,2287.0,3220.0,727.5
2026-07-07 13:55:37,2026-07-07 13:40,2292.0,2605.0,-12.02,2027500,2606.0,2287.0,3220.0,727.5
2026-07-07 14:00:38,2026-07-07 13:45,2295.0,2605.0,-11.9,2034200,2606.0,2287.0,3220.0,727.5
2026-07-07 14:05:42,2026-07-07 13:50,2294.0,2605.0,-11.94,2048200,2606.0,2287.0,3220.0,727.5
2026-07-07 14:10:47,2026-07-07 13:55,2293.0,2605.0,-11.98,2063500,2606.0,2287.0,3220.0,727.5
2026-07-07 14:15:41,2026-07-07 14:00,2294.0,2605.0,-11.94,2071200,2606.0,2287.0,3220.0,727.5
2026-07-07 14:20:48,2026-07-07 14:05,2291.0,2605.0,-12.05,2084600,2606.0,2287.0,3220.0,727.5
2026-07-07 14:25:32,2026-07-07 14:10,2280.0,2605.0,-12.48,2197200,2606.0,2280.0,3220.0,727.5
2026-07-07 14:30:40,2026-07-07 14:15,2280.0,2605.0,-12.48,2220300,2606.0,2280.0,3220.0,727.5
2026-07-07 14:35:38,2026-07-07 14:20,2277.0,2605.0,-12.59,2248700,2606.0,2273.0,3220.0,727.5
2026-07-07 14:40:33,2026-07-07 14:25,2271.0,2605.0,-12.82,2271100,2606.0,2271.0,3220.0,727.5
2026-07-07 14:45:54,2026-07-07 14:30,2287.0,2605.0,-12.21,2311400,2606.0,2271.0,3220.0,727.5
2026-07-07 14:50:33,2026-07-07 14:35,2300.0,2605.0,-11.71,2338300,2606.0,2271.0,3220.0,727.5
2026-07-07 14:55:59,2026-07-07 14:40,2301.0,2605.0,-11.67,2361400,2606.0,2271.0,3220.0,727.5
2026-07-07 15:00:50,2026-07-07 14:45,2294.0,2605.0,-11.94,2373400,2606.0,2271.0,3220.0,727.5
2026-07-07 15:05:41,2026-07-07 14:50,2284.0,2605.0,-12.32,2393700,2606.0,2271.0,3220.0,727.5
2026-07-07 15:10:42,2026-07-07 14:55,2293.0,2605.0,-11.98,2412000,2606.0,2271.0,3220.0,727.5
2026-07-07 15:15:47,2026-07-07 15:00,2300.0,2605.0,-11.71,2453700,2606.0,2271.0,3220.0,727.5
2026-07-07 15:20:35,2026-07-07 15:05,2292.0,2605.0,-12.02,2480300,2606.0,2271.0,3220.0,727.5
2026-07-07 15:25:37,2026-07-07 15:10,2289.0,2605.0,-12.13,2494700,2606.0,2271.0,3220.0,727.5
2026-07-07 15:30:37,2026-07-07 15:15,2281.0,2605.0,-12.44,2512800,2606.0,2271.0,3220.0,727.5
2026-07-08 09:00:45,2026-07-07 15:30,2281.0,2605.0,-12.44,2649600,2606.0,2271.0,3220.0,727.5
2026-07-08 09:05:32,2026-07-07 15:30,2281.0,2605.0,-12.44,2649600,2606.0,2271.0,3220.0,727.5
2026-07-08 09:10:36,2026-07-07 15:30,2281.0,2605.0,-12.44,2649600,2606.0,2271.0,3220.0,727.5
2026-07-08 09:15:39,2026-07-07 15:30,2281.0,2605.0,-12.44,2649600,2606.0,2271.0,3220.0,727.5
2026-07-08 09:20:36,2026-07-08 09:05,2198.0,2281.0,-3.64,184300,2215.0,2171.0,3220.0,727.5
2026-07-08 09:25:33,2026-07-08 09:10,2175.0,2281.0,-4.65,244300,2215.0,2171.0,3220.0,727.5
2026-07-08 09:30:43,2026-07-08 09:15,2191.0,2281.0,-3.95,277300,2215.0,2171.0,3220.0,727.5
2026-07-08 09:35:29,2026-07-08 09:20,2167.0,2281.0,-5.0,313300,2215.0,2166.0,3220.0,727.5
2026-07-08 09:40:31,2026-07-08 09:25,2192.0,2281.0,-3.9,352400,2215.0,2162.0,3220.0,727.5
2026-07-08 09:45:30,2026-07-08 09:30,2201.0,2281.0,-3.51,440600,2222.0,2162.0,3220.0,727.5
2026-07-08 09:50:36,2026-07-08 09:35,2186.0,2281.0,-4.16,464800,2222.0,2162.0,3220.0,727.5
2026-07-08 09:55:33,2026-07-08 09:40,2205.0,2281.0,-3.33,511100,2222.0,2162.0,3220.0,727.5
2026-07-08 10:00:46,2026-07-08 09:45,2224.0,2281.0,-2.5,553400,2229.0,2162.0,3220.0,727.5
2026-07-08 10:05:32,2026-07-08 09:50,2236.0,2281.0,-1.97,602000,2238.0,2162.0,3220.0,727.5
2026-07-08 10:10:30,2026-07-08 09:55,2229.0,2281.0,-2.28,630300,2240.0,2162.0,3220.0,727.5
2026-07-08 10:15:32,2026-07-08 10:00,2226.0,2281.0,-2.41,658400,2240.0,2162.0,3220.0,727.5
2026-07-08 10:20:34,2026-07-08 10:05,2213.0,2281.0,-2.98,689500,2240.0,2162.0,3220.0,727.5
2026-07-08 10:25:29,2026-07-08 10:10,2227.0,2281.0,-2.37,718800,2240.0,2162.0,3220.0,727.5
2026-07-08 10:30:31,2026-07-08 10:15,2235.0,2281.0,-2.02,733200,2240.0,2162.0,3220.0,727.5
2026-07-08 10:35:34,2026-07-08 10:20,2214.0,2281.0,-2.94,748400,2240.0,2162.0,3220.0,727.5
2026-07-08 10:40:33,2026-07-08 10:25,2197.0,2281.0,-3.68,782500,2240.0,2162.0,3220.0,727.5
2026-07-08 10:45:31,2026-07-08 10:30,2188.0,2281.0,-4.08,800100,2240.0,2162.0,3220.0,727.5
2026-07-08 10:50:34,2026-07-08 10:35,2172.0,2281.0,-4.78,833300,2240.0,2162.0,3220.0,727.5
2026-07-08 10:55:30,2026-07-08 10:40,2170.0,2281.0,-4.87,862800,2240.0,2162.0,3220.0,727.5
2026-07-08 11:00:31,2026-07-08 10:45,2173.0,2281.0,-4.73,898200,2240.0,2160.0,3220.0,727.5
2026-07-08 11:05:44,2026-07-08 10:50,2188.0,2281.0,-4.08,915500,2240.0,2160.0,3220.0,727.5
2026-07-08 11:10:35,2026-07-08 10:55,2166.0,2281.0,-5.04,933400,2240.0,2160.0,3220.0,727.5
2026-07-08 11:15:34,2026-07-08 11:00,2164.0,2281.0,-5.13,948100,2240.0,2160.0,3220.0,727.5
2026-07-08 11:20:33,2026-07-08 11:05,2156.0,2281.0,-5.48,973800,2240.0,2155.0,3220.0,727.5
2026-07-08 11:25:33,2026-07-08 11:10,2161.0,2281.0,-5.26,991700,2240.0,2155.0,3220.0,727.5
2026-07-08 11:30:30,2026-07-08 11:15,2157.0,2281.0,-5.44,1007600,2240.0,2153.0,3220.0,727.5
2026-07-08 12:30:34,2026-07-08 11:30,2184.0,2281.0,-4.25,1067100,2240.0,2153.0,3220.0,727.5
2026-07-08 12:35:31,2026-07-08 11:30,2184.0,2281.0,-4.25,1067100,2240.0,2153.0,3220.0,727.5
2026-07-08 12:40:38,2026-07-08 11:30,2184.0,2281.0,-4.25,1067100,2240.0,2153.0,3220.0,727.5
2026-07-08 12:45:40,2026-07-08 12:30,2218.0,2281.0,-2.76,1100600,2240.0,2153.0,3220.0,727.5
2026-07-08 12:50:32,2026-07-08 12:35,2197.0,2281.0,-3.68,1117700,2240.0,2153.0,3220.0,727.5
2026-07-08 12:55:31,2026-07-08 12:40,2187.0,2281.0,-4.12,1135200,2240.0,2153.0,3220.0,727.5
2026-07-08 13:00:35,2026-07-08 12:45,2192.0,2281.0,-3.9,1146500,2240.0,2153.0,3220.0,727.5
2026-07-08 13:05:30,2026-07-08 12:50,2192.0,2281.0,-3.9,1160900,2240.0,2153.0,3220.0,727.5
2026-07-08 13:10:35,2026-07-08 12:55,2191.0,2281.0,-3.95,1176700,2240.0,2153.0,3220.0,727.5
2026-07-08 13:15:33,2026-07-08 13:00,2172.0,2281.0,-4.78,1196000,2240.0,2153.0,3220.0,727.5
2026-07-08 13:20:31,2026-07-08 13:05,2180.0,2281.0,-4.43,1204000,2240.0,2153.0,3220.0,727.5
2026-07-08 13:25:29,2026-07-08 13:10,2178.0,2281.0,-4.52,1211700,2240.0,2153.0,3220.0,727.5
2026-07-08 13:30:29,2026-07-08 13:15,2176.0,2281.0,-4.6,1220300,2240.0,2153.0,3220.0,727.5
2026-07-08 13:35:29,2026-07-08 13:20,2167.0,2281.0,-5.0,1237900,2240.0,2153.0,3220.0,727.5
2026-07-08 13:40:32,2026-07-08 13:25,2176.0,2281.0,-4.6,1245800,2240.0,2153.0,3220.0,727.5
2026-07-08 13:45:30,2026-07-08 13:30,2173.0,2281.0,-4.73,1251100,2240.0,2153.0,3220.0,727.5
2026-07-08 13:50:33,2026-07-08 13:35,2157.0,2281.0,-5.44,1285300,2240.0,2153.0,3220.0,727.5
2026-07-08 13:55:38,2026-07-08 13:40,2156.0,2281.0,-5.48,1322100,2240.0,2150.0,3220.0,727.5
2026-07-08 14:00:31,2026-07-08 13:45,2154.0,2281.0,-5.57,1333300,2240.0,2150.0,3220.0,727.5
2026-07-08 14:05:38,2026-07-08 13:50,2157.0,2281.0,-5.44,1346400,2240.0,2150.0,3220.0,727.5
2026-07-08 14:10:30,2026-07-08 13:55,2146.0,2281.0,-5.92,1411000,2240.0,2141.0,3220.0,727.5
2026-07-08 14:15:33,2026-07-08 14:00,2161.0,2281.0,-5.26,1437200,2240.0,2141.0,3220.0,727.5
2026-07-08 14:20:31,2026-07-08 14:05,2168.0,2281.0,-4.95,1458200,2240.0,2141.0,3220.0,727.5
2026-07-08 14:25:31,2026-07-08 14:10,2163.0,2281.0,-5.17,1477000,2240.0,2141.0,3220.0,727.5
2026-07-08 14:30:47,2026-07-08 14:15,2164.0,2281.0,-5.13,1490000,2240.0,2141.0,3220.0,727.5
2026-07-08 14:35:33,2026-07-08 14:20,2163.0,2281.0,-5.17,1509400,2240.0,2141.0,3220.0,727.5
2026-07-08 14:40:39,2026-07-08 14:25,2159.0,2281.0,-5.35,1517700,2240.0,2141.0,3220.0,727.5
2026-07-08 14:45:36,2026-07-08 14:30,2159.0,2281.0,-5.35,1528200,2240.0,2141.0,3220.0,727.5
2026-07-08 14:50:33,2026-07-08 14:35,2152.0,2281.0,-5.66,1546300,2240.0,2141.0,3220.0,727.5
2026-07-08 14:55:35,2026-07-08 14:40,2145.0,2281.0,-5.96,1574100,2240.0,2140.0,3220.0,727.5
2026-07-08 15:00:30,2026-07-08 14:45,2142.0,2281.0,-6.09,1588400,2240.0,2140.0,3220.0,727.5
2026-07-08 15:05:31,2026-07-08 14:50,2131.0,2281.0,-6.58,1629700,2240.0,2127.0,3220.0,727.5
2026-07-08 15:10:42,2026-07-08 14:55,2140.0,2281.0,-6.18,1652300,2240.0,2127.0,3220.0,727.5
2026-07-08 15:15:34,2026-07-08 15:00,2133.0,2281.0,-6.49,1674400,2240.0,2127.0,3220.0,727.5
2026-07-08 15:20:36,2026-07-08 15:05,2131.0,2281.0,-6.58,1701600,2240.0,2127.0,3220.0,727.5
2026-07-08 15:25:35,2026-07-08 15:10,2135.0,2281.0,-6.4,1715600,2240.0,2127.0,3220.0,727.5
2026-07-08 15:30:32,2026-07-08 15:15,2133.0,2281.0,-6.49,1731000,2240.0,2127.0,3220.0,727.5
2026-07-09 09:00:36,2026-07-08 15:30,2124.0,2281.0,-6.88,1862700,2240.0,2122.0,3220.0,727.5
2026-07-09 09:05:34,2026-07-08 15:30,2124.0,2281.0,-6.88,1862700,2240.0,2122.0,3220.0,727.5
2026-07-09 09:10:36,2026-07-08 15:30,2124.0,2281.0,-6.88,1862700,2240.0,2122.0,3220.0,727.5
2026-07-09 09:15:33,2026-07-09 09:00,2124.0,2281.0,-6.88,1956100,2177.0,2136.0,3220.0,727.5
2026-07-09 09:20:40,2026-07-09 09:05,2145.0,2124.0,0.99,151200,2177.0,2127.0,3220.0,727.5
2026-07-09 09:25:34,2026-07-09 09:10,2115.0,2124.0,-0.42,226600,2177.0,2115.0,3220.0,727.5
2026-07-09 09:30:35,2026-07-09 09:15,2085.0,2124.0,-1.84,305000,2177.0,2080.0,3220.0,727.5
2026-07-09 09:35:31,2026-07-09 09:20,2063.0,2124.0,-2.87,366000,2177.0,2060.0,3220.0,727.5
2026-07-09 09:40:34,2026-07-09 09:25,2060.0,2124.0,-3.01,411500,2177.0,2059.0,3220.0,727.5
2026-07-09 09:45:34,2026-07-09 09:30,2084.0,2124.0,-1.88,470300,2177.0,2053.0,3220.0,727.5
2026-07-09 09:50:32,2026-07-09 09:35,2084.0,2124.0,-1.88,506700,2177.0,2053.0,3220.0,727.5
2026-07-09 09:55:30,2026-07-09 09:40,2078.0,2124.0,-2.17,547900,2177.0,2053.0,3220.0,727.5
2026-07-09 10:00:32,2026-07-09 09:45,2106.0,2124.0,-0.85,580500,2177.0,2053.0,3220.0,727.5
2026-07-09 10:05:33,2026-07-09 09:50,2118.0,2124.0,-0.28,621200,2177.0,2053.0,3220.0,727.5
2026-07-09 10:10:33,2026-07-09 09:55,2090.0,2124.0,-1.6,664400,2177.0,2053.0,3220.0,727.5
2026-07-09 10:15:52,2026-07-09 10:00,2108.0,2124.0,-0.75,700100,2177.0,2053.0,3220.0,727.5
2026-07-09 10:20:34,2026-07-09 10:05,2097.0,2124.0,-1.27,729400,2177.0,2053.0,3220.0,727.5
2026-07-09 10:25:28,2026-07-09 10:10,2113.0,2124.0,-0.52,741500,2177.0,2053.0,3220.0,727.5
2026-07-09 10:30:30,2026-07-09 10:15,2104.0,2124.0,-0.94,761200,2177.0,2053.0,3220.0,727.5
2026-07-09 10:35:40,2026-07-09 10:20,2098.0,2124.0,-1.22,794500,2177.0,2053.0,3220.0,727.5
2026-07-09 10:40:32,2026-07-09 10:25,2083.0,2124.0,-1.93,827100,2177.0,2053.0,3220.0,727.5
2026-07-09 10:45:37,2026-07-09 10:30,2085.0,2124.0,-1.84,837100,2177.0,2053.0,3220.0,727.5
2026-07-09 10:50:32,2026-07-09 10:35,2068.0,2124.0,-2.64,874500,2177.0,2053.0,3220.0,727.5
2026-07-09 10:55:31,2026-07-09 10:40,2068.0,2124.0,-2.64,887500,2177.0,2053.0,3220.0,727.5
2026-07-09 11:00:40,2026-07-09 10:45,2085.0,2124.0,-1.84,899500,2177.0,2053.0,3220.0,727.5
2026-07-09 11:05:51,2026-07-09 10:50,2076.0,2124.0,-2.26,910400,2177.0,2053.0,3220.0,727.5
2026-07-09 11:10:45,2026-07-09 10:55,2069.0,2124.0,-2.59,936100,2177.0,2053.0,3220.0,727.5
2026-07-09 11:15:36,2026-07-09 11:00,2068.0,2124.0,-2.64,956200,2177.0,2053.0,3220.0,727.5
2026-07-09 11:20:47,2026-07-09 11:05,2070.0,2124.0,-2.54,976900,2177.0,2053.0,3220.0,727.5
2026-07-09 11:25:38,2026-07-09 11:10,2072.0,2124.0,-2.45,988900,2177.0,2053.0,3220.0,727.5
2026-07-09 11:30:33,2026-07-09 11:15,2067.0,2124.0,-2.68,1002100,2177.0,2053.0,3220.0,727.5
2026-07-09 12:30:39,2026-07-09 11:30,2054.0,2124.0,-3.3,1082300,2177.0,2048.0,3220.0,727.5
2026-07-09 12:35:50,2026-07-09 11:30,2054.0,2124.0,-3.3,1082300,2177.0,2048.0,3220.0,727.5
2026-07-09 12:40:40,2026-07-09 11:30,2054.0,2124.0,-3.3,1082300,2177.0,2048.0,3220.0,727.5
2026-07-09 12:45:31,2026-07-09 12:30,2036.0,2124.0,-4.14,1127600,2177.0,2035.0,3220.0,727.5
2026-07-09 12:50:28,2026-07-09 12:35,2056.0,2124.0,-3.2,1171900,2177.0,2033.0,3220.0,727.5
2026-07-09 12:55:35,2026-07-09 12:40,2041.0,2124.0,-3.91,1206300,2177.0,2033.0,3220.0,727.5
2026-07-09 13:00:40,2026-07-09 12:45,2049.0,2124.0,-3.53,1233300,2177.0,2033.0,3220.0,727.5
2026-07-09 13:05:30,2026-07-09 12:50,2047.0,2124.0,-3.63,1262400,2177.0,2033.0,3220.0,727.5
2026-07-09 13:10:31,2026-07-09 12:55,2038.0,2124.0,-4.05,1273900,2177.0,2033.0,3220.0,727.5
2026-07-09 13:15:31,2026-07-09 13:00,2037.0,2124.0,-4.1,1281300,2177.0,2033.0,3220.0,727.5
2026-07-09 13:20:35,2026-07-09 13:05,2045.0,2124.0,-3.72,1295400,2177.0,2033.0,3220.0,727.5
2026-07-09 13:25:36,2026-07-09 13:10,2047.0,2124.0,-3.63,1303600,2177.0,2033.0,3220.0,727.5
2026-07-09 13:30:38,2026-07-09 13:15,2049.0,2124.0,-3.53,1314200,2177.0,2033.0,3220.0,727.5
2026-07-09 13:35:32,2026-07-09 13:20,2043.0,2124.0,-3.81,1326200,2177.0,2033.0,3220.0,727.5
2026-07-09 13:40:46,2026-07-09 13:25,2036.0,2124.0,-4.14,1348500,2177.0,2033.0,3220.0,727.5
2026-07-09 13:45:33,2026-07-09 13:30,2043.0,2124.0,-3.81,1360600,2177.0,2033.0,3220.0,727.5
2026-07-09 13:50:30,2026-07-09 13:35,2045.0,2124.0,-3.72,1378000,2177.0,2033.0,3220.0,727.5
2026-07-09 13:55:30,2026-07-09 13:40,2053.0,2124.0,-3.34,1400900,2177.0,2033.0,3220.0,727.5
2026-07-09 14:00:30,2026-07-09 13:45,2049.0,2124.0,-3.53,1413800,2177.0,2033.0,3220.0,727.5
2026-07-09 14:10:32,2026-07-09 13:55,2052.0,2124.0,-3.39,1485200,2177.0,2033.0,3220.0,727.5
2026-07-09 14:15:37,2026-07-09 14:00,2054.0,2124.0,-3.3,1505900,2177.0,2033.0,3220.0,727.5
2026-07-09 14:20:37,2026-07-09 14:05,2056.0,2124.0,-3.2,1531300,2177.0,2033.0,3220.0,727.5
2026-07-09 14:25:32,2026-07-09 14:10,2076.0,2124.0,-2.26,1560300,2177.0,2033.0,3220.0,727.5
2026-07-09 14:30:40,2026-07-09 14:15,2094.0,2124.0,-1.41,1606600,2177.0,2033.0,3220.0,727.5
2026-07-09 14:35:45,2026-07-09 14:20,2083.0,2124.0,-1.93,1645600,2177.0,2033.0,3220.0,727.5
2026-07-09 14:45:33,2026-07-09 14:30,2082.0,2124.0,-1.98,1667000,2177.0,2033.0,3220.0,727.5
2026-07-09 14:50:33,2026-07-09 14:35,2086.0,2124.0,-1.79,1681500,2177.0,2033.0,3220.0,727.5
2026-07-09 14:55:43,2026-07-09 14:40,2086.0,2124.0,-1.79,1691200,2177.0,2033.0,3220.0,727.5
2026-07-09 15:05:46,2026-07-09 14:50,2106.0,2124.0,-0.85,1722800,2177.0,2033.0,3220.0,727.5
2026-07-09 15:10:42,2026-07-09 14:55,2116.0,2124.0,-0.38,1735500,2177.0,2033.0,3220.0,727.5
2026-07-09 15:15:35,2026-07-09 15:00,2135.0,2124.0,0.52,1789700,2177.0,2033.0,3220.0,727.5
2026-07-09 15:20:42,2026-07-09 15:05,2137.0,2124.0,0.61,1810600,2177.0,2033.0,3220.0,727.5
2026-07-09 15:25:47,2026-07-09 15:10,2135.0,2124.0,0.52,1837600,2177.0,2033.0,3220.0,727.5
2026-07-09 15:30:51,2026-07-09 15:15,2137.0,2124.0,0.61,1856900,2177.0,2033.0,3220.0,727.5
2026-07-09 15:33:05,2026-07-09 15:17,2132.0,2124.0,0.38,1863400,2177.0,2033.0,3220.0,727.5
2026-07-10 09:00:34,2026-07-09 15:30,2113.0,2124.0,-0.52,1973000,2177.0,2033.0,3220.0,727.5
2026-07-10 09:05:49,2026-07-09 15:30,2113.0,2124.0,-0.52,1973000,2177.0,2033.0,3220.0,727.5
2026-07-10 09:10:39,2026-07-09 15:30,2113.0,2124.0,-0.52,1973000,2177.0,2033.0,3220.0,727.5
2026-07-10 09:15:40,2026-07-09 15:30,2113.0,2124.0,-0.52,1973000,2177.0,2033.0,3220.0,727.5
2026-07-10 09:20:32,2026-07-10 09:05,2167.0,2113.0,2.56,222200,2232.0,2143.0,3220.0,727.5
2026-07-10 09:25:34,2026-07-10 09:10,2118.0,2113.0,0.24,319000,2232.0,2114.0,3220.0,727.5
2026-07-10 09:30:40,2026-07-10 09:15,2126.0,2113.0,0.62,361900,2232.0,2110.0,3220.0,727.5
2026-07-10 09:35:42,2026-07-10 09:20,2152.0,2113.0,1.85,414800,2232.0,2110.0,3220.0,727.5
2026-07-10 09:40:33,2026-07-10 09:25,2161.0,2113.0,2.27,457400,2232.0,2110.0,3220.0,727.5
2026-07-10 09:46:06,2026-07-10 09:31,2159.0,2113.0,2.18,491100,2232.0,2110.0,3220.0,727.5
2026-07-10 09:50:29,2026-07-10 09:35,2136.0,2113.0,1.09,525700,2232.0,2110.0,3220.0,727.5
2026-07-10 09:55:34,2026-07-10 09:40,2168.0,2113.0,2.6,546500,2232.0,2110.0,3220.0,727.5
2026-07-10 10:00:31,2026-07-10 09:45,2182.0,2113.0,3.27,601200,2232.0,2110.0,3220.0,727.5
2026-07-10 10:05:32,2026-07-10 09:50,2180.0,2113.0,3.17,623600,2232.0,2110.0,3220.0,727.5
2026-07-10 10:10:39,2026-07-10 09:55,2197.0,2113.0,3.98,657400,2232.0,2110.0,3220.0,727.5
2026-07-10 10:15:34,2026-07-10 10:00,2200.0,2113.0,4.12,678000,2232.0,2110.0,3220.0,727.5
2026-07-10 10:20:34,2026-07-10 10:05,2206.0,2113.0,4.4,711000,2232.0,2110.0,3220.0,727.5
2026-07-10 10:25:41,2026-07-10 10:10,2183.0,2113.0,3.31,732400,2232.0,2110.0,3220.0,727.5
2026-07-10 10:30:31,2026-07-10 10:15,2186.0,2113.0,3.45,747600,2232.0,2110.0,3220.0,727.5
2026-07-10 10:35:30,2026-07-10 10:20,2191.0,2113.0,3.69,762900,2232.0,2110.0,3220.0,727.5
2026-07-10 10:40:29,2026-07-10 10:25,2202.0,2113.0,4.21,809000,2232.0,2110.0,3220.0,727.5
2026-07-10 10:45:33,2026-07-10 10:30,2192.0,2113.0,3.74,822800,2232.0,2110.0,3220.0,727.5
2026-07-10 10:50:42,2026-07-10 10:35,2203.0,2113.0,4.26,841500,2232.0,2110.0,3220.0,727.5
2026-07-10 10:55:45,2026-07-10 10:40,2203.0,2113.0,4.26,858800,2232.0,2110.0,3220.0,727.5
2026-07-10 11:00:32,2026-07-10 10:45,2191.0,2113.0,3.69,875600,2232.0,2110.0,3220.0,727.5
2026-07-10 11:05:37,2026-07-10 10:50,2222.0,2113.0,5.16,909100,2232.0,2110.0,3220.0,727.5
2026-07-10 11:10:40,2026-07-10 10:55,2231.0,2113.0,5.58,942100,2234.0,2110.0,3220.0,727.5
2026-07-10 11:15:36,2026-07-10 11:00,2258.0,2113.0,6.86,1101500,2266.0,2110.0,3220.0,727.5
2026-07-10 11:20:37,2026-07-10 11:05,2261.0,2113.0,7.0,1169400,2269.0,2110.0,3220.0,727.5
2026-07-10 11:25:41,2026-07-10 11:10,2244.0,2113.0,6.2,1212000,2269.0,2110.0,3220.0,727.5
2026-07-10 11:30:43,2026-07-10 11:15,2239.0,2113.0,5.96,1241900,2269.0,2110.0,3220.0,727.5
2026-07-10 12:30:32,2026-07-10 11:30,2241.0,2113.0,6.06,1350200,2269.0,2110.0,3220.0,727.5
2026-07-10 12:35:32,2026-07-10 11:30,2241.0,2113.0,6.06,1350200,2269.0,2110.0,3220.0,727.5
2026-07-10 12:40:40,2026-07-10 11:30,2241.0,2113.0,6.06,1350200,2269.0,2110.0,3220.0,727.5
2026-07-10 12:45:36,2026-07-10 12:30,2272.0,2113.0,7.52,1394900,2276.0,2110.0,3220.0,727.5
2026-07-10 12:50:50,2026-07-10 12:35,2256.0,2113.0,6.77,1443500,2276.0,2110.0,3220.0,727.5
2026-07-10 12:55:30,2026-07-10 12:40,2270.0,2113.0,7.43,1476700,2277.0,2110.0,3220.0,727.5
2026-07-10 13:00:55,2026-07-10 12:45,2263.0,2113.0,7.1,1506400,2277.0,2110.0,3220.0,727.5
2026-07-10 13:05:34,2026-07-10 12:50,2264.0,2113.0,7.15,1531400,2277.0,2110.0,3220.0,727.5
2026-07-10 13:10:35,2026-07-10 12:55,2248.0,2113.0,6.39,1582700,2277.0,2110.0,3220.0,727.5
2026-07-10 13:15:35,2026-07-10 13:00,2273.0,2113.0,7.57,1607500,2277.0,2110.0,3220.0,727.5
2026-07-10 13:20:36,2026-07-10 13:05,2267.0,2113.0,7.29,1629100,2277.0,2110.0,3220.0,727.5
2026-07-10 13:25:33,2026-07-10 13:10,2257.0,2113.0,6.81,1648100,2277.0,2110.0,3220.0,727.5
2026-07-10 13:30:33,2026-07-10 13:15,2261.0,2113.0,7.0,1674500,2277.0,2110.0,3220.0,727.5
2026-07-10 13:35:43,2026-07-10 13:20,2260.0,2113.0,6.96,1691100,2277.0,2110.0,3220.0,727.5
2026-07-10 13:40:39,2026-07-10 13:25,2258.0,2113.0,6.86,1705000,2277.0,2110.0,3220.0,727.5
2026-07-10 13:45:32,2026-07-10 13:30,2259.0,2113.0,6.91,1724000,2277.0,2110.0,3220.0,727.5
2026-07-10 13:50:35,2026-07-10 13:35,2253.0,2113.0,6.63,1755300,2277.0,2110.0,3220.0,727.5
2026-07-10 13:55:35,2026-07-10 13:40,2266.0,2113.0,7.24,1782700,2277.0,2110.0,3220.0,727.5
2026-07-10 14:00:46,2026-07-10 13:45,2262.0,2113.0,7.05,1809300,2277.0,2110.0,3220.0,727.5
2026-07-10 14:05:39,2026-07-10 13:50,2257.0,2113.0,6.81,1823000,2277.0,2110.0,3220.0,727.5
2026-07-10 14:10:40,2026-07-10 13:55,2247.0,2113.0,6.34,1840800,2277.0,2110.0,3220.0,727.5
2026-07-10 14:15:29,2026-07-10 14:00,2248.0,2113.0,6.39,1860000,2277.0,2110.0,3220.0,727.5
2026-07-10 14:20:36,2026-07-10 14:05,2232.0,2113.0,5.63,1876500,2277.0,2110.0,3220.0,727.5
2026-07-10 14:25:33,2026-07-10 14:10,2240.0,2113.0,6.01,1897400,2277.0,2110.0,3220.0,727.5
2026-07-10 14:30:37,2026-07-10 14:15,2250.0,2113.0,6.48,1929100,2277.0,2110.0,3220.0,727.5
2026-07-10 14:35:33,2026-07-10 14:20,2245.0,2113.0,6.25,1943300,2277.0,2110.0,3220.0,727.5
2026-07-10 14:40:36,2026-07-10 14:25,2243.0,2113.0,6.15,1954700,2277.0,2110.0,3220.0,727.5
2026-07-10 14:45:49,2026-07-10 14:30,2251.0,2113.0,6.53,1974900,2277.0,2110.0,3220.0,727.5
2026-07-10 14:50:37,2026-07-10 14:35,2260.0,2113.0,6.96,1995800,2277.0,2110.0,3220.0,727.5
2026-07-10 14:55:34,2026-07-10 14:40,2254.0,2113.0,6.67,2027600,2277.0,2110.0,3220.0,727.5
2026-07-10 15:00:37,2026-07-10 14:45,2244.0,2113.0,6.2,2060400,2277.0,2110.0,3220.0,727.5
2026-07-10 15:05:37,2026-07-10 14:50,2242.0,2113.0,6.11,2084700,2277.0,2110.0,3220.0,727.5
2026-07-10 15:10:41,2026-07-10 14:55,2234.0,2113.0,5.73,2113000,2277.0,2110.0,3220.0,727.5
2026-07-10 15:15:32,2026-07-10 15:00,2236.0,2113.0,5.82,2134000,2277.0,2110.0,3220.0,727.5
2026-07-10 15:20:41,2026-07-10 15:05,2243.0,2113.0,6.15,2163900,2277.0,2110.0,3220.0,727.5
2026-07-10 15:25:35,2026-07-10 15:10,2233.0,2113.0,5.68,2199900,2277.0,2110.0,3220.0,727.5
2026-07-10 15:30:56,2026-07-10 15:15,2227.0,2113.0,5.4,2224100,2277.0,2110.0,3220.0,727.5
2026-07-10 15:40:38,2026-07-10 15:24,2221.0,2113.0,5.11,2291700,2277.0,2110.0,3220.0,727.5
2026-07-13 09:00:31,2026-07-10 15:30,2215.0,2113.0,4.83,2372500,2277.0,2110.0,3220.0,727.5
2026-07-13 09:05:34,2026-07-10 15:30,2215.0,2113.0,4.83,2372500,2277.0,2110.0,3220.0,727.5
2026-07-13 09:10:39,2026-07-10 15:30,2215.0,2113.0,4.83,2372500,2277.0,2110.0,3220.0,727.5
2026-07-13 09:15:33,2026-07-10 15:30,2215.0,2113.0,4.83,2372500,2277.0,2110.0,3220.0,727.5
2026-07-13 09:20:36,2026-07-13 09:05,2185.0,2215.0,-1.35,139100,2215.0,2134.0,3220.0,727.5
2026-07-13 09:25:42,2026-07-13 09:10,2216.0,2215.0,0.05,177300,2217.0,2134.0,3220.0,727.5
2026-07-13 09:30:46,2026-07-13 09:15,2206.0,2215.0,-0.41,204700,2217.0,2134.0,3220.0,727.5
2026-07-13 09:36:52,2026-07-13 09:21,2230.0,2215.0,0.68,282300,2235.0,2134.0,3220.0,727.5
2026-07-13 09:40:59,2026-07-13 09:25,2236.0,2215.0,0.95,318800,2248.0,2134.0,3220.0,727.5
2026-07-13 09:47:20,2026-07-13 09:32,2248.0,2215.0,1.49,364200,2257.0,2134.0,3220.0,727.5
2026-07-13 09:52:10,2026-07-13 09:37,2230.0,2215.0,0.68,383600,2257.0,2134.0,3220.0,727.5
2026-07-13 09:58:08,2026-07-13 09:42,2224.0,2215.0,0.41,413900,2257.0,2134.0,3220.0,727.5
2026-07-13 10:03:55,2026-07-13 09:48,2242.0,2215.0,1.22,435000,2257.0,2134.0,3220.0,727.5
2026-07-13 10:06:38,2026-07-13 09:51,2232.0,2215.0,0.77,441800,2257.0,2134.0,3220.0,727.5
2026-07-13 10:12:20,2026-07-13 09:57,2225.0,2215.0,0.45,457000,2257.0,2134.0,3220.0,727.5
2026-07-13 10:15:43,2026-07-13 10:00,2225.0,2215.0,0.45,465700,2257.0,2134.0,3220.0,727.5
2026-07-13 10:20:35,2026-07-13 10:05,2212.0,2215.0,-0.14,485000,2257.0,2134.0,3220.0,727.5
2026-07-13 10:25:44,2026-07-13 10:10,2200.0,2215.0,-0.68,501200,2257.0,2134.0,3220.0,727.5
2026-07-13 10:30:37,2026-07-13 10:15,2208.0,2215.0,-0.32,506600,2257.0,2134.0,3220.0,727.5
2026-07-13 10:35:34,2026-07-13 10:20,2208.0,2215.0,-0.32,522900,2257.0,2134.0,3220.0,727.5
2026-07-13 10:40:36,2026-07-13 10:25,2199.0,2215.0,-0.72,532900,2257.0,2134.0,3220.0,727.5
2026-07-13 10:47:41,2026-07-13 10:32,2191.0,2215.0,-1.08,573400,2257.0,2134.0,3220.0,727.5
2026-07-13 10:50:44,2026-07-13 10:35,2191.0,2215.0,-1.08,579800,2257.0,2134.0,3220.0,727.5
2026-07-13 10:55:32,2026-07-13 10:40,2188.0,2215.0,-1.22,594100,2257.0,2134.0,3220.0,727.5
2026-07-13 11:00:30,2026-07-13 10:45,2171.0,2215.0,-1.99,609200,2257.0,2134.0,3220.0,727.5
2026-07-13 11:05:35,2026-07-13 10:50,2155.0,2215.0,-2.71,627100,2257.0,2134.0,3220.0,727.5
2026-07-13 11:10:35,2026-07-13 10:55,2156.0,2215.0,-2.66,648900,2257.0,2134.0,3220.0,727.5
2026-07-13 11:15:32,2026-07-13 11:00,2158.0,2215.0,-2.57,667900,2257.0,2134.0,3220.0,727.5
2026-07-13 11:20:32,2026-07-13 11:05,2159.0,2215.0,-2.53,679800,2257.0,2134.0,3220.0,727.5
2026-07-13 11:25:41,2026-07-13 11:10,2180.0,2215.0,-1.58,699600,2257.0,2134.0,3220.0,727.5
2026-07-13 11:30:33,2026-07-13 11:15,2175.0,2215.0,-1.81,710500,2257.0,2134.0,3220.0,727.5
2026-07-13 12:30:37,2026-07-13 11:30,2198.0,2215.0,-0.77,738100,2257.0,2134.0,3220.0,727.5
2026-07-13 12:35:31,2026-07-13 11:30,2198.0,2215.0,-0.77,738100,2257.0,2134.0,3220.0,727.5
2026-07-13 12:40:30,2026-07-13 11:30,2198.0,2215.0,-0.77,738100,2257.0,2134.0,3220.0,727.5
2026-07-13 12:45:31,2026-07-13 12:30,2170.0,2215.0,-2.03,760400,2257.0,2134.0,3220.0,727.5
2026-07-13 12:50:34,2026-07-13 12:35,2161.0,2215.0,-2.44,788400,2257.0,2134.0,3220.0,727.5
2026-07-13 12:56:14,2026-07-13 12:40,2180.0,2215.0,-1.58,824600,2257.0,2134.0,3220.0,727.5
2026-07-13 13:00:30,2026-07-13 12:45,2173.0,2215.0,-1.9,834800,2257.0,2134.0,3220.0,727.5
2026-07-13 13:05:37,2026-07-13 12:50,2181.0,2215.0,-1.53,844000,2257.0,2134.0,3220.0,727.5
2026-07-13 13:10:32,2026-07-13 12:55,2172.0,2215.0,-1.94,852800,2257.0,2134.0,3220.0,727.5
2026-07-13 13:15:33,2026-07-13 13:00,2159.0,2215.0,-2.53,885600,2257.0,2134.0,3220.0,727.5
2026-07-13 13:22:36,2026-07-13 13:07,2148.0,2215.0,-3.02,952800,2257.0,2134.0,3220.0,727.5
2026-07-13 13:25:32,2026-07-13 13:10,2151.0,2215.0,-2.89,959200,2257.0,2134.0,3220.0,727.5
2026-07-13 13:32:40,2026-07-13 13:17,2149.0,2215.0,-2.98,970500,2257.0,2134.0,3220.0,727.5
2026-07-13 13:35:42,2026-07-13 13:20,2158.0,2215.0,-2.57,977700,2257.0,2134.0,3220.0,727.5
2026-07-13 13:40:32,2026-07-13 13:25,2160.0,2215.0,-2.48,985900,2257.0,2134.0,3220.0,727.5
2026-07-13 13:45:41,2026-07-13 13:30,2162.0,2215.0,-2.39,993000,2257.0,2134.0,3220.0,727.5
2026-07-13 13:50:33,2026-07-13 13:35,2165.0,2215.0,-2.26,999600,2257.0,2134.0,3220.0,727.5
2026-07-13 13:55:43,2026-07-13 13:40,2165.0,2215.0,-2.26,1006200,2257.0,2134.0,3220.0,727.5
2026-07-13 14:00:29,2026-07-13 13:44,2163.0,2215.0,-2.35,1010100,2257.0,2134.0,3220.0,727.5
2026-07-13 14:05:29,2026-07-13 13:50,2157.0,2215.0,-2.62,1014800,2257.0,2134.0,3220.0,727.5
2026-07-13 14:10:29,2026-07-13 13:55,2158.0,2215.0,-2.57,1017600,2257.0,2134.0,3220.0,727.5
2026-07-13 14:15:43,2026-07-13 14:00,2156.0,2215.0,-2.66,1023900,2257.0,2134.0,3220.0,727.5
2026-07-13 14:20:32,2026-07-13 14:05,2160.0,2215.0,-2.48,1028300,2257.0,2134.0,3220.0,727.5
2026-07-13 14:25:40,2026-07-13 14:09,2168.0,2215.0,-2.12,1036300,2257.0,2134.0,3220.0,727.5
2026-07-13 14:30:35,2026-07-13 14:15,2164.0,2215.0,-2.3,1040900,2257.0,2134.0,3220.0,727.5
2026-07-13 14:35:35,2026-07-13 14:20,2166.0,2215.0,-2.21,1044700,2257.0,2134.0,3220.0,727.5
2026-07-13 14:40:33,2026-07-13 14:25,2160.0,2215.0,-2.48,1063000,2257.0,2134.0,3220.0,727.5
2026-07-13 14:45:34,2026-07-13 14:30,2152.0,2215.0,-2.84,1069400,2257.0,2134.0,3220.0,727.5
2026-07-13 14:50:33,2026-07-13 14:35,2169.0,2215.0,-2.08,1075800,2257.0,2134.0,3220.0,727.5
2026-07-13 14:55:29,2026-07-13 14:40,2182.0,2215.0,-1.49,1090100,2257.0,2134.0,3220.0,727.5
2026-07-13 15:00:31,2026-07-13 14:45,2169.0,2215.0,-2.08,1103900,2257.0,2134.0,3220.0,727.5
2026-07-13 15:05:43,2026-07-13 14:50,2181.0,2215.0,-1.53,1113900,2257.0,2134.0,3220.0,727.5
2026-07-13 15:10:30,2026-07-13 14:55,2187.0,2215.0,-1.26,1122900,2257.0,2134.0,3220.0,727.5
2026-07-13 15:15:39,2026-07-13 15:00,2194.0,2215.0,-0.95,1130300,2257.0,2134.0,3220.0,727.5
2026-07-13 15:20:39,2026-07-13 15:05,2189.0,2215.0,-1.17,1139100,2257.0,2134.0,3220.0,727.5
2026-07-13 15:25:37,2026-07-13 15:10,2194.0,2215.0,-0.95,1145700,2257.0,2134.0,3220.0,727.5
2026-07-13 15:30:30,2026-07-13 15:15,2171.0,2215.0,-1.99,1162500,2257.0,2134.0,3220.0,727.5
2026-07-13 15:40:31,2026-07-13 15:25,2161.0,2215.0,-2.44,1204800,2257.0,2134.0,3220.0,727.5
2026-07-14 09:00:31,2026-07-13 15:30,2142.0,2215.0,-3.3,1261000,2257.0,2134.0,3220.0,727.5
2026-07-14 09:05:34,2026-07-13 15:30,2142.0,2215.0,-3.3,1261000,2257.0,2134.0,3220.0,727.5
2026-07-14 09:10:57,2026-07-13 15:30,2142.0,2215.0,-3.3,1261000,2257.0,2134.0,3220.0,727.5
2026-07-14 09:15:31,2026-07-14 09:00,2142.0,2215.0,-3.3,1305100,2140.0,2107.0,3220.0,727.5
2026-07-14 09:20:33,2026-07-14 09:05,2079.0,2142.0,-2.94,111700,2140.0,2077.0,3220.0,727.5
2026-07-14 09:25:37,2026-07-14 09:10,2102.0,2142.0,-1.87,208000,2140.0,2060.0,3220.0,727.5
2026-07-14 09:30:30,2026-07-14 09:15,2106.0,2142.0,-1.68,228400,2140.0,2060.0,3220.0,727.5
2026-07-14 09:35:33,2026-07-14 09:20,2051.0,2142.0,-4.25,286100,2140.0,2048.0,3220.0,727.5
2026-07-14 09:40:36,2026-07-14 09:25,2082.0,2142.0,-2.8,322000,2140.0,2048.0,3220.0,727.5
2026-07-14 09:45:38,2026-07-14 09:30,2075.0,2142.0,-3.13,342300,2140.0,2048.0,3220.0,727.5
2026-07-14 09:50:31,2026-07-14 09:35,2097.0,2142.0,-2.1,365700,2140.0,2048.0,3220.0,727.5
2026-07-14 09:55:35,2026-07-14 09:40,2099.0,2142.0,-2.01,390000,2140.0,2048.0,3220.0,727.5
2026-07-14 10:00:31,2026-07-14 09:45,2083.0,2142.0,-2.75,401700,2140.0,2048.0,3220.0,727.5
2026-07-14 10:05:31,2026-07-14 09:50,2089.0,2142.0,-2.47,411700,2140.0,2048.0,3220.0,727.5
2026-07-14 10:10:30,2026-07-14 09:55,2108.0,2142.0,-1.59,428000,2140.0,2048.0,3220.0,727.5
2026-07-14 10:15:40,2026-07-14 10:00,2122.0,2142.0,-0.93,443700,2140.0,2048.0,3220.0,727.5
2026-07-14 10:20:31,2026-07-14 10:05,2119.0,2142.0,-1.07,453700,2140.0,2048.0,3220.0,727.5
2026-07-14 10:25:31,2026-07-14 10:10,2108.0,2142.0,-1.59,468400,2140.0,2048.0,3220.0,727.5
2026-07-14 10:30:37,2026-07-14 10:15,2103.0,2142.0,-1.82,478300,2140.0,2048.0,3220.0,727.5
2026-07-14 10:35:42,2026-07-14 10:20,2116.0,2142.0,-1.21,487900,2140.0,2048.0,3220.0,727.5
2026-07-14 10:40:41,2026-07-14 10:25,2121.0,2142.0,-0.98,494300,2140.0,2048.0,3220.0,727.5
2026-07-14 10:45:34,2026-07-14 10:30,2129.0,2142.0,-0.61,503300,2140.0,2048.0,3220.0,727.5
2026-07-14 10:50:34,2026-07-14 10:35,2107.0,2142.0,-1.63,513600,2140.0,2048.0,3220.0,727.5
2026-07-14 10:55:35,2026-07-14 10:40,2108.0,2142.0,-1.59,525100,2140.0,2048.0,3220.0,727.5
2026-07-14 11:00:30,2026-07-14 10:45,2119.0,2142.0,-1.07,536000,2140.0,2048.0,3220.0,727.5
2026-07-14 11:05:38,2026-07-14 10:50,2114.0,2142.0,-1.31,541500,2140.0,2048.0,3220.0,727.5
2026-07-14 11:10:45,2026-07-14 10:55,2102.0,2142.0,-1.87,548100,2140.0,2048.0,3220.0,727.5
2026-07-14 11:15:38,2026-07-14 11:00,2091.0,2142.0,-2.38,555800,2140.0,2048.0,3220.0,727.5
2026-07-14 11:20:57,2026-07-14 11:05,2101.0,2142.0,-1.91,561900,2140.0,2048.0,3220.0,727.5
2026-07-14 11:25:30,2026-07-14 11:10,2088.0,2142.0,-2.52,565300,2140.0,2048.0,3220.0,727.5
2026-07-14 11:30:56,2026-07-14 11:15,2088.0,2142.0,-2.52,569800,2140.0,2048.0,3220.0,727.5
2026-07-14 12:30:43,2026-07-14 11:30,2067.0,2142.0,-3.5,601300,2140.0,2048.0,3220.0,727.5
2026-07-14 12:35:35,2026-07-14 11:30,2067.0,2142.0,-3.5,601300,2140.0,2048.0,3220.0,727.5
2026-07-14 12:40:31,2026-07-14 11:30,2067.0,2142.0,-3.5,601300,2140.0,2048.0,3220.0,727.5
2026-07-14 12:45:36,2026-07-14 12:30,2073.0,2142.0,-3.22,615200,2140.0,2048.0,3220.0,727.5
2026-07-14 12:50:31,2026-07-14 12:35,2081.0,2142.0,-2.85,627600,2140.0,2048.0,3220.0,727.5
2026-07-14 12:55:41,2026-07-14 12:40,2080.0,2142.0,-2.89,640800,2140.0,2048.0,3220.0,727.5
2026-07-14 13:00:53,2026-07-14 12:45,2079.0,2142.0,-2.94,649200,2140.0,2048.0,3220.0,727.5
2026-07-14 13:05:39,2026-07-14 12:50,2074.0,2142.0,-3.17,658100,2140.0,2048.0,3220.0,727.5
2026-07-14 13:10:39,2026-07-14 12:55,2084.0,2142.0,-2.71,669400,2140.0,2048.0,3220.0,727.5
2026-07-14 13:15:36,2026-07-14 13:00,2091.0,2142.0,-2.38,681000,2140.0,2048.0,3220.0,727.5
2026-07-14 13:20:38,2026-07-14 13:05,2090.0,2142.0,-2.43,693300,2140.0,2048.0,3220.0,727.5
2026-07-14 13:25:30,2026-07-14 13:10,2090.0,2142.0,-2.43,702800,2140.0,2048.0,3220.0,727.5
2026-07-14 13:30:36,2026-07-14 13:15,2083.0,2142.0,-2.75,709200,2140.0,2048.0,3220.0,727.5
2026-07-14 13:35:30,2026-07-14 13:20,2078.0,2142.0,-2.99,717000,2140.0,2048.0,3220.0,727.5
2026-07-14 13:40:49,2026-07-14 13:25,2078.0,2142.0,-2.99,721700,2140.0,2048.0,3220.0,727.5
2026-07-14 13:45:30,2026-07-14 13:30,2082.0,2142.0,-2.8,727000,2140.0,2048.0,3220.0,727.5
2026-07-14 13:50:35,2026-07-14 13:35,2090.0,2142.0,-2.43,734800,2140.0,2048.0,3220.0,727.5
2026-07-14 13:55:32,2026-07-14 13:40,2104.0,2142.0,-1.77,742800,2140.0,2048.0,3220.0,727.5
2026-07-14 14:00:36,2026-07-14 13:45,2106.0,2142.0,-1.68,753500,2140.0,2048.0,3220.0,727.5
2026-07-14 14:05:31,2026-07-14 13:50,2108.0,2142.0,-1.59,756200,2140.0,2048.0,3220.0,727.5
2026-07-14 14:10:33,2026-07-14 13:55,2114.0,2142.0,-1.31,762200,2140.0,2048.0,3220.0,727.5
2026-07-14 14:15:31,2026-07-14 14:00,2116.0,2142.0,-1.21,778600,2140.0,2048.0,3220.0,727.5
2026-07-14 14:20:34,2026-07-14 14:05,2128.0,2142.0,-0.65,784800,2140.0,2048.0,3220.0,727.5
2026-07-14 14:25:37,2026-07-14 14:10,2135.0,2142.0,-0.33,793400,2140.0,2048.0,3220.0,727.5
2026-07-14 14:30:29,2026-07-14 14:15,2150.0,2142.0,0.37,808800,2154.0,2048.0,3220.0,727.5
2026-07-14 14:35:39,2026-07-14 14:20,2146.0,2142.0,0.19,820100,2154.0,2048.0,3220.0,727.5
2026-07-14 14:40:35,2026-07-14 14:25,2153.0,2142.0,0.51,828000,2154.0,2048.0,3220.0,727.5
2026-07-14 14:45:33,2026-07-14 14:30,2159.0,2142.0,0.79,834800,2159.0,2048.0,3220.0,727.5
2026-07-14 14:50:31,2026-07-14 14:35,2165.0,2142.0,1.07,850800,2171.0,2048.0,3220.0,727.5
2026-07-14 14:55:38,2026-07-14 14:40,2158.0,2142.0,0.75,860800,2171.0,2048.0,3220.0,727.5
2026-07-14 15:00:38,2026-07-14 14:45,2166.0,2142.0,1.12,878500,2171.0,2048.0,3220.0,727.5
2026-07-14 15:05:47,2026-07-14 14:50,2161.0,2142.0,0.89,890100,2171.0,2048.0,3220.0,727.5
2026-07-14 15:10:31,2026-07-14 14:55,2166.0,2142.0,1.12,897800,2171.0,2048.0,3220.0,727.5
2026-07-14 15:15:41,2026-07-14 15:00,2165.0,2142.0,1.07,903400,2171.0,2048.0,3220.0,727.5
2026-07-14 15:20:38,2026-07-14 15:05,2170.0,2142.0,1.31,931800,2175.0,2048.0,3220.0,727.5
2026-07-14 15:25:29,2026-07-14 15:10,2174.0,2142.0,1.49,948400,2182.0,2048.0,3220.0,727.5
2026-07-14 15:30:37,2026-07-14 15:15,2182.0,2142.0,1.87,963000,2184.0,2048.0,3220.0,727.5
2026-07-14 15:40:53,2026-07-14 15:24,2168.0,2142.0,1.21,1015300,2188.0,2048.0,3220.0,727.5
2026-07-15 09:05:29,2026-07-14 15:30,2169.0,2142.0,1.26,1065600,2188.0,2048.0,3220.0,732.5
2026-07-15 09:10:30,2026-07-14 15:30,2169.0,2142.0,1.26,1065600,2188.0,2048.0,3220.0,732.5
2026-07-15 09:15:43,2026-07-15 09:00,2169.0,2142.0,1.26,1123700,2197.0,2158.0,3220.0,732.5
2026-07-15 09:20:29,2026-07-15 09:05,2153.0,2169.0,-0.74,119000,2203.0,2151.0,3220.0,732.5
2026-07-15 09:25:35,2026-07-15 09:10,2128.0,2169.0,-1.89,193700,2203.0,2117.0,3220.0,732.5
2026-07-15 09:30:37,2026-07-15 09:15,2129.0,2169.0,-1.84,225700,2203.0,2111.0,3220.0,732.5
2026-07-15 09:35:29,2026-07-15 09:20,2127.0,2169.0,-1.94,257100,2203.0,2111.0,3220.0,732.5
2026-07-15 09:40:35,2026-07-15 09:25,2116.0,2169.0,-2.44,280500,2203.0,2111.0,3220.0,732.5
2026-07-15 09:45:32,2026-07-15 09:30,2136.0,2169.0,-1.52,322400,2203.0,2111.0,3220.0,732.5
2026-07-15 09:50:35,2026-07-15 09:35,2117.0,2169.0,-2.4,342800,2203.0,2111.0,3220.0,732.5
2026-07-15 09:55:30,2026-07-15 09:40,2125.0,2169.0,-2.03,355300,2203.0,2111.0,3220.0,732.5
2026-07-15 10:00:39,2026-07-15 09:45,2107.0,2169.0,-2.86,399700,2203.0,2101.0,3220.0,732.5
2026-07-15 10:05:41,2026-07-15 09:50,2112.0,2169.0,-2.63,414300,2203.0,2101.0,3220.0,732.5
2026-07-15 10:10:34,2026-07-15 09:55,2123.0,2169.0,-2.12,427100,2203.0,2101.0,3220.0,732.5
2026-07-15 10:15:30,2026-07-15 10:00,2106.0,2169.0,-2.9,441900,2203.0,2101.0,3220.0,732.5
2026-07-15 10:20:29,2026-07-15 10:05,2104.0,2169.0,-3.0,463500,2203.0,2096.0,3220.0,732.5
2026-07-15 10:25:30,2026-07-15 10:10,2094.0,2169.0,-3.46,480100,2203.0,2092.0,3220.0,732.5
2026-07-15 10:30:37,2026-07-15 10:15,2094.0,2169.0,-3.46,510900,2203.0,2082.0,3220.0,732.5
2026-07-15 10:35:29,2026-07-15 10:20,2093.0,2169.0,-3.5,526100,2203.0,2082.0,3220.0,732.5
2026-07-15 10:40:31,2026-07-15 10:25,2082.0,2169.0,-4.01,538700,2203.0,2082.0,3220.0,732.5
2026-07-15 10:45:37,2026-07-15 10:30,2093.0,2169.0,-3.5,550600,2203.0,2082.0,3220.0,732.5
2026-07-15 10:50:46,2026-07-15 10:35,2084.0,2169.0,-3.92,567700,2203.0,2082.0,3220.0,732.5
2026-07-15 10:55:28,2026-07-15 10:40,2092.0,2169.0,-3.55,588200,2203.0,2082.0,3220.0,732.5
2026-07-15 11:00:33,2026-07-15 10:45,2090.0,2169.0,-3.64,594500,2203.0,2082.0,3220.0,732.5
2026-07-15 11:05:43,2026-07-15 10:50,2101.0,2169.0,-3.14,606400,2203.0,2082.0,3220.0,732.5
2026-07-15 11:10:39,2026-07-15 10:55,2113.0,2169.0,-2.58,613800,2203.0,2082.0,3220.0,732.5
2026-07-15 11:15:31,2026-07-15 11:00,2116.0,2169.0,-2.44,624800,2203.0,2082.0,3220.0,732.5
2026-07-15 11:20:37,2026-07-15 11:05,2119.0,2169.0,-2.31,637800,2203.0,2082.0,3220.0,732.5
2026-07-15 11:25:36,2026-07-15 11:10,2126.0,2169.0,-1.98,651200,2203.0,2082.0,3220.0,732.5
2026-07-15 11:30:30,2026-07-15 11:15,2129.0,2169.0,-1.84,659800,2203.0,2082.0,3220.0,732.5
2026-07-15 12:30:32,2026-07-15 11:30,2152.0,2169.0,-0.78,714700,2203.0,2082.0,3220.0,732.5
2026-07-15 12:35:38,2026-07-15 11:30,2152.0,2169.0,-0.78,714700,2203.0,2082.0,3220.0,732.5
2026-07-15 12:40:34,2026-07-15 11:30,2152.0,2169.0,-0.78,714700,2203.0,2082.0,3220.0,732.5
2026-07-15 12:45:35,2026-07-15 12:30,2145.0,2169.0,-1.11,730100,2203.0,2082.0,3220.0,732.5
2026-07-15 12:50:35,2026-07-15 12:35,2148.0,2169.0,-0.97,753600,2203.0,2082.0,3220.0,732.5
2026-07-15 12:55:31,2026-07-15 12:40,2149.0,2169.0,-0.92,769200,2203.0,2082.0,3220.0,732.5
2026-07-15 13:00:36,2026-07-15 12:45,2142.0,2169.0,-1.24,779700,2203.0,2082.0,3220.0,732.5
2026-07-15 13:05:31,2026-07-15 12:50,2141.0,2169.0,-1.29,799000,2203.0,2082.0,3220.0,732.5
2026-07-15 13:10:33,2026-07-15 12:55,2147.0,2169.0,-1.01,807900,2203.0,2082.0,3220.0,732.5
2026-07-15 13:15:35,2026-07-15 13:00,2155.0,2169.0,-0.65,819400,2203.0,2082.0,3220.0,732.5
2026-07-15 13:20:39,2026-07-15 13:05,2161.0,2169.0,-0.37,835400,2203.0,2082.0,3220.0,732.5
2026-07-15 13:25:38,2026-07-15 13:10,2153.0,2169.0,-0.74,846500,2203.0,2082.0,3220.0,732.5
2026-07-15 13:30:28,2026-07-15 13:15,2155.0,2169.0,-0.65,850700,2203.0,2082.0,3220.0,732.5
2026-07-15 13:35:34,2026-07-15 13:20,2152.0,2169.0,-0.78,853400,2203.0,2082.0,3220.0,732.5
2026-07-15 13:40:40,2026-07-15 13:25,2159.0,2169.0,-0.46,862000,2203.0,2082.0,3220.0,732.5
2026-07-15 13:45:32,2026-07-15 13:30,2153.0,2169.0,-0.74,866600,2203.0,2082.0,3220.0,732.5
2026-07-15 13:50:32,2026-07-15 13:35,2156.0,2169.0,-0.6,871000,2203.0,2082.0,3220.0,732.5
2026-07-15 13:55:36,2026-07-15 13:40,2158.0,2169.0,-0.51,880700,2203.0,2082.0,3220.0,732.5
2026-07-15 14:00:35,2026-07-15 13:45,2161.0,2169.0,-0.37,884500,2203.0,2082.0,3220.0,732.5
2026-07-15 14:05:40,2026-07-15 13:50,2159.0,2169.0,-0.46,893200,2203.0,2082.0,3220.0,732.5
2026-07-15 14:10:35,2026-07-15 13:54,2163.0,2169.0,-0.28,895600,2203.0,2082.0,3220.0,732.5
2026-07-15 14:15:29,2026-07-15 14:00,2164.0,2169.0,-0.23,901700,2203.0,2082.0,3220.0,732.5
2026-07-15 14:20:38,2026-07-15 14:05,2148.0,2169.0,-0.97,915900,2203.0,2082.0,3220.0,732.5
2026-07-15 14:25:33,2026-07-15 14:10,2154.0,2169.0,-0.69,923400,2203.0,2082.0,3220.0,732.5
2026-07-15 14:30:30,2026-07-15 14:15,2147.0,2169.0,-1.01,930300,2203.0,2082.0,3220.0,732.5
2026-07-15 14:35:31,2026-07-15 14:19,2150.0,2169.0,-0.88,934900,2203.0,2082.0,3220.0,732.5
2026-07-15 14:40:40,2026-07-15 14:25,2155.0,2169.0,-0.65,947200,2203.0,2082.0,3220.0,732.5
2026-07-15 14:45:52,2026-07-15 14:30,2159.0,2169.0,-0.46,959000,2203.0,2082.0,3220.0,732.5
2026-07-15 14:50:31,2026-07-15 14:35,2165.0,2169.0,-0.18,963300,2203.0,2082.0,3220.0,732.5
2026-07-15 14:55:30,2026-07-15 14:40,2169.0,2169.0,0.0,974600,2203.0,2082.0,3220.0,732.5
2026-07-15 15:00:40,2026-07-15 14:45,2174.0,2169.0,0.23,983600,2203.0,2082.0,3220.0,732.5
2026-07-15 15:05:32,2026-07-15 14:50,2176.0,2169.0,0.32,994300,2203.0,2082.0,3220.0,732.5
2026-07-15 15:10:29,2026-07-15 14:54,2175.0,2169.0,0.28,1000900,2203.0,2082.0,3220.0,732.5
2026-07-15 15:15:31,2026-07-15 15:00,2175.0,2169.0,0.28,1007400,2203.0,2082.0,3220.0,732.5
2026-07-15 15:20:39,2026-07-15 15:05,2170.0,2169.0,0.05,1014300,2203.0,2082.0,3220.0,732.5
2026-07-15 15:25:30,2026-07-15 15:10,2190.0,2169.0,0.97,1066200,2203.0,2082.0,3220.0,732.5
2026-07-15 15:30:36,2026-07-15 15:15,2186.0,2169.0,0.78,1082100,2203.0,2082.0,3220.0,732.5
2026-07-15 15:41:16,2026-07-15 15:24,2178.0,2169.0,0.41,1113000,2203.0,2082.0,3220.0,732.5
2026-07-16 09:05:31,2026-07-15 15:30,2188.0,2169.0,0.88,1165100,2203.0,2082.0,3220.0,732.5
2026-07-16 09:10:33,2026-07-15 15:30,2188.0,2169.0,0.88,1165100,2203.0,2082.0,3220.0,732.5
2026-07-16 09:15:38,2026-07-15 15:30,2188.0,2169.0,0.88,1165100,2203.0,2082.0,3220.0,732.5
2026-07-16 09:20:35,2026-07-16 09:05,2104.0,2188.0,-3.84,50300,2145.0,2104.0,3220.0,732.5
2026-07-16 09:25:31,2026-07-16 09:10,2120.0,2188.0,-3.11,64500,2145.0,2103.0,3220.0,732.5
2026-07-16 09:30:31,2026-07-16 09:15,2119.0,2188.0,-3.15,82100,2145.0,2103.0,3220.0,732.5
2026-07-16 09:35:28,2026-07-16 09:20,2094.0,2188.0,-4.3,119000,2145.0,2091.0,3220.0,732.5
2026-07-16 09:40:30,2026-07-16 09:25,2117.0,2188.0,-3.24,145300,2145.0,2091.0,3220.0,732.5
2026-07-16 09:45:35,2026-07-16 09:30,2111.0,2188.0,-3.52,153500,2145.0,2091.0,3220.0,732.5
2026-07-16 09:50:41,2026-07-16 09:35,2113.0,2188.0,-3.43,169500,2145.0,2091.0,3220.0,732.5
2026-07-16 09:55:32,2026-07-16 09:40,2086.0,2188.0,-4.66,204000,2145.0,2085.0,3220.0,732.5
2026-07-16 10:00:30,2026-07-16 09:45,2077.0,2188.0,-5.07,229200,2145.0,2075.0,3220.0,732.5
2026-07-16 10:05:41,2026-07-16 09:50,2080.0,2188.0,-4.94,246400,2145.0,2075.0,3220.0,732.5
2026-07-16 10:10:40,2026-07-16 09:55,2082.0,2188.0,-4.84,258100,2145.0,2075.0,3220.0,732.5
2026-07-16 10:15:36,2026-07-16 10:00,2086.0,2188.0,-4.66,271000,2145.0,2075.0,3220.0,732.5
2026-07-16 10:20:30,2026-07-16 10:05,2078.0,2188.0,-5.03,279400,2145.0,2075.0,3220.0,732.5
2026-07-16 10:25:42,2026-07-16 10:10,2079.0,2188.0,-4.98,291800,2145.0,2074.0,3220.0,732.5
2026-07-16 10:30:34,2026-07-16 10:15,2068.0,2188.0,-5.48,322300,2145.0,2068.0,3220.0,732.5
2026-07-16 10:35:31,2026-07-16 10:20,2067.0,2188.0,-5.53,334000,2145.0,2065.0,3220.0,732.5
2026-07-16 10:40:32,2026-07-16 10:24,2070.0,2188.0,-5.39,338200,2145.0,2065.0,3220.0,732.5
2026-07-16 10:45:30,2026-07-16 10:29,2067.0,2188.0,-5.53,346100,2145.0,2065.0,3220.0,732.5
2026-07-16 10:50:32,2026-07-16 10:35,2074.0,2188.0,-5.21,358800,2145.0,2065.0,3220.0,732.5
2026-07-16 10:55:36,2026-07-16 10:40,2072.0,2188.0,-5.3,367800,2145.0,2065.0,3220.0,732.5
2026-07-16 11:00:33,2026-07-16 10:45,2062.0,2188.0,-5.76,380300,2145.0,2061.0,3220.0,732.5
2026-07-16 11:05:35,2026-07-16 10:50,2075.0,2188.0,-5.16,392900,2145.0,2061.0,3220.0,732.5
2026-07-16 11:10:32,2026-07-16 10:55,2078.0,2188.0,-5.03,399800,2145.0,2061.0,3220.0,732.5
2026-07-16 11:15:33,2026-07-16 11:00,2079.0,2188.0,-4.98,422600,2145.0,2061.0,3220.0,732.5
2026-07-16 11:20:55,2026-07-16 11:05,2075.0,2188.0,-5.16,427900,2145.0,2061.0,3220.0,732.5
2026-07-16 11:25:33,2026-07-16 11:10,2075.0,2188.0,-5.16,430700,2145.0,2061.0,3220.0,732.5
2026-07-16 11:30:35,2026-07-16 11:15,2073.0,2188.0,-5.26,434700,2145.0,2061.0,3220.0,732.5
2026-07-16 12:30:37,2026-07-16 11:30,2097.0,2188.0,-4.16,496400,2145.0,2061.0,3220.0,732.5
2026-07-16 12:35:32,2026-07-16 11:30,2097.0,2188.0,-4.16,496400,2145.0,2061.0,3220.0,732.5
2026-07-16 12:40:29,2026-07-16 11:30,2097.0,2188.0,-4.16,496400,2145.0,2061.0,3220.0,732.5
2026-07-16 12:45:43,2026-07-16 12:30,2099.0,2188.0,-4.07,503700,2145.0,2061.0,3220.0,732.5
2026-07-16 12:50:33,2026-07-16 12:35,2102.0,2188.0,-3.93,516300,2145.0,2061.0,3220.0,732.5
2026-07-16 12:55:41,2026-07-16 12:40,2100.0,2188.0,-4.02,529400,2145.0,2061.0,3220.0,732.5
2026-07-16 13:00:38,2026-07-16 12:45,2096.0,2188.0,-4.2,533600,2145.0,2061.0,3220.0,732.5
2026-07-16 13:05:37,2026-07-16 12:50,2094.0,2188.0,-4.3,540000,2145.0,2061.0,3220.0,732.5
2026-07-16 13:10:41,2026-07-16 12:55,2104.0,2188.0,-3.84,546500,2145.0,2061.0,3220.0,732.5
2026-07-16 13:15:32,2026-07-16 13:00,2103.0,2188.0,-3.88,562200,2145.0,2061.0,3220.0,732.5
2026-07-16 13:20:40,2026-07-16 13:05,2096.0,2188.0,-4.2,574000,2145.0,2061.0,3220.0,732.5
2026-07-16 13:25:38,2026-07-16 13:10,2102.0,2188.0,-3.93,582700,2145.0,2061.0,3220.0,732.5
2026-07-16 13:30:44,2026-07-16 13:15,2102.0,2188.0,-3.93,594600,2145.0,2061.0,3220.0,732.5
2026-07-16 13:35:31,2026-07-16 13:20,2100.0,2188.0,-4.02,604800,2145.0,2061.0,3220.0,732.5
2026-07-16 13:40:33,2026-07-16 13:25,2099.0,2188.0,-4.07,608800,2145.0,2061.0,3220.0,732.5
2026-07-16 13:45:29,2026-07-16 13:30,2098.0,2188.0,-4.11,613500,2145.0,2061.0,3220.0,732.5
2026-07-16 13:50:32,2026-07-16 13:35,2101.0,2188.0,-3.98,624200,2145.0,2061.0,3220.0,732.5
2026-07-16 13:55:41,2026-07-16 13:40,2090.0,2188.0,-4.48,633700,2145.0,2061.0,3220.0,732.5
2026-07-16 14:00:46,2026-07-16 13:45,2086.0,2188.0,-4.66,636000,2145.0,2061.0,3220.0,732.5
2026-07-16 14:05:33,2026-07-16 13:50,2089.0,2188.0,-4.52,639500,2145.0,2061.0,3220.0,732.5
2026-07-16 14:10:35,2026-07-16 13:55,2089.0,2188.0,-4.52,644000,2145.0,2061.0,3220.0,732.5
2026-07-16 14:15:36,2026-07-16 14:00,2094.0,2188.0,-4.3,648900,2145.0,2061.0,3220.0,732.5
2026-07-16 14:20:32,2026-07-16 14:05,2095.0,2188.0,-4.25,654800,2145.0,2061.0,3220.0,732.5
2026-07-16 14:25:46,2026-07-16 14:10,2090.0,2188.0,-4.48,659600,2145.0,2061.0,3220.0,732.5
2026-07-16 14:30:29,2026-07-16 14:15,2098.0,2188.0,-4.11,663000,2145.0,2061.0,3220.0,732.5
2026-07-16 14:35:37,2026-07-16 14:20,2100.0,2188.0,-4.02,667300,2145.0,2061.0,3220.0,732.5
2026-07-16 14:40:31,2026-07-16 14:25,2105.0,2188.0,-3.79,670800,2145.0,2061.0,3220.0,732.5
2026-07-16 14:45:42,2026-07-16 14:30,2111.0,2188.0,-3.52,682500,2145.0,2061.0,3220.0,732.5
2026-07-16 14:50:33,2026-07-16 14:35,2101.0,2188.0,-3.98,692300,2145.0,2061.0,3220.0,732.5
2026-07-16 14:55:32,2026-07-16 14:38,2097.0,2188.0,-4.16,696900,2145.0,2061.0,3220.0,732.5
2026-07-16 15:00:37,2026-07-16 14:45,2102.0,2188.0,-3.93,709100,2145.0,2061.0,3220.0,732.5
2026-07-16 15:05:28,2026-07-16 14:50,2096.0,2188.0,-4.2,715100,2145.0,2061.0,3220.0,732.5
2026-07-16 15:10:32,2026-07-16 14:55,2097.0,2188.0,-4.16,718400,2145.0,2061.0,3220.0,732.5
2026-07-16 15:15:53,2026-07-16 15:00,2095.0,2188.0,-4.25,735200,2145.0,2061.0,3220.0,732.5
2026-07-16 15:20:41,2026-07-16 15:05,2087.0,2188.0,-4.62,742600,2145.0,2061.0,3220.0,732.5
2026-07-16 15:25:35,2026-07-16 15:10,2089.0,2188.0,-4.52,758700,2145.0,2061.0,3220.0,732.5
2026-07-16 15:30:31,2026-07-16 15:15,2098.0,2188.0,-4.11,768100,2145.0,2061.0,3220.0,732.5
2026-07-16 15:40:34,2026-07-16 15:24,2108.0,2188.0,-3.66,795300,2145.0,2061.0,3220.0,732.5
2026-07-17 09:05:46,2026-07-16 15:30,2091.0,2188.0,-4.43,830700,2145.0,2061.0,3220.0,732.5
2026-07-17 09:10:57,2026-07-16 15:30,2091.0,2188.0,-4.43,830700,2145.0,2061.0,3220.0,732.5
2026-07-17 09:15:31,2026-07-16 15:30,2091.0,2188.0,-4.43,830700,2145.0,2061.0,3220.0,732.5
2026-07-17 09:20:36,2026-07-17 09:05,1981.0,2091.0,-5.26,162600,2027.0,1976.0,3220.0,732.5
2026-07-17 09:25:31,2026-07-17 09:10,1969.0,2091.0,-5.83,242500,2027.0,1957.0,3220.0,732.5
2026-07-17 09:30:33,2026-07-17 09:15,1981.0,2091.0,-5.26,275900,2027.0,1957.0,3220.0,732.5
2026-07-17 09:35:40,2026-07-17 09:20,1967.0,2091.0,-5.93,317500,2027.0,1957.0,3220.0,732.5
2026-07-17 09:40:29,2026-07-17 09:25,1953.0,2091.0,-6.6,357900,2027.0,1952.0,3220.0,732.5
2026-07-17 09:45:33,2026-07-17 09:30,1945.0,2091.0,-6.98,410400,2027.0,1943.0,3220.0,732.5
2026-07-17 09:50:39,2026-07-17 09:35,1936.0,2091.0,-7.41,452600,2027.0,1933.0,3220.0,732.5
2026-07-17 09:55:37,2026-07-17 09:40,1941.0,2091.0,-7.17,479400,2027.0,1932.0,3220.0,732.5
2026-07-17 10:00:40,2026-07-17 09:45,1935.0,2091.0,-7.46,519500,2027.0,1926.0,3220.0,732.5
2026-07-17 10:05:29,2026-07-17 09:50,1956.0,2091.0,-6.46,566300,2027.0,1926.0,3220.0,732.5
2026-07-17 10:10:41,2026-07-17 09:55,1979.0,2091.0,-5.36,588500,2027.0,1926.0,3220.0,732.5
2026-07-17 10:15:32,2026-07-17 10:00,1974.0,2091.0,-5.6,605100,2027.0,1926.0,3220.0,732.5
2026-07-17 10:20:39,2026-07-17 10:05,1960.0,2091.0,-6.26,633400,2027.0,1926.0,3220.0,732.5
2026-07-17 10:25:48,2026-07-17 10:10,1976.0,2091.0,-5.5,664600,2027.0,1926.0,3220.0,732.5
2026-07-17 10:30:32,2026-07-17 10:15,1988.0,2091.0,-4.93,703000,2027.0,1926.0,3220.0,732.5
2026-07-17 10:35:35,2026-07-17 10:20,1970.0,2091.0,-5.79,714900,2027.0,1926.0,3220.0,732.5
2026-07-17 10:40:47,2026-07-17 10:25,1959.0,2091.0,-6.31,725500,2027.0,1926.0,3220.0,732.5
2026-07-17 10:45:45,2026-07-17 10:30,1946.0,2091.0,-6.93,751900,2027.0,1926.0,3220.0,732.5
2026-07-17 10:50:43,2026-07-17 10:35,1938.0,2091.0,-7.32,787700,2027.0,1926.0,3220.0,732.5
2026-07-17 10:55:34,2026-07-17 10:40,1940.0,2091.0,-7.22,803100,2027.0,1926.0,3220.0,732.5
2026-07-17 11:00:42,2026-07-17 10:45,1935.0,2091.0,-7.46,816800,2027.0,1926.0,3220.0,732.5
2026-07-17 11:05:42,2026-07-17 10:50,1932.0,2091.0,-7.6,824500,2027.0,1926.0,3220.0,732.5
2026-07-17 11:10:41,2026-07-17 10:55,1932.0,2091.0,-7.6,835000,2027.0,1926.0,3220.0,732.5
2026-07-17 11:15:32,2026-07-17 11:00,1934.0,2091.0,-7.51,839200,2027.0,1926.0,3220.0,732.5
2026-07-17 11:20:34,2026-07-17 11:05,1925.0,2091.0,-7.94,864200,2027.0,1923.0,3220.0,732.5
2026-07-17 11:25:39,2026-07-17 11:10,1919.0,2091.0,-8.23,885400,2027.0,1917.0,3220.0,732.5
2026-07-17 11:30:29,2026-07-17 11:15,1916.0,2091.0,-8.37,894100,2027.0,1914.0,3220.0,732.5
2026-07-17 12:30:37,2026-07-17 11:30,1917.0,2091.0,-8.32,915200,2027.0,1912.0,3220.0,732.5
2026-07-17 12:35:30,2026-07-17 11:30,1917.0,2091.0,-8.32,915200,2027.0,1912.0,3220.0,732.5
2026-07-17 12:40:35,2026-07-17 11:30,1917.0,2091.0,-8.32,915200,2027.0,1912.0,3220.0,732.5
2026-07-17 12:45:39,2026-07-17 12:30,1925.0,2091.0,-7.94,934000,2027.0,1912.0,3220.0,732.5
2026-07-17 12:50:49,2026-07-17 12:35,1907.0,2091.0,-8.8,971900,2027.0,1902.0,3220.0,732.5
2026-07-17 12:55:31,2026-07-17 12:40,1901.0,2091.0,-9.09,985900,2027.0,1901.0,3220.0,732.5
2026-07-17 13:00:36,2026-07-17 12:45,1900.0,2091.0,-9.13,999300,2027.0,1900.0,3220.0,732.5
2026-07-17 13:05:35,2026-07-17 12:50,1901.0,2091.0,-9.09,1025900,2027.0,1896.0,3220.0,732.5
2026-07-17 13:10:46,2026-07-17 12:55,1893.0,2091.0,-9.47,1038500,2027.0,1891.0,3220.0,732.5
2026-07-17 13:15:36,2026-07-17 13:00,1889.0,2091.0,-9.66,1056000,2027.0,1888.0,3220.0,732.5
2026-07-17 13:20:30,2026-07-17 13:05,1880.0,2091.0,-10.09,1085200,2027.0,1880.0,3220.0,732.5
2026-07-17 13:25:29,2026-07-17 13:10,1878.0,2091.0,-10.19,1101600,2027.0,1876.0,3220.0,732.5
2026-07-17 13:30:32,2026-07-17 13:15,1879.0,2091.0,-10.14,1114600,2027.0,1876.0,3220.0,732.5
2026-07-17 13:35:32,2026-07-17 13:20,1873.0,2091.0,-10.43,1128300,2027.0,1872.0,3220.0,732.5
2026-07-17 13:40:40,2026-07-17 13:25,1862.0,2091.0,-10.95,1163600,2027.0,1857.0,3220.0,732.5
2026-07-17 13:45:29,2026-07-17 13:30,1857.0,2091.0,-11.19,1177500,2027.0,1855.0,3220.0,732.5
2026-07-17 13:50:30,2026-07-17 13:35,1847.0,2091.0,-11.67,1203500,2027.0,1847.0,3220.0,732.5
2026-07-17 13:55:32,2026-07-17 13:40,1847.0,2091.0,-11.67,1219500,2027.0,1846.0,3220.0,732.5
2026-07-17 14:00:40,2026-07-17 13:45,1862.0,2091.0,-10.95,1247200,2027.0,1844.0,3220.0,732.5
2026-07-17 14:05:34,2026-07-17 13:50,1876.0,2091.0,-10.28,1267200,2027.0,1844.0,3220.0,732.5
2026-07-17 14:10:30,2026-07-17 13:55,1883.0,2091.0,-9.95,1281600,2027.0,1844.0,3220.0,732.5
2026-07-17 14:15:33,2026-07-17 14:00,1878.0,2091.0,-10.19,1293200,2027.0,1844.0,3220.0,732.5
2026-07-17 14:20:37,2026-07-17 14:05,1876.0,2091.0,-10.28,1298900,2027.0,1844.0,3220.0,732.5
2026-07-17 14:25:46,2026-07-17 14:10,1874.0,2091.0,-10.38,1306600,2027.0,1844.0,3220.0,732.5
2026-07-17 14:30:32,2026-07-17 14:15,1879.0,2091.0,-10.14,1312200,2027.0,1844.0,3220.0,732.5
2026-07-17 14:35:50,2026-07-17 14:20,1881.0,2091.0,-10.04,1318900,2027.0,1844.0,3220.0,732.5
2026-07-17 14:40:29,2026-07-17 14:25,1880.0,2091.0,-10.09,1327000,2027.0,1844.0,3220.0,732.5
2026-07-17 14:45:35,2026-07-17 14:30,1887.0,2091.0,-9.76,1334100,2027.0,1844.0,3220.0,732.5
2026-07-17 14:50:28,2026-07-17 14:35,1888.0,2091.0,-9.71,1339800,2027.0,1844.0,3220.0,732.5
2026-07-17 14:55:39,2026-07-17 14:40,1888.0,2091.0,-9.71,1346600,2027.0,1844.0,3220.0,732.5
2026-07-17 15:00:28,2026-07-17 14:45,1890.0,2091.0,-9.61,1352500,2027.0,1844.0,3220.0,732.5
2026-07-17 15:05:56,2026-07-17 14:50,1904.0,2091.0,-8.94,1360000,2027.0,1844.0,3220.0,732.5
2026-07-17 15:10:31,2026-07-17 14:55,1910.0,2091.0,-8.66,1371400,2027.0,1844.0,3220.0,732.5
2026-07-17 15:15:35,2026-07-17 15:00,1913.0,2091.0,-8.51,1378400,2027.0,1844.0,3220.0,732.5
2026-07-17 15:20:36,2026-07-17 15:05,1930.0,2091.0,-7.7,1411700,2027.0,1844.0,3220.0,732.5
2026-07-17 15:25:46,2026-07-17 15:10,1931.0,2091.0,-7.65,1435700,2027.0,1844.0,3220.0,732.5
2026-07-17 15:30:35,2026-07-17 15:15,1931.0,2091.0,-7.65,1455700,2027.0,1844.0,3220.0,732.5
2026-07-17 15:40:41,2026-07-17 15:24,1931.0,2091.0,-7.65,1495500,2027.0,1844.0,3220.0,732.5
2026-07-21 09:05:30,2026-07-17 15:30,1932.0,2091.0,-7.6,1564300,2027.0,1844.0,3220.0,732.5
2026-07-21 09:10:31,2026-07-17 15:30,1932.0,2091.0,-7.6,1564300,2027.0,1844.0,3220.0,732.5
2026-07-21 09:15:29,2026-07-21 09:00,1908.0,2091.0,-8.75,1600600,1933.0,1898.0,3220.0,732.5
2026-07-21 09:20:39,2026-07-21 09:05,1897.0,1932.0,-1.81,85100,1933.0,1867.0,3220.0,732.5
2026-07-21 09:25:43,2026-07-21 09:10,1868.0,1932.0,-3.31,116100,1933.0,1866.0,3220.0,732.5
2026-07-21 09:30:39,2026-07-21 09:15,1875.0,1932.0,-2.95,149100,1933.0,1863.0,3220.0,732.5
2026-07-21 09:35:42,2026-07-21 09:20,1885.0,1932.0,-2.43,169500,1933.0,1863.0,3220.0,732.5
2026-07-21 09:40:34,2026-07-21 09:25,1898.0,1932.0,-1.76,189700,1933.0,1863.0,3220.0,732.5
2026-07-21 09:45:34,2026-07-21 09:30,1895.0,1932.0,-1.92,200300,1933.0,1863.0,3220.0,732.5
2026-07-21 09:50:30,2026-07-21 09:35,1891.0,1932.0,-2.12,212900,1933.0,1863.0,3220.0,732.5
2026-07-21 09:55:35,2026-07-21 09:40,1889.0,1932.0,-2.23,223500,1933.0,1863.0,3220.0,732.5
2026-07-21 10:00:29,2026-07-21 09:45,1878.0,1932.0,-2.8,234600,1933.0,1863.0,3220.0,732.5
2026-07-21 10:05:50,2026-07-21 09:50,1887.0,1932.0,-2.33,246300,1933.0,1863.0,3220.0,732.5
2026-07-21 10:10:29,2026-07-21 09:55,1893.0,1932.0,-2.02,255800,1933.0,1863.0,3220.0,732.5
2026-07-21 10:15:32,2026-07-21 10:00,1886.0,1932.0,-2.38,269000,1933.0,1863.0,3220.0,732.5
2026-07-21 10:20:34,2026-07-21 10:05,1881.0,1932.0,-2.64,279900,1933.0,1863.0,3220.0,732.5
2026-07-21 10:25:29,2026-07-21 10:10,1886.0,1932.0,-2.38,288100,1933.0,1863.0,3220.0,732.5
2026-07-21 10:30:33,2026-07-21 10:15,1893.0,1932.0,-2.02,299100,1933.0,1863.0,3220.0,732.5
2026-07-21 10:35:32,2026-07-21 10:20,1900.0,1932.0,-1.66,309700,1933.0,1863.0,3220.0,732.5
2026-07-21 10:40:28,2026-07-21 10:25,1906.0,1932.0,-1.35,326400,1933.0,1863.0,3220.0,732.5
2026-07-21 10:45:39,2026-07-21 10:30,1910.0,1932.0,-1.14,331000,1933.0,1863.0,3220.0,732.5
2026-07-21 10:50:47,2026-07-21 10:35,1920.0,1932.0,-0.62,343600,1933.0,1863.0,3220.0,732.5
2026-07-21 10:55:44,2026-07-21 10:40,1911.0,1932.0,-1.09,357100,1933.0,1863.0,3220.0,732.5
2026-07-21 11:00:30,2026-07-21 10:45,1897.0,1932.0,-1.81,369800,1933.0,1863.0,3220.0,732.5
2026-07-21 11:05:36,2026-07-21 10:50,1902.0,1932.0,-1.55,376200,1933.0,1863.0,3220.0,732.5
2026-07-21 11:10:36,2026-07-21 10:55,1895.0,1932.0,-1.92,381500,1933.0,1863.0,3220.0,732.5
2026-07-21 11:15:30,2026-07-21 11:00,1890.0,1932.0,-2.17,388300,1933.0,1863.0,3220.0,732.5
2026-07-21 11:20:32,2026-07-21 11:04,1896.0,1932.0,-1.86,392800,1933.0,1863.0,3220.0,732.5
2026-07-21 11:25:34,2026-07-21 11:10,1883.0,1932.0,-2.54,399400,1933.0,1863.0,3220.0,732.5
2026-07-21 11:30:38,2026-07-21 11:15,1882.0,1932.0,-2.59,410300,1933.0,1863.0,3220.0,732.5
2026-07-21 12:30:33,2026-07-21 11:30,1895.0,1932.0,-1.92,425000,1933.0,1863.0,3220.0,732.5
2026-07-21 12:35:30,2026-07-21 11:30,1895.0,1932.0,-1.92,425000,1933.0,1863.0,3220.0,732.5
2026-07-21 12:40:28,2026-07-21 11:30,1895.0,1932.0,-1.92,425000,1933.0,1863.0,3220.0,732.5
2026-07-21 12:45:53,2026-07-21 12:30,1910.0,1932.0,-1.14,442300,1933.0,1863.0,3220.0,732.5
2026-07-21 12:50:33,2026-07-21 12:35,1935.0,1932.0,0.16,468500,1935.0,1863.0,3220.0,732.5
2026-07-21 12:55:34,2026-07-21 12:40,1945.0,1932.0,0.67,503300,1948.0,1863.0,3220.0,732.5
2026-07-21 13:00:30,2026-07-21 12:45,1952.0,1932.0,1.04,520600,1954.0,1863.0,3220.0,732.5
2026-07-21 13:05:32,2026-07-21 12:50,1960.0,1932.0,1.45,529400,1960.0,1863.0,3220.0,732.5
2026-07-21 13:10:36,2026-07-21 12:55,1951.0,1932.0,0.98,547300,1960.0,1863.0,3220.0,732.5
2026-07-21 13:15:38,2026-07-21 13:00,1959.0,1932.0,1.4,554600,1960.0,1863.0,3220.0,732.5
2026-07-21 13:20:49,2026-07-21 13:05,1952.0,1932.0,1.04,569600,1960.0,1863.0,3220.0,732.5
2026-07-21 13:25:30,2026-07-21 13:10,1951.0,1932.0,0.98,578500,1960.0,1863.0,3220.0,732.5
2026-07-21 13:30:43,2026-07-21 13:15,1955.0,1932.0,1.19,583900,1960.0,1863.0,3220.0,732.5
2026-07-21 13:35:34,2026-07-21 13:20,1950.0,1932.0,0.93,592500,1960.0,1863.0,3220.0,732.5
2026-07-21 13:40:41,2026-07-21 13:25,1951.0,1932.0,0.98,595100,1960.0,1863.0,3220.0,732.5
2026-07-21 13:45:37,2026-07-21 13:30,1970.0,1932.0,1.97,611300,1971.0,1863.0,3220.0,732.5
2026-07-21 13:50:30,2026-07-21 13:35,1977.0,1932.0,2.33,633900,1984.0,1863.0,3220.0,732.5
2026-07-21 13:55:36,2026-07-21 13:40,1968.0,1932.0,1.86,662200,1984.0,1863.0,3220.0,732.5
2026-07-21 14:00:47,2026-07-21 13:45,1971.0,1932.0,2.02,672400,1984.0,1863.0,3220.0,732.5
2026-07-21 14:05:37,2026-07-21 13:50,1983.0,1932.0,2.64,677900,1986.0,1863.0,3220.0,732.5
2026-07-21 14:10:36,2026-07-21 13:55,1968.0,1932.0,1.86,685900,1986.0,1863.0,3220.0,732.5
2026-07-21 14:15:37,2026-07-21 14:00,1971.0,1932.0,2.02,692200,1986.0,1863.0,3220.0,732.5
2026-07-21 14:20:37,2026-07-21 14:05,1984.0,1932.0,2.69,697400,1986.0,1863.0,3220.0,732.5
2026-07-21 14:25:32,2026-07-21 14:10,1985.0,1932.0,2.74,703000,1986.0,1863.0,3220.0,732.5
2026-07-21 14:30:40,2026-07-21 14:15,1965.0,1932.0,1.71,713100,1986.0,1863.0,3220.0,732.5
2026-07-21 14:35:38,2026-07-21 14:20,1961.0,1932.0,1.5,724600,1986.0,1863.0,3220.0,732.5
2026-07-21 14:40:30,2026-07-21 14:25,1978.0,1932.0,2.38,735100,1986.0,1863.0,3220.0,732.5
2026-07-21 14:45:35,2026-07-21 14:30,1985.0,1932.0,2.74,749900,1986.0,1863.0,3220.0,732.5
2026-07-21 14:50:42,2026-07-21 14:35,1981.0,1932.0,2.54,775300,1986.0,1863.0,3220.0,732.5
2026-07-21 14:55:34,2026-07-21 14:40,1984.0,1932.0,2.69,784100,1986.0,1863.0,3220.0,732.5
2026-07-21 15:00:37,2026-07-21 14:44,1980.0,1932.0,2.48,789800,1986.0,1863.0,3220.0,732.5
2026-07-21 15:05:40,2026-07-21 14:50,1983.0,1932.0,2.64,797100,1986.0,1863.0,3220.0,732.5
2026-07-21 15:10:45,2026-07-21 14:55,1982.0,1932.0,2.59,800500,1986.0,1863.0,3220.0,732.5
2026-07-21 15:15:40,2026-07-21 15:00,1987.0,1932.0,2.85,808700,1987.0,1863.0,3220.0,732.5
2026-07-21 15:20:32,2026-07-21 15:05,1987.0,1932.0,2.85,813100,1988.0,1863.0,3220.0,732.5
2026-07-21 15:25:33,2026-07-21 15:09,1995.0,1932.0,3.26,841900,1995.0,1863.0,3220.0,732.5
2026-07-21 15:30:29,2026-07-21 15:15,1989.0,1932.0,2.95,848200,1995.0,1863.0,3220.0,732.5
2026-07-21 15:40:31,2026-07-21 15:24,1981.0,1932.0,2.54,870900,1995.0,1863.0,3220.0,732.5
2026-07-22 09:05:30,2026-07-21 15:30,1984.0,1932.0,2.69,899800,1995.0,1863.0,3220.0,732.5
2026-07-22 09:10:43,2026-07-21 15:30,1984.0,1932.0,2.69,899800,1995.0,1863.0,3220.0,732.5
2026-07-22 09:15:28,2026-07-21 15:30,1984.0,1932.0,2.69,899800,1995.0,1863.0,3220.0,732.5
2026-07-22 09:20:29,2026-07-22 09:05,2045.0,1984.0,3.07,67100,2048.0,2020.0,3220.0,732.5
2026-07-22 09:25:32,2026-07-22 09:10,2047.0,1984.0,3.18,135400,2055.0,2020.0,3220.0,732.5
2026-07-22 09:30:34,2026-07-22 09:15,2057.0,1984.0,3.68,156900,2063.0,2020.0,3220.0,732.5
2026-07-22 09:35:40,2026-07-22 09:20,2055.0,1984.0,3.58,173900,2063.0,2020.0,3220.0,732.5
2026-07-22 09:40:39,2026-07-22 09:25,2068.0,1984.0,4.23,199600,2078.0,2020.0,3220.0,732.5
2026-07-22 09:45:38,2026-07-22 09:30,2079.0,1984.0,4.79,215100,2079.0,2020.0,3220.0,732.5
2026-07-22 09:50:39,2026-07-22 09:35,2088.0,1984.0,5.24,247100,2095.0,2020.0,3220.0,732.5
2026-07-22 09:55:28,2026-07-22 09:40,2077.0,1984.0,4.69,266100,2095.0,2020.0,3220.0,732.5
2026-07-22 10:00:29,2026-07-22 09:45,2079.0,1984.0,4.79,274900,2095.0,2020.0,3220.0,732.5
2026-07-22 10:05:28,2026-07-22 09:50,2078.0,1984.0,4.74,287100,2095.0,2020.0,3220.0,732.5
2026-07-22 10:10:30,2026-07-22 09:55,2067.0,1984.0,4.18,297800,2095.0,2020.0,3220.0,732.5
2026-07-22 10:15:31,2026-07-22 10:00,2071.0,1984.0,4.39,303000,2095.0,2020.0,3220.0,732.5
2026-07-22 10:20:44,2026-07-22 10:05,2070.0,1984.0,4.33,316200,2095.0,2020.0,3220.0,732.5
2026-07-22 10:25:50,2026-07-22 10:10,2058.0,1984.0,3.73,327500,2095.0,2020.0,3220.0,732.5
2026-07-22 10:30:37,2026-07-22 10:14,2064.0,1984.0,4.03,333700,2095.0,2020.0,3220.0,732.5
2026-07-22 10:35:29,2026-07-22 10:20,2069.0,1984.0,4.28,339400,2095.0,2020.0,3220.0,732.5
2026-07-22 10:40:33,2026-07-22 10:25,2079.0,1984.0,4.79,351000,2095.0,2020.0,3220.0,732.5
2026-07-22 10:45:42,2026-07-22 10:30,2080.0,1984.0,4.84,358300,2095.0,2020.0,3220.0,732.5
2026-07-22 10:50:32,2026-07-22 10:35,2089.0,1984.0,5.29,366100,2095.0,2020.0,3220.0,732.5
2026-07-22 10:55:39,2026-07-22 10:39,2089.0,1984.0,5.29,370700,2095.0,2020.0,3220.0,732.5
2026-07-22 11:00:37,2026-07-22 10:45,2090.0,1984.0,5.34,382600,2095.0,2020.0,3220.0,732.5
2026-07-22 11:05:45,2026-07-22 10:50,2098.0,1984.0,5.75,389700,2098.0,2020.0,3220.0,732.5
2026-07-22 11:10:33,2026-07-22 10:55,2102.0,1984.0,5.95,423700,2103.0,2020.0,3220.0,732.5
2026-07-22 11:15:38,2026-07-22 11:00,2098.0,1984.0,5.75,430700,2103.0,2020.0,3220.0,732.5
2026-07-22 11:20:31,2026-07-22 11:05,2103.0,1984.0,6.0,434700,2103.0,2020.0,3220.0,732.5
2026-07-22 11:25:34,2026-07-22 11:10,2101.0,1984.0,5.9,441800,2103.0,2020.0,3220.0,732.5
2026-07-22 11:30:30,2026-07-22 11:15,2098.0,1984.0,5.75,446900,2103.0,2020.0,3220.0,732.5
2026-07-22 12:30:37,2026-07-22 11:30,2100.0,1984.0,5.85,467900,2105.0,2020.0,3220.0,732.5
2026-07-22 12:35:40,2026-07-22 11:30,2100.0,1984.0,5.85,467900,2105.0,2020.0,3220.0,732.5
2026-07-22 12:40:37,2026-07-22 11:30,2100.0,1984.0,5.85,467900,2105.0,2020.0,3220.0,732.5
2026-07-22 12:45:34,2026-07-22 12:30,2087.0,1984.0,5.19,482500,2105.0,2020.0,3220.0,732.5
2026-07-22 12:50:32,2026-07-22 12:35,2078.0,1984.0,4.74,502900,2105.0,2020.0,3220.0,732.5
2026-07-22 12:55:36,2026-07-22 12:40,2073.0,1984.0,4.49,515400,2105.0,2020.0,3220.0,732.5
2026-07-22 13:00:47,2026-07-22 12:45,2073.0,1984.0,4.49,529600,2105.0,2020.0,3220.0,732.5
2026-07-22 13:05:31,2026-07-22 12:50,2071.0,1984.0,4.39,536600,2105.0,2020.0,3220.0,732.5
2026-07-22 13:10:34,2026-07-22 12:55,2063.0,1984.0,3.98,545300,2105.0,2020.0,3220.0,732.5
2026-07-22 13:15:34,2026-07-22 13:00,2065.0,1984.0,4.08,554300,2105.0,2020.0,3220.0,732.5
2026-07-22 13:20:33,2026-07-22 13:05,2065.0,1984.0,4.08,562400,2105.0,2020.0,3220.0,732.5
2026-07-22 13:25:58,2026-07-22 13:10,2070.0,1984.0,4.33,570600,2105.0,2020.0,3220.0,732.5
2026-07-22 13:30:44,2026-07-22 13:15,2064.0,1984.0,4.03,583900,2105.0,2020.0,3220.0,732.5
2026-07-22 13:35:37,2026-07-22 13:20,2070.0,1984.0,4.33,585700,2105.0,2020.0,3220.0,732.5
2026-07-22 13:40:37,2026-07-22 13:25,2069.0,1984.0,4.28,590800,2105.0,2020.0,3220.0,732.5
2026-07-22 13:45:41,2026-07-22 13:30,2065.0,1984.0,4.08,593400,2105.0,2020.0,3220.0,732.5
2026-07-22 13:50:39,2026-07-22 13:34,2064.0,1984.0,4.03,595700,2105.0,2020.0,3220.0,732.5
2026-07-22 13:55:36,2026-07-22 13:40,2066.0,1984.0,4.13,604600,2105.0,2020.0,3220.0,732.5
2026-07-22 14:00:39,2026-07-22 13:45,2065.0,1984.0,4.08,607800,2105.0,2020.0,3220.0,732.5
2026-07-22 14:05:43,2026-07-22 13:50,2062.0,1984.0,3.93,614200,2105.0,2020.0,3220.0,732.5
2026-07-22 14:10:34,2026-07-22 13:55,2054.0,1984.0,3.53,626300,2105.0,2020.0,3220.0,732.5
2026-07-22 14:15:53,2026-07-22 13:59,2047.0,1984.0,3.18,636600,2105.0,2020.0,3220.0,732.5
2026-07-22 14:20:39,2026-07-22 14:05,2040.0,1984.0,2.82,648700,2105.0,2020.0,3220.0,732.5
2026-07-22 14:25:35,2026-07-22 14:10,2030.0,1984.0,2.32,679000,2105.0,2020.0,3220.0,732.5
2026-07-22 14:30:37,2026-07-22 14:15,2022.0,1984.0,1.92,692100,2105.0,2019.0,3220.0,732.5
2026-07-22 14:35:36,2026-07-22 14:20,2015.0,1984.0,1.56,705400,2105.0,2014.0,3220.0,732.5
2026-07-22 14:40:32,2026-07-22 14:25,2019.0,1984.0,1.76,715700,2105.0,2011.0,3220.0,732.5
2026-07-22 14:45:41,2026-07-22 14:30,2022.0,1984.0,1.92,721800,2105.0,2011.0,3220.0,732.5
2026-07-22 14:50:57,2026-07-22 14:35,2036.0,1984.0,2.62,731300,2105.0,2011.0,3220.0,732.5
2026-07-22 14:55:35,2026-07-22 14:40,2028.0,1984.0,2.22,741000,2105.0,2011.0,3220.0,732.5
2026-07-22 15:00:35,2026-07-22 14:42,2023.0,1984.0,1.97,745100,2105.0,2011.0,3220.0,732.5
2026-07-22 15:05:41,2026-07-22 14:50,2026.0,1984.0,2.12,761700,2105.0,2011.0,3220.0,732.5
2026-07-22 15:10:39,2026-07-22 14:55,2022.0,1984.0,1.92,769000,2105.0,2011.0,3220.0,732.5
2026-07-22 15:15:52,2026-07-22 15:00,2022.0,1984.0,1.92,774500,2105.0,2011.0,3220.0,732.5
2026-07-22 15:20:32,2026-07-22 15:05,2026.0,1984.0,2.12,781800,2105.0,2011.0,3220.0,732.5
2026-07-22 15:25:43,2026-07-22 15:10,2029.0,1984.0,2.27,787100,2105.0,2011.0,3220.0,732.5
2026-07-22 15:30:54,2026-07-22 15:15,2021.0,1984.0,1.86,795100,2105.0,2011.0,3220.0,732.5
2026-07-22 15:40:44,2026-07-22 15:24,2017.0,1984.0,1.66,812500,2105.0,2011.0,3220.0,732.5
2026-07-23 09:05:33,2026-07-22 15:30,2008.0,1984.0,1.21,852500,2105.0,2008.0,3220.0,732.5
2026-07-23 09:10:31,2026-07-22 15:30,2008.0,1984.0,1.21,852500,2105.0,2008.0,3220.0,732.5
2026-07-23 09:15:31,2026-07-22 15:30,2008.0,1984.0,1.21,852500,2105.0,2008.0,3220.0,732.5
2026-07-23 09:20:33,2026-07-23 09:05,2079.0,2008.0,3.54,34600,2098.0,2068.0,3220.0,732.5
2026-07-23 09:25:35,2026-07-23 09:10,2069.0,2008.0,3.04,56300,2098.0,2063.0,3220.0,732.5
2026-07-23 09:30:35,2026-07-23 09:15,2076.0,2008.0,3.39,72300,2098.0,2051.0,3220.0,732.5
2026-07-23 09:35:31,2026-07-23 09:20,2093.0,2008.0,4.23,95400,2098.0,2051.0,3220.0,732.5
2026-07-23 09:40:33,2026-07-23 09:25,2087.0,2008.0,3.93,114300,2098.0,2051.0,3220.0,732.5
2026-07-23 09:45:32,2026-07-23 09:30,2098.0,2008.0,4.48,194300,2124.0,2051.0,3220.0,732.5
2026-07-23 09:50:32,2026-07-23 09:35,2101.0,2008.0,4.63,214700,2124.0,2051.0,3220.0,732.5
2026-07-23 09:55:28,2026-07-23 09:40,2112.0,2008.0,5.18,228900,2124.0,2051.0,3220.0,732.5
2026-07-23 10:00:34,2026-07-23 09:45,2109.0,2008.0,5.03,239500,2124.0,2051.0,3220.0,732.5
2026-07-23 10:06:03,2026-07-23 09:50,2107.0,2008.0,4.93,252500,2124.0,2051.0,3220.0,732.5
2026-07-23 10:10:37,2026-07-23 09:55,2110.0,2008.0,5.08,259200,2124.0,2051.0,3220.0,732.5
2026-07-23 10:15:29,2026-07-23 10:00,2103.0,2008.0,4.73,264100,2124.0,2051.0,3220.0,732.5
2026-07-23 10:20:30,2026-07-23 10:05,2104.0,2008.0,4.78,270800,2124.0,2051.0,3220.0,732.5
2026-07-23 10:25:32,2026-07-23 10:10,2108.0,2008.0,4.98,279000,2124.0,2051.0,3220.0,732.5
2026-07-23 10:30:40,2026-07-23 10:15,2103.0,2008.0,4.73,284900,2124.0,2051.0,3220.0,732.5
2026-07-23 10:35:37,2026-07-23 10:20,2102.0,2008.0,4.68,292600,2124.0,2051.0,3220.0,732.5
2026-07-23 10:40:32,2026-07-23 10:25,2102.0,2008.0,4.68,299100,2124.0,2051.0,3220.0,732.5
2026-07-23 10:45:54,2026-07-23 10:30,2099.0,2008.0,4.53,306100,2124.0,2051.0,3220.0,732.5
2026-07-23 10:50:34,2026-07-23 10:35,2106.0,2008.0,4.88,318800,2124.0,2051.0,3220.0,732.5
2026-07-23 10:55:37,2026-07-23 10:40,2100.0,2008.0,4.58,324600,2124.0,2051.0,3220.0,732.5
2026-07-23 11:00:37,2026-07-23 10:45,2102.0,2008.0,4.68,329400,2124.0,2051.0,3220.0,732.5
2026-07-23 11:05:38,2026-07-23 10:50,2096.0,2008.0,4.38,333800,2124.0,2051.0,3220.0,732.5
2026-07-23 11:10:34,2026-07-23 10:55,2105.0,2008.0,4.83,341200,2124.0,2051.0,3220.0,732.5
2026-07-23 11:15:35,2026-07-23 11:00,2103.0,2008.0,4.73,347800,2124.0,2051.0,3220.0,732.5
2026-07-23 11:20:29,2026-07-23 11:05,2106.0,2008.0,4.88,353000,2124.0,2051.0,3220.0,732.5
2026-07-23 11:25:28,2026-07-23 11:10,2096.0,2008.0,4.38,356500,2124.0,2051.0,3220.0,732.5
2026-07-23 11:30:31,2026-07-23 11:14,2092.0,2008.0,4.18,362200,2124.0,2051.0,3220.0,732.5
2026-07-23 12:30:31,2026-07-23 11:30,2078.0,2008.0,3.49,380700,2124.0,2051.0,3220.0,732.5
2026-07-23 12:35:42,2026-07-23 11:30,2078.0,2008.0,3.49,380700,2124.0,2051.0,3220.0,732.5
2026-07-23 12:40:30,2026-07-23 11:30,2078.0,2008.0,3.49,380700,2124.0,2051.0,3220.0,732.5
2026-07-23 12:45:40,2026-07-23 12:30,2077.0,2008.0,3.44,392700,2124.0,2051.0,3220.0,732.5
2026-07-23 12:50:34,2026-07-23 12:35,2072.0,2008.0,3.19,404100,2124.0,2051.0,3220.0,732.5
2026-07-23 12:55:42,2026-07-23 12:40,2078.0,2008.0,3.49,417800,2124.0,2051.0,3220.0,732.5
2026-07-23 13:00:34,2026-07-23 12:45,2082.0,2008.0,3.69,422500,2124.0,2051.0,3220.0,732.5
2026-07-23 13:05:31,2026-07-23 12:50,2078.0,2008.0,3.49,428000,2124.0,2051.0,3220.0,732.5
2026-07-23 13:10:30,2026-07-23 12:55,2078.0,2008.0,3.49,434500,2124.0,2051.0,3220.0,732.5
2026-07-23 13:15:36,2026-07-23 13:00,2072.0,2008.0,3.19,440300,2124.0,2051.0,3220.0,732.5
2026-07-23 13:20:38,2026-07-23 13:05,2066.0,2008.0,2.89,447000,2124.0,2051.0,3220.0,732.5
2026-07-23 13:25:40,2026-07-23 13:10,2060.0,2008.0,2.59,465400,2124.0,2051.0,3220.0,732.5
2026-07-23 13:30:35,2026-07-23 13:15,2068.0,2008.0,2.99,470400,2124.0,2051.0,3220.0,732.5
2026-07-23 13:35:34,2026-07-23 13:20,2059.0,2008.0,2.54,477200,2124.0,2051.0,3220.0,732.5
2026-07-23 13:40:33,2026-07-23 13:25,2071.0,2008.0,3.14,483800,2124.0,2051.0,3220.0,732.5
2026-07-23 13:45:40,2026-07-23 13:30,2069.0,2008.0,3.04,487500,2124.0,2051.0,3220.0,732.5
2026-07-23 13:50:40,2026-07-23 13:35,2069.0,2008.0,3.04,490600,2124.0,2051.0,3220.0,732.5
2026-07-23 13:55:33,2026-07-23 13:39,2068.0,2008.0,2.99,498800,2124.0,2051.0,3220.0,732.5
2026-07-23 14:00:34,2026-07-23 13:45,2067.0,2008.0,2.94,500800,2124.0,2051.0,3220.0,732.5
2026-07-23 14:05:46,2026-07-23 13:50,2065.0,2008.0,2.84,505200,2124.0,2051.0,3220.0,732.5
2026-07-23 14:10:31,2026-07-23 13:55,2068.0,2008.0,2.99,507400,2124.0,2051.0,3220.0,732.5
2026-07-23 14:15:48,2026-07-23 14:00,2071.0,2008.0,3.14,509800,2124.0,2051.0,3220.0,732.5
2026-07-23 14:20:29,2026-07-23 14:05,2069.0,2008.0,3.04,513400,2124.0,2051.0,3220.0,732.5
2026-07-23 14:25:37,2026-07-23 14:10,2070.0,2008.0,3.09,515900,2124.0,2051.0,3220.0,732.5
2026-07-23 14:30:30,2026-07-23 14:15,2072.0,2008.0,3.19,520700,2124.0,2051.0,3220.0,732.5
2026-07-23 14:35:34,2026-07-23 14:20,2076.0,2008.0,3.39,524900,2124.0,2051.0,3220.0,732.5
2026-07-23 14:40:49,2026-07-23 14:25,2078.0,2008.0,3.49,529600,2124.0,2051.0,3220.0,732.5
2026-07-23 14:45:29,2026-07-23 14:29,2083.0,2008.0,3.74,533900,2124.0,2051.0,3220.0,732.5
2026-07-23 14:50:36,2026-07-23 14:35,2073.0,2008.0,3.24,541500,2124.0,2051.0,3220.0,732.5
2026-07-23 14:55:31,2026-07-23 14:40,2075.0,2008.0,3.34,548700,2124.0,2051.0,3220.0,732.5
2026-07-23 15:00:53,2026-07-23 14:45,2073.0,2008.0,3.24,552800,2124.0,2051.0,3220.0,732.5
2026-07-23 15:05:44,2026-07-23 14:50,2063.0,2008.0,2.74,562300,2124.0,2051.0,3220.0,732.5
2026-07-23 15:10:31,2026-07-23 14:55,2061.0,2008.0,2.64,575200,2124.0,2051.0,3220.0,732.5
2026-07-23 15:15:37,2026-07-23 15:00,2059.0,2008.0,2.54,581500,2124.0,2051.0,3220.0,732.5
2026-07-23 15:20:39,2026-07-23 15:05,2059.0,2008.0,2.54,585700,2124.0,2051.0,3220.0,732.5
2026-07-23 15:25:46,2026-07-23 15:10,2055.0,2008.0,2.34,594900,2124.0,2051.0,3220.0,732.5
2026-07-23 15:30:47,2026-07-23 15:15,2047.0,2008.0,1.94,611300,2124.0,2047.0,3220.0,732.5
2026-07-23 15:40:41,2026-07-23 15:24,2045.0,2008.0,1.84,636200,2124.0,2042.0,3220.0,732.5
2026-07-24 09:05:38,2026-07-23 15:30,2045.0,2008.0,1.84,673700,2124.0,2042.0,3220.0,732.5
2026-07-24 09:10:31,2026-07-23 15:30,2045.0,2008.0,1.84,673700,2124.0,2042.0,3220.0,732.5
2026-07-24 09:15:35,2026-07-24 09:00,2045.0,2008.0,1.84,706200,2030.0,2011.0,3220.0,732.5
2026-07-24 09:20:29,2026-07-24 09:05,2028.0,2045.0,-0.83,46200,2050.0,2011.0,3220.0,732.5
2026-07-24 09:25:51,2026-07-24 09:10,2001.0,2045.0,-2.15,68300,2050.0,2001.0,3220.0,732.5
2026-07-24 09:30:36,2026-07-24 09:15,1991.0,2045.0,-2.64,93700,2050.0,1986.0,3220.0,732.5
2026-07-24 09:35:33,2026-07-24 09:20,1995.0,2045.0,-2.44,105800,2050.0,1984.0,3220.0,732.5
2026-07-24 09:40:34,2026-07-24 09:25,2001.0,2045.0,-2.15,113300,2050.0,1984.0,3220.0,732.5
2026-07-24 09:45:33,2026-07-24 09:30,1995.0,2045.0,-2.44,124000,2050.0,1984.0,3220.0,732.5
2026-07-24 09:50:40,2026-07-24 09:35,1977.0,2045.0,-3.33,142300,2050.0,1976.0,3220.0,732.5
2026-07-24 09:55:35,2026-07-24 09:40,1990.0,2045.0,-2.69,149400,2050.0,1974.0,3220.0,732.5
2026-07-24 10:00:40,2026-07-24 09:45,1992.0,2045.0,-2.59,156500,2050.0,1974.0,3220.0,732.5
2026-07-24 10:05:32,2026-07-24 09:50,1998.0,2045.0,-2.3,165400,2050.0,1974.0,3220.0,732.5
2026-07-24 10:10:29,2026-07-24 09:54,1988.0,2045.0,-2.79,172900,2050.0,1974.0,3220.0,732.5
2026-07-24 10:15:39,2026-07-24 10:00,1993.0,2045.0,-2.54,178400,2050.0,1974.0,3220.0,732.5
2026-07-24 10:20:30,2026-07-24 10:05,1988.0,2045.0,-2.79,187900,2050.0,1974.0,3220.0,732.5
2026-07-24 10:25:35,2026-07-24 10:10,1987.0,2045.0,-2.84,191600,2050.0,1974.0,3220.0,732.5
2026-07-24 10:30:35,2026-07-24 10:15,1985.0,2045.0,-2.93,196100,2050.0,1974.0,3220.0,732.5
2026-07-24 10:35:37,2026-07-24 10:20,1990.0,2045.0,-2.69,200500,2050.0,1974.0,3220.0,732.5
2026-07-24 10:40:42,2026-07-24 10:25,1996.0,2045.0,-2.4,207600,2050.0,1974.0,3220.0,732.5
2026-07-24 10:45:31,2026-07-24 10:30,1991.0,2045.0,-2.64,211200,2050.0,1974.0,3220.0,732.5
2026-07-24 10:50:39,2026-07-24 10:35,2000.0,2045.0,-2.2,218600,2050.0,1974.0,3220.0,732.5
2026-07-24 10:55:32,2026-07-24 10:40,1992.0,2045.0,-2.59,221700,2050.0,1974.0,3220.0,732.5
2026-07-24 11:00:35,2026-07-24 10:45,1994.0,2045.0,-2.49,226600,2050.0,1974.0,3220.0,732.5
2026-07-24 11:05:33,2026-07-24 10:50,1977.0,2045.0,-3.33,238300,2050.0,1974.0,3220.0,732.5
2026-07-24 11:10:48,2026-07-24 10:55,1978.0,2045.0,-3.28,258400,2050.0,1970.0,3220.0,732.5
2026-07-24 11:15:36,2026-07-24 11:00,1978.0,2045.0,-3.28,268400,2050.0,1967.0,3220.0,732.5
2026-07-24 11:20:40,2026-07-24 11:05,1986.0,2045.0,-2.89,276200,2050.0,1967.0,3220.0,732.5
2026-07-24 11:25:38,2026-07-24 11:10,1986.0,2045.0,-2.89,281100,2050.0,1967.0,3220.0,732.5
2026-07-24 11:30:30,2026-07-24 11:15,1983.0,2045.0,-3.03,286100,2050.0,1967.0,3220.0,732.5
2026-07-24 12:30:41,2026-07-24 11:30,1987.0,2045.0,-2.84,305400,2050.0,1967.0,3220.0,732.5
2026-07-24 12:35:36,2026-07-24 11:30,1987.0,2045.0,-2.84,305400,2050.0,1967.0,3220.0,732.5
2026-07-24 12:40:29,2026-07-24 11:30,1987.0,2045.0,-2.84,305400,2050.0,1967.0,3220.0,732.5
2026-07-24 12:45:31,2026-07-24 12:30,1988.0,2045.0,-2.79,312500,2050.0,1967.0,3220.0,732.5
2026-07-24 12:50:38,2026-07-24 12:35,1989.0,2045.0,-2.74,322800,2050.0,1967.0,3220.0,732.5
2026-07-24 12:55:37,2026-07-24 12:40,1991.0,2045.0,-2.64,326300,2050.0,1967.0,3220.0,732.5
2026-07-24 13:00:45,2026-07-24 12:45,1971.0,2045.0,-3.62,336700,2050.0,1967.0,3220.0,732.5
2026-07-24 13:05:33,2026-07-24 12:50,1970.0,2045.0,-3.67,343100,2050.0,1967.0,3220.0,732.5
2026-07-24 13:10:28,2026-07-24 12:55,1963.0,2045.0,-4.01,368000,2050.0,1962.0,3220.0,732.5
2026-07-24 13:15:33,2026-07-24 13:00,1954.0,2045.0,-4.45,388600,2050.0,1954.0,3220.0,732.5
2026-07-24 13:20:53,2026-07-24 13:05,1954.0,2045.0,-4.45,409700,2050.0,1945.0,3220.0,732.5
2026-07-24 13:25:32,2026-07-24 13:10,1952.0,2045.0,-4.55,415000,2050.0,1945.0,3220.0,732.5
2026-07-24 13:30:35,2026-07-24 13:15,1947.0,2045.0,-4.79,421900,2050.0,1945.0,3220.0,732.5
2026-07-24 13:35:30,2026-07-24 13:20,1944.0,2045.0,-4.94,431500,2050.0,1944.0,3220.0,732.5
2026-07-24 13:40:42,2026-07-24 13:25,1953.0,2045.0,-4.5,436700,2050.0,1943.0,3220.0,732.5
2026-07-24 13:45:37,2026-07-24 13:30,1958.0,2045.0,-4.25,441800,2050.0,1943.0,3220.0,732.5
2026-07-24 13:50:28,2026-07-24 13:34,1956.0,2045.0,-4.35,445100,2050.0,1943.0,3220.0,732.5
2026-07-24 13:55:29,2026-07-24 13:40,1954.0,2045.0,-4.45,455800,2050.0,1943.0,3220.0,732.5
2026-07-24 14:00:37,2026-07-24 13:45,1953.0,2045.0,-4.5,458600,2050.0,1943.0,3220.0,732.5
2026-07-24 14:05:52,2026-07-24 13:50,1954.0,2045.0,-4.45,460700,2050.0,1943.0,3220.0,732.5
2026-07-24 14:10:51,2026-07-24 13:55,1951.0,2045.0,-4.6,464400,2050.0,1943.0,3220.0,732.5
2026-07-24 14:15:46,2026-07-24 14:00,1953.0,2045.0,-4.5,468400,2050.0,1943.0,3220.0,732.5
2026-07-24 14:20:49,2026-07-24 14:05,1951.0,2045.0,-4.6,473900,2050.0,1943.0,3220.0,732.5
2026-07-24 14:25:47,2026-07-24 14:10,1956.0,2045.0,-4.35,476500,2050.0,1943.0,3220.0,732.5
2026-07-24 14:30:30,2026-07-24 14:15,1951.0,2045.0,-4.6,481200,2050.0,1943.0,3220.0,732.5
2026-07-24 14:35:36,2026-07-24 14:20,1954.0,2045.0,-4.45,485800,2050.0,1943.0,3220.0,732.5
2026-07-24 14:40:31,2026-07-24 14:25,1955.0,2045.0,-4.4,489700,2050.0,1943.0,3220.0,732.5
2026-07-24 14:45:31,2026-07-24 14:30,1956.0,2045.0,-4.35,494300,2050.0,1943.0,3220.0,732.5
2026-07-24 14:50:29,2026-07-24 14:35,1950.0,2045.0,-4.65,499200,2050.0,1943.0,3220.0,732.5
2026-07-24 14:55:43,2026-07-24 14:40,1954.0,2045.0,-4.45,502800,2050.0,1943.0,3220.0,732.5
2026-07-24 15:01:04,2026-07-24 14:45,1954.0,2045.0,-4.45,506200,2050.0,1943.0,3220.0,732.5
2026-07-24 15:05:53,2026-07-24 14:50,1954.0,2045.0,-4.45,510100,2050.0,1943.0,3220.0,732.5
2026-07-24 15:10:36,2026-07-24 14:55,1953.0,2045.0,-4.5,515600,2050.0,1943.0,3220.0,732.5
2026-07-24 15:15:29,2026-07-24 15:00,1954.0,2045.0,-4.45,519500,2050.0,1943.0,3220.0,732.5
2026-07-24 15:20:41,2026-07-24 15:05,1952.0,2045.0,-4.55,526900,2050.0,1943.0,3220.0,732.5
2026-07-24 15:25:38,2026-07-24 15:10,1949.0,2045.0,-4.69,537500,2050.0,1943.0,3220.0,732.5
2026-07-24 15:30:35,2026-07-24 15:15,1951.0,2045.0,-4.6,545200,2050.0,1943.0,3220.0,732.5
2026-07-24 15:51:03,2026-07-24 15:30,1968.0,2045.0,-3.77,611800,2050.0,1943.0,3220.0,732.5
2026-07-27 09:05:35,2026-07-24 15:30,1968.0,2045.0,-3.77,611800,2050.0,1943.0,3220.0,732.5
2026-07-27 09:10:59,2026-07-24 15:30,1968.0,2045.0,-3.77,611800,2050.0,1943.0,3220.0,732.5
2026-07-27 09:15:43,2026-07-27 09:00,1967.0,2045.0,-3.81,631600,1980.0,1967.0,3220.0,732.5
2026-07-27 09:20:38,2026-07-27 09:05,1962.0,1968.0,-0.3,30300,1980.0,1958.0,3220.0,732.5
2026-07-27 09:25:32,2026-07-27 09:10,1954.0,1968.0,-0.71,37500,1980.0,1951.0,3220.0,732.5
2026-07-27 09:30:36,2026-07-27 09:15,1959.0,1968.0,-0.46,53800,1980.0,1948.0,3220.0,732.5
2026-07-27 09:35:41,2026-07-27 09:20,1954.0,1968.0,-0.71,69500,1980.0,1948.0,3220.0,732.5
2026-07-27 09:40:34,2026-07-27 09:25,1945.0,1968.0,-1.17,81200,1980.0,1945.0,3220.0,732.5
2026-07-27 09:47:04,2026-07-27 09:32,1940.0,1968.0,-1.42,98900,1980.0,1940.0,3220.0,732.5
2026-07-27 09:50:36,2026-07-27 09:35,1947.0,1968.0,-1.07,107600,1980.0,1940.0,3220.0,732.5
2026-07-27 09:57:00,2026-07-27 09:41,1949.0,1968.0,-0.97,114900,1980.0,1940.0,3220.0,732.5
2026-07-27 10:00:36,2026-07-27 09:45,1947.0,1968.0,-1.07,120500,1980.0,1940.0,3220.0,732.5
2026-07-27 10:06:14,2026-07-27 09:51,1966.0,1968.0,-0.1,128100,1980.0,1940.0,3220.0,732.5
2026-07-27 10:10:40,2026-07-27 09:55,1952.0,1968.0,-0.81,134700,1980.0,1940.0,3220.0,732.5
2026-07-27 10:15:30,2026-07-27 10:00,1941.0,1968.0,-1.37,145900,1980.0,1940.0,3220.0,732.5
2026-07-27 10:20:33,2026-07-27 10:05,1942.0,1968.0,-1.32,153100,1980.0,1940.0,3220.0,732.5
2026-07-27 10:25:34,2026-07-27 10:10,1947.0,1968.0,-1.07,160400,1980.0,1940.0,3220.0,732.5
2026-07-27 10:30:31,2026-07-27 10:15,1925.0,1968.0,-2.18,171400,1980.0,1925.0,3220.0,732.5
2026-07-27 10:35:29,2026-07-27 10:20,1925.0,1968.0,-2.18,181000,1980.0,1923.0,3220.0,732.5
2026-07-27 10:40:42,2026-07-27 10:25,1925.0,1968.0,-2.18,185300,1980.0,1923.0,3220.0,732.5
2026-07-27 10:47:34,2026-07-27 10:32,1936.0,1968.0,-1.63,195900,1980.0,1921.0,3220.0,732.5
2026-07-27 10:50:47,2026-07-27 10:35,1940.0,1968.0,-1.42,201600,1980.0,1921.0,3220.0,732.5
2026-07-27 10:55:53,2026-07-27 10:40,1957.0,1968.0,-0.56,209100,1980.0,1921.0,3220.0,732.5
2026-07-27 11:00:35,2026-07-27 10:45,1953.0,1968.0,-0.76,216400,1980.0,1921.0,3220.0,732.5
2026-07-27 11:06:01,2026-07-27 10:50,1953.0,1968.0,-0.76,227500,1980.0,1921.0,3220.0,732.5
2026-07-27 11:10:47,2026-07-27 10:55,1955.0,1968.0,-0.66,230800,1980.0,1921.0,3220.0,732.5
2026-07-27 11:15:33,2026-07-27 11:00,1963.0,1968.0,-0.25,233900,1980.0,1921.0,3220.0,732.5
2026-07-27 11:20:36,2026-07-27 11:05,1952.0,1968.0,-0.81,236900,1980.0,1921.0,3220.0,732.5
2026-07-27 11:25:37,2026-07-27 11:10,1953.0,1968.0,-0.76,239200,1980.0,1921.0,3220.0,732.5
2026-07-27 11:30:41,2026-07-27 11:15,1957.0,1968.0,-0.56,243200,1980.0,1921.0,3220.0,732.5
2026-07-27 12:30:35,2026-07-27 11:30,1953.0,1968.0,-0.76,253400,1980.0,1921.0,3220.0,732.5
2026-07-27 12:36:59,2026-07-27 11:30,1953.0,1968.0,-0.76,253400,1980.0,1921.0,3220.0,732.5
2026-07-27 12:40:43,2026-07-27 11:30,1953.0,1968.0,-0.76,253400,1980.0,1921.0,3220.0,732.5
2026-07-27 12:45:35,2026-07-27 12:30,1959.0,1968.0,-0.46,262400,1980.0,1921.0,3220.0,732.5
2026-07-27 12:50:38,2026-07-27 12:35,1963.0,1968.0,-0.25,270100,1980.0,1921.0,3220.0,732.5
2026-07-27 12:55:39,2026-07-27 12:40,1977.0,1968.0,0.46,277600,1980.0,1921.0,3220.0,732.5
2026-07-27 13:00:41,2026-07-27 12:45,1987.0,1968.0,0.97,287100,1990.0,1921.0,3220.0,732.5
2026-07-27 13:06:49,2026-07-27 12:51,1975.0,1968.0,0.36,293400,1990.0,1921.0,3220.0,732.5
2026-07-27 13:10:34,2026-07-27 12:55,1966.0,1968.0,-0.1,296200,1990.0,1921.0,3220.0,732.5
2026-07-27 13:15:32,2026-07-27 13:00,1963.0,1968.0,-0.25,301800,1990.0,1921.0,3220.0,732.5
2026-07-27 13:20:35,2026-07-27 13:05,1965.0,1968.0,-0.15,304400,1990.0,1921.0,3220.0,732.5
2026-07-27 13:26:55,2026-07-27 13:11,1962.0,1968.0,-0.3,308700,1990.0,1921.0,3220.0,732.5
2026-07-27 13:32:07,2026-07-27 13:16,1964.0,1968.0,-0.2,315000,1990.0,1921.0,3220.0,732.5
2026-07-27 13:35:47,2026-07-27 13:20,1963.0,1968.0,-0.25,318300,1990.0,1921.0,3220.0,732.5
2026-07-27 13:40:34,2026-07-27 13:25,1972.0,1968.0,0.2,323100,1990.0,1921.0,3220.0,732.5
2026-07-27 13:45:41,2026-07-27 13:30,1970.0,1968.0,0.1,326000,1990.0,1921.0,3220.0,732.5
2026-07-27 13:50:35,2026-07-27 13:35,1979.0,1968.0,0.56,328200,1990.0,1921.0,3220.0,732.5
2026-07-27 13:55:30,2026-07-27 13:40,1977.0,1968.0,0.46,331300,1990.0,1921.0,3220.0,732.5
2026-07-27 14:00:34,2026-07-27 13:45,1985.0,1968.0,0.86,335700,1990.0,1921.0,3220.0,732.5
2026-07-27 14:05:31,2026-07-27 13:50,1991.0,1968.0,1.17,346300,1992.0,1921.0,3220.0,732.5
2026-07-27 14:10:37,2026-07-27 13:55,1991.0,1968.0,1.17,353100,1997.0,1921.0,3220.0,732.5
2026-07-27 14:17:03,2026-07-27 14:01,1992.0,1968.0,1.22,361700,1997.0,1921.0,3220.0,732.5
2026-07-27 14:20:31,2026-07-27 14:04,1989.0,1968.0,1.07,362700,1997.0,1921.0,3220.0,732.5
2026-07-27 14:25:39,2026-07-27 14:10,1990.0,1968.0,1.12,365700,1997.0,1921.0,3220.0,732.5
2026-07-27 14:30:31,2026-07-27 14:15,1987.0,1968.0,0.97,367700,1997.0,1921.0,3220.0,732.5
2026-07-27 14:36:51,2026-07-27 14:21,1993.0,1968.0,1.27,372400,1997.0,1921.0,3220.0,732.5
2026-07-27 14:40:34,2026-07-27 14:25,1989.0,1968.0,1.07,374700,1997.0,1921.0,3220.0,732.5
2026-07-27 14:45:33,2026-07-27 14:30,1994.0,1968.0,1.32,379000,1997.0,1921.0,3220.0,732.5
2026-07-27 14:50:44,2026-07-27 14:35,1993.0,1968.0,1.27,380600,1997.0,1921.0,3220.0,732.5
2026-07-27 14:56:54,2026-07-27 14:41,1993.0,1968.0,1.27,382900,1997.0,1921.0,3220.0,732.5
2026-07-27 15:00:38,2026-07-27 14:45,1991.0,1968.0,1.17,384600,1997.0,1921.0,3220.0,732.5
2026-07-27 15:05:34,2026-07-27 14:50,1989.0,1968.0,1.07,388500,1997.0,1921.0,3220.0,732.5
2026-07-27 15:10:43,2026-07-27 14:55,1992.0,1968.0,1.22,391100,1997.0,1921.0,3220.0,732.5
2026-07-27 15:17:10,2026-07-27 15:01,1992.0,1968.0,1.22,394800,1997.0,1921.0,3220.0,732.5
2026-07-27 15:21:57,2026-07-27 15:06,1987.0,1968.0,0.97,397800,1997.0,1921.0,3220.0,732.5
2026-07-27 15:25:33,2026-07-27 15:10,1991.0,1968.0,1.17,400800,1997.0,1921.0,3220.0,732.5
2026-07-27 15:30:51,2026-07-27 15:15,1998.0,1968.0,1.52,408000,1999.0,1921.0,3220.0,732.5
2026-07-27 15:40:39,2026-07-27 15:24,1993.0,1968.0,1.27,420100,1999.0,1921.0,3220.0,732.5
2026-07-28 09:05:33,2026-07-27 15:30,1999.0,1968.0,1.58,437900,1999.0,1921.0,3220.0,732.5
2026-07-28 09:10:36,2026-07-27 15:30,1999.0,1968.0,1.58,437900,1999.0,1921.0,3220.0,732.5
2026-07-28 09:15:30,2026-07-27 15:30,1999.0,1968.0,1.58,437900,1999.0,1921.0,3220.0,732.5
2026-07-28 09:20:38,2026-07-28 09:05,1906.0,1999.0,-4.65,51900,1930.0,1906.0,3220.0,732.5
2026-07-28 09:25:37,2026-07-28 09:10,1893.0,1999.0,-5.3,83700,1930.0,1893.0,3220.0,732.5
2026-07-28 09:30:36,2026-07-28 09:15,1894.0,1999.0,-5.25,107800,1930.0,1886.0,3220.0,732.5
2026-07-28 09:35:47,2026-07-28 09:20,1877.0,1999.0,-6.1,132700,1930.0,1877.0,3220.0,732.5
2026-07-28 09:40:35,2026-07-28 09:25,1879.0,1999.0,-6.0,141100,1930.0,1877.0,3220.0,732.5
2026-07-28 09:45:50,2026-07-28 09:30,1868.0,1999.0,-6.55,161700,1930.0,1865.0,3220.0,732.5
2026-07-28 09:50:30,2026-07-28 09:35,1874.0,1999.0,-6.25,200100,1930.0,1860.0,3220.0,732.5
2026-07-28 09:55:32,2026-07-28 09:40,1873.0,1999.0,-6.3,207000,1930.0,1860.0,3220.0,732.5
2026-07-28 10:00:43,2026-07-28 09:45,1879.0,1999.0,-6.0,213500,1930.0,1860.0,3220.0,732.5
2026-07-28 10:05:43,2026-07-28 09:50,1863.0,1999.0,-6.8,222200,1930.0,1860.0,3220.0,732.5
2026-07-28 10:10:41,2026-07-28 09:55,1859.0,1999.0,-7.0,242500,1930.0,1855.0,3220.0,732.5
2026-07-28 10:15:30,2026-07-28 10:00,1859.0,1999.0,-7.0,249100,1930.0,1855.0,3220.0,732.5
2026-07-28 10:20:44,2026-07-28 10:05,1862.0,1999.0,-6.85,262900,1930.0,1851.0,3220.0,732.5
2026-07-28 10:25:44,2026-07-28 10:10,1860.0,1999.0,-6.95,269900,1930.0,1851.0,3220.0,732.5
2026-07-28 10:30:30,2026-07-28 10:15,1863.0,1999.0,-6.8,275100,1930.0,1851.0,3220.0,732.5
2026-07-28 10:35:37,2026-07-28 10:20,1863.0,1999.0,-6.8,277700,1930.0,1851.0,3220.0,732.5
2026-07-28 10:40:35,2026-07-28 10:25,1870.0,1999.0,-6.45,283800,1930.0,1851.0,3220.0,732.5
2026-07-28 10:45:32,2026-07-28 10:29,1865.0,1999.0,-6.7,288300,1930.0,1851.0,3220.0,732.5
2026-07-28 10:50:28,2026-07-28 10:35,1870.0,1999.0,-6.45,291400,1930.0,1851.0,3220.0,732.5
2026-07-28 10:55:39,2026-07-28 10:40,1868.0,1999.0,-6.55,295300,1930.0,1851.0,3220.0,732.5
2026-07-28 11:00:37,2026-07-28 10:45,1869.0,1999.0,-6.5,297900,1930.0,1851.0,3220.0,732.5
2026-07-28 11:05:47,2026-07-28 10:50,1878.0,1999.0,-6.05,302200,1930.0,1851.0,3220.0,732.5
2026-07-28 11:10:33,2026-07-28 10:55,1867.0,1999.0,-6.6,313000,1930.0,1851.0,3220.0,732.5
2026-07-28 11:15:42,2026-07-28 11:00,1861.0,1999.0,-6.9,321100,1930.0,1851.0,3220.0,732.5
2026-07-28 11:20:38,2026-07-28 11:05,1855.0,1999.0,-7.2,337400,1930.0,1851.0,3220.0,732.5
2026-07-28 11:25:34,2026-07-28 11:10,1857.0,1999.0,-7.1,341400,1930.0,1851.0,3220.0,732.5
2026-07-28 11:30:36,2026-07-28 11:15,1852.0,1999.0,-7.35,358900,1930.0,1848.0,3220.0,732.5
2026-07-28 12:30:28,2026-07-28 11:30,1856.0,1999.0,-7.15,374200,1930.0,1848.0,3220.0,732.5
2026-07-28 12:35:35,2026-07-28 11:30,1856.0,1999.0,-7.15,374200,1930.0,1848.0,3220.0,732.5
2026-07-28 12:40:40,2026-07-28 11:30,1856.0,1999.0,-7.15,374200,1930.0,1848.0,3220.0,732.5
2026-07-28 12:45:31,2026-07-28 12:30,1852.0,1999.0,-7.35,387300,1930.0,1848.0,3220.0,732.5
2026-07-28 12:50:47,2026-07-28 12:35,1860.0,1999.0,-6.95,396500,1930.0,1847.0,3220.0,732.5
2026-07-28 12:55:38,2026-07-28 12:40,1878.0,1999.0,-6.05,401500,1930.0,1847.0,3220.0,732.5
2026-07-28 13:00:36,2026-07-28 12:45,1880.0,1999.0,-5.95,406900,1930.0,1847.0,3220.0,732.5
2026-07-28 13:05:32,2026-07-28 12:49,1876.0,1999.0,-6.15,411100,1930.0,1847.0,3220.0,732.5
2026-07-28 13:10:41,2026-07-28 12:54,1871.0,1999.0,-6.4,418700,1930.0,1847.0,3220.0,732.5
2026-07-28 13:15:33,2026-07-28 13:00,1868.0,1999.0,-6.55,424400,1930.0,1847.0,3220.0,732.5
2026-07-28 13:20:35,2026-07-28 13:04,1870.0,1999.0,-6.45,430500,1930.0,1847.0,3220.0,732.5
2026-07-28 13:25:41,2026-07-28 13:10,1866.0,1999.0,-6.65,436300,1930.0,1847.0,3220.0,732.5
2026-07-28 13:30:37,2026-07-28 13:15,1862.0,1999.0,-6.85,438700,1930.0,1847.0,3220.0,732.5
2026-07-28 13:35:35,2026-07-28 13:20,1867.0,1999.0,-6.6,442200,1930.0,1847.0,3220.0,732.5
2026-07-28 13:40:37,2026-07-28 13:25,1864.0,1999.0,-6.75,444000,1930.0,1847.0,3220.0,732.5
2026-07-28 13:45:32,2026-07-28 13:30,1866.0,1999.0,-6.65,445000,1930.0,1847.0,3220.0,732.5
2026-07-28 13:50:41,2026-07-28 13:35,1863.0,1999.0,-6.8,449900,1930.0,1847.0,3220.0,732.5
2026-07-28 13:55:40,2026-07-28 13:40,1862.0,1999.0,-6.85,457500,1930.0,1847.0,3220.0,732.5
2026-07-28 14:00:31,2026-07-28 13:44,1861.0,1999.0,-6.9,459700,1930.0,1847.0,3220.0,732.5
2026-07-28 14:05:44,2026-07-28 13:49,1861.0,1999.0,-6.9,462500,1930.0,1847.0,3220.0,732.5
2026-07-28 14:10:33,2026-07-28 13:55,1863.0,1999.0,-6.8,465300,1930.0,1847.0,3220.0,732.5
2026-07-28 14:15:31,2026-07-28 14:00,1861.0,1999.0,-6.9,467200,1930.0,1847.0,3220.0,732.5
2026-07-28 14:20:38,2026-07-28 14:05,1859.0,1999.0,-7.0,469400,1930.0,1847.0,3220.0,732.5
2026-07-28 14:25:36,2026-07-28 14:09,1854.0,1999.0,-7.25,479200,1930.0,1847.0,3220.0,732.5
2026-07-28 14:30:32,2026-07-28 14:15,1849.0,1999.0,-7.5,486200,1930.0,1847.0,3220.0,732.5
2026-07-28 14:35:50,2026-07-28 14:20,1847.0,1999.0,-7.6,489500,1930.0,1846.0,3220.0,732.5
2026-07-28 14:40:40,2026-07-28 14:24,1843.0,1999.0,-7.8,496500,1930.0,1842.0,3220.0,732.5
2026-07-28 14:45:31,2026-07-28 14:30,1840.0,1999.0,-7.95,506100,1930.0,1838.0,3220.0,732.5
2026-07-28 14:50:39,2026-07-28 14:35,1837.0,1999.0,-8.1,516000,1930.0,1835.0,3220.0,732.5
2026-07-28 14:55:35,2026-07-28 14:40,1840.0,1999.0,-7.95,521800,1930.0,1835.0,3220.0,732.5
2026-07-28 15:00:40,2026-07-28 14:45,1834.0,1999.0,-8.25,533000,1930.0,1834.0,3220.0,732.5
2026-07-28 15:05:49,2026-07-28 14:49,1836.0,1999.0,-8.15,538100,1930.0,1834.0,3220.0,732.5
2026-07-28 15:10:49,2026-07-28 14:55,1836.0,1999.0,-8.15,541600,1930.0,1834.0,3220.0,732.5
2026-07-28 15:15:48,2026-07-28 15:00,1832.0,1999.0,-8.35,554200,1930.0,1829.0,3220.0,732.5
2026-07-28 15:20:40,2026-07-28 15:05,1831.0,1999.0,-8.4,558300,1930.0,1829.0,3220.0,732.5
2026-07-28 15:25:35,2026-07-28 15:10,1829.0,1999.0,-8.5,563700,1930.0,1826.0,3220.0,732.5
2026-07-28 15:30:37,2026-07-28 15:15,1828.0,1999.0,-8.55,571200,1930.0,1826.0,3220.0,732.5
2026-07-28 15:40:33,2026-07-28 15:24,1833.0,1999.0,-8.3,581100,1930.0,1826.0,3220.0,732.5
2026-07-29 09:10:44,2026-07-28 15:30,1830.0,1999.0,-8.45,609300,1930.0,1826.0,3220.0,732.5
2026-07-29 09:15:30,2026-07-29 09:00,1830.0,1999.0,-8.45,646700,1890.0,1855.0,3220.0,732.5
2026-07-29 09:20:37,2026-07-29 09:05,1894.0,1830.0,3.5,63000,1905.0,1855.0,3220.0,732.5
2026-07-29 09:25:34,2026-07-29 09:10,1925.0,1830.0,5.19,98800,1928.0,1855.0,3220.0,732.5
2026-07-29 09:30:31,2026-07-29 09:15,1902.0,1830.0,3.93,137200,1937.0,1855.0,3220.0,732.5
2026-07-29 09:35:50,2026-07-29 09:20,1921.0,1830.0,4.97,164900,1937.0,1855.0,3220.0,732.5
2026-07-29 09:40:36,2026-07-29 09:25,1889.0,1830.0,3.22,187500,1937.0,1855.0,3220.0,732.5
2026-07-29 09:45:42,2026-07-29 09:30,1868.0,1830.0,2.08,203500,1937.0,1855.0,3220.0,732.5
2026-07-29 09:50:38,2026-07-29 09:35,1861.0,1830.0,1.69,214000,1937.0,1855.0,3220.0,732.5
2026-07-29 09:55:40,2026-07-29 09:40,1868.0,1830.0,2.08,226900,1937.0,1855.0,3220.0,732.5
2026-07-29 10:00:35,2026-07-29 09:45,1860.0,1830.0,1.64,238700,1937.0,1852.0,3220.0,732.5
2026-07-29 10:05:33,2026-07-29 09:50,1856.0,1830.0,1.42,253800,1937.0,1852.0,3220.0,732.5
2026-07-29 10:10:42,2026-07-29 09:55,1855.0,1830.0,1.37,262100,1937.0,1852.0,3220.0,732.5
2026-07-29 10:15:39,2026-07-29 10:00,1842.0,1830.0,0.66,271000,1937.0,1841.0,3220.0,732.5
2026-07-29 10:20:33,2026-07-29 10:05,1851.0,1830.0,1.15,280300,1937.0,1838.0,3220.0,732.5
2026-07-29 10:25:36,2026-07-29 10:10,1834.0,1830.0,0.22,286000,1937.0,1831.0,3220.0,732.5
2026-07-29 10:30:30,2026-07-29 10:15,1817.0,1830.0,-0.71,298100,1937.0,1817.0,3220.0,732.5
2026-07-29 10:35:34,2026-07-29 10:20,1814.0,1830.0,-0.87,319900,1937.0,1802.0,3220.0,732.5
2026-07-29 10:40:36,2026-07-29 10:25,1833.0,1830.0,0.16,331600,1937.0,1802.0,3220.0,732.5
2026-07-29 10:45:31,2026-07-29 10:30,1840.0,1830.0,0.55,346500,1937.0,1802.0,3220.0,732.5
2026-07-29 10:50:45,2026-07-29 10:35,1835.0,1830.0,0.27,353000,1937.0,1802.0,3220.0,732.5
2026-07-29 10:55:35,2026-07-29 10:40,1829.0,1830.0,-0.05,358300,1937.0,1802.0,3220.0,732.5
2026-07-29 11:00:46,2026-07-29 10:45,1814.0,1830.0,-0.87,366200,1937.0,1802.0,3220.0,732.5
2026-07-29 11:05:45,2026-07-29 10:50,1795.0,1830.0,-1.91,392000,1937.0,1792.0,3220.0,732.5
2026-07-29 11:10:38,2026-07-29 10:55,1773.0,1830.0,-3.11,436800,1937.0,1773.0,3220.0,732.5
2026-07-29 11:15:31,2026-07-29 11:00,1761.0,1830.0,-3.77,450400,1937.0,1761.0,3220.0,732.5
2026-07-29 11:20:37,2026-07-29 11:05,1764.0,1830.0,-3.61,488900,1937.0,1756.0,3220.0,732.5
2026-07-29 11:25:32,2026-07-29 11:10,1768.0,1830.0,-3.39,498900,1937.0,1756.0,3220.0,732.5
2026-07-29 11:30:43,2026-07-29 11:15,1767.0,1830.0,-3.44,508700,1937.0,1756.0,3220.0,732.5
2026-07-29 12:30:40,2026-07-29 11:30,1770.0,1830.0,-3.28,548000,1937.0,1745.0,3220.0,732.5
2026-07-29 12:35:35,2026-07-29 11:30,1770.0,1830.0,-3.28,548000,1937.0,1745.0,3220.0,732.5
2026-07-29 12:40:34,2026-07-29 11:30,1770.0,1830.0,-3.28,548000,1937.0,1745.0,3220.0,732.5
2026-07-29 12:45:40,2026-07-29 12:30,1748.0,1830.0,-4.48,578400,1937.0,1744.0,3220.0,732.5
2026-07-29 12:50:34,2026-07-29 12:35,1736.0,1830.0,-5.14,598800,1937.0,1733.0,3220.0,732.5
2026-07-29 12:55:31,2026-07-29 12:40,1731.0,1830.0,-5.41,613200,1937.0,1727.0,3220.0,732.5
2026-07-29 13:00:35,2026-07-29 12:45,1732.0,1830.0,-5.36,631600,1937.0,1721.0,3220.0,732.5
2026-07-29 13:05:39,2026-07-29 12:50,1722.0,1830.0,-5.9,641700,1937.0,1720.0,3220.0,732.5
2026-07-29 13:10:47,2026-07-29 12:55,1715.0,1830.0,-6.28,654400,1937.0,1714.0,3220.0,732.5
2026-07-29 13:15:34,2026-07-29 13:00,1710.0,1830.0,-6.56,672200,1937.0,1706.0,3220.0,732.5
2026-07-29 13:20:33,2026-07-29 13:05,1711.0,1830.0,-6.5,676700,1937.0,1706.0,3220.0,732.5
2026-07-29 13:25:41,2026-07-29 13:10,1711.0,1830.0,-6.5,701300,1937.0,1701.0,3220.0,732.5
2026-07-29 13:30:37,2026-07-29 13:15,1705.0,1830.0,-6.83,711500,1937.0,1701.0,3220.0,732.5
2026-07-29 13:35:42,2026-07-29 13:20,1711.0,1830.0,-6.5,732100,1937.0,1694.0,3220.0,732.5
2026-07-29 13:40:43,2026-07-29 13:25,1716.0,1830.0,-6.23,747600,1937.0,1694.0,3220.0,732.5
2026-07-29 13:45:45,2026-07-29 13:30,1713.0,1830.0,-6.39,761900,1937.0,1694.0,3220.0,732.5
2026-07-29 13:50:29,2026-07-29 13:35,1711.0,1830.0,-6.5,766400,1937.0,1694.0,3220.0,732.5
2026-07-29 13:55:39,2026-07-29 13:40,1696.0,1830.0,-7.32,825100,1937.0,1675.0,3220.0,732.5
2026-07-29 14:00:32,2026-07-29 13:45,1701.0,1830.0,-7.05,836900,1937.0,1675.0,3220.0,732.5
2026-07-29 14:05:44,2026-07-29 13:50,1723.0,1830.0,-5.85,849600,1937.0,1675.0,3220.0,732.5
2026-07-29 14:10:37,2026-07-29 13:55,1732.0,1830.0,-5.36,860500,1937.0,1675.0,3220.0,732.5
2026-07-29 14:15:36,2026-07-29 14:00,1733.0,1830.0,-5.3,869700,1937.0,1675.0,3220.0,732.5
2026-07-29 14:20:43,2026-07-29 14:05,1724.0,1830.0,-5.79,877500,1937.0,1675.0,3220.0,732.5
2026-07-29 14:25:42,2026-07-29 14:10,1735.0,1830.0,-5.19,882000,1937.0,1675.0,3220.0,732.5
2026-07-29 14:30:40,2026-07-29 14:15,1725.0,1830.0,-5.74,889300,1937.0,1675.0,3220.0,732.5
2026-07-29 14:35:47,2026-07-29 14:20,1719.0,1830.0,-6.07,896100,1937.0,1675.0,3220.0,732.5
2026-07-29 14:40:31,2026-07-29 14:25,1720.0,1830.0,-6.01,901000,1937.0,1675.0,3220.0,732.5
2026-07-29 14:45:42,2026-07-29 14:30,1711.0,1830.0,-6.5,906200,1937.0,1675.0,3220.0,732.5
2026-07-29 14:50:47,2026-07-29 14:35,1719.0,1830.0,-6.07,914700,1937.0,1675.0,3220.0,732.5
2026-07-29 14:55:33,2026-07-29 14:40,1716.0,1830.0,-6.23,921400,1937.0,1675.0,3220.0,732.5
2026-07-29 15:00:34,2026-07-29 14:45,1717.0,1830.0,-6.17,924900,1937.0,1675.0,3220.0,732.5
2026-07-29 15:05:41,2026-07-29 14:50,1712.0,1830.0,-6.45,929100,1937.0,1675.0,3220.0,732.5
2026-07-29 15:10:41,2026-07-29 14:55,1717.0,1830.0,-6.17,933700,1937.0,1675.0,3220.0,732.5
2026-07-29 15:15:52,2026-07-29 15:00,1706.0,1830.0,-6.78,942000,1937.0,1675.0,3220.0,732.5
2026-07-29 15:20:39,2026-07-29 15:05,1704.0,1830.0,-6.89,947300,1937.0,1675.0,3220.0,732.5
2026-07-29 15:25:34,2026-07-29 15:10,1699.0,1830.0,-7.16,964100,1937.0,1675.0,3220.0,732.5
2026-07-29 15:30:40,2026-07-29 15:15,1698.0,1830.0,-7.21,974500,1937.0,1675.0,3220.0,732.5
2026-07-29 15:40:37,2026-07-29 15:24,1711.0,1830.0,-6.5,995100,1937.0,1675.0,3220.0,732.5
2026-07-30 09:05:38,2026-07-29 15:30,1730.0,1830.0,-5.46,1037300,1937.0,1675.0,3220.0,732.5
2026-07-30 09:10:42,2026-07-29 15:30,1730.0,1830.0,-5.46,1037300,1937.0,1675.0,3220.0,732.5
2026-07-30 09:15:31,2026-07-30 09:00,1730.0,1830.0,-5.46,1075100,1741.0,1720.0,3220.0,732.5
2026-07-30 09:20:33,2026-07-30 09:05,1694.0,1730.0,-2.08,60400,1741.0,1690.0,3220.0,732.5
2026-07-30 09:25:31,2026-07-30 09:10,1735.0,1730.0,0.29,77300,1741.0,1690.0,3220.0,732.5
2026-07-30 09:30:33,2026-07-30 09:15,1737.0,1730.0,0.4,99800,1755.0,1690.0,3220.0,732.5
2026-07-30 09:35:45,2026-07-30 09:20,1752.0,1730.0,1.27,119100,1755.0,1690.0,3220.0,732.5
2026-07-30 09:40:44,2026-07-30 09:25,1777.0,1730.0,2.72,135100,1777.0,1690.0,3220.0,732.5
2026-07-30 09:45:31,2026-07-30 09:30,1782.0,1730.0,3.01,156000,1792.0,1690.0,3220.0,732.5
2026-07-30 09:50:38,2026-07-30 09:35,1785.0,1730.0,3.18,190500,1798.0,1690.0,3220.0,732.5
2026-07-30 09:55:42,2026-07-30 09:40,1767.0,1730.0,2.14,206400,1798.0,1690.0,3220.0,732.5
2026-07-30 10:00:37,2026-07-30 09:45,1778.0,1730.0,2.77,223100,1798.0,1690.0,3220.0,732.5
2026-07-30 10:05:38,2026-07-30 09:50,1783.0,1730.0,3.06,236900,1798.0,1690.0,3220.0,732.5
2026-07-30 10:10:50,2026-07-30 09:55,1804.0,1730.0,4.28,257800,1804.0,1690.0,3220.0,732.5
2026-07-30 10:15:30,2026-07-30 10:00,1806.0,1730.0,4.39,273400,1810.0,1690.0,3220.0,732.5
2026-07-30 10:20:36,2026-07-30 10:05,1825.0,1730.0,5.49,288200,1825.0,1690.0,3220.0,732.5
2026-07-30 10:25:30,2026-07-30 10:10,1812.0,1730.0,4.74,309400,1832.0,1690.0,3220.0,732.5
2026-07-30 10:30:34,2026-07-30 10:15,1794.0,1730.0,3.7,320900,1832.0,1690.0,3220.0,732.5
2026-07-30 10:35:31,2026-07-30 10:20,1799.0,1730.0,3.99,327700,1832.0,1690.0,3220.0,732.5
2026-07-30 10:40:32,2026-07-30 10:24,1795.0,1730.0,3.76,332800,1832.0,1690.0,3220.0,732.5
2026-07-30 10:45:30,2026-07-30 10:30,1810.0,1730.0,4.62,343900,1832.0,1690.0,3220.0,732.5
2026-07-30 10:50:33,2026-07-30 10:35,1819.0,1730.0,5.14,351100,1832.0,1690.0,3220.0,732.5
2026-07-30 10:55:38,2026-07-30 10:40,1823.0,1730.0,5.38,355200,1832.0,1690.0,3220.0,732.5
2026-07-30 11:00:41,2026-07-30 10:45,1828.0,1730.0,5.66,379900,1839.0,1690.0,3220.0,732.5
2026-07-30 11:05:38,2026-07-30 10:50,1827.0,1730.0,5.61,388900,1839.0,1690.0,3220.0,732.5
2026-07-30 11:10:54,2026-07-30 10:55,1831.0,1730.0,5.84,398200,1839.0,1690.0,3220.0,732.5
2026-07-30 11:15:34,2026-07-30 11:00,1828.0,1730.0,5.66,401500,1839.0,1690.0,3220.0,732.5
2026-07-30 11:20:34,2026-07-30 11:05,1817.0,1730.0,5.03,405800,1839.0,1690.0,3220.0,732.5
2026-07-30 11:25:32,2026-07-30 11:10,1822.0,1730.0,5.32,409700,1839.0,1690.0,3220.0,732.5
2026-07-30 11:30:38,2026-07-30 11:14,1817.0,1730.0,5.03,413500,1839.0,1690.0,3220.0,732.5
2026-07-30 12:30:31,2026-07-30 11:30,1809.0,1730.0,4.57,431700,1839.0,1690.0,3220.0,732.5
2026-07-30 12:35:37,2026-07-30 11:30,1809.0,1730.0,4.57,431700,1839.0,1690.0,3220.0,732.5
2026-07-30 12:40:33,2026-07-30 11:30,1809.0,1730.0,4.57,431700,1839.0,1690.0,3220.0,732.5
2026-07-30 12:45:36,2026-07-30 12:30,1786.0,1730.0,3.24,442700,1839.0,1690.0,3220.0,732.5
2026-07-30 12:50:31,2026-07-30 12:35,1807.0,1730.0,4.45,450100,1839.0,1690.0,3220.0,732.5
2026-07-30 12:55:42,2026-07-30 12:40,1803.0,1730.0,4.22,460500,1839.0,1690.0,3220.0,732.5
2026-07-30 13:00:43,2026-07-30 12:45,1808.0,1730.0,4.51,466100,1839.0,1690.0,3220.0,732.5
2026-07-30 13:05:29,2026-07-30 12:50,1815.0,1730.0,4.91,471100,1839.0,1690.0,3220.0,732.5
2026-07-30 13:10:39,2026-07-30 12:55,1812.0,1730.0,4.74,474600,1839.0,1690.0,3220.0,732.5
2026-07-30 13:15:35,2026-07-30 13:00,1801.0,1730.0,4.1,480800,1839.0,1690.0,3220.0,732.5
2026-07-30 13:20:30,2026-07-30 13:05,1809.0,1730.0,4.57,488300,1839.0,1690.0,3220.0,732.5
2026-07-30 13:25:33,2026-07-30 13:10,1805.0,1730.0,4.34,490800,1839.0,1690.0,3220.0,732.5
2026-07-30 13:30:34,2026-07-30 13:15,1791.0,1730.0,3.53,502700,1839.0,1690.0,3220.0,732.5
2026-07-30 13:35:33,2026-07-30 13:20,1795.0,1730.0,3.76,506100,1839.0,1690.0,3220.0,732.5
2026-07-30 13:40:30,2026-07-30 13:25,1799.0,1730.0,3.99,510200,1839.0,1690.0,3220.0,732.5
2026-07-30 13:45:32,2026-07-30 13:30,1802.0,1730.0,4.16,514600,1839.0,1690.0,3220.0,732.5
2026-07-30 13:50:34,2026-07-30 13:35,1802.0,1730.0,4.16,516400,1839.0,1690.0,3220.0,732.5
2026-07-30 13:55:41,2026-07-30 13:40,1791.0,1730.0,3.53,518900,1839.0,1690.0,3220.0,732.5
2026-07-30 14:00:50,2026-07-30 13:45,1790.0,1730.0,3.47,523600,1839.0,1690.0,3220.0,732.5
2026-07-30 14:05:37,2026-07-30 13:50,1785.0,1730.0,3.18,527000,1839.0,1690.0,3220.0,732.5
2026-07-30 14:10:31,2026-07-30 13:55,1781.0,1730.0,2.95,531100,1839.0,1690.0,3220.0,732.5
2026-07-30 14:15:30,2026-07-30 14:00,1776.0,1730.0,2.66,537700,1839.0,1690.0,3220.0,732.5
2026-07-30 14:20:28,2026-07-30 14:05,1777.0,1730.0,2.72,541100,1839.0,1690.0,3220.0,732.5
2026-07-30 14:25:39,2026-07-30 14:10,1779.0,1730.0,2.83,543000,1839.0,1690.0,3220.0,732.5
2026-07-30 14:30:39,2026-07-30 14:15,1783.0,1730.0,3.06,545600,1839.0,1690.0,3220.0,732.5
2026-07-30 14:35:31,2026-07-30 14:20,1786.0,1730.0,3.24,549800,1839.0,1690.0,3220.0,732.5
2026-07-30 14:40:45,2026-07-30 14:25,1778.0,1730.0,2.77,553600,1839.0,1690.0,3220.0,732.5
2026-07-30 14:45:29,2026-07-30 14:30,1774.0,1730.0,2.54,559700,1839.0,1690.0,3220.0,732.5
2026-07-30 14:50:40,2026-07-30 14:35,1780.0,1730.0,2.89,564600,1839.0,1690.0,3220.0,732.5
2026-07-30 14:55:40,2026-07-30 14:40,1779.0,1730.0,2.83,568500,1839.0,1690.0,3220.0,732.5
2026-07-30 15:00:32,2026-07-30 14:45,1785.0,1730.0,3.18,574700,1839.0,1690.0,3220.0,732.5
2026-07-30 15:05:37,2026-07-30 14:50,1787.0,1730.0,3.29,581600,1839.0,1690.0,3220.0,732.5
2026-07-30 15:10:50,2026-07-30 14:55,1777.0,1730.0,2.72,585900,1839.0,1690.0,3220.0,732.5
2026-07-30 15:15:36,2026-07-30 15:00,1777.0,1730.0,2.72,591000,1839.0,1690.0,3220.0,732.5
2026-07-30 15:20:36,2026-07-30 15:05,1776.0,1730.0,2.66,596000,1839.0,1690.0,3220.0,732.5
2026-07-30 15:25:33,2026-07-30 15:10,1777.0,1730.0,2.72,599000,1839.0,1690.0,3220.0,732.5
2026-07-30 15:30:38,2026-07-30 15:15,1770.0,1730.0,2.31,606000,1839.0,1690.0,3220.0,732.5
2026-07-30 15:40:31,2026-07-30 15:24,1764.0,1730.0,1.97,618000,1839.0,1690.0,3220.0,732.5
2026-07-31 09:05:35,2026-07-30 15:30,1799.0,1730.0,3.99,729700,1839.0,1690.0,3220.0,732.5
2026-07-31 09:10:45,2026-07-30 15:30,1799.0,1730.0,3.99,729700,1839.0,1690.0,3220.0,732.5
2026-07-31 09:15:37,2026-07-30 15:30,1799.0,1730.0,3.99,729700,1839.0,1690.0,3220.0,732.5
2026-07-31 09:20:36,2026-07-30 15:30,1799.0,1730.0,3.99,729700,1839.0,1690.0,3220.0,732.5
2026-07-31 09:25:37,2026-07-30 15:30,1799.0,1799.0,0.0,729700,1839.0,1690.0,3220.0,732.5
2026-07-31 09:30:45,2026-07-31 09:15,1993.0,1799.0,10.78,208900,2018.0,1923.0,3220.0,732.5
2026-07-31 09:35:41,2026-07-31 09:20,1992.0,1799.0,10.73,264900,2018.0,1923.0,3220.0,732.5
2026-07-31 09:40:29,2026-07-31 09:25,1995.0,1799.0,10.89,287300,2018.0,1923.0,3220.0,732.5
2026-07-31 09:45:40,2026-07-31 09:30,2021.0,1799.0,12.34,345100,2021.0,1923.0,3220.0,732.5
2026-07-31 09:50:32,2026-07-31 09:35,2019.0,1799.0,12.23,376100,2037.0,1923.0,3220.0,732.5
2026-07-31 09:55:32,2026-07-31 09:40,2009.0,1799.0,11.67,417500,2037.0,1923.0,3220.0,732.5
2026-07-31 10:00:32,2026-07-31 09:45,1996.0,1799.0,10.95,436500,2037.0,1923.0,3220.0,732.5
2026-07-31 10:05:33,2026-07-31 09:50,1994.0,1799.0,10.84,451300,2037.0,1923.0,3220.0,732.5
2026-07-31 10:10:41,2026-07-31 09:55,2001.0,1799.0,11.23,467200,2037.0,1923.0,3220.0,732.5
2026-07-31 10:15:30,2026-07-31 10:00,2021.0,1799.0,12.34,494800,2037.0,1923.0,3220.0,732.5
2026-07-31 10:20:30,2026-07-31 10:05,2030.0,1799.0,12.84,507200,2037.0,1923.0,3220.0,732.5
2026-07-31 10:25:39,2026-07-31 10:10,2044.0,1799.0,13.62,552500,2044.0,1923.0,3220.0,732.5
2026-07-31 10:30:40,2026-07-31 10:15,2049.0,1799.0,13.9,572800,2049.0,1923.0,3220.0,732.5
2026-07-31 10:35:34,2026-07-31 10:20,2048.0,1799.0,13.84,593000,2057.0,1923.0,3220.0,732.5
2026-07-31 10:40:33,2026-07-31 10:25,2039.0,1799.0,13.34,607200,2057.0,1923.0,3220.0,732.5
2026-07-31 10:45:38,2026-07-31 10:30,2036.0,1799.0,13.17,613000,2057.0,1923.0,3220.0,732.5
2026-07-31 10:50:40,2026-07-31 10:35,2034.0,1799.0,13.06,625500,2057.0,1923.0,3220.0,732.5
2026-07-31 10:55:30,2026-07-31 10:40,2026.0,1799.0,12.62,632700,2057.0,1923.0,3220.0,732.5
2026-07-31 11:00:40,2026-07-31 10:45,2028.0,1799.0,12.73,637500,2057.0,1923.0,3220.0,732.5
2026-07-31 11:05:32,2026-07-31 10:50,2017.0,1799.0,12.12,650200,2057.0,1923.0,3220.0,732.5
2026-07-31 11:10:35,2026-07-31 10:55,2019.0,1799.0,12.23,659600,2057.0,1923.0,3220.0,732.5
2026-07-31 11:15:39,2026-07-31 11:00,2021.0,1799.0,12.34,664000,2057.0,1923.0,3220.0,732.5
2026-07-31 11:20:34,2026-07-31 11:05,2005.0,1799.0,11.45,675400,2057.0,1923.0,3220.0,732.5
2026-07-31 11:25:31,2026-07-31 11:10,2006.0,1799.0,11.51,683700,2057.0,1923.0,3220.0,732.5
2026-07-31 11:30:45,2026-07-31 11:15,1993.0,1799.0,10.78,698600,2057.0,1923.0,3220.0,732.5
2026-07-31 12:30:47,2026-07-31 11:30,1991.0,1799.0,10.67,745500,2057.0,1923.0,3220.0,732.5
2026-07-31 12:35:44,2026-07-31 11:30,1991.0,1799.0,10.67,745500,2057.0,1923.0,3220.0,732.5
2026-07-31 12:40:34,2026-07-31 11:30,1991.0,1799.0,10.67,745500,2057.0,1923.0,3220.0,732.5
2026-07-31 12:45:38,2026-07-31 12:30,1989.0,1799.0,10.56,758200,2057.0,1923.0,3220.0,732.5
2026-07-31 12:50:31,2026-07-31 12:35,1986.0,1799.0,10.39,772300,2057.0,1923.0,3220.0,732.5
2026-07-31 12:55:37,2026-07-31 12:40,1985.0,1799.0,10.34,783300,2057.0,1923.0,3220.0,732.5
2026-07-31 13:00:37,2026-07-31 12:45,1979.0,1799.0,10.01,823400,2057.0,1923.0,3220.0,732.5
2026-07-31 13:05:40,2026-07-31 12:50,1975.0,1799.0,9.78,842600,2057.0,1923.0,3220.0,732.5
2026-07-31 13:10:30,2026-07-31 12:55,1990.0,1799.0,10.62,847300,2057.0,1923.0,3220.0,732.5
2026-07-31 13:15:38,2026-07-31 13:00,1988.0,1799.0,10.51,854400,2057.0,1923.0,3220.0,732.5
2026-07-31 13:20:37,2026-07-31 13:04,1987.0,1799.0,10.45,858900,2057.0,1923.0,3220.0,732.5
2026-07-31 13:25:34,2026-07-31 13:10,1988.0,1799.0,10.51,863400,2057.0,1923.0,3220.0,732.5
2026-07-31 13:30:30,2026-07-31 13:15,1990.0,1799.0,10.62,869000,2057.0,1923.0,3220.0,732.5
2026-07-31 13:35:35,2026-07-31 13:20,1991.0,1799.0,10.67,871700,2057.0,1923.0,3220.0,732.5
2026-07-31 13:40:37,2026-07-31 13:25,1990.0,1799.0,10.62,886800,2057.0,1923.0,3220.0,732.5
2026-07-31 13:45:43,2026-07-31 13:30,1995.0,1799.0,10.89,896200,2057.0,1923.0,3220.0,732.5
2026-07-31 13:50:34,2026-07-31 13:35,1998.0,1799.0,11.06,903800,2057.0,1923.0,3220.0,732.5
2026-07-31 13:55:42,2026-07-31 13:40,1994.0,1799.0,10.84,911400,2057.0,1923.0,3220.0,732.5
2026-07-31 14:00:36,2026-07-31 13:45,1998.0,1799.0,11.06,914800,2057.0,1923.0,3220.0,732.5
2026-07-31 14:05:31,2026-07-31 13:48,1996.0,1799.0,10.95,918500,2057.0,1923.0,3220.0,732.5
2026-07-31 14:10:30,2026-07-31 13:54,1993.0,1799.0,10.78,927900,2057.0,1923.0,3220.0,732.5
2026-07-31 14:15:55,2026-07-31 14:00,1992.0,1799.0,10.73,931500,2057.0,1923.0,3220.0,732.5
2026-07-31 14:20:30,2026-07-31 14:05,1994.0,1799.0,10.84,935700,2057.0,1923.0,3220.0,732.5
2026-07-31 14:25:41,2026-07-31 14:10,2005.0,1799.0,11.45,949100,2057.0,1923.0,3220.0,732.5
2026-07-31 14:30:40,2026-07-31 14:15,2004.0,1799.0,11.4,955000,2057.0,1923.0,3220.0,732.5
2026-07-31 14:36:22,2026-07-31 14:21,2005.0,1799.0,11.45,960800,2057.0,1923.0,3220.0,732.5
2026-07-31 14:40:49,2026-07-31 14:25,2002.0,1799.0,11.28,964000,2057.0,1923.0,3220.0,732.5
2026-07-31 14:45:36,2026-07-31 14:30,1995.0,1799.0,10.89,971600,2057.0,1923.0,3220.0,732.5
2026-07-31 14:50:31,2026-07-31 14:35,1986.0,1799.0,10.39,977000,2057.0,1923.0,3220.0,732.5
2026-07-31 14:55:34,2026-07-31 14:40,1983.0,1799.0,10.23,983000,2057.0,1923.0,3220.0,732.5
2026-07-31 15:00:44,2026-07-31 14:45,1981.0,1799.0,10.12,986700,2057.0,1923.0,3220.0,732.5
2026-07-31 15:05:40,2026-07-31 14:50,1988.0,1799.0,10.51,991500,2057.0,1923.0,3220.0,732.5
2026-07-31 15:10:44,2026-07-31 14:55,1992.0,1799.0,10.73,1000600,2057.0,1923.0,3220.0,732.5
2026-07-31 15:15:37,2026-07-31 15:00,1991.0,1799.0,10.67,1003900,2057.0,1923.0,3220.0,732.5
2026-07-31 15:20:45,2026-07-31 15:05,1997.0,1799.0,11.01,1008400,2057.0,1923.0,3220.0,732.5
2026-07-31 15:25:39,2026-07-31 15:10,1998.0,1799.0,11.06,1022300,2057.0,1923.0,3220.0,732.5
2026-07-31 15:30:51,2026-07-31 15:15,1991.0,1799.0,10.67,1031600,2057.0,1923.0,3220.0,732.5
2026-07-31 15:40:39,2026-07-31 15:24,1995.0,1799.0,10.89,1051600,2057.0,1923.0,3220.0,732.5
2026-08-03 09:05:30,2026-07-31 15:30,2019.0,1799.0,12.23,1141600,2057.0,1923.0,3220.0,732.5
2026-08-03 09:10:31,2026-07-31 15:30,2019.0,1799.0,12.23,1141600,2057.0,1923.0,3220.0,732.5
2026-08-03 09:15:39,2026-07-31 15:30,2019.0,1799.0,12.23,1141600,2057.0,1923.0,3220.0,732.5
2026-08-03 09:20:33,2026-08-03 09:05,1941.0,2019.0,-3.86,62100,1966.0,1928.0,3220.0,732.5
2026-08-03 09:25:48,2026-08-03 09:10,1958.0,2019.0,-3.02,86300,1966.0,1928.0,3220.0,732.5
2026-08-03 09:30:34,2026-08-03 09:15,1939.0,2019.0,-3.96,100600,1966.0,1928.0,3220.0,732.5
2026-08-03 09:35:37,2026-08-03 09:20,1930.0,2019.0,-4.41,121100,1966.0,1928.0,3220.0,732.5
2026-08-03 09:40:31,2026-08-03 09:25,1941.0,2019.0,-3.86,130900,1966.0,1928.0,3220.0,732.5
2026-08-03 09:45:41,2026-08-03 09:30,1923.0,2019.0,-4.75,146200,1966.0,1921.0,3220.0,732.5
2026-08-03 09:50:31,2026-08-03 09:35,1923.0,2019.0,-4.75,165600,1966.0,1918.0,3220.0,732.5
2026-08-03 09:55:32,2026-08-03 09:40,1930.0,2019.0,-4.41,180600,1966.0,1915.0,3220.0,732.5
2026-08-03 10:00:33,2026-08-03 09:45,1933.0,2019.0,-4.26,187900,1966.0,1915.0,3220.0,732.5
2026-08-03 10:05:34,2026-08-03 09:50,1936.0,2019.0,-4.11,193000,1966.0,1915.0,3220.0,732.5
2026-08-03 10:10:31,2026-08-03 09:55,1951.0,2019.0,-3.37,205300,1966.0,1915.0,3220.0,732.5
2026-08-03 10:15:37,2026-08-03 10:00,1952.0,2019.0,-3.32,210100,1966.0,1915.0,3220.0,732.5
2026-08-03 10:20:33,2026-08-03 10:05,1954.0,2019.0,-3.22,214900,1966.0,1915.0,3220.0,732.5
2026-08-03 10:25:45,2026-08-03 10:10,1970.0,2019.0,-2.43,221800,1973.0,1915.0,3220.0,732.5
2026-08-03 10:30:39,2026-08-03 10:15,1959.0,2019.0,-2.97,232500,1974.0,1915.0,3220.0,732.5
2026-08-03 10:35:45,2026-08-03 10:20,1968.0,2019.0,-2.53,237800,1974.0,1915.0,3220.0,732.5
2026-08-03 10:40:38,2026-08-03 10:25,1986.0,2019.0,-1.63,244400,1988.0,1915.0,3220.0,732.5
2026-08-03 10:45:41,2026-08-03 10:29,1988.0,2019.0,-1.54,247900,1988.0,1915.0,3220.0,732.5
2026-08-03 10:50:40,2026-08-03 10:35,1973.0,2019.0,-2.28,254600,1994.0,1915.0,3220.0,732.5
2026-08-03 10:55:33,2026-08-03 10:40,1976.0,2019.0,-2.13,259300,1994.0,1915.0,3220.0,732.5
2026-08-03 11:00:43,2026-08-03 10:45,1985.0,2019.0,-1.68,262600,1994.0,1915.0,3220.0,732.5
2026-08-03 11:05:41,2026-08-03 10:50,2003.0,2019.0,-0.79,275300,2004.0,1915.0,3220.0,732.5
2026-08-03 11:10:46,2026-08-03 10:55,1991.0,2019.0,-1.39,282000,2008.0,1915.0,3220.0,732.5
2026-08-03 11:15:35,2026-08-03 11:00,1996.0,2019.0,-1.14,286600,2008.0,1915.0,3220.0,732.5
2026-08-03 11:20:35,2026-08-03 11:05,1991.0,2019.0,-1.39,294600,2008.0,1915.0,3220.0,732.5
2026-08-03 11:25:34,2026-08-03 11:10,2006.0,2019.0,-0.64,300400,2008.0,1915.0,3220.0,732.5
2026-08-03 11:30:40,2026-08-03 11:15,2006.0,2019.0,-0.64,311500,2014.0,1915.0,3220.0,732.5
2026-08-03 12:30:31,2026-08-03 11:30,2025.0,2019.0,0.3,333700,2033.0,1915.0,3220.0,732.5
2026-08-03 12:35:39,2026-08-03 11:30,2025.0,2019.0,0.3,333700,2033.0,1915.0,3220.0,732.5
2026-08-03 12:40:36,2026-08-03 11:30,2025.0,2019.0,0.3,333700,2033.0,1915.0,3220.0,732.5
2026-08-03 12:45:33,2026-08-03 12:30,2045.0,2019.0,1.29,374200,2047.0,1915.0,3220.0,732.5
2026-08-03 12:50:36,2026-08-03 12:35,2048.0,2019.0,1.44,392700,2048.0,1915.0,3220.0,732.5
2026-08-03 12:55:32,2026-08-03 12:40,2056.0,2019.0,1.83,414800,2063.0,1915.0,3220.0,732.5
2026-08-03 13:00:41,2026-08-03 12:45,2051.0,2019.0,1.58,423000,2063.0,1915.0,3220.0,732.5
2026-08-03 13:05:37,2026-08-03 12:50,2057.0,2019.0,1.88,432100,2063.0,1915.0,3220.0,732.5
2026-08-03 13:10:34,2026-08-03 12:55,2063.0,2019.0,2.18,439500,2065.0,1915.0,3220.0,732.5
2026-08-03 13:15:38,2026-08-03 13:00,2036.0,2019.0,0.84,449300,2065.0,1915.0,3220.0,732.5
2026-08-03 13:20:39,2026-08-03 13:05,2024.0,2019.0,0.25,457100,2065.0,1915.0,3220.0,732.5
2026-08-03 13:25:38,2026-08-03 13:10,2018.0,2019.0,-0.05,461900,2065.0,1915.0,3220.0,732.5
2026-08-03 13:30:36,2026-08-03 13:15,2018.0,2019.0,-0.05,470200,2065.0,1915.0,3220.0,732.5
2026-08-03 13:35:37,2026-08-03 13:20,2020.0,2019.0,0.05,473400,2065.0,1915.0,3220.0,732.5
2026-08-03 13:40:36,2026-08-03 13:24,2029.0,2019.0,0.5,478000,2065.0,1915.0,3220.0,732.5
2026-08-03 13:45:32,2026-08-03 13:30,2029.0,2019.0,0.5,480900,2065.0,1915.0,3220.0,732.5
2026-08-03 13:51:13,2026-08-03 13:35,2023.0,2019.0,0.2,484700,2065.0,1915.0,3220.0,732.5
2026-08-03 13:55:43,2026-08-03 13:40,2016.0,2019.0,-0.15,487700,2065.0,1915.0,3220.0,732.5
2026-08-03 14:00:32,2026-08-03 13:45,2024.0,2019.0,0.25,490200,2065.0,1915.0,3220.0,732.5
2026-08-03 14:05:39,2026-08-03 13:50,2029.0,2019.0,0.5,494700,2065.0,1915.0,3220.0,732.5
2026-08-03 14:10:29,2026-08-03 13:55,2025.0,2019.0,0.3,496800,2065.0,1915.0,3220.0,732.5
2026-08-03 14:15:42,2026-08-03 14:00,2024.0,2019.0,0.25,499500,2065.0,1915.0,3220.0,732.5
2026-08-03 14:20:49,2026-08-03 14:05,2021.0,2019.0,0.1,504300,2065.0,1915.0,3220.0,732.5
2026-08-03 14:25:41,2026-08-03 14:10,2004.0,2019.0,-0.74,510800,2065.0,1915.0,3220.0,732.5
2026-08-03 14:30:30,2026-08-03 14:15,1998.0,2019.0,-1.04,524000,2065.0,1915.0,3220.0,732.5
2026-08-03 14:35:38,2026-08-03 14:20,1998.0,2019.0,-1.04,529500,2065.0,1915.0,3220.0,732.5
2026-08-03 14:40:42,2026-08-03 14:25,2001.0,2019.0,-0.89,532800,2065.0,1915.0,3220.0,732.5
2026-08-03 14:45:35,2026-08-03 14:30,2001.0,2019.0,-0.89,535200,2065.0,1915.0,3220.0,732.5
2026-08-03 14:50:41,2026-08-03 14:35,2004.0,2019.0,-0.74,537500,2065.0,1915.0,3220.0,732.5
2026-08-03 14:55:31,2026-08-03 14:39,2003.0,2019.0,-0.79,542300,2065.0,1915.0,3220.0,732.5
2026-08-03 15:00:37,2026-08-03 14:45,2004.0,2019.0,-0.74,547500,2065.0,1915.0,3220.0,732.5
2026-08-03 15:05:30,2026-08-03 14:50,2004.0,2019.0,-0.74,552300,2065.0,1915.0,3220.0,732.5
2026-08-03 15:10:39,2026-08-03 14:55,2005.0,2019.0,-0.69,555800,2065.0,1915.0,3220.0,732.5
2026-08-03 15:15:47,2026-08-03 15:00,1994.0,2019.0,-1.24,564900,2065.0,1915.0,3220.0,732.5
2026-08-03 15:20:46,2026-08-03 15:05,1998.0,2019.0,-1.04,568100,2065.0,1915.0,3220.0,732.5
2026-08-03 15:25:43,2026-08-03 15:10,2000.0,2019.0,-0.94,572100,2065.0,1915.0,3220.0,732.5
2026-08-03 15:30:43,2026-08-03 15:15,1996.0,2019.0,-1.14,579700,2065.0,1915.0,3220.0,732.5
2026-08-03 15:40:46,2026-08-03 15:24,1996.0,2019.0,-1.14,605700,2065.0,1915.0,3220.0,732.5
2026-08-04 09:05:45,2026-08-03 15:30,1995.0,2019.0,-1.19,638000,2065.0,1915.0,3220.0,732.5
2026-08-04 09:10:31,2026-08-03 15:30,1995.0,2019.0,-1.19,638000,2065.0,1915.0,3220.0,732.5
2026-08-04 09:15:38,2026-08-04 09:00,1995.0,2019.0,-1.19,653100,2002.0,1976.0,3220.0,732.5
2026-08-04 09:20:36,2026-08-04 09:05,2038.0,1995.0,2.16,31900,2042.0,1976.0,3220.0,732.5
2026-08-04 09:25:39,2026-08-04 09:10,2038.0,1995.0,2.16,40900,2043.0,1976.0,3220.0,732.5
2026-08-04 09:30:31,2026-08-04 09:15,2039.0,1995.0,2.21,53300,2055.0,1976.0,3220.0,732.5
2026-08-04 09:35:44,2026-08-04 09:20,2035.0,1995.0,2.01,69300,2055.0,1976.0,3220.0,732.5
2026-08-04 09:40:41,2026-08-04 09:25,2043.0,1995.0,2.41,85500,2060.0,1976.0,3220.0,732.5
2026-08-04 09:45:40,2026-08-04 09:30,2067.0,1995.0,3.61,94900,2068.0,1976.0,3220.0,732.5
2026-08-04 09:50:33,2026-08-04 09:35,2035.0,1995.0,2.01,111100,2070.0,1976.0,3220.0,732.5
2026-08-04 09:55:52,2026-08-04 09:40,2017.0,1995.0,1.1,133300,2070.0,1976.0,3220.0,732.5
2026-08-04 10:00:49,2026-08-04 09:45,2040.0,1995.0,2.26,152400,2070.0,1976.0,3220.0,732.5
2026-08-04 10:05:39,2026-08-04 09:50,2051.0,1995.0,2.81,157100,2070.0,1976.0,3220.0,732.5
2026-08-04 10:10:46,2026-08-04 09:55,2049.0,1995.0,2.71,163600,2070.0,1976.0,3220.0,732.5
2026-08-04 10:15:45,2026-08-04 10:00,2040.0,1995.0,2.26,174100,2070.0,1976.0,3220.0,732.5
2026-08-04 10:20:35,2026-08-04 10:05,2038.0,1995.0,2.16,179700,2070.0,1976.0,3220.0,732.5
2026-08-04 10:25:31,2026-08-04 10:10,2050.0,1995.0,2.76,185100,2070.0,1976.0,3220.0,732.5
2026-08-04 10:30:35,2026-08-04 10:15,2070.0,1995.0,3.76,196700,2071.0,1976.0,3220.0,732.5
2026-08-04 10:35:41,2026-08-04 10:20,2048.0,1995.0,2.66,209000,2071.0,1976.0,3220.0,732.5
2026-08-04 10:40:44,2026-08-04 10:25,2054.0,1995.0,2.96,214900,2071.0,1976.0,3220.0,732.5
2026-08-04 10:45:42,2026-08-04 10:30,2080.0,1995.0,4.26,241300,2080.0,1976.0,3220.0,732.5
2026-08-04 10:50:44,2026-08-04 10:35,2075.0,1995.0,4.01,256300,2080.0,1976.0,3220.0,732.5
2026-08-04 11:10:55,2026-08-04 10:55,2086.0,1995.0,4.56,308300,2097.0,1976.0,3220.0,732.5
2026-08-04 11:15:41,2026-08-04 11:00,2080.0,1995.0,4.26,316800,2097.0,1976.0,3220.0,732.5
2026-08-04 11:20:37,2026-08-04 11:05,2068.0,1995.0,3.66,324000,2097.0,1976.0,3220.0,732.5
2026-08-04 11:25:33,2026-08-04 11:10,2080.0,1995.0,4.26,327800,2097.0,1976.0,3220.0,732.5
2026-08-04 11:30:33,2026-08-04 11:14,2081.0,1995.0,4.31,329000,2097.0,1976.0,3220.0,732.5
2026-08-04 12:30:38,2026-08-04 11:30,2076.0,1995.0,4.06,342600,2097.0,1976.0,3220.0,732.5
2026-08-04 12:35:38,2026-08-04 11:30,2076.0,1995.0,4.06,342600,2097.0,1976.0,3220.0,732.5
2026-08-04 12:40:36,2026-08-04 11:30,2076.0,1995.0,4.06,342600,2097.0,1976.0,3220.0,732.5
2026-08-04 12:45:38,2026-08-04 12:30,2083.0,1995.0,4.41,349700,2097.0,1976.0,3220.0,732.5
2026-08-04 12:50:35,2026-08-04 12:35,2096.0,1995.0,5.06,369300,2100.0,1976.0,3220.0,732.5
2026-08-04 12:55:39,2026-08-04 12:40,2091.0,1995.0,4.81,377200,2100.0,1976.0,3220.0,732.5
2026-08-04 13:00:37,2026-08-04 12:45,2068.0,1995.0,3.66,391100,2100.0,1976.0,3220.0,732.5
2026-08-04 13:05:43,2026-08-04 12:50,2076.0,1995.0,4.06,395800,2100.0,1976.0,3220.0,732.5
2026-08-04 13:10:44,2026-08-04 12:55,2077.0,1995.0,4.11,399600,2100.0,1976.0,3220.0,732.5
2026-08-04 13:15:48,2026-08-04 13:00,2079.0,1995.0,4.21,402100,2100.0,1976.0,3220.0,732.5
2026-08-04 13:20:28,2026-08-04 13:05,2073.0,1995.0,3.91,405700,2100.0,1976.0,3220.0,732.5
2026-08-04 13:25:35,2026-08-04 13:10,2065.0,1995.0,3.51,410800,2100.0,1976.0,3220.0,732.5
2026-08-04 13:30:40,2026-08-04 13:15,2075.0,1995.0,4.01,415500,2100.0,1976.0,3220.0,732.5
2026-08-04 13:35:43,2026-08-04 13:20,2083.0,1995.0,4.41,418700,2100.0,1976.0,3220.0,732.5
2026-08-04 13:40:36,2026-08-04 13:25,2079.0,1995.0,4.21,422600,2100.0,1976.0,3220.0,732.5
2026-08-04 13:45:45,2026-08-04 13:30,2076.0,1995.0,4.06,427900,2100.0,1976.0,3220.0,732.5
2026-08-04 13:50:34,2026-08-04 13:35,2077.0,1995.0,4.11,432100,2100.0,1976.0,3220.0,732.5
2026-08-04 13:55:30,2026-08-04 13:40,2072.0,1995.0,3.86,436300,2100.0,1976.0,3220.0,732.5
2026-08-04 14:00:38,2026-08-04 13:45,2075.0,1995.0,4.01,438100,2100.0,1976.0,3220.0,732.5
2026-08-04 14:05:38,2026-08-04 13:50,2068.0,1995.0,3.66,443800,2100.0,1976.0,3220.0,732.5
2026-08-04 14:10:44,2026-08-04 13:55,2065.0,1995.0,3.51,450900,2100.0,1976.0,3220.0,732.5
2026-08-04 14:15:42,2026-08-04 14:00,2066.0,1995.0,3.56,456200,2100.0,1976.0,3220.0,732.5
2026-08-04 14:20:44,2026-08-04 14:05,2069.0,1995.0,3.71,463500,2100.0,1976.0,3220.0,732.5
2026-08-04 14:25:42,2026-08-04 14:10,2078.0,1995.0,4.16,474600,2100.0,1976.0,3220.0,732.5
2026-08-04 14:30:35,2026-08-04 14:15,2073.0,1995.0,3.91,477600,2100.0,1976.0,3220.0,732.5
2026-08-04 14:35:38,2026-08-04 14:20,2071.0,1995.0,3.81,480200,2100.0,1976.0,3220.0,732.5
2026-08-04 14:40:36,2026-08-04 14:23,2072.0,1995.0,3.86,481700,2100.0,1976.0,3220.0,732.5
2026-08-04 14:45:32,2026-08-04 14:30,2070.0,1995.0,3.76,485100,2100.0,1976.0,3220.0,732.5
2026-08-04 14:50:41,2026-08-04 14:34,2074.0,1995.0,3.96,488400,2100.0,1976.0,3220.0,732.5
2026-08-04 14:55:35,2026-08-04 14:40,2073.0,1995.0,3.91,494800,2100.0,1976.0,3220.0,732.5
2026-08-04 15:40:46,2026-08-04 15:24,2082.0,1995.0,4.36,543800,2100.0,1976.0,3220.0,732.5
2026-08-05 09:05:32,2026-08-04 15:30,2073.0,1995.0,3.91,572100,2100.0,1976.0,3220.0,732.5
2026-08-05 09:10:37,2026-08-04 15:30,2073.0,1995.0,3.91,572100,2100.0,1976.0,3220.0,732.5
2026-08-05 09:15:42,2026-08-04 15:30,2073.0,1995.0,3.91,572100,2100.0,1976.0,3220.0,732.5
2026-08-05 09:20:35,2026-08-05 09:05,2135.0,2073.0,2.99,68100,2171.0,2135.0,3220.0,732.5
2026-08-05 09:25:33,2026-08-05 09:10,2131.0,2073.0,2.8,98600,2171.0,2125.0,3220.0,732.5
2026-08-05 09:30:38,2026-08-05 09:15,2129.0,2073.0,2.7,122900,2171.0,2113.0,3220.0,732.5
2026-08-05 09:35:34,2026-08-05 09:20,2141.0,2073.0,3.28,139600,2171.0,2113.0,3220.0,732.5
2026-08-05 09:40:43,2026-08-05 09:25,2167.0,2073.0,4.53,173400,2171.0,2113.0,3220.0,732.5
2026-08-05 09:45:45,2026-08-05 09:30,2154.0,2073.0,3.91,190200,2171.0,2113.0,3220.0,732.5
2026-08-05 09:50:51,2026-08-05 09:35,2140.0,2073.0,3.23,206900,2171.0,2113.0,3220.0,732.5
2026-08-05 09:55:40,2026-08-05 09:40,2145.0,2073.0,3.47,216800,2171.0,2113.0,3220.0,732.5
2026-08-05 10:00:52,2026-08-05 09:45,2145.0,2073.0,3.47,228900,2171.0,2113.0,3220.0,732.5
2026-08-05 10:05:31,2026-08-05 09:50,2140.0,2073.0,3.23,238200,2171.0,2113.0,3220.0,732.5
2026-08-05 10:10:31,2026-08-05 09:55,2143.0,2073.0,3.38,242500,2171.0,2113.0,3220.0,732.5
2026-08-05 10:15:37,2026-08-05 10:00,2145.0,2073.0,3.47,250900,2171.0,2113.0,3220.0,732.5
2026-08-05 10:20:34,2026-08-05 10:05,2150.0,2073.0,3.71,257900,2171.0,2113.0,3220.0,732.5
2026-08-05 10:25:40,2026-08-05 10:10,2159.0,2073.0,4.15,268700,2171.0,2113.0,3220.0,732.5
2026-08-05 10:30:42,2026-08-05 10:15,2149.0,2073.0,3.67,273600,2171.0,2113.0,3220.0,732.5
2026-08-05 10:35:31,2026-08-05 10:20,2144.0,2073.0,3.42,280300,2171.0,2113.0,3220.0,732.5
2026-08-05 10:40:39,2026-08-05 10:25,2157.0,2073.0,4.05,291100,2171.0,2113.0,3220.0,732.5
2026-08-05 10:45:47,2026-08-05 10:30,2157.0,2073.0,4.05,294600,2171.0,2113.0,3220.0,732.5
2026-08-05 10:50:41,2026-08-05 10:35,2170.0,2073.0,4.68,310100,2172.0,2113.0,3220.0,732.5
2026-08-05 10:55:36,2026-08-05 10:40,2165.0,2073.0,4.44,318500,2172.0,2113.0,3220.0,732.5
2026-08-05 11:00:43,2026-08-05 10:45,2163.0,2073.0,4.34,321300,2172.0,2113.0,3220.0,732.5
2026-08-05 11:05:48,2026-08-05 10:50,2168.0,2073.0,4.58,324800,2172.0,2113.0,3220.0,732.5
2026-08-05 11:10:44,2026-08-05 10:55,2167.0,2073.0,4.53,333300,2174.0,2113.0,3220.0,732.5
2026-08-05 11:15:34,2026-08-05 11:00,2178.0,2073.0,5.07,343300,2178.0,2113.0,3220.0,732.5
2026-08-05 11:20:34,2026-08-05 11:04,2186.0,2073.0,5.45,357100,2186.0,2113.0,3220.0,732.5
2026-08-05 11:25:39,2026-08-05 11:10,2177.0,2073.0,5.02,361000,2188.0,2113.0,3220.0,732.5
2026-08-05 11:30:41,2026-08-05 11:15,2179.0,2073.0,5.11,367100,2188.0,2113.0,3220.0,732.5
2026-08-05 12:30:40,2026-08-05 11:30,2161.0,2073.0,4.25,382500,2188.0,2113.0,3220.0,732.5
2026-08-05 12:35:35,2026-08-05 11:30,2161.0,2073.0,4.25,382500,2188.0,2113.0,3220.0,732.5
2026-08-05 12:40:39,2026-08-05 11:30,2161.0,2073.0,4.25,382500,2188.0,2113.0,3220.0,732.5
2026-08-05 12:45:38,2026-08-05 12:30,2162.0,2073.0,4.29,399300,2188.0,2113.0,3220.0,732.5
2026-08-05 12:50:39,2026-08-05 12:35,2179.0,2073.0,5.11,413400,2188.0,2113.0,3220.0,732.5
2026-08-05 12:55:34,2026-08-05 12:40,2187.0,2073.0,5.5,424800,2188.0,2113.0,3220.0,732.5
2026-08-05 13:00:45,2026-08-05 12:45,2191.0,2073.0,5.69,447500,2197.0,2113.0,3220.0,732.5
2026-08-05 13:05:38,2026-08-05 12:50,2192.0,2073.0,5.74,451300,2197.0,2113.0,3220.0,732.5
2026-08-05 13:10:37,2026-08-05 12:55,2192.0,2073.0,5.74,456100,2197.0,2113.0,3220.0,732.5
2026-08-05 13:15:38,2026-08-05 13:00,2193.0,2073.0,5.79,464300,2197.0,2113.0,3220.0,732.5
2026-08-05 13:20:37,2026-08-05 13:05,2193.0,2073.0,5.79,467700,2197.0,2113.0,3220.0,732.5
2026-08-05 13:25:37,2026-08-05 13:10,2189.0,2073.0,5.6,474000,2197.0,2113.0,3220.0,732.5
2026-08-05 13:30:44,2026-08-05 13:15,2185.0,2073.0,5.4,481200,2197.0,2113.0,3220.0,732.5
2026-08-05 13:35:45,2026-08-05 13:20,2187.0,2073.0,5.5,486600,2197.0,2113.0,3220.0,732.5
2026-08-05 13:40:38,2026-08-05 13:25,2189.0,2073.0,5.6,489700,2197.0,2113.0,3220.0,732.5
2026-08-05 13:45:30,2026-08-05 13:29,2191.0,2073.0,5.69,496000,2197.0,2113.0,3220.0,732.5
2026-08-05 13:50:30,2026-08-05 13:34,2194.0,2073.0,5.84,497500,2197.0,2113.0,3220.0,732.5
2026-08-05 13:55:36,2026-08-05 13:40,2195.0,2073.0,5.89,505100,2197.0,2113.0,3220.0,732.5
2026-08-05 14:00:44,2026-08-05 13:45,2195.0,2073.0,5.89,513500,2198.0,2113.0,3220.0,732.5
2026-08-05 14:05:38,2026-08-05 13:48,2193.0,2073.0,5.79,518900,2198.0,2113.0,3220.0,732.5
2026-08-05 14:10:40,2026-08-05 13:55,2193.0,2073.0,5.79,521300,2198.0,2113.0,3220.0,732.5
2026-08-05 14:31:02,2026-08-05 14:15,2196.0,2073.0,5.93,542000,2198.0,2113.0,3220.0,732.5
2026-08-05 14:35:36,2026-08-05 14:20,2195.0,2073.0,5.89,545800,2198.0,2113.0,3220.0,732.5
2026-08-05 14:40:42,2026-08-05 14:25,2200.0,2073.0,6.13,565900,2200.0,2113.0,3220.0,732.5
2026-08-05 14:45:38,2026-08-05 14:30,2200.0,2073.0,6.13,586700,2205.0,2113.0,3220.0,732.5
2026-08-05 14:50:41,2026-08-05 14:35,2200.0,2073.0,6.13,590400,2205.0,2113.0,3220.0,732.5
2026-08-05 14:55:40,2026-08-05 14:40,2202.0,2073.0,6.22,593800,2205.0,2113.0,3220.0,732.5
2026-08-05 15:00:33,2026-08-05 14:45,2202.0,2073.0,6.22,597600,2205.0,2113.0,3220.0,732.5
2026-08-05 15:05:38,2026-08-05 14:50,2199.0,2073.0,6.08,599300,2205.0,2113.0,3220.0,732.5
2026-08-05 15:10:55,2026-08-05 14:55,2201.0,2073.0,6.17,604000,2205.0,2113.0,3220.0,732.5
2026-08-05 15:16:18,2026-08-05 15:00,2198.0,2073.0,6.03,610700,2205.0,2113.0,3220.0,732.5
2026-08-05 15:20:30,2026-08-05 15:05,2201.0,2073.0,6.17,615100,2205.0,2113.0,3220.0,732.5
2026-08-05 15:25:30,2026-08-05 15:10,2199.0,2073.0,6.08,619200,2205.0,2113.0,3220.0,732.5
2026-08-05 15:30:49,2026-08-05 15:15,2198.0,2073.0,6.03,630000,2205.0,2113.0,3220.0,732.5
2026-08-05 15:40:38,2026-08-05 15:24,2199.0,2073.0,6.08,649400,2205.0,2113.0,3220.0,732.5
2026-08-06 09:05:43,2026-08-05 15:30,2182.0,2073.0,5.26,693500,2205.0,2113.0,3220.0,732.5
2026-08-06 09:10:33,2026-08-05 15:30,2182.0,2073.0,5.26,693500,2205.0,2113.0,3220.0,732.5
2026-08-06 09:15:35,2026-08-05 15:30,2182.0,2073.0,5.26,693500,2205.0,2113.0,3220.0,732.5
2026-08-06 09:20:36,2026-08-06 09:05,2129.0,2182.0,-2.43,33500,2129.0,2100.0,3220.0,732.5
2026-08-06 09:25:35,2026-08-06 09:10,2155.0,2182.0,-1.24,51800,2155.0,2100.0,3220.0,732.5
2026-08-06 09:30:39,2026-08-06 09:15,2133.0,2182.0,-2.25,61300,2156.0,2100.0,3220.0,732.5
2026-08-06 09:35:44,2026-08-06 09:20,2110.0,2182.0,-3.3,95800,2156.0,2100.0,3220.0,732.5
2026-08-06 09:46:08,2026-08-06 09:31,2115.0,2182.0,-3.07,117700,2156.0,2100.0,3220.0,732.5
2026-08-06 09:46:45,2026-08-06 09:31,2114.0,2182.0,-3.12,119500,2156.0,2100.0,3220.0,732.5
2026-08-06 09:50:30,2026-08-06 09:35,2124.0,2182.0,-2.66,123000,2156.0,2100.0,3220.0,732.5
