抓取时间,行情时刻,价格,昨收,涨跌幅%,成交量,当日最高,当日最低,52周最高,52周最低
2026-07-06 09:31:25,2026-07-06 09:16,7197.0,6958.0,3.43,1645000,7247.0,7050.0,7930.0,4280.0
2026-07-06 10:18:16,2026-07-06 10:03,7118.0,6958.0,2.3,3263900,7247.0,7050.0,7930.0,4280.0
2026-07-06 10:55:25,2026-07-06 10:40,7103.0,6958.0,2.08,3955200,7247.0,7050.0,7930.0,4280.0
2026-07-06 10:58:55,2026-07-06 10:43,7107.0,6958.0,2.14,4008200,7247.0,7050.0,7930.0,4280.0
2026-07-06 11:00:36,2026-07-06 10:45,7088.0,6958.0,1.87,4033600,7247.0,7050.0,7930.0,4280.0
2026-07-06 11:05:37,2026-07-06 10:50,7106.0,6958.0,2.13,4150800,7247.0,7050.0,7930.0,4280.0
2026-07-06 11:10:37,2026-07-06 10:55,7119.0,6958.0,2.31,4250300,7247.0,7050.0,7930.0,4280.0
2026-07-06 11:15:31,2026-07-06 11:00,7141.0,6958.0,2.63,4355700,7247.0,7050.0,7930.0,4280.0
2026-07-06 11:20:35,2026-07-06 11:05,7139.0,6958.0,2.6,4448100,7247.0,7050.0,7930.0,4280.0
2026-07-06 11:25:36,2026-07-06 11:10,7144.0,6958.0,2.67,4531300,7247.0,7050.0,7930.0,4280.0
2026-07-06 11:30:36,2026-07-06 11:15,7147.0,6958.0,2.72,4611800,7247.0,7050.0,7930.0,4280.0
2026-07-06 12:30:35,2026-07-06 11:30,7138.0,6958.0,2.59,4905300,7247.0,7050.0,7930.0,4280.0
2026-07-06 12:35:33,2026-07-06 11:30,7138.0,6958.0,2.59,4905300,7247.0,7050.0,7930.0,4280.0
2026-07-06 12:40:34,2026-07-06 11:30,7138.0,6958.0,2.59,4905300,7247.0,7050.0,7930.0,4280.0
2026-07-06 12:45:35,2026-07-06 12:30,7163.0,6958.0,2.95,5026300,7247.0,7050.0,7930.0,4280.0
2026-07-06 12:50:35,2026-07-06 12:35,7174.0,6958.0,3.1,5284900,7247.0,7050.0,7930.0,4280.0
2026-07-06 12:55:44,2026-07-06 12:40,7189.0,6958.0,3.32,5401300,7247.0,7050.0,7930.0,4280.0
2026-07-06 13:00:47,2026-07-06 12:45,7198.0,6958.0,3.45,5540100,7247.0,7050.0,7930.0,4280.0
2026-07-06 13:05:33,2026-07-06 12:50,7214.0,6958.0,3.68,5650100,7247.0,7050.0,7930.0,4280.0
2026-07-06 13:10:40,2026-07-06 12:55,7227.0,6958.0,3.87,5833100,7247.0,7050.0,7930.0,4280.0
2026-07-06 13:15:36,2026-07-06 13:00,7242.0,6958.0,4.08,6033100,7250.0,7050.0,7930.0,4280.0
2026-07-06 13:20:34,2026-07-06 13:05,7259.0,6958.0,4.33,6173900,7264.0,7050.0,7930.0,4280.0
2026-07-06 13:25:43,2026-07-06 13:10,7236.0,6958.0,4.0,6302100,7264.0,7050.0,7930.0,4280.0
2026-07-06 13:30:41,2026-07-06 13:15,7218.0,6958.0,3.74,6409600,7264.0,7050.0,7930.0,4280.0
2026-07-06 13:35:35,2026-07-06 13:20,7229.0,6958.0,3.89,6491000,7264.0,7050.0,7930.0,4280.0
2026-07-06 13:40:40,2026-07-06 13:25,7248.0,6958.0,4.17,6645600,7264.0,7050.0,7930.0,4280.0
2026-07-06 13:45:46,2026-07-06 13:30,7296.0,6958.0,4.86,6832800,7299.0,7050.0,7930.0,4280.0
2026-07-06 13:50:36,2026-07-06 13:35,7315.0,6958.0,5.13,7024300,7330.0,7050.0,7930.0,4280.0
2026-07-06 13:55:36,2026-07-06 13:40,7372.0,6958.0,5.95,7267600,7377.0,7050.0,7930.0,4280.0
2026-07-06 14:00:40,2026-07-06 13:45,7407.0,6958.0,6.45,7550300,7420.0,7050.0,7930.0,4280.0
2026-07-06 14:05:43,2026-07-06 13:50,7393.0,6958.0,6.25,7779500,7420.0,7050.0,7930.0,4280.0
2026-07-06 14:10:39,2026-07-06 13:55,7394.0,6958.0,6.27,7897200,7420.0,7050.0,7930.0,4280.0
2026-07-06 14:15:40,2026-07-06 14:00,7383.0,6958.0,6.11,8014300,7420.0,7050.0,7930.0,4280.0
2026-07-06 14:20:39,2026-07-06 14:05,7376.0,6958.0,6.01,8247500,7420.0,7050.0,7930.0,4280.0
2026-07-06 14:25:33,2026-07-06 14:10,7380.0,6958.0,6.06,8330500,7420.0,7050.0,7930.0,4280.0
2026-07-06 14:30:40,2026-07-06 14:15,7387.0,6958.0,6.17,8419300,7420.0,7050.0,7930.0,4280.0
2026-07-06 14:35:39,2026-07-06 14:20,7409.0,6958.0,6.48,8499200,7420.0,7050.0,7930.0,4280.0
2026-07-06 14:40:34,2026-07-06 14:25,7349.0,6958.0,5.62,8658000,7420.0,7050.0,7930.0,4280.0
2026-07-06 14:45:42,2026-07-06 14:30,7322.0,6958.0,5.23,8839100,7420.0,7050.0,7930.0,4280.0
2026-07-06 14:50:44,2026-07-06 14:35,7321.0,6958.0,5.22,8911100,7420.0,7050.0,7930.0,4280.0
2026-07-06 14:55:41,2026-07-06 14:40,7330.0,6958.0,5.35,8991400,7420.0,7050.0,7930.0,4280.0
2026-07-06 15:00:35,2026-07-06 14:45,7332.0,6958.0,5.38,9134300,7420.0,7050.0,7930.0,4280.0
2026-07-06 15:16:26,2026-07-06 15:01,7347.0,6958.0,5.59,9468000,7420.0,7050.0,7930.0,4280.0
2026-07-06 15:20:39,2026-07-06 15:05,7377.0,6958.0,6.02,9635800,7420.0,7050.0,7930.0,4280.0
2026-07-06 15:25:44,2026-07-06 15:10,7361.0,6958.0,5.79,9729700,7420.0,7050.0,7930.0,4280.0
2026-07-06 15:30:38,2026-07-06 15:15,7356.0,6958.0,5.72,9850700,7420.0,7050.0,7930.0,4280.0
2026-07-07 09:00:34,2026-07-06 15:30,7415.0,6958.0,6.57,11929500,7420.0,7050.0,7930.0,4280.0
2026-07-07 09:05:31,2026-07-06 15:30,7415.0,6958.0,6.57,11929500,7420.0,7050.0,7930.0,4280.0
2026-07-07 09:10:33,2026-07-06 15:30,7415.0,6958.0,6.57,11929500,7420.0,7050.0,7930.0,4280.0
2026-07-07 09:15:34,2026-07-07 09:00,7415.0,6958.0,6.57,12295500,7377.0,7274.0,7930.0,4280.0
2026-07-07 09:20:31,2026-07-07 09:05,7387.0,7415.0,-0.38,559900,7389.0,7274.0,7930.0,4280.0
2026-07-07 09:25:33,2026-07-07 09:10,7377.0,7415.0,-0.51,737400,7413.0,7274.0,7930.0,4280.0
2026-07-07 09:30:34,2026-07-07 09:15,7390.0,7415.0,-0.34,910300,7413.0,7274.0,7930.0,4280.0
2026-07-07 09:35:33,2026-07-07 09:20,7444.0,7415.0,0.39,1101000,7451.0,7274.0,7930.0,4280.0
2026-07-07 09:40:33,2026-07-07 09:25,7429.0,7415.0,0.19,1213500,7460.0,7274.0,7930.0,4280.0
2026-07-07 09:45:35,2026-07-07 09:30,7436.0,7415.0,0.28,1297800,7460.0,7274.0,7930.0,4280.0
2026-07-07 09:50:39,2026-07-07 09:35,7389.0,7415.0,-0.35,1416400,7460.0,7274.0,7930.0,4280.0
2026-07-07 09:55:31,2026-07-07 09:40,7396.0,7415.0,-0.26,1536600,7460.0,7274.0,7930.0,4280.0
2026-07-07 10:00:37,2026-07-07 09:45,7378.0,7415.0,-0.5,1627100,7460.0,7274.0,7930.0,4280.0
2026-07-07 10:05:37,2026-07-07 09:50,7384.0,7415.0,-0.42,1710800,7460.0,7274.0,7930.0,4280.0
2026-07-07 10:10:34,2026-07-07 09:55,7389.0,7415.0,-0.35,1758500,7460.0,7274.0,7930.0,4280.0
2026-07-07 10:15:35,2026-07-07 10:00,7371.0,7415.0,-0.59,1837300,7460.0,7274.0,7930.0,4280.0
2026-07-07 10:20:31,2026-07-07 10:05,7375.0,7415.0,-0.54,1900000,7460.0,7274.0,7930.0,4280.0
2026-07-07 10:25:45,2026-07-07 10:10,7355.0,7415.0,-0.81,1991300,7460.0,7274.0,7930.0,4280.0
2026-07-07 10:30:31,2026-07-07 10:15,7337.0,7415.0,-1.05,2077800,7460.0,7274.0,7930.0,4280.0
2026-07-07 10:35:36,2026-07-07 10:20,7323.0,7415.0,-1.24,2144000,7460.0,7274.0,7930.0,4280.0
2026-07-07 10:40:36,2026-07-07 10:25,7343.0,7415.0,-0.97,2213400,7460.0,7274.0,7930.0,4280.0
2026-07-07 10:45:36,2026-07-07 10:30,7299.0,7415.0,-1.56,2319700,7460.0,7274.0,7930.0,4280.0
2026-07-07 10:50:45,2026-07-07 10:35,7319.0,7415.0,-1.29,2503600,7460.0,7271.0,7930.0,4280.0
2026-07-07 10:55:34,2026-07-07 10:40,7324.0,7415.0,-1.23,2627800,7460.0,7271.0,7930.0,4280.0
2026-07-07 11:00:35,2026-07-07 10:45,7370.0,7415.0,-0.61,2674200,7460.0,7271.0,7930.0,4280.0
2026-07-07 11:05:34,2026-07-07 10:50,7352.0,7415.0,-0.85,2721900,7460.0,7271.0,7930.0,4280.0
2026-07-07 11:10:37,2026-07-07 10:55,7313.0,7415.0,-1.38,2775000,7460.0,7271.0,7930.0,4280.0
2026-07-07 11:15:38,2026-07-07 11:00,7314.0,7415.0,-1.36,2840700,7460.0,7271.0,7930.0,4280.0
2026-07-07 11:20:37,2026-07-07 11:05,7311.0,7415.0,-1.4,2895100,7460.0,7271.0,7930.0,4280.0
2026-07-07 11:25:34,2026-07-07 11:10,7299.0,7415.0,-1.56,2946900,7460.0,7271.0,7930.0,4280.0
2026-07-07 11:30:42,2026-07-07 11:15,7295.0,7415.0,-1.62,2984600,7460.0,7271.0,7930.0,4280.0
2026-07-07 12:30:30,2026-07-07 11:30,7278.0,7415.0,-1.85,3114300,7460.0,7271.0,7930.0,4280.0
2026-07-07 12:35:33,2026-07-07 11:30,7278.0,7415.0,-1.85,3114300,7460.0,7271.0,7930.0,4280.0
2026-07-07 12:40:34,2026-07-07 11:30,7278.0,7415.0,-1.85,3114300,7460.0,7271.0,7930.0,4280.0
2026-07-07 12:45:36,2026-07-07 12:30,7273.0,7415.0,-1.92,3219700,7460.0,7246.0,7930.0,4280.0
2026-07-07 12:50:32,2026-07-07 12:35,7265.0,7415.0,-2.02,3292200,7460.0,7246.0,7930.0,4280.0
2026-07-07 12:55:35,2026-07-07 12:40,7273.0,7415.0,-1.92,3353900,7460.0,7246.0,7930.0,4280.0
2026-07-07 13:00:35,2026-07-07 12:45,7245.0,7415.0,-2.29,3411500,7460.0,7242.0,7930.0,4280.0
2026-07-07 13:05:34,2026-07-07 12:50,7227.0,7415.0,-2.54,3493900,7460.0,7213.0,7930.0,4280.0
2026-07-07 13:10:33,2026-07-07 12:55,7211.0,7415.0,-2.75,3569500,7460.0,7210.0,7930.0,4280.0
2026-07-07 13:15:34,2026-07-07 13:00,7223.0,7415.0,-2.59,3618100,7460.0,7204.0,7930.0,4280.0
2026-07-07 13:20:30,2026-07-07 13:05,7223.0,7415.0,-2.59,3671000,7460.0,7204.0,7930.0,4280.0
2026-07-07 13:25:38,2026-07-07 13:10,7218.0,7415.0,-2.66,3739300,7460.0,7204.0,7930.0,4280.0
2026-07-07 13:30:40,2026-07-07 13:15,7200.0,7415.0,-2.9,3800500,7460.0,7198.0,7930.0,4280.0
2026-07-07 13:35:41,2026-07-07 13:20,7186.0,7415.0,-3.09,3869500,7460.0,7172.0,7930.0,4280.0
2026-07-07 13:40:32,2026-07-07 13:25,7173.0,7415.0,-3.26,3934700,7460.0,7160.0,7930.0,4280.0
2026-07-07 13:45:37,2026-07-07 13:30,7175.0,7415.0,-3.24,3985500,7460.0,7160.0,7930.0,4280.0
2026-07-07 13:50:44,2026-07-07 13:35,7168.0,7415.0,-3.33,4048000,7460.0,7160.0,7930.0,4280.0
2026-07-07 13:55:37,2026-07-07 13:40,7158.0,7415.0,-3.47,4109800,7460.0,7155.0,7930.0,4280.0
2026-07-07 14:00:38,2026-07-07 13:45,7158.0,7415.0,-3.47,4161200,7460.0,7155.0,7930.0,4280.0
2026-07-07 14:05:42,2026-07-07 13:50,7147.0,7415.0,-3.61,4243000,7460.0,7141.0,7930.0,4280.0
2026-07-07 14:10:47,2026-07-07 13:55,7161.0,7415.0,-3.43,4286100,7460.0,7141.0,7930.0,4280.0
2026-07-07 14:15:41,2026-07-07 14:00,7155.0,7415.0,-3.51,4339100,7460.0,7141.0,7930.0,4280.0
2026-07-07 14:20:48,2026-07-07 14:05,7140.0,7415.0,-3.71,4383400,7460.0,7140.0,7930.0,4280.0
2026-07-07 14:25:32,2026-07-07 14:10,7121.0,7415.0,-3.96,4477600,7460.0,7115.0,7930.0,4280.0
2026-07-07 14:30:40,2026-07-07 14:15,7129.0,7415.0,-3.86,4532600,7460.0,7115.0,7930.0,4280.0
2026-07-07 14:35:38,2026-07-07 14:20,7131.0,7415.0,-3.83,4576300,7460.0,7115.0,7930.0,4280.0
2026-07-07 14:40:33,2026-07-07 14:25,7131.0,7415.0,-3.83,4643100,7460.0,7115.0,7930.0,4280.0
2026-07-07 14:45:54,2026-07-07 14:30,7151.0,7415.0,-3.56,4739100,7460.0,7115.0,7930.0,4280.0
2026-07-07 14:50:33,2026-07-07 14:35,7194.0,7415.0,-2.98,4844800,7460.0,7115.0,7930.0,4280.0
2026-07-07 14:56:00,2026-07-07 14:40,7202.0,7415.0,-2.87,4928200,7460.0,7115.0,7930.0,4280.0
2026-07-07 15:00:50,2026-07-07 14:45,7189.0,7415.0,-3.05,5009900,7460.0,7115.0,7930.0,4280.0
2026-07-07 15:05:41,2026-07-07 14:50,7177.0,7415.0,-3.21,5104300,7460.0,7115.0,7930.0,4280.0
2026-07-07 15:10:42,2026-07-07 14:55,7200.0,7415.0,-2.9,5179400,7460.0,7115.0,7930.0,4280.0
2026-07-07 15:15:47,2026-07-07 15:00,7195.0,7415.0,-2.97,5260300,7460.0,7115.0,7930.0,4280.0
2026-07-07 15:20:35,2026-07-07 15:05,7174.0,7415.0,-3.25,5359600,7460.0,7115.0,7930.0,4280.0
2026-07-07 15:25:37,2026-07-07 15:10,7162.0,7415.0,-3.41,5447100,7460.0,7115.0,7930.0,4280.0
2026-07-07 15:30:37,2026-07-07 15:15,7161.0,7415.0,-3.43,5579000,7460.0,7115.0,7930.0,4280.0
2026-07-08 09:00:45,2026-07-07 15:30,7158.0,7415.0,-3.47,7655100,7460.0,7115.0,7930.0,4280.0
2026-07-08 09:05:32,2026-07-07 15:30,7158.0,7415.0,-3.47,7655100,7460.0,7115.0,7930.0,4280.0
2026-07-08 09:10:36,2026-07-07 15:30,7158.0,7415.0,-3.47,7655100,7460.0,7115.0,7930.0,4280.0
2026-07-08 09:15:39,2026-07-08 09:00,7158.0,7415.0,-3.47,8014300,7128.0,7080.0,7930.0,4280.0
2026-07-08 09:20:36,2026-07-08 09:05,7067.0,7158.0,-1.27,550400,7128.0,7038.0,7930.0,4280.0
2026-07-08 09:25:33,2026-07-08 09:10,7007.0,7158.0,-2.11,718600,7128.0,7007.0,7930.0,4280.0
2026-07-08 09:30:43,2026-07-08 09:15,7003.0,7158.0,-2.17,900200,7128.0,6993.0,7930.0,4280.0
2026-07-08 09:35:29,2026-07-08 09:20,6977.0,7158.0,-2.53,1014800,7128.0,6972.0,7930.0,4280.0
2026-07-08 09:40:31,2026-07-08 09:25,7032.0,7158.0,-1.76,1117000,7128.0,6956.0,7930.0,4280.0
2026-07-08 09:45:30,2026-07-08 09:30,7043.0,7158.0,-1.61,1292200,7128.0,6956.0,7930.0,4280.0
2026-07-08 09:50:36,2026-07-08 09:35,6971.0,7158.0,-2.61,1392100,7128.0,6956.0,7930.0,4280.0
2026-07-08 09:55:33,2026-07-08 09:40,7031.0,7158.0,-1.77,1477100,7128.0,6956.0,7930.0,4280.0
2026-07-08 10:00:46,2026-07-08 09:45,7054.0,7158.0,-1.45,1547400,7128.0,6956.0,7930.0,4280.0
2026-07-08 10:05:33,2026-07-08 09:50,7066.0,7158.0,-1.29,1629000,7128.0,6956.0,7930.0,4280.0
2026-07-08 10:10:30,2026-07-08 09:55,7071.0,7158.0,-1.22,1677300,7128.0,6956.0,7930.0,4280.0
2026-07-08 10:15:32,2026-07-08 10:00,7071.0,7158.0,-1.22,1723000,7128.0,6956.0,7930.0,4280.0
2026-07-08 10:20:34,2026-07-08 10:05,7063.0,7158.0,-1.33,1767400,7128.0,6956.0,7930.0,4280.0
2026-07-08 10:25:29,2026-07-08 10:10,7068.0,7158.0,-1.26,1844600,7128.0,6956.0,7930.0,4280.0
2026-07-08 10:30:31,2026-07-08 10:15,7087.0,7158.0,-0.99,1880300,7128.0,6956.0,7930.0,4280.0
2026-07-08 10:35:34,2026-07-08 10:20,7093.0,7158.0,-0.91,1920400,7128.0,6956.0,7930.0,4280.0
2026-07-08 10:40:33,2026-07-08 10:25,7069.0,7158.0,-1.24,1954400,7128.0,6956.0,7930.0,4280.0
2026-07-08 10:45:31,2026-07-08 10:30,7086.0,7158.0,-1.01,2002400,7128.0,6956.0,7930.0,4280.0
2026-07-08 10:50:34,2026-07-08 10:35,7066.0,7158.0,-1.29,2037100,7128.0,6956.0,7930.0,4280.0
2026-07-08 10:55:30,2026-07-08 10:40,7040.0,7158.0,-1.65,2110800,7128.0,6956.0,7930.0,4280.0
2026-07-08 11:00:31,2026-07-08 10:45,7054.0,7158.0,-1.45,2143200,7128.0,6956.0,7930.0,4280.0
2026-07-08 11:05:44,2026-07-08 10:50,7081.0,7158.0,-1.08,2175500,7128.0,6956.0,7930.0,4280.0
2026-07-08 11:10:36,2026-07-08 10:55,7043.0,7158.0,-1.61,2198800,7128.0,6956.0,7930.0,4280.0
2026-07-08 11:15:35,2026-07-08 11:00,7055.0,7158.0,-1.44,2228500,7128.0,6956.0,7930.0,4280.0
2026-07-08 11:20:33,2026-07-08 11:05,7037.0,7158.0,-1.69,2256800,7128.0,6956.0,7930.0,4280.0
2026-07-08 11:25:33,2026-07-08 11:10,7045.0,7158.0,-1.58,2284500,7128.0,6956.0,7930.0,4280.0
2026-07-08 11:30:30,2026-07-08 11:15,7033.0,7158.0,-1.75,2310900,7128.0,6956.0,7930.0,4280.0
2026-07-08 12:30:34,2026-07-08 11:30,7040.0,7158.0,-1.65,2428900,7128.0,6956.0,7930.0,4280.0
2026-07-08 12:35:31,2026-07-08 11:30,7040.0,7158.0,-1.65,2428900,7128.0,6956.0,7930.0,4280.0
2026-07-08 12:40:38,2026-07-08 11:30,7040.0,7158.0,-1.65,2428900,7128.0,6956.0,7930.0,4280.0
2026-07-08 12:45:40,2026-07-08 12:30,7096.0,7158.0,-0.87,2490800,7128.0,6956.0,7930.0,4280.0
2026-07-08 12:50:32,2026-07-08 12:35,7079.0,7158.0,-1.1,2540100,7128.0,6956.0,7930.0,4280.0
2026-07-08 12:55:31,2026-07-08 12:40,7091.0,7158.0,-0.94,2604900,7128.0,6956.0,7930.0,4280.0
2026-07-08 13:00:35,2026-07-08 12:45,7099.0,7158.0,-0.82,2642000,7128.0,6956.0,7930.0,4280.0
2026-07-08 13:05:31,2026-07-08 12:50,7105.0,7158.0,-0.74,2698500,7128.0,6956.0,7930.0,4280.0
2026-07-08 13:10:35,2026-07-08 12:55,7080.0,7158.0,-1.09,2730800,7128.0,6956.0,7930.0,4280.0
2026-07-08 13:15:33,2026-07-08 13:00,7055.0,7158.0,-1.44,2761400,7128.0,6956.0,7930.0,4280.0
2026-07-08 13:20:31,2026-07-08 13:05,7041.0,7158.0,-1.63,2790000,7128.0,6956.0,7930.0,4280.0
2026-07-08 13:25:29,2026-07-08 13:10,7028.0,7158.0,-1.82,2835100,7128.0,6956.0,7930.0,4280.0
2026-07-08 13:30:29,2026-07-08 13:15,7018.0,7158.0,-1.96,2868600,7128.0,6956.0,7930.0,4280.0
2026-07-08 13:35:29,2026-07-08 13:20,7014.0,7158.0,-2.01,2923700,7128.0,6956.0,7930.0,4280.0
2026-07-08 13:40:32,2026-07-08 13:25,7034.0,7158.0,-1.73,2963600,7128.0,6956.0,7930.0,4280.0
2026-07-08 13:45:30,2026-07-08 13:30,7037.0,7158.0,-1.69,2987800,7128.0,6956.0,7930.0,4280.0
2026-07-08 13:50:33,2026-07-08 13:35,7029.0,7158.0,-1.8,3016200,7128.0,6956.0,7930.0,4280.0
2026-07-08 13:55:38,2026-07-08 13:40,7017.0,7158.0,-1.97,3066200,7128.0,6956.0,7930.0,4280.0
2026-07-08 14:00:31,2026-07-08 13:45,7016.0,7158.0,-1.98,3103300,7128.0,6956.0,7930.0,4280.0
2026-07-08 14:05:38,2026-07-08 13:50,7025.0,7158.0,-1.86,3136800,7128.0,6956.0,7930.0,4280.0
2026-07-08 14:10:30,2026-07-08 13:55,7007.0,7158.0,-2.11,3161300,7128.0,6956.0,7930.0,4280.0
2026-07-08 14:15:34,2026-07-08 14:00,7042.0,7158.0,-1.62,3202400,7128.0,6956.0,7930.0,4280.0
2026-07-08 14:20:31,2026-07-08 14:05,7044.0,7158.0,-1.59,3231200,7128.0,6956.0,7930.0,4280.0
2026-07-08 14:25:31,2026-07-08 14:10,7037.0,7158.0,-1.69,3261100,7128.0,6956.0,7930.0,4280.0
2026-07-08 14:30:47,2026-07-08 14:15,7047.0,7158.0,-1.55,3291800,7128.0,6956.0,7930.0,4280.0
2026-07-08 14:35:33,2026-07-08 14:20,7035.0,7158.0,-1.72,3317400,7128.0,6956.0,7930.0,4280.0
2026-07-08 14:40:39,2026-07-08 14:25,7029.0,7158.0,-1.8,3350200,7128.0,6956.0,7930.0,4280.0
2026-07-08 14:45:36,2026-07-08 14:30,7012.0,7158.0,-2.04,3381400,7128.0,6956.0,7930.0,4280.0
2026-07-08 14:50:34,2026-07-08 14:35,7019.0,7158.0,-1.94,3465400,7128.0,6956.0,7930.0,4280.0
2026-07-08 14:55:35,2026-07-08 14:40,7003.0,7158.0,-2.17,3502400,7128.0,6956.0,7930.0,4280.0
2026-07-08 15:00:31,2026-07-08 14:45,7002.0,7158.0,-2.18,3544300,7128.0,6956.0,7930.0,4280.0
2026-07-08 15:05:31,2026-07-08 14:50,6971.0,7158.0,-2.61,3644600,7128.0,6956.0,7930.0,4280.0
2026-07-08 15:10:43,2026-07-08 14:55,6999.0,7158.0,-2.22,3719700,7128.0,6956.0,7930.0,4280.0
2026-07-08 15:15:34,2026-07-08 15:00,6993.0,7158.0,-2.31,3763500,7128.0,6956.0,7930.0,4280.0
2026-07-08 15:20:37,2026-07-08 15:05,6981.0,7158.0,-2.47,3817300,7128.0,6956.0,7930.0,4280.0
2026-07-08 15:25:35,2026-07-08 15:10,6989.0,7158.0,-2.36,3861300,7128.0,6956.0,7930.0,4280.0
2026-07-08 15:30:32,2026-07-08 15:15,6977.0,7158.0,-2.53,3917100,7128.0,6956.0,7930.0,4280.0
2026-07-09 09:00:36,2026-07-08 15:30,6920.0,7158.0,-3.32,6562800,7128.0,6920.0,7930.0,4280.0
2026-07-09 09:05:34,2026-07-08 15:30,6920.0,7158.0,-3.32,6562800,7128.0,6920.0,7930.0,4280.0
2026-07-09 09:10:36,2026-07-08 15:30,6920.0,7158.0,-3.32,6562800,7128.0,6920.0,7930.0,4280.0
2026-07-09 09:15:33,2026-07-09 09:00,6920.0,7158.0,-3.32,7167500,6943.0,6890.0,7930.0,4280.0
2026-07-09 09:20:40,2026-07-09 09:05,6925.0,6920.0,0.07,915000,6973.0,6890.0,7930.0,4280.0
2026-07-09 09:25:35,2026-07-09 09:10,6943.0,6920.0,0.33,1089800,6987.0,6890.0,7930.0,4280.0
2026-07-09 09:30:35,2026-07-09 09:15,6979.0,6920.0,0.85,1190800,6987.0,6890.0,7930.0,4280.0
2026-07-09 09:35:32,2026-07-09 09:20,6926.0,6920.0,0.09,1304700,6987.0,6890.0,7930.0,4280.0
2026-07-09 09:40:34,2026-07-09 09:25,6944.0,6920.0,0.35,1390200,6987.0,6890.0,7930.0,4280.0
2026-07-09 09:45:34,2026-07-09 09:30,6946.0,6920.0,0.38,1466700,6987.0,6890.0,7930.0,4280.0
2026-07-09 09:50:32,2026-07-09 09:35,6951.0,6920.0,0.45,1546500,6987.0,6890.0,7930.0,4280.0
2026-07-09 09:55:30,2026-07-09 09:40,6941.0,6920.0,0.3,1623500,6987.0,6890.0,7930.0,4280.0
2026-07-09 10:00:32,2026-07-09 09:45,6957.0,6920.0,0.53,1706900,6987.0,6890.0,7930.0,4280.0
2026-07-09 10:05:33,2026-07-09 09:50,6964.0,6920.0,0.64,1832400,6996.0,6890.0,7930.0,4280.0
2026-07-09 10:10:33,2026-07-09 09:55,6932.0,6920.0,0.17,1897700,6996.0,6890.0,7930.0,4280.0
2026-07-09 10:15:52,2026-07-09 10:00,6965.0,6920.0,0.65,1981100,6996.0,6890.0,7930.0,4280.0
2026-07-09 10:20:34,2026-07-09 10:05,6964.0,6920.0,0.64,2042300,6996.0,6890.0,7930.0,4280.0
2026-07-09 10:25:28,2026-07-09 10:10,6984.0,6920.0,0.92,2118400,6996.0,6890.0,7930.0,4280.0
2026-07-09 10:30:30,2026-07-09 10:15,6976.0,6920.0,0.81,2180400,6996.0,6890.0,7930.0,4280.0
2026-07-09 10:35:40,2026-07-09 10:20,6990.0,6920.0,1.01,2281000,7006.0,6890.0,7930.0,4280.0
2026-07-09 10:40:32,2026-07-09 10:25,6977.0,6920.0,0.82,2329800,7006.0,6890.0,7930.0,4280.0
2026-07-09 10:45:38,2026-07-09 10:30,6986.0,6920.0,0.95,2385600,7006.0,6890.0,7930.0,4280.0
2026-07-09 10:50:32,2026-07-09 10:35,6974.0,6920.0,0.78,2430600,7006.0,6890.0,7930.0,4280.0
2026-07-09 10:55:31,2026-07-09 10:40,6968.0,6920.0,0.69,2475500,7006.0,6890.0,7930.0,4280.0
2026-07-09 11:00:40,2026-07-09 10:45,6984.0,6920.0,0.92,2533900,7006.0,6890.0,7930.0,4280.0
2026-07-09 11:05:51,2026-07-09 10:50,6981.0,6920.0,0.88,2596100,7010.0,6890.0,7930.0,4280.0
2026-07-09 11:10:45,2026-07-09 10:55,6962.0,6920.0,0.61,2654200,7010.0,6890.0,7930.0,4280.0
2026-07-09 11:15:36,2026-07-09 11:00,6956.0,6920.0,0.52,2718000,7010.0,6890.0,7930.0,4280.0
2026-07-09 11:20:47,2026-07-09 11:05,6958.0,6920.0,0.55,2772200,7010.0,6890.0,7930.0,4280.0
2026-07-09 11:25:38,2026-07-09 11:10,6980.0,6920.0,0.87,2817800,7010.0,6890.0,7930.0,4280.0
2026-07-09 11:30:34,2026-07-09 11:15,6984.0,6920.0,0.92,2855300,7010.0,6890.0,7930.0,4280.0
2026-07-09 12:30:39,2026-07-09 11:30,6989.0,6920.0,1.0,3048100,7010.0,6890.0,7930.0,4280.0
2026-07-09 12:35:50,2026-07-09 11:30,6989.0,6920.0,1.0,3048100,7010.0,6890.0,7930.0,4280.0
2026-07-09 12:40:40,2026-07-09 11:30,6989.0,6920.0,1.0,3048100,7010.0,6890.0,7930.0,4280.0
2026-07-09 12:45:31,2026-07-09 12:30,6969.0,6920.0,0.71,3097800,7010.0,6890.0,7930.0,4280.0
2026-07-09 12:50:28,2026-07-09 12:35,6984.0,6920.0,0.92,3156200,7010.0,6890.0,7930.0,4280.0
2026-07-09 12:55:35,2026-07-09 12:40,6978.0,6920.0,0.84,3194600,7010.0,6890.0,7930.0,4280.0
2026-07-09 13:00:40,2026-07-09 12:45,6986.0,6920.0,0.95,3231100,7010.0,6890.0,7930.0,4280.0
2026-07-09 13:05:30,2026-07-09 12:50,6990.0,6920.0,1.01,3258800,7010.0,6890.0,7930.0,4280.0
2026-07-09 13:10:32,2026-07-09 12:55,6989.0,6920.0,1.0,3290600,7010.0,6890.0,7930.0,4280.0
2026-07-09 13:15:31,2026-07-09 13:00,6992.0,6920.0,1.04,3318900,7010.0,6890.0,7930.0,4280.0
2026-07-09 13:20:35,2026-07-09 13:05,6990.0,6920.0,1.01,3348300,7010.0,6890.0,7930.0,4280.0
2026-07-09 13:25:36,2026-07-09 13:10,6990.0,6920.0,1.01,3374200,7010.0,6890.0,7930.0,4280.0
2026-07-09 13:30:38,2026-07-09 13:15,7000.0,6920.0,1.16,3410600,7010.0,6890.0,7930.0,4280.0
2026-07-09 13:35:32,2026-07-09 13:20,6978.0,6920.0,0.84,3451400,7010.0,6890.0,7930.0,4280.0
2026-07-09 13:40:46,2026-07-09 13:25,6962.0,6920.0,0.61,3494900,7010.0,6890.0,7930.0,4280.0
2026-07-09 13:45:33,2026-07-09 13:30,6959.0,6920.0,0.56,3525800,7010.0,6890.0,7930.0,4280.0
2026-07-09 13:50:30,2026-07-09 13:35,6976.0,6920.0,0.81,3559800,7010.0,6890.0,7930.0,4280.0
2026-07-09 13:55:30,2026-07-09 13:40,6989.0,6920.0,1.0,3595500,7010.0,6890.0,7930.0,4280.0
2026-07-09 14:00:30,2026-07-09 13:45,6983.0,6920.0,0.91,3628200,7010.0,6890.0,7930.0,4280.0
2026-07-09 14:10:32,2026-07-09 13:55,6973.0,6920.0,0.77,3707600,7010.0,6890.0,7930.0,4280.0
2026-07-09 14:15:38,2026-07-09 14:00,6951.0,6920.0,0.45,3761400,7010.0,6890.0,7930.0,4280.0
2026-07-09 14:20:37,2026-07-09 14:05,6949.0,6920.0,0.42,3792100,7010.0,6890.0,7930.0,4280.0
2026-07-09 14:25:32,2026-07-09 14:10,6953.0,6920.0,0.48,3839700,7010.0,6890.0,7930.0,4280.0
2026-07-09 14:30:40,2026-07-09 14:15,6951.0,6920.0,0.45,3917300,7010.0,6890.0,7930.0,4280.0
2026-07-09 14:35:45,2026-07-09 14:20,6928.0,6920.0,0.12,3962800,7010.0,6890.0,7930.0,4280.0
2026-07-09 14:45:33,2026-07-09 14:30,6930.0,6920.0,0.14,4031700,7010.0,6890.0,7930.0,4280.0
2026-07-09 14:50:34,2026-07-09 14:35,6939.0,6920.0,0.27,4094200,7010.0,6890.0,7930.0,4280.0
2026-07-09 14:55:43,2026-07-09 14:40,6941.0,6920.0,0.3,4126400,7010.0,6890.0,7930.0,4280.0
2026-07-09 15:05:46,2026-07-09 14:50,6950.0,6920.0,0.43,4193800,7010.0,6890.0,7930.0,4280.0
2026-07-09 15:10:42,2026-07-09 14:55,6965.0,6920.0,0.65,4240600,7010.0,6890.0,7930.0,4280.0
2026-07-09 15:15:35,2026-07-09 15:00,6977.0,6920.0,0.82,4300600,7010.0,6890.0,7930.0,4280.0
2026-07-09 15:20:42,2026-07-09 15:05,6961.0,6920.0,0.59,4347200,7010.0,6890.0,7930.0,4280.0
2026-07-09 15:25:48,2026-07-09 15:10,6956.0,6920.0,0.52,4391700,7010.0,6890.0,7930.0,4280.0
2026-07-09 15:30:51,2026-07-09 15:15,6952.0,6920.0,0.46,4444300,7010.0,6890.0,7930.0,4280.0
2026-07-09 15:33:05,2026-07-09 15:18,6948.0,6920.0,0.4,4462800,7010.0,6890.0,7930.0,4280.0
2026-07-10 09:00:35,2026-07-09 15:30,7010.0,6920.0,1.3,6080200,7010.0,6890.0,7930.0,4280.0
2026-07-10 09:05:50,2026-07-09 15:30,7010.0,6920.0,1.3,6080200,7010.0,6890.0,7930.0,4280.0
2026-07-10 09:10:39,2026-07-09 15:30,7010.0,6920.0,1.3,6080200,7010.0,6890.0,7930.0,4280.0
2026-07-10 09:15:40,2026-07-09 15:30,7010.0,6920.0,1.3,6080200,7010.0,6890.0,7930.0,4280.0
2026-07-10 09:20:32,2026-07-10 09:05,7279.0,7010.0,3.84,1456800,7307.0,7233.0,7930.0,4280.0
2026-07-10 09:25:34,2026-07-10 09:10,7230.0,7010.0,3.14,1617200,7307.0,7229.0,7930.0,4280.0
2026-07-10 09:30:41,2026-07-10 09:15,7253.0,7010.0,3.47,1753200,7307.0,7228.0,7930.0,4280.0
2026-07-10 09:35:43,2026-07-10 09:20,7275.0,7010.0,3.78,1861400,7307.0,7228.0,7930.0,4280.0
2026-07-10 09:40:33,2026-07-10 09:25,7240.0,7010.0,3.28,1999300,7307.0,7216.0,7930.0,4280.0
2026-07-10 09:46:06,2026-07-10 09:31,7259.0,7010.0,3.55,2099300,7307.0,7216.0,7930.0,4280.0
2026-07-10 09:50:29,2026-07-10 09:35,7296.0,7010.0,4.08,2221400,7307.0,7216.0,7930.0,4280.0
2026-07-10 09:55:35,2026-07-10 09:40,7298.0,7010.0,4.11,2451700,7318.0,7216.0,7930.0,4280.0
2026-07-10 10:00:31,2026-07-10 09:45,7296.0,7010.0,4.08,2602500,7323.0,7216.0,7930.0,4280.0
2026-07-10 10:05:33,2026-07-10 09:50,7302.0,7010.0,4.17,2657000,7323.0,7216.0,7930.0,4280.0
2026-07-10 10:10:39,2026-07-10 09:55,7342.0,7010.0,4.74,2781000,7347.0,7216.0,7930.0,4280.0
2026-07-10 10:15:34,2026-07-10 10:00,7333.0,7010.0,4.61,2864300,7347.0,7216.0,7930.0,4280.0
2026-07-10 10:20:34,2026-07-10 10:05,7308.0,7010.0,4.25,2961200,7347.0,7216.0,7930.0,4280.0
2026-07-10 10:25:41,2026-07-10 10:10,7317.0,7010.0,4.38,3030100,7347.0,7216.0,7930.0,4280.0
2026-07-10 10:30:31,2026-07-10 10:15,7312.0,7010.0,4.31,3073200,7347.0,7216.0,7930.0,4280.0
2026-07-10 10:35:30,2026-07-10 10:20,7311.0,7010.0,4.29,3121800,7347.0,7216.0,7930.0,4280.0
2026-07-10 10:40:29,2026-07-10 10:25,7301.0,7010.0,4.15,3220800,7347.0,7216.0,7930.0,4280.0
2026-07-10 10:45:33,2026-07-10 10:30,7322.0,7010.0,4.45,3271400,7347.0,7216.0,7930.0,4280.0
2026-07-10 10:50:42,2026-07-10 10:35,7362.0,7010.0,5.02,3474600,7363.0,7216.0,7930.0,4280.0
2026-07-10 10:55:46,2026-07-10 10:40,7374.0,7010.0,5.19,3580500,7378.0,7216.0,7930.0,4280.0
2026-07-10 11:00:32,2026-07-10 10:45,7385.0,7010.0,5.35,3655600,7390.0,7216.0,7930.0,4280.0
2026-07-10 11:05:37,2026-07-10 10:50,7384.0,7010.0,5.34,3784800,7403.0,7216.0,7930.0,4280.0
2026-07-10 11:10:40,2026-07-10 10:55,7393.0,7010.0,5.46,3854000,7403.0,7216.0,7930.0,4280.0
2026-07-10 11:15:36,2026-07-10 11:00,7379.0,7010.0,5.26,3906900,7403.0,7216.0,7930.0,4280.0
2026-07-10 11:20:37,2026-07-10 11:05,7379.0,7010.0,5.26,4005000,7403.0,7216.0,7930.0,4280.0
2026-07-10 11:25:42,2026-07-10 11:10,7372.0,7010.0,5.16,4061800,7403.0,7216.0,7930.0,4280.0
2026-07-10 11:30:43,2026-07-10 11:15,7374.0,7010.0,5.19,4145400,7403.0,7216.0,7930.0,4280.0
2026-07-10 12:30:32,2026-07-10 11:30,7349.0,7010.0,4.84,4334200,7403.0,7216.0,7930.0,4280.0
2026-07-10 12:35:32,2026-07-10 11:30,7349.0,7010.0,4.84,4334200,7403.0,7216.0,7930.0,4280.0
2026-07-10 12:40:40,2026-07-10 11:30,7349.0,7010.0,4.84,4334200,7403.0,7216.0,7930.0,4280.0
2026-07-10 12:45:37,2026-07-10 12:30,7367.0,7010.0,5.09,4433700,7403.0,7216.0,7930.0,4280.0
2026-07-10 12:50:50,2026-07-10 12:35,7373.0,7010.0,5.18,4504300,7403.0,7216.0,7930.0,4280.0
2026-07-10 12:55:30,2026-07-10 12:40,7370.0,7010.0,5.14,4551500,7403.0,7216.0,7930.0,4280.0
2026-07-10 13:00:55,2026-07-10 12:45,7343.0,7010.0,4.75,4609900,7403.0,7216.0,7930.0,4280.0
2026-07-10 13:05:35,2026-07-10 12:50,7354.0,7010.0,4.91,4641800,7403.0,7216.0,7930.0,4280.0
2026-07-10 13:10:35,2026-07-10 12:55,7350.0,7010.0,4.85,4682200,7403.0,7216.0,7930.0,4280.0
2026-07-10 13:15:35,2026-07-10 13:00,7349.0,7010.0,4.84,4715800,7403.0,7216.0,7930.0,4280.0
2026-07-10 13:20:36,2026-07-10 13:05,7329.0,7010.0,4.55,4752200,7403.0,7216.0,7930.0,4280.0
2026-07-10 13:25:33,2026-07-10 13:10,7330.0,7010.0,4.56,4777900,7403.0,7216.0,7930.0,4280.0
2026-07-10 13:30:33,2026-07-10 13:15,7313.0,7010.0,4.32,4800000,7403.0,7216.0,7930.0,4280.0
2026-07-10 13:35:43,2026-07-10 13:20,7318.0,7010.0,4.39,4829900,7403.0,7216.0,7930.0,4280.0
2026-07-10 13:40:39,2026-07-10 13:25,7311.0,7010.0,4.29,4859300,7403.0,7216.0,7930.0,4280.0
2026-07-10 13:45:32,2026-07-10 13:30,7313.0,7010.0,4.32,4880700,7403.0,7216.0,7930.0,4280.0
2026-07-10 13:50:35,2026-07-10 13:35,7302.0,7010.0,4.17,4917900,7403.0,7216.0,7930.0,4280.0
2026-07-10 13:55:35,2026-07-10 13:40,7308.0,7010.0,4.25,4939900,7403.0,7216.0,7930.0,4280.0
2026-07-10 14:00:46,2026-07-10 13:45,7310.0,7010.0,4.28,4997000,7403.0,7216.0,7930.0,4280.0
2026-07-10 14:05:39,2026-07-10 13:50,7283.0,7010.0,3.89,5035500,7403.0,7216.0,7930.0,4280.0
2026-07-10 14:10:40,2026-07-10 13:55,7275.0,7010.0,3.78,5167300,7403.0,7216.0,7930.0,4280.0
2026-07-10 14:15:29,2026-07-10 14:00,7272.0,7010.0,3.74,5235000,7403.0,7216.0,7930.0,4280.0
2026-07-10 14:20:36,2026-07-10 14:05,7275.0,7010.0,3.78,5268300,7403.0,7216.0,7930.0,4280.0
2026-07-10 14:25:33,2026-07-10 14:10,7284.0,7010.0,3.91,5360500,7403.0,7216.0,7930.0,4280.0
2026-07-10 14:30:37,2026-07-10 14:15,7298.0,7010.0,4.11,5402200,7403.0,7216.0,7930.0,4280.0
2026-07-10 14:35:33,2026-07-10 14:20,7298.0,7010.0,4.11,5449000,7403.0,7216.0,7930.0,4280.0
2026-07-10 14:40:36,2026-07-10 14:25,7291.0,7010.0,4.01,5486400,7403.0,7216.0,7930.0,4280.0
2026-07-10 14:45:49,2026-07-10 14:30,7296.0,7010.0,4.08,5530800,7403.0,7216.0,7930.0,4280.0
2026-07-10 14:50:37,2026-07-10 14:35,7305.0,7010.0,4.21,5580600,7403.0,7216.0,7930.0,4280.0
2026-07-10 14:55:35,2026-07-10 14:40,7292.0,7010.0,4.02,5621200,7403.0,7216.0,7930.0,4280.0
2026-07-10 15:00:37,2026-07-10 14:45,7291.0,7010.0,4.01,5666800,7403.0,7216.0,7930.0,4280.0
2026-07-10 15:05:37,2026-07-10 14:50,7286.0,7010.0,3.94,5715200,7403.0,7216.0,7930.0,4280.0
2026-07-10 15:10:41,2026-07-10 14:55,7280.0,7010.0,3.85,5763000,7403.0,7216.0,7930.0,4280.0
2026-07-10 15:15:32,2026-07-10 15:00,7274.0,7010.0,3.77,5847500,7403.0,7216.0,7930.0,4280.0
2026-07-10 15:20:42,2026-07-10 15:05,7290.0,7010.0,3.99,5930200,7403.0,7216.0,7930.0,4280.0
2026-07-10 15:25:35,2026-07-10 15:10,7286.0,7010.0,3.94,5996000,7403.0,7216.0,7930.0,4280.0
2026-07-10 15:30:56,2026-07-10 15:15,7292.0,7010.0,4.02,6088100,7403.0,7216.0,7930.0,4280.0
2026-07-10 15:40:39,2026-07-10 15:24,7266.0,7010.0,3.65,6260400,7403.0,7216.0,7930.0,4280.0
2026-07-13 09:00:31,2026-07-10 15:30,7320.0,7010.0,4.42,8345700,7403.0,7216.0,7930.0,4280.0
2026-07-13 09:05:34,2026-07-10 15:30,7320.0,7010.0,4.42,8345700,7403.0,7216.0,7930.0,4280.0
2026-07-13 09:10:39,2026-07-10 15:30,7320.0,7010.0,4.42,8345700,7403.0,7216.0,7930.0,4280.0
2026-07-13 09:15:33,2026-07-13 09:00,7344.0,7010.0,4.76,8789400,7422.0,7324.0,7930.0,4280.0
2026-07-13 09:20:36,2026-07-13 09:05,7440.0,7320.0,1.64,837900,7485.0,7324.0,7930.0,4280.0
2026-07-13 09:25:42,2026-07-13 09:10,7476.0,7320.0,2.13,1207500,7510.0,7324.0,7930.0,4280.0
2026-07-13 09:30:46,2026-07-13 09:15,7635.0,7320.0,4.3,1853200,7655.0,7324.0,7930.0,4280.0
2026-07-13 09:36:52,2026-07-13 09:21,7593.0,7320.0,3.73,2187200,7655.0,7324.0,7930.0,4280.0
2026-07-13 09:40:59,2026-07-13 09:25,7577.0,7320.0,3.51,2294600,7655.0,7324.0,7930.0,4280.0
2026-07-13 09:47:20,2026-07-13 09:32,7554.0,7320.0,3.2,2479400,7655.0,7324.0,7930.0,4280.0
2026-07-13 09:52:10,2026-07-13 09:37,7603.0,7320.0,3.87,2602700,7655.0,7324.0,7930.0,4280.0
2026-07-13 09:58:08,2026-07-13 09:43,7562.0,7320.0,3.31,2732300,7655.0,7324.0,7930.0,4280.0
2026-07-13 10:03:55,2026-07-13 09:48,7563.0,7320.0,3.32,2878300,7655.0,7324.0,7930.0,4280.0
2026-07-13 10:06:38,2026-07-13 09:51,7561.0,7320.0,3.29,2922200,7655.0,7324.0,7930.0,4280.0
2026-07-13 10:12:20,2026-07-13 09:57,7527.0,7320.0,2.83,3009700,7655.0,7324.0,7930.0,4280.0
2026-07-13 10:15:43,2026-07-13 10:00,7511.0,7320.0,2.61,3066800,7655.0,7324.0,7930.0,4280.0
2026-07-13 10:20:36,2026-07-13 10:05,7497.0,7320.0,2.42,3147800,7655.0,7324.0,7930.0,4280.0
2026-07-13 10:25:44,2026-07-13 10:10,7475.0,7320.0,2.12,3220700,7655.0,7324.0,7930.0,4280.0
2026-07-13 10:30:37,2026-07-13 10:15,7515.0,7320.0,2.66,3295300,7655.0,7324.0,7930.0,4280.0
2026-07-13 10:35:34,2026-07-13 10:20,7491.0,7320.0,2.34,3366000,7655.0,7324.0,7930.0,4280.0
2026-07-13 10:40:36,2026-07-13 10:25,7490.0,7320.0,2.32,3420700,7655.0,7324.0,7930.0,4280.0
2026-07-13 10:47:41,2026-07-13 10:32,7474.0,7320.0,2.1,3510700,7655.0,7324.0,7930.0,4280.0
2026-07-13 10:50:44,2026-07-13 10:35,7473.0,7320.0,2.09,3544500,7655.0,7324.0,7930.0,4280.0
2026-07-13 10:55:32,2026-07-13 10:40,7487.0,7320.0,2.28,3657100,7655.0,7324.0,7930.0,4280.0
2026-07-13 11:00:30,2026-07-13 10:45,7478.0,7320.0,2.16,3716500,7655.0,7324.0,7930.0,4280.0
2026-07-13 11:05:35,2026-07-13 10:50,7458.0,7320.0,1.89,3851100,7655.0,7324.0,7930.0,4280.0
2026-07-13 11:10:35,2026-07-13 10:55,7483.0,7320.0,2.23,3924700,7655.0,7324.0,7930.0,4280.0
2026-07-13 11:15:32,2026-07-13 11:00,7442.0,7320.0,1.67,4004900,7655.0,7324.0,7930.0,4280.0
2026-07-13 11:20:32,2026-07-13 11:05,7419.0,7320.0,1.35,4055700,7655.0,7324.0,7930.0,4280.0
2026-07-13 11:25:41,2026-07-13 11:10,7429.0,7320.0,1.49,4117500,7655.0,7324.0,7930.0,4280.0
2026-07-13 11:30:33,2026-07-13 11:15,7406.0,7320.0,1.17,4152300,7655.0,7324.0,7930.0,4280.0
2026-07-13 12:30:37,2026-07-13 11:30,7436.0,7320.0,1.58,4277900,7655.0,7324.0,7930.0,4280.0
2026-07-13 12:35:31,2026-07-13 11:30,7436.0,7320.0,1.58,4277900,7655.0,7324.0,7930.0,4280.0
2026-07-13 12:40:30,2026-07-13 11:30,7436.0,7320.0,1.58,4277900,7655.0,7324.0,7930.0,4280.0
2026-07-13 12:45:31,2026-07-13 12:30,7424.0,7320.0,1.42,4408600,7655.0,7324.0,7930.0,4280.0
2026-07-13 12:50:34,2026-07-13 12:35,7385.0,7320.0,0.89,4473800,7655.0,7324.0,7930.0,4280.0
2026-07-13 12:56:14,2026-07-13 12:41,7401.0,7320.0,1.11,4546300,7655.0,7324.0,7930.0,4280.0
2026-07-13 13:00:31,2026-07-13 12:45,7364.0,7320.0,0.6,4598200,7655.0,7324.0,7930.0,4280.0
2026-07-13 13:05:37,2026-07-13 12:50,7387.0,7320.0,0.92,4667700,7655.0,7324.0,7930.0,4280.0
2026-07-13 13:10:32,2026-07-13 12:55,7378.0,7320.0,0.79,4716900,7655.0,7324.0,7930.0,4280.0
2026-07-13 13:15:33,2026-07-13 13:00,7373.0,7320.0,0.72,4770700,7655.0,7324.0,7930.0,4280.0
2026-07-13 13:22:36,2026-07-13 13:07,7349.0,7320.0,0.4,4850200,7655.0,7324.0,7930.0,4280.0
2026-07-13 13:25:32,2026-07-13 13:10,7340.0,7320.0,0.27,4899700,7655.0,7324.0,7930.0,4280.0
2026-07-13 13:32:40,2026-07-13 13:17,7340.0,7320.0,0.27,4987400,7655.0,7324.0,7930.0,4280.0
2026-07-13 13:35:42,2026-07-13 13:20,7345.0,7320.0,0.34,5047600,7655.0,7324.0,7930.0,4280.0
2026-07-13 13:40:32,2026-07-13 13:25,7366.0,7320.0,0.63,5140700,7655.0,7324.0,7930.0,4280.0
2026-07-13 13:45:41,2026-07-13 13:30,7370.0,7320.0,0.68,5179600,7655.0,7324.0,7930.0,4280.0
2026-07-13 13:50:33,2026-07-13 13:35,7369.0,7320.0,0.67,5217000,7655.0,7324.0,7930.0,4280.0
2026-07-13 13:55:43,2026-07-13 13:40,7360.0,7320.0,0.55,5256100,7655.0,7324.0,7930.0,4280.0
2026-07-13 14:00:29,2026-07-13 13:45,7357.0,7320.0,0.51,5285800,7655.0,7324.0,7930.0,4280.0
2026-07-13 14:05:29,2026-07-13 13:50,7341.0,7320.0,0.29,5330900,7655.0,7324.0,7930.0,4280.0
2026-07-13 14:10:29,2026-07-13 13:55,7333.0,7320.0,0.18,5387600,7655.0,7324.0,7930.0,4280.0
2026-07-13 14:15:44,2026-07-13 14:00,7327.0,7320.0,0.1,5446700,7655.0,7324.0,7930.0,4280.0
2026-07-13 14:20:32,2026-07-13 14:05,7331.0,7320.0,0.15,5542300,7655.0,7324.0,7930.0,4280.0
2026-07-13 14:25:41,2026-07-13 14:10,7375.0,7320.0,0.75,5651500,7655.0,7324.0,7930.0,4280.0
2026-07-13 14:30:35,2026-07-13 14:15,7353.0,7320.0,0.45,5697600,7655.0,7324.0,7930.0,4280.0
2026-07-13 14:35:36,2026-07-13 14:20,7340.0,7320.0,0.27,5747700,7655.0,7324.0,7930.0,4280.0
2026-07-13 14:40:33,2026-07-13 14:25,7321.0,7320.0,0.01,5806900,7655.0,7314.0,7930.0,4280.0
2026-07-13 14:45:34,2026-07-13 14:30,7311.0,7320.0,-0.12,5852700,7655.0,7311.0,7930.0,4280.0
2026-07-13 14:50:33,2026-07-13 14:35,7358.0,7320.0,0.52,5912100,7655.0,7309.0,7930.0,4280.0
2026-07-13 14:55:29,2026-07-13 14:40,7370.0,7320.0,0.68,5970200,7655.0,7309.0,7930.0,4280.0
2026-07-13 15:00:31,2026-07-13 14:45,7351.0,7320.0,0.42,6027000,7655.0,7309.0,7930.0,4280.0
2026-07-13 15:05:44,2026-07-13 14:50,7360.0,7320.0,0.55,6073300,7655.0,7309.0,7930.0,4280.0
2026-07-13 15:10:30,2026-07-13 14:55,7358.0,7320.0,0.52,6127600,7655.0,7309.0,7930.0,4280.0
2026-07-13 15:15:39,2026-07-13 15:00,7367.0,7320.0,0.64,6200400,7655.0,7309.0,7930.0,4280.0
2026-07-13 15:20:39,2026-07-13 15:05,7338.0,7320.0,0.25,6255000,7655.0,7309.0,7930.0,4280.0
2026-07-13 15:25:37,2026-07-13 15:10,7335.0,7320.0,0.2,6336300,7655.0,7309.0,7930.0,4280.0
2026-07-13 15:30:31,2026-07-13 15:15,7341.0,7320.0,0.29,6398500,7655.0,7309.0,7930.0,4280.0
2026-07-13 15:40:31,2026-07-13 15:24,7351.0,7320.0,0.42,6557300,7655.0,7309.0,7930.0,4280.0
2026-07-14 09:00:31,2026-07-13 15:30,7340.0,7320.0,0.27,8068800,7655.0,7309.0,7930.0,4280.0
2026-07-14 09:05:34,2026-07-13 15:30,7340.0,7320.0,0.27,8068800,7655.0,7309.0,7930.0,4280.0
2026-07-14 09:10:57,2026-07-13 15:30,7340.0,7320.0,0.27,8068800,7655.0,7309.0,7930.0,4280.0
2026-07-14 09:15:31,2026-07-14 09:00,7340.0,7320.0,0.27,8319400,7331.0,7275.0,7930.0,4280.0
2026-07-14 09:20:33,2026-07-14 09:05,7293.0,7340.0,-0.64,433500,7331.0,7260.0,7930.0,4280.0
2026-07-14 09:25:38,2026-07-14 09:10,7308.0,7340.0,-0.44,567500,7331.0,7260.0,7930.0,4280.0
2026-07-14 09:30:30,2026-07-14 09:15,7345.0,7340.0,0.07,673700,7357.0,7260.0,7930.0,4280.0
2026-07-14 09:35:34,2026-07-14 09:20,7265.0,7340.0,-1.02,946300,7358.0,7260.0,7930.0,4280.0
2026-07-14 09:40:37,2026-07-14 09:25,7319.0,7340.0,-0.29,1020700,7358.0,7256.0,7930.0,4280.0
2026-07-14 09:45:38,2026-07-14 09:30,7345.0,7340.0,0.07,1090000,7358.0,7256.0,7930.0,4280.0
2026-07-14 09:50:31,2026-07-14 09:35,7336.0,7340.0,-0.05,1169800,7360.0,7256.0,7930.0,4280.0
2026-07-14 09:55:35,2026-07-14 09:40,7368.0,7340.0,0.38,1252800,7380.0,7256.0,7930.0,4280.0
2026-07-14 10:00:31,2026-07-14 09:45,7352.0,7340.0,0.16,1314500,7380.0,7256.0,7930.0,4280.0
2026-07-14 10:05:31,2026-07-14 09:50,7380.0,7340.0,0.54,1383800,7380.0,7256.0,7930.0,4280.0
2026-07-14 10:10:30,2026-07-14 09:55,7403.0,7340.0,0.86,1491400,7409.0,7256.0,7930.0,4280.0
2026-07-14 10:15:40,2026-07-14 10:00,7385.0,7340.0,0.61,1615700,7418.0,7256.0,7930.0,4280.0
2026-07-14 10:20:31,2026-07-14 10:05,7405.0,7340.0,0.89,1695500,7418.0,7256.0,7930.0,4280.0
2026-07-14 10:25:31,2026-07-14 10:10,7392.0,7340.0,0.71,1734500,7418.0,7256.0,7930.0,4280.0
2026-07-14 10:30:37,2026-07-14 10:15,7372.0,7340.0,0.44,1787000,7418.0,7256.0,7930.0,4280.0
2026-07-14 10:35:42,2026-07-14 10:20,7402.0,7340.0,0.84,1820300,7418.0,7256.0,7930.0,4280.0
2026-07-14 10:40:41,2026-07-14 10:25,7414.0,7340.0,1.01,1911000,7424.0,7256.0,7930.0,4280.0
2026-07-14 10:45:34,2026-07-14 10:30,7439.0,7340.0,1.35,1995400,7445.0,7256.0,7930.0,4280.0
2026-07-14 10:50:35,2026-07-14 10:35,7415.0,7340.0,1.02,2066800,7461.0,7256.0,7930.0,4280.0
2026-07-14 10:55:35,2026-07-14 10:40,7415.0,7340.0,1.02,2115200,7461.0,7256.0,7930.0,4280.0
2026-07-14 11:00:31,2026-07-14 10:45,7427.0,7340.0,1.19,2160800,7461.0,7256.0,7930.0,4280.0
2026-07-14 11:05:38,2026-07-14 10:50,7427.0,7340.0,1.19,2199400,7461.0,7256.0,7930.0,4280.0
2026-07-14 11:10:45,2026-07-14 10:55,7398.0,7340.0,0.79,2239600,7461.0,7256.0,7930.0,4280.0
2026-07-14 11:15:38,2026-07-14 11:00,7399.0,7340.0,0.8,2269800,7461.0,7256.0,7930.0,4280.0
2026-07-14 11:20:57,2026-07-14 11:05,7396.0,7340.0,0.76,2307600,7461.0,7256.0,7930.0,4280.0
2026-07-14 11:25:30,2026-07-14 11:10,7370.0,7340.0,0.41,2365100,7461.0,7256.0,7930.0,4280.0
2026-07-14 11:30:56,2026-07-14 11:15,7365.0,7340.0,0.34,2408000,7461.0,7256.0,7930.0,4280.0
2026-07-14 12:30:43,2026-07-14 11:30,7347.0,7340.0,0.1,2555300,7461.0,7256.0,7930.0,4280.0
2026-07-14 12:35:35,2026-07-14 11:30,7347.0,7340.0,0.1,2555300,7461.0,7256.0,7930.0,4280.0
2026-07-14 12:40:31,2026-07-14 11:30,7347.0,7340.0,0.1,2555300,7461.0,7256.0,7930.0,4280.0
2026-07-14 12:45:36,2026-07-14 12:30,7331.0,7340.0,-0.12,2635900,7461.0,7256.0,7930.0,4280.0
2026-07-14 12:50:31,2026-07-14 12:35,7326.0,7340.0,-0.19,2714600,7461.0,7256.0,7930.0,4280.0
2026-07-14 12:55:41,2026-07-14 12:40,7328.0,7340.0,-0.16,2778900,7461.0,7256.0,7930.0,4280.0
2026-07-14 13:00:53,2026-07-14 12:45,7353.0,7340.0,0.18,2906900,7461.0,7256.0,7930.0,4280.0
2026-07-14 13:05:39,2026-07-14 12:50,7376.0,7340.0,0.49,3045500,7461.0,7256.0,7930.0,4280.0
2026-07-14 13:10:39,2026-07-14 12:55,7395.0,7340.0,0.75,3110000,7461.0,7256.0,7930.0,4280.0
2026-07-14 13:15:36,2026-07-14 13:00,7389.0,7340.0,0.67,3153100,7461.0,7256.0,7930.0,4280.0
2026-07-14 13:20:38,2026-07-14 13:05,7396.0,7340.0,0.76,3202800,7461.0,7256.0,7930.0,4280.0
2026-07-14 13:25:30,2026-07-14 13:10,7378.0,7340.0,0.52,3242700,7461.0,7256.0,7930.0,4280.0
2026-07-14 13:30:36,2026-07-14 13:15,7361.0,7340.0,0.29,3289300,7461.0,7256.0,7930.0,4280.0
2026-07-14 13:35:30,2026-07-14 13:20,7382.0,7340.0,0.57,3321200,7461.0,7256.0,7930.0,4280.0
2026-07-14 13:40:50,2026-07-14 13:25,7385.0,7340.0,0.61,3359500,7461.0,7256.0,7930.0,4280.0
2026-07-14 13:45:30,2026-07-14 13:30,7394.0,7340.0,0.74,3391200,7461.0,7256.0,7930.0,4280.0
2026-07-14 13:50:35,2026-07-14 13:35,7410.0,7340.0,0.95,3433600,7461.0,7256.0,7930.0,4280.0
2026-07-14 13:55:32,2026-07-14 13:40,7419.0,7340.0,1.08,3477800,7461.0,7256.0,7930.0,4280.0
2026-07-14 14:00:36,2026-07-14 13:45,7417.0,7340.0,1.05,3510800,7461.0,7256.0,7930.0,4280.0
2026-07-14 14:05:31,2026-07-14 13:50,7423.0,7340.0,1.13,3552800,7461.0,7256.0,7930.0,4280.0
2026-07-14 14:10:33,2026-07-14 13:55,7435.0,7340.0,1.29,3607400,7461.0,7256.0,7930.0,4280.0
2026-07-14 14:15:31,2026-07-14 14:00,7438.0,7340.0,1.34,3664000,7461.0,7256.0,7930.0,4280.0
2026-07-14 14:20:34,2026-07-14 14:05,7439.0,7340.0,1.35,3703400,7461.0,7256.0,7930.0,4280.0
2026-07-14 14:25:37,2026-07-14 14:10,7456.0,7340.0,1.58,3776000,7461.0,7256.0,7930.0,4280.0
2026-07-14 14:30:29,2026-07-14 14:15,7473.0,7340.0,1.81,3848700,7473.0,7256.0,7930.0,4280.0
2026-07-14 14:35:39,2026-07-14 14:20,7469.0,7340.0,1.76,3928000,7473.0,7256.0,7930.0,4280.0
2026-07-14 14:40:35,2026-07-14 14:25,7467.0,7340.0,1.73,3971900,7473.0,7256.0,7930.0,4280.0
2026-07-14 14:45:33,2026-07-14 14:30,7487.0,7340.0,2.0,4034900,7488.0,7256.0,7930.0,4280.0
2026-07-14 14:50:31,2026-07-14 14:35,7493.0,7340.0,2.08,4099600,7496.0,7256.0,7930.0,4280.0
2026-07-14 14:55:38,2026-07-14 14:40,7467.0,7340.0,1.73,4207700,7502.0,7256.0,7930.0,4280.0
2026-07-14 15:00:38,2026-07-14 14:45,7463.0,7340.0,1.68,4263300,7502.0,7256.0,7930.0,4280.0
2026-07-14 15:05:47,2026-07-14 14:50,7460.0,7340.0,1.63,4338700,7502.0,7256.0,7930.0,4280.0
2026-07-14 15:10:31,2026-07-14 14:55,7467.0,7340.0,1.73,4380200,7502.0,7256.0,7930.0,4280.0
2026-07-14 15:15:42,2026-07-14 15:00,7469.0,7340.0,1.76,4426800,7502.0,7256.0,7930.0,4280.0
2026-07-14 15:20:39,2026-07-14 15:05,7466.0,7340.0,1.72,4478900,7502.0,7256.0,7930.0,4280.0
2026-07-14 15:25:29,2026-07-14 15:10,7461.0,7340.0,1.65,4520200,7502.0,7256.0,7930.0,4280.0
2026-07-14 15:30:37,2026-07-14 15:15,7463.0,7340.0,1.68,4589100,7502.0,7256.0,7930.0,4280.0
2026-07-14 15:40:53,2026-07-14 15:24,7472.0,7340.0,1.8,4735400,7502.0,7256.0,7930.0,4280.0
2026-07-15 09:05:29,2026-07-14 15:30,7471.0,7340.0,1.78,5958400,7502.0,7256.0,7930.0,4280.0
2026-07-15 09:10:30,2026-07-14 15:30,7471.0,7340.0,1.78,5958400,7502.0,7256.0,7930.0,4280.0
2026-07-15 09:15:43,2026-07-15 09:00,7471.0,7340.0,1.78,6308900,7616.0,7575.0,7930.0,4280.0
2026-07-15 09:20:29,2026-07-15 09:05,7605.0,7471.0,1.79,683200,7650.0,7575.0,7930.0,4280.0
2026-07-15 09:25:35,2026-07-15 09:10,7556.0,7471.0,1.14,806300,7650.0,7556.0,7930.0,4280.0
2026-07-15 09:30:37,2026-07-15 09:15,7607.0,7471.0,1.82,891100,7650.0,7551.0,7930.0,4280.0
2026-07-15 09:35:29,2026-07-15 09:20,7620.0,7471.0,1.99,966500,7650.0,7551.0,7930.0,4280.0
2026-07-15 09:40:35,2026-07-15 09:25,7591.0,7471.0,1.61,1014800,7650.0,7551.0,7930.0,4280.0
2026-07-15 09:50:36,2026-07-15 09:35,7589.0,7471.0,1.58,1122600,7650.0,7551.0,7930.0,4280.0
2026-07-15 09:55:30,2026-07-15 09:40,7591.0,7471.0,1.61,1168600,7650.0,7551.0,7930.0,4280.0
2026-07-15 10:00:40,2026-07-15 09:45,7573.0,7471.0,1.37,1213000,7650.0,7551.0,7930.0,4280.0
2026-07-15 10:05:42,2026-07-15 09:50,7560.0,7471.0,1.19,1246600,7650.0,7551.0,7930.0,4280.0
2026-07-15 10:10:34,2026-07-15 09:55,7560.0,7471.0,1.19,1291200,7650.0,7544.0,7930.0,4280.0
2026-07-15 10:15:30,2026-07-15 10:00,7535.0,7471.0,0.86,1331200,7650.0,7535.0,7930.0,4280.0
2026-07-15 10:20:29,2026-07-15 10:05,7540.0,7471.0,0.92,1377800,7650.0,7526.0,7930.0,4280.0
2026-07-15 10:25:30,2026-07-15 10:10,7523.0,7471.0,0.7,1414500,7650.0,7515.0,7930.0,4280.0
2026-07-15 10:30:38,2026-07-15 10:15,7524.0,7471.0,0.71,1491300,7650.0,7503.0,7930.0,4280.0
2026-07-15 10:35:29,2026-07-15 10:20,7503.0,7471.0,0.43,1553900,7650.0,7501.0,7930.0,4280.0
2026-07-15 10:40:31,2026-07-15 10:25,7508.0,7471.0,0.5,1668500,7650.0,7482.0,7930.0,4280.0
2026-07-15 10:45:37,2026-07-15 10:30,7516.0,7471.0,0.6,1708900,7650.0,7482.0,7930.0,4280.0
2026-07-15 10:50:46,2026-07-15 10:35,7523.0,7471.0,0.7,1746700,7650.0,7482.0,7930.0,4280.0
2026-07-15 10:55:28,2026-07-15 10:40,7512.0,7471.0,0.55,1784400,7650.0,7482.0,7930.0,4280.0
2026-07-15 11:00:33,2026-07-15 10:45,7488.0,7471.0,0.23,1822000,7650.0,7482.0,7930.0,4280.0
2026-07-15 11:05:43,2026-07-15 10:50,7516.0,7471.0,0.6,1846000,7650.0,7482.0,7930.0,4280.0
2026-07-15 11:10:39,2026-07-15 10:55,7520.0,7471.0,0.66,1865800,7650.0,7482.0,7930.0,4280.0
2026-07-15 11:15:32,2026-07-15 11:00,7528.0,7471.0,0.76,1898600,7650.0,7482.0,7930.0,4280.0
2026-07-15 11:20:37,2026-07-15 11:05,7533.0,7471.0,0.83,1923100,7650.0,7482.0,7930.0,4280.0
2026-07-15 11:25:36,2026-07-15 11:10,7543.0,7471.0,0.96,1972900,7650.0,7482.0,7930.0,4280.0
2026-07-15 11:30:30,2026-07-15 11:15,7551.0,7471.0,1.07,2004800,7650.0,7482.0,7930.0,4280.0
2026-07-15 12:30:32,2026-07-15 11:30,7568.0,7471.0,1.3,2106400,7650.0,7482.0,7930.0,4280.0
2026-07-15 12:35:39,2026-07-15 11:30,7568.0,7471.0,1.3,2106400,7650.0,7482.0,7930.0,4280.0
2026-07-15 12:40:34,2026-07-15 11:30,7568.0,7471.0,1.3,2106400,7650.0,7482.0,7930.0,4280.0
2026-07-15 12:45:35,2026-07-15 12:30,7610.0,7471.0,1.86,2218200,7650.0,7482.0,7930.0,4280.0
2026-07-15 12:50:35,2026-07-15 12:35,7599.0,7471.0,1.71,2289900,7650.0,7482.0,7930.0,4280.0
2026-07-15 12:55:31,2026-07-15 12:40,7620.0,7471.0,1.99,2365300,7650.0,7482.0,7930.0,4280.0
2026-07-15 13:00:37,2026-07-15 12:45,7610.0,7471.0,1.86,2423500,7650.0,7482.0,7930.0,4280.0
2026-07-15 13:05:31,2026-07-15 12:50,7612.0,7471.0,1.89,2457800,7650.0,7482.0,7930.0,4280.0
2026-07-15 13:10:33,2026-07-15 12:55,7614.0,7471.0,1.91,2486800,7650.0,7482.0,7930.0,4280.0
2026-07-15 13:15:35,2026-07-15 13:00,7624.0,7471.0,2.05,2518700,7650.0,7482.0,7930.0,4280.0
2026-07-15 13:20:39,2026-07-15 13:05,7631.0,7471.0,2.14,2569600,7650.0,7482.0,7930.0,4280.0
2026-07-15 13:25:38,2026-07-15 13:10,7639.0,7471.0,2.25,2649600,7650.0,7482.0,7930.0,4280.0
2026-07-15 13:30:28,2026-07-15 13:15,7656.0,7471.0,2.48,2870200,7674.0,7482.0,7930.0,4280.0
2026-07-15 13:35:34,2026-07-15 13:20,7660.0,7471.0,2.53,2926100,7674.0,7482.0,7930.0,4280.0
2026-07-15 13:40:41,2026-07-15 13:25,7648.0,7471.0,2.37,2967800,7674.0,7482.0,7930.0,4280.0
2026-07-15 13:45:32,2026-07-15 13:30,7652.0,7471.0,2.42,3022700,7674.0,7482.0,7930.0,4280.0
2026-07-15 13:50:32,2026-07-15 13:35,7658.0,7471.0,2.5,3063200,7674.0,7482.0,7930.0,4280.0
2026-07-15 13:55:36,2026-07-15 13:40,7663.0,7471.0,2.57,3099400,7674.0,7482.0,7930.0,4280.0
2026-07-15 14:00:35,2026-07-15 13:45,7656.0,7471.0,2.48,3136600,7674.0,7482.0,7930.0,4280.0
2026-07-15 14:05:40,2026-07-15 13:50,7658.0,7471.0,2.5,3168800,7674.0,7482.0,7930.0,4280.0
2026-07-15 14:10:35,2026-07-15 13:55,7648.0,7471.0,2.37,3194900,7674.0,7482.0,7930.0,4280.0
2026-07-15 14:15:29,2026-07-15 14:00,7649.0,7471.0,2.38,3243400,7674.0,7482.0,7930.0,4280.0
2026-07-15 14:20:38,2026-07-15 14:05,7640.0,7471.0,2.26,3332500,7674.0,7482.0,7930.0,4280.0
2026-07-15 14:25:33,2026-07-15 14:10,7645.0,7471.0,2.33,3372000,7674.0,7482.0,7930.0,4280.0
2026-07-15 14:30:30,2026-07-15 14:15,7627.0,7471.0,2.09,3429000,7674.0,7482.0,7930.0,4280.0
2026-07-15 14:35:31,2026-07-15 14:20,7635.0,7471.0,2.2,3469200,7674.0,7482.0,7930.0,4280.0
2026-07-15 14:40:40,2026-07-15 14:25,7643.0,7471.0,2.3,3531300,7674.0,7482.0,7930.0,4280.0
2026-07-15 14:45:52,2026-07-15 14:30,7635.0,7471.0,2.2,3580400,7674.0,7482.0,7930.0,4280.0
2026-07-15 14:50:31,2026-07-15 14:35,7644.0,7471.0,2.32,3635600,7674.0,7482.0,7930.0,4280.0
2026-07-15 14:55:30,2026-07-15 14:40,7648.0,7471.0,2.37,3673200,7674.0,7482.0,7930.0,4280.0
2026-07-15 15:00:41,2026-07-15 14:45,7655.0,7471.0,2.46,3773500,7674.0,7482.0,7930.0,4280.0
2026-07-15 15:05:33,2026-07-15 14:50,7660.0,7471.0,2.53,3847400,7674.0,7482.0,7930.0,4280.0
2026-07-15 15:10:30,2026-07-15 14:55,7677.0,7471.0,2.76,3932100,7677.0,7482.0,7930.0,4280.0
2026-07-15 15:15:31,2026-07-15 15:00,7680.0,7471.0,2.8,3998900,7682.0,7482.0,7930.0,4280.0
2026-07-15 15:20:39,2026-07-15 15:05,7666.0,7471.0,2.61,4089700,7682.0,7482.0,7930.0,4280.0
2026-07-15 15:25:31,2026-07-15 15:10,7679.0,7471.0,2.78,4209600,7686.0,7482.0,7930.0,4280.0
2026-07-15 15:30:37,2026-07-15 15:15,7662.0,7471.0,2.56,4300500,7686.0,7482.0,7930.0,4280.0
2026-07-15 15:41:16,2026-07-15 15:24,7643.0,7471.0,2.3,4511400,7686.0,7482.0,7930.0,4280.0
2026-07-16 09:05:31,2026-07-15 15:30,7690.0,7471.0,2.93,6309000,7690.0,7482.0,7930.0,4280.0
2026-07-16 09:10:34,2026-07-15 15:30,7690.0,7471.0,2.93,6309000,7690.0,7482.0,7930.0,4280.0
2026-07-16 09:15:38,2026-07-15 15:30,7690.0,7471.0,2.93,6309000,7690.0,7482.0,7930.0,4280.0
2026-07-16 09:20:35,2026-07-16 09:05,7455.0,7690.0,-3.06,433400,7502.0,7443.0,7930.0,4280.0
2026-07-16 09:25:31,2026-07-16 09:10,7470.0,7690.0,-2.86,611500,7502.0,7438.0,7930.0,4280.0
2026-07-16 09:30:32,2026-07-16 09:15,7452.0,7690.0,-3.09,692800,7502.0,7438.0,7930.0,4280.0
2026-07-16 09:35:28,2026-07-16 09:20,7369.0,7690.0,-4.17,840200,7502.0,7363.0,7930.0,4280.0
2026-07-16 09:40:31,2026-07-16 09:25,7359.0,7690.0,-4.3,923700,7502.0,7355.0,7930.0,4280.0
2026-07-16 09:45:35,2026-07-16 09:30,7366.0,7690.0,-4.21,975700,7502.0,7352.0,7930.0,4280.0
2026-07-16 09:50:41,2026-07-16 09:35,7370.0,7690.0,-4.16,1017900,7502.0,7352.0,7930.0,4280.0
2026-07-16 09:55:32,2026-07-16 09:40,7351.0,7690.0,-4.41,1081900,7502.0,7342.0,7930.0,4280.0
2026-07-16 10:00:30,2026-07-16 09:45,7314.0,7690.0,-4.89,1179600,7502.0,7309.0,7930.0,4280.0
2026-07-16 10:05:41,2026-07-16 09:50,7337.0,7690.0,-4.59,1225300,7502.0,7309.0,7930.0,4280.0
2026-07-16 10:10:40,2026-07-16 09:55,7352.0,7690.0,-4.4,1282100,7502.0,7309.0,7930.0,4280.0
2026-07-16 10:15:36,2026-07-16 10:00,7328.0,7690.0,-4.71,1337300,7502.0,7309.0,7930.0,4280.0
2026-07-16 10:20:30,2026-07-16 10:05,7317.0,7690.0,-4.85,1422500,7502.0,7296.0,7930.0,4280.0
2026-07-16 10:25:42,2026-07-16 10:10,7324.0,7690.0,-4.76,1471600,7502.0,7296.0,7930.0,4280.0
2026-07-16 10:30:35,2026-07-16 10:15,7306.0,7690.0,-4.99,1519600,7502.0,7296.0,7930.0,4280.0
2026-07-16 10:35:32,2026-07-16 10:20,7297.0,7690.0,-5.11,1566300,7502.0,7290.0,7930.0,4280.0
2026-07-16 10:40:32,2026-07-16 10:25,7299.0,7690.0,-5.08,1600000,7502.0,7290.0,7930.0,4280.0
2026-07-16 10:45:30,2026-07-16 10:30,7308.0,7690.0,-4.97,1648300,7502.0,7290.0,7930.0,4280.0
2026-07-16 10:50:33,2026-07-16 10:35,7312.0,7690.0,-4.92,1694300,7502.0,7290.0,7930.0,4280.0
2026-07-16 10:55:37,2026-07-16 10:40,7312.0,7690.0,-4.92,1735900,7502.0,7290.0,7930.0,4280.0
2026-07-16 11:00:34,2026-07-16 10:45,7306.0,7690.0,-4.99,1802000,7502.0,7287.0,7930.0,4280.0
2026-07-16 11:05:35,2026-07-16 10:50,7351.0,7690.0,-4.41,1841700,7502.0,7287.0,7930.0,4280.0
2026-07-16 11:10:32,2026-07-16 10:55,7354.0,7690.0,-4.37,1867100,7502.0,7287.0,7930.0,4280.0
2026-07-16 11:15:34,2026-07-16 11:00,7334.0,7690.0,-4.63,1901600,7502.0,7287.0,7930.0,4280.0
2026-07-16 11:20:55,2026-07-16 11:05,7315.0,7690.0,-4.88,1936400,7502.0,7287.0,7930.0,4280.0
2026-07-16 11:25:34,2026-07-16 11:10,7328.0,7690.0,-4.71,1960500,7502.0,7287.0,7930.0,4280.0
2026-07-16 11:30:35,2026-07-16 11:15,7327.0,7690.0,-4.72,1980400,7502.0,7287.0,7930.0,4280.0
2026-07-16 12:30:37,2026-07-16 11:30,7345.0,7690.0,-4.49,2059700,7502.0,7287.0,7930.0,4280.0
2026-07-16 12:35:32,2026-07-16 11:30,7345.0,7690.0,-4.49,2059700,7502.0,7287.0,7930.0,4280.0
2026-07-16 12:40:29,2026-07-16 11:30,7345.0,7690.0,-4.49,2059700,7502.0,7287.0,7930.0,4280.0
2026-07-16 12:45:43,2026-07-16 12:30,7329.0,7690.0,-4.69,2128400,7502.0,7287.0,7930.0,4280.0
2026-07-16 12:50:34,2026-07-16 12:35,7349.0,7690.0,-4.43,2191200,7502.0,7287.0,7930.0,4280.0
2026-07-16 12:55:41,2026-07-16 12:40,7341.0,7690.0,-4.54,2237200,7502.0,7287.0,7930.0,4280.0
2026-07-16 13:00:38,2026-07-16 12:45,7340.0,7690.0,-4.55,2266200,7502.0,7287.0,7930.0,4280.0
2026-07-16 13:05:37,2026-07-16 12:50,7348.0,7690.0,-4.45,2290600,7502.0,7287.0,7930.0,4280.0
2026-07-16 13:10:41,2026-07-16 12:55,7357.0,7690.0,-4.33,2330800,7502.0,7287.0,7930.0,4280.0
2026-07-16 13:15:32,2026-07-16 13:00,7367.0,7690.0,-4.2,2390100,7502.0,7287.0,7930.0,4280.0
2026-07-16 13:20:40,2026-07-16 13:05,7355.0,7690.0,-4.36,2424300,7502.0,7287.0,7930.0,4280.0
2026-07-16 13:25:38,2026-07-16 13:10,7354.0,7690.0,-4.37,2447900,7502.0,7287.0,7930.0,4280.0
2026-07-16 13:30:44,2026-07-16 13:15,7371.0,7690.0,-4.15,2499400,7502.0,7287.0,7930.0,4280.0
2026-07-16 13:35:31,2026-07-16 13:20,7368.0,7690.0,-4.19,2523100,7502.0,7287.0,7930.0,4280.0
2026-07-16 13:40:33,2026-07-16 13:25,7354.0,7690.0,-4.37,2550300,7502.0,7287.0,7930.0,4280.0
2026-07-16 13:45:29,2026-07-16 13:30,7343.0,7690.0,-4.51,2574500,7502.0,7287.0,7930.0,4280.0
2026-07-16 13:50:32,2026-07-16 13:35,7339.0,7690.0,-4.56,2594000,7502.0,7287.0,7930.0,4280.0
2026-07-16 13:55:41,2026-07-16 13:40,7304.0,7690.0,-5.02,2667400,7502.0,7287.0,7930.0,4280.0
2026-07-16 14:00:47,2026-07-16 13:45,7302.0,7690.0,-5.05,2757400,7502.0,7287.0,7930.0,4280.0
2026-07-16 14:05:33,2026-07-16 13:50,7303.0,7690.0,-5.03,2808700,7502.0,7287.0,7930.0,4280.0
2026-07-16 14:10:35,2026-07-16 13:55,7312.0,7690.0,-4.92,2858200,7502.0,7287.0,7930.0,4280.0
2026-07-16 14:15:36,2026-07-16 14:00,7313.0,7690.0,-4.9,2883200,7502.0,7287.0,7930.0,4280.0
2026-07-16 14:20:32,2026-07-16 14:05,7304.0,7690.0,-5.02,2905500,7502.0,7287.0,7930.0,4280.0
2026-07-16 14:25:46,2026-07-16 14:10,7302.0,7690.0,-5.05,2931500,7502.0,7287.0,7930.0,4280.0
2026-07-16 14:30:29,2026-07-16 14:15,7325.0,7690.0,-4.75,2976900,7502.0,7287.0,7930.0,4280.0
2026-07-16 14:35:37,2026-07-16 14:20,7324.0,7690.0,-4.76,2995900,7502.0,7287.0,7930.0,4280.0
2026-07-16 14:40:31,2026-07-16 14:25,7332.0,7690.0,-4.66,3018300,7502.0,7287.0,7930.0,4280.0
2026-07-16 14:45:42,2026-07-16 14:30,7341.0,7690.0,-4.54,3087500,7502.0,7287.0,7930.0,4280.0
2026-07-16 14:50:33,2026-07-16 14:35,7295.0,7690.0,-5.14,3136900,7502.0,7287.0,7930.0,4280.0
2026-07-16 14:55:32,2026-07-16 14:38,7345.0,7690.0,-4.49,3166400,7502.0,7287.0,7930.0,4280.0
2026-07-16 15:00:37,2026-07-16 14:45,7302.0,7690.0,-5.05,3212200,7502.0,7287.0,7930.0,4280.0
2026-07-16 15:05:28,2026-07-16 14:50,7296.0,7690.0,-5.12,3253400,7502.0,7287.0,7930.0,4280.0
2026-07-16 15:10:32,2026-07-16 14:55,7301.0,7690.0,-5.06,3316200,7502.0,7287.0,7930.0,4280.0
2026-07-16 15:15:53,2026-07-16 15:00,7317.0,7690.0,-4.85,3583100,7502.0,7287.0,7930.0,4280.0
2026-07-16 15:20:41,2026-07-16 15:05,7309.0,7690.0,-4.95,3630000,7502.0,7287.0,7930.0,4280.0
2026-07-16 15:25:36,2026-07-16 15:10,7331.0,7690.0,-4.67,3829100,7502.0,7287.0,7930.0,4280.0
2026-07-16 15:30:31,2026-07-16 15:15,7370.0,7690.0,-4.16,3905800,7502.0,7287.0,7930.0,4280.0
2026-07-16 15:40:34,2026-07-16 15:24,7357.0,7690.0,-4.33,4087600,7502.0,7287.0,7930.0,4280.0
2026-07-17 09:05:46,2026-07-16 15:30,7361.0,7690.0,-4.28,5529200,7502.0,7287.0,7930.0,4280.0
2026-07-17 09:10:57,2026-07-16 15:30,7361.0,7690.0,-4.28,5529200,7502.0,7287.0,7930.0,4280.0
2026-07-17 09:15:31,2026-07-16 15:30,7361.0,7690.0,-4.28,5529200,7502.0,7287.0,7930.0,4280.0
2026-07-17 09:20:36,2026-07-17 09:05,7164.0,7361.0,-2.68,529700,7240.0,7160.0,7930.0,4280.0
2026-07-17 09:25:31,2026-07-17 09:10,7157.0,7361.0,-2.77,723800,7240.0,7135.0,7930.0,4280.0
2026-07-17 09:30:33,2026-07-17 09:15,7113.0,7361.0,-3.37,878400,7240.0,7101.0,7930.0,4280.0
2026-07-17 09:35:40,2026-07-17 09:20,7186.0,7361.0,-2.38,1015500,7240.0,7101.0,7930.0,4280.0
2026-07-17 09:40:29,2026-07-17 09:25,7166.0,7361.0,-2.65,1131300,7240.0,7101.0,7930.0,4280.0
2026-07-17 09:45:33,2026-07-17 09:30,7134.0,7361.0,-3.08,1254600,7240.0,7101.0,7930.0,4280.0
2026-07-17 09:50:39,2026-07-17 09:35,7116.0,7361.0,-3.33,1380800,7240.0,7101.0,7930.0,4280.0
2026-07-17 09:55:37,2026-07-17 09:40,7107.0,7361.0,-3.45,1540700,7240.0,7093.0,7930.0,4280.0
2026-07-17 10:00:40,2026-07-17 09:45,7102.0,7361.0,-3.52,1652800,7240.0,7073.0,7930.0,4280.0
2026-07-17 10:05:29,2026-07-17 09:50,7149.0,7361.0,-2.88,1760300,7240.0,7073.0,7930.0,4280.0
2026-07-17 10:10:41,2026-07-17 09:55,7217.0,7361.0,-1.96,1880500,7240.0,7073.0,7930.0,4280.0
2026-07-17 10:15:32,2026-07-17 10:00,7204.0,7361.0,-2.13,1920400,7240.0,7073.0,7930.0,4280.0
2026-07-17 10:20:39,2026-07-17 10:05,7200.0,7361.0,-2.19,2006100,7240.0,7073.0,7930.0,4280.0
2026-07-17 10:25:48,2026-07-17 10:10,7235.0,7361.0,-1.71,2127100,7240.0,7073.0,7930.0,4280.0
2026-07-17 10:30:32,2026-07-17 10:15,7230.0,7361.0,-1.78,2167900,7247.0,7073.0,7930.0,4280.0
2026-07-17 10:35:35,2026-07-17 10:20,7215.0,7361.0,-1.98,2220100,7247.0,7073.0,7930.0,4280.0
2026-07-17 10:40:48,2026-07-17 10:25,7204.0,7361.0,-2.13,2348400,7247.0,7073.0,7930.0,4280.0
2026-07-17 10:45:45,2026-07-17 10:30,7205.0,7361.0,-2.12,2408300,7247.0,7073.0,7930.0,4280.0
2026-07-17 10:50:43,2026-07-17 10:35,7197.0,7361.0,-2.23,2500400,7247.0,7073.0,7930.0,4280.0
2026-07-17 10:55:34,2026-07-17 10:40,7202.0,7361.0,-2.16,2565600,7247.0,7073.0,7930.0,4280.0
2026-07-17 11:00:42,2026-07-17 10:45,7170.0,7361.0,-2.59,2625500,7247.0,7073.0,7930.0,4280.0
2026-07-17 11:05:42,2026-07-17 10:50,7141.0,7361.0,-2.99,2692100,7247.0,7073.0,7930.0,4280.0
2026-07-17 11:10:41,2026-07-17 10:55,7154.0,7361.0,-2.81,2757300,7247.0,7073.0,7930.0,4280.0
2026-07-17 11:15:32,2026-07-17 11:00,7157.0,7361.0,-2.77,2802200,7247.0,7073.0,7930.0,4280.0
2026-07-17 11:20:34,2026-07-17 11:05,7145.0,7361.0,-2.93,2838400,7247.0,7073.0,7930.0,4280.0
2026-07-17 11:25:40,2026-07-17 11:10,7119.0,7361.0,-3.29,2875000,7247.0,7073.0,7930.0,4280.0
2026-07-17 11:30:29,2026-07-17 11:15,7121.0,7361.0,-3.26,2919000,7247.0,7073.0,7930.0,4280.0
2026-07-17 12:30:37,2026-07-17 11:30,7105.0,7361.0,-3.48,3087600,7247.0,7073.0,7930.0,4280.0
2026-07-17 12:35:30,2026-07-17 11:30,7105.0,7361.0,-3.48,3087600,7247.0,7073.0,7930.0,4280.0
2026-07-17 12:40:35,2026-07-17 11:30,7105.0,7361.0,-3.48,3087600,7247.0,7073.0,7930.0,4280.0
2026-07-17 12:45:39,2026-07-17 12:30,7151.0,7361.0,-2.85,3174500,7247.0,7073.0,7930.0,4280.0
2026-07-17 12:50:49,2026-07-17 12:35,7111.0,7361.0,-3.4,3248900,7247.0,7073.0,7930.0,4280.0
2026-07-17 12:55:31,2026-07-17 12:40,7110.0,7361.0,-3.41,3298200,7247.0,7073.0,7930.0,4280.0
2026-07-17 13:00:36,2026-07-17 12:45,7095.0,7361.0,-3.61,3367500,7247.0,7073.0,7930.0,4280.0
2026-07-17 13:05:35,2026-07-17 12:50,7086.0,7361.0,-3.74,3428100,7247.0,7073.0,7930.0,4280.0
2026-07-17 13:10:46,2026-07-17 12:55,7084.0,7361.0,-3.76,3482800,7247.0,7073.0,7930.0,4280.0
2026-07-17 13:15:37,2026-07-17 13:00,7067.0,7361.0,-3.99,3532700,7247.0,7064.0,7930.0,4280.0
2026-07-17 13:20:30,2026-07-17 13:05,7061.0,7361.0,-4.08,3606000,7247.0,7052.0,7930.0,4280.0
2026-07-17 13:25:29,2026-07-17 13:10,7055.0,7361.0,-4.16,3657700,7247.0,7052.0,7930.0,4280.0
2026-07-17 13:30:32,2026-07-17 13:15,7034.0,7361.0,-4.44,3738800,7247.0,7033.0,7930.0,4280.0
2026-07-17 13:35:32,2026-07-17 13:20,7028.0,7361.0,-4.52,3811900,7247.0,7016.0,7930.0,4280.0
2026-07-17 13:40:40,2026-07-17 13:25,7019.0,7361.0,-4.65,3891500,7247.0,7014.0,7930.0,4280.0
2026-07-17 13:45:30,2026-07-17 13:30,7012.0,7361.0,-4.74,4037300,7247.0,6999.0,7930.0,4280.0
2026-07-17 13:50:30,2026-07-17 13:35,6993.0,7361.0,-5.0,4090300,7247.0,6990.0,7930.0,4280.0
2026-07-17 13:55:32,2026-07-17 13:40,6992.0,7361.0,-5.01,4147000,7247.0,6990.0,7930.0,4280.0
2026-07-17 14:00:40,2026-07-17 13:45,7034.0,7361.0,-4.44,4254400,7247.0,6984.0,7930.0,4280.0
2026-07-17 14:05:35,2026-07-17 13:50,7056.0,7361.0,-4.14,4345000,7247.0,6984.0,7930.0,4280.0
2026-07-17 14:10:30,2026-07-17 13:55,7037.0,7361.0,-4.4,4400200,7247.0,6984.0,7930.0,4280.0
2026-07-17 14:15:33,2026-07-17 14:00,7060.0,7361.0,-4.09,4475300,7247.0,6984.0,7930.0,4280.0
2026-07-17 14:20:37,2026-07-17 14:05,7046.0,7361.0,-4.28,4601700,7247.0,6984.0,7930.0,4280.0
2026-07-17 14:25:46,2026-07-17 14:10,7064.0,7361.0,-4.03,4662700,7247.0,6984.0,7930.0,4280.0
2026-07-17 14:30:32,2026-07-17 14:15,7065.0,7361.0,-4.02,4706300,7247.0,6984.0,7930.0,4280.0
2026-07-17 14:35:50,2026-07-17 14:20,7067.0,7361.0,-3.99,4745200,7247.0,6984.0,7930.0,4280.0
2026-07-17 14:40:29,2026-07-17 14:25,7064.0,7361.0,-4.03,4784800,7247.0,6984.0,7930.0,4280.0
2026-07-17 14:45:35,2026-07-17 14:30,7068.0,7361.0,-3.98,4827700,7247.0,6984.0,7930.0,4280.0
2026-07-17 14:50:28,2026-07-17 14:35,7065.0,7361.0,-4.02,4865600,7247.0,6984.0,7930.0,4280.0
2026-07-17 14:55:39,2026-07-17 14:40,7051.0,7361.0,-4.21,4911600,7247.0,6984.0,7930.0,4280.0
2026-07-17 15:00:28,2026-07-17 14:45,7063.0,7361.0,-4.05,4959700,7247.0,6984.0,7930.0,4280.0
2026-07-17 15:05:56,2026-07-17 14:50,7085.0,7361.0,-3.75,5014900,7247.0,6984.0,7930.0,4280.0
2026-07-17 15:10:32,2026-07-17 14:55,7096.0,7361.0,-3.6,5077600,7247.0,6984.0,7930.0,4280.0
2026-07-17 15:15:35,2026-07-17 15:00,7113.0,7361.0,-3.37,5135800,7247.0,6984.0,7930.0,4280.0
2026-07-17 15:20:37,2026-07-17 15:05,7112.0,7361.0,-3.38,5230100,7247.0,6984.0,7930.0,4280.0
2026-07-17 15:25:46,2026-07-17 15:10,7126.0,7361.0,-3.19,5364100,7247.0,6984.0,7930.0,4280.0
2026-07-17 15:30:35,2026-07-17 15:15,7164.0,7361.0,-2.68,5569100,7247.0,6984.0,7930.0,4280.0
2026-07-17 15:40:41,2026-07-17 15:24,7172.0,7361.0,-2.57,5965400,7247.0,6984.0,7930.0,4280.0
2026-07-21 09:05:30,2026-07-17 15:30,7157.0,7361.0,-2.77,7502200,7247.0,6984.0,7930.0,4280.0
2026-07-21 09:10:32,2026-07-17 15:30,7157.0,7361.0,-2.77,7502200,7247.0,6984.0,7930.0,4280.0
2026-07-21 09:15:29,2026-07-21 09:00,7168.0,7361.0,-2.62,7803600,7230.0,7165.0,7930.0,4280.0
2026-07-21 09:20:39,2026-07-21 09:05,7191.0,7157.0,0.48,478400,7230.0,7121.0,7930.0,4280.0
2026-07-21 09:25:44,2026-07-21 09:10,7138.0,7157.0,-0.27,600500,7230.0,7121.0,7930.0,4280.0
2026-07-21 09:30:39,2026-07-21 09:15,7140.0,7157.0,-0.24,697500,7230.0,7120.0,7930.0,4280.0
2026-07-21 09:35:42,2026-07-21 09:20,7141.0,7157.0,-0.22,821900,7230.0,7102.0,7930.0,4280.0
2026-07-21 09:40:34,2026-07-21 09:25,7122.0,7157.0,-0.49,898900,7230.0,7102.0,7930.0,4280.0
2026-07-21 09:45:34,2026-07-21 09:30,7162.0,7157.0,0.07,989400,7230.0,7102.0,7930.0,4280.0
2026-07-21 09:50:31,2026-07-21 09:35,7174.0,7157.0,0.24,1040600,7230.0,7102.0,7930.0,4280.0
2026-07-21 09:55:35,2026-07-21 09:40,7168.0,7157.0,0.15,1090000,7230.0,7102.0,7930.0,4280.0
2026-07-21 10:00:30,2026-07-21 09:45,7151.0,7157.0,-0.08,1134500,7230.0,7102.0,7930.0,4280.0
2026-07-21 10:05:50,2026-07-21 09:50,7157.0,7157.0,0.0,1171600,7230.0,7102.0,7930.0,4280.0
2026-07-21 10:10:29,2026-07-21 09:55,7160.0,7157.0,0.04,1196700,7230.0,7102.0,7930.0,4280.0
2026-07-21 10:15:32,2026-07-21 10:00,7134.0,7157.0,-0.32,1232000,7230.0,7102.0,7930.0,4280.0
2026-07-21 10:20:34,2026-07-21 10:05,7148.0,7157.0,-0.13,1286300,7230.0,7102.0,7930.0,4280.0
2026-07-21 10:25:30,2026-07-21 10:10,7163.0,7157.0,0.08,1341300,7230.0,7102.0,7930.0,4280.0
2026-07-21 10:30:33,2026-07-21 10:15,7180.0,7157.0,0.32,1377400,7230.0,7102.0,7930.0,4280.0
2026-07-21 10:35:32,2026-07-21 10:20,7137.0,7157.0,-0.28,1452100,7230.0,7102.0,7930.0,4280.0
2026-07-21 10:40:29,2026-07-21 10:25,7148.0,7157.0,-0.13,1481400,7230.0,7102.0,7930.0,4280.0
2026-07-21 10:45:39,2026-07-21 10:30,7158.0,7157.0,0.01,1503600,7230.0,7102.0,7930.0,4280.0
2026-07-21 10:50:47,2026-07-21 10:35,7140.0,7157.0,-0.24,1541800,7230.0,7102.0,7930.0,4280.0
2026-07-21 10:55:44,2026-07-21 10:40,7118.0,7157.0,-0.54,1637800,7230.0,7097.0,7930.0,4280.0
2026-07-21 11:00:30,2026-07-21 10:45,7092.0,7157.0,-0.91,1673600,7230.0,7088.0,7930.0,4280.0
2026-07-21 11:05:36,2026-07-21 10:50,7107.0,7157.0,-0.7,1708600,7230.0,7088.0,7930.0,4280.0
2026-07-21 11:10:36,2026-07-21 10:55,7102.0,7157.0,-0.77,1756200,7230.0,7088.0,7930.0,4280.0
2026-07-21 11:15:30,2026-07-21 11:00,7108.0,7157.0,-0.68,1787500,7230.0,7088.0,7930.0,4280.0
2026-07-21 11:20:32,2026-07-21 11:05,7110.0,7157.0,-0.66,1828400,7230.0,7088.0,7930.0,4280.0
2026-07-21 11:25:34,2026-07-21 11:10,7099.0,7157.0,-0.81,1886000,7230.0,7086.0,7930.0,4280.0
2026-07-21 11:30:39,2026-07-21 11:15,7104.0,7157.0,-0.74,1921300,7230.0,7086.0,7930.0,4280.0
2026-07-21 12:30:33,2026-07-21 11:30,7114.0,7157.0,-0.6,2019800,7230.0,7086.0,7930.0,4280.0
2026-07-21 12:35:30,2026-07-21 11:30,7114.0,7157.0,-0.6,2019800,7230.0,7086.0,7930.0,4280.0
2026-07-21 12:40:28,2026-07-21 11:30,7114.0,7157.0,-0.6,2019800,7230.0,7086.0,7930.0,4280.0
2026-07-21 12:45:53,2026-07-21 12:30,7127.0,7157.0,-0.42,2083600,7230.0,7086.0,7930.0,4280.0
2026-07-21 12:50:33,2026-07-21 12:35,7161.0,7157.0,0.06,2131800,7230.0,7086.0,7930.0,4280.0
2026-07-21 12:55:34,2026-07-21 12:40,7174.0,7157.0,0.24,2263800,7230.0,7086.0,7930.0,4280.0
2026-07-21 13:00:30,2026-07-21 12:45,7187.0,7157.0,0.42,2363200,7230.0,7086.0,7930.0,4280.0
2026-07-21 13:05:32,2026-07-21 12:50,7204.0,7157.0,0.66,2448800,7230.0,7086.0,7930.0,4280.0
2026-07-21 13:10:36,2026-07-21 12:55,7193.0,7157.0,0.5,2477000,7230.0,7086.0,7930.0,4280.0
2026-07-21 13:15:38,2026-07-21 13:00,7205.0,7157.0,0.67,2528800,7230.0,7086.0,7930.0,4280.0
2026-07-21 13:20:49,2026-07-21 13:05,7197.0,7157.0,0.56,2571800,7230.0,7086.0,7930.0,4280.0
2026-07-21 13:25:30,2026-07-21 13:10,7192.0,7157.0,0.49,2596100,7230.0,7086.0,7930.0,4280.0
2026-07-21 13:30:43,2026-07-21 13:15,7182.0,7157.0,0.35,2636500,7230.0,7086.0,7930.0,4280.0
2026-07-21 13:35:34,2026-07-21 13:20,7170.0,7157.0,0.18,2665200,7230.0,7086.0,7930.0,4280.0
2026-07-21 13:40:41,2026-07-21 13:25,7172.0,7157.0,0.21,2688700,7230.0,7086.0,7930.0,4280.0
2026-07-21 13:45:37,2026-07-21 13:30,7184.0,7157.0,0.38,2715300,7230.0,7086.0,7930.0,4280.0
2026-07-21 13:50:30,2026-07-21 13:35,7196.0,7157.0,0.54,2742900,7230.0,7086.0,7930.0,4280.0
2026-07-21 13:55:36,2026-07-21 13:40,7192.0,7157.0,0.49,2778900,7230.0,7086.0,7930.0,4280.0
2026-07-21 14:00:47,2026-07-21 13:45,7194.0,7157.0,0.52,2800000,7230.0,7086.0,7930.0,4280.0
2026-07-21 14:05:37,2026-07-21 13:50,7208.0,7157.0,0.71,2857700,7230.0,7086.0,7930.0,4280.0
2026-07-21 14:10:36,2026-07-21 13:55,7187.0,7157.0,0.42,2886500,7230.0,7086.0,7930.0,4280.0
2026-07-21 14:15:38,2026-07-21 14:00,7184.0,7157.0,0.38,2912200,7230.0,7086.0,7930.0,4280.0
2026-07-21 14:20:37,2026-07-21 14:05,7183.0,7157.0,0.36,2929300,7230.0,7086.0,7930.0,4280.0
2026-07-21 14:25:33,2026-07-21 14:10,7179.0,7157.0,0.31,2948400,7230.0,7086.0,7930.0,4280.0
2026-07-21 14:30:40,2026-07-21 14:15,7161.0,7157.0,0.06,2991800,7230.0,7086.0,7930.0,4280.0
2026-07-21 14:35:38,2026-07-21 14:20,7151.0,7157.0,-0.08,3042300,7230.0,7086.0,7930.0,4280.0
2026-07-21 14:40:30,2026-07-21 14:25,7175.0,7157.0,0.25,3082600,7230.0,7086.0,7930.0,4280.0
2026-07-21 14:45:35,2026-07-21 14:30,7194.0,7157.0,0.52,3110500,7230.0,7086.0,7930.0,4280.0
2026-07-21 14:50:43,2026-07-21 14:35,7189.0,7157.0,0.45,3141500,7230.0,7086.0,7930.0,4280.0
2026-07-21 14:55:35,2026-07-21 14:40,7187.0,7157.0,0.42,3173400,7230.0,7086.0,7930.0,4280.0
2026-07-21 15:00:37,2026-07-21 14:45,7184.0,7157.0,0.38,3199700,7230.0,7086.0,7930.0,4280.0
2026-07-21 15:05:40,2026-07-21 14:50,7184.0,7157.0,0.38,3249000,7230.0,7086.0,7930.0,4280.0
2026-07-21 15:10:45,2026-07-21 14:55,7189.0,7157.0,0.45,3279600,7230.0,7086.0,7930.0,4280.0
2026-07-21 15:15:40,2026-07-21 15:00,7187.0,7157.0,0.42,3320600,7230.0,7086.0,7930.0,4280.0
2026-07-21 15:20:33,2026-07-21 15:05,7193.0,7157.0,0.5,3382600,7230.0,7086.0,7930.0,4280.0
2026-07-21 15:25:34,2026-07-21 15:10,7190.0,7157.0,0.46,3433800,7230.0,7086.0,7930.0,4280.0
2026-07-21 15:30:29,2026-07-21 15:15,7182.0,7157.0,0.35,3483700,7230.0,7086.0,7930.0,4280.0
2026-07-21 15:40:31,2026-07-21 15:24,7162.0,7157.0,0.07,3680200,7230.0,7086.0,7930.0,4280.0
2026-07-22 09:05:31,2026-07-21 15:30,7205.0,7157.0,0.67,5261900,7230.0,7086.0,7930.0,4280.0
2026-07-22 09:10:43,2026-07-21 15:30,7205.0,7157.0,0.67,5261900,7230.0,7086.0,7930.0,4280.0
2026-07-22 09:15:28,2026-07-22 09:00,7205.0,7157.0,0.67,5624100,7265.0,7215.0,7930.0,4280.0
2026-07-22 09:20:29,2026-07-22 09:05,7264.0,7205.0,0.82,659500,7314.0,7215.0,7930.0,4280.0
2026-07-22 09:25:32,2026-07-22 09:10,7274.0,7205.0,0.96,780000,7314.0,7215.0,7930.0,4280.0
2026-07-22 09:30:35,2026-07-22 09:15,7292.0,7205.0,1.21,898000,7314.0,7215.0,7930.0,4280.0
2026-07-22 09:35:40,2026-07-22 09:20,7334.0,7205.0,1.79,1141100,7341.0,7215.0,7930.0,4280.0
2026-07-22 09:40:40,2026-07-22 09:25,7351.0,7205.0,2.03,1282300,7353.0,7215.0,7930.0,4280.0
2026-07-22 09:45:38,2026-07-22 09:30,7357.0,7205.0,2.11,1370400,7367.0,7215.0,7930.0,4280.0
2026-07-22 09:50:39,2026-07-22 09:35,7315.0,7205.0,1.53,1476600,7367.0,7215.0,7930.0,4280.0
2026-07-22 09:55:28,2026-07-22 09:40,7312.0,7205.0,1.49,1542000,7367.0,7215.0,7930.0,4280.0
2026-07-22 10:00:30,2026-07-22 09:45,7328.0,7205.0,1.71,1613700,7367.0,7215.0,7930.0,4280.0
2026-07-22 10:05:28,2026-07-22 09:50,7304.0,7205.0,1.37,1679700,7367.0,7215.0,7930.0,4280.0
2026-07-22 10:10:30,2026-07-22 09:55,7290.0,7205.0,1.18,1717500,7367.0,7215.0,7930.0,4280.0
2026-07-22 10:15:32,2026-07-22 10:00,7327.0,7205.0,1.69,1786100,7367.0,7215.0,7930.0,4280.0
2026-07-22 10:20:44,2026-07-22 10:05,7321.0,7205.0,1.61,1828100,7367.0,7215.0,7930.0,4280.0
2026-07-22 10:25:50,2026-07-22 10:10,7294.0,7205.0,1.24,1867100,7367.0,7215.0,7930.0,4280.0
2026-07-22 10:30:37,2026-07-22 10:15,7295.0,7205.0,1.25,1909200,7367.0,7215.0,7930.0,4280.0
2026-07-22 10:35:29,2026-07-22 10:20,7285.0,7205.0,1.11,1960800,7367.0,7215.0,7930.0,4280.0
2026-07-22 10:40:33,2026-07-22 10:25,7292.0,7205.0,1.21,1992600,7367.0,7215.0,7930.0,4280.0
2026-07-22 10:45:42,2026-07-22 10:30,7287.0,7205.0,1.14,2030100,7367.0,7215.0,7930.0,4280.0
2026-07-22 10:50:32,2026-07-22 10:35,7293.0,7205.0,1.22,2065800,7367.0,7215.0,7930.0,4280.0
2026-07-22 10:55:39,2026-07-22 10:40,7285.0,7205.0,1.11,2098300,7367.0,7215.0,7930.0,4280.0
2026-07-22 11:00:38,2026-07-22 10:45,7286.0,7205.0,1.12,2133800,7367.0,7215.0,7930.0,4280.0
2026-07-22 11:05:45,2026-07-22 10:50,7291.0,7205.0,1.19,2157300,7367.0,7215.0,7930.0,4280.0
2026-07-22 11:10:33,2026-07-22 10:55,7302.0,7205.0,1.35,2186400,7367.0,7215.0,7930.0,4280.0
2026-07-22 11:15:38,2026-07-22 11:00,7279.0,7205.0,1.03,2258000,7367.0,7215.0,7930.0,4280.0
2026-07-22 11:20:31,2026-07-22 11:05,7273.0,7205.0,0.94,2297800,7367.0,7215.0,7930.0,4280.0
2026-07-22 11:25:34,2026-07-22 11:10,7257.0,7205.0,0.72,2360400,7367.0,7215.0,7930.0,4280.0
2026-07-22 11:30:30,2026-07-22 11:15,7270.0,7205.0,0.9,2414600,7367.0,7215.0,7930.0,4280.0
2026-07-22 12:30:37,2026-07-22 11:30,7270.0,7205.0,0.9,2528100,7367.0,7215.0,7930.0,4280.0
2026-07-22 12:35:40,2026-07-22 11:30,7270.0,7205.0,0.9,2528100,7367.0,7215.0,7930.0,4280.0
2026-07-22 12:40:37,2026-07-22 11:30,7270.0,7205.0,0.9,2528100,7367.0,7215.0,7930.0,4280.0
2026-07-22 12:45:34,2026-07-22 12:30,7282.0,7205.0,1.07,2610600,7367.0,7215.0,7930.0,4280.0
2026-07-22 12:50:32,2026-07-22 12:35,7255.0,7205.0,0.69,2651400,7367.0,7215.0,7930.0,4280.0
2026-07-22 12:55:36,2026-07-22 12:40,7241.0,7205.0,0.5,2708100,7367.0,7215.0,7930.0,4280.0
2026-07-22 13:00:47,2026-07-22 12:45,7252.0,7205.0,0.65,2761900,7367.0,7215.0,7930.0,4280.0
2026-07-22 13:05:31,2026-07-22 12:50,7241.0,7205.0,0.5,2805700,7367.0,7215.0,7930.0,4280.0
2026-07-22 13:10:34,2026-07-22 12:55,7227.0,7205.0,0.31,2852200,7367.0,7215.0,7930.0,4280.0
2026-07-22 13:15:34,2026-07-22 13:00,7246.0,7205.0,0.57,2893700,7367.0,7215.0,7930.0,4280.0
2026-07-22 13:20:33,2026-07-22 13:05,7246.0,7205.0,0.57,2931200,7367.0,7215.0,7930.0,4280.0
2026-07-22 13:25:59,2026-07-22 13:10,7258.0,7205.0,0.74,2964400,7367.0,7215.0,7930.0,4280.0
2026-07-22 13:30:44,2026-07-22 13:15,7236.0,7205.0,0.43,3012500,7367.0,7215.0,7930.0,4280.0
2026-07-22 13:35:38,2026-07-22 13:20,7240.0,7205.0,0.49,3042700,7367.0,7215.0,7930.0,4280.0
2026-07-22 13:40:37,2026-07-22 13:25,7245.0,7205.0,0.56,3078600,7367.0,7215.0,7930.0,4280.0
2026-07-22 13:45:41,2026-07-22 13:30,7235.0,7205.0,0.42,3107600,7367.0,7215.0,7930.0,4280.0
2026-07-22 13:50:39,2026-07-22 13:35,7224.0,7205.0,0.26,3164200,7367.0,7215.0,7930.0,4280.0
2026-07-22 13:55:36,2026-07-22 13:40,7219.0,7205.0,0.19,3197300,7367.0,7215.0,7930.0,4280.0
2026-07-22 14:00:39,2026-07-22 13:45,7218.0,7205.0,0.18,3232900,7367.0,7215.0,7930.0,4280.0
2026-07-22 14:05:44,2026-07-22 13:50,7216.0,7205.0,0.15,3296900,7367.0,7210.0,7930.0,4280.0
2026-07-22 14:10:34,2026-07-22 13:55,7194.0,7205.0,-0.15,3342900,7367.0,7193.0,7930.0,4280.0
2026-07-22 14:15:53,2026-07-22 14:00,7199.0,7205.0,-0.08,3394600,7367.0,7191.0,7930.0,4280.0
2026-07-22 14:20:39,2026-07-22 14:05,7171.0,7205.0,-0.47,3437500,7367.0,7170.0,7930.0,4280.0
2026-07-22 14:25:36,2026-07-22 14:10,7169.0,7205.0,-0.5,3491600,7367.0,7165.0,7930.0,4280.0
2026-07-22 14:30:37,2026-07-22 14:15,7153.0,7205.0,-0.72,3565800,7367.0,7153.0,7930.0,4280.0
2026-07-22 14:35:36,2026-07-22 14:20,7146.0,7205.0,-0.82,3621000,7367.0,7145.0,7930.0,4280.0
2026-07-22 14:40:32,2026-07-22 14:25,7144.0,7205.0,-0.85,3670000,7367.0,7139.0,7930.0,4280.0
2026-07-22 14:45:41,2026-07-22 14:30,7142.0,7205.0,-0.87,3730400,7367.0,7138.0,7930.0,4280.0
2026-07-22 14:50:57,2026-07-22 14:35,7134.0,7205.0,-0.99,3801900,7367.0,7132.0,7930.0,4280.0
2026-07-22 14:55:35,2026-07-22 14:40,7132.0,7205.0,-1.01,3874000,7367.0,7121.0,7930.0,4280.0
2026-07-22 15:00:35,2026-07-22 14:42,7123.0,7205.0,-1.14,3895400,7367.0,7121.0,7930.0,4280.0
2026-07-22 15:05:41,2026-07-22 14:50,7126.0,7205.0,-1.1,3988100,7367.0,7115.0,7930.0,4280.0
2026-07-22 15:10:40,2026-07-22 14:55,7122.0,7205.0,-1.15,4049000,7367.0,7115.0,7930.0,4280.0
2026-07-22 15:15:52,2026-07-22 15:00,7120.0,7205.0,-1.18,4110900,7367.0,7114.0,7930.0,4280.0
2026-07-22 15:20:32,2026-07-22 15:05,7113.0,7205.0,-1.28,4177000,7367.0,7112.0,7930.0,4280.0
2026-07-22 15:25:44,2026-07-22 15:10,7109.0,7205.0,-1.33,4275300,7367.0,7103.0,7930.0,4280.0
2026-07-22 15:30:54,2026-07-22 15:15,7090.0,7205.0,-1.6,4388200,7367.0,7090.0,7930.0,4280.0
2026-07-22 15:40:44,2026-07-22 15:24,7080.0,7205.0,-1.73,4636700,7367.0,7072.0,7930.0,4280.0
2026-07-23 09:05:33,2026-07-22 15:30,7075.0,7205.0,-1.8,6291800,7367.0,7072.0,7930.0,4280.0
2026-07-23 09:10:31,2026-07-22 15:30,7075.0,7205.0,-1.8,6291800,7367.0,7072.0,7930.0,4280.0
2026-07-23 09:15:31,2026-07-22 15:30,7075.0,7205.0,-1.8,6291800,7367.0,7072.0,7930.0,4280.0
2026-07-23 09:20:34,2026-07-23 09:05,7196.0,7075.0,1.71,737700,7219.0,7153.0,7930.0,4280.0
2026-07-23 09:25:36,2026-07-23 09:10,7179.0,7075.0,1.47,1010500,7219.0,7153.0,7930.0,4280.0
2026-07-23 09:30:35,2026-07-23 09:15,7082.0,7075.0,0.1,1211400,7219.0,7076.0,7930.0,4280.0
2026-07-23 09:35:31,2026-07-23 09:20,7023.0,7075.0,-0.73,1367500,7219.0,7021.0,7930.0,4280.0
2026-07-23 09:40:33,2026-07-23 09:25,7020.0,7075.0,-0.78,1541100,7219.0,6994.0,7930.0,4280.0
2026-07-23 09:45:32,2026-07-23 09:30,7019.0,7075.0,-0.79,1708600,7219.0,6990.0,7930.0,4280.0
2026-07-23 09:50:32,2026-07-23 09:35,7020.0,7075.0,-0.78,1839100,7219.0,6990.0,7930.0,4280.0
2026-07-23 09:55:28,2026-07-23 09:40,7024.0,7075.0,-0.72,1930100,7219.0,6990.0,7930.0,4280.0
2026-07-23 10:00:34,2026-07-23 09:45,7039.0,7075.0,-0.51,2057900,7219.0,6990.0,7930.0,4280.0
2026-07-23 10:06:04,2026-07-23 09:51,7037.0,7075.0,-0.54,2165600,7219.0,6990.0,7930.0,4280.0
2026-07-23 10:10:37,2026-07-23 09:55,7038.0,7075.0,-0.52,2264700,7219.0,6990.0,7930.0,4280.0
2026-07-23 10:15:29,2026-07-23 10:00,7032.0,7075.0,-0.61,2347800,7219.0,6990.0,7930.0,4280.0
2026-07-23 10:20:30,2026-07-23 10:05,7031.0,7075.0,-0.62,2445100,7219.0,6990.0,7930.0,4280.0
2026-07-23 10:25:32,2026-07-23 10:10,7031.0,7075.0,-0.62,2542900,7219.0,6990.0,7930.0,4280.0
2026-07-23 10:30:40,2026-07-23 10:15,7029.0,7075.0,-0.65,2630200,7219.0,6990.0,7930.0,4280.0
2026-07-23 10:35:38,2026-07-23 10:20,7024.0,7075.0,-0.72,2694400,7219.0,6990.0,7930.0,4280.0
2026-07-23 10:40:33,2026-07-23 10:25,7024.0,7075.0,-0.72,2754800,7219.0,6990.0,7930.0,4280.0
2026-07-23 10:45:55,2026-07-23 10:30,7022.0,7075.0,-0.75,2811400,7219.0,6990.0,7930.0,4280.0
2026-07-23 10:50:34,2026-07-23 10:35,7027.0,7075.0,-0.68,2902100,7219.0,6990.0,7930.0,4280.0
2026-07-23 10:55:37,2026-07-23 10:40,7016.0,7075.0,-0.83,2985300,7219.0,6990.0,7930.0,4280.0
2026-07-23 11:00:37,2026-07-23 10:45,7014.0,7075.0,-0.86,3037300,7219.0,6990.0,7930.0,4280.0
2026-07-23 11:05:38,2026-07-23 10:50,7018.0,7075.0,-0.81,3087200,7219.0,6990.0,7930.0,4280.0
2026-07-23 11:10:35,2026-07-23 10:55,7034.0,7075.0,-0.58,3144700,7219.0,6990.0,7930.0,4280.0
2026-07-23 11:15:35,2026-07-23 11:00,7024.0,7075.0,-0.72,3207900,7219.0,6990.0,7930.0,4280.0
2026-07-23 11:20:29,2026-07-23 11:05,7015.0,7075.0,-0.85,3265300,7219.0,6990.0,7930.0,4280.0
2026-07-23 11:25:28,2026-07-23 11:10,7005.0,7075.0,-0.99,3328600,7219.0,6990.0,7930.0,4280.0
2026-07-23 11:30:31,2026-07-23 11:15,7018.0,7075.0,-0.81,3391600,7219.0,6990.0,7930.0,4280.0
2026-07-23 12:30:31,2026-07-23 11:30,6992.0,7075.0,-1.17,3585600,7219.0,6990.0,7930.0,4280.0
2026-07-23 12:35:43,2026-07-23 11:30,6992.0,7075.0,-1.17,3585600,7219.0,6990.0,7930.0,4280.0
2026-07-23 12:40:30,2026-07-23 11:30,6992.0,7075.0,-1.17,3585600,7219.0,6990.0,7930.0,4280.0
2026-07-23 12:45:40,2026-07-23 12:30,6978.0,7075.0,-1.37,3727900,7219.0,6970.0,7930.0,4280.0
2026-07-23 12:50:34,2026-07-23 12:35,6952.0,7075.0,-1.74,3809600,7219.0,6951.0,7930.0,4280.0
2026-07-23 12:55:42,2026-07-23 12:40,6970.0,7075.0,-1.48,3925400,7219.0,6943.0,7930.0,4280.0
2026-07-23 13:00:34,2026-07-23 12:45,6986.0,7075.0,-1.26,3974300,7219.0,6943.0,7930.0,4280.0
2026-07-23 13:05:31,2026-07-23 12:50,6977.0,7075.0,-1.39,4011600,7219.0,6943.0,7930.0,4280.0
2026-07-23 13:10:30,2026-07-23 12:55,6968.0,7075.0,-1.51,4068200,7219.0,6943.0,7930.0,4280.0
2026-07-23 13:15:36,2026-07-23 13:00,6961.0,7075.0,-1.61,4124700,7219.0,6943.0,7930.0,4280.0
2026-07-23 13:20:38,2026-07-23 13:05,6964.0,7075.0,-1.57,4169200,7219.0,6943.0,7930.0,4280.0
2026-07-23 13:25:40,2026-07-23 13:10,6956.0,7075.0,-1.68,4270100,7219.0,6943.0,7930.0,4280.0
2026-07-23 13:30:35,2026-07-23 13:15,6968.0,7075.0,-1.51,4334800,7219.0,6943.0,7930.0,4280.0
2026-07-23 13:35:34,2026-07-23 13:20,6965.0,7075.0,-1.55,4385600,7219.0,6943.0,7930.0,4280.0
2026-07-23 13:40:33,2026-07-23 13:25,6987.0,7075.0,-1.24,4441800,7219.0,6943.0,7930.0,4280.0
2026-07-23 13:45:40,2026-07-23 13:30,6983.0,7075.0,-1.3,4497800,7219.0,6943.0,7930.0,4280.0
2026-07-23 13:50:40,2026-07-23 13:35,6989.0,7075.0,-1.22,4545200,7219.0,6943.0,7930.0,4280.0
2026-07-23 13:55:34,2026-07-23 13:40,7001.0,7075.0,-1.05,4630200,7219.0,6943.0,7930.0,4280.0
2026-07-23 14:00:34,2026-07-23 13:45,7011.0,7075.0,-0.9,4761900,7219.0,6943.0,7930.0,4280.0
2026-07-23 14:05:46,2026-07-23 13:50,7000.0,7075.0,-1.06,4807100,7219.0,6943.0,7930.0,4280.0
2026-07-23 14:10:31,2026-07-23 13:55,7003.0,7075.0,-1.02,4876700,7219.0,6943.0,7930.0,4280.0
2026-07-23 14:15:48,2026-07-23 14:00,7014.0,7075.0,-0.86,4961500,7219.0,6943.0,7930.0,4280.0
2026-07-23 14:20:30,2026-07-23 14:05,7020.0,7075.0,-0.78,5041200,7219.0,6943.0,7930.0,4280.0
2026-07-23 14:25:38,2026-07-23 14:10,7014.0,7075.0,-0.86,5104700,7219.0,6943.0,7930.0,4280.0
2026-07-23 14:30:30,2026-07-23 14:15,7013.0,7075.0,-0.88,5151500,7219.0,6943.0,7930.0,4280.0
2026-07-23 14:35:34,2026-07-23 14:20,7019.0,7075.0,-0.79,5210400,7219.0,6943.0,7930.0,4280.0
2026-07-23 14:40:49,2026-07-23 14:25,7022.0,7075.0,-0.75,5274200,7219.0,6943.0,7930.0,4280.0
2026-07-23 14:45:29,2026-07-23 14:30,7022.0,7075.0,-0.75,5328500,7219.0,6943.0,7930.0,4280.0
2026-07-23 14:50:36,2026-07-23 14:35,7014.0,7075.0,-0.86,5390500,7219.0,6943.0,7930.0,4280.0
2026-07-23 14:55:31,2026-07-23 14:40,7016.0,7075.0,-0.83,5446200,7219.0,6943.0,7930.0,4280.0
2026-07-23 15:00:53,2026-07-23 14:45,7012.0,7075.0,-0.89,5502300,7219.0,6943.0,7930.0,4280.0
2026-07-23 15:05:44,2026-07-23 14:50,7007.0,7075.0,-0.96,5585200,7219.0,6943.0,7930.0,4280.0
2026-07-23 15:10:31,2026-07-23 14:55,6996.0,7075.0,-1.12,5658900,7219.0,6943.0,7930.0,4280.0
2026-07-23 15:15:38,2026-07-23 15:00,6995.0,7075.0,-1.13,5726500,7219.0,6943.0,7930.0,4280.0
2026-07-23 15:20:39,2026-07-23 15:05,6994.0,7075.0,-1.14,5785000,7219.0,6943.0,7930.0,4280.0
2026-07-23 15:25:47,2026-07-23 15:10,6982.0,7075.0,-1.31,5837900,7219.0,6943.0,7930.0,4280.0
2026-07-23 15:30:47,2026-07-23 15:15,6961.0,7075.0,-1.61,6000200,7219.0,6943.0,7930.0,4280.0
2026-07-23 15:40:42,2026-07-23 15:24,6964.0,7075.0,-1.57,6400900,7219.0,6943.0,7930.0,4280.0
2026-07-24 09:05:38,2026-07-23 15:30,6970.0,7075.0,-1.48,8507400,7219.0,6943.0,7930.0,4280.0
2026-07-24 09:10:31,2026-07-23 15:30,6970.0,7075.0,-1.48,8507400,7219.0,6943.0,7930.0,4280.0
2026-07-24 09:15:35,2026-07-23 15:30,6970.0,7075.0,-1.48,8507400,7219.0,6943.0,7930.0,4280.0
2026-07-24 09:20:29,2026-07-24 09:05,6735.0,6970.0,-3.37,839600,6840.0,6724.0,7930.0,4280.0
2026-07-24 09:25:51,2026-07-24 09:10,6746.0,6970.0,-3.21,1025400,6840.0,6724.0,7930.0,4280.0
2026-07-24 09:30:36,2026-07-24 09:15,6683.0,6970.0,-4.12,1309000,6840.0,6680.0,7930.0,4280.0
2026-07-24 09:35:33,2026-07-24 09:20,6691.0,6970.0,-4.0,1449300,6840.0,6680.0,7930.0,4280.0
2026-07-24 09:40:34,2026-07-24 09:25,6723.0,6970.0,-3.54,1565500,6840.0,6680.0,7930.0,4280.0
2026-07-24 09:45:33,2026-07-24 09:30,6708.0,6970.0,-3.76,1689700,6840.0,6680.0,7930.0,4280.0
2026-07-24 09:50:40,2026-07-24 09:35,6710.0,6970.0,-3.73,1770700,6840.0,6680.0,7930.0,4280.0
2026-07-24 09:55:35,2026-07-24 09:40,6730.0,6970.0,-3.44,1844300,6840.0,6680.0,7930.0,4280.0
2026-07-24 10:00:41,2026-07-24 09:45,6745.0,6970.0,-3.23,1929800,6840.0,6680.0,7930.0,4280.0
2026-07-24 10:05:32,2026-07-24 09:50,6748.0,6970.0,-3.19,2015400,6840.0,6680.0,7930.0,4280.0
2026-07-24 10:10:30,2026-07-24 09:55,6709.0,6970.0,-3.74,2112300,6840.0,6680.0,7930.0,4280.0
2026-07-24 10:15:39,2026-07-24 10:00,6744.0,6970.0,-3.24,2170000,6840.0,6680.0,7930.0,4280.0
2026-07-24 10:20:30,2026-07-24 10:05,6751.0,6970.0,-3.14,2234400,6840.0,6680.0,7930.0,4280.0
2026-07-24 10:25:35,2026-07-24 10:10,6731.0,6970.0,-3.43,2280200,6840.0,6680.0,7930.0,4280.0
2026-07-24 10:30:35,2026-07-24 10:15,6725.0,6970.0,-3.52,2336100,6840.0,6680.0,7930.0,4280.0
2026-07-24 10:35:37,2026-07-24 10:20,6725.0,6970.0,-3.52,2385700,6840.0,6680.0,7930.0,4280.0
2026-07-24 10:40:42,2026-07-24 10:25,6745.0,6970.0,-3.23,2442700,6840.0,6680.0,7930.0,4280.0
2026-07-24 10:45:31,2026-07-24 10:30,6743.0,6970.0,-3.26,2495900,6840.0,6680.0,7930.0,4280.0
2026-07-24 10:50:39,2026-07-24 10:35,6752.0,6970.0,-3.13,2549900,6840.0,6680.0,7930.0,4280.0
2026-07-24 10:55:32,2026-07-24 10:40,6743.0,6970.0,-3.26,2594600,6840.0,6680.0,7930.0,4280.0
2026-07-24 11:00:35,2026-07-24 10:45,6760.0,6970.0,-3.01,2651900,6840.0,6680.0,7930.0,4280.0
2026-07-24 11:05:33,2026-07-24 10:50,6729.0,6970.0,-3.46,2708500,6840.0,6680.0,7930.0,4280.0
2026-07-24 11:10:48,2026-07-24 10:55,6731.0,6970.0,-3.43,2870900,6840.0,6680.0,7930.0,4280.0
2026-07-24 11:15:36,2026-07-24 11:00,6728.0,6970.0,-3.47,2917300,6840.0,6680.0,7930.0,4280.0
2026-07-24 11:20:41,2026-07-24 11:05,6721.0,6970.0,-3.57,2966300,6840.0,6680.0,7930.0,4280.0
2026-07-24 11:25:38,2026-07-24 11:10,6730.0,6970.0,-3.44,3029400,6840.0,6680.0,7930.0,4280.0
2026-07-24 11:30:30,2026-07-24 11:15,6726.0,6970.0,-3.5,3065600,6840.0,6680.0,7930.0,4280.0
2026-07-24 12:30:41,2026-07-24 11:30,6683.0,6970.0,-4.12,3512800,6840.0,6655.0,7930.0,4280.0
2026-07-24 12:35:36,2026-07-24 11:30,6683.0,6970.0,-4.12,3512800,6840.0,6655.0,7930.0,4280.0
2026-07-24 12:40:29,2026-07-24 11:30,6683.0,6970.0,-4.12,3512800,6840.0,6655.0,7930.0,4280.0
2026-07-24 12:45:31,2026-07-24 12:30,6660.0,6970.0,-4.45,3614400,6840.0,6655.0,7930.0,4280.0
2026-07-24 12:50:38,2026-07-24 12:35,6657.0,6970.0,-4.49,3777600,6840.0,6640.0,7930.0,4280.0
2026-07-24 12:55:37,2026-07-24 12:40,6676.0,6970.0,-4.22,3868800,6840.0,6640.0,7930.0,4280.0
2026-07-24 13:00:45,2026-07-24 12:45,6673.0,6970.0,-4.26,3923000,6840.0,6640.0,7930.0,4280.0
2026-07-24 13:05:33,2026-07-24 12:50,6665.0,6970.0,-4.38,3989200,6840.0,6640.0,7930.0,4280.0
2026-07-24 13:10:28,2026-07-24 12:55,6657.0,6970.0,-4.49,4044700,6840.0,6640.0,7930.0,4280.0
2026-07-24 13:15:33,2026-07-24 13:00,6647.0,6970.0,-4.63,4094300,6840.0,6640.0,7930.0,4280.0
2026-07-24 13:20:53,2026-07-24 13:05,6646.0,6970.0,-4.65,4165200,6840.0,6635.0,7930.0,4280.0
2026-07-24 13:25:32,2026-07-24 13:10,6634.0,6970.0,-4.82,4237000,6840.0,6634.0,7930.0,4280.0
2026-07-24 13:30:35,2026-07-24 13:15,6613.0,6970.0,-5.12,4341300,6840.0,6607.0,7930.0,4280.0
2026-07-24 13:35:30,2026-07-24 13:20,6610.0,6970.0,-5.16,4412600,6840.0,6607.0,7930.0,4280.0
2026-07-24 13:40:42,2026-07-24 13:25,6643.0,6970.0,-4.69,4483600,6840.0,6603.0,7930.0,4280.0
2026-07-24 13:45:37,2026-07-24 13:30,6655.0,6970.0,-4.52,4543000,6840.0,6603.0,7930.0,4280.0
2026-07-24 13:50:28,2026-07-24 13:35,6640.0,6970.0,-4.73,4625200,6840.0,6603.0,7930.0,4280.0
2026-07-24 13:55:29,2026-07-24 13:40,6638.0,6970.0,-4.76,4662400,6840.0,6603.0,7930.0,4280.0
2026-07-24 14:00:37,2026-07-24 13:45,6643.0,6970.0,-4.69,4699400,6840.0,6603.0,7930.0,4280.0
2026-07-24 14:05:52,2026-07-24 13:50,6638.0,6970.0,-4.76,4731000,6840.0,6603.0,7930.0,4280.0
2026-07-24 14:10:51,2026-07-24 13:55,6637.0,6970.0,-4.78,4764100,6840.0,6603.0,7930.0,4280.0
2026-07-24 14:15:46,2026-07-24 14:00,6642.0,6970.0,-4.71,4794000,6840.0,6603.0,7930.0,4280.0
2026-07-24 14:20:49,2026-07-24 14:05,6637.0,6970.0,-4.78,4852700,6840.0,6603.0,7930.0,4280.0
2026-07-24 14:25:47,2026-07-24 14:10,6657.0,6970.0,-4.49,4900900,6840.0,6603.0,7930.0,4280.0
2026-07-24 14:30:31,2026-07-24 14:15,6653.0,6970.0,-4.55,4945900,6840.0,6603.0,7930.0,4280.0
2026-07-24 14:35:37,2026-07-24 14:20,6659.0,6970.0,-4.46,4996800,6840.0,6603.0,7930.0,4280.0
2026-07-24 14:40:31,2026-07-24 14:25,6654.0,6970.0,-4.53,5049100,6840.0,6603.0,7930.0,4280.0
2026-07-24 14:45:31,2026-07-24 14:30,6653.0,6970.0,-4.55,5097500,6840.0,6603.0,7930.0,4280.0
2026-07-24 14:50:29,2026-07-24 14:35,6642.0,6970.0,-4.71,5160000,6840.0,6603.0,7930.0,4280.0
2026-07-24 14:55:43,2026-07-24 14:40,6640.0,6970.0,-4.73,5215000,6840.0,6603.0,7930.0,4280.0
2026-07-24 15:01:04,2026-07-24 14:46,6652.0,6970.0,-4.56,5270200,6840.0,6603.0,7930.0,4280.0
2026-07-24 15:05:54,2026-07-24 14:50,6647.0,6970.0,-4.63,5310500,6840.0,6603.0,7930.0,4280.0
2026-07-24 15:10:36,2026-07-24 14:55,6646.0,6970.0,-4.65,5431700,6840.0,6603.0,7930.0,4280.0
2026-07-24 15:15:30,2026-07-24 15:00,6647.0,6970.0,-4.63,5472000,6840.0,6603.0,7930.0,4280.0
2026-07-24 15:20:41,2026-07-24 15:05,6647.0,6970.0,-4.63,5519500,6840.0,6603.0,7930.0,4280.0
2026-07-24 15:25:38,2026-07-24 15:10,6662.0,6970.0,-4.42,5592300,6840.0,6603.0,7930.0,4280.0
2026-07-24 15:30:35,2026-07-24 15:15,6679.0,6970.0,-4.18,5693300,6840.0,6603.0,7930.0,4280.0
2026-07-24 15:51:03,2026-07-24 15:30,6702.0,6970.0,-3.85,7678900,6840.0,6603.0,7930.0,4280.0
2026-07-27 09:05:36,2026-07-24 15:30,6702.0,6970.0,-3.85,7678900,6840.0,6603.0,7930.0,4280.0
2026-07-27 09:10:59,2026-07-24 15:30,6702.0,6970.0,-3.85,7678900,6840.0,6603.0,7930.0,4280.0
2026-07-27 09:15:43,2026-07-24 15:30,6702.0,6970.0,-3.85,7678900,6840.0,6603.0,7930.0,4280.0
2026-07-27 09:20:38,2026-07-24 15:30,6702.0,6702.0,0.0,7678900,6840.0,6603.0,7930.0,4280.0
2026-07-27 09:25:32,2026-07-27 09:10,6394.0,6702.0,-4.6,2173000,6520.0,6345.0,7930.0,4280.0
2026-07-27 09:30:36,2026-07-27 09:15,6306.0,6702.0,-5.91,2928000,6520.0,6291.0,7930.0,4280.0
2026-07-27 09:35:41,2026-07-27 09:20,6344.0,6702.0,-5.34,3298300,6520.0,6291.0,7930.0,4280.0
2026-07-27 09:40:34,2026-07-27 09:25,6310.0,6702.0,-5.85,3545300,6520.0,6291.0,7930.0,4280.0
2026-07-27 09:47:04,2026-07-27 09:32,6332.0,6702.0,-5.52,3929900,6520.0,6291.0,7930.0,4280.0
2026-07-27 09:50:36,2026-07-27 09:35,6345.0,6702.0,-5.33,4046700,6520.0,6291.0,7930.0,4280.0
2026-07-27 09:57:00,2026-07-27 09:41,6319.0,6702.0,-5.71,4286700,6520.0,6291.0,7930.0,4280.0
2026-07-27 10:00:37,2026-07-27 09:45,6320.0,6702.0,-5.7,4425800,6520.0,6291.0,7930.0,4280.0
2026-07-27 10:06:15,2026-07-27 09:51,6331.0,6702.0,-5.54,4607600,6520.0,6291.0,7930.0,4280.0
2026-07-27 10:10:40,2026-07-27 09:55,6321.0,6702.0,-5.68,4753700,6520.0,6291.0,7930.0,4280.0
2026-07-27 10:15:30,2026-07-27 10:00,6284.0,6702.0,-6.24,5260200,6520.0,6284.0,7930.0,4280.0
2026-07-27 10:20:34,2026-07-27 10:05,6289.0,6702.0,-6.16,5436100,6520.0,6272.0,7930.0,4280.0
2026-07-27 10:25:34,2026-07-27 10:10,6261.0,6702.0,-6.58,5636700,6520.0,6261.0,7930.0,4280.0
2026-07-27 10:30:31,2026-07-27 10:15,6191.0,6702.0,-7.62,6051600,6520.0,6186.0,7930.0,4280.0
2026-07-27 10:35:29,2026-07-27 10:20,6231.0,6702.0,-7.03,6342800,6520.0,6186.0,7930.0,4280.0
2026-07-27 10:40:42,2026-07-27 10:25,6188.0,6702.0,-7.67,6542400,6520.0,6186.0,7930.0,4280.0
2026-07-27 10:47:34,2026-07-27 10:32,6201.0,6702.0,-7.48,6779700,6520.0,6175.0,7930.0,4280.0
2026-07-27 10:50:47,2026-07-27 10:35,6187.0,6702.0,-7.68,6916100,6520.0,6175.0,7930.0,4280.0
2026-07-27 10:55:53,2026-07-27 10:40,6205.0,6702.0,-7.42,7051300,6520.0,6175.0,7930.0,4280.0
2026-07-27 11:00:35,2026-07-27 10:45,6192.0,6702.0,-7.61,7192700,6520.0,6175.0,7930.0,4280.0
2026-07-27 11:06:01,2026-07-27 10:50,6207.0,6702.0,-7.39,7369300,6520.0,6175.0,7930.0,4280.0
2026-07-27 11:10:47,2026-07-27 10:55,6198.0,6702.0,-7.52,7483400,6520.0,6175.0,7930.0,4280.0
2026-07-27 11:15:33,2026-07-27 11:00,6203.0,6702.0,-7.45,7633900,6520.0,6175.0,7930.0,4280.0
2026-07-27 11:20:36,2026-07-27 11:05,6185.0,6702.0,-7.71,7767500,6520.0,6175.0,7930.0,4280.0
2026-07-27 11:25:37,2026-07-27 11:10,6182.0,6702.0,-7.76,7917700,6520.0,6175.0,7930.0,4280.0
2026-07-27 11:30:42,2026-07-27 11:15,6189.0,6702.0,-7.65,8030200,6520.0,6175.0,7930.0,4280.0
2026-07-27 12:30:35,2026-07-27 11:30,6193.0,6702.0,-7.59,8532200,6520.0,6168.0,7930.0,4280.0
2026-07-27 12:36:59,2026-07-27 11:30,6193.0,6702.0,-7.59,8532200,6520.0,6168.0,7930.0,4280.0
2026-07-27 12:40:43,2026-07-27 11:30,6193.0,6702.0,-7.59,8532200,6520.0,6168.0,7930.0,4280.0
2026-07-27 12:45:35,2026-07-27 12:30,6161.0,6702.0,-8.07,8768300,6520.0,6159.0,7930.0,4280.0
2026-07-27 12:50:38,2026-07-27 12:35,6172.0,6702.0,-7.91,8982400,6520.0,6144.0,7930.0,4280.0
2026-07-27 12:55:40,2026-07-27 12:40,6217.0,6702.0,-7.24,9158800,6520.0,6144.0,7930.0,4280.0
2026-07-27 13:00:41,2026-07-27 12:45,6193.0,6702.0,-7.59,9320900,6520.0,6144.0,7930.0,4280.0
2026-07-27 13:06:49,2026-07-27 12:51,6167.0,6702.0,-7.98,9502200,6520.0,6144.0,7930.0,4280.0
2026-07-27 13:10:35,2026-07-27 12:55,6154.0,6702.0,-8.18,9669500,6520.0,6144.0,7930.0,4280.0
2026-07-27 13:15:32,2026-07-27 13:00,6166.0,6702.0,-8.0,9792000,6520.0,6144.0,7930.0,4280.0
2026-07-27 13:20:35,2026-07-27 13:05,6148.0,6702.0,-8.27,9969100,6520.0,6140.0,7930.0,4280.0
2026-07-27 13:26:56,2026-07-27 13:11,6156.0,6702.0,-8.15,10083400,6520.0,6140.0,7930.0,4280.0
2026-07-27 13:32:07,2026-07-27 13:16,6156.0,6702.0,-8.15,10178400,6520.0,6140.0,7930.0,4280.0
2026-07-27 13:35:47,2026-07-27 13:20,6155.0,6702.0,-8.16,10270900,6520.0,6140.0,7930.0,4280.0
2026-07-27 13:40:34,2026-07-27 13:25,6160.0,6702.0,-8.09,10368300,6520.0,6140.0,7930.0,4280.0
2026-07-27 13:45:41,2026-07-27 13:30,6150.0,6702.0,-8.24,10487000,6520.0,6140.0,7930.0,4280.0
2026-07-27 13:50:36,2026-07-27 13:35,6168.0,6702.0,-7.97,10604200,6520.0,6140.0,7930.0,4280.0
2026-07-27 13:55:31,2026-07-27 13:40,6188.0,6702.0,-7.67,10708500,6520.0,6140.0,7930.0,4280.0
2026-07-27 14:00:34,2026-07-27 13:45,6180.0,6702.0,-7.79,10800800,6520.0,6140.0,7930.0,4280.0
2026-07-27 14:05:32,2026-07-27 13:50,6176.0,6702.0,-7.85,10897800,6520.0,6140.0,7930.0,4280.0
2026-07-27 14:10:37,2026-07-27 13:55,6178.0,6702.0,-7.82,10962900,6520.0,6140.0,7930.0,4280.0
2026-07-27 14:17:03,2026-07-27 14:02,6173.0,6702.0,-7.89,11092800,6520.0,6140.0,7930.0,4280.0
2026-07-27 14:20:31,2026-07-27 14:05,6175.0,6702.0,-7.86,11127400,6520.0,6140.0,7930.0,4280.0
2026-07-27 14:25:39,2026-07-27 14:10,6180.0,6702.0,-7.79,11221500,6520.0,6140.0,7930.0,4280.0
2026-07-27 14:30:31,2026-07-27 14:15,6176.0,6702.0,-7.85,11296600,6520.0,6140.0,7930.0,4280.0
2026-07-27 14:36:51,2026-07-27 14:21,6183.0,6702.0,-7.74,11376300,6520.0,6140.0,7930.0,4280.0
2026-07-27 14:40:34,2026-07-27 14:25,6177.0,6702.0,-7.83,11437800,6520.0,6140.0,7930.0,4280.0
2026-07-27 14:45:33,2026-07-27 14:30,6174.0,6702.0,-7.88,11544700,6520.0,6140.0,7930.0,4280.0
2026-07-27 14:50:44,2026-07-27 14:35,6170.0,6702.0,-7.94,11613600,6520.0,6140.0,7930.0,4280.0
2026-07-27 14:56:54,2026-07-27 14:41,6166.0,6702.0,-8.0,11736700,6520.0,6140.0,7930.0,4280.0
2026-07-27 15:00:39,2026-07-27 14:45,6177.0,6702.0,-7.83,11781500,6520.0,6140.0,7930.0,4280.0
2026-07-27 15:05:34,2026-07-27 14:50,6163.0,6702.0,-8.04,11881500,6520.0,6140.0,7930.0,4280.0
2026-07-27 15:10:43,2026-07-27 14:55,6164.0,6702.0,-8.03,12015500,6520.0,6140.0,7930.0,4280.0
2026-07-27 15:17:10,2026-07-27 15:02,6162.0,6702.0,-8.06,12116000,6520.0,6140.0,7930.0,4280.0
2026-07-27 15:21:57,2026-07-27 15:06,6157.0,6702.0,-8.13,12214900,6520.0,6140.0,7930.0,4280.0
2026-07-27 15:25:34,2026-07-27 15:10,6168.0,6702.0,-7.97,12279700,6520.0,6140.0,7930.0,4280.0
2026-07-27 15:30:51,2026-07-27 15:15,6159.0,6702.0,-8.1,12432600,6520.0,6140.0,7930.0,4280.0
2026-07-27 15:40:39,2026-07-27 15:25,6145.0,6702.0,-8.31,13012000,6520.0,6137.0,7930.0,4280.0
2026-07-28 09:05:33,2026-07-27 15:30,6146.0,6702.0,-8.3,14869000,6520.0,6137.0,7930.0,4280.0
2026-07-28 09:10:36,2026-07-27 15:30,6146.0,6702.0,-8.3,14869000,6520.0,6137.0,7930.0,4280.0
2026-07-28 09:15:30,2026-07-27 15:30,6146.0,6702.0,-8.3,14869000,6520.0,6137.0,7930.0,4280.0
2026-07-28 09:20:38,2026-07-28 09:05,6112.0,6146.0,-0.55,1226400,6125.0,6000.0,7930.0,4280.0
2026-07-28 09:25:37,2026-07-28 09:10,6107.0,6146.0,-0.63,1836800,6176.0,6000.0,7930.0,4280.0
2026-07-28 09:30:36,2026-07-28 09:15,6076.0,6146.0,-1.14,2283000,6176.0,6000.0,7930.0,4280.0
2026-07-28 09:35:47,2026-07-28 09:20,6050.0,6146.0,-1.56,2725600,6176.0,6000.0,7930.0,4280.0
2026-07-28 09:40:35,2026-07-28 09:25,6036.0,6146.0,-1.79,3080200,6176.0,6000.0,7930.0,4280.0
2026-07-28 09:45:50,2026-07-28 09:30,6033.0,6146.0,-1.84,3488900,6176.0,6000.0,7930.0,4280.0
2026-07-28 09:50:30,2026-07-28 09:35,6053.0,6146.0,-1.51,3753200,6176.0,6000.0,7930.0,4280.0
2026-07-28 09:55:32,2026-07-28 09:40,6019.0,6146.0,-2.07,3933300,6176.0,6000.0,7930.0,4280.0
2026-07-28 10:00:43,2026-07-28 09:45,6030.0,6146.0,-1.89,4071000,6176.0,6000.0,7930.0,4280.0
2026-07-28 10:05:43,2026-07-28 09:50,6002.0,6146.0,-2.34,4421000,6176.0,5997.0,7930.0,4280.0
2026-07-28 10:10:41,2026-07-28 09:55,5973.0,6146.0,-2.81,4665400,6176.0,5972.0,7930.0,4280.0
2026-07-28 10:15:31,2026-07-28 10:00,5991.0,6146.0,-2.52,4820100,6176.0,5966.0,7930.0,4280.0
2026-07-28 10:20:45,2026-07-28 10:05,6000.0,6146.0,-2.38,5077800,6176.0,5966.0,7930.0,4280.0
2026-07-28 10:25:44,2026-07-28 10:10,5988.0,6146.0,-2.57,5213400,6176.0,5966.0,7930.0,4280.0
2026-07-28 10:30:30,2026-07-28 10:15,5976.0,6146.0,-2.77,5356000,6176.0,5966.0,7930.0,4280.0
2026-07-28 10:35:37,2026-07-28 10:20,5943.0,6146.0,-3.3,5634400,6176.0,5941.0,7930.0,4280.0
2026-07-28 10:40:35,2026-07-28 10:25,5954.0,6146.0,-3.12,5747000,6176.0,5941.0,7930.0,4280.0
2026-07-28 10:45:32,2026-07-28 10:30,5957.0,6146.0,-3.08,5849100,6176.0,5941.0,7930.0,4280.0
2026-07-28 10:50:29,2026-07-28 10:35,5955.0,6146.0,-3.11,5956900,6176.0,5941.0,7930.0,4280.0
2026-07-28 10:55:39,2026-07-28 10:40,5932.0,6146.0,-3.48,6097700,6176.0,5928.0,7930.0,4280.0
2026-07-28 11:00:37,2026-07-28 10:45,5937.0,6146.0,-3.4,6253500,6176.0,5923.0,7930.0,4280.0
2026-07-28 11:05:47,2026-07-28 10:50,5952.0,6146.0,-3.16,6347400,6176.0,5923.0,7930.0,4280.0
2026-07-28 11:10:34,2026-07-28 10:55,5924.0,6146.0,-3.61,6466400,6176.0,5921.0,7930.0,4280.0
2026-07-28 11:15:42,2026-07-28 11:00,5910.0,6146.0,-3.84,6629700,6176.0,5906.0,7930.0,4280.0
2026-07-28 11:20:38,2026-07-28 11:05,5894.0,6146.0,-4.1,6792300,6176.0,5890.0,7930.0,4280.0
2026-07-28 11:25:35,2026-07-28 11:10,5894.0,6146.0,-4.1,6857100,6176.0,5890.0,7930.0,4280.0
2026-07-28 11:30:36,2026-07-28 11:15,5883.0,6146.0,-4.28,6963500,6176.0,5882.0,7930.0,4280.0
2026-07-28 12:30:29,2026-07-28 11:30,5877.0,6146.0,-4.38,7365500,6176.0,5866.0,7930.0,4280.0
2026-07-28 12:35:35,2026-07-28 11:30,5877.0,6146.0,-4.38,7365500,6176.0,5866.0,7930.0,4280.0
2026-07-28 12:40:41,2026-07-28 11:30,5877.0,6146.0,-4.38,7365500,6176.0,5866.0,7930.0,4280.0
2026-07-28 12:45:31,2026-07-28 12:30,5879.0,6146.0,-4.34,7533300,6176.0,5866.0,7930.0,4280.0
2026-07-28 12:50:47,2026-07-28 12:35,5881.0,6146.0,-4.31,7725300,6176.0,5860.0,7930.0,4280.0
2026-07-28 12:55:38,2026-07-28 12:40,5905.0,6146.0,-3.92,7882800,6176.0,5860.0,7930.0,4280.0
2026-07-28 13:00:37,2026-07-28 12:45,5915.0,6146.0,-3.76,8025900,6176.0,5860.0,7930.0,4280.0
2026-07-28 13:05:32,2026-07-28 12:50,5900.0,6146.0,-4.0,8154900,6176.0,5860.0,7930.0,4280.0
2026-07-28 13:10:41,2026-07-28 12:55,5871.0,6146.0,-4.47,8302800,6176.0,5860.0,7930.0,4280.0
2026-07-28 13:15:33,2026-07-28 13:00,5879.0,6146.0,-4.34,8625600,6176.0,5860.0,7930.0,4280.0
2026-07-28 13:20:35,2026-07-28 13:05,5872.0,6146.0,-4.46,8700500,6176.0,5860.0,7930.0,4280.0
2026-07-28 13:25:41,2026-07-28 13:10,5873.0,6146.0,-4.44,8833400,6176.0,5860.0,7930.0,4280.0
2026-07-28 13:30:37,2026-07-28 13:15,5873.0,6146.0,-4.44,8911000,6176.0,5860.0,7930.0,4280.0
2026-07-28 13:35:35,2026-07-28 13:20,5908.0,6146.0,-3.87,9326100,6176.0,5860.0,7930.0,4280.0
2026-07-28 13:40:37,2026-07-28 13:25,5903.0,6146.0,-3.95,9519600,6176.0,5860.0,7930.0,4280.0
2026-07-28 13:45:32,2026-07-28 13:30,5909.0,6146.0,-3.86,9591700,6176.0,5860.0,7930.0,4280.0
2026-07-28 13:50:41,2026-07-28 13:35,5902.0,6146.0,-3.97,9660500,6176.0,5860.0,7930.0,4280.0
2026-07-28 13:55:40,2026-07-28 13:40,5917.0,6146.0,-3.73,9763000,6176.0,5860.0,7930.0,4280.0
2026-07-28 14:00:31,2026-07-28 13:45,5925.0,6146.0,-3.6,9820500,6176.0,5860.0,7930.0,4280.0
2026-07-28 14:05:44,2026-07-28 13:50,5920.0,6146.0,-3.68,9879400,6176.0,5860.0,7930.0,4280.0
2026-07-28 14:10:33,2026-07-28 13:55,5935.0,6146.0,-3.43,9938900,6176.0,5860.0,7930.0,4280.0
2026-07-28 14:15:31,2026-07-28 14:00,5919.0,6146.0,-3.69,10023000,6176.0,5860.0,7930.0,4280.0
2026-07-28 14:20:38,2026-07-28 14:05,5907.0,6146.0,-3.89,10137200,6176.0,5860.0,7930.0,4280.0
2026-07-28 14:25:36,2026-07-28 14:10,5906.0,6146.0,-3.9,10206300,6176.0,5860.0,7930.0,4280.0
2026-07-28 14:30:32,2026-07-28 14:15,5905.0,6146.0,-3.92,10274000,6176.0,5860.0,7930.0,4280.0
2026-07-28 14:35:51,2026-07-28 14:20,5904.0,6146.0,-3.94,10379600,6176.0,5860.0,7930.0,4280.0
2026-07-28 14:40:40,2026-07-28 14:25,5901.0,6146.0,-3.99,10441000,6176.0,5860.0,7930.0,4280.0
2026-07-28 14:45:31,2026-07-28 14:30,5891.0,6146.0,-4.15,10544800,6176.0,5860.0,7930.0,4280.0
2026-07-28 14:50:39,2026-07-28 14:35,5871.0,6146.0,-4.47,10658400,6176.0,5860.0,7930.0,4280.0
2026-07-28 14:55:35,2026-07-28 14:40,5868.0,6146.0,-4.52,11005600,6176.0,5846.0,7930.0,4280.0
2026-07-28 15:00:40,2026-07-28 14:45,5859.0,6146.0,-4.67,11112700,6176.0,5846.0,7930.0,4280.0
2026-07-28 15:05:49,2026-07-28 14:50,5867.0,6146.0,-4.54,11251200,6176.0,5846.0,7930.0,4280.0
2026-07-28 15:10:49,2026-07-28 14:55,5876.0,6146.0,-4.39,11410800,6176.0,5846.0,7930.0,4280.0
2026-07-28 15:15:48,2026-07-28 15:00,5868.0,6146.0,-4.52,11701300,6176.0,5846.0,7930.0,4280.0
2026-07-28 15:20:40,2026-07-28 15:05,5861.0,6146.0,-4.64,11831000,6176.0,5846.0,7930.0,4280.0
2026-07-28 15:25:35,2026-07-28 15:10,5859.0,6146.0,-4.67,11991500,6176.0,5846.0,7930.0,4280.0
2026-07-28 15:30:37,2026-07-28 15:15,5866.0,6146.0,-4.56,12134000,6176.0,5846.0,7930.0,4280.0
2026-07-28 15:40:34,2026-07-28 15:24,5872.0,6146.0,-4.46,12934300,6176.0,5846.0,7930.0,4280.0
2026-07-29 09:10:44,2026-07-28 15:30,5872.0,6146.0,-4.46,15490100,6176.0,5846.0,7930.0,4280.0
2026-07-29 09:15:30,2026-07-29 09:00,5872.0,6146.0,-4.46,16123000,5877.0,5825.0,7930.0,4280.0
2026-07-29 09:20:37,2026-07-29 09:05,5849.0,5872.0,-0.39,957900,5877.0,5814.0,7930.0,4280.0
2026-07-29 09:25:34,2026-07-29 09:10,5886.0,5872.0,0.24,1194000,5910.0,5814.0,7930.0,4280.0
2026-07-29 09:30:31,2026-07-29 09:15,5894.0,5872.0,0.37,1358800,5910.0,5814.0,7930.0,4280.0
2026-07-29 09:35:50,2026-07-29 09:20,5931.0,5872.0,1.0,1617900,5940.0,5814.0,7930.0,4280.0
2026-07-29 09:40:36,2026-07-29 09:25,5908.0,5872.0,0.61,1846400,5945.0,5814.0,7930.0,4280.0
2026-07-29 09:45:42,2026-07-29 09:30,5872.0,5872.0,0.0,2027900,5945.0,5814.0,7930.0,4280.0
2026-07-29 09:50:38,2026-07-29 09:35,5846.0,5872.0,-0.44,2177200,5945.0,5814.0,7930.0,4280.0
2026-07-29 09:55:40,2026-07-29 09:40,5870.0,5872.0,-0.03,2278500,5945.0,5814.0,7930.0,4280.0
2026-07-29 10:00:35,2026-07-29 09:45,5859.0,5872.0,-0.22,2445300,5945.0,5814.0,7930.0,4280.0
2026-07-29 10:05:34,2026-07-29 09:50,5859.0,5872.0,-0.22,2532300,5945.0,5814.0,7930.0,4280.0
2026-07-29 10:10:42,2026-07-29 09:55,5867.0,5872.0,-0.09,2647900,5945.0,5814.0,7930.0,4280.0
2026-07-29 10:15:39,2026-07-29 10:00,5826.0,5872.0,-0.78,2789400,5945.0,5814.0,7930.0,4280.0
2026-07-29 10:20:33,2026-07-29 10:05,5856.0,5872.0,-0.27,2932300,5945.0,5814.0,7930.0,4280.0
2026-07-29 10:25:36,2026-07-29 10:10,5801.0,5872.0,-1.21,3083300,5945.0,5801.0,7930.0,4280.0
2026-07-29 10:30:30,2026-07-29 10:15,5755.0,5872.0,-1.99,3373900,5945.0,5752.0,7930.0,4280.0
2026-07-29 10:35:34,2026-07-29 10:20,5757.0,5872.0,-1.96,3602900,5945.0,5736.0,7930.0,4280.0
2026-07-29 10:40:36,2026-07-29 10:25,5799.0,5872.0,-1.24,3729100,5945.0,5736.0,7930.0,4280.0
2026-07-29 10:45:32,2026-07-29 10:30,5799.0,5872.0,-1.24,3828100,5945.0,5736.0,7930.0,4280.0
2026-07-29 10:50:45,2026-07-29 10:35,5769.0,5872.0,-1.75,3956000,5945.0,5736.0,7930.0,4280.0
2026-07-29 10:55:35,2026-07-29 10:40,5757.0,5872.0,-1.96,4073800,5945.0,5736.0,7930.0,4280.0
2026-07-29 11:00:46,2026-07-29 10:45,5745.0,5872.0,-2.16,4208200,5945.0,5735.0,7930.0,4280.0
2026-07-29 11:05:46,2026-07-29 10:50,5722.0,5872.0,-2.55,4334000,5945.0,5715.0,7930.0,4280.0
2026-07-29 11:10:38,2026-07-29 10:55,5728.0,5872.0,-2.45,4633400,5945.0,5708.0,7930.0,4280.0
2026-07-29 11:15:31,2026-07-29 11:00,5686.0,5872.0,-3.17,4910400,5945.0,5682.0,7930.0,4280.0
2026-07-29 11:20:37,2026-07-29 11:05,5699.0,5872.0,-2.95,5080700,5945.0,5675.0,7930.0,4280.0
2026-07-29 11:25:32,2026-07-29 11:10,5722.0,5872.0,-2.55,5199200,5945.0,5675.0,7930.0,4280.0
2026-07-29 11:30:43,2026-07-29 11:15,5741.0,5872.0,-2.23,5315700,5945.0,5675.0,7930.0,4280.0
2026-07-29 12:30:40,2026-07-29 11:30,5763.0,5872.0,-1.86,5666400,5945.0,5675.0,7930.0,4280.0
2026-07-29 12:35:36,2026-07-29 11:30,5763.0,5872.0,-1.86,5666400,5945.0,5675.0,7930.0,4280.0
2026-07-29 12:40:35,2026-07-29 11:30,5763.0,5872.0,-1.86,5666400,5945.0,5675.0,7930.0,4280.0
2026-07-29 12:45:41,2026-07-29 12:30,5725.0,5872.0,-2.5,5842200,5945.0,5675.0,7930.0,4280.0
2026-07-29 12:50:34,2026-07-29 12:35,5719.0,5872.0,-2.61,5988200,5945.0,5675.0,7930.0,4280.0
2026-07-29 12:55:31,2026-07-29 12:40,5700.0,5872.0,-2.93,6146800,5945.0,5675.0,7930.0,4280.0
2026-07-29 13:00:35,2026-07-29 12:45,5716.0,5872.0,-2.66,6268000,5945.0,5675.0,7930.0,4280.0
2026-07-29 13:05:39,2026-07-29 12:50,5698.0,5872.0,-2.96,6386400,5945.0,5675.0,7930.0,4280.0
2026-07-29 13:10:47,2026-07-29 12:55,5669.0,5872.0,-3.46,6529400,5945.0,5669.0,7930.0,4280.0
2026-07-29 13:15:34,2026-07-29 13:00,5659.0,5872.0,-3.63,6713100,5945.0,5653.0,7930.0,4280.0
2026-07-29 13:20:33,2026-07-29 13:05,5651.0,5872.0,-3.76,6848600,5945.0,5641.0,7930.0,4280.0
2026-07-29 13:25:41,2026-07-29 13:10,5660.0,5872.0,-3.61,6967400,5945.0,5641.0,7930.0,4280.0
2026-07-29 13:30:37,2026-07-29 13:15,5651.0,5872.0,-3.76,7081100,5945.0,5641.0,7930.0,4280.0
2026-07-29 13:35:43,2026-07-29 13:20,5652.0,5872.0,-3.75,7193000,5945.0,5640.0,7930.0,4280.0
2026-07-29 13:40:43,2026-07-29 13:25,5658.0,5872.0,-3.64,7284300,5945.0,5640.0,7930.0,4280.0
2026-07-29 13:45:45,2026-07-29 13:30,5649.0,5872.0,-3.8,7384300,5945.0,5640.0,7930.0,4280.0
2026-07-29 13:50:30,2026-07-29 13:35,5643.0,5872.0,-3.9,7481900,5945.0,5636.0,7930.0,4280.0
2026-07-29 13:55:39,2026-07-29 13:40,5645.0,5872.0,-3.87,7574200,5945.0,5636.0,7930.0,4280.0
2026-07-29 14:00:32,2026-07-29 13:45,5638.0,5872.0,-3.99,7637200,5945.0,5636.0,7930.0,4280.0
2026-07-29 14:05:44,2026-07-29 13:50,5686.0,5872.0,-3.17,7764600,5945.0,5636.0,7930.0,4280.0
2026-07-29 14:10:37,2026-07-29 13:55,5724.0,5872.0,-2.52,7937100,5945.0,5636.0,7930.0,4280.0
2026-07-29 14:15:36,2026-07-29 14:00,5715.0,5872.0,-2.67,8161300,5945.0,5636.0,7930.0,4280.0
2026-07-29 14:20:43,2026-07-29 14:05,5694.0,5872.0,-3.03,8259600,5945.0,5636.0,7930.0,4280.0
2026-07-29 14:25:43,2026-07-29 14:10,5719.0,5872.0,-2.61,8361800,5945.0,5636.0,7930.0,4280.0
2026-07-29 14:30:41,2026-07-29 14:15,5699.0,5872.0,-2.95,8452900,5945.0,5636.0,7930.0,4280.0
2026-07-29 14:35:47,2026-07-29 14:20,5695.0,5872.0,-3.01,8532600,5945.0,5636.0,7930.0,4280.0
2026-07-29 14:40:31,2026-07-29 14:25,5718.0,5872.0,-2.62,8603500,5945.0,5636.0,7930.0,4280.0
2026-07-29 14:45:42,2026-07-29 14:30,5706.0,5872.0,-2.83,8675200,5945.0,5636.0,7930.0,4280.0
2026-07-29 14:50:47,2026-07-29 14:35,5703.0,5872.0,-2.88,8774000,5945.0,5636.0,7930.0,4280.0
2026-07-29 14:55:33,2026-07-29 14:40,5703.0,5872.0,-2.88,8832300,5945.0,5636.0,7930.0,4280.0
2026-07-29 15:00:34,2026-07-29 14:45,5701.0,5872.0,-2.91,8909000,5945.0,5636.0,7930.0,4280.0
2026-07-29 15:05:41,2026-07-29 14:50,5691.0,5872.0,-3.08,9027600,5945.0,5636.0,7930.0,4280.0
2026-07-29 15:10:41,2026-07-29 14:55,5695.0,5872.0,-3.01,9112400,5945.0,5636.0,7930.0,4280.0
2026-07-29 15:15:52,2026-07-29 15:00,5687.0,5872.0,-3.15,9189100,5945.0,5636.0,7930.0,4280.0
2026-07-29 15:20:39,2026-07-29 15:05,5684.0,5872.0,-3.2,9290900,5945.0,5636.0,7930.0,4280.0
2026-07-29 15:25:34,2026-07-29 15:10,5669.0,5872.0,-3.46,9412200,5945.0,5636.0,7930.0,4280.0
2026-07-29 15:30:40,2026-07-29 15:15,5683.0,5872.0,-3.22,9562000,5945.0,5636.0,7930.0,4280.0
2026-07-29 15:40:37,2026-07-29 15:24,5685.0,5872.0,-3.18,9905200,5945.0,5636.0,7930.0,4280.0
2026-07-30 09:05:38,2026-07-29 15:30,5690.0,5872.0,-3.1,12006700,5945.0,5636.0,7930.0,4280.0
2026-07-30 09:10:42,2026-07-29 15:30,5690.0,5872.0,-3.1,12006700,5945.0,5636.0,7930.0,4280.0
2026-07-30 09:15:31,2026-07-30 09:00,5690.0,5872.0,-3.1,12644400,5773.0,5696.0,7930.0,4280.0
2026-07-30 09:20:33,2026-07-30 09:05,5763.0,5690.0,1.28,988300,5773.0,5696.0,7930.0,4280.0
2026-07-30 09:25:31,2026-07-30 09:10,5805.0,5690.0,2.02,1373900,5821.0,5696.0,7930.0,4280.0
2026-07-30 09:30:33,2026-07-30 09:15,5812.0,5690.0,2.14,1708500,5833.0,5696.0,7930.0,4280.0
2026-07-30 09:35:45,2026-07-30 09:20,5836.0,5690.0,2.57,1997100,5863.0,5696.0,7930.0,4280.0
2026-07-30 09:40:44,2026-07-30 09:25,5848.0,5690.0,2.78,2192100,5863.0,5696.0,7930.0,4280.0
2026-07-30 09:45:31,2026-07-30 09:30,5827.0,5690.0,2.41,2344600,5863.0,5696.0,7930.0,4280.0
2026-07-30 09:50:38,2026-07-30 09:35,5817.0,5690.0,2.23,2470700,5863.0,5696.0,7930.0,4280.0
2026-07-30 09:55:42,2026-07-30 09:40,5796.0,5690.0,1.86,2690600,5863.0,5696.0,7930.0,4280.0
2026-07-30 10:00:37,2026-07-30 09:45,5797.0,5690.0,1.88,2889700,5863.0,5696.0,7930.0,4280.0
2026-07-30 10:05:39,2026-07-30 09:50,5801.0,5690.0,1.95,3055400,5863.0,5696.0,7930.0,4280.0
2026-07-30 10:10:50,2026-07-30 09:55,5846.0,5690.0,2.74,3146700,5863.0,5696.0,7930.0,4280.0
2026-07-30 10:15:30,2026-07-30 10:00,5839.0,5690.0,2.62,3230700,5863.0,5696.0,7930.0,4280.0
2026-07-30 10:20:36,2026-07-30 10:05,5869.0,5690.0,3.15,3371400,5870.0,5696.0,7930.0,4280.0
2026-07-30 10:25:30,2026-07-30 10:10,5846.0,5690.0,2.74,3538200,5879.0,5696.0,7930.0,4280.0
2026-07-30 10:30:34,2026-07-30 10:15,5819.0,5690.0,2.27,3649100,5879.0,5696.0,7930.0,4280.0
2026-07-30 10:35:31,2026-07-30 10:20,5827.0,5690.0,2.41,3754400,5879.0,5696.0,7930.0,4280.0
2026-07-30 10:40:32,2026-07-30 10:25,5838.0,5690.0,2.6,3813600,5879.0,5696.0,7930.0,4280.0
2026-07-30 10:45:30,2026-07-30 10:30,5841.0,5690.0,2.65,3906900,5879.0,5696.0,7930.0,4280.0
2026-07-30 10:50:33,2026-07-30 10:35,5844.0,5690.0,2.71,3983700,5879.0,5696.0,7930.0,4280.0
2026-07-30 10:55:38,2026-07-30 10:40,5860.0,5690.0,2.99,4075300,5879.0,5696.0,7930.0,4280.0
2026-07-30 11:00:42,2026-07-30 10:45,5846.0,5690.0,2.74,4177600,5879.0,5696.0,7930.0,4280.0
2026-07-30 11:05:38,2026-07-30 10:50,5853.0,5690.0,2.86,4274800,5879.0,5696.0,7930.0,4280.0
2026-07-30 11:10:54,2026-07-30 10:55,5847.0,5690.0,2.76,4393700,5879.0,5696.0,7930.0,4280.0
2026-07-30 11:15:34,2026-07-30 11:00,5839.0,5690.0,2.62,4446700,5879.0,5696.0,7930.0,4280.0
2026-07-30 11:20:35,2026-07-30 11:05,5823.0,5690.0,2.34,4577200,5879.0,5696.0,7930.0,4280.0
2026-07-30 11:25:32,2026-07-30 11:10,5819.0,5690.0,2.27,4625300,5879.0,5696.0,7930.0,4280.0
2026-07-30 11:30:38,2026-07-30 11:15,5822.0,5690.0,2.32,4674400,5879.0,5696.0,7930.0,4280.0
2026-07-30 12:30:31,2026-07-30 11:30,5829.0,5690.0,2.44,4812400,5879.0,5696.0,7930.0,4280.0
2026-07-30 12:35:38,2026-07-30 11:30,5829.0,5690.0,2.44,4812400,5879.0,5696.0,7930.0,4280.0
2026-07-30 12:40:33,2026-07-30 11:30,5829.0,5690.0,2.44,4812400,5879.0,5696.0,7930.0,4280.0
2026-07-30 12:45:36,2026-07-30 12:30,5781.0,5690.0,1.6,4982000,5879.0,5696.0,7930.0,4280.0
2026-07-30 12:50:31,2026-07-30 12:35,5800.0,5690.0,1.93,5082800,5879.0,5696.0,7930.0,4280.0
2026-07-30 12:55:42,2026-07-30 12:40,5781.0,5690.0,1.6,5172400,5879.0,5696.0,7930.0,4280.0
2026-07-30 13:00:43,2026-07-30 12:45,5801.0,5690.0,1.95,5275200,5879.0,5696.0,7930.0,4280.0
2026-07-30 13:05:29,2026-07-30 12:50,5800.0,5690.0,1.93,5355000,5879.0,5696.0,7930.0,4280.0
2026-07-30 13:10:39,2026-07-30 12:55,5812.0,5690.0,2.14,5441500,5879.0,5696.0,7930.0,4280.0
2026-07-30 13:15:35,2026-07-30 13:00,5795.0,5690.0,1.85,5519700,5879.0,5696.0,7930.0,4280.0
2026-07-30 13:20:30,2026-07-30 13:05,5810.0,5690.0,2.11,5597700,5879.0,5696.0,7930.0,4280.0
2026-07-30 13:25:33,2026-07-30 13:10,5805.0,5690.0,2.02,5680200,5879.0,5696.0,7930.0,4280.0
2026-07-30 13:30:34,2026-07-30 13:15,5797.0,5690.0,1.88,5752000,5879.0,5696.0,7930.0,4280.0
2026-07-30 13:35:33,2026-07-30 13:20,5802.0,5690.0,1.97,5817900,5879.0,5696.0,7930.0,4280.0
2026-07-30 13:40:31,2026-07-30 13:25,5817.0,5690.0,2.23,5911800,5879.0,5696.0,7930.0,4280.0
2026-07-30 13:45:32,2026-07-30 13:30,5825.0,5690.0,2.37,6002800,5879.0,5696.0,7930.0,4280.0
2026-07-30 13:50:34,2026-07-30 13:35,5826.0,5690.0,2.39,6067900,5879.0,5696.0,7930.0,4280.0
2026-07-30 13:55:41,2026-07-30 13:40,5815.0,5690.0,2.2,6147600,5879.0,5696.0,7930.0,4280.0
2026-07-30 14:00:50,2026-07-30 13:45,5807.0,5690.0,2.06,6224700,5879.0,5696.0,7930.0,4280.0
2026-07-30 14:05:37,2026-07-30 13:50,5801.0,5690.0,1.95,6284000,5879.0,5696.0,7930.0,4280.0
2026-07-30 14:10:31,2026-07-30 13:55,5803.0,5690.0,1.99,6351400,5879.0,5696.0,7930.0,4280.0
2026-07-30 14:15:31,2026-07-30 14:00,5786.0,5690.0,1.69,6430700,5879.0,5696.0,7930.0,4280.0
2026-07-30 14:20:28,2026-07-30 14:05,5771.0,5690.0,1.42,6518500,5879.0,5696.0,7930.0,4280.0
2026-07-30 14:25:39,2026-07-30 14:10,5781.0,5690.0,1.6,6578900,5879.0,5696.0,7930.0,4280.0
2026-07-30 14:30:39,2026-07-30 14:15,5793.0,5690.0,1.81,6632500,5879.0,5696.0,7930.0,4280.0
2026-07-30 14:35:31,2026-07-30 14:20,5806.0,5690.0,2.04,6695300,5879.0,5696.0,7930.0,4280.0
2026-07-30 14:40:45,2026-07-30 14:25,5804.0,5690.0,2.0,6759600,5879.0,5696.0,7930.0,4280.0
2026-07-30 14:45:29,2026-07-30 14:30,5798.0,5690.0,1.9,6826300,5879.0,5696.0,7930.0,4280.0
2026-07-30 14:50:40,2026-07-30 14:35,5806.0,5690.0,2.04,6895500,5879.0,5696.0,7930.0,4280.0
2026-07-30 14:55:40,2026-07-30 14:40,5813.0,5690.0,2.16,6961100,5879.0,5696.0,7930.0,4280.0
2026-07-30 15:00:32,2026-07-30 14:45,5818.0,5690.0,2.25,7031200,5879.0,5696.0,7930.0,4280.0
2026-07-30 15:05:37,2026-07-30 14:50,5798.0,5690.0,1.9,7129300,5879.0,5696.0,7930.0,4280.0
2026-07-30 15:10:50,2026-07-30 14:55,5780.0,5690.0,1.58,7219500,5879.0,5696.0,7930.0,4280.0
2026-07-30 15:15:36,2026-07-30 15:00,5779.0,5690.0,1.56,7292500,5879.0,5696.0,7930.0,4280.0
2026-07-30 15:20:36,2026-07-30 15:05,5785.0,5690.0,1.67,7370700,5879.0,5696.0,7930.0,4280.0
2026-07-30 15:25:33,2026-07-30 15:10,5783.0,5690.0,1.63,7457100,5879.0,5696.0,7930.0,4280.0
2026-07-30 15:30:38,2026-07-30 15:15,5770.0,5690.0,1.41,7564700,5879.0,5696.0,7930.0,4280.0
2026-07-30 15:40:32,2026-07-30 15:24,5765.0,5690.0,1.32,7798100,5879.0,5696.0,7930.0,4280.0
2026-07-31 09:05:36,2026-07-30 15:30,5756.0,5690.0,1.16,10102300,5879.0,5696.0,7930.0,4280.0
2026-07-31 09:10:45,2026-07-30 15:30,5756.0,5690.0,1.16,10102300,5879.0,5696.0,7930.0,4280.0
2026-07-31 09:15:37,2026-07-30 15:30,5756.0,5690.0,1.16,10102300,5879.0,5696.0,7930.0,4280.0
2026-07-31 09:20:37,2026-07-31 09:05,5908.0,5756.0,2.64,1645700,5952.0,5868.0,7930.0,4280.0
2026-07-31 09:25:37,2026-07-31 09:10,5970.0,5756.0,3.72,3030200,5991.0,5868.0,7930.0,4280.0
2026-07-31 09:30:45,2026-07-31 09:15,5919.0,5756.0,2.83,3689100,5991.0,5868.0,7930.0,4280.0
2026-07-31 09:35:41,2026-07-31 09:20,5915.0,5756.0,2.76,4223400,5991.0,5868.0,7930.0,4280.0
2026-07-31 09:40:30,2026-07-31 09:25,5927.0,5756.0,2.97,4736900,5991.0,5868.0,7930.0,4280.0
2026-07-31 09:45:40,2026-07-31 09:30,5932.0,5756.0,3.06,5074500,5991.0,5868.0,7930.0,4280.0
2026-07-31 09:50:33,2026-07-31 09:35,5947.0,5756.0,3.32,5357900,5991.0,5868.0,7930.0,4280.0
2026-07-31 09:55:32,2026-07-31 09:40,5946.0,5756.0,3.3,5585700,5991.0,5868.0,7930.0,4280.0
2026-07-31 10:00:32,2026-07-31 09:45,5945.0,5756.0,3.28,5789100,5991.0,5868.0,7930.0,4280.0
2026-07-31 10:05:33,2026-07-31 09:50,5928.0,5756.0,2.99,5961300,5991.0,5868.0,7930.0,4280.0
2026-07-31 10:10:41,2026-07-31 09:55,5941.0,5756.0,3.21,6114700,5991.0,5868.0,7930.0,4280.0
2026-07-31 10:15:30,2026-07-31 10:00,5937.0,5756.0,3.14,6222100,5991.0,5868.0,7930.0,4280.0
2026-07-31 10:20:31,2026-07-31 10:05,5973.0,5756.0,3.77,6464300,5991.0,5868.0,7930.0,4280.0
2026-07-31 10:25:39,2026-07-31 10:10,6037.0,5756.0,4.88,6856300,6039.0,5868.0,7930.0,4280.0
2026-07-31 10:30:40,2026-07-31 10:15,6037.0,5756.0,4.88,7130400,6042.0,5868.0,7930.0,4280.0
2026-07-31 10:35:34,2026-07-31 10:20,5982.0,5756.0,3.93,7366600,6042.0,5868.0,7930.0,4280.0
2026-07-31 10:40:33,2026-07-31 10:25,5977.0,5756.0,3.84,7594700,6042.0,5868.0,7930.0,4280.0
2026-07-31 10:45:38,2026-07-31 10:30,5979.0,5756.0,3.87,7784000,6042.0,5868.0,7930.0,4280.0
2026-07-31 10:50:40,2026-07-31 10:35,5963.0,5756.0,3.6,7965000,6042.0,5868.0,7930.0,4280.0
2026-07-31 10:55:30,2026-07-31 10:40,5953.0,5756.0,3.42,8159500,6042.0,5868.0,7930.0,4280.0
2026-07-31 11:00:40,2026-07-31 10:45,5958.0,5756.0,3.51,8285200,6042.0,5868.0,7930.0,4280.0
2026-07-31 11:05:32,2026-07-31 10:50,5942.0,5756.0,3.23,8444700,6042.0,5868.0,7930.0,4280.0
2026-07-31 11:10:35,2026-07-31 10:55,5945.0,5756.0,3.28,8551300,6042.0,5868.0,7930.0,4280.0
2026-07-31 11:15:39,2026-07-31 11:00,5985.0,5756.0,3.98,8782900,6042.0,5868.0,7930.0,4280.0
2026-07-31 11:20:34,2026-07-31 11:05,5950.0,5756.0,3.37,8989200,6042.0,5868.0,7930.0,4280.0
2026-07-31 11:25:32,2026-07-31 11:10,5926.0,5756.0,2.95,9233000,6042.0,5868.0,7930.0,4280.0
2026-07-31 11:30:45,2026-07-31 11:15,5891.0,5756.0,2.35,9419700,6042.0,5868.0,7930.0,4280.0
2026-07-31 12:30:47,2026-07-31 11:30,5856.0,5756.0,1.74,9858300,6042.0,5853.0,7930.0,4280.0
2026-07-31 12:35:45,2026-07-31 11:30,5856.0,5756.0,1.74,9858300,6042.0,5853.0,7930.0,4280.0
2026-07-31 12:40:34,2026-07-31 11:30,5856.0,5756.0,1.74,9858300,6042.0,5853.0,7930.0,4280.0
2026-07-31 12:45:38,2026-07-31 12:30,5857.0,5756.0,1.75,10085000,6042.0,5827.0,7930.0,4280.0
2026-07-31 12:50:31,2026-07-31 12:35,5810.0,5756.0,0.94,10331300,6042.0,5806.0,7930.0,4280.0
2026-07-31 12:55:37,2026-07-31 12:40,5808.0,5756.0,0.9,10498100,6042.0,5805.0,7930.0,4280.0
2026-07-31 13:00:38,2026-07-31 12:45,5820.0,5756.0,1.11,10604600,6042.0,5803.0,7930.0,4280.0
2026-07-31 13:05:41,2026-07-31 12:50,5814.0,5756.0,1.01,10779800,6042.0,5802.0,7930.0,4280.0
2026-07-31 13:10:30,2026-07-31 12:55,5821.0,5756.0,1.13,10886300,6042.0,5802.0,7930.0,4280.0
2026-07-31 13:15:38,2026-07-31 13:00,5824.0,5756.0,1.18,11009500,6042.0,5802.0,7930.0,4280.0
2026-07-31 13:20:37,2026-07-31 13:05,5836.0,5756.0,1.39,11136000,6042.0,5802.0,7930.0,4280.0
2026-07-31 13:25:35,2026-07-31 13:10,5826.0,5756.0,1.22,11245900,6042.0,5802.0,7930.0,4280.0
2026-07-31 13:30:30,2026-07-31 13:15,5822.0,5756.0,1.15,11344200,6042.0,5802.0,7930.0,4280.0
2026-07-31 13:35:35,2026-07-31 13:20,5826.0,5756.0,1.22,11447200,6042.0,5802.0,7930.0,4280.0
2026-07-31 13:40:37,2026-07-31 13:25,5817.0,5756.0,1.06,11536000,6042.0,5802.0,7930.0,4280.0
2026-07-31 13:45:43,2026-07-31 13:30,5833.0,5756.0,1.34,11637100,6042.0,5802.0,7930.0,4280.0
2026-07-31 13:50:35,2026-07-31 13:35,5833.0,5756.0,1.34,11754400,6042.0,5802.0,7930.0,4280.0
2026-07-31 13:55:42,2026-07-31 13:40,5836.0,5756.0,1.39,11843100,6042.0,5802.0,7930.0,4280.0
2026-07-31 14:00:36,2026-07-31 13:45,5843.0,5756.0,1.51,11922000,6042.0,5802.0,7930.0,4280.0
2026-07-31 14:05:31,2026-07-31 13:50,5839.0,5756.0,1.44,12013200,6042.0,5802.0,7930.0,4280.0
2026-07-31 14:10:31,2026-07-31 13:55,5837.0,5756.0,1.41,12108300,6042.0,5802.0,7930.0,4280.0
2026-07-31 14:15:55,2026-07-31 14:00,5845.0,5756.0,1.55,12206200,6042.0,5802.0,7930.0,4280.0
2026-07-31 14:20:31,2026-07-31 14:05,5841.0,5756.0,1.48,12291100,6042.0,5802.0,7930.0,4280.0
2026-07-31 14:25:41,2026-07-31 14:10,5849.0,5756.0,1.62,12413400,6042.0,5802.0,7930.0,4280.0
2026-07-31 14:30:40,2026-07-31 14:15,5855.0,5756.0,1.72,12538800,6042.0,5802.0,7930.0,4280.0
2026-07-31 14:36:23,2026-07-31 14:21,5866.0,5756.0,1.91,12685200,6042.0,5802.0,7930.0,4280.0
2026-07-31 14:40:49,2026-07-31 14:25,5857.0,5756.0,1.75,12826900,6042.0,5802.0,7930.0,4280.0
2026-07-31 14:45:36,2026-07-31 14:30,5846.0,5756.0,1.56,12987100,6042.0,5802.0,7930.0,4280.0
2026-07-31 14:50:31,2026-07-31 14:35,5829.0,5756.0,1.27,13143500,6042.0,5802.0,7930.0,4280.0
2026-07-31 14:55:34,2026-07-31 14:40,5836.0,5756.0,1.39,13263000,6042.0,5802.0,7930.0,4280.0
2026-07-31 15:00:45,2026-07-31 14:45,5823.0,5756.0,1.16,13374000,6042.0,5802.0,7930.0,4280.0
2026-07-31 15:05:40,2026-07-31 14:50,5837.0,5756.0,1.41,13506100,6042.0,5802.0,7930.0,4280.0
2026-07-31 15:10:44,2026-07-31 14:55,5836.0,5756.0,1.39,13620900,6042.0,5802.0,7930.0,4280.0
2026-07-31 15:15:37,2026-07-31 15:00,5836.0,5756.0,1.39,13766800,6042.0,5802.0,7930.0,4280.0
2026-07-31 15:20:45,2026-07-31 15:05,5840.0,5756.0,1.46,13967300,6042.0,5802.0,7930.0,4280.0
2026-07-31 15:25:39,2026-07-31 15:10,5837.0,5756.0,1.41,14225300,6042.0,5802.0,7930.0,4280.0
2026-07-31 15:30:51,2026-07-31 15:15,5825.0,5756.0,1.2,14668100,6042.0,5802.0,7930.0,4280.0
2026-07-31 15:40:39,2026-07-31 15:24,5832.0,5756.0,1.32,15218300,6042.0,5802.0,7930.0,4280.0
2026-08-03 09:05:30,2026-07-31 15:30,5800.0,5756.0,0.76,18785700,6042.0,5800.0,7930.0,4280.0
2026-08-03 09:10:31,2026-07-31 15:30,5800.0,5756.0,0.76,18785700,6042.0,5800.0,7930.0,4280.0
2026-08-03 09:15:39,2026-07-31 15:30,5800.0,5756.0,0.76,18785700,6042.0,5800.0,7930.0,4280.0
2026-08-03 09:20:33,2026-08-03 09:05,5805.0,5800.0,0.09,1162900,5900.0,5780.0,7930.0,4280.0
2026-08-03 09:25:48,2026-08-03 09:10,5779.0,5800.0,-0.36,1413000,5900.0,5761.0,7930.0,4280.0
2026-08-03 09:30:35,2026-08-03 09:15,5768.0,5800.0,-0.55,1642400,5900.0,5733.0,7930.0,4280.0
2026-08-03 09:35:37,2026-08-03 09:20,5744.0,5800.0,-0.97,1859200,5900.0,5733.0,7930.0,4280.0
2026-08-03 09:40:31,2026-08-03 09:25,5728.0,5800.0,-1.24,2079700,5900.0,5724.0,7930.0,4280.0
2026-08-03 09:45:41,2026-08-03 09:30,5716.0,5800.0,-1.45,2316500,5900.0,5708.0,7930.0,4280.0
2026-08-03 09:50:31,2026-08-03 09:35,5715.0,5800.0,-1.47,2522500,5900.0,5704.0,7930.0,4280.0
2026-08-03 09:55:32,2026-08-03 09:40,5719.0,5800.0,-1.4,2676600,5900.0,5701.0,7930.0,4280.0
2026-08-03 10:00:33,2026-08-03 09:45,5686.0,5800.0,-1.97,2942800,5900.0,5685.0,7930.0,4280.0
2026-08-03 10:05:34,2026-08-03 09:50,5700.0,5800.0,-1.72,3127900,5900.0,5674.0,7930.0,4280.0
2026-08-03 10:10:31,2026-08-03 09:55,5697.0,5800.0,-1.78,3265500,5900.0,5674.0,7930.0,4280.0
2026-08-03 10:15:37,2026-08-03 10:00,5706.0,5800.0,-1.62,3388300,5900.0,5674.0,7930.0,4280.0
2026-08-03 10:20:34,2026-08-03 10:05,5744.0,5800.0,-0.97,3518600,5900.0,5674.0,7930.0,4280.0
2026-08-03 10:25:45,2026-08-03 10:10,5758.0,5800.0,-0.72,3664400,5900.0,5674.0,7930.0,4280.0
2026-08-03 10:30:39,2026-08-03 10:15,5727.0,5800.0,-1.26,3800200,5900.0,5674.0,7930.0,4280.0
2026-08-03 10:35:45,2026-08-03 10:20,5746.0,5800.0,-0.93,3915200,5900.0,5674.0,7930.0,4280.0
2026-08-03 10:40:39,2026-08-03 10:25,5737.0,5800.0,-1.09,4023500,5900.0,5674.0,7930.0,4280.0
2026-08-03 10:45:41,2026-08-03 10:30,5742.0,5800.0,-1.0,4117900,5900.0,5674.0,7930.0,4280.0
2026-08-03 10:50:41,2026-08-03 10:35,5725.0,5800.0,-1.29,4187200,5900.0,5674.0,7930.0,4280.0
2026-08-03 10:55:33,2026-08-03 10:40,5737.0,5800.0,-1.09,4270700,5900.0,5674.0,7930.0,4280.0
2026-08-03 11:00:43,2026-08-03 10:45,5748.0,5800.0,-0.9,4330600,5900.0,5674.0,7930.0,4280.0
2026-08-03 11:05:41,2026-08-03 10:50,5771.0,5800.0,-0.5,4386800,5900.0,5674.0,7930.0,4280.0
2026-08-03 11:10:46,2026-08-03 10:55,5766.0,5800.0,-0.59,4478200,5900.0,5674.0,7930.0,4280.0
2026-08-03 11:15:35,2026-08-03 11:00,5775.0,5800.0,-0.43,4539100,5900.0,5674.0,7930.0,4280.0
2026-08-03 11:20:35,2026-08-03 11:05,5775.0,5800.0,-0.43,4600000,5900.0,5674.0,7930.0,4280.0
2026-08-03 11:25:34,2026-08-03 11:10,5788.0,5800.0,-0.21,4665600,5900.0,5674.0,7930.0,4280.0
2026-08-03 11:30:40,2026-08-03 11:15,5767.0,5800.0,-0.57,4739600,5900.0,5674.0,7930.0,4280.0
2026-08-03 12:30:31,2026-08-03 11:30,5757.0,5800.0,-0.74,4920700,5900.0,5674.0,7930.0,4280.0
2026-08-03 12:35:40,2026-08-03 11:30,5757.0,5800.0,-0.74,4920700,5900.0,5674.0,7930.0,4280.0
2026-08-03 12:40:36,2026-08-03 11:30,5757.0,5800.0,-0.74,4920700,5900.0,5674.0,7930.0,4280.0
2026-08-03 12:45:33,2026-08-03 12:30,5771.0,5800.0,-0.5,5000700,5900.0,5674.0,7930.0,4280.0
2026-08-03 12:50:36,2026-08-03 12:35,5782.0,5800.0,-0.31,5074400,5900.0,5674.0,7930.0,4280.0
2026-08-03 12:55:32,2026-08-03 12:40,5808.0,5800.0,0.14,5159300,5900.0,5674.0,7930.0,4280.0
2026-08-03 13:00:41,2026-08-03 12:45,5821.0,5800.0,0.36,5248200,5900.0,5674.0,7930.0,4280.0
2026-08-03 13:05:37,2026-08-03 12:50,5839.0,5800.0,0.67,5364000,5900.0,5674.0,7930.0,4280.0
2026-08-03 13:10:34,2026-08-03 12:55,5851.0,5800.0,0.88,5458400,5900.0,5674.0,7930.0,4280.0
2026-08-03 13:15:38,2026-08-03 13:00,5838.0,5800.0,0.66,5540200,5900.0,5674.0,7930.0,4280.0
2026-08-03 13:20:39,2026-08-03 13:05,5851.0,5800.0,0.88,5642800,5900.0,5674.0,7930.0,4280.0
2026-08-03 13:25:38,2026-08-03 13:10,5858.0,5800.0,1.0,5701800,5900.0,5674.0,7930.0,4280.0
2026-08-03 13:30:36,2026-08-03 13:15,5858.0,5800.0,1.0,5746900,5900.0,5674.0,7930.0,4280.0
2026-08-03 13:35:37,2026-08-03 13:20,5860.0,5800.0,1.03,5820300,5900.0,5674.0,7930.0,4280.0
2026-08-03 13:40:36,2026-08-03 13:25,5874.0,5800.0,1.28,5877200,5900.0,5674.0,7930.0,4280.0
2026-08-03 13:45:32,2026-08-03 13:30,5879.0,5800.0,1.36,5934600,5900.0,5674.0,7930.0,4280.0
2026-08-03 13:51:13,2026-08-03 13:36,5871.0,5800.0,1.22,5998600,5900.0,5674.0,7930.0,4280.0
2026-08-03 13:55:43,2026-08-03 13:40,5861.0,5800.0,1.05,6047500,5900.0,5674.0,7930.0,4280.0
2026-08-03 14:00:32,2026-08-03 13:45,5856.0,5800.0,0.97,6111800,5900.0,5674.0,7930.0,4280.0
2026-08-03 14:05:39,2026-08-03 13:50,5860.0,5800.0,1.03,6171800,5900.0,5674.0,7930.0,4280.0
2026-08-03 14:10:29,2026-08-03 13:55,5864.0,5800.0,1.1,6207300,5900.0,5674.0,7930.0,4280.0
2026-08-03 14:15:42,2026-08-03 14:00,5863.0,5800.0,1.09,6292000,5900.0,5674.0,7930.0,4280.0
2026-08-03 14:20:49,2026-08-03 14:05,5842.0,5800.0,0.72,6356300,5900.0,5674.0,7930.0,4280.0
2026-08-03 14:25:42,2026-08-03 14:10,5853.0,5800.0,0.91,6410100,5900.0,5674.0,7930.0,4280.0
2026-08-03 14:30:30,2026-08-03 14:15,5850.0,5800.0,0.86,6455500,5900.0,5674.0,7930.0,4280.0
2026-08-03 14:35:38,2026-08-03 14:20,5849.0,5800.0,0.84,6515600,5900.0,5674.0,7930.0,4280.0
2026-08-03 14:40:42,2026-08-03 14:25,5850.0,5800.0,0.86,6572800,5900.0,5674.0,7930.0,4280.0
2026-08-03 14:45:35,2026-08-03 14:30,5851.0,5800.0,0.88,6629200,5900.0,5674.0,7930.0,4280.0
2026-08-03 14:50:41,2026-08-03 14:35,5858.0,5800.0,1.0,6674500,5900.0,5674.0,7930.0,4280.0
2026-08-03 14:55:31,2026-08-03 14:40,5853.0,5800.0,0.91,6719800,5900.0,5674.0,7930.0,4280.0
2026-08-03 15:00:37,2026-08-03 14:45,5857.0,5800.0,0.98,6764200,5900.0,5674.0,7930.0,4280.0
2026-08-03 15:05:30,2026-08-03 14:50,5862.0,5800.0,1.07,6806600,5900.0,5674.0,7930.0,4280.0
2026-08-03 15:10:39,2026-08-03 14:55,5836.0,5800.0,0.62,6911200,5900.0,5674.0,7930.0,4280.0
2026-08-03 15:15:47,2026-08-03 15:00,5823.0,5800.0,0.4,6987000,5900.0,5674.0,7930.0,4280.0
2026-08-03 15:20:46,2026-08-03 15:05,5834.0,5800.0,0.59,7047400,5900.0,5674.0,7930.0,4280.0
2026-08-03 15:25:43,2026-08-03 15:10,5844.0,5800.0,0.76,7135400,5900.0,5674.0,7930.0,4280.0
2026-08-03 15:30:43,2026-08-03 15:15,5831.0,5800.0,0.53,7218400,5900.0,5674.0,7930.0,4280.0
2026-08-03 15:40:46,2026-08-03 15:24,5820.0,5800.0,0.34,7457500,5900.0,5674.0,7930.0,4280.0
2026-08-04 09:05:45,2026-08-03 15:30,5845.0,5800.0,0.78,9143400,5900.0,5674.0,7930.0,4280.0
2026-08-04 09:10:31,2026-08-03 15:30,5845.0,5800.0,0.78,9143400,5900.0,5674.0,7930.0,4280.0
2026-08-04 09:15:38,2026-08-04 09:00,5845.0,5800.0,0.78,9479600,5896.0,5850.0,7930.0,4280.0
2026-08-04 09:20:37,2026-08-04 09:05,5941.0,5845.0,1.64,605500,5945.0,5850.0,7930.0,4280.0
2026-08-04 09:25:39,2026-08-04 09:10,5923.0,5845.0,1.33,853100,5958.0,5850.0,7930.0,4280.0
2026-08-04 09:30:32,2026-08-04 09:15,5899.0,5845.0,0.92,1017000,5958.0,5850.0,7930.0,4280.0
2026-08-04 09:35:44,2026-08-04 09:20,5915.0,5845.0,1.2,1130300,5958.0,5850.0,7930.0,4280.0
