抓取时间,行情时刻,价格,昨收,涨跌幅%,成交量,当日最高,当日最低,52周最高,52周最低
2026-07-06 09:31:28,2026-07-06 09:16,861.6,849.6,1.41,5617490,864.0,843.2,933.7,286.2
2026-07-06 10:18:18,2026-07-06 10:03,845.3,849.6,-0.51,15181890,864.0,837.0,933.7,286.2
2026-07-06 10:55:27,2026-07-06 10:40,843.2,849.6,-0.75,18500850,864.0,837.0,933.7,286.2
2026-07-06 10:58:57,2026-07-06 10:43,841.2,849.6,-0.99,18600460,864.0,837.0,933.7,286.2
2026-07-06 11:00:38,2026-07-06 10:45,838.2,849.6,-1.34,18809410,864.0,837.0,933.7,286.2
2026-07-06 11:05:40,2026-07-06 10:50,834.1,849.6,-1.82,19209870,864.0,834.1,933.7,286.2
2026-07-06 11:10:39,2026-07-06 10:55,835.1,849.6,-1.71,19587540,864.0,833.3,933.7,286.2
2026-07-06 11:15:33,2026-07-06 11:00,837.2,849.6,-1.46,19884800,864.0,833.3,933.7,286.2
2026-07-06 11:20:37,2026-07-06 11:05,836.2,849.6,-1.58,20045940,864.0,833.3,933.7,286.2
2026-07-06 11:25:39,2026-07-06 11:10,834.6,849.6,-1.77,20193680,864.0,833.3,933.7,286.2
2026-07-06 11:30:38,2026-07-06 11:15,831.2,849.6,-2.17,20728890,864.0,830.3,933.7,286.2
2026-07-06 12:30:37,2026-07-06 11:30,828.4,849.6,-2.5,21425140,864.0,828.1,933.7,286.2
2026-07-06 12:35:35,2026-07-06 11:30,828.4,849.6,-2.5,21425140,864.0,828.1,933.7,286.2
2026-07-06 12:40:36,2026-07-06 11:30,828.4,849.6,-2.5,21425140,864.0,828.1,933.7,286.2
2026-07-06 12:45:37,2026-07-06 12:30,833.1,849.6,-1.94,21584920,864.0,828.1,933.7,286.2
2026-07-06 12:50:38,2026-07-06 12:35,831.3,849.6,-2.15,21873210,864.0,828.1,933.7,286.2
2026-07-06 12:55:47,2026-07-06 12:40,833.7,849.6,-1.87,22145650,864.0,828.1,933.7,286.2
2026-07-06 13:00:49,2026-07-06 12:45,831.0,849.6,-2.19,22338750,864.0,828.1,933.7,286.2
2026-07-06 13:05:35,2026-07-06 12:50,831.0,849.6,-2.19,22618290,864.0,828.1,933.7,286.2
2026-07-06 13:10:42,2026-07-06 12:55,830.4,849.6,-2.26,22763230,864.0,828.1,933.7,286.2
2026-07-06 13:15:38,2026-07-06 13:00,833.4,849.6,-1.91,22953440,864.0,828.1,933.7,286.2
2026-07-06 13:20:36,2026-07-06 13:05,834.7,849.6,-1.75,23027680,864.0,828.1,933.7,286.2
2026-07-06 13:25:45,2026-07-06 13:10,832.6,849.6,-2.0,23153710,864.0,828.1,933.7,286.2
2026-07-06 13:30:44,2026-07-06 13:15,835.4,849.6,-1.67,23264340,864.0,828.1,933.7,286.2
2026-07-06 13:35:37,2026-07-06 13:20,838.0,849.6,-1.37,23641820,864.0,828.1,933.7,286.2
2026-07-06 13:40:42,2026-07-06 13:25,837.3,849.6,-1.45,23695170,864.0,828.1,933.7,286.2
2026-07-06 13:45:49,2026-07-06 13:30,840.4,849.6,-1.08,24012780,864.0,828.1,933.7,286.2
2026-07-06 13:50:38,2026-07-06 13:35,840.3,849.6,-1.09,24665280,864.0,828.1,933.7,286.2
2026-07-06 13:55:38,2026-07-06 13:40,841.2,849.6,-0.99,24757570,864.0,828.1,933.7,286.2
2026-07-06 14:00:42,2026-07-06 13:45,842.4,849.6,-0.85,24872450,864.0,828.1,933.7,286.2
2026-07-06 14:05:46,2026-07-06 13:50,840.6,849.6,-1.06,24969130,864.0,828.1,933.7,286.2
2026-07-06 14:10:41,2026-07-06 13:55,842.7,849.6,-0.81,25116460,864.0,828.1,933.7,286.2
2026-07-06 14:15:42,2026-07-06 14:00,842.7,849.6,-0.81,25223590,864.0,828.1,933.7,286.2
2026-07-06 14:20:41,2026-07-06 14:05,842.0,849.6,-0.89,25326300,864.0,828.1,933.7,286.2
2026-07-06 14:25:35,2026-07-06 14:10,842.0,849.6,-0.89,25376170,864.0,828.1,933.7,286.2
2026-07-06 14:30:42,2026-07-06 14:15,844.2,849.6,-0.64,25547380,864.0,828.1,933.7,286.2
2026-07-06 14:35:41,2026-07-06 14:20,844.7,849.6,-0.58,25692020,864.0,828.1,933.7,286.2
2026-07-06 14:40:36,2026-07-06 14:25,839.6,849.6,-1.18,25816290,864.0,828.1,933.7,286.2
2026-07-06 14:45:43,2026-07-06 14:30,836.7,849.6,-1.52,25950170,864.0,828.1,933.7,286.2
2026-07-06 14:50:46,2026-07-06 14:35,838.8,849.6,-1.27,26079320,864.0,828.1,933.7,286.2
2026-07-06 14:55:43,2026-07-06 14:40,841.9,849.6,-0.91,26268080,864.0,828.1,933.7,286.2
2026-07-06 15:00:37,2026-07-06 14:45,842.4,849.6,-0.85,26433120,864.0,828.1,933.7,286.2
2026-07-06 15:16:29,2026-07-06 15:01,845.4,849.6,-0.49,26819720,864.0,828.1,933.7,286.2
2026-07-06 15:20:41,2026-07-06 15:05,844.0,849.6,-0.66,27043650,864.0,828.1,933.7,286.2
2026-07-06 15:25:47,2026-07-06 15:10,843.4,849.6,-0.73,27151250,864.0,828.1,933.7,286.2
2026-07-06 15:30:40,2026-07-06 15:15,844.1,849.6,-0.65,27248040,864.0,828.1,933.7,286.2
2026-07-07 09:00:36,2026-07-06 15:30,849.0,849.6,-0.07,27849310,864.0,828.1,933.7,286.2
2026-07-07 09:05:32,2026-07-06 15:30,849.0,849.6,-0.07,27849310,864.0,828.1,933.7,286.2
2026-07-07 09:10:34,2026-07-06 15:30,849.0,849.6,-0.07,27849310,864.0,828.1,933.7,286.2
2026-07-07 09:15:35,2026-07-07 09:00,849.0,849.6,-0.07,28343540,843.4,838.3,933.7,286.2
2026-07-07 09:20:32,2026-07-07 09:05,843.5,849.0,-0.65,1140090,846.3,838.3,933.7,286.2
2026-07-07 09:25:33,2026-07-07 09:10,843.5,849.0,-0.65,1973720,849.5,838.3,933.7,286.2
2026-07-07 09:30:35,2026-07-07 09:15,840.7,849.0,-0.98,3391450,849.5,834.5,933.7,286.2
2026-07-07 09:35:34,2026-07-07 09:20,846.2,849.0,-0.33,4296780,849.5,834.5,933.7,286.2
2026-07-07 09:40:34,2026-07-07 09:25,851.6,849.0,0.31,4849790,851.6,834.5,933.7,286.2
2026-07-07 09:45:36,2026-07-07 09:30,851.2,849.0,0.26,5143940,853.2,834.5,933.7,286.2
2026-07-07 09:50:39,2026-07-07 09:35,847.0,849.0,-0.24,5632580,853.5,834.5,933.7,286.2
2026-07-07 09:55:32,2026-07-07 09:40,841.9,849.0,-0.84,6087360,853.5,834.5,933.7,286.2
2026-07-07 10:00:38,2026-07-07 09:45,839.1,849.0,-1.17,6768310,853.5,834.5,933.7,286.2
2026-07-07 10:05:38,2026-07-07 09:50,837.6,849.0,-1.34,7325800,853.5,834.5,933.7,286.2
2026-07-07 10:10:34,2026-07-07 09:55,841.4,849.0,-0.9,7616410,853.5,834.5,933.7,286.2
2026-07-07 10:15:36,2026-07-07 10:00,836.4,849.0,-1.48,8539030,853.5,833.8,933.7,286.2
2026-07-07 10:20:32,2026-07-07 10:05,833.7,849.0,-1.8,9338850,853.5,833.6,933.7,286.2
2026-07-07 10:25:46,2026-07-07 10:10,833.5,849.0,-1.83,9868100,853.5,832.6,933.7,286.2
2026-07-07 10:30:32,2026-07-07 10:15,834.2,849.0,-1.74,10155090,853.5,832.4,933.7,286.2
2026-07-07 10:35:37,2026-07-07 10:20,829.1,849.0,-2.34,10569470,853.5,828.4,933.7,286.2
2026-07-07 10:40:37,2026-07-07 10:25,828.2,849.0,-2.45,10875050,853.5,826.9,933.7,286.2
2026-07-07 10:45:38,2026-07-07 10:30,824.0,849.0,-2.94,11228820,853.5,823.7,933.7,286.2
2026-07-07 10:50:46,2026-07-07 10:35,829.1,849.0,-2.34,11564760,853.5,822.3,933.7,286.2
2026-07-07 10:55:35,2026-07-07 10:40,831.6,849.0,-2.05,12137020,853.5,822.3,933.7,286.2
2026-07-07 11:00:35,2026-07-07 10:45,835.5,849.0,-1.59,12469990,853.5,822.3,933.7,286.2
2026-07-07 11:05:35,2026-07-07 10:50,834.5,849.0,-1.71,12707840,853.5,822.3,933.7,286.2
2026-07-07 11:10:37,2026-07-07 10:55,829.7,849.0,-2.27,12927040,853.5,822.3,933.7,286.2
2026-07-07 11:15:40,2026-07-07 11:00,827.5,849.0,-2.53,13161260,853.5,822.3,933.7,286.2
2026-07-07 11:20:38,2026-07-07 11:05,830.2,849.0,-2.21,13303020,853.5,822.3,933.7,286.2
2026-07-07 11:25:35,2026-07-07 11:10,830.0,849.0,-2.24,13409570,853.5,822.3,933.7,286.2
2026-07-07 11:30:43,2026-07-07 11:15,828.8,849.0,-2.38,13446300,853.5,822.3,933.7,286.2
2026-07-07 12:30:31,2026-07-07 11:30,826.3,849.0,-2.67,13834450,853.5,822.3,933.7,286.2
2026-07-07 12:35:34,2026-07-07 11:30,826.3,849.0,-2.67,13834450,853.5,822.3,933.7,286.2
2026-07-07 12:40:34,2026-07-07 11:30,826.3,849.0,-2.67,13834450,853.5,822.3,933.7,286.2
2026-07-07 12:45:37,2026-07-07 12:30,820.5,849.0,-3.36,14402210,853.5,818.7,933.7,286.2
2026-07-07 12:50:32,2026-07-07 12:35,823.6,849.0,-2.99,14861800,853.5,818.7,933.7,286.2
2026-07-07 12:55:35,2026-07-07 12:40,825.2,849.0,-2.8,15219060,853.5,818.7,933.7,286.2
2026-07-07 13:00:36,2026-07-07 12:45,820.5,849.0,-3.36,15607840,853.5,818.7,933.7,286.2
2026-07-07 13:05:35,2026-07-07 12:50,818.8,849.0,-3.56,16258800,853.5,816.7,933.7,286.2
2026-07-07 13:10:34,2026-07-07 12:55,816.4,849.0,-3.84,16619160,853.5,816.4,933.7,286.2
2026-07-07 13:15:35,2026-07-07 13:00,818.5,849.0,-3.59,16845030,853.5,816.2,933.7,286.2
2026-07-07 13:20:31,2026-07-07 13:05,820.8,849.0,-3.32,17088790,853.5,816.2,933.7,286.2
2026-07-07 13:25:39,2026-07-07 13:10,820.9,849.0,-3.31,17739530,853.5,816.2,933.7,286.2
2026-07-07 13:30:41,2026-07-07 13:15,818.4,849.0,-3.6,17938850,853.5,816.2,933.7,286.2
2026-07-07 13:35:42,2026-07-07 13:20,818.2,849.0,-3.63,18834500,853.5,815.6,933.7,286.2
2026-07-07 13:40:33,2026-07-07 13:25,816.8,849.0,-3.79,18972980,853.5,815.5,933.7,286.2
2026-07-07 13:45:38,2026-07-07 13:30,817.7,849.0,-3.69,19110660,853.5,815.4,933.7,286.2
2026-07-07 13:50:46,2026-07-07 13:35,818.8,849.0,-3.56,19253690,853.5,815.4,933.7,286.2
2026-07-07 13:55:38,2026-07-07 13:40,816.4,849.0,-3.84,19372610,853.5,815.4,933.7,286.2
2026-07-07 14:00:39,2026-07-07 13:45,817.2,849.0,-3.75,19508080,853.5,815.4,933.7,286.2
2026-07-07 14:05:44,2026-07-07 13:50,815.0,849.0,-4.0,19724280,853.5,814.8,933.7,286.2
2026-07-07 14:10:48,2026-07-07 13:55,814.1,849.0,-4.11,19960560,853.5,813.6,933.7,286.2
2026-07-07 14:15:42,2026-07-07 14:00,813.7,849.0,-4.16,20035140,853.5,813.6,933.7,286.2
2026-07-07 14:20:49,2026-07-07 14:05,810.5,849.0,-4.53,20369050,853.5,810.5,933.7,286.2
2026-07-07 14:25:33,2026-07-07 14:10,807.9,849.0,-4.84,20746450,853.5,807.0,933.7,286.2
2026-07-07 14:30:41,2026-07-07 14:15,806.5,849.0,-5.01,20958830,853.5,806.3,933.7,286.2
2026-07-07 14:35:39,2026-07-07 14:20,808.0,849.0,-4.83,21218020,853.5,806.1,933.7,286.2
2026-07-07 14:40:34,2026-07-07 14:25,807.5,849.0,-4.89,21469210,853.5,806.1,933.7,286.2
2026-07-07 14:45:55,2026-07-07 14:30,812.0,849.0,-4.36,21749630,853.5,806.1,933.7,286.2
2026-07-07 14:50:33,2026-07-07 14:35,815.1,849.0,-3.99,21960640,853.5,806.1,933.7,286.2
2026-07-07 14:56:00,2026-07-07 14:40,817.5,849.0,-3.71,22151220,853.5,806.1,933.7,286.2
2026-07-07 15:00:51,2026-07-07 14:45,818.8,849.0,-3.56,22391000,853.5,806.1,933.7,286.2
2026-07-07 15:05:43,2026-07-07 14:50,817.0,849.0,-3.77,22634040,853.5,806.1,933.7,286.2
2026-07-07 15:10:43,2026-07-07 14:55,821.3,849.0,-3.26,22753830,853.5,806.1,933.7,286.2
2026-07-07 15:15:47,2026-07-07 15:00,820.2,849.0,-3.39,23033590,853.5,806.1,933.7,286.2
2026-07-07 15:20:35,2026-07-07 15:05,817.0,849.0,-3.77,23248350,853.5,806.1,933.7,286.2
2026-07-07 15:25:38,2026-07-07 15:10,813.9,849.0,-4.13,23530420,853.5,806.1,933.7,286.2
2026-07-07 15:30:39,2026-07-07 15:15,814.2,849.0,-4.1,23768090,853.5,806.1,933.7,286.2
2026-07-08 09:00:46,2026-07-07 15:30,814.8,849.0,-4.03,24484740,853.5,806.1,933.7,286.2
2026-07-08 09:05:35,2026-07-07 15:30,814.8,849.0,-4.03,24484740,853.5,806.1,933.7,286.2
2026-07-08 09:10:38,2026-07-07 15:30,814.8,849.0,-4.03,24484740,853.5,806.1,933.7,286.2
2026-07-08 09:15:40,2026-07-07 15:30,814.8,849.0,-4.03,24484740,853.5,806.1,933.7,286.2
2026-07-08 09:20:37,2026-07-08 09:05,793.5,814.8,-2.61,2439380,794.3,781.5,933.7,286.2
2026-07-08 09:25:34,2026-07-08 09:10,789.8,814.8,-3.07,4960890,799.8,781.5,933.7,286.2
2026-07-08 09:30:44,2026-07-08 09:15,794.6,814.8,-2.48,7772140,799.8,781.5,933.7,286.2
2026-07-08 09:35:30,2026-07-08 09:20,787.6,814.8,-3.34,8421250,799.8,781.5,933.7,286.2
2026-07-08 09:40:32,2026-07-08 09:25,799.5,814.8,-1.88,8913770,799.8,781.5,933.7,286.2
2026-07-08 09:45:31,2026-07-08 09:30,802.0,814.8,-1.57,9463660,804.9,781.5,933.7,286.2
2026-07-08 09:50:37,2026-07-08 09:35,794.2,814.8,-2.53,10215990,804.9,781.5,933.7,286.2
2026-07-08 09:55:34,2026-07-08 09:40,802.8,814.8,-1.47,10858530,805.0,781.5,933.7,286.2
2026-07-08 10:00:48,2026-07-08 09:45,808.4,814.8,-0.79,11333990,809.5,781.5,933.7,286.2
2026-07-08 10:05:34,2026-07-08 09:50,810.4,814.8,-0.54,11762780,811.6,781.5,933.7,286.2
2026-07-08 10:10:31,2026-07-08 09:55,813.4,814.8,-0.17,12048500,813.6,781.5,933.7,286.2
2026-07-08 10:15:33,2026-07-08 10:00,813.0,814.8,-0.22,12278640,816.1,781.5,933.7,286.2
2026-07-08 10:20:34,2026-07-08 10:05,808.8,814.8,-0.74,12598560,816.1,781.5,933.7,286.2
2026-07-08 10:25:30,2026-07-08 10:10,811.0,814.8,-0.47,13003310,816.1,781.5,933.7,286.2
2026-07-08 10:30:32,2026-07-08 10:15,814.7,814.8,-0.01,13384850,816.1,781.5,933.7,286.2
2026-07-08 10:35:34,2026-07-08 10:20,811.4,814.8,-0.42,13597040,816.1,781.5,933.7,286.2
2026-07-08 10:40:35,2026-07-08 10:25,807.6,814.8,-0.88,13743340,816.1,781.5,933.7,286.2
2026-07-08 10:45:32,2026-07-08 10:30,806.5,814.8,-1.02,13997760,816.1,781.5,933.7,286.2
2026-07-08 10:50:35,2026-07-08 10:35,803.0,814.8,-1.45,14417530,816.1,781.5,933.7,286.2
2026-07-08 10:55:30,2026-07-08 10:40,800.9,814.8,-1.71,14712210,816.1,781.5,933.7,286.2
2026-07-08 11:00:31,2026-07-08 10:45,803.2,814.8,-1.42,14981010,816.1,781.5,933.7,286.2
2026-07-08 11:05:46,2026-07-08 10:50,806.5,814.8,-1.02,15214290,816.1,781.5,933.7,286.2
2026-07-08 11:10:36,2026-07-08 10:55,799.6,814.8,-1.87,15466020,816.1,781.5,933.7,286.2
2026-07-08 11:15:35,2026-07-08 11:00,800.5,814.8,-1.76,15619190,816.1,781.5,933.7,286.2
2026-07-08 11:20:34,2026-07-08 11:05,797.0,814.8,-2.18,15808940,816.1,781.5,933.7,286.2
2026-07-08 11:25:34,2026-07-08 11:10,798.8,814.8,-1.96,16019230,816.1,781.5,933.7,286.2
2026-07-08 11:30:31,2026-07-08 11:15,796.4,814.8,-2.26,16306220,816.1,781.5,933.7,286.2
2026-07-08 12:30:35,2026-07-08 11:30,801.1,814.8,-1.68,16799880,816.1,781.5,933.7,286.2
2026-07-08 12:35:32,2026-07-08 11:30,801.1,814.8,-1.68,16799880,816.1,781.5,933.7,286.2
2026-07-08 12:40:38,2026-07-08 11:30,801.1,814.8,-1.68,16799880,816.1,781.5,933.7,286.2
2026-07-08 12:45:41,2026-07-08 12:30,814.2,814.8,-0.07,17038840,816.1,781.5,933.7,286.2
2026-07-08 12:50:33,2026-07-08 12:35,809.2,814.8,-0.69,17368330,816.1,781.5,933.7,286.2
2026-07-08 12:55:32,2026-07-08 12:40,807.8,814.8,-0.86,17511330,816.1,781.5,933.7,286.2
2026-07-08 13:00:36,2026-07-08 12:45,807.0,814.8,-0.96,17670730,816.1,781.5,933.7,286.2
2026-07-08 13:05:31,2026-07-08 12:50,808.2,814.8,-0.81,17829800,816.1,781.5,933.7,286.2
2026-07-08 13:10:36,2026-07-08 12:55,806.6,814.8,-1.01,17891410,816.1,781.5,933.7,286.2
2026-07-08 13:15:34,2026-07-08 13:00,803.7,814.8,-1.36,18150980,816.1,781.5,933.7,286.2
2026-07-08 13:20:31,2026-07-08 13:05,804.1,814.8,-1.31,18208690,816.1,781.5,933.7,286.2
2026-07-08 13:25:30,2026-07-08 13:10,801.3,814.8,-1.66,18270810,816.1,781.5,933.7,286.2
2026-07-08 13:30:29,2026-07-08 13:15,800.0,814.8,-1.82,18372950,816.1,781.5,933.7,286.2
2026-07-08 13:35:29,2026-07-08 13:20,799.2,814.8,-1.91,18650040,816.1,781.5,933.7,286.2
2026-07-08 13:40:33,2026-07-08 13:25,801.7,814.8,-1.61,18811180,816.1,781.5,933.7,286.2
2026-07-08 13:45:31,2026-07-08 13:30,800.3,814.8,-1.78,18870580,816.1,781.5,933.7,286.2
2026-07-08 13:50:34,2026-07-08 13:35,799.0,814.8,-1.94,19006920,816.1,781.5,933.7,286.2
2026-07-08 13:55:40,2026-07-08 13:40,799.0,814.8,-1.94,19172470,816.1,781.5,933.7,286.2
2026-07-08 14:00:32,2026-07-08 13:45,796.7,814.8,-2.22,19241190,816.1,781.5,933.7,286.2
2026-07-08 14:05:39,2026-07-08 13:50,796.7,814.8,-2.22,19374280,816.1,781.5,933.7,286.2
2026-07-08 14:10:31,2026-07-08 13:55,792.7,814.8,-2.71,19584980,816.1,781.5,933.7,286.2
2026-07-08 14:15:35,2026-07-08 14:00,798.7,814.8,-1.98,19881360,816.1,781.5,933.7,286.2
2026-07-08 14:20:31,2026-07-08 14:05,799.0,814.8,-1.94,19959470,816.1,781.5,933.7,286.2
2026-07-08 14:25:33,2026-07-08 14:10,798.9,814.8,-1.95,20106580,816.1,781.5,933.7,286.2
2026-07-08 14:30:47,2026-07-08 14:15,801.8,814.8,-1.6,20296620,816.1,781.5,933.7,286.2
2026-07-08 14:35:34,2026-07-08 14:20,799.0,814.8,-1.94,20448720,816.1,781.5,933.7,286.2
2026-07-08 14:40:40,2026-07-08 14:25,798.2,814.8,-2.04,20621930,816.1,781.5,933.7,286.2
2026-07-08 14:45:36,2026-07-08 14:30,795.5,814.8,-2.37,20836280,816.1,781.5,933.7,286.2
2026-07-08 14:50:35,2026-07-08 14:35,795.3,814.8,-2.39,21078720,816.1,781.5,933.7,286.2
2026-07-08 14:55:36,2026-07-08 14:40,793.1,814.8,-2.66,21341280,816.1,781.5,933.7,286.2
2026-07-08 15:00:31,2026-07-08 14:45,790.2,814.8,-3.02,21613880,816.1,781.5,933.7,286.2
2026-07-08 15:05:31,2026-07-08 14:50,786.7,814.8,-3.45,22067910,816.1,781.5,933.7,286.2
2026-07-08 15:10:43,2026-07-08 14:55,792.1,814.8,-2.79,22331990,816.1,781.5,933.7,286.2
2026-07-08 15:15:35,2026-07-08 15:00,789.1,814.8,-3.15,22603830,816.1,781.5,933.7,286.2
2026-07-08 15:20:37,2026-07-08 15:05,786.1,814.8,-3.52,22858380,816.1,781.5,933.7,286.2
2026-07-08 15:25:36,2026-07-08 15:10,786.8,814.8,-3.44,22982120,816.1,781.5,933.7,286.2
2026-07-08 15:30:35,2026-07-08 15:15,785.2,814.8,-3.63,23281860,816.1,781.5,933.7,286.2
2026-07-09 09:00:37,2026-07-08 15:30,782.7,814.8,-3.94,24264560,816.1,781.5,933.7,286.2
2026-07-09 09:05:35,2026-07-08 15:30,782.7,814.8,-3.94,24264560,816.1,781.5,933.7,286.2
2026-07-09 09:10:37,2026-07-08 15:30,782.7,814.8,-3.94,24264560,816.1,781.5,933.7,286.2
2026-07-09 09:15:33,2026-07-09 09:00,782.7,814.8,-3.94,24909040,799.0,795.5,933.7,286.2
2026-07-09 09:20:42,2026-07-09 09:05,799.6,782.7,2.16,2673260,800.8,795.3,933.7,286.2
2026-07-09 09:25:35,2026-07-09 09:10,799.9,782.7,2.2,3591090,803.2,795.3,933.7,286.2
2026-07-09 09:30:36,2026-07-09 09:15,807.1,782.7,3.12,4585670,807.1,795.3,933.7,286.2
2026-07-09 09:35:33,2026-07-09 09:20,798.2,782.7,1.98,5100990,808.8,795.3,933.7,286.2
2026-07-09 09:40:35,2026-07-09 09:25,801.2,782.7,2.36,5600580,808.8,795.3,933.7,286.2
2026-07-09 09:45:35,2026-07-09 09:30,807.7,782.7,3.19,6002150,808.8,795.3,933.7,286.2
2026-07-09 09:50:33,2026-07-09 09:35,805.5,782.7,2.91,6253960,808.8,795.3,933.7,286.2
2026-07-09 09:55:31,2026-07-09 09:40,806.0,782.7,2.98,6833120,809.0,795.3,933.7,286.2
2026-07-09 10:00:34,2026-07-09 09:45,809.8,782.7,3.46,7321040,810.5,795.3,933.7,286.2
2026-07-09 10:05:35,2026-07-09 09:50,809.8,782.7,3.46,7764420,812.4,795.3,933.7,286.2
2026-07-09 10:10:34,2026-07-09 09:55,802.6,782.7,2.54,8073650,812.4,795.3,933.7,286.2
2026-07-09 10:15:54,2026-07-09 10:00,806.2,782.7,3.0,8691840,812.4,795.3,933.7,286.2
2026-07-09 10:20:35,2026-07-09 10:05,805.5,782.7,2.91,8891600,812.4,795.3,933.7,286.2
2026-07-09 10:25:29,2026-07-09 10:10,813.2,782.7,3.9,9260910,813.5,795.3,933.7,286.2
2026-07-09 10:30:31,2026-07-09 10:15,810.7,782.7,3.58,9354860,813.8,795.3,933.7,286.2
2026-07-09 10:35:41,2026-07-09 10:20,811.2,782.7,3.64,9532560,814.5,795.3,933.7,286.2
2026-07-09 10:40:32,2026-07-09 10:25,805.9,782.7,2.96,9699120,814.5,795.3,933.7,286.2
2026-07-09 10:45:43,2026-07-09 10:30,808.2,782.7,3.26,9961520,814.5,795.3,933.7,286.2
2026-07-09 10:50:34,2026-07-09 10:35,806.1,782.7,2.99,10091890,814.5,795.3,933.7,286.2
2026-07-09 10:55:32,2026-07-09 10:40,805.8,782.7,2.95,10254800,814.5,795.3,933.7,286.2
2026-07-09 11:00:41,2026-07-09 10:45,809.0,782.7,3.36,10397440,814.5,795.3,933.7,286.2
2026-07-09 11:05:52,2026-07-09 10:50,808.1,782.7,3.25,10531770,814.5,795.3,933.7,286.2
2026-07-09 11:10:45,2026-07-09 10:55,801.8,782.7,2.44,10803650,814.5,795.3,933.7,286.2
2026-07-09 11:15:37,2026-07-09 11:00,801.4,782.7,2.39,11069080,814.5,795.3,933.7,286.2
2026-07-09 11:20:48,2026-07-09 11:05,802.2,782.7,2.49,11287000,814.5,795.3,933.7,286.2
2026-07-09 11:25:38,2026-07-09 11:10,808.6,782.7,3.31,11552910,814.5,795.3,933.7,286.2
2026-07-09 11:30:35,2026-07-09 11:15,811.9,782.7,3.73,11679070,814.5,795.3,933.7,286.2
2026-07-09 12:30:40,2026-07-09 11:30,810.3,782.7,3.53,12639550,816.0,795.3,933.7,286.2
2026-07-09 12:35:51,2026-07-09 11:30,810.3,782.7,3.53,12639550,816.0,795.3,933.7,286.2
2026-07-09 12:40:40,2026-07-09 11:30,810.3,782.7,3.53,12639550,816.0,795.3,933.7,286.2
2026-07-09 12:45:32,2026-07-09 12:30,804.4,782.7,2.77,12788010,816.0,795.3,933.7,286.2
2026-07-09 12:50:29,2026-07-09 12:35,805.3,782.7,2.89,13296280,816.0,795.3,933.7,286.2
2026-07-09 12:55:36,2026-07-09 12:40,805.3,782.7,2.89,13454320,816.0,795.3,933.7,286.2
2026-07-09 13:00:41,2026-07-09 12:45,806.0,782.7,2.98,13761410,816.0,795.3,933.7,286.2
2026-07-09 13:05:31,2026-07-09 12:50,807.5,782.7,3.17,13837700,816.0,795.3,933.7,286.2
2026-07-09 13:10:32,2026-07-09 12:55,805.3,782.7,2.89,14076690,816.0,795.3,933.7,286.2
2026-07-09 13:15:32,2026-07-09 13:00,805.7,782.7,2.94,14212660,816.0,795.3,933.7,286.2
2026-07-09 13:20:36,2026-07-09 13:05,806.4,782.7,3.03,14279540,816.0,795.3,933.7,286.2
2026-07-09 13:25:37,2026-07-09 13:10,805.3,782.7,2.89,14317350,816.0,795.3,933.7,286.2
2026-07-09 13:30:40,2026-07-09 13:15,805.6,782.7,2.93,14428890,816.0,795.3,933.7,286.2
2026-07-09 13:35:33,2026-07-09 13:20,802.4,782.7,2.52,14537130,816.0,795.3,933.7,286.2
2026-07-09 13:40:47,2026-07-09 13:25,797.8,782.7,1.93,14771220,816.0,795.3,933.7,286.2
2026-07-09 13:45:34,2026-07-09 13:30,799.6,782.7,2.16,14872340,816.0,795.3,933.7,286.2
2026-07-09 13:50:30,2026-07-09 13:35,802.0,782.7,2.47,15062620,816.0,795.3,933.7,286.2
2026-07-09 13:55:31,2026-07-09 13:40,803.7,782.7,2.68,15164020,816.0,795.3,933.7,286.2
2026-07-09 14:00:31,2026-07-09 13:45,803.2,782.7,2.62,15264410,816.0,795.3,933.7,286.2
2026-07-09 14:10:32,2026-07-09 13:55,803.6,782.7,2.67,15376100,816.0,795.3,933.7,286.2
2026-07-09 14:15:39,2026-07-09 14:00,801.4,782.7,2.39,15435400,816.0,795.3,933.7,286.2
2026-07-09 14:20:38,2026-07-09 14:05,798.7,782.7,2.04,15569120,816.0,795.3,933.7,286.2
2026-07-09 14:25:33,2026-07-09 14:10,800.5,782.7,2.27,15882130,816.0,795.3,933.7,286.2
2026-07-09 14:30:41,2026-07-09 14:15,801.7,782.7,2.43,16374830,816.0,795.3,933.7,286.2
2026-07-09 14:35:45,2026-07-09 14:20,796.8,782.7,1.8,16710810,816.0,795.3,933.7,286.2
2026-07-09 14:45:34,2026-07-09 14:30,795.7,782.7,1.66,17137010,816.0,795.3,933.7,286.2
2026-07-09 14:50:35,2026-07-09 14:35,797.4,782.7,1.88,17426880,816.0,793.0,933.7,286.2
2026-07-09 14:55:44,2026-07-09 14:40,799.3,782.7,2.12,17578210,816.0,793.0,933.7,286.2
2026-07-09 15:05:46,2026-07-09 14:50,801.7,782.7,2.43,17787540,816.0,793.0,933.7,286.2
2026-07-09 15:10:43,2026-07-09 14:55,805.1,782.7,2.86,17936450,816.0,793.0,933.7,286.2
2026-07-09 15:15:36,2026-07-09 15:00,808.2,782.7,3.26,18108720,816.0,793.0,933.7,286.2
2026-07-09 15:20:43,2026-07-09 15:05,805.4,782.7,2.9,18480630,816.0,793.0,933.7,286.2
2026-07-09 15:25:48,2026-07-09 15:10,803.2,782.7,2.62,18500510,816.0,793.0,933.7,286.2
2026-07-09 15:30:54,2026-07-09 15:15,802.6,782.7,2.54,18712970,816.0,793.0,933.7,286.2
2026-07-09 15:33:07,2026-07-09 15:18,801.8,782.7,2.44,18730700,816.0,793.0,933.7,286.2
2026-07-10 09:00:36,2026-07-09 15:30,803.1,782.7,2.61,19146380,816.0,793.0,933.7,286.2
2026-07-10 09:05:50,2026-07-09 15:30,803.1,782.7,2.61,19146380,816.0,793.0,933.7,286.2
2026-07-10 09:10:40,2026-07-09 15:30,803.1,782.7,2.61,19146380,816.0,793.0,933.7,286.2
2026-07-10 09:15:41,2026-07-09 15:30,803.1,782.7,2.61,19146380,816.0,793.0,933.7,286.2
2026-07-10 09:20:33,2026-07-10 09:05,821.5,803.1,2.29,1788600,828.7,821.1,933.7,286.2
2026-07-10 09:25:35,2026-07-10 09:10,817.8,803.1,1.83,2864670,828.7,817.0,933.7,286.2
2026-07-10 09:30:42,2026-07-10 09:15,824.3,803.1,2.64,4569640,828.7,817.0,933.7,286.2
2026-07-10 09:35:43,2026-07-10 09:20,826.0,803.1,2.85,5688790,828.7,817.0,933.7,286.2
2026-07-10 09:40:34,2026-07-10 09:25,823.9,803.1,2.59,6318410,828.7,817.0,933.7,286.2
2026-07-10 09:46:07,2026-07-10 09:31,822.4,803.1,2.4,6945090,828.7,817.0,933.7,286.2
2026-07-10 09:50:30,2026-07-10 09:35,818.6,803.1,1.93,7336170,828.7,816.6,933.7,286.2
2026-07-10 09:55:36,2026-07-10 09:40,820.5,803.1,2.17,7765090,828.7,816.6,933.7,286.2
2026-07-10 10:00:31,2026-07-10 09:45,821.5,803.1,2.29,8359800,828.7,816.6,933.7,286.2
2026-07-10 10:05:34,2026-07-10 09:50,822.6,803.1,2.43,8676590,828.7,816.6,933.7,286.2
2026-07-10 10:10:39,2026-07-10 09:55,826.7,803.1,2.94,9041130,828.7,816.6,933.7,286.2
2026-07-10 10:15:35,2026-07-10 10:00,832.7,803.1,3.69,9970990,832.9,816.6,933.7,286.2
2026-07-10 10:20:35,2026-07-10 10:05,828.6,803.1,3.18,10759610,832.9,816.6,933.7,286.2
2026-07-10 10:25:41,2026-07-10 10:10,827.8,803.1,3.08,10979990,832.9,816.6,933.7,286.2
2026-07-10 10:30:32,2026-07-10 10:15,827.6,803.1,3.05,11280880,832.9,816.6,933.7,286.2
2026-07-10 10:35:31,2026-07-10 10:20,827.1,803.1,2.99,11483200,832.9,816.6,933.7,286.2
2026-07-10 10:40:30,2026-07-10 10:25,829.2,803.1,3.25,11701360,832.9,816.6,933.7,286.2
2026-07-10 10:45:34,2026-07-10 10:30,831.4,803.1,3.52,12576400,832.9,816.6,933.7,286.2
2026-07-10 10:50:43,2026-07-10 10:35,833.1,803.1,3.74,13436850,836.0,816.6,933.7,286.2
2026-07-10 10:55:47,2026-07-10 10:40,833.8,803.1,3.82,13782140,836.0,816.6,933.7,286.2
2026-07-10 11:00:33,2026-07-10 10:45,832.9,803.1,3.71,13862970,836.0,816.6,933.7,286.2
2026-07-10 11:05:38,2026-07-10 10:50,835.3,803.1,4.01,14317150,837.3,816.6,933.7,286.2
2026-07-10 11:10:41,2026-07-10 10:55,835.3,803.1,4.01,14396150,837.3,816.6,933.7,286.2
2026-07-10 11:15:36,2026-07-10 11:00,832.1,803.1,3.61,14499700,837.3,816.6,933.7,286.2
2026-07-10 11:20:38,2026-07-10 11:05,831.4,803.1,3.52,14586490,837.3,816.6,933.7,286.2
2026-07-10 11:25:42,2026-07-10 11:10,829.6,803.1,3.3,14643610,837.3,816.6,933.7,286.2
2026-07-10 11:30:44,2026-07-10 11:15,827.8,803.1,3.08,14766650,837.3,816.6,933.7,286.2
2026-07-10 12:30:33,2026-07-10 11:30,827.5,803.1,3.04,15476370,837.3,816.6,933.7,286.2
2026-07-10 12:35:33,2026-07-10 11:30,827.5,803.1,3.04,15476370,837.3,816.6,933.7,286.2
2026-07-10 12:40:41,2026-07-10 11:30,827.5,803.1,3.04,15476370,837.3,816.6,933.7,286.2
2026-07-10 12:45:37,2026-07-10 12:30,829.4,803.1,3.27,15625820,837.3,816.6,933.7,286.2
2026-07-10 12:50:51,2026-07-10 12:35,829.5,803.1,3.29,15832030,837.3,816.6,933.7,286.2
2026-07-10 12:55:30,2026-07-10 12:40,830.4,803.1,3.4,15965570,837.3,816.6,933.7,286.2
2026-07-10 13:00:57,2026-07-10 12:45,826.7,803.1,2.94,16113350,837.3,816.6,933.7,286.2
2026-07-10 13:05:36,2026-07-10 12:50,827.7,803.1,3.06,16397110,837.3,816.6,933.7,286.2
2026-07-10 13:10:36,2026-07-10 12:55,827.0,803.1,2.98,16641550,837.3,816.6,933.7,286.2
2026-07-10 13:15:36,2026-07-10 13:00,829.1,803.1,3.24,16739900,837.3,816.6,933.7,286.2
2026-07-10 13:20:36,2026-07-10 13:05,829.0,803.1,3.23,16860660,837.3,816.6,933.7,286.2
2026-07-10 13:25:35,2026-07-10 13:10,828.2,803.1,3.13,16987040,837.3,816.6,933.7,286.2
2026-07-10 13:30:34,2026-07-10 13:15,826.8,803.1,2.95,17015610,837.3,816.6,933.7,286.2
2026-07-10 13:35:44,2026-07-10 13:20,829.8,803.1,3.32,17169210,837.3,816.6,933.7,286.2
2026-07-10 13:40:40,2026-07-10 13:25,827.7,803.1,3.06,17211440,837.3,816.6,933.7,286.2
2026-07-10 13:45:33,2026-07-10 13:30,828.1,803.1,3.11,17249060,837.3,816.6,933.7,286.2
2026-07-10 13:50:35,2026-07-10 13:35,827.2,803.1,3.0,17351260,837.3,816.6,933.7,286.2
2026-07-10 13:55:36,2026-07-10 13:40,826.9,803.1,2.96,17368650,837.3,816.6,933.7,286.2
2026-07-10 14:00:47,2026-07-10 13:45,827.2,803.1,3.0,17406140,837.3,816.6,933.7,286.2
2026-07-10 14:05:41,2026-07-10 13:50,826.2,803.1,2.88,17512400,837.3,816.6,933.7,286.2
2026-07-10 14:10:41,2026-07-10 13:55,824.5,803.1,2.66,17651850,837.3,816.6,933.7,286.2
2026-07-10 14:15:30,2026-07-10 14:00,823.2,803.1,2.5,17715280,837.3,816.6,933.7,286.2
2026-07-10 14:20:37,2026-07-10 14:05,821.5,803.1,2.29,17856550,837.3,816.6,933.7,286.2
2026-07-10 14:25:34,2026-07-10 14:10,820.3,803.1,2.14,17968910,837.3,816.6,933.7,286.2
2026-07-10 14:30:38,2026-07-10 14:15,823.2,803.1,2.5,18005710,837.3,816.6,933.7,286.2
2026-07-10 14:35:34,2026-07-10 14:20,822.6,803.1,2.43,18076510,837.3,816.6,933.7,286.2
2026-07-10 14:40:36,2026-07-10 14:25,822.0,803.1,2.35,18113900,837.3,816.6,933.7,286.2
2026-07-10 14:45:50,2026-07-10 14:30,823.1,803.1,2.49,18175000,837.3,816.6,933.7,286.2
2026-07-10 14:50:39,2026-07-10 14:35,825.2,803.1,2.75,18270070,837.3,816.6,933.7,286.2
2026-07-10 14:55:36,2026-07-10 14:40,822.2,803.1,2.38,18346950,837.3,816.6,933.7,286.2
2026-07-10 15:00:38,2026-07-10 14:45,824.5,803.1,2.66,18559060,837.3,816.6,933.7,286.2
2026-07-10 15:05:38,2026-07-10 14:50,823.8,803.1,2.58,18575850,837.3,816.6,933.7,286.2
2026-07-10 15:10:42,2026-07-10 14:55,822.1,803.1,2.37,18641270,837.3,816.6,933.7,286.2
2026-07-10 15:15:33,2026-07-10 15:00,821.2,803.1,2.25,18977560,837.3,816.6,933.7,286.2
2026-07-10 15:20:43,2026-07-10 15:05,820.7,803.1,2.19,19246680,837.3,816.6,933.7,286.2
2026-07-10 15:25:35,2026-07-10 15:10,819.3,803.1,2.02,19340820,837.3,816.6,933.7,286.2
2026-07-10 15:30:57,2026-07-10 15:15,819.1,803.1,1.99,19537580,837.3,816.6,933.7,286.2
2026-07-10 15:40:41,2026-07-10 15:24,816.4,803.1,1.66,20134120,837.3,815.5,933.7,286.2
2026-07-13 09:00:32,2026-07-10 15:30,818.8,803.1,1.95,20274800,837.3,815.5,933.7,286.2
2026-07-13 09:05:35,2026-07-10 15:30,818.8,803.1,1.95,20274800,837.3,815.5,933.7,286.2
2026-07-13 09:10:40,2026-07-10 15:30,818.8,803.1,1.95,20274800,837.3,815.5,933.7,286.2
2026-07-13 09:15:34,2026-07-13 09:00,813.2,803.1,1.26,20702020,818.1,812.5,933.7,286.2
2026-07-13 09:20:38,2026-07-13 09:05,825.7,818.8,0.84,1102900,826.0,810.5,933.7,286.2
2026-07-13 09:25:43,2026-07-13 09:10,826.8,818.8,0.98,1707960,828.0,810.5,933.7,286.2
2026-07-13 09:30:47,2026-07-13 09:15,827.3,818.8,1.04,2275150,830.3,810.5,933.7,286.2
2026-07-13 09:36:53,2026-07-13 09:21,825.1,818.8,0.77,2708750,830.3,810.5,933.7,286.2
2026-07-13 09:41:00,2026-07-13 09:25,824.7,818.8,0.72,3059980,830.3,810.5,933.7,286.2
2026-07-13 09:47:20,2026-07-13 09:32,820.7,818.8,0.23,3380370,830.3,810.5,933.7,286.2
2026-07-13 09:52:11,2026-07-13 09:37,819.4,818.8,0.07,3643100,830.3,810.5,933.7,286.2
2026-07-13 09:58:09,2026-07-13 09:43,816.3,818.8,-0.31,4006950,830.3,810.5,933.7,286.2
2026-07-13 10:03:56,2026-07-13 09:48,814.1,818.8,-0.57,4238540,830.3,810.5,933.7,286.2
2026-07-13 10:06:40,2026-07-13 09:51,812.5,818.8,-0.77,4430240,830.3,810.5,933.7,286.2
2026-07-13 10:12:21,2026-07-13 09:57,806.0,818.8,-1.56,5240270,830.3,805.6,933.7,286.2
2026-07-13 10:15:44,2026-07-13 10:00,804.5,818.8,-1.75,5563460,830.3,803.1,933.7,286.2
2026-07-13 10:20:36,2026-07-13 10:05,803.5,818.8,-1.87,5909470,830.3,802.6,933.7,286.2
2026-07-13 10:25:45,2026-07-13 10:10,801.2,818.8,-2.15,6380060,830.3,800.1,933.7,286.2
2026-07-13 10:30:38,2026-07-13 10:15,803.3,818.8,-1.89,6701060,830.3,800.1,933.7,286.2
2026-07-13 10:35:35,2026-07-13 10:20,801.5,818.8,-2.11,7153500,830.3,798.4,933.7,286.2
2026-07-13 10:40:36,2026-07-13 10:25,798.4,818.8,-2.49,7495250,830.3,797.3,933.7,286.2
2026-07-13 10:47:42,2026-07-13 10:32,794.2,818.8,-3.0,7861190,830.3,792.9,933.7,286.2
2026-07-13 10:50:45,2026-07-13 10:35,794.7,818.8,-2.94,8064830,830.3,792.9,933.7,286.2
2026-07-13 10:55:33,2026-07-13 10:40,797.3,818.8,-2.63,8319020,830.3,792.9,933.7,286.2
2026-07-13 11:00:30,2026-07-13 10:45,792.0,818.8,-3.27,8692760,830.3,791.7,933.7,286.2
2026-07-13 11:05:36,2026-07-13 10:50,789.1,818.8,-3.63,9043750,830.3,787.2,933.7,286.2
2026-07-13 11:10:35,2026-07-13 10:55,789.3,818.8,-3.6,9286800,830.3,786.8,933.7,286.2
2026-07-13 11:15:33,2026-07-13 11:00,789.5,818.8,-3.58,9467750,830.3,786.7,933.7,286.2
2026-07-13 11:20:33,2026-07-13 11:05,788.4,818.8,-3.71,9606250,830.3,786.6,933.7,286.2
2026-07-13 11:25:42,2026-07-13 11:10,792.1,818.8,-3.26,9918610,830.3,786.5,933.7,286.2
2026-07-13 11:30:34,2026-07-13 11:15,792.3,818.8,-3.24,10112310,830.3,786.5,933.7,286.2
2026-07-13 12:30:38,2026-07-13 11:30,800.1,818.8,-2.28,10659110,830.3,786.5,933.7,286.2
2026-07-13 12:35:32,2026-07-13 11:30,800.1,818.8,-2.28,10659110,830.3,786.5,933.7,286.2
2026-07-13 12:40:31,2026-07-13 11:30,800.1,818.8,-2.28,10659110,830.3,786.5,933.7,286.2
2026-07-13 12:45:33,2026-07-13 12:30,790.9,818.8,-3.41,10928660,830.3,786.5,933.7,286.2
2026-07-13 12:50:34,2026-07-13 12:35,788.1,818.8,-3.75,11304430,830.3,786.5,933.7,286.2
2026-07-13 12:56:15,2026-07-13 12:41,790.0,818.8,-3.52,11597540,830.3,786.5,933.7,286.2
2026-07-13 13:00:31,2026-07-13 12:45,787.7,818.8,-3.8,11774680,830.3,786.0,933.7,286.2
2026-07-13 13:05:39,2026-07-13 12:50,788.0,818.8,-3.76,12037130,830.3,786.0,933.7,286.2
2026-07-13 13:10:33,2026-07-13 12:55,785.4,818.8,-4.08,12282550,830.3,785.1,933.7,286.2
2026-07-13 13:15:33,2026-07-13 13:00,782.5,818.8,-4.43,12695670,830.3,782.1,933.7,286.2
2026-07-13 13:22:37,2026-07-13 13:07,780.8,818.8,-4.64,13093630,830.3,779.3,933.7,286.2
2026-07-13 13:25:33,2026-07-13 13:10,780.7,818.8,-4.65,13202510,830.3,779.3,933.7,286.2
2026-07-13 13:32:41,2026-07-13 13:17,781.4,818.8,-4.57,13400880,830.3,779.3,933.7,286.2
2026-07-13 13:35:43,2026-07-13 13:20,783.7,818.8,-4.29,13537130,830.3,779.3,933.7,286.2
2026-07-13 13:40:32,2026-07-13 13:25,782.8,818.8,-4.4,13702210,830.3,779.3,933.7,286.2
2026-07-13 13:45:42,2026-07-13 13:30,783.3,818.8,-4.34,13888860,830.3,779.3,933.7,286.2
2026-07-13 13:50:34,2026-07-13 13:35,781.4,818.8,-4.57,14031680,830.3,779.3,933.7,286.2
2026-07-13 13:55:44,2026-07-13 13:40,780.9,818.8,-4.63,14155300,830.3,779.3,933.7,286.2
2026-07-13 14:00:30,2026-07-13 13:45,779.9,818.8,-4.75,14387630,830.3,779.3,933.7,286.2
2026-07-13 14:05:30,2026-07-13 13:50,778.2,818.8,-4.96,14637680,830.3,778.1,933.7,286.2
2026-07-13 14:10:31,2026-07-13 13:55,778.9,818.8,-4.87,14783860,830.3,777.9,933.7,286.2
2026-07-13 14:15:44,2026-07-13 14:00,778.7,818.8,-4.9,14993370,830.3,777.9,933.7,286.2
2026-07-13 14:20:34,2026-07-13 14:05,782.0,818.8,-4.49,15230780,830.3,777.9,933.7,286.2
2026-07-13 14:25:41,2026-07-13 14:10,785.0,818.8,-4.13,15404010,830.3,777.9,933.7,286.2
2026-07-13 14:30:36,2026-07-13 14:15,782.9,818.8,-4.38,15606930,830.3,777.9,933.7,286.2
2026-07-13 14:35:37,2026-07-13 14:20,778.4,818.8,-4.93,15865880,830.3,777.9,933.7,286.2
2026-07-13 14:40:34,2026-07-13 14:25,776.8,818.8,-5.13,16249480,830.3,775.1,933.7,286.2
2026-07-13 14:45:35,2026-07-13 14:30,772.4,818.8,-5.67,16573110,830.3,772.4,933.7,286.2
2026-07-13 14:50:34,2026-07-13 14:35,782.0,818.8,-4.49,16764140,830.3,772.4,933.7,286.2
2026-07-13 14:55:30,2026-07-13 14:40,786.3,818.8,-3.97,17101920,830.3,772.4,933.7,286.2
2026-07-13 15:00:32,2026-07-13 14:45,783.4,818.8,-4.32,17276190,830.3,772.4,933.7,286.2
2026-07-13 15:05:44,2026-07-13 14:50,785.8,818.8,-4.03,17438480,830.3,772.4,933.7,286.2
2026-07-13 15:10:31,2026-07-13 14:55,785.3,818.8,-4.09,17637020,830.3,772.4,933.7,286.2
2026-07-13 15:15:39,2026-07-13 15:00,788.6,818.8,-3.69,17895450,830.3,772.4,933.7,286.2
2026-07-13 15:20:39,2026-07-13 15:05,785.2,818.8,-4.1,17970780,830.3,772.4,933.7,286.2
2026-07-13 15:25:39,2026-07-13 15:10,785.6,818.8,-4.05,18080290,830.3,772.4,933.7,286.2
2026-07-13 15:30:31,2026-07-13 15:15,784.3,818.8,-4.21,18157920,830.3,772.4,933.7,286.2
2026-07-13 15:40:33,2026-07-13 15:24,783.8,818.8,-4.27,18394900,830.3,772.4,933.7,286.2
2026-07-14 09:00:32,2026-07-13 15:30,785.0,818.8,-4.13,18534750,830.3,772.4,933.7,286.2
2026-07-14 09:05:35,2026-07-13 15:30,785.0,818.8,-4.13,18534750,830.3,772.4,933.7,286.2
2026-07-14 09:10:59,2026-07-13 15:30,785.0,818.8,-4.13,18534750,830.3,772.4,933.7,286.2
2026-07-14 09:15:32,2026-07-14 09:00,785.0,818.8,-4.13,18933710,779.4,774.4,933.7,286.2
2026-07-14 09:20:34,2026-07-14 09:05,772.3,785.0,-1.62,1231630,780.9,767.9,933.7,286.2
2026-07-14 09:25:39,2026-07-14 09:10,777.3,785.0,-0.98,2101180,780.9,763.4,933.7,286.2
2026-07-14 09:30:30,2026-07-14 09:15,783.1,785.0,-0.24,2534180,784.5,763.4,933.7,286.2
2026-07-14 09:35:35,2026-07-14 09:20,768.8,785.0,-2.06,2932530,784.5,763.4,933.7,286.2
2026-07-14 09:40:37,2026-07-14 09:25,775.1,785.0,-1.26,3466380,784.5,763.4,933.7,286.2
2026-07-14 09:45:39,2026-07-14 09:30,774.3,785.0,-1.36,3857850,784.5,763.4,933.7,286.2
2026-07-14 09:50:32,2026-07-14 09:35,779.1,785.0,-0.75,4178790,784.5,763.4,933.7,286.2
2026-07-14 09:55:36,2026-07-14 09:40,777.9,785.0,-0.9,4467270,784.5,763.4,933.7,286.2
2026-07-14 10:00:32,2026-07-14 09:45,773.6,785.0,-1.45,4778090,784.5,763.4,933.7,286.2
2026-07-14 10:05:32,2026-07-14 09:50,780.6,785.0,-0.56,5104960,784.5,763.4,933.7,286.2
2026-07-14 10:10:31,2026-07-14 09:55,785.1,785.0,0.01,5430830,785.3,763.4,933.7,286.2
2026-07-14 10:15:41,2026-07-14 10:00,789.0,785.0,0.51,5722890,789.9,763.4,933.7,286.2
2026-07-14 10:20:33,2026-07-14 10:05,789.6,785.0,0.59,6075530,791.6,763.4,933.7,286.2
2026-07-14 10:25:32,2026-07-14 10:10,787.2,785.0,0.28,6258700,791.6,763.4,933.7,286.2
2026-07-14 10:30:38,2026-07-14 10:15,785.0,785.0,0.0,6411930,791.6,763.4,933.7,286.2
2026-07-14 10:35:42,2026-07-14 10:20,788.1,785.0,0.39,6527480,791.6,763.4,933.7,286.2
2026-07-14 10:40:42,2026-07-14 10:25,788.6,785.0,0.46,6595650,791.6,763.4,933.7,286.2
2026-07-14 10:45:35,2026-07-14 10:30,791.0,785.0,0.76,6820990,792.9,763.4,933.7,286.2
2026-07-14 10:50:36,2026-07-14 10:35,785.8,785.0,0.1,7029070,792.9,763.4,933.7,286.2
2026-07-14 10:55:36,2026-07-14 10:40,786.8,785.0,0.23,7218510,792.9,763.4,933.7,286.2
2026-07-14 11:00:31,2026-07-14 10:45,788.4,785.0,0.43,7329880,792.9,763.4,933.7,286.2
2026-07-14 11:05:39,2026-07-14 10:50,788.2,785.0,0.41,7431490,792.9,763.4,933.7,286.2
2026-07-14 11:10:46,2026-07-14 10:55,783.0,785.0,-0.25,7565940,792.9,763.4,933.7,286.2
2026-07-14 11:15:39,2026-07-14 11:00,780.0,785.0,-0.64,7724740,792.9,763.4,933.7,286.2
2026-07-14 11:20:58,2026-07-14 11:05,782.1,785.0,-0.37,7766960,792.9,763.4,933.7,286.2
2026-07-14 11:25:32,2026-07-14 11:10,778.6,785.0,-0.82,7864560,792.9,763.4,933.7,286.2
2026-07-14 11:30:56,2026-07-14 11:15,774.7,785.0,-1.31,8081770,792.9,763.4,933.7,286.2
2026-07-14 12:30:44,2026-07-14 11:30,773.4,785.0,-1.48,8610920,792.9,763.4,933.7,286.2
2026-07-14 12:35:37,2026-07-14 11:30,773.4,785.0,-1.48,8610920,792.9,763.4,933.7,286.2
2026-07-14 12:40:32,2026-07-14 11:30,773.4,785.0,-1.48,8610920,792.9,763.4,933.7,286.2
2026-07-14 12:45:37,2026-07-14 12:30,776.2,785.0,-1.12,8715700,792.9,763.4,933.7,286.2
2026-07-14 12:50:32,2026-07-14 12:35,777.2,785.0,-0.99,8950630,792.9,763.4,933.7,286.2
2026-07-14 12:55:42,2026-07-14 12:40,777.9,785.0,-0.9,9067130,792.9,763.4,933.7,286.2
2026-07-14 13:00:55,2026-07-14 12:45,776.1,785.0,-1.13,9244280,792.9,763.4,933.7,286.2
2026-07-14 13:05:40,2026-07-14 12:50,778.3,785.0,-0.85,9421720,792.9,763.4,933.7,286.2
2026-07-14 13:10:40,2026-07-14 12:55,782.0,785.0,-0.38,9633230,792.9,763.4,933.7,286.2
2026-07-14 13:15:38,2026-07-14 13:00,782.4,785.0,-0.33,9779510,792.9,763.4,933.7,286.2
2026-07-14 13:20:39,2026-07-14 13:05,782.0,785.0,-0.38,9945590,792.9,763.4,933.7,286.2
2026-07-14 13:25:31,2026-07-14 13:10,776.7,785.0,-1.06,10058160,792.9,763.4,933.7,286.2
2026-07-14 13:30:36,2026-07-14 13:15,775.3,785.0,-1.24,10167180,792.9,763.4,933.7,286.2
2026-07-14 13:35:31,2026-07-14 13:20,777.0,785.0,-1.02,10217170,792.9,763.4,933.7,286.2
2026-07-14 13:40:51,2026-07-14 13:25,777.7,785.0,-0.93,10322470,792.9,763.4,933.7,286.2
2026-07-14 13:45:31,2026-07-14 13:30,780.3,785.0,-0.6,10423970,792.9,763.4,933.7,286.2
2026-07-14 13:50:37,2026-07-14 13:35,783.1,785.0,-0.24,10572300,792.9,763.4,933.7,286.2
2026-07-14 13:55:34,2026-07-14 13:40,786.0,785.0,0.13,10725000,792.9,763.4,933.7,286.2
2026-07-14 14:00:37,2026-07-14 13:45,786.2,785.0,0.15,10778960,792.9,763.4,933.7,286.2
2026-07-14 14:05:32,2026-07-14 13:50,788.9,785.0,0.5,10879070,792.9,763.4,933.7,286.2
2026-07-14 14:10:34,2026-07-14 13:55,789.6,785.0,0.59,11110440,792.9,763.4,933.7,286.2
2026-07-14 14:15:32,2026-07-14 14:00,790.3,785.0,0.68,11282200,792.9,763.4,933.7,286.2
2026-07-14 14:20:35,2026-07-14 14:05,790.8,785.0,0.74,11405700,792.9,763.4,933.7,286.2
2026-07-14 14:25:38,2026-07-14 14:10,792.5,785.0,0.96,11551930,792.9,763.4,933.7,286.2
2026-07-14 14:30:30,2026-07-14 14:15,795.0,785.0,1.27,11860310,795.1,763.4,933.7,286.2
2026-07-14 14:35:39,2026-07-14 14:20,794.3,785.0,1.18,11959910,795.1,763.4,933.7,286.2
2026-07-14 14:40:36,2026-07-14 14:25,796.6,785.0,1.48,12136320,796.9,763.4,933.7,286.2
2026-07-14 14:45:35,2026-07-14 14:30,798.1,785.0,1.67,12313230,798.5,763.4,933.7,286.2
2026-07-14 14:50:32,2026-07-14 14:35,796.6,785.0,1.48,12375270,799.3,763.4,933.7,286.2
2026-07-14 14:55:38,2026-07-14 14:40,794.0,785.0,1.15,12466680,799.3,763.4,933.7,286.2
2026-07-14 15:00:39,2026-07-14 14:45,795.8,785.0,1.38,12626430,799.3,763.4,933.7,286.2
2026-07-14 15:05:48,2026-07-14 14:50,795.5,785.0,1.34,12790510,799.3,763.4,933.7,286.2
2026-07-14 15:10:32,2026-07-14 14:55,795.2,785.0,1.3,12863440,799.3,763.4,933.7,286.2
2026-07-14 15:15:43,2026-07-14 15:00,795.5,785.0,1.34,13007020,799.3,763.4,933.7,286.2
2026-07-14 15:20:39,2026-07-14 15:05,795.5,785.0,1.34,13155910,799.3,763.4,933.7,286.2
2026-07-14 15:25:30,2026-07-14 15:10,796.9,785.0,1.52,13230200,799.3,763.4,933.7,286.2
2026-07-14 15:30:38,2026-07-14 15:15,797.1,785.0,1.54,13432590,799.3,763.4,933.7,286.2
2026-07-14 15:40:56,2026-07-14 15:24,797.0,785.0,1.53,13713590,799.3,763.4,933.7,286.2
2026-07-15 09:05:30,2026-07-14 15:30,797.7,785.0,1.62,13897440,799.3,763.4,933.7,287.0
2026-07-15 09:10:31,2026-07-14 15:30,797.7,785.0,1.62,13897440,799.3,763.4,933.7,287.0
2026-07-15 09:15:44,2026-07-15 09:00,797.7,785.0,1.62,14561520,811.0,805.0,933.7,287.0
2026-07-15 09:20:30,2026-07-15 09:05,810.1,797.7,1.55,1216670,812.9,805.0,933.7,287.0
2026-07-15 09:25:37,2026-07-15 09:10,813.5,797.7,1.98,1786960,814.3,805.0,933.7,287.0
2026-07-15 09:30:39,2026-07-15 09:15,819.6,797.7,2.75,2856530,820.4,805.0,933.7,287.0
2026-07-15 09:35:30,2026-07-15 09:20,820.5,797.7,2.86,3317750,822.1,805.0,933.7,287.0
2026-07-15 09:40:36,2026-07-15 09:25,817.0,797.7,2.42,3612520,822.1,805.0,933.7,287.0
2026-07-15 09:45:32,2026-07-15 09:30,819.0,797.7,2.67,3861760,822.1,805.0,933.7,287.0
2026-07-15 09:50:37,2026-07-15 09:35,814.0,797.7,2.04,4294760,822.1,805.0,933.7,287.0
2026-07-15 09:55:31,2026-07-15 09:40,812.5,797.7,1.86,4879550,822.1,805.0,933.7,287.0
2026-07-15 10:00:41,2026-07-15 09:45,808.0,797.7,1.29,5376670,822.1,805.0,933.7,287.0
2026-07-15 10:05:42,2026-07-15 09:50,808.7,797.7,1.38,5853320,822.1,805.0,933.7,287.0
2026-07-15 10:10:35,2026-07-15 09:55,810.8,797.7,1.64,6216180,822.1,805.0,933.7,287.0
2026-07-15 10:15:31,2026-07-15 10:00,806.9,797.7,1.15,6769830,822.1,805.0,933.7,287.0
2026-07-15 10:20:30,2026-07-15 10:05,808.0,797.7,1.29,7174950,822.1,804.0,933.7,287.0
2026-07-15 10:25:31,2026-07-15 10:10,804.5,797.7,0.85,7515580,822.1,803.1,933.7,287.0
2026-07-15 10:30:39,2026-07-15 10:15,803.6,797.7,0.74,7756210,822.1,801.3,933.7,287.0
2026-07-15 10:35:29,2026-07-15 10:20,802.9,797.7,0.65,7950400,822.1,801.1,933.7,287.0
2026-07-15 10:40:32,2026-07-15 10:25,801.6,797.7,0.49,8260640,822.1,800.6,933.7,287.0
2026-07-15 10:45:39,2026-07-15 10:30,803.8,797.7,0.76,8775590,822.1,800.6,933.7,287.0
2026-07-15 10:50:48,2026-07-15 10:35,802.1,797.7,0.55,9067410,822.1,799.5,933.7,287.0
2026-07-15 10:55:29,2026-07-15 10:40,803.3,797.7,0.7,9199680,822.1,799.5,933.7,287.0
2026-07-15 11:00:34,2026-07-15 10:45,801.4,797.7,0.46,9349770,822.1,799.5,933.7,287.0
2026-07-15 11:05:44,2026-07-15 10:50,806.0,797.7,1.04,9495300,822.1,799.5,933.7,287.0
2026-07-15 11:10:40,2026-07-15 10:55,808.1,797.7,1.3,9615800,822.1,799.5,933.7,287.0
2026-07-15 11:15:33,2026-07-15 11:00,811.0,797.7,1.67,9797410,822.1,799.5,933.7,287.0
2026-07-15 11:20:38,2026-07-15 11:05,811.5,797.7,1.73,9930340,822.1,799.5,933.7,287.0
2026-07-15 11:25:38,2026-07-15 11:10,811.4,797.7,1.72,10106240,822.1,799.5,933.7,287.0
2026-07-15 11:30:30,2026-07-15 11:15,811.8,797.7,1.77,10231140,822.1,799.5,933.7,287.0
2026-07-15 12:30:33,2026-07-15 11:30,812.0,797.7,1.79,10361830,822.1,799.5,933.7,287.0
2026-07-15 12:35:40,2026-07-15 11:30,812.0,797.7,1.79,10361830,822.1,799.5,933.7,287.0
2026-07-15 12:40:35,2026-07-15 11:30,812.0,797.7,1.79,10361830,822.1,799.5,933.7,287.0
2026-07-15 12:45:37,2026-07-15 12:30,817.9,797.7,2.53,10509160,822.1,799.5,933.7,287.0
2026-07-15 12:50:37,2026-07-15 12:35,815.5,797.7,2.23,10634770,822.1,799.5,933.7,287.0
2026-07-15 12:55:32,2026-07-15 12:40,814.7,797.7,2.13,10777360,822.1,799.5,933.7,287.0
2026-07-15 13:00:39,2026-07-15 12:45,814.0,797.7,2.04,10927860,822.1,799.5,933.7,287.0
2026-07-15 13:05:32,2026-07-15 12:50,815.9,797.7,2.28,11049160,822.1,799.5,933.7,287.0
2026-07-15 13:10:35,2026-07-15 12:55,816.7,797.7,2.38,11227740,822.1,799.5,933.7,287.0
2026-07-15 13:15:37,2026-07-15 13:00,818.7,797.7,2.63,11436670,822.1,799.5,933.7,287.0
2026-07-15 13:20:40,2026-07-15 13:05,818.6,797.7,2.62,11599350,822.1,799.5,933.7,287.0
2026-07-15 13:25:40,2026-07-15 13:10,816.6,797.7,2.37,11701980,822.1,799.5,933.7,287.0
2026-07-15 13:30:29,2026-07-15 13:15,816.2,797.7,2.32,11732170,822.1,799.5,933.7,287.0
2026-07-15 13:35:35,2026-07-15 13:20,816.7,797.7,2.38,11777120,822.1,799.5,933.7,287.0
2026-07-15 13:40:42,2026-07-15 13:25,817.6,797.7,2.49,11846770,822.1,799.5,933.7,287.0
2026-07-15 13:45:33,2026-07-15 13:30,815.6,797.7,2.24,11917740,822.1,799.5,933.7,287.0
2026-07-15 13:50:33,2026-07-15 13:35,815.3,797.7,2.21,11967610,822.1,799.5,933.7,287.0
2026-07-15 13:55:38,2026-07-15 13:40,817.5,797.7,2.48,12076070,822.1,799.5,933.7,287.0
2026-07-15 14:00:36,2026-07-15 13:45,817.1,797.7,2.43,12110620,822.1,799.5,933.7,287.0
2026-07-15 14:05:41,2026-07-15 13:50,817.1,797.7,2.43,12170470,822.1,799.5,933.7,287.0
2026-07-15 14:10:37,2026-07-15 13:55,816.9,797.7,2.41,12181970,822.1,799.5,933.7,287.0
2026-07-15 14:15:30,2026-07-15 14:00,822.0,797.7,3.05,12761470,822.4,799.5,933.7,287.0
2026-07-15 14:20:39,2026-07-15 14:05,815.0,797.7,2.17,13053150,822.6,799.5,933.7,287.0
2026-07-15 14:25:34,2026-07-15 14:10,818.0,797.7,2.54,13402050,822.6,799.5,933.7,287.0
2026-07-15 14:30:30,2026-07-15 14:15,814.2,797.7,2.07,13514000,822.6,799.5,933.7,287.0
2026-07-15 14:35:31,2026-07-15 14:20,815.8,797.7,2.27,13645030,822.6,799.5,933.7,287.0
2026-07-15 14:40:40,2026-07-15 14:25,815.2,797.7,2.19,13804390,822.6,799.5,933.7,287.0
2026-07-15 14:45:54,2026-07-15 14:30,814.0,797.7,2.04,13868020,822.6,799.5,933.7,287.0
2026-07-15 14:50:31,2026-07-15 14:35,814.9,797.7,2.16,13978180,822.6,799.5,933.7,287.0
2026-07-15 14:55:31,2026-07-15 14:40,815.9,797.7,2.28,14099370,822.6,799.5,933.7,287.0
2026-07-15 15:00:41,2026-07-15 14:45,816.5,797.7,2.36,14173790,822.6,799.5,933.7,287.0
2026-07-15 15:05:33,2026-07-15 14:50,817.4,797.7,2.47,14311520,822.6,799.5,933.7,287.0
2026-07-15 15:10:30,2026-07-15 14:55,819.6,797.7,2.75,14453890,822.6,799.5,933.7,287.0
2026-07-15 15:15:32,2026-07-15 15:00,820.6,797.7,2.87,14673730,822.6,799.5,933.7,287.0
2026-07-15 15:20:40,2026-07-15 15:05,821.3,797.7,2.96,14741210,822.6,799.5,933.7,287.0
2026-07-15 15:25:31,2026-07-15 15:10,820.6,797.7,2.87,14850540,822.6,799.5,933.7,287.0
2026-07-15 15:30:37,2026-07-15 15:15,819.0,797.7,2.67,14959530,822.6,799.5,933.7,287.0
2026-07-15 15:41:19,2026-07-15 15:25,818.8,797.7,2.65,15176590,822.6,799.5,933.7,287.0
2026-07-16 09:05:32,2026-07-15 15:30,820.9,797.7,2.91,15342210,822.6,799.5,933.7,287.0
2026-07-16 09:10:35,2026-07-15 15:30,820.9,797.7,2.91,15342210,822.6,799.5,933.7,287.0
2026-07-16 09:15:40,2026-07-15 15:30,820.9,797.7,2.91,15342210,822.6,799.5,933.7,287.0
2026-07-16 09:20:36,2026-07-16 09:05,793.6,820.9,-3.33,1117980,797.0,791.9,933.7,287.0
2026-07-16 09:25:32,2026-07-16 09:10,788.8,820.9,-3.91,1880860,797.0,786.6,933.7,287.0
2026-07-16 09:30:33,2026-07-16 09:15,788.2,820.9,-3.98,2411190,797.0,784.0,933.7,287.0
2026-07-16 09:35:29,2026-07-16 09:20,779.3,820.9,-5.07,3315520,797.0,778.6,933.7,287.0
2026-07-16 09:40:32,2026-07-16 09:25,779.8,820.9,-5.01,3922800,797.0,778.6,933.7,287.0
2026-07-16 09:45:36,2026-07-16 09:30,777.1,820.9,-5.34,4445420,797.0,776.8,933.7,287.0
2026-07-16 09:50:43,2026-07-16 09:35,777.7,820.9,-5.26,4848220,797.0,775.1,933.7,287.0
2026-07-16 09:55:33,2026-07-16 09:40,774.2,820.9,-5.69,5298440,797.0,773.5,933.7,287.0
2026-07-16 10:00:31,2026-07-16 09:45,769.5,820.9,-6.26,6147090,797.0,769.2,933.7,287.0
2026-07-16 10:05:43,2026-07-16 09:50,772.3,820.9,-5.92,6518870,797.0,768.5,933.7,287.0
2026-07-16 10:10:41,2026-07-16 09:55,774.9,820.9,-5.6,6984780,797.0,768.5,933.7,287.0
2026-07-16 10:15:38,2026-07-16 10:00,772.7,820.9,-5.87,7364320,797.0,768.5,933.7,287.0
2026-07-16 10:20:31,2026-07-16 10:05,771.2,820.9,-6.05,7693130,797.0,768.5,933.7,287.0
2026-07-16 10:25:43,2026-07-16 10:10,772.7,820.9,-5.87,7922400,797.0,768.5,933.7,287.0
2026-07-16 10:30:36,2026-07-16 10:15,770.6,820.9,-6.13,8179410,797.0,768.0,933.7,287.0
2026-07-16 10:35:33,2026-07-16 10:20,769.9,820.9,-6.21,8394770,797.0,768.0,933.7,287.0
2026-07-16 10:40:33,2026-07-16 10:25,770.8,820.9,-6.1,8527260,797.0,768.0,933.7,287.0
2026-07-16 10:45:31,2026-07-16 10:29,770.5,820.9,-6.14,8761360,797.0,768.0,933.7,287.0
2026-07-16 10:50:34,2026-07-16 10:35,770.5,820.9,-6.14,9195110,797.0,767.9,933.7,287.0
2026-07-16 10:55:38,2026-07-16 10:40,773.0,820.9,-5.84,9452380,797.0,767.9,933.7,287.0
2026-07-16 11:00:35,2026-07-16 10:45,771.2,820.9,-6.05,9751850,797.0,767.9,933.7,287.0
2026-07-16 11:05:35,2026-07-16 10:50,777.6,820.9,-5.27,9946950,797.0,767.9,933.7,287.0
2026-07-16 11:10:34,2026-07-16 10:55,778.0,820.9,-5.23,10051250,797.0,767.9,933.7,287.0
2026-07-16 11:15:34,2026-07-16 11:00,772.2,820.9,-5.93,10431090,797.0,767.9,933.7,287.0
2026-07-16 11:20:55,2026-07-16 11:05,768.5,820.9,-6.38,10652680,797.0,767.9,933.7,287.0
2026-07-16 11:25:35,2026-07-16 11:10,769.2,820.9,-6.3,10938180,797.0,767.2,933.7,287.0
2026-07-16 11:30:36,2026-07-16 11:15,769.3,820.9,-6.29,11129690,797.0,767.2,933.7,287.0
2026-07-16 12:30:38,2026-07-16 11:30,775.2,820.9,-5.57,11528530,797.0,767.2,933.7,287.0
2026-07-16 12:35:33,2026-07-16 11:30,775.2,820.9,-5.57,11528530,797.0,767.2,933.7,287.0
2026-07-16 12:40:29,2026-07-16 11:30,775.2,820.9,-5.57,11528530,797.0,767.2,933.7,287.0
2026-07-16 12:45:45,2026-07-16 12:30,777.3,820.9,-5.31,11692770,797.0,767.2,933.7,287.0
2026-07-16 12:50:34,2026-07-16 12:35,780.7,820.9,-4.9,12070360,797.0,767.2,933.7,287.0
2026-07-16 12:55:43,2026-07-16 12:40,780.9,820.9,-4.87,12520410,797.0,767.2,933.7,287.0
2026-07-16 13:00:39,2026-07-16 12:45,780.6,820.9,-4.91,12679060,797.0,767.2,933.7,287.0
2026-07-16 13:05:38,2026-07-16 12:50,780.8,820.9,-4.88,12932840,797.0,767.2,933.7,287.0
2026-07-16 13:10:42,2026-07-16 12:55,783.0,820.9,-4.62,13126400,797.0,767.2,933.7,287.0
2026-07-16 13:15:33,2026-07-16 13:00,784.2,820.9,-4.47,13382980,797.0,767.2,933.7,287.0
2026-07-16 13:20:42,2026-07-16 13:05,781.1,820.9,-4.85,13694320,797.0,767.2,933.7,287.0
2026-07-16 13:25:40,2026-07-16 13:10,781.6,820.9,-4.79,13848730,797.0,767.2,933.7,287.0
2026-07-16 13:30:46,2026-07-16 13:15,783.2,820.9,-4.59,13963630,797.0,767.2,933.7,287.0
2026-07-16 13:35:32,2026-07-16 13:20,781.6,820.9,-4.79,14115640,797.0,767.2,933.7,287.0
2026-07-16 13:40:35,2026-07-16 13:25,780.2,820.9,-4.96,14298130,797.0,767.2,933.7,287.0
2026-07-16 13:45:30,2026-07-16 13:30,777.7,820.9,-5.26,14365710,797.0,767.2,933.7,287.0
2026-07-16 13:50:33,2026-07-16 13:35,777.5,820.9,-5.29,14458540,797.0,767.2,933.7,287.0
2026-07-16 13:55:43,2026-07-16 13:40,773.8,820.9,-5.74,14764690,797.0,767.2,933.7,287.0
2026-07-16 14:00:48,2026-07-16 13:45,773.4,820.9,-5.79,14852960,797.0,767.2,933.7,287.0
2026-07-16 14:05:34,2026-07-16 13:50,774.0,820.9,-5.71,14931740,797.0,767.2,933.7,287.0
2026-07-16 14:10:36,2026-07-16 13:55,775.2,820.9,-5.57,15105390,797.0,767.2,933.7,287.0
2026-07-16 14:15:38,2026-07-16 14:00,775.4,820.9,-5.54,15175710,797.0,767.2,933.7,287.0
2026-07-16 14:20:33,2026-07-16 14:05,774.3,820.9,-5.68,15232200,797.0,767.2,933.7,287.0
2026-07-16 14:25:47,2026-07-16 14:10,772.9,820.9,-5.85,15352080,797.0,767.2,933.7,287.0
2026-07-16 14:30:30,2026-07-16 14:15,777.9,820.9,-5.24,15529770,797.0,767.2,933.7,287.0
2026-07-16 14:35:39,2026-07-16 14:20,777.7,820.9,-5.26,15638130,797.0,767.2,933.7,287.0
2026-07-16 14:40:33,2026-07-16 14:25,779.1,820.9,-5.09,15731190,797.0,767.2,933.7,287.0
2026-07-16 14:45:44,2026-07-16 14:30,779.8,820.9,-5.01,15959750,797.0,767.2,933.7,287.0
2026-07-16 14:50:34,2026-07-16 14:35,770.6,820.9,-6.13,16309360,797.0,767.2,933.7,287.0
2026-07-16 14:55:33,2026-07-16 14:38,775.2,820.9,-5.57,16566810,797.0,767.2,933.7,287.0
2026-07-16 15:00:37,2026-07-16 14:45,773.3,820.9,-5.8,16859470,797.0,767.2,933.7,287.0
2026-07-16 15:05:29,2026-07-16 14:50,771.8,820.9,-5.98,16966750,797.0,767.2,933.7,287.0
2026-07-16 15:10:33,2026-07-16 14:55,772.8,820.9,-5.86,17111490,797.0,767.2,933.7,287.0
2026-07-16 15:15:54,2026-07-16 15:00,773.7,820.9,-5.75,17456990,797.0,767.2,933.7,287.0
2026-07-16 15:20:43,2026-07-16 15:05,771.3,820.9,-6.04,17605680,797.0,767.2,933.7,287.0
2026-07-16 15:25:37,2026-07-16 15:10,775.8,820.9,-5.49,18630070,797.0,767.2,933.7,287.0
2026-07-16 15:30:32,2026-07-16 15:15,777.0,820.9,-5.35,18948570,797.0,767.2,933.7,287.0
2026-07-16 15:40:37,2026-07-16 15:24,777.5,820.9,-5.29,19655750,797.0,767.2,933.7,287.0
2026-07-17 09:05:48,2026-07-16 15:30,777.0,820.9,-5.35,19930620,797.0,767.2,933.7,287.0
2026-07-17 09:10:58,2026-07-16 15:30,777.0,820.9,-5.35,19930620,797.0,767.2,933.7,287.0
2026-07-17 09:15:32,2026-07-16 15:30,777.0,820.9,-5.35,19930620,797.0,767.2,933.7,287.0
2026-07-17 09:20:37,2026-07-17 09:05,742.4,777.0,-4.45,1379640,749.2,741.6,933.7,287.0
2026-07-17 09:25:32,2026-07-17 09:10,733.8,777.0,-5.56,2423760,749.2,733.4,933.7,287.0
2026-07-17 09:30:34,2026-07-17 09:15,728.0,777.0,-6.31,3347910,749.2,726.7,933.7,287.0
2026-07-17 09:35:41,2026-07-17 09:20,732.8,777.0,-5.69,4127600,749.2,726.7,933.7,287.0
2026-07-17 09:40:30,2026-07-17 09:25,726.4,777.0,-6.51,5184570,749.2,725.9,933.7,287.0
2026-07-17 09:45:34,2026-07-17 09:30,721.0,777.0,-7.21,6032500,749.2,720.3,933.7,287.0
2026-07-17 09:50:41,2026-07-17 09:35,719.3,777.0,-7.43,7074220,749.2,719.2,933.7,287.0
2026-07-17 09:55:39,2026-07-17 09:40,718.2,777.0,-7.57,7537220,749.2,717.9,933.7,287.0
2026-07-17 10:00:41,2026-07-17 09:45,716.6,777.0,-7.77,8112440,749.2,712.9,933.7,287.0
2026-07-17 10:05:29,2026-07-17 09:50,720.6,777.0,-7.26,8597010,749.2,712.9,933.7,287.0
2026-07-17 10:10:42,2026-07-17 09:55,730.9,777.0,-5.93,9494480,749.2,712.9,933.7,287.0
2026-07-17 10:15:33,2026-07-17 10:00,728.5,777.0,-6.24,10070000,749.2,712.9,933.7,287.0
2026-07-17 10:20:40,2026-07-17 10:05,725.4,777.0,-6.64,10331340,749.2,712.9,933.7,287.0
2026-07-17 10:25:49,2026-07-17 10:10,729.9,777.0,-6.06,10569990,749.2,712.9,933.7,287.0
2026-07-17 10:30:32,2026-07-17 10:15,733.7,777.0,-5.57,11104340,749.2,712.9,933.7,287.0
2026-07-17 10:35:37,2026-07-17 10:20,727.9,777.0,-6.32,11381870,749.2,712.9,933.7,287.0
2026-07-17 10:40:50,2026-07-17 10:25,723.5,777.0,-6.89,11823420,749.2,712.9,933.7,287.0
2026-07-17 10:45:46,2026-07-17 10:30,719.8,777.0,-7.36,12158090,749.2,712.9,933.7,287.0
2026-07-17 10:50:45,2026-07-17 10:35,716.9,777.0,-7.73,12574220,749.2,712.9,933.7,287.0
2026-07-17 10:55:35,2026-07-17 10:40,717.4,777.0,-7.67,12823170,749.2,712.9,933.7,287.0
2026-07-17 11:00:44,2026-07-17 10:45,714.5,777.0,-8.04,13192640,749.2,712.9,933.7,287.0
2026-07-17 11:05:43,2026-07-17 10:50,714.1,777.0,-8.1,13555170,749.2,712.9,933.7,287.0
2026-07-17 11:10:43,2026-07-17 10:55,714.3,777.0,-8.07,13938130,749.2,712.9,933.7,287.0
2026-07-17 11:15:34,2026-07-17 11:00,714.9,777.0,-7.99,14168180,749.2,712.9,933.7,287.0
2026-07-17 11:20:36,2026-07-17 11:05,714.3,777.0,-8.07,14348490,749.2,712.9,933.7,287.0
2026-07-17 11:25:41,2026-07-17 11:10,710.9,777.0,-8.51,14899470,749.2,710.6,933.7,287.0
2026-07-17 11:30:30,2026-07-17 11:15,711.7,777.0,-8.4,15237180,749.2,710.6,933.7,287.0
2026-07-17 12:30:39,2026-07-17 11:30,711.0,777.0,-8.49,16097360,749.2,709.1,933.7,287.0
2026-07-17 12:35:31,2026-07-17 11:30,711.0,777.0,-8.49,16097360,749.2,709.1,933.7,287.0
2026-07-17 12:40:37,2026-07-17 11:30,711.0,777.0,-8.49,16097360,749.2,709.1,933.7,287.0
2026-07-17 12:45:40,2026-07-17 12:30,714.7,777.0,-8.02,16361200,749.2,709.1,933.7,287.0
2026-07-17 12:50:51,2026-07-17 12:35,712.0,777.0,-8.37,16892120,749.2,709.0,933.7,287.0
2026-07-17 12:55:33,2026-07-17 12:40,710.1,777.0,-8.61,17223060,749.2,709.0,933.7,287.0
2026-07-17 13:00:38,2026-07-17 12:45,710.1,777.0,-8.61,17465710,749.2,709.0,933.7,287.0
2026-07-17 13:05:36,2026-07-17 12:50,707.5,777.0,-8.94,17907870,749.2,707.5,933.7,287.0
2026-07-17 13:10:47,2026-07-17 12:55,705.4,777.0,-9.21,18527960,749.2,705.0,933.7,287.0
2026-07-17 13:15:38,2026-07-17 13:00,702.3,777.0,-9.61,18945660,749.2,701.9,933.7,287.0
2026-07-17 13:20:31,2026-07-17 13:05,700.5,777.0,-9.85,19354760,749.2,700.1,933.7,287.0
2026-07-17 13:25:30,2026-07-17 13:10,699.9,777.0,-9.92,20388770,749.2,699.6,933.7,287.0
2026-07-17 13:30:33,2026-07-17 13:15,699.7,777.0,-9.95,20708770,749.2,698.7,933.7,287.0
2026-07-17 13:35:32,2026-07-17 13:20,698.2,777.0,-10.14,21216480,749.2,696.4,933.7,287.0
2026-07-17 13:40:41,2026-07-17 13:25,692.0,777.0,-10.94,21977360,749.2,691.5,933.7,287.0
2026-07-17 13:45:30,2026-07-17 13:30,689.3,777.0,-11.29,22749890,749.2,687.9,933.7,287.0
2026-07-17 13:50:31,2026-07-17 13:35,686.0,777.0,-11.71,23150670,749.2,685.6,933.7,287.0
2026-07-17 13:55:34,2026-07-17 13:40,681.7,777.0,-12.27,23716410,749.2,681.5,933.7,287.0
2026-07-17 14:00:42,2026-07-17 13:45,688.7,777.0,-11.36,24867000,749.2,679.5,933.7,287.0
2026-07-17 14:05:36,2026-07-17 13:50,693.9,777.0,-10.69,25639990,749.2,679.5,933.7,287.0
2026-07-17 14:10:31,2026-07-17 13:55,694.5,777.0,-10.62,25983130,749.2,679.5,933.7,287.0
2026-07-17 14:15:35,2026-07-17 14:00,692.8,777.0,-10.84,26359860,749.2,679.5,933.7,287.0
2026-07-17 14:20:38,2026-07-17 14:05,690.3,777.0,-11.16,26689050,749.2,679.5,933.7,287.0
2026-07-17 14:25:47,2026-07-17 14:10,693.3,777.0,-10.77,26947150,749.2,679.5,933.7,287.0
2026-07-17 14:30:33,2026-07-17 14:15,695.8,777.0,-10.45,27182680,749.2,679.5,933.7,287.0
2026-07-17 14:35:52,2026-07-17 14:20,695.9,777.0,-10.44,27442990,749.2,679.5,933.7,287.0
2026-07-17 14:40:30,2026-07-17 14:25,694.3,777.0,-10.64,27763960,749.2,679.5,933.7,287.0
2026-07-17 14:45:35,2026-07-17 14:30,696.0,777.0,-10.42,28136280,749.2,679.5,933.7,287.0
2026-07-17 14:50:29,2026-07-17 14:35,694.5,777.0,-10.62,28338620,749.2,679.5,933.7,287.0
2026-07-17 14:55:40,2026-07-17 14:40,691.0,777.0,-11.07,28615340,749.2,679.5,933.7,287.0
2026-07-17 15:00:29,2026-07-17 14:45,693.3,777.0,-10.77,28810960,749.2,679.5,933.7,287.0
2026-07-17 15:05:58,2026-07-17 14:50,699.9,777.0,-9.92,29165280,749.2,679.5,933.7,287.0
2026-07-17 15:10:33,2026-07-17 14:55,701.1,777.0,-9.77,29565290,749.2,679.5,933.7,287.0
2026-07-17 15:15:37,2026-07-17 15:00,704.1,777.0,-9.38,30030410,749.2,679.5,933.7,287.0
2026-07-17 15:20:38,2026-07-17 15:05,706.8,777.0,-9.03,30371640,749.2,679.5,933.7,287.0
2026-07-17 15:25:47,2026-07-17 15:10,707.7,777.0,-8.92,30821310,749.2,679.5,933.7,287.0
2026-07-17 15:30:37,2026-07-17 15:15,709.9,777.0,-8.64,31294910,749.2,679.5,933.7,287.0
2026-07-17 15:40:43,2026-07-17 15:25,713.0,777.0,-8.24,32010060,749.2,679.5,933.7,287.0
2026-07-21 09:05:31,2026-07-17 15:30,714.6,777.0,-8.03,32424420,749.2,679.5,933.7,290.3
2026-07-21 09:10:32,2026-07-17 15:30,714.6,777.0,-8.03,32424420,749.2,679.5,933.7,290.3
2026-07-21 09:15:30,2026-07-21 09:00,722.6,777.0,-7.0,33085810,726.3,722.5,933.7,290.3
2026-07-21 09:20:40,2026-07-21 09:05,725.1,714.6,1.47,1916040,726.3,715.7,933.7,290.3
2026-07-21 09:25:44,2026-07-21 09:10,718.2,714.6,0.5,2882340,726.3,714.5,933.7,290.3
2026-07-21 09:30:40,2026-07-21 09:15,721.5,714.6,0.97,3508900,728.1,714.5,933.7,290.3
2026-07-21 09:35:44,2026-07-21 09:20,729.7,714.6,2.11,4112980,731.1,714.5,933.7,290.3
2026-07-21 09:40:35,2026-07-21 09:25,728.4,714.6,1.93,4707550,731.1,714.5,933.7,290.3
2026-07-21 09:45:35,2026-07-21 09:30,731.6,714.6,2.38,5238050,733.3,714.5,933.7,290.3
2026-07-21 09:50:31,2026-07-21 09:35,732.8,714.6,2.55,5651640,735.2,714.5,933.7,290.3
2026-07-21 09:55:37,2026-07-21 09:40,732.1,714.6,2.45,5876760,735.2,714.5,933.7,290.3
2026-07-21 10:00:30,2026-07-21 09:45,728.1,714.6,1.89,6174230,735.2,714.5,933.7,290.3
2026-07-21 10:05:52,2026-07-21 09:50,729.0,714.6,2.02,6554250,735.2,714.5,933.7,290.3
2026-07-21 10:10:30,2026-07-21 09:55,729.6,714.6,2.1,6726340,735.2,714.5,933.7,290.3
2026-07-21 10:15:33,2026-07-21 10:00,728.0,714.6,1.88,6839420,735.2,714.5,933.7,290.3
2026-07-21 10:20:36,2026-07-21 10:05,727.6,714.6,1.82,7027790,735.2,714.5,933.7,290.3
2026-07-21 10:25:30,2026-07-21 10:10,732.4,714.6,2.49,7220750,735.2,714.5,933.7,290.3
2026-07-21 10:30:34,2026-07-21 10:15,738.9,714.6,3.4,7657810,738.9,714.5,933.7,290.3
2026-07-21 10:35:33,2026-07-21 10:20,737.5,714.6,3.2,8274240,740.8,714.5,933.7,290.3
2026-07-21 10:40:29,2026-07-21 10:25,739.7,714.6,3.51,8451900,740.8,714.5,933.7,290.3
2026-07-21 10:45:41,2026-07-21 10:30,743.3,714.6,4.02,8667560,743.5,714.5,933.7,290.3
2026-07-21 10:50:50,2026-07-21 10:35,744.7,714.6,4.21,8908710,745.0,714.5,933.7,290.3
2026-07-21 10:55:45,2026-07-21 10:40,740.9,714.6,3.68,9256360,746.3,714.5,933.7,290.3
2026-07-21 11:00:31,2026-07-21 10:45,737.1,714.6,3.15,9397930,746.3,714.5,933.7,290.3
2026-07-21 11:05:37,2026-07-21 10:50,738.1,714.6,3.29,9556360,746.3,714.5,933.7,290.3
2026-07-21 11:10:39,2026-07-21 10:55,737.5,714.6,3.2,9656050,746.3,714.5,933.7,290.3
2026-07-21 11:15:31,2026-07-21 11:00,737.9,714.6,3.26,9762330,746.3,714.5,933.7,290.3
2026-07-21 11:20:34,2026-07-21 11:05,739.3,714.6,3.46,9905580,746.3,714.5,933.7,290.3
2026-07-21 11:25:36,2026-07-21 11:10,735.0,714.6,2.85,10024060,746.3,714.5,933.7,290.3
2026-07-21 11:30:40,2026-07-21 11:15,735.1,714.6,2.87,10067860,746.3,714.5,933.7,290.3
2026-07-21 12:30:34,2026-07-21 11:30,737.5,714.6,3.2,10251700,746.3,714.5,933.7,290.3
2026-07-21 12:35:31,2026-07-21 11:30,737.5,714.6,3.2,10251700,746.3,714.5,933.7,290.3
2026-07-21 12:40:29,2026-07-21 11:30,737.5,714.6,3.2,10251700,746.3,714.5,933.7,290.3
2026-07-21 12:45:55,2026-07-21 12:30,743.8,714.6,4.09,10611130,746.3,714.5,933.7,290.3
2026-07-21 12:50:34,2026-07-21 12:35,747.8,714.6,4.65,11077910,747.8,714.5,933.7,290.3
2026-07-21 12:55:36,2026-07-21 12:40,748.7,714.6,4.77,11421230,748.8,714.5,933.7,290.3
2026-07-21 13:00:31,2026-07-21 12:45,750.3,714.6,5.0,11745500,750.7,714.5,933.7,290.3
2026-07-21 13:05:33,2026-07-21 12:50,752.0,714.6,5.23,12064410,752.6,714.5,933.7,290.3
2026-07-21 13:10:38,2026-07-21 12:55,750.7,714.6,5.05,12240950,752.6,714.5,933.7,290.3
2026-07-21 13:15:39,2026-07-21 13:00,754.2,714.6,5.54,12477930,754.7,714.5,933.7,290.3
2026-07-21 13:20:51,2026-07-21 13:05,751.8,714.6,5.21,12579710,754.7,714.5,933.7,290.3
2026-07-21 13:25:31,2026-07-21 13:10,752.1,714.6,5.25,12708830,754.7,714.5,933.7,290.3
2026-07-21 13:30:45,2026-07-21 13:15,750.8,714.6,5.07,12880840,754.7,714.5,933.7,290.3
2026-07-21 13:35:36,2026-07-21 13:20,749.3,714.6,4.86,13011940,754.7,714.5,933.7,290.3
2026-07-21 13:40:43,2026-07-21 13:25,749.4,714.6,4.87,13133030,754.7,714.5,933.7,290.3
2026-07-21 13:45:38,2026-07-21 13:30,750.4,714.6,5.01,13231950,754.7,714.5,933.7,290.3
2026-07-21 13:50:31,2026-07-21 13:35,751.7,714.6,5.19,13336560,754.7,714.5,933.7,290.3
2026-07-21 13:55:38,2026-07-21 13:40,752.7,714.6,5.33,13456340,754.7,714.5,933.7,290.3
2026-07-21 14:00:48,2026-07-21 13:45,752.4,714.6,5.29,13623220,754.7,714.5,933.7,290.3
2026-07-21 14:05:37,2026-07-21 13:50,753.3,714.6,5.42,13733000,754.7,714.5,933.7,290.3
2026-07-21 14:10:38,2026-07-21 13:55,750.0,714.6,4.95,13808000,754.7,714.5,933.7,290.3
2026-07-21 14:15:39,2026-07-21 14:00,750.9,714.6,5.08,13862780,754.7,714.5,933.7,290.3
2026-07-21 14:20:39,2026-07-21 14:05,751.6,714.6,5.18,13904090,754.7,714.5,933.7,290.3
2026-07-21 14:25:34,2026-07-21 14:10,751.9,714.6,5.22,13964730,754.7,714.5,933.7,290.3
2026-07-21 14:30:42,2026-07-21 14:15,747.9,714.6,4.66,14122320,754.7,714.5,933.7,290.3
2026-07-21 14:35:39,2026-07-21 14:20,747.0,714.6,4.53,14289180,754.7,714.5,933.7,290.3
2026-07-21 14:40:30,2026-07-21 14:25,748.3,714.6,4.72,14374940,754.7,714.5,933.7,290.3
2026-07-21 14:45:37,2026-07-21 14:30,751.7,714.6,5.19,14484420,754.7,714.5,933.7,290.3
2026-07-21 14:50:44,2026-07-21 14:35,751.8,714.6,5.21,14530420,754.7,714.5,933.7,290.3
2026-07-21 14:55:36,2026-07-21 14:40,752.7,714.6,5.33,14605790,754.7,714.5,933.7,290.3
2026-07-21 15:00:39,2026-07-21 14:45,753.3,714.6,5.42,14722540,754.7,714.5,933.7,290.3
2026-07-21 15:05:42,2026-07-21 14:50,755.6,714.6,5.74,14953410,755.9,714.5,933.7,290.3
2026-07-21 15:10:47,2026-07-21 14:55,755.9,714.6,5.78,15078270,756.1,714.5,933.7,290.3
2026-07-21 15:15:41,2026-07-21 15:00,755.0,714.6,5.65,15151110,756.1,714.5,933.7,290.3
2026-07-21 15:20:34,2026-07-21 15:05,755.4,714.6,5.71,15214650,756.3,714.5,933.7,290.3
2026-07-21 15:25:35,2026-07-21 15:10,755.0,714.6,5.65,15284610,756.3,714.5,933.7,290.3
2026-07-21 15:30:30,2026-07-21 15:15,755.6,714.6,5.74,15432310,756.4,714.5,933.7,290.3
2026-07-21 15:40:34,2026-07-21 15:24,755.0,714.6,5.65,15785400,756.4,714.5,933.7,290.3
2026-07-22 09:05:31,2026-07-21 15:30,756.7,714.6,5.89,16008300,756.7,714.5,933.7,290.3
2026-07-22 09:10:44,2026-07-21 15:30,756.7,714.6,5.89,16008300,756.7,714.5,933.7,290.3
2026-07-22 09:15:30,2026-07-21 15:30,756.7,714.6,5.89,16008300,756.7,714.5,933.7,290.3
2026-07-22 09:20:30,2026-07-22 09:05,784.8,756.7,3.71,1120990,785.6,782.1,933.7,290.3
2026-07-22 09:25:33,2026-07-22 09:10,784.7,756.7,3.7,1981540,787.4,782.1,933.7,290.3
2026-07-22 09:30:36,2026-07-22 09:15,785.0,756.7,3.74,2562820,787.4,782.1,933.7,290.3
2026-07-22 09:35:42,2026-07-22 09:20,783.9,756.7,3.59,3104150,787.4,780.3,933.7,290.3
2026-07-22 09:40:41,2026-07-22 09:25,786.6,756.7,3.95,3542600,787.4,780.3,933.7,290.3
2026-07-22 09:45:40,2026-07-22 09:30,788.0,756.7,4.14,3955600,788.7,780.3,933.7,290.3
2026-07-22 09:50:41,2026-07-22 09:35,785.4,756.7,3.79,4254400,788.7,780.3,933.7,290.3
2026-07-22 09:55:29,2026-07-22 09:40,788.0,756.7,4.14,4605760,788.7,780.3,933.7,290.3
2026-07-22 10:00:30,2026-07-22 09:45,787.5,756.7,4.07,4904910,789.9,780.3,933.7,290.3
2026-07-22 10:05:29,2026-07-22 09:50,784.2,756.7,3.63,5086760,789.9,780.3,933.7,290.3
2026-07-22 10:10:31,2026-07-22 09:55,780.4,756.7,3.13,5309610,789.9,779.6,933.7,290.3
2026-07-22 10:15:32,2026-07-22 10:00,784.9,756.7,3.73,5673190,789.9,779.6,933.7,290.3
2026-07-22 10:20:45,2026-07-22 10:05,783.2,756.7,3.5,5804180,789.9,779.6,933.7,290.3
2026-07-22 10:25:52,2026-07-22 10:10,780.6,756.7,3.16,6192240,789.9,779.1,933.7,290.3
2026-07-22 10:30:39,2026-07-22 10:15,782.3,756.7,3.38,6302800,789.9,779.0,933.7,290.3
2026-07-22 10:35:30,2026-07-22 10:20,783.8,756.7,3.58,6467740,789.9,779.0,933.7,290.3
2026-07-22 10:40:34,2026-07-22 10:25,785.8,756.7,3.85,6612010,789.9,779.0,933.7,290.3
2026-07-22 10:45:44,2026-07-22 10:30,785.7,756.7,3.83,6839930,789.9,779.0,933.7,290.3
2026-07-22 10:50:32,2026-07-22 10:35,787.5,756.7,4.07,6911030,789.9,779.0,933.7,290.3
2026-07-22 10:55:41,2026-07-22 10:40,787.6,756.7,4.08,6952380,789.9,779.0,933.7,290.3
2026-07-22 11:00:40,2026-07-22 10:45,786.5,756.7,3.94,7021930,789.9,779.0,933.7,290.3
2026-07-22 11:05:46,2026-07-22 10:50,787.2,756.7,4.03,7074080,789.9,779.0,933.7,290.3
2026-07-22 11:10:34,2026-07-22 10:55,788.0,756.7,4.14,7148760,789.9,779.0,933.7,290.3
2026-07-22 11:15:38,2026-07-22 11:00,787.0,756.7,4.0,7300170,789.9,779.0,933.7,290.3
2026-07-22 11:20:32,2026-07-22 11:05,788.3,756.7,4.18,7401790,789.9,779.0,933.7,290.3
2026-07-22 11:25:35,2026-07-22 11:10,785.3,756.7,3.78,7561180,789.9,779.0,933.7,290.3
2026-07-22 11:30:30,2026-07-22 11:15,786.5,756.7,3.94,7797200,789.9,779.0,933.7,290.3
2026-07-22 12:30:39,2026-07-22 11:30,786.7,756.7,3.96,8121570,789.9,779.0,933.7,290.3
2026-07-22 12:35:42,2026-07-22 11:30,786.7,756.7,3.96,8121570,789.9,779.0,933.7,290.3
2026-07-22 12:40:39,2026-07-22 11:30,786.7,756.7,3.96,8121570,789.9,779.0,933.7,290.3
2026-07-22 12:45:35,2026-07-22 12:30,784.4,756.7,3.66,8236680,789.9,779.0,933.7,290.3
2026-07-22 12:50:32,2026-07-22 12:35,779.7,756.7,3.04,8459460,789.9,777.7,933.7,290.3
2026-07-22 12:55:37,2026-07-22 12:40,777.0,756.7,2.68,8732010,789.9,776.7,933.7,290.3
2026-07-22 13:00:49,2026-07-22 12:45,776.7,756.7,2.64,8968270,789.9,774.9,933.7,290.3
2026-07-22 13:05:31,2026-07-22 12:50,775.4,756.7,2.47,9133470,789.9,774.9,933.7,290.3
2026-07-22 13:10:34,2026-07-22 12:55,772.7,756.7,2.11,9406340,789.9,771.0,933.7,290.3
2026-07-22 13:15:36,2026-07-22 13:00,775.2,756.7,2.44,9652190,789.9,771.0,933.7,290.3
2026-07-22 13:20:34,2026-07-22 13:05,774.9,756.7,2.41,9720840,789.9,771.0,933.7,290.3
2026-07-22 13:26:00,2026-07-22 13:10,776.9,756.7,2.67,9813050,789.9,771.0,933.7,290.3
2026-07-22 13:30:46,2026-07-22 13:15,776.1,756.7,2.56,9972000,789.9,771.0,933.7,290.3
2026-07-22 13:35:39,2026-07-22 13:20,776.9,756.7,2.67,10023170,789.9,771.0,933.7,290.3
2026-07-22 13:40:39,2026-07-22 13:25,776.5,756.7,2.62,10089140,789.9,771.0,933.7,290.3
2026-07-22 13:45:43,2026-07-22 13:30,775.7,756.7,2.51,10150060,789.9,771.0,933.7,290.3
2026-07-22 13:50:40,2026-07-22 13:35,775.2,756.7,2.44,10173070,789.9,771.0,933.7,290.3
2026-07-22 13:55:37,2026-07-22 13:40,774.7,756.7,2.38,10239620,789.9,771.0,933.7,290.3
2026-07-22 14:00:41,2026-07-22 13:45,773.4,756.7,2.21,10297580,789.9,771.0,933.7,290.3
2026-07-22 14:05:45,2026-07-22 13:50,772.4,756.7,2.07,10460160,789.9,771.0,933.7,290.3
2026-07-22 14:10:36,2026-07-22 13:55,770.0,756.7,1.76,10654520,789.9,769.7,933.7,290.3
2026-07-22 14:15:55,2026-07-22 14:00,770.2,756.7,1.78,10800940,789.9,768.4,933.7,290.3
2026-07-22 14:20:40,2026-07-22 14:05,766.0,756.7,1.23,11018430,789.9,765.7,933.7,290.3
2026-07-22 14:25:37,2026-07-22 14:10,763.2,756.7,0.86,11250170,789.9,763.0,933.7,290.3
2026-07-22 14:30:38,2026-07-22 14:15,760.7,756.7,0.53,11506930,789.9,760.5,933.7,290.3
2026-07-22 14:35:37,2026-07-22 14:20,759.0,756.7,0.3,11767100,789.9,758.8,933.7,290.3
2026-07-22 14:40:34,2026-07-22 14:25,759.9,756.7,0.42,12021630,789.9,757.5,933.7,290.3
2026-07-22 14:45:42,2026-07-22 14:30,760.8,756.7,0.54,12253970,789.9,757.5,933.7,290.3
2026-07-22 14:50:59,2026-07-22 14:35,762.1,756.7,0.71,12430940,789.9,757.5,933.7,290.3
2026-07-22 14:55:37,2026-07-22 14:40,760.0,756.7,0.44,12577800,789.9,757.5,933.7,290.3
2026-07-22 15:00:36,2026-07-22 14:42,757.4,756.7,0.09,12623580,789.9,757.2,933.7,290.3
2026-07-22 15:05:42,2026-07-22 14:50,759.0,756.7,0.3,12729080,789.9,757.2,933.7,290.3
2026-07-22 15:10:42,2026-07-22 14:55,757.5,756.7,0.11,12819590,789.9,756.8,933.7,290.3
2026-07-22 15:15:53,2026-07-22 15:00,756.9,756.7,0.03,12943600,789.9,756.8,933.7,290.3
2026-07-22 15:20:34,2026-07-22 15:05,756.2,756.7,-0.07,13174810,789.9,756.2,933.7,290.3
2026-07-22 15:25:45,2026-07-22 15:10,757.3,756.7,0.08,13259240,789.9,755.5,933.7,290.3
2026-07-22 15:30:56,2026-07-22 15:15,755.3,756.7,-0.19,13420720,789.9,755.0,933.7,290.3
2026-07-22 15:40:47,2026-07-22 15:24,753.7,756.7,-0.4,13967600,789.9,752.5,933.7,290.3
2026-07-23 09:05:34,2026-07-22 15:30,753.0,756.7,-0.49,14192410,789.9,752.5,933.7,292.7
2026-07-23 09:10:32,2026-07-22 15:30,753.0,756.7,-0.49,14192410,789.9,752.5,933.7,292.7
2026-07-23 09:15:32,2026-07-22 15:30,753.0,756.7,-0.49,14192410,789.9,752.5,933.7,292.7
2026-07-23 09:20:35,2026-07-23 09:05,773.0,753.0,2.66,903520,775.0,765.8,933.7,292.7
2026-07-23 09:25:38,2026-07-23 09:10,771.6,753.0,2.47,1243110,775.1,765.8,933.7,292.7
2026-07-23 09:30:37,2026-07-23 09:15,767.7,753.0,1.95,2065970,775.1,765.7,933.7,292.7
2026-07-23 09:35:32,2026-07-23 09:20,766.2,753.0,1.75,2552900,775.1,764.7,933.7,292.7
2026-07-23 09:40:35,2026-07-23 09:25,767.6,753.0,1.94,2992190,775.1,763.2,933.7,292.7
2026-07-23 09:45:32,2026-07-23 09:30,768.3,753.0,2.03,3316830,775.1,763.2,933.7,292.7
2026-07-23 09:50:33,2026-07-23 09:35,768.3,753.0,2.03,3727220,775.1,763.2,933.7,292.7
2026-07-23 09:55:29,2026-07-23 09:40,772.0,753.0,2.52,4024210,775.1,763.2,933.7,292.7
2026-07-23 10:00:36,2026-07-23 09:45,772.7,753.0,2.62,4256230,775.1,763.2,933.7,292.7
2026-07-23 10:06:04,2026-07-23 09:51,773.6,753.0,2.74,4544730,775.1,763.2,933.7,292.7
2026-07-23 10:10:39,2026-07-23 09:55,773.3,753.0,2.7,4837540,775.4,763.2,933.7,292.7
2026-07-23 10:15:30,2026-07-23 10:00,774.2,753.0,2.82,4973750,775.6,763.2,933.7,292.7
2026-07-23 10:20:31,2026-07-23 10:05,774.4,753.0,2.84,5137450,775.6,763.2,933.7,292.7
2026-07-23 10:25:34,2026-07-23 10:10,775.9,753.0,3.04,5386980,776.7,763.2,933.7,292.7
2026-07-23 10:30:42,2026-07-23 10:15,773.4,753.0,2.71,5548240,776.7,763.2,933.7,292.7
2026-07-23 10:35:39,2026-07-23 10:20,771.2,753.0,2.42,5655890,776.7,763.2,933.7,292.7
2026-07-23 10:40:33,2026-07-23 10:25,770.4,753.0,2.31,5758680,776.7,763.2,933.7,292.7
2026-07-23 10:45:56,2026-07-23 10:30,770.0,753.0,2.26,5851830,776.7,763.2,933.7,292.7
2026-07-23 10:50:36,2026-07-23 10:35,770.7,753.0,2.35,6144450,776.7,763.2,933.7,292.7
2026-07-23 10:55:39,2026-07-23 10:40,768.0,753.0,1.99,6303420,776.7,763.2,933.7,292.7
2026-07-23 11:00:38,2026-07-23 10:45,767.4,753.0,1.91,6364990,776.7,763.2,933.7,292.7
2026-07-23 11:05:39,2026-07-23 10:50,766.0,753.0,1.73,6684280,776.7,763.2,933.7,292.7
2026-07-23 11:10:36,2026-07-23 10:55,769.2,753.0,2.15,6917690,776.7,763.2,933.7,292.7
2026-07-23 11:15:37,2026-07-23 11:00,765.1,753.0,1.61,7048110,776.7,763.2,933.7,292.7
2026-07-23 11:20:30,2026-07-23 11:05,767.3,753.0,1.9,7182030,776.7,763.2,933.7,292.7
2026-07-23 11:25:28,2026-07-23 11:10,764.8,753.0,1.57,7313480,776.7,763.2,933.7,292.7
2026-07-23 11:30:32,2026-07-23 11:15,766.5,753.0,1.79,7413310,776.7,763.2,933.7,292.7
2026-07-23 12:30:32,2026-07-23 11:30,763.0,753.0,1.33,8099280,776.7,761.8,933.7,292.7
2026-07-23 12:35:44,2026-07-23 11:30,763.0,753.0,1.33,8099280,776.7,761.8,933.7,292.7
2026-07-23 12:40:31,2026-07-23 11:30,763.0,753.0,1.33,8099280,776.7,761.8,933.7,292.7
2026-07-23 12:45:41,2026-07-23 12:30,762.7,753.0,1.29,8250490,776.7,760.0,933.7,292.7
2026-07-23 12:50:35,2026-07-23 12:35,760.6,753.0,1.01,8449170,776.7,759.5,933.7,292.7
2026-07-23 12:55:43,2026-07-23 12:40,763.6,753.0,1.41,8607630,776.7,759.5,933.7,292.7
2026-07-23 13:00:36,2026-07-23 12:45,766.4,753.0,1.78,8802390,776.7,759.5,933.7,292.7
2026-07-23 13:05:32,2026-07-23 12:50,765.7,753.0,1.69,8879780,776.7,759.5,933.7,292.7
2026-07-23 13:10:31,2026-07-23 12:55,766.2,753.0,1.75,9018240,776.7,759.5,933.7,292.7
2026-07-23 13:15:38,2026-07-23 13:00,764.6,753.0,1.54,9084580,776.7,759.5,933.7,292.7
2026-07-23 13:20:40,2026-07-23 13:05,762.9,753.0,1.31,9187900,776.7,759.5,933.7,292.7
2026-07-23 13:25:41,2026-07-23 13:10,762.6,753.0,1.27,9368640,776.7,759.5,933.7,292.7
2026-07-23 13:30:37,2026-07-23 13:15,764.3,753.0,1.5,9427350,776.7,759.5,933.7,292.7
2026-07-23 13:35:36,2026-07-23 13:20,763.0,753.0,1.33,9543970,776.7,759.5,933.7,292.7
2026-07-23 13:40:34,2026-07-23 13:25,765.5,753.0,1.66,9748010,776.7,759.5,933.7,292.7
2026-07-23 13:45:41,2026-07-23 13:30,765.5,753.0,1.66,9903210,776.7,759.5,933.7,292.7
2026-07-23 13:50:42,2026-07-23 13:35,765.5,753.0,1.66,9978650,776.7,759.5,933.7,292.7
2026-07-23 13:55:35,2026-07-23 13:40,766.5,753.0,1.79,10005820,776.7,759.5,933.7,292.7
2026-07-23 14:00:36,2026-07-23 13:45,765.4,753.0,1.65,10066130,776.7,759.5,933.7,292.7
2026-07-23 14:05:48,2026-07-23 13:50,764.6,753.0,1.54,10219430,776.7,759.5,933.7,292.7
2026-07-23 14:10:32,2026-07-23 13:55,764.8,753.0,1.57,10278910,776.7,759.5,933.7,292.7
2026-07-23 14:15:49,2026-07-23 14:00,764.5,753.0,1.53,10288250,776.7,759.5,933.7,292.7
2026-07-23 14:20:30,2026-07-23 14:05,764.4,753.0,1.51,10321790,776.7,759.5,933.7,292.7
2026-07-23 14:25:40,2026-07-23 14:10,763.8,753.0,1.43,10336590,776.7,759.5,933.7,292.7
2026-07-23 14:30:32,2026-07-23 14:15,763.6,753.0,1.41,10383950,776.7,759.5,933.7,292.7
2026-07-23 14:35:36,2026-07-23 14:20,765.8,753.0,1.7,10425580,776.7,759.5,933.7,292.7
2026-07-23 14:40:51,2026-07-23 14:25,768.1,753.0,2.01,10565590,776.7,759.5,933.7,292.7
2026-07-23 14:45:30,2026-07-23 14:30,769.8,753.0,2.23,10710680,776.7,759.5,933.7,292.7
2026-07-23 14:50:38,2026-07-23 14:35,768.2,753.0,2.02,10822050,776.7,759.5,933.7,292.7
2026-07-23 14:55:33,2026-07-23 14:40,767.6,753.0,1.94,10936810,776.7,759.5,933.7,292.7
2026-07-23 15:00:54,2026-07-23 14:45,767.2,753.0,1.89,10994030,776.7,759.5,933.7,292.7
2026-07-23 15:05:45,2026-07-23 14:50,764.9,753.0,1.58,11064450,776.7,759.5,933.7,292.7
2026-07-23 15:10:32,2026-07-23 14:55,762.9,753.0,1.31,11301550,776.7,759.5,933.7,292.7
2026-07-23 15:15:40,2026-07-23 15:00,761.5,753.0,1.13,11384170,776.7,759.5,933.7,292.7
2026-07-23 15:20:41,2026-07-23 15:05,762.2,753.0,1.22,11530210,776.7,759.5,933.7,292.7
2026-07-23 15:25:47,2026-07-23 15:10,759.4,753.0,0.85,11726450,776.7,759.4,933.7,292.7
2026-07-23 15:30:49,2026-07-23 15:15,759.0,753.0,0.8,11929610,776.7,758.6,933.7,292.7
2026-07-23 15:40:45,2026-07-23 15:24,760.0,753.0,0.93,12222390,776.7,758.2,933.7,292.7
2026-07-24 09:05:39,2026-07-23 15:30,761.1,753.0,1.08,12341970,776.7,758.2,933.7,292.7
2026-07-24 09:10:32,2026-07-23 15:30,761.1,753.0,1.08,12341970,776.7,758.2,933.7,292.7
2026-07-24 09:15:36,2026-07-23 15:30,761.1,753.0,1.08,12341970,776.7,758.2,933.7,292.7
2026-07-24 09:20:30,2026-07-24 09:05,734.9,761.1,-3.44,948790,743.7,734.5,933.7,292.7
2026-07-24 09:25:53,2026-07-24 09:10,729.3,761.1,-4.18,2243370,743.7,729.1,933.7,292.7
2026-07-24 09:30:37,2026-07-24 09:15,724.3,761.1,-4.84,2855310,743.7,724.0,933.7,292.7
2026-07-24 09:35:34,2026-07-24 09:20,721.8,761.1,-5.16,3559460,743.7,721.1,933.7,292.7
2026-07-24 09:40:36,2026-07-24 09:25,726.9,761.1,-4.49,4193630,743.7,721.1,933.7,292.7
2026-07-24 09:45:33,2026-07-24 09:30,722.3,761.1,-5.1,4724790,743.7,721.1,933.7,292.7
2026-07-24 09:50:42,2026-07-24 09:35,719.0,761.1,-5.53,5627600,743.7,718.7,933.7,292.7
2026-07-24 09:55:36,2026-07-24 09:40,723.0,761.1,-5.01,5992000,743.7,718.6,933.7,292.7
2026-07-24 10:00:43,2026-07-24 09:45,726.8,761.1,-4.51,6535320,743.7,718.6,933.7,292.7
2026-07-24 10:05:33,2026-07-24 09:50,729.0,761.1,-4.22,6910610,743.7,718.6,933.7,292.7
2026-07-24 10:10:30,2026-07-24 09:55,722.8,761.1,-5.03,7247670,743.7,718.6,933.7,292.7
2026-07-24 10:15:40,2026-07-24 10:00,725.9,761.1,-4.62,7568470,743.7,718.6,933.7,292.7
2026-07-24 10:20:31,2026-07-24 10:05,724.5,761.1,-4.81,7790410,743.7,718.6,933.7,292.7
2026-07-24 10:25:36,2026-07-24 10:10,721.9,761.1,-5.15,8112800,743.7,718.6,933.7,292.7
2026-07-24 10:30:37,2026-07-24 10:15,720.1,761.1,-5.39,8491980,743.7,718.6,933.7,292.7
2026-07-24 10:35:38,2026-07-24 10:20,721.0,761.1,-5.27,8703740,743.7,718.6,933.7,292.7
2026-07-24 10:40:44,2026-07-24 10:25,722.2,761.1,-5.11,9022080,743.7,717.9,933.7,292.7
2026-07-24 10:45:32,2026-07-24 10:30,721.9,761.1,-5.15,9194810,743.7,717.9,933.7,292.7
2026-07-24 10:50:40,2026-07-24 10:35,723.7,761.1,-4.91,9420880,743.7,717.9,933.7,292.7
2026-07-24 10:55:33,2026-07-24 10:37,722.8,761.1,-5.03,9498010,743.7,717.9,933.7,292.7
2026-07-24 11:00:37,2026-07-24 10:45,720.9,761.1,-5.28,10006260,743.7,717.9,933.7,292.7
2026-07-24 11:05:35,2026-07-24 10:50,716.4,761.1,-5.87,10451240,743.7,716.2,933.7,292.7
2026-07-24 11:10:50,2026-07-24 10:55,718.0,761.1,-5.66,10693370,743.7,715.2,933.7,292.7
2026-07-24 11:15:38,2026-07-24 11:00,717.1,761.1,-5.78,10897710,743.7,715.2,933.7,292.7
2026-07-24 11:20:42,2026-07-24 11:05,716.7,761.1,-5.83,11122200,743.7,715.2,933.7,292.7
2026-07-24 11:25:38,2026-07-24 11:10,718.7,761.1,-5.57,11204950,743.7,715.2,933.7,292.7
2026-07-24 11:30:31,2026-07-24 11:15,717.8,761.1,-5.69,11274080,743.7,715.2,933.7,292.7
2026-07-24 12:30:42,2026-07-24 11:30,719.8,761.1,-5.43,11654630,743.7,715.2,933.7,292.7
2026-07-24 12:35:37,2026-07-24 11:30,719.8,761.1,-5.43,11654630,743.7,715.2,933.7,292.7
2026-07-24 12:40:30,2026-07-24 11:30,719.8,761.1,-5.43,11654630,743.7,715.2,933.7,292.7
2026-07-24 12:45:32,2026-07-24 12:30,717.9,761.1,-5.68,11865830,743.7,715.2,933.7,292.7
2026-07-24 12:50:40,2026-07-24 12:35,716.0,761.1,-5.93,12404080,743.7,713.3,933.7,292.7
2026-07-24 12:55:39,2026-07-24 12:40,716.6,761.1,-5.85,12665720,743.7,713.3,933.7,292.7
2026-07-24 13:00:46,2026-07-24 12:45,716.0,761.1,-5.93,12861400,743.7,713.3,933.7,292.7
2026-07-24 13:05:35,2026-07-24 12:50,716.1,761.1,-5.91,12995980,743.7,713.3,933.7,292.7
2026-07-24 13:10:29,2026-07-24 12:55,714.5,761.1,-6.12,13208580,743.7,713.3,933.7,292.7
2026-07-24 13:15:35,2026-07-24 13:00,713.2,761.1,-6.29,13454920,743.7,712.8,933.7,292.7
2026-07-24 13:20:55,2026-07-24 13:05,716.3,761.1,-5.89,13600290,743.7,712.3,933.7,292.7
2026-07-24 13:25:34,2026-07-24 13:10,716.3,761.1,-5.89,13814640,743.7,712.3,933.7,292.7
2026-07-24 13:30:36,2026-07-24 13:15,714.8,761.1,-6.08,13957690,743.7,712.3,933.7,292.7
2026-07-24 13:35:30,2026-07-24 13:20,714.8,761.1,-6.08,14058890,743.7,712.3,933.7,292.7
2026-07-24 13:40:44,2026-07-24 13:25,719.8,761.1,-5.43,14234940,743.7,712.3,933.7,292.7
2026-07-24 13:45:39,2026-07-24 13:30,720.3,761.1,-5.36,14414920,743.7,712.3,933.7,292.7
2026-07-24 13:50:29,2026-07-24 13:35,719.6,761.1,-5.45,14559070,743.7,712.3,933.7,292.7
2026-07-24 13:55:29,2026-07-24 13:40,717.9,761.1,-5.68,14611160,743.7,712.3,933.7,292.7
2026-07-24 14:00:39,2026-07-24 13:45,718.9,761.1,-5.54,14643060,743.7,712.3,933.7,292.7
2026-07-24 14:05:54,2026-07-24 13:50,717.7,761.1,-5.7,14720220,743.7,712.3,933.7,292.7
2026-07-24 14:10:52,2026-07-24 13:55,717.3,761.1,-5.75,14745850,743.7,712.3,933.7,292.7
2026-07-24 14:15:48,2026-07-24 14:00,719.2,761.1,-5.51,14893030,743.7,712.3,933.7,292.7
2026-07-24 14:20:51,2026-07-24 14:05,718.1,761.1,-5.65,15011870,743.7,712.3,933.7,292.7
2026-07-24 14:25:49,2026-07-24 14:10,720.5,761.1,-5.33,15127180,743.7,712.3,933.7,292.7
2026-07-24 14:30:31,2026-07-24 14:15,719.7,761.1,-5.44,15180030,743.7,712.3,933.7,292.7
2026-07-24 14:35:38,2026-07-24 14:20,720.8,761.1,-5.29,15309600,743.7,712.3,933.7,292.7
2026-07-24 14:40:32,2026-07-24 14:25,720.3,761.1,-5.36,15380150,743.7,712.3,933.7,292.7
2026-07-24 14:45:32,2026-07-24 14:30,720.6,761.1,-5.32,15622980,743.7,712.3,933.7,292.7
2026-07-24 14:50:30,2026-07-24 14:35,718.2,761.1,-5.64,15758350,743.7,712.3,933.7,292.7
2026-07-24 14:55:44,2026-07-24 14:40,718.8,761.1,-5.56,15848790,743.7,712.3,933.7,292.7
2026-07-24 15:01:05,2026-07-24 14:45,720.5,761.1,-5.33,15969810,743.7,712.3,933.7,292.7
2026-07-24 15:05:54,2026-07-24 14:50,719.5,761.1,-5.47,16116860,743.7,712.3,933.7,292.7
2026-07-24 15:10:37,2026-07-24 14:55,717.1,761.1,-5.78,16338960,743.7,712.3,933.7,292.7
2026-07-24 15:15:30,2026-07-24 15:00,717.3,761.1,-5.75,16403060,743.7,712.3,933.7,292.7
2026-07-24 15:20:43,2026-07-24 15:05,716.2,761.1,-5.9,16603950,743.7,712.3,933.7,292.7
2026-07-24 15:25:40,2026-07-24 15:10,716.6,761.1,-5.85,16676300,743.7,712.3,933.7,292.7
2026-07-24 15:30:36,2026-07-24 15:15,717.9,761.1,-5.68,16778440,743.7,712.3,933.7,292.7
2026-07-24 15:51:05,2026-07-24 15:30,721.1,761.1,-5.26,17329390,743.7,712.3,933.7,292.7
2026-07-27 09:05:37,2026-07-24 15:30,721.1,761.1,-5.26,17329390,743.7,712.3,933.7,292.7
2026-07-27 09:11:00,2026-07-24 15:30,721.1,761.1,-5.26,17329390,743.7,712.3,933.7,292.7
2026-07-27 09:15:44,2026-07-27 09:00,733.1,761.1,-3.68,17846480,736.5,732.0,933.7,292.7
2026-07-27 09:20:39,2026-07-27 09:05,726.6,721.1,0.76,1306500,736.5,724.3,933.7,292.7
2026-07-27 09:25:32,2026-07-27 09:10,722.6,721.1,0.21,1659770,736.5,720.7,933.7,292.7
2026-07-27 09:30:37,2026-07-27 09:15,728.5,721.1,1.03,2042640,736.5,720.7,933.7,292.7
2026-07-27 09:35:42,2026-07-27 09:20,722.4,721.1,0.18,2485380,736.5,720.7,933.7,292.7
2026-07-27 09:40:35,2026-07-27 09:25,721.1,721.1,0.0,2887740,736.5,720.1,933.7,292.7
2026-07-27 09:47:05,2026-07-27 09:32,720.2,721.1,-0.12,3405850,736.5,718.8,933.7,292.7
2026-07-27 09:50:37,2026-07-27 09:35,721.9,721.1,0.11,3630350,736.5,718.8,933.7,292.7
2026-07-27 09:57:01,2026-07-27 09:41,722.9,721.1,0.25,3725390,736.5,718.8,933.7,292.7
2026-07-27 10:00:38,2026-07-27 09:45,723.4,721.1,0.32,3943710,736.5,718.8,933.7,292.7
2026-07-27 10:06:15,2026-07-27 09:51,728.1,721.1,0.97,4288220,736.5,718.8,933.7,292.7
2026-07-27 10:10:41,2026-07-27 09:55,721.4,721.1,0.04,4576300,736.5,718.8,933.7,292.7
2026-07-27 10:15:31,2026-07-27 10:00,717.3,721.1,-0.53,5193720,736.5,716.8,933.7,292.7
2026-07-27 10:20:34,2026-07-27 10:05,716.3,721.1,-0.67,5581340,736.5,715.6,933.7,292.7
2026-07-27 10:25:35,2026-07-27 10:10,717.4,721.1,-0.51,6007760,736.5,715.1,933.7,292.7
2026-07-27 10:30:32,2026-07-27 10:15,711.4,721.1,-1.35,6568570,736.5,710.5,933.7,292.7
2026-07-27 10:35:30,2026-07-27 10:20,713.1,721.1,-1.11,6795120,736.5,710.5,933.7,292.7
2026-07-27 10:40:42,2026-07-27 10:25,711.5,721.1,-1.33,7032110,736.5,710.5,933.7,292.7
2026-07-27 10:47:35,2026-07-27 10:32,717.8,721.1,-0.46,7461290,736.5,710.5,933.7,292.7
2026-07-27 10:50:48,2026-07-27 10:35,715.2,721.1,-0.82,7705780,736.5,710.5,933.7,292.7
2026-07-27 10:55:54,2026-07-27 10:40,723.4,721.1,0.32,7982570,736.5,710.5,933.7,292.7
2026-07-27 11:00:35,2026-07-27 10:45,720.6,721.1,-0.07,8204340,736.5,710.5,933.7,292.7
2026-07-27 11:06:02,2026-07-27 10:50,720.6,721.1,-0.07,8306260,736.5,710.5,933.7,292.7
2026-07-27 11:10:48,2026-07-27 10:55,720.3,721.1,-0.11,8373600,736.5,710.5,933.7,292.7
2026-07-27 11:15:34,2026-07-27 11:00,724.5,721.1,0.47,8473320,736.5,710.5,933.7,292.7
2026-07-27 11:20:37,2026-07-27 11:05,722.1,721.1,0.14,8551520,736.5,710.5,933.7,292.7
2026-07-27 11:25:38,2026-07-27 11:10,723.0,721.1,0.26,8602260,736.5,710.5,933.7,292.7
2026-07-27 11:30:42,2026-07-27 11:15,724.6,721.1,0.49,8670030,736.5,710.5,933.7,292.7
2026-07-27 12:30:36,2026-07-27 11:30,725.6,721.1,0.62,9163690,736.5,710.5,933.7,292.7
2026-07-27 12:37:00,2026-07-27 11:30,725.6,721.1,0.62,9163690,736.5,710.5,933.7,292.7
2026-07-27 12:40:44,2026-07-27 11:30,725.6,721.1,0.62,9163690,736.5,710.5,933.7,292.7
2026-07-27 12:45:36,2026-07-27 12:30,723.5,721.1,0.33,9236180,736.5,710.5,933.7,292.7
2026-07-27 12:50:38,2026-07-27 12:35,723.2,721.1,0.29,9399240,736.5,710.5,933.7,292.7
2026-07-27 12:55:40,2026-07-27 12:40,723.7,721.1,0.36,9544520,736.5,710.5,933.7,292.7
2026-07-27 13:00:41,2026-07-27 12:45,724.8,721.1,0.51,9766800,736.5,710.5,933.7,292.7
2026-07-27 13:06:50,2026-07-27 12:51,721.7,721.1,0.08,10198100,736.5,710.5,933.7,292.7
2026-07-27 13:10:36,2026-07-27 12:55,718.1,721.1,-0.42,10427270,736.5,710.5,933.7,292.7
2026-07-27 13:15:33,2026-07-27 13:00,720.4,721.1,-0.1,10639340,736.5,710.5,933.7,292.7
2026-07-27 13:20:37,2026-07-27 13:05,720.5,721.1,-0.08,10758780,736.5,710.5,933.7,292.7
2026-07-27 13:26:56,2026-07-27 13:11,719.4,721.1,-0.24,10870400,736.5,710.5,933.7,292.7
2026-07-27 13:32:08,2026-07-27 13:17,720.1,721.1,-0.14,10980400,736.5,710.5,933.7,292.7
2026-07-27 13:35:48,2026-07-27 13:20,721.3,721.1,0.03,11017490,736.5,710.5,933.7,292.7
2026-07-27 13:40:36,2026-07-27 13:25,722.7,721.1,0.22,11375100,736.5,710.5,933.7,292.7
2026-07-27 13:45:42,2026-07-27 13:30,720.9,721.1,-0.03,11558730,736.5,710.5,933.7,292.7
2026-07-27 13:50:37,2026-07-27 13:35,722.8,721.1,0.24,11660990,736.5,710.5,933.7,292.7
2026-07-27 13:55:31,2026-07-27 13:40,724.9,721.1,0.53,11833300,736.5,710.5,933.7,292.7
2026-07-27 14:00:34,2026-07-27 13:45,726.4,721.1,0.73,11889010,736.5,710.5,933.7,292.7
2026-07-27 14:05:32,2026-07-27 13:50,726.4,721.1,0.73,12008610,736.5,710.5,933.7,292.7
2026-07-27 14:10:38,2026-07-27 13:55,726.4,721.1,0.73,12138290,736.5,710.5,933.7,292.7
2026-07-27 14:17:05,2026-07-27 14:01,725.2,721.1,0.57,12279690,736.5,710.5,933.7,292.7
2026-07-27 14:20:31,2026-07-27 14:05,725.1,721.1,0.55,12286740,736.5,710.5,933.7,292.7
2026-07-27 14:25:40,2026-07-27 14:10,726.0,721.1,0.68,12358130,736.5,710.5,933.7,292.7
2026-07-27 14:30:31,2026-07-27 14:15,724.8,721.1,0.51,12386570,736.5,710.5,933.7,292.7
2026-07-27 14:36:52,2026-07-27 14:21,726.2,721.1,0.71,12526920,736.5,710.5,933.7,292.7
2026-07-27 14:40:35,2026-07-27 14:25,724.6,721.1,0.49,12592190,736.5,710.5,933.7,292.7
2026-07-27 14:45:34,2026-07-27 14:30,726.4,721.1,0.73,12636840,736.5,710.5,933.7,292.7
2026-07-27 14:50:45,2026-07-27 14:35,724.8,721.1,0.51,12691100,736.5,710.5,933.7,292.7
2026-07-27 14:56:56,2026-07-27 14:41,725.0,721.1,0.54,12743630,736.5,710.5,933.7,292.7
2026-07-27 15:00:40,2026-07-27 14:45,726.4,721.1,0.73,12786450,736.5,710.5,933.7,292.7
2026-07-27 15:05:36,2026-07-27 14:50,725.4,721.1,0.6,12814140,736.5,710.5,933.7,292.7
2026-07-27 15:10:44,2026-07-27 14:55,725.7,721.1,0.64,12830980,736.5,710.5,933.7,292.7
2026-07-27 15:17:11,2026-07-27 15:02,726.9,721.1,0.8,12912200,736.5,710.5,933.7,292.7
2026-07-27 15:21:58,2026-07-27 15:06,726.5,721.1,0.75,13045850,736.5,710.5,933.7,292.7
2026-07-27 15:25:34,2026-07-27 15:10,728.2,721.1,0.98,13120030,736.5,710.5,933.7,292.7
2026-07-27 15:30:52,2026-07-27 15:15,728.8,721.1,1.07,13298330,736.5,710.5,933.7,292.7
2026-07-27 15:40:41,2026-07-27 15:24,729.0,721.1,1.1,13563080,736.5,710.5,933.7,292.7
2026-07-28 09:05:33,2026-07-27 15:30,729.0,721.1,1.1,13720630,736.5,710.5,933.7,292.7
2026-07-28 09:10:37,2026-07-27 15:30,729.0,721.1,1.1,13720630,736.5,710.5,933.7,292.7
2026-07-28 09:15:31,2026-07-27 15:30,729.0,721.1,1.1,13720630,736.5,710.5,933.7,292.7
2026-07-28 09:20:39,2026-07-27 15:30,729.0,721.1,1.1,13720630,736.5,710.5,933.7,292.7
2026-07-28 09:25:38,2026-07-28 09:10,684.4,729.0,-6.12,1739020,691.9,684.4,933.7,292.7
2026-07-28 09:30:38,2026-07-28 09:15,682.8,729.0,-6.34,2496140,691.9,681.1,933.7,292.7
2026-07-28 09:35:48,2026-07-28 09:20,677.2,729.0,-7.11,3126530,691.9,677.2,933.7,292.7
2026-07-28 09:40:35,2026-07-28 09:25,674.3,729.0,-7.5,3639670,691.9,674.2,933.7,292.7
2026-07-28 09:45:51,2026-07-28 09:30,673.2,729.0,-7.65,3937940,691.9,670.4,933.7,292.7
2026-07-28 09:50:31,2026-07-28 09:35,675.9,729.0,-7.28,4850070,691.9,669.1,933.7,292.7
2026-07-28 09:55:33,2026-07-28 09:40,673.2,729.0,-7.65,5405180,691.9,669.1,933.7,292.7
2026-07-28 10:00:45,2026-07-28 09:45,673.8,729.0,-7.57,5826520,691.9,669.1,933.7,292.7
2026-07-28 10:05:44,2026-07-28 09:50,668.0,729.0,-8.37,6354880,691.9,667.8,933.7,292.7
2026-07-28 10:10:42,2026-07-28 09:55,666.3,729.0,-8.6,6688440,691.9,665.8,933.7,292.7
2026-07-28 10:15:31,2026-07-28 10:00,668.1,729.0,-8.35,6865600,691.9,665.8,933.7,292.7
2026-07-28 10:20:46,2026-07-28 10:05,671.2,729.0,-7.93,8069400,691.9,665.8,933.7,292.7
2026-07-28 10:25:45,2026-07-28 10:10,668.0,729.0,-8.37,8399450,691.9,665.8,933.7,292.7
2026-07-28 10:30:31,2026-07-28 10:15,667.2,729.0,-8.48,8797810,691.9,665.3,933.7,292.7
2026-07-28 10:35:38,2026-07-28 10:20,666.3,729.0,-8.6,9316170,691.9,665.3,933.7,292.7
2026-07-28 10:40:37,2026-07-28 10:25,668.9,729.0,-8.24,9591550,691.9,665.3,933.7,292.7
2026-07-28 10:45:34,2026-07-28 10:30,671.4,729.0,-7.9,9800840,691.9,665.3,933.7,292.7
2026-07-28 10:50:29,2026-07-28 10:35,673.2,729.0,-7.65,9971860,691.9,665.3,933.7,292.7
2026-07-28 10:55:40,2026-07-28 10:40,671.4,729.0,-7.9,10130010,691.9,665.3,933.7,292.7
2026-07-28 11:00:38,2026-07-28 10:45,671.7,729.0,-7.86,10265020,691.9,665.3,933.7,292.7
2026-07-28 11:05:48,2026-07-28 10:50,673.3,729.0,-7.64,10445600,691.9,665.3,933.7,292.7
2026-07-28 11:10:35,2026-07-28 10:55,668.4,729.0,-8.31,10791460,691.9,665.3,933.7,292.7
2026-07-28 11:15:44,2026-07-28 11:00,664.5,729.0,-8.85,11174620,691.9,664.5,933.7,292.7
2026-07-28 11:20:39,2026-07-28 11:05,663.4,729.0,-9.0,11423360,691.9,662.8,933.7,292.7
2026-07-28 11:25:36,2026-07-28 11:10,664.2,729.0,-8.89,11564970,691.9,662.8,933.7,292.7
2026-07-28 11:30:36,2026-07-28 11:15,662.1,729.0,-9.18,12013190,691.9,661.6,933.7,292.7
2026-07-28 12:30:29,2026-07-28 11:30,664.6,729.0,-8.83,12628180,691.9,661.3,933.7,292.7
2026-07-28 12:35:36,2026-07-28 11:30,664.6,729.0,-8.83,12628180,691.9,661.3,933.7,292.7
2026-07-28 12:40:42,2026-07-28 11:30,664.6,729.0,-8.83,12628180,691.9,661.3,933.7,292.7
2026-07-28 12:45:31,2026-07-28 12:30,663.7,729.0,-8.96,12877320,691.9,661.3,933.7,292.7
2026-07-28 12:50:48,2026-07-28 12:35,667.9,729.0,-8.38,13228440,691.9,661.3,933.7,292.7
2026-07-28 12:55:40,2026-07-28 12:40,673.5,729.0,-7.61,13465450,691.9,661.3,933.7,292.7
2026-07-28 13:00:38,2026-07-28 12:45,674.7,729.0,-7.45,13987930,691.9,661.3,933.7,292.7
2026-07-28 13:05:33,2026-07-28 12:50,674.8,729.0,-7.43,14210540,691.9,661.3,933.7,292.7
2026-07-28 13:10:42,2026-07-28 12:55,672.0,729.0,-7.82,14399860,691.9,661.3,933.7,292.7
2026-07-28 13:15:33,2026-07-28 13:00,671.9,729.0,-7.83,14524270,691.9,661.3,933.7,292.7
2026-07-28 13:20:36,2026-07-28 13:05,670.2,729.0,-8.07,14599370,691.9,661.3,933.7,292.7
2026-07-28 13:25:42,2026-07-28 13:10,669.1,729.0,-8.22,14878830,691.9,661.3,933.7,292.7
2026-07-28 13:30:38,2026-07-28 13:15,667.0,729.0,-8.5,14995560,691.9,661.3,933.7,292.7
2026-07-28 13:35:36,2026-07-28 13:20,670.6,729.0,-8.01,15146110,691.9,661.3,933.7,292.7
2026-07-28 13:40:38,2026-07-28 13:25,670.1,729.0,-8.08,15228770,691.9,661.3,933.7,292.7
2026-07-28 13:45:33,2026-07-28 13:30,671.1,729.0,-7.94,15322000,691.9,661.3,933.7,292.7
2026-07-28 13:50:43,2026-07-28 13:35,671.5,729.0,-7.89,15390140,691.9,661.3,933.7,292.7
2026-07-28 13:55:40,2026-07-28 13:40,671.4,729.0,-7.9,15531860,691.9,661.3,933.7,292.7
2026-07-28 14:00:31,2026-07-28 13:45,673.1,729.0,-7.67,15612350,691.9,661.3,933.7,292.7
2026-07-28 14:05:45,2026-07-28 13:50,673.1,729.0,-7.67,15774890,691.9,661.3,933.7,292.7
2026-07-28 14:10:35,2026-07-28 13:55,673.0,729.0,-7.68,15842540,691.9,661.3,933.7,292.7
2026-07-28 14:15:32,2026-07-28 14:00,670.6,729.0,-8.01,16001050,691.9,661.3,933.7,292.7
2026-07-28 14:20:39,2026-07-28 14:05,671.7,729.0,-7.86,16129460,691.9,661.3,933.7,292.7
2026-07-28 14:25:37,2026-07-28 14:10,671.5,729.0,-7.89,16312100,691.9,661.3,933.7,292.7
2026-07-28 14:30:33,2026-07-28 14:15,671.0,729.0,-7.96,16472330,691.9,661.3,933.7,292.7
2026-07-28 14:35:52,2026-07-28 14:20,669.7,729.0,-8.13,16681400,691.9,661.3,933.7,292.7
2026-07-28 14:40:41,2026-07-28 14:25,667.9,729.0,-8.38,16929320,691.9,661.3,933.7,292.7
2026-07-28 14:45:31,2026-07-28 14:30,667.9,729.0,-8.38,17024750,691.9,661.3,933.7,292.7
2026-07-28 14:50:40,2026-07-28 14:35,664.5,729.0,-8.85,17248200,691.9,661.3,933.7,292.7
2026-07-28 14:55:36,2026-07-28 14:40,665.8,729.0,-8.67,17457440,691.9,661.3,933.7,292.7
2026-07-28 15:00:41,2026-07-28 14:45,664.8,729.0,-8.81,17575040,691.9,661.3,933.7,292.7
2026-07-28 15:05:49,2026-07-28 14:50,666.1,729.0,-8.63,17704160,691.9,661.3,933.7,292.7
2026-07-28 15:10:50,2026-07-28 14:55,668.7,729.0,-8.27,17825020,691.9,661.3,933.7,292.7
2026-07-28 15:15:49,2026-07-28 15:00,667.1,729.0,-8.49,18056830,691.9,661.3,933.7,292.7
2026-07-28 15:20:41,2026-07-28 15:05,664.6,729.0,-8.83,18265300,691.9,661.3,933.7,292.7
2026-07-28 15:25:36,2026-07-28 15:10,665.8,729.0,-8.67,18342260,691.9,661.3,933.7,292.7
2026-07-28 15:30:38,2026-07-28 15:15,668.2,729.0,-8.34,18500110,691.9,661.3,933.7,292.7
2026-07-28 15:40:36,2026-07-28 15:24,669.5,729.0,-8.16,19156680,691.9,661.3,933.7,292.7
2026-07-29 09:10:45,2026-07-28 15:30,671.0,729.0,-7.96,19390040,691.9,661.3,933.7,292.7
2026-07-29 09:15:31,2026-07-29 09:00,671.0,729.0,-7.96,19781720,677.7,672.5,933.7,292.7
2026-07-29 09:20:38,2026-07-29 09:05,683.8,671.0,1.91,1865420,685.0,671.7,933.7,292.7
2026-07-29 09:25:36,2026-07-29 09:10,683.1,671.0,1.8,2799220,687.0,671.7,933.7,292.7
2026-07-29 09:30:32,2026-07-29 09:15,677.7,671.0,1.0,3429460,687.0,671.7,933.7,292.7
2026-07-29 09:35:51,2026-07-29 09:20,685.3,671.0,2.13,4089260,687.1,671.7,933.7,292.7
2026-07-29 09:40:36,2026-07-29 09:25,681.0,671.0,1.49,4660000,688.0,671.7,933.7,292.7
2026-07-29 09:45:44,2026-07-29 09:30,678.2,671.0,1.07,5054710,688.0,671.7,933.7,292.7
2026-07-29 09:50:38,2026-07-29 09:35,675.0,671.0,0.6,5328850,688.0,671.7,933.7,292.7
2026-07-29 09:55:41,2026-07-29 09:40,681.3,671.0,1.54,5563670,688.0,671.7,933.7,292.7
2026-07-29 10:00:36,2026-07-29 09:45,681.6,671.0,1.58,5870000,688.0,671.7,933.7,292.7
2026-07-29 10:05:35,2026-07-29 09:50,677.9,671.0,1.03,6052550,688.0,671.7,933.7,292.7
2026-07-29 10:10:44,2026-07-29 09:55,677.1,671.0,0.91,6287900,688.0,671.7,933.7,292.7
2026-07-29 10:15:40,2026-07-29 10:00,670.9,671.0,-0.01,6665800,688.0,670.6,933.7,292.7
2026-07-29 10:20:35,2026-07-29 10:05,676.0,671.0,0.75,6993550,688.0,670.3,933.7,292.7
2026-07-29 10:25:37,2026-07-29 10:10,668.9,671.0,-0.31,7199850,688.0,668.7,933.7,292.7
2026-07-29 10:30:31,2026-07-29 10:15,663.2,671.0,-1.16,7523080,688.0,663.2,933.7,292.7
2026-07-29 10:35:35,2026-07-29 10:20,665.9,671.0,-0.76,7941060,688.0,661.2,933.7,292.7
2026-07-29 10:40:36,2026-07-29 10:25,670.3,671.0,-0.1,8479730,688.0,661.2,933.7,292.7
2026-07-29 10:45:32,2026-07-29 10:30,671.4,671.0,0.06,8742340,688.0,661.2,933.7,292.7
2026-07-29 10:50:46,2026-07-29 10:35,669.2,671.0,-0.27,9008480,688.0,661.2,933.7,292.7
2026-07-29 10:55:36,2026-07-29 10:40,666.6,671.0,-0.66,9150280,688.0,661.2,933.7,292.7
2026-07-29 11:00:47,2026-07-29 10:45,664.5,671.0,-0.97,9301040,688.0,661.2,933.7,292.7
2026-07-29 11:05:47,2026-07-29 10:50,658.9,671.0,-1.8,9741040,688.0,658.3,933.7,292.7
2026-07-29 11:10:38,2026-07-29 10:55,654.0,671.0,-2.53,10120160,688.0,653.1,933.7,292.7
2026-07-29 11:15:32,2026-07-29 11:00,647.0,671.0,-3.58,10663180,688.0,646.7,933.7,292.7
2026-07-29 11:20:38,2026-07-29 11:05,649.1,671.0,-3.26,11329440,688.0,645.9,933.7,292.7
2026-07-29 11:25:33,2026-07-29 11:10,651.0,671.0,-2.98,11580830,688.0,645.9,933.7,292.7
2026-07-29 11:30:43,2026-07-29 11:15,651.5,671.0,-2.91,11838240,688.0,645.9,933.7,292.7
2026-07-29 12:30:41,2026-07-29 11:30,655.7,671.0,-2.28,12857070,688.0,645.9,933.7,292.7
2026-07-29 12:35:36,2026-07-29 11:30,655.7,671.0,-2.28,12857070,688.0,645.9,933.7,292.7
2026-07-29 12:40:36,2026-07-29 11:30,655.7,671.0,-2.28,12857070,688.0,645.9,933.7,292.7
2026-07-29 12:45:41,2026-07-29 11:30,655.7,671.0,-2.28,12857070,688.0,645.9,933.7,292.7
2026-07-29 12:50:35,2026-07-29 12:35,643.9,671.0,-4.04,13505250,688.0,642.2,933.7,292.7
2026-07-29 12:55:32,2026-07-29 12:40,639.6,671.0,-4.68,14430620,688.0,639.5,933.7,292.7
2026-07-29 13:00:36,2026-07-29 12:45,643.7,671.0,-4.07,14926980,688.0,637.2,933.7,292.7
2026-07-29 13:05:40,2026-07-29 12:50,640.8,671.0,-4.5,15230250,688.0,637.2,933.7,292.7
2026-07-29 13:10:48,2026-07-29 12:55,635.5,671.0,-5.29,15856920,688.0,635.5,933.7,292.7
2026-07-29 13:15:34,2026-07-29 13:00,635.8,671.0,-5.25,16202130,688.0,635.3,933.7,292.7
2026-07-29 13:20:34,2026-07-29 13:05,635.3,671.0,-5.32,16680130,688.0,634.2,933.7,292.7
2026-07-29 13:25:42,2026-07-29 13:10,636.0,671.0,-5.22,16917490,688.0,633.2,933.7,292.7
2026-07-29 13:30:38,2026-07-29 13:15,633.7,671.0,-5.56,17275350,688.0,633.2,933.7,292.7
2026-07-29 13:35:43,2026-07-29 13:20,633.9,671.0,-5.53,17649790,688.0,631.5,933.7,292.7
2026-07-29 13:40:45,2026-07-29 13:25,635.3,671.0,-5.32,18052010,688.0,631.5,933.7,292.7
2026-07-29 13:45:46,2026-07-29 13:30,633.4,671.0,-5.6,18431180,688.0,631.5,933.7,292.7
2026-07-29 13:50:31,2026-07-29 13:35,631.7,671.0,-5.86,18905260,688.0,630.7,933.7,292.7
2026-07-29 13:55:39,2026-07-29 13:40,631.8,671.0,-5.84,19477180,688.0,630.7,933.7,292.7
2026-07-29 14:00:33,2026-07-29 13:45,629.7,671.0,-6.15,19903570,688.0,629.7,933.7,292.7
2026-07-29 14:05:45,2026-07-29 13:50,637.8,671.0,-4.95,20497830,688.0,629.7,933.7,292.7
2026-07-29 14:10:38,2026-07-29 13:55,643.7,671.0,-4.07,21374440,688.0,629.7,933.7,292.7
2026-07-29 14:15:36,2026-07-29 14:00,646.0,671.0,-3.73,22169440,688.0,629.7,933.7,292.7
2026-07-29 14:20:44,2026-07-29 14:05,641.9,671.0,-4.34,22388890,688.0,629.7,933.7,292.7
2026-07-29 14:25:44,2026-07-29 14:10,648.3,671.0,-3.38,22679470,688.0,629.7,933.7,292.7
2026-07-29 14:30:41,2026-07-29 14:15,645.6,671.0,-3.79,22886530,688.0,629.7,933.7,292.7
2026-07-29 14:35:48,2026-07-29 14:20,644.0,671.0,-4.02,23153310,688.0,629.7,933.7,292.7
2026-07-29 14:40:32,2026-07-29 14:25,647.2,671.0,-3.55,23378210,688.0,629.7,933.7,292.7
2026-07-29 14:45:44,2026-07-29 14:30,646.7,671.0,-3.62,23602750,688.0,629.7,933.7,292.7
2026-07-29 14:50:49,2026-07-29 14:35,649.0,671.0,-3.28,23742190,688.0,629.7,933.7,292.7
2026-07-29 14:55:34,2026-07-29 14:40,649.1,671.0,-3.26,23928900,688.0,629.7,933.7,292.7
2026-07-29 15:00:36,2026-07-29 14:45,649.0,671.0,-3.28,24030260,688.0,629.7,933.7,292.7
2026-07-29 15:05:42,2026-07-29 14:50,647.7,671.0,-3.47,24235300,688.0,629.7,933.7,292.7
2026-07-29 15:10:41,2026-07-29 14:55,648.3,671.0,-3.38,24373150,688.0,629.7,933.7,292.7
2026-07-29 15:15:53,2026-07-29 15:00,647.5,671.0,-3.5,24454930,688.0,629.7,933.7,292.7
2026-07-29 15:20:41,2026-07-29 15:05,643.9,671.0,-4.04,24648070,688.0,629.7,933.7,292.7
2026-07-29 15:25:35,2026-07-29 15:10,641.4,671.0,-4.41,24839990,688.0,629.7,933.7,292.7
2026-07-29 15:30:40,2026-07-29 15:15,645.7,671.0,-3.77,24969440,688.0,629.7,933.7,292.7
2026-07-29 15:40:39,2026-07-29 15:24,650.0,671.0,-3.13,25439880,688.0,629.7,933.7,292.7
2026-07-30 09:05:40,2026-07-29 15:30,652.0,671.0,-2.83,25667430,688.0,629.7,933.7,292.7
2026-07-30 09:10:44,2026-07-29 15:30,652.0,671.0,-2.83,25667430,688.0,629.7,933.7,292.7
2026-07-30 09:15:32,2026-07-30 09:00,652.0,671.0,-2.83,26102210,656.5,650.2,933.7,292.7
2026-07-30 09:20:34,2026-07-30 09:05,649.6,652.0,-0.37,1593790,657.1,646.7,933.7,292.7
2026-07-30 09:25:31,2026-07-30 09:10,659.3,652.0,1.12,3648690,660.0,646.7,933.7,292.7
2026-07-30 09:30:34,2026-07-30 09:15,659.1,652.0,1.09,4887080,664.2,646.7,933.7,292.7
2026-07-30 09:35:46,2026-07-30 09:20,663.7,652.0,1.79,6752910,665.8,646.7,933.7,292.7
2026-07-30 09:40:45,2026-07-30 09:25,671.4,652.0,2.98,8285080,671.5,646.7,933.7,292.7
2026-07-30 09:45:32,2026-07-30 09:30,672.7,652.0,3.17,9651430,673.6,646.7,933.7,292.7
2026-07-30 09:50:39,2026-07-30 09:35,667.1,652.0,2.32,10320900,673.6,646.7,933.7,292.7
2026-07-30 09:55:43,2026-07-30 09:40,659.4,652.0,1.13,10917280,673.6,646.7,933.7,292.7
2026-07-30 10:00:38,2026-07-30 09:45,657.9,652.0,0.9,11740340,673.6,646.7,933.7,292.7
2026-07-30 10:05:39,2026-07-30 09:50,661.4,652.0,1.44,12605700,673.6,646.7,933.7,292.7
2026-07-30 10:10:51,2026-07-30 09:55,668.0,652.0,2.45,12895990,673.6,646.7,933.7,292.7
2026-07-30 10:15:31,2026-07-30 10:00,670.5,652.0,2.84,13250570,673.6,646.7,933.7,292.7
2026-07-30 10:20:38,2026-07-30 10:05,676.0,652.0,3.68,13723850,676.3,646.7,933.7,292.7
2026-07-30 10:25:31,2026-07-30 10:10,674.2,652.0,3.4,14282510,680.4,646.7,933.7,292.7
2026-07-30 10:30:36,2026-07-30 10:15,670.5,652.0,2.84,14762570,680.4,646.7,933.7,292.7
2026-07-30 10:35:32,2026-07-30 10:20,673.3,652.0,3.27,15401850,680.4,646.7,933.7,292.7
2026-07-30 10:40:33,2026-07-30 10:25,674.3,652.0,3.42,15597630,680.4,646.7,933.7,292.7
2026-07-30 10:45:31,2026-07-30 10:30,677.3,652.0,3.88,15832240,680.4,646.7,933.7,292.7
2026-07-30 10:50:33,2026-07-30 10:35,680.0,652.0,4.29,16077100,680.4,646.7,933.7,292.7
2026-07-30 10:55:39,2026-07-30 10:40,681.0,652.0,4.45,16561400,681.7,646.7,933.7,292.7
2026-07-30 11:00:43,2026-07-30 10:45,679.7,652.0,4.25,16786580,682.7,646.7,933.7,292.7
2026-07-30 11:05:39,2026-07-30 10:50,679.3,652.0,4.19,17018260,682.7,646.7,933.7,292.7
2026-07-30 11:10:55,2026-07-30 10:55,680.6,652.0,4.39,17330520,682.7,646.7,933.7,292.7
2026-07-30 11:15:35,2026-07-30 11:00,678.1,652.0,4.0,17390660,682.7,646.7,933.7,292.7
2026-07-30 11:20:35,2026-07-30 11:05,673.5,652.0,3.3,17502810,682.7,646.7,933.7,292.7
2026-07-30 11:25:32,2026-07-30 11:10,671.9,652.0,3.05,17653210,682.7,646.7,933.7,292.7
2026-07-30 11:30:39,2026-07-30 11:15,668.8,652.0,2.58,17750320,682.7,646.7,933.7,292.7
2026-07-30 12:30:32,2026-07-30 11:30,667.3,652.0,2.35,18067360,682.7,646.7,933.7,292.7
2026-07-30 12:35:38,2026-07-30 11:30,667.3,652.0,2.35,18067360,682.7,646.7,933.7,292.7
2026-07-30 12:40:34,2026-07-30 11:30,667.3,652.0,2.35,18067360,682.7,646.7,933.7,292.7
2026-07-30 12:45:37,2026-07-30 12:30,655.2,652.0,0.49,18357590,682.7,646.7,933.7,292.7
2026-07-30 12:50:32,2026-07-30 12:35,663.3,652.0,1.73,18716600,682.7,646.7,933.7,292.7
2026-07-30 12:55:43,2026-07-30 12:40,659.5,652.0,1.15,18927330,682.7,646.7,933.7,292.7
2026-07-30 13:00:45,2026-07-30 12:45,664.0,652.0,1.84,19068550,682.7,646.7,933.7,292.7
2026-07-30 13:05:30,2026-07-30 12:50,665.3,652.0,2.04,19155690,682.7,646.7,933.7,292.7
2026-07-30 13:10:40,2026-07-30 12:55,667.2,652.0,2.33,19268280,682.7,646.7,933.7,292.7
2026-07-30 13:15:37,2026-07-30 13:00,661.0,652.0,1.38,19605280,682.7,646.7,933.7,292.7
2026-07-30 13:20:30,2026-07-30 13:05,662.8,652.0,1.66,19713430,682.7,646.7,933.7,292.7
2026-07-30 13:25:34,2026-07-30 13:10,659.5,652.0,1.15,19831790,682.7,646.7,933.7,292.7
2026-07-30 13:30:35,2026-07-30 13:15,657.1,652.0,0.78,20009450,682.7,646.7,933.7,292.7
2026-07-30 13:35:34,2026-07-30 13:20,657.6,652.0,0.86,20199320,682.7,646.7,933.7,292.7
2026-07-30 13:40:31,2026-07-30 13:25,660.3,652.0,1.27,20351530,682.7,646.7,933.7,292.7
2026-07-30 13:45:33,2026-07-30 13:30,664.5,652.0,1.92,20585980,682.7,646.7,933.7,292.7
2026-07-30 13:50:35,2026-07-30 13:35,664.9,652.0,1.98,20938410,682.7,646.7,933.7,292.7
2026-07-30 13:55:41,2026-07-30 13:40,661.2,652.0,1.41,21048800,682.7,646.7,933.7,292.7
2026-07-30 14:00:51,2026-07-30 13:45,659.4,652.0,1.13,21210910,682.7,646.7,933.7,292.7
2026-07-30 14:05:37,2026-07-30 13:50,658.2,652.0,0.95,21352810,682.7,646.7,933.7,292.7
2026-07-30 14:10:31,2026-07-30 13:55,656.8,652.0,0.74,21583070,682.7,646.7,933.7,292.7
2026-07-30 14:15:31,2026-07-30 14:00,655.1,652.0,0.48,21840360,682.7,646.7,933.7,292.7
2026-07-30 14:20:29,2026-07-30 14:05,653.3,652.0,0.2,22101930,682.7,646.7,933.7,292.7
2026-07-30 14:25:40,2026-07-30 14:10,653.8,652.0,0.28,22200570,682.7,646.7,933.7,292.7
2026-07-30 14:30:40,2026-07-30 14:15,656.5,652.0,0.69,22330690,682.7,646.7,933.7,292.7
2026-07-30 14:35:31,2026-07-30 14:20,660.6,652.0,1.32,22635540,682.7,646.7,933.7,292.7
2026-07-30 14:40:46,2026-07-30 14:25,660.0,652.0,1.23,22859970,682.7,646.7,933.7,292.7
2026-07-30 14:45:30,2026-07-30 14:30,659.4,652.0,1.13,23043590,682.7,646.7,933.7,292.7
2026-07-30 14:50:41,2026-07-30 14:35,661.6,652.0,1.47,23338290,682.7,646.7,933.7,292.7
2026-07-30 14:55:41,2026-07-30 14:40,663.5,652.0,1.76,23728840,682.7,646.7,933.7,292.7
2026-07-30 15:00:33,2026-07-30 14:45,667.5,652.0,2.38,24040280,682.7,646.7,933.7,292.7
2026-07-30 15:05:37,2026-07-30 14:50,665.1,652.0,2.01,24215160,682.7,646.7,933.7,292.7
2026-07-30 15:10:51,2026-07-30 14:55,660.0,652.0,1.23,24321110,682.7,646.7,933.7,292.7
2026-07-30 15:15:38,2026-07-30 15:00,660.0,652.0,1.23,24381770,682.7,646.7,933.7,292.7
2026-07-30 15:20:37,2026-07-30 15:05,661.6,652.0,1.47,24576290,682.7,646.7,933.7,292.7
2026-07-30 15:25:34,2026-07-30 15:10,660.4,652.0,1.29,24646710,682.7,646.7,933.7,292.7
2026-07-30 15:30:38,2026-07-30 15:15,658.0,652.0,0.92,24728830,682.7,646.7,933.7,292.7
2026-07-30 15:40:34,2026-07-30 15:24,659.5,652.0,1.15,24894700,682.7,646.7,933.7,292.7
2026-07-31 09:05:37,2026-07-30 15:30,660.9,652.0,1.37,24963150,682.7,646.7,933.7,292.7
2026-07-31 09:10:46,2026-07-30 15:30,660.9,652.0,1.37,24963150,682.7,646.7,933.7,292.7
2026-07-31 09:15:39,2026-07-30 15:30,660.9,652.0,1.37,24963150,682.7,646.7,933.7,292.7
2026-07-31 09:20:38,2026-07-30 15:30,660.9,652.0,1.37,24963150,682.7,646.7,933.7,292.7
2026-07-31 09:25:38,2026-07-30 15:30,660.9,652.0,1.37,24963150,682.7,646.7,933.7,292.7
2026-07-31 09:30:47,2026-07-31 09:15,719.3,660.9,8.84,1672510,721.3,718.2,933.7,292.7
2026-07-31 09:35:42,2026-07-31 09:20,722.7,660.9,9.35,2713410,723.5,716.1,933.7,292.7
2026-07-31 09:40:30,2026-07-31 09:25,721.8,660.9,9.21,4212280,723.8,716.1,933.7,292.7
2026-07-31 09:45:41,2026-07-31 09:30,726.0,660.9,9.85,5802790,726.6,716.1,933.7,292.7
2026-07-31 09:50:33,2026-07-31 09:35,727.1,660.9,10.02,6593740,729.5,716.1,933.7,292.7
2026-07-31 09:55:34,2026-07-31 09:40,726.0,660.9,9.85,7205050,729.5,716.1,933.7,292.7
2026-07-31 10:00:33,2026-07-31 09:45,726.3,660.9,9.9,7863970,729.5,716.1,933.7,292.7
2026-07-31 10:05:34,2026-07-31 09:50,722.9,660.9,9.38,8249120,729.5,716.1,933.7,292.7
2026-07-31 10:10:42,2026-07-31 09:55,727.9,660.9,10.14,8834210,729.5,716.1,933.7,292.7
2026-07-31 10:15:31,2026-07-31 10:00,732.1,660.9,10.77,9576840,732.9,716.1,933.7,292.7
2026-07-31 10:20:31,2026-07-31 10:05,731.6,660.9,10.7,10052530,733.7,716.1,933.7,292.7
2026-07-31 10:25:40,2026-07-31 10:10,733.9,660.9,11.05,10567990,733.9,716.1,933.7,292.7
2026-07-31 10:30:41,2026-07-31 10:15,734.0,660.9,11.06,10917480,734.2,716.1,933.7,292.7
2026-07-31 10:35:35,2026-07-31 10:20,734.8,660.9,11.18,11270320,735.3,716.1,933.7,292.7
2026-07-31 10:40:34,2026-07-31 10:25,732.0,660.9,10.76,11452820,736.0,716.1,933.7,292.7
2026-07-31 10:45:39,2026-07-31 10:30,731.8,660.9,10.73,11715760,736.0,716.1,933.7,292.7
2026-07-31 10:50:41,2026-07-31 10:35,731.0,660.9,10.61,11973490,736.0,716.1,933.7,292.7
2026-07-31 10:55:31,2026-07-31 10:40,730.5,660.9,10.53,12253670,736.0,716.1,933.7,292.7
2026-07-31 11:00:41,2026-07-31 10:45,730.3,660.9,10.5,12446170,736.0,716.1,933.7,292.7
2026-07-31 11:05:33,2026-07-31 10:50,728.5,660.9,10.23,12643430,736.0,716.1,933.7,292.7
2026-07-31 11:10:36,2026-07-31 10:55,728.2,660.9,10.18,12890060,736.0,716.1,933.7,292.7
2026-07-31 11:15:40,2026-07-31 11:00,729.3,660.9,10.35,13014810,736.0,716.1,933.7,292.7
2026-07-31 11:20:35,2026-07-31 11:05,725.9,660.9,9.84,13233180,736.0,716.1,933.7,292.7
2026-07-31 11:25:34,2026-07-31 11:10,725.7,660.9,9.8,13381610,736.0,716.1,933.7,292.7
2026-07-31 11:30:45,2026-07-31 11:15,720.2,660.9,8.97,13765870,736.0,716.1,933.7,292.7
2026-07-31 12:30:48,2026-07-31 11:30,717.8,660.9,8.61,14798840,736.0,716.1,933.7,292.7
2026-07-31 12:35:47,2026-07-31 11:30,717.8,660.9,8.61,14798840,736.0,716.1,933.7,292.7
2026-07-31 12:40:35,2026-07-31 11:30,717.8,660.9,8.61,14798840,736.0,716.1,933.7,292.7
2026-07-31 12:45:39,2026-07-31 12:30,715.5,660.9,8.26,15094080,736.0,713.5,933.7,292.7
2026-07-31 12:50:32,2026-07-31 12:35,711.0,660.9,7.58,15502210,736.0,710.7,933.7,292.7
2026-07-31 12:55:38,2026-07-31 12:40,709.4,660.9,7.34,15643900,736.0,709.0,933.7,292.7
2026-07-31 13:00:39,2026-07-31 12:45,708.7,660.9,7.23,15852780,736.0,707.7,933.7,292.7
2026-07-31 13:05:42,2026-07-31 12:50,706.3,660.9,6.87,16301890,736.0,702.5,933.7,292.7
2026-07-31 13:10:31,2026-07-31 12:55,711.0,660.9,7.58,16671640,736.0,702.5,933.7,292.7
2026-07-31 13:15:40,2026-07-31 13:00,707.8,660.9,7.1,16910640,736.0,702.5,933.7,292.7
2026-07-31 13:20:38,2026-07-31 13:05,708.8,660.9,7.25,17128760,736.0,702.5,933.7,292.7
2026-07-31 13:25:35,2026-07-31 13:10,708.9,660.9,7.26,17276750,736.0,702.5,933.7,292.7
2026-07-31 13:30:30,2026-07-31 13:15,706.4,660.9,6.88,17439580,736.0,702.5,933.7,292.7
2026-07-31 13:35:36,2026-07-31 13:20,706.6,660.9,6.91,17631300,736.0,702.5,933.7,292.7
2026-07-31 13:40:38,2026-07-31 13:25,705.2,660.9,6.7,17883620,736.0,702.5,933.7,292.7
2026-07-31 13:45:44,2026-07-31 13:30,710.5,660.9,7.5,18096330,736.0,702.5,933.7,292.7
2026-07-31 13:50:35,2026-07-31 13:35,712.9,660.9,7.87,18552020,736.0,702.5,933.7,292.7
2026-07-31 13:55:43,2026-07-31 13:40,713.2,660.9,7.91,18696480,736.0,702.5,933.7,292.7
2026-07-31 14:00:37,2026-07-31 13:45,716.3,660.9,8.38,18949030,736.0,702.5,933.7,292.7
2026-07-31 14:05:32,2026-07-31 13:50,713.7,660.9,7.99,19187570,736.0,702.5,933.7,292.7
2026-07-31 14:10:31,2026-07-31 13:55,713.0,660.9,7.88,19373670,736.0,702.5,933.7,292.7
2026-07-31 14:15:56,2026-07-31 14:00,715.1,660.9,8.2,19491360,736.0,702.5,933.7,292.7
2026-07-31 14:20:31,2026-07-31 14:05,714.7,660.9,8.14,19713580,736.0,702.5,933.7,292.7
2026-07-31 14:25:42,2026-07-31 14:10,716.8,660.9,8.46,19907140,736.0,702.5,933.7,292.7
2026-07-31 14:30:41,2026-07-31 14:15,716.9,660.9,8.47,20045330,736.0,702.5,933.7,292.7
2026-07-31 14:36:24,2026-07-31 14:21,719.2,660.9,8.82,20134830,736.0,702.5,933.7,292.7
2026-07-31 14:40:51,2026-07-31 14:25,717.0,660.9,8.49,20255500,736.0,702.5,933.7,292.7
2026-07-31 14:45:37,2026-07-31 14:30,715.4,660.9,8.25,20367330,736.0,702.5,933.7,292.7
2026-07-31 14:50:32,2026-07-31 14:35,710.6,660.9,7.52,20547220,736.0,702.5,933.7,292.7
2026-07-31 14:55:35,2026-07-31 14:40,711.0,660.9,7.58,20686740,736.0,702.5,933.7,292.7
2026-07-31 15:00:45,2026-07-31 14:45,706.1,660.9,6.84,21148490,736.0,702.5,933.7,292.7
2026-07-31 15:05:41,2026-07-31 14:50,709.1,660.9,7.29,21432630,736.0,702.5,933.7,292.7
2026-07-31 15:10:45,2026-07-31 14:55,711.0,660.9,7.58,21592920,736.0,702.5,933.7,292.7
2026-07-31 15:15:38,2026-07-31 15:00,712.5,660.9,7.81,21724320,736.0,702.5,933.7,292.7
2026-07-31 15:20:46,2026-07-31 15:05,713.6,660.9,7.97,21871140,736.0,702.5,933.7,292.7
2026-07-31 15:25:40,2026-07-31 15:10,712.0,660.9,7.73,21973390,736.0,702.5,933.7,292.7
2026-07-31 15:30:52,2026-07-31 15:15,712.5,660.9,7.81,22191310,736.0,702.5,933.7,292.7
2026-07-31 15:40:43,2026-07-31 15:24,711.6,660.9,7.67,22392510,736.0,702.5,933.7,292.7
2026-08-03 09:05:31,2026-07-31 15:30,712.9,660.9,7.87,22559020,736.0,702.5,933.7,292.7
2026-08-03 09:10:32,2026-07-31 15:30,712.9,660.9,7.87,22559020,736.0,702.5,933.7,292.7
2026-08-03 09:15:40,2026-07-31 15:30,712.9,660.9,7.87,22559020,736.0,702.5,933.7,292.7
2026-08-03 09:20:35,2026-08-03 09:05,692.8,712.9,-2.82,1032080,696.6,687.1,933.7,292.7
2026-08-03 09:25:48,2026-08-03 09:10,694.4,712.9,-2.6,1650280,696.6,687.1,933.7,292.7
2026-08-03 09:30:35,2026-08-03 09:15,695.8,712.9,-2.4,2389580,696.6,687.1,933.7,292.7
2026-08-03 09:35:38,2026-08-03 09:20,693.7,712.9,-2.69,2677380,699.6,687.1,933.7,292.7
2026-08-03 09:40:32,2026-08-03 09:25,691.2,712.9,-3.04,2997980,699.6,687.1,933.7,292.7
2026-08-03 09:45:42,2026-08-03 09:30,687.8,712.9,-3.52,3417430,699.6,686.1,933.7,292.7
2026-08-03 09:50:33,2026-08-03 09:35,686.2,712.9,-3.75,4036410,699.6,685.1,933.7,292.7
2026-08-03 09:55:33,2026-08-03 09:40,688.2,712.9,-3.46,4607890,699.6,682.3,933.7,292.7
2026-08-03 10:00:34,2026-08-03 09:45,682.7,712.9,-4.24,4747220,699.6,682.3,933.7,292.7
2026-08-03 10:05:35,2026-08-03 09:50,684.7,712.9,-3.96,5069560,699.6,680.7,933.7,292.7
2026-08-03 10:10:31,2026-08-03 09:55,685.3,712.9,-3.87,5644750,699.6,679.7,933.7,292.7
2026-08-03 10:15:38,2026-08-03 10:00,683.1,712.9,-4.18,6186470,699.6,679.7,933.7,292.7
2026-08-03 10:20:35,2026-08-03 10:05,685.7,712.9,-3.82,6452860,699.6,679.7,933.7,292.7
2026-08-03 10:25:46,2026-08-03 10:10,688.7,712.9,-3.39,6720340,699.6,679.7,933.7,292.7
2026-08-03 10:30:40,2026-08-03 10:15,678.8,712.9,-4.78,7328530,699.6,677.3,933.7,292.7
2026-08-03 10:35:47,2026-08-03 10:20,679.5,712.9,-4.69,7930060,699.6,676.4,933.7,292.7
2026-08-03 10:40:39,2026-08-03 10:25,681.6,712.9,-4.39,8247200,699.6,676.4,933.7,292.7
2026-08-03 10:45:41,2026-08-03 10:30,683.5,712.9,-4.12,8483380,699.6,676.4,933.7,292.7
2026-08-03 10:50:41,2026-08-03 10:35,679.4,712.9,-4.7,8692140,699.6,676.4,933.7,292.7
2026-08-03 10:55:34,2026-08-03 10:40,679.6,712.9,-4.67,8935700,699.6,676.4,933.7,292.7
2026-08-03 11:00:44,2026-08-03 10:45,681.4,712.9,-4.42,9081030,699.6,676.4,933.7,292.7
2026-08-03 11:05:42,2026-08-03 10:50,686.3,712.9,-3.73,9237090,699.6,676.4,933.7,292.7
2026-08-03 11:10:47,2026-08-03 10:55,686.5,712.9,-3.7,9462420,699.6,676.4,933.7,292.7
2026-08-03 11:15:36,2026-08-03 11:00,687.5,712.9,-3.56,9665700,699.6,676.4,933.7,292.7
2026-08-03 11:20:37,2026-08-03 11:05,690.3,712.9,-3.17,9927500,699.6,676.4,933.7,292.7
2026-08-03 11:25:35,2026-08-03 11:10,692.0,712.9,-2.93,10196190,699.6,676.4,933.7,292.7
2026-08-03 11:30:41,2026-08-03 11:15,691.7,712.9,-2.97,10547600,699.6,676.4,933.7,292.7
2026-08-03 12:30:32,2026-08-03 11:30,689.2,712.9,-3.32,11210960,699.6,676.4,933.7,292.7
2026-08-03 12:35:40,2026-08-03 11:30,689.2,712.9,-3.32,11210960,699.6,676.4,933.7,292.7
2026-08-03 12:40:36,2026-08-03 11:30,689.2,712.9,-3.32,11210960,699.6,676.4,933.7,292.7
2026-08-03 12:45:33,2026-08-03 12:30,690.4,712.9,-3.16,11400650,699.6,676.4,933.7,292.7
2026-08-03 12:50:37,2026-08-03 12:35,693.0,712.9,-2.79,11561490,699.6,676.4,933.7,292.7
2026-08-03 12:55:33,2026-08-03 12:40,695.8,712.9,-2.4,11924830,699.6,676.4,933.7,292.7
2026-08-03 13:00:41,2026-08-03 12:45,698.4,712.9,-2.03,12076080,699.6,676.4,933.7,292.7
2026-08-03 13:05:37,2026-08-03 12:50,700.7,712.9,-1.71,12369910,700.7,676.4,933.7,292.7
2026-08-03 13:10:35,2026-08-03 12:55,702.4,712.9,-1.47,12597650,703.2,676.4,933.7,292.7
2026-08-03 13:15:39,2026-08-03 13:00,697.6,712.9,-2.15,12820070,703.2,676.4,933.7,292.7
2026-08-03 13:20:39,2026-08-03 13:05,696.9,712.9,-2.24,12881350,703.2,676.4,933.7,292.7
2026-08-03 13:25:39,2026-08-03 13:10,696.4,712.9,-2.31,12983430,703.2,676.4,933.7,292.7
2026-08-03 13:30:37,2026-08-03 13:15,696.3,712.9,-2.33,13167730,703.2,676.4,933.7,292.7
2026-08-03 13:35:37,2026-08-03 13:20,698.1,712.9,-2.08,13263290,703.2,676.4,933.7,292.7
2026-08-03 13:40:37,2026-08-03 13:25,700.8,712.9,-1.7,13428870,703.2,676.4,933.7,292.7
2026-08-03 13:45:33,2026-08-03 13:30,700.3,712.9,-1.77,13841620,703.2,676.4,933.7,292.7
2026-08-03 13:51:13,2026-08-03 13:36,699.4,712.9,-1.89,13929940,703.2,676.4,933.7,292.7
2026-08-03 13:55:44,2026-08-03 13:40,697.3,712.9,-2.19,14091470,703.2,676.4,933.7,292.7
2026-08-03 14:00:32,2026-08-03 13:45,697.5,712.9,-2.16,14206060,703.2,676.4,933.7,292.7
2026-08-03 14:05:40,2026-08-03 13:50,699.8,712.9,-1.84,14427330,703.2,676.4,933.7,292.7
2026-08-03 14:10:30,2026-08-03 13:55,698.0,712.9,-2.09,14479170,703.2,676.4,933.7,292.7
2026-08-03 14:15:43,2026-08-03 14:00,698.5,712.9,-2.02,14738270,703.2,676.4,933.7,292.7
2026-08-03 14:20:51,2026-08-03 14:05,696.3,712.9,-2.33,14851030,703.2,676.4,933.7,292.7
2026-08-03 14:25:42,2026-08-03 14:10,698.0,712.9,-2.09,14901850,703.2,676.4,933.7,292.7
2026-08-03 14:30:32,2026-08-03 14:15,696.8,712.9,-2.26,14917730,703.2,676.4,933.7,292.7
2026-08-03 14:35:40,2026-08-03 14:20,696.4,712.9,-2.31,15082220,703.2,676.4,933.7,292.7
2026-08-03 14:40:44,2026-08-03 14:25,697.5,712.9,-2.16,15178800,703.2,676.4,933.7,292.7
2026-08-03 14:45:36,2026-08-03 14:30,697.9,712.9,-2.1,15208640,703.2,676.4,933.7,292.7
2026-08-03 14:50:42,2026-08-03 14:35,698.3,712.9,-2.05,15371560,703.2,676.4,933.7,292.7
2026-08-03 14:55:31,2026-08-03 14:40,697.5,712.9,-2.16,15510160,703.2,676.4,933.7,292.7
2026-08-03 15:00:37,2026-08-03 14:45,697.8,712.9,-2.12,15629390,703.2,676.4,933.7,292.7
2026-08-03 15:05:31,2026-08-03 14:50,698.0,712.9,-2.09,15796030,703.2,676.4,933.7,292.7
2026-08-03 15:10:40,2026-08-03 14:55,696.4,712.9,-2.31,15861880,703.2,676.4,933.7,292.7
2026-08-03 15:15:49,2026-08-03 15:00,695.7,712.9,-2.41,15946020,703.2,676.4,933.7,292.7
2026-08-03 15:20:47,2026-08-03 15:05,697.8,712.9,-2.12,16017170,703.2,676.4,933.7,292.7
2026-08-03 15:25:44,2026-08-03 15:10,699.5,712.9,-1.88,16114580,703.2,676.4,933.7,292.7
2026-08-03 15:30:43,2026-08-03 15:15,697.7,712.9,-2.13,16261220,703.2,676.4,933.7,292.7
2026-08-03 15:40:50,2026-08-03 15:24,698.8,712.9,-1.98,16479880,703.2,676.4,933.7,292.7
2026-08-04 09:05:46,2026-08-03 15:30,697.8,712.9,-2.12,17035130,703.2,676.4,933.7,292.7
2026-08-04 09:10:32,2026-08-03 15:30,697.8,712.9,-2.12,17035130,703.2,676.4,933.7,292.7
2026-08-04 09:15:39,2026-08-04 09:00,697.8,712.9,-2.12,17601700,710.0,703.8,933.7,292.7
2026-08-04 09:20:38,2026-08-04 09:05,706.8,697.8,1.29,1202820,710.9,702.9,933.7,292.7
2026-08-04 09:25:41,2026-08-04 09:10,702.8,697.8,0.72,1930380,710.9,702.5,933.7,292.7
2026-08-04 09:30:33,2026-08-04 09:15,700.2,697.8,0.34,2432480,710.9,699.6,933.7,292.7
2026-08-04 09:35:45,2026-08-04 09:20,695.7,697.8,-0.3,2961900,710.9,695.1,933.7,292.7
2026-08-04 09:40:42,2026-08-04 09:25,695.3,697.8,-0.36,3247750,710.9,693.3,933.7,292.7
2026-08-04 09:45:41,2026-08-04 09:30,697.5,697.8,-0.04,3647160,710.9,693.3,933.7,292.7
2026-08-04 09:50:34,2026-08-04 09:35,689.7,697.8,-1.16,4087110,710.9,689.5,933.7,292.7
2026-08-04 09:55:53,2026-08-04 09:40,685.2,697.8,-1.81,4675450,710.9,683.9,933.7,292.7
2026-08-04 10:00:50,2026-08-04 09:45,686.1,697.8,-1.68,5235280,710.9,681.9,933.7,292.7
2026-08-04 10:05:41,2026-08-04 09:50,688.9,697.8,-1.28,5406490,710.9,681.9,933.7,292.7
2026-08-04 10:10:47,2026-08-04 09:55,688.1,697.8,-1.39,5721900,710.9,681.9,933.7,292.7
2026-08-04 10:15:46,2026-08-04 10:00,684.8,697.8,-1.86,5996400,710.9,681.9,933.7,292.7
2026-08-04 10:20:36,2026-08-04 10:05,685.1,697.8,-1.82,6326790,710.9,681.9,933.7,292.7
2026-08-04 10:25:32,2026-08-04 10:10,685.4,697.8,-1.78,6549730,710.9,681.9,933.7,292.7
2026-08-04 10:30:36,2026-08-04 10:15,688.0,697.8,-1.4,6760540,710.9,681.9,933.7,292.7
2026-08-04 10:35:41,2026-08-04 10:20,684.1,697.8,-1.96,7068710,710.9,681.5,933.7,292.7
2026-08-04 10:40:45,2026-08-04 10:25,681.1,697.8,-2.39,7262440,710.9,681.1,933.7,292.7
2026-08-04 10:45:43,2026-08-04 10:30,687.8,697.8,-1.43,7511000,710.9,680.4,933.7,292.7
2026-08-04 10:50:46,2026-08-04 10:35,690.6,697.8,-1.03,7782360,710.9,680.4,933.7,292.7
2026-08-04 11:10:56,2026-08-04 10:55,697.6,697.8,-0.03,8926290,710.9,680.4,933.7,292.7
2026-08-04 11:15:42,2026-08-04 11:00,696.0,697.8,-0.26,9125050,710.9,680.4,933.7,292.7
2026-08-04 11:20:38,2026-08-04 11:05,689.8,697.8,-1.15,9367340,710.9,680.4,933.7,292.7
2026-08-04 11:25:35,2026-08-04 11:10,691.8,697.8,-0.86,9481900,710.9,680.4,933.7,292.7
2026-08-04 11:30:34,2026-08-04 11:15,691.8,697.8,-0.86,9577470,710.9,680.4,933.7,292.7
2026-08-04 12:30:39,2026-08-04 11:30,691.0,697.8,-0.97,9773020,710.9,680.4,933.7,292.7
2026-08-04 12:35:39,2026-08-04 11:30,691.0,697.8,-0.97,9773020,710.9,680.4,933.7,292.7
2026-08-04 12:40:38,2026-08-04 11:30,691.0,697.8,-0.97,9773020,710.9,680.4,933.7,292.7
2026-08-04 12:45:39,2026-08-04 12:30,693.8,697.8,-0.57,9884210,710.9,680.4,933.7,292.7
2026-08-04 12:50:36,2026-08-04 12:35,694.5,697.8,-0.47,10007730,710.9,680.4,933.7,292.7
2026-08-04 12:55:40,2026-08-04 12:40,695.2,697.8,-0.37,10049890,710.9,680.4,933.7,292.7
2026-08-04 13:00:38,2026-08-04 12:45,690.0,697.8,-1.12,10253560,710.9,680.4,933.7,292.7
2026-08-04 13:05:44,2026-08-04 12:50,693.3,697.8,-0.64,10372250,710.9,680.4,933.7,292.7
2026-08-04 13:10:45,2026-08-04 12:55,693.7,697.8,-0.59,10528230,710.9,680.4,933.7,292.7
2026-08-04 13:15:49,2026-08-04 13:00,695.9,697.8,-0.27,10589770,710.9,680.4,933.7,292.7
2026-08-04 13:20:28,2026-08-04 13:05,692.4,697.8,-0.77,10671340,710.9,680.4,933.7,292.7
2026-08-04 13:25:35,2026-08-04 13:10,690.6,697.8,-1.03,10804800,710.9,680.4,933.7,292.7
2026-08-04 13:30:42,2026-08-04 13:15,693.1,697.8,-0.67,10885490,710.9,680.4,933.7,292.7
2026-08-04 13:35:44,2026-08-04 13:20,695.6,697.8,-0.32,11023830,710.9,680.4,933.7,292.7
2026-08-04 13:40:38,2026-08-04 13:25,695.0,697.8,-0.4,11063850,710.9,680.4,933.7,292.7
2026-08-04 13:45:46,2026-08-04 13:30,696.3,697.8,-0.21,11114930,710.9,680.4,933.7,292.7
2026-08-04 13:50:37,2026-08-04 13:35,694.5,697.8,-0.47,11245550,710.9,680.4,933.7,292.7
2026-08-04 13:55:32,2026-08-04 13:40,693.8,697.8,-0.57,11298040,710.9,680.4,933.7,292.7
2026-08-04 14:00:39,2026-08-04 13:45,694.3,697.8,-0.5,11331250,710.9,680.4,933.7,292.7
2026-08-04 14:05:39,2026-08-04 13:50,696.3,697.8,-0.21,11403990,710.9,680.4,933.7,292.7
2026-08-04 14:10:45,2026-08-04 13:55,697.4,697.8,-0.06,11605240,710.9,680.4,933.7,292.7
2026-08-04 14:15:43,2026-08-04 14:00,695.8,697.8,-0.29,11725140,710.9,680.4,933.7,292.7
2026-08-04 14:20:45,2026-08-04 14:05,694.2,697.8,-0.52,11845210,710.9,680.4,933.7,292.7
2026-08-04 14:25:44,2026-08-04 14:10,694.8,697.8,-0.43,11996780,710.9,680.4,933.7,292.7
2026-08-04 14:30:36,2026-08-04 14:15,692.7,697.8,-0.73,12114550,710.9,680.4,933.7,292.7
2026-08-04 14:35:39,2026-08-04 14:20,694.5,697.8,-0.47,12209030,710.9,680.4,933.7,292.7
2026-08-04 14:40:38,2026-08-04 14:25,695.7,697.8,-0.3,12248740,710.9,680.4,933.7,292.7
2026-08-04 14:45:33,2026-08-04 14:30,696.6,697.8,-0.17,12288330,710.9,680.4,933.7,292.7
2026-08-04 14:50:42,2026-08-04 14:35,698.1,697.8,0.04,12411290,710.9,680.4,933.7,292.7
2026-08-04 14:55:36,2026-08-04 14:40,699.5,697.8,0.24,12545780,710.9,680.4,933.7,292.7
2026-08-04 15:40:50,2026-08-04 15:25,704.2,697.8,0.92,13667590,710.9,680.4,933.7,292.7
2026-08-05 09:05:32,2026-08-04 15:30,704.0,697.8,0.89,13768460,710.9,680.4,933.7,302.1
2026-08-05 09:10:38,2026-08-04 15:30,704.0,697.8,0.89,13768460,710.9,680.4,933.7,302.1
2026-08-05 09:15:43,2026-08-04 15:30,704.0,697.8,0.89,13768460,710.9,680.4,933.7,302.1
2026-08-05 09:20:36,2026-08-04 15:30,704.0,697.8,0.89,13768460,710.9,680.4,933.7,302.1
2026-08-05 09:25:34,2026-08-05 09:10,741.1,704.0,5.27,1765050,744.1,739.1,933.7,302.1
2026-08-05 09:30:39,2026-08-05 09:15,742.8,704.0,5.51,2484530,744.1,739.1,933.7,302.1
2026-08-05 09:35:36,2026-08-05 09:20,744.1,704.0,5.7,3243170,746.2,739.1,933.7,302.1
2026-08-05 09:40:45,2026-08-05 09:25,750.3,704.0,6.58,4039770,750.6,739.1,933.7,302.1
2026-08-05 09:45:46,2026-08-05 09:30,752.0,704.0,6.82,4414820,752.5,739.1,933.7,302.1
2026-08-05 09:50:52,2026-08-05 09:35,749.5,704.0,6.46,4785000,752.5,739.1,933.7,302.1
2026-08-05 09:55:41,2026-08-05 09:40,747.9,704.0,6.24,5059300,752.5,739.1,933.7,302.1
2026-08-05 10:00:54,2026-08-05 09:45,745.8,704.0,5.94,5306730,752.5,739.1,933.7,302.1
2026-08-05 10:05:32,2026-08-05 09:50,744.2,704.0,5.71,5653170,752.5,739.1,933.7,302.1
2026-08-05 10:10:32,2026-08-05 09:55,745.7,704.0,5.92,5885620,752.5,739.1,933.7,302.1
2026-08-05 10:15:39,2026-08-05 10:00,746.6,704.0,6.05,6079550,752.5,739.1,933.7,302.1
2026-08-05 10:20:35,2026-08-05 10:05,747.4,704.0,6.16,6324570,752.5,739.1,933.7,302.1
2026-08-05 10:25:41,2026-08-05 10:10,748.6,704.0,6.34,6520230,752.5,739.1,933.7,302.1
2026-08-05 10:30:43,2026-08-05 10:15,743.8,704.0,5.65,6823460,752.5,739.1,933.7,302.1
2026-08-05 10:35:32,2026-08-05 10:20,743.7,704.0,5.64,7028970,752.5,739.1,933.7,302.1
2026-08-05 10:40:40,2026-08-05 10:25,743.0,704.0,5.54,7192270,752.5,739.1,933.7,302.1
2026-08-05 10:45:49,2026-08-05 10:30,745.1,704.0,5.84,7451280,752.5,739.1,933.7,302.1
2026-08-05 10:50:42,2026-08-05 10:35,746.8,704.0,6.08,7595550,752.5,739.1,933.7,302.1
2026-08-05 10:55:37,2026-08-05 10:40,747.8,704.0,6.22,7660070,752.5,739.1,933.7,302.1
2026-08-05 11:00:44,2026-08-05 10:45,748.3,704.0,6.29,7721520,752.5,739.1,933.7,302.1
2026-08-05 11:05:48,2026-08-05 10:50,748.5,704.0,6.32,7793140,752.5,739.1,933.7,302.1
2026-08-05 11:10:46,2026-08-05 10:55,747.5,704.0,6.18,7828110,752.5,739.1,933.7,302.1
2026-08-05 11:15:36,2026-08-05 11:00,750.0,704.0,6.53,8064960,752.5,739.1,933.7,302.1
2026-08-05 11:20:36,2026-08-05 11:05,751.2,704.0,6.7,8190940,752.5,739.1,933.7,302.1
2026-08-05 11:25:41,2026-08-05 11:10,749.7,704.0,6.49,8300360,752.5,739.1,933.7,302.1
2026-08-05 11:30:42,2026-08-05 11:15,749.1,704.0,6.41,8401760,752.5,739.1,933.7,302.1
2026-08-05 12:30:41,2026-08-05 11:30,746.2,704.0,5.99,8613030,752.5,739.1,933.7,302.1
2026-08-05 12:35:36,2026-08-05 11:30,746.2,704.0,5.99,8613030,752.5,739.1,933.7,302.1
2026-08-05 12:40:40,2026-08-05 11:30,746.2,704.0,5.99,8613030,752.5,739.1,933.7,302.1
2026-08-05 12:45:38,2026-08-05 12:30,744.3,704.0,5.72,8689710,752.5,739.1,933.7,302.1
2026-08-05 12:50:40,2026-08-05 12:35,745.3,704.0,5.87,8912000,752.5,739.1,933.7,302.1
2026-08-05 12:55:34,2026-08-05 12:40,746.6,704.0,6.05,9000750,752.5,739.1,933.7,302.1
2026-08-05 13:00:46,2026-08-05 12:45,748.1,704.0,6.26,9156750,752.5,739.1,933.7,302.1
2026-08-05 13:05:40,2026-08-05 12:50,748.7,704.0,6.35,9238860,752.5,739.1,933.7,302.1
2026-08-05 13:10:37,2026-08-05 12:55,747.9,704.0,6.24,9382280,752.5,739.1,933.7,302.1
2026-08-05 13:15:39,2026-08-05 13:00,749.9,704.0,6.52,9481850,752.5,739.1,933.7,302.1
2026-08-05 13:20:39,2026-08-05 13:05,750.5,704.0,6.61,9635050,752.5,739.1,933.7,302.1
2026-08-05 13:25:38,2026-08-05 13:10,749.9,704.0,6.52,9720710,752.5,739.1,933.7,302.1
2026-08-05 13:30:44,2026-08-05 13:15,748.5,704.0,6.32,9758800,752.5,739.1,933.7,302.1
2026-08-05 13:35:45,2026-08-05 13:20,748.8,704.0,6.36,9798210,752.5,739.1,933.7,302.1
2026-08-05 13:40:39,2026-08-05 13:25,747.6,704.0,6.19,9841300,752.5,739.1,933.7,302.1
2026-08-05 13:45:31,2026-08-05 13:30,748.5,704.0,6.32,9900440,752.5,739.1,933.7,302.1
2026-08-05 13:50:31,2026-08-05 13:35,751.2,704.0,6.7,10279110,752.5,739.1,933.7,302.1
2026-08-05 13:55:37,2026-08-05 13:40,751.7,704.0,6.78,10371740,752.5,739.1,933.7,302.1
2026-08-05 14:00:45,2026-08-05 13:45,751.5,704.0,6.75,10490700,752.5,739.1,933.7,302.1
2026-08-05 14:05:39,2026-08-05 13:50,750.5,704.0,6.61,10523090,752.5,739.1,933.7,302.1
2026-08-05 14:10:41,2026-08-05 13:55,751.8,704.0,6.79,10647030,752.5,739.1,933.7,302.1
2026-08-05 14:31:03,2026-08-05 14:15,753.3,704.0,7.0,11401460,753.3,739.1,933.7,302.1
2026-08-05 14:35:37,2026-08-05 14:20,752.7,704.0,6.92,11414900,753.4,739.1,933.7,302.1
2026-08-05 14:40:43,2026-08-05 14:25,753.6,704.0,7.05,11515940,753.7,739.1,933.7,302.1
2026-08-05 14:45:39,2026-08-05 14:30,753.0,704.0,6.96,11626230,754.1,739.1,933.7,302.1
2026-08-05 14:50:43,2026-08-05 14:35,753.4,704.0,7.02,11652240,754.1,739.1,933.7,302.1
2026-08-05 14:55:42,2026-08-05 14:40,753.2,704.0,6.99,11703910,754.1,739.1,933.7,302.1
2026-08-05 15:00:34,2026-08-05 14:45,754.1,704.0,7.12,11749640,754.5,739.1,933.7,302.1
2026-08-05 15:05:39,2026-08-05 14:50,754.4,704.0,7.16,11798750,754.5,739.1,933.7,302.1
2026-08-05 15:10:56,2026-08-05 14:55,753.6,704.0,7.05,11928120,754.8,739.1,933.7,302.1
2026-08-05 15:16:19,2026-08-05 15:01,754.1,704.0,7.12,12004990,754.8,739.1,933.7,302.1
2026-08-05 15:20:30,2026-08-05 15:05,754.4,704.0,7.16,12070610,754.9,739.1,933.7,302.1
2026-08-05 15:25:32,2026-08-05 15:10,754.8,704.0,7.22,12098790,754.9,739.1,933.7,302.1
2026-08-05 15:30:50,2026-08-05 15:15,754.1,704.0,7.12,12321440,755.1,739.1,933.7,302.1
2026-08-05 15:40:41,2026-08-05 15:24,754.7,704.0,7.2,12499110,755.1,739.1,933.7,302.1
2026-08-06 09:05:44,2026-08-05 15:30,754.9,704.0,7.23,12617530,755.1,739.1,933.7,302.1
2026-08-06 09:10:34,2026-08-05 15:30,754.9,704.0,7.23,12617530,755.1,739.1,933.7,302.1
2026-08-06 09:15:36,2026-08-05 15:30,754.9,704.0,7.23,12617530,755.1,739.1,933.7,302.1
2026-08-06 09:20:37,2026-08-06 09:05,739.5,754.9,-2.04,1548960,742.0,736.8,933.7,302.1
2026-08-06 09:25:37,2026-08-06 09:10,735.9,754.9,-2.52,2225210,742.0,735.0,933.7,302.1
2026-08-06 09:30:40,2026-08-06 09:15,739.6,754.9,-2.03,2554830,742.0,735.0,933.7,302.1
2026-08-06 09:35:46,2026-08-06 09:20,733.5,754.9,-2.83,2967650,742.0,733.1,933.7,302.1
2026-08-06 09:46:09,2026-08-06 09:31,732.5,754.9,-2.97,3583140,742.0,730.5,933.7,302.1
2026-08-06 09:46:46,2026-08-06 09:31,731.4,754.9,-3.11,3598190,742.0,730.5,933.7,302.1
2026-08-06 09:50:31,2026-08-06 09:35,733.6,754.9,-2.82,3838320,742.0,730.5,933.7,302.1
2026-08-06 09:55:43,2026-08-06 09:40,737.1,754.9,-2.36,4100380,742.0,730.5,933.7,302.1
2026-08-06 10:00:45,2026-08-06 09:45,733.8,754.9,-2.8,4330820,742.0,730.5,933.7,302.1
2026-08-06 10:05:47,2026-08-06 09:50,731.8,754.9,-3.06,4543280,742.0,730.5,933.7,302.1
2026-08-06 10:10:42,2026-08-06 09:55,730.5,754.9,-3.23,4958980,742.0,729.8,933.7,302.1
2026-08-06 10:15:43,2026-08-06 10:00,728.7,754.9,-3.47,5264700,742.0,728.5,933.7,302.1
2026-08-06 10:20:47,2026-08-06 10:05,729.6,754.9,-3.35,5501060,742.0,728.1,933.7,302.1
2026-08-06 10:25:41,2026-08-06 10:10,730.5,754.9,-3.23,5630530,742.0,728.1,933.7,302.1
2026-08-06 10:30:42,2026-08-06 10:15,728.7,754.9,-3.47,5961310,742.0,728.1,933.7,302.1
2026-08-06 10:35:38,2026-08-06 10:20,727.4,754.9,-3.64,6227910,742.0,727.4,933.7,302.1
2026-08-06 10:40:36,2026-08-06 10:25,726.6,754.9,-3.75,6356960,742.0,726.2,933.7,302.1
2026-08-06 10:45:38,2026-08-06 10:30,725.7,754.9,-3.87,6654600,742.0,724.7,933.7,302.1
2026-08-06 10:50:49,2026-08-06 10:35,725.7,754.9,-3.87,6814080,742.0,724.7,933.7,302.1
2026-08-06 10:55:32,2026-08-06 10:40,725.2,754.9,-3.93,6913900,742.0,724.7,933.7,302.1
2026-08-06 11:00:43,2026-08-06 10:45,725.0,754.9,-3.96,7165830,742.0,724.5,933.7,302.1
2026-08-06 11:05:36,2026-08-06 10:50,726.8,754.9,-3.72,7267870,742.0,724.5,933.7,302.1
2026-08-06 11:10:48,2026-08-06 10:55,726.1,754.9,-3.82,7362200,742.0,724.5,933.7,302.1
2026-08-06 11:15:43,2026-08-06 11:00,726.9,754.9,-3.71,7501880,742.0,724.5,933.7,302.1
2026-08-06 11:20:42,2026-08-06 11:05,728.1,754.9,-3.55,7587990,742.0,724.5,933.7,302.1
2026-08-06 11:25:35,2026-08-06 11:10,729.8,754.9,-3.32,7662910,742.0,724.5,933.7,302.1
2026-08-06 11:30:52,2026-08-06 11:11,729.8,754.9,-3.32,7671900,742.0,724.5,933.7,302.1
2026-08-06 12:30:38,2026-08-06 11:30,732.4,754.9,-2.98,8486660,742.0,724.5,933.7,302.1
2026-08-06 12:35:36,2026-08-06 11:30,732.4,754.9,-2.98,8486660,742.0,724.5,933.7,302.1
2026-08-06 12:40:52,2026-08-06 11:30,732.4,754.9,-2.98,8486660,742.0,724.5,933.7,302.1
2026-08-06 12:45:38,2026-08-06 12:30,736.8,754.9,-2.4,8752250,742.0,724.5,933.7,302.1
2026-08-06 12:50:50,2026-08-06 12:35,736.3,754.9,-2.46,8924670,742.0,724.5,933.7,302.1
2026-08-06 12:55:38,2026-08-06 12:40,739.0,754.9,-2.11,9242780,742.0,724.5,933.7,302.1
2026-08-06 13:00:37,2026-08-06 12:45,739.0,754.9,-2.11,9369460,742.0,724.5,933.7,302.1
2026-08-06 13:05:34,2026-08-06 12:50,738.4,754.9,-2.19,9464480,742.0,724.5,933.7,302.1
2026-08-06 13:10:42,2026-08-06 12:55,737.5,754.9,-2.3,9605240,742.0,724.5,933.7,302.1
2026-08-06 13:15:32,2026-08-06 13:00,736.7,754.9,-2.41,9748600,742.0,724.5,933.7,302.1
2026-08-06 13:20:46,2026-08-06 13:05,737.2,754.9,-2.34,9817260,742.0,724.5,933.7,302.1
2026-08-06 13:25:32,2026-08-06 13:10,738.1,754.9,-2.23,9866510,742.0,724.5,933.7,302.1
2026-08-06 13:30:47,2026-08-06 13:15,739.0,754.9,-2.11,9942120,742.0,724.5,933.7,302.1
2026-08-06 13:35:40,2026-08-06 13:20,738.5,754.9,-2.17,10029910,742.0,724.5,933.7,302.1
2026-08-06 13:40:42,2026-08-06 13:25,740.4,754.9,-1.92,10151480,742.0,724.5,933.7,302.1
2026-08-06 13:45:39,2026-08-06 13:30,740.4,754.9,-1.92,10187230,742.0,724.5,933.7,302.1
2026-08-06 13:50:38,2026-08-06 13:35,739.3,754.9,-2.07,10335040,742.0,724.5,933.7,302.1
2026-08-06 13:55:45,2026-08-06 13:40,737.9,754.9,-2.25,10350400,742.0,724.5,933.7,302.1
2026-08-06 14:00:33,2026-08-06 13:45,738.0,754.9,-2.24,10380120,742.0,724.5,933.7,302.1
2026-08-06 14:05:42,2026-08-06 13:50,738.3,754.9,-2.2,10456240,742.0,724.5,933.7,302.1
2026-08-06 14:10:37,2026-08-06 13:55,739.3,754.9,-2.07,10503680,742.0,724.5,933.7,302.1
2026-08-06 14:15:35,2026-08-06 14:00,741.5,754.9,-1.78,10584340,742.0,724.5,933.7,302.1
2026-08-06 14:20:39,2026-08-06 14:05,744.4,754.9,-1.39,10746390,744.5,724.5,933.7,302.1
2026-08-06 14:25:40,2026-08-06 14:10,742.0,754.9,-1.71,10908270,745.0,724.5,933.7,302.1
2026-08-06 14:30:38,2026-08-06 14:15,742.8,754.9,-1.6,11047740,745.0,724.5,933.7,302.1
2026-08-06 14:35:30,2026-08-06 14:20,742.7,754.9,-1.62,11172230,745.0,724.5,933.7,302.1
2026-08-06 14:40:32,2026-08-06 14:25,743.3,754.9,-1.54,11253570,745.0,724.5,933.7,302.1
2026-08-06 14:45:37,2026-08-06 14:30,742.5,754.9,-1.64,11367800,745.0,724.5,933.7,302.1
2026-08-06 14:50:38,2026-08-06 14:35,741.0,754.9,-1.84,11496950,745.0,724.5,933.7,302.1
2026-08-06 14:55:39,2026-08-06 14:40,739.7,754.9,-2.01,11692920,745.0,724.5,933.7,302.1
2026-08-06 15:00:39,2026-08-06 14:45,742.5,754.9,-1.64,11776270,745.0,724.5,933.7,302.1
2026-08-06 15:05:37,2026-08-06 14:50,739.4,754.9,-2.05,11856280,745.0,724.5,933.7,302.1
2026-08-06 15:10:50,2026-08-06 14:55,740.9,754.9,-1.85,11925330,745.0,724.5,933.7,302.1
2026-08-06 15:15:42,2026-08-06 15:00,740.4,754.9,-1.92,12050470,745.0,724.5,933.7,302.1
2026-08-06 15:20:45,2026-08-06 15:05,740.8,754.9,-1.87,12128580,745.0,724.5,933.7,302.1
2026-08-06 15:25:32,2026-08-06 15:10,741.0,754.9,-1.84,12277960,745.0,724.5,933.7,302.1
2026-08-06 15:40:50,2026-08-06 15:24,739.8,754.9,-2.0,12530190,745.0,724.5,933.7,302.1
2026-08-07 09:05:52,2026-08-06 15:30,740.5,754.9,-1.91,12650330,745.0,724.5,933.7,305.3
2026-08-07 09:10:39,2026-08-06 15:30,740.5,754.9,-1.91,12650330,745.0,724.5,933.7,305.3
2026-08-07 09:15:44,2026-08-07 09:00,740.5,754.9,-1.91,12912450,744.4,740.3,933.7,305.3
2026-08-07 09:20:43,2026-08-07 09:05,741.5,740.5,0.14,659070,746.6,740.3,933.7,305.3
2026-08-07 09:25:40,2026-08-07 09:10,737.3,740.5,-0.43,823680,746.6,736.6,933.7,305.3
2026-08-07 09:30:36,2026-08-07 09:15,730.4,740.5,-1.36,1245310,746.6,730.3,933.7,305.3
2026-08-07 09:35:37,2026-08-07 09:20,732.0,740.5,-1.15,1834020,746.6,728.4,933.7,305.3
2026-08-07 09:40:43,2026-08-07 09:25,731.9,740.5,-1.16,2268840,746.6,728.4,933.7,305.3
2026-08-07 09:45:47,2026-08-07 09:30,732.7,740.5,-1.05,2607520,746.6,728.4,933.7,305.3
2026-08-07 09:50:40,2026-08-07 09:35,736.4,740.5,-0.55,2888570,746.6,728.4,933.7,305.3
2026-08-07 09:56:12,2026-08-07 09:41,732.0,740.5,-1.15,3148960,746.6,728.4,933.7,305.3
2026-08-07 10:00:33,2026-08-07 09:45,733.3,740.5,-0.97,3254410,746.6,728.4,933.7,305.3
2026-08-07 10:05:35,2026-08-07 09:50,727.9,740.5,-1.7,3807490,746.6,727.9,933.7,305.3
2026-08-07 10:10:48,2026-08-07 09:55,729.4,740.5,-1.5,4062180,746.6,727.8,933.7,305.3
2026-08-07 10:15:35,2026-08-07 10:00,730.3,740.5,-1.38,4154600,746.6,727.8,933.7,305.3
2026-08-07 10:20:33,2026-08-07 10:05,729.9,740.5,-1.43,4495180,746.6,727.8,933.7,305.3
2026-08-07 10:25:41,2026-08-07 10:10,727.1,740.5,-1.81,4821110,746.6,727.0,933.7,305.3
2026-08-07 10:30:41,2026-08-07 10:15,725.5,740.5,-2.03,5143690,746.6,725.2,933.7,305.3
2026-08-07 10:35:38,2026-08-07 10:20,723.8,740.5,-2.26,5572200,746.6,723.4,933.7,305.3
2026-08-07 10:40:39,2026-08-07 10:25,722.9,740.5,-2.38,5865300,746.6,721.5,933.7,305.3
2026-08-07 10:45:37,2026-08-07 10:30,726.5,740.5,-1.89,6174220,746.6,721.5,933.7,305.3
2026-08-07 10:50:45,2026-08-07 10:35,723.4,740.5,-2.31,6399650,746.6,721.5,933.7,305.3
2026-08-07 10:55:39,2026-08-07 10:40,719.2,740.5,-2.88,6972480,746.6,719.2,933.7,305.3
2026-08-07 11:00:53,2026-08-07 10:45,721.3,740.5,-2.59,7193800,746.6,718.2,933.7,305.3
2026-08-07 11:05:39,2026-08-07 10:50,721.3,740.5,-2.59,7389770,746.6,718.2,933.7,305.3
2026-08-07 11:10:38,2026-08-07 10:55,723.6,740.5,-2.28,7536950,746.6,718.2,933.7,305.3
2026-08-07 11:15:33,2026-08-07 11:00,723.0,740.5,-2.36,7590100,746.6,718.2,933.7,305.3
2026-08-07 11:20:47,2026-08-07 11:05,725.6,740.5,-2.01,7784100,746.6,718.2,933.7,305.3
2026-08-07 11:25:46,2026-08-07 11:10,723.2,740.5,-2.34,7958220,746.6,718.2,933.7,305.3
2026-08-07 11:30:36,2026-08-07 11:15,726.9,740.5,-1.84,8062250,746.6,718.2,933.7,305.3
2026-08-07 12:30:36,2026-08-07 11:30,726.5,740.5,-1.89,8410540,746.6,718.2,933.7,305.3
2026-08-07 12:35:39,2026-08-07 11:30,726.5,740.5,-1.89,8410540,746.6,718.2,933.7,305.3
2026-08-07 12:40:59,2026-08-07 11:30,726.5,740.5,-1.89,8410540,746.6,718.2,933.7,305.3
2026-08-07 12:45:38,2026-08-07 12:30,729.5,740.5,-1.49,8500700,746.6,718.2,933.7,305.3
2026-08-07 12:50:35,2026-08-07 12:35,729.4,740.5,-1.5,8760980,746.6,718.2,933.7,305.3
2026-08-07 12:55:37,2026-08-07 12:40,731.1,740.5,-1.27,8913020,746.6,718.2,933.7,305.3
2026-08-07 13:00:33,2026-08-07 12:45,729.0,740.5,-1.55,9147710,746.6,718.2,933.7,305.3
2026-08-07 13:05:33,2026-08-07 12:50,729.8,740.5,-1.44,9228250,746.6,718.2,933.7,305.3
2026-08-07 13:10:31,2026-08-07 12:55,728.0,740.5,-1.69,9340480,746.6,718.2,933.7,305.3
2026-08-07 13:15:34,2026-08-07 13:00,726.4,740.5,-1.9,9433110,746.6,718.2,933.7,305.3
2026-08-07 13:20:38,2026-08-07 13:05,728.6,740.5,-1.61,9541580,746.6,718.2,933.7,305.3
2026-08-07 13:25:42,2026-08-07 13:10,730.0,740.5,-1.42,9618220,746.6,718.2,933.7,305.3
2026-08-07 13:30:48,2026-08-07 13:15,729.4,740.5,-1.5,9693910,746.6,718.2,933.7,305.3
2026-08-07 13:35:48,2026-08-07 13:20,731.7,740.5,-1.19,9790610,746.6,718.2,933.7,305.3
2026-08-07 13:40:38,2026-08-07 13:25,733.1,740.5,-1.0,9940380,746.6,718.2,933.7,305.3
2026-08-07 13:45:39,2026-08-07 13:30,733.0,740.5,-1.01,9995590,746.6,718.2,933.7,305.3
2026-08-07 13:50:40,2026-08-07 13:35,733.2,740.5,-0.99,10024110,746.6,718.2,933.7,305.3
2026-08-07 13:55:36,2026-08-07 13:40,733.0,740.5,-1.01,10037450,746.6,718.2,933.7,305.3
2026-08-07 14:00:40,2026-08-07 13:45,732.0,740.5,-1.15,10195450,746.6,718.2,933.7,305.3
2026-08-07 14:05:48,2026-08-07 13:50,731.7,740.5,-1.19,10511760,746.6,718.2,933.7,305.3
2026-08-07 14:10:42,2026-08-07 13:55,731.5,740.5,-1.22,10729000,746.6,718.2,933.7,305.3
2026-08-07 14:15:41,2026-08-07 14:00,733.6,740.5,-0.93,10879950,746.6,718.2,933.7,305.3
2026-08-07 14:20:36,2026-08-07 14:05,735.5,740.5,-0.68,11224400,746.6,718.2,933.7,305.3
2026-08-07 14:25:42,2026-08-07 14:10,734.0,740.5,-0.88,11368380,746.6,718.2,933.7,305.3
2026-08-07 14:30:39,2026-08-07 14:15,735.9,740.5,-0.62,11431950,746.6,718.2,933.7,305.3
2026-08-07 14:35:30,2026-08-07 14:20,738.9,740.5,-0.22,11573840,746.6,718.2,933.7,305.3
2026-08-07 14:40:33,2026-08-07 14:25,739.8,740.5,-0.09,11619790,746.6,718.2,933.7,305.3
2026-08-07 14:45:38,2026-08-07 14:30,740.4,740.5,-0.01,11776910,746.6,718.2,933.7,305.3
2026-08-07 14:50:39,2026-08-07 14:35,737.0,740.5,-0.47,11835300,746.6,718.2,933.7,305.3
2026-08-07 14:55:34,2026-08-07 14:40,735.0,740.5,-0.74,11980460,746.6,718.2,933.7,305.3
2026-08-07 15:00:34,2026-08-07 14:45,735.9,740.5,-0.62,12161650,746.6,718.2,933.7,305.3
2026-08-07 15:05:43,2026-08-07 14:50,736.6,740.5,-0.53,12216650,746.6,718.2,933.7,305.3
2026-08-07 15:10:40,2026-08-07 14:55,737.0,740.5,-0.47,12306660,746.6,718.2,933.7,305.3
2026-08-07 15:15:41,2026-08-07 15:00,737.0,740.5,-0.47,12347570,746.6,718.2,933.7,305.3
2026-08-07 15:20:41,2026-08-07 15:05,737.9,740.5,-0.35,12392080,746.6,718.2,933.7,305.3
2026-08-07 15:25:48,2026-08-07 15:10,739.2,740.5,-0.18,12517120,746.6,718.2,933.7,305.3
2026-08-07 15:30:46,2026-08-07 15:15,740.0,740.5,-0.07,12645360,746.6,718.2,933.7,305.3
2026-08-07 15:40:44,2026-08-07 15:24,740.6,740.5,0.01,12931530,746.6,718.2,933.7,305.3
2026-08-10 09:05:40,2026-08-07 15:30,740.2,740.5,-0.04,13041280,746.6,718.2,933.7,322.6
2026-08-10 09:10:48,2026-08-07 15:30,740.2,740.5,-0.04,13041280,746.6,718.2,933.7,322.6
2026-08-10 09:15:41,2026-08-10 09:00,751.4,740.5,1.47,13463410,752.2,750.4,933.7,322.6
2026-08-10 09:20:34,2026-08-10 09:05,750.0,740.2,1.32,1227760,754.2,748.9,933.7,322.6
2026-08-10 09:25:35,2026-08-10 09:10,760.0,740.2,2.67,2912850,761.2,748.9,933.7,322.6
2026-08-10 09:30:42,2026-08-10 09:15,756.1,740.2,2.15,3590320,762.0,748.9,933.7,322.6
2026-08-10 09:35:32,2026-08-10 09:20,758.9,740.2,2.53,3808190,762.0,748.9,933.7,322.6
2026-08-10 09:40:43,2026-08-10 09:25,761.7,740.2,2.9,4496160,762.8,748.9,933.7,322.6
2026-08-10 09:45:40,2026-08-10 09:30,760.5,740.2,2.74,4936310,764.0,748.9,933.7,322.6
2026-08-10 09:50:36,2026-08-10 09:35,762.8,740.2,3.05,5262700,764.0,748.9,933.7,322.6
2026-08-10 09:55:41,2026-08-10 09:40,760.8,740.2,2.78,5438340,764.0,748.9,933.7,322.6
2026-08-10 10:00:36,2026-08-10 09:45,759.6,740.2,2.62,5650940,764.0,748.9,933.7,322.6
2026-08-10 10:05:42,2026-08-10 09:50,760.6,740.2,2.76,5762800,764.0,748.9,933.7,322.6
2026-08-10 10:10:37,2026-08-10 09:55,758.4,740.2,2.46,5847930,764.0,748.9,933.7,322.6
2026-08-10 10:15:41,2026-08-10 10:00,756.6,740.2,2.22,6029670,764.0,748.9,933.7,322.6
2026-08-10 10:20:37,2026-08-10 10:05,761.8,740.2,2.92,6196670,764.0,748.9,933.7,322.6
2026-08-10 10:25:58,2026-08-10 10:10,763.0,740.2,3.08,6348080,764.0,748.9,933.7,322.6
2026-08-10 10:30:29,2026-08-10 10:15,765.6,740.2,3.43,6785780,767.0,748.9,933.7,322.6
2026-08-10 10:35:39,2026-08-10 10:20,767.8,740.2,3.73,6910010,768.8,748.9,933.7,322.6
2026-08-10 10:40:34,2026-08-10 10:25,768.7,740.2,3.85,7045480,769.6,748.9,933.7,322.6
2026-08-10 10:45:38,2026-08-10 10:30,766.5,740.2,3.55,7142070,769.6,748.9,933.7,322.6
2026-08-10 10:50:48,2026-08-10 10:35,767.4,740.2,3.67,7283060,769.6,748.9,933.7,322.6
2026-08-10 10:55:39,2026-08-10 10:40,767.6,740.2,3.7,7404820,769.9,748.9,933.7,322.6
2026-08-10 11:00:34,2026-08-10 10:45,767.8,740.2,3.73,7463630,769.9,748.9,933.7,322.6
2026-08-10 11:05:37,2026-08-10 10:50,770.3,740.2,4.07,7792200,770.8,748.9,933.7,322.6
2026-08-10 11:10:35,2026-08-10 10:55,769.4,740.2,3.94,7885160,771.3,748.9,933.7,322.6
2026-08-10 11:15:41,2026-08-10 11:00,769.5,740.2,3.96,7953140,771.3,748.9,933.7,322.6
2026-08-10 11:20:38,2026-08-10 11:05,769.5,740.2,3.96,7991080,771.3,748.9,933.7,322.6
2026-08-10 11:25:36,2026-08-10 11:10,770.0,740.2,4.03,8065290,771.3,748.9,933.7,322.6
2026-08-10 11:30:42,2026-08-10 11:15,769.8,740.2,4.0,8141280,771.3,748.9,933.7,322.6
2026-08-10 12:30:38,2026-08-10 11:30,769.3,740.2,3.93,8583960,771.3,748.9,933.7,322.6
2026-08-10 12:35:40,2026-08-10 11:30,769.3,740.2,3.93,8583960,771.3,748.9,933.7,322.6
2026-08-10 12:40:38,2026-08-10 11:30,769.3,740.2,3.93,8583960,771.3,748.9,933.7,322.6
2026-08-10 12:45:35,2026-08-10 12:30,768.3,740.2,3.8,8727540,771.3,748.9,933.7,322.6
2026-08-10 12:50:42,2026-08-10 12:35,768.1,740.2,3.77,8890370,771.3,748.9,933.7,322.6
2026-08-10 12:55:39,2026-08-10 12:40,769.5,740.2,3.96,8953550,771.3,748.9,933.7,322.6
2026-08-10 13:00:34,2026-08-10 12:45,769.5,740.2,3.96,8988270,771.3,748.9,933.7,322.6
2026-08-10 13:05:36,2026-08-10 12:50,767.4,740.2,3.67,9112090,771.3,748.9,933.7,322.6
2026-08-10 13:10:32,2026-08-10 12:55,766.8,740.2,3.59,9186300,771.3,748.9,933.7,322.6
2026-08-10 13:15:38,2026-08-10 13:00,768.6,740.2,3.84,9252710,771.3,748.9,933.7,322.6
2026-08-10 13:20:36,2026-08-10 13:05,768.2,740.2,3.78,9317100,771.3,748.9,933.7,322.6
2026-08-10 13:25:34,2026-08-10 13:10,768.9,740.2,3.88,9443440,771.3,748.9,933.7,322.6
2026-08-10 13:30:39,2026-08-10 13:15,767.5,740.2,3.69,9515580,771.3,748.9,933.7,322.6
2026-08-10 13:35:33,2026-08-10 13:20,769.0,740.2,3.89,9569820,771.3,748.9,933.7,322.6
2026-08-10 13:40:39,2026-08-10 13:25,769.2,740.2,3.92,9630860,771.3,748.9,933.7,322.6
2026-08-10 13:45:36,2026-08-10 13:30,769.4,740.2,3.94,9659540,771.3,748.9,933.7,322.6
2026-08-10 13:50:36,2026-08-10 13:35,766.7,740.2,3.58,9771100,771.3,748.9,933.7,322.6
2026-08-10 13:55:41,2026-08-10 13:40,765.0,740.2,3.35,9964240,771.3,748.9,933.7,322.6
2026-08-10 14:00:41,2026-08-10 13:45,767.6,740.2,3.7,10071920,771.3,748.9,933.7,322.6
2026-08-10 14:05:41,2026-08-10 13:50,767.0,740.2,3.62,10121980,771.3,748.9,933.7,322.6
2026-08-10 14:10:48,2026-08-10 13:55,766.0,740.2,3.49,10183300,771.3,748.9,933.7,322.6
2026-08-10 14:15:46,2026-08-10 14:00,766.6,740.2,3.57,10239240,771.3,748.9,933.7,322.6
2026-08-10 14:20:38,2026-08-10 14:05,768.4,740.2,3.81,10318130,771.3,748.9,933.7,322.6
2026-08-10 14:25:37,2026-08-10 14:10,769.0,740.2,3.89,10371340,771.3,748.9,933.7,322.6
2026-08-10 14:30:44,2026-08-10 14:15,770.0,740.2,4.03,10652550,771.3,748.9,933.7,322.6
2026-08-10 14:35:38,2026-08-10 14:20,770.3,740.2,4.07,10799190,771.3,748.9,933.7,322.6
2026-08-10 14:40:41,2026-08-10 14:25,770.0,740.2,4.03,10821280,771.3,748.9,933.7,322.6
2026-08-10 14:45:40,2026-08-10 14:30,770.2,740.2,4.05,10847190,771.3,748.9,933.7,322.6
2026-08-10 14:50:39,2026-08-10 14:35,769.9,740.2,4.01,10901880,771.3,748.9,933.7,322.6
2026-08-10 14:55:41,2026-08-10 14:40,770.0,740.2,4.03,11009150,771.3,748.9,933.7,322.6
2026-08-10 15:00:53,2026-08-10 14:45,770.2,740.2,4.05,11040880,771.3,748.9,933.7,322.6
2026-08-10 15:05:45,2026-08-10 14:50,768.6,740.2,3.84,11092120,771.3,748.9,933.7,322.6
2026-08-10 15:10:45,2026-08-10 14:55,769.2,740.2,3.92,11117990,771.3,748.9,933.7,322.6
2026-08-10 15:15:36,2026-08-10 15:00,768.3,740.2,3.8,11169690,771.3,748.9,933.7,322.6
2026-08-10 15:20:34,2026-08-10 15:05,768.0,740.2,3.76,11211000,771.3,748.9,933.7,322.6
2026-08-10 15:25:37,2026-08-10 15:10,768.4,740.2,3.81,11287330,771.3,748.9,933.7,322.6
2026-08-10 15:30:44,2026-08-10 15:15,768.4,740.2,3.81,11310310,771.3,748.9,933.7,322.6
2026-08-10 15:40:39,2026-08-10 15:24,770.2,740.2,4.05,11670000,771.3,748.9,933.7,322.6
2026-08-12 09:05:33,2026-08-10 15:30,771.2,740.2,4.19,11826530,771.3,748.9,933.7,322.6
2026-08-12 09:10:47,2026-08-10 15:30,771.2,740.2,4.19,11826530,771.3,748.9,933.7,322.6
2026-08-12 09:15:42,2026-08-12 09:00,771.2,740.2,4.19,12255900,774.8,769.5,933.7,322.6
2026-08-12 09:20:45,2026-08-12 09:05,771.0,771.2,-0.03,895550,774.8,765.0,933.7,322.6
2026-08-12 09:25:40,2026-08-12 09:10,767.7,771.2,-0.45,1556290,774.8,765.0,933.7,322.6
2026-08-12 09:30:47,2026-08-12 09:15,768.0,771.2,-0.41,1914960,774.8,765.0,933.7,322.6
2026-08-12 09:35:44,2026-08-12 09:20,768.8,771.2,-0.31,2255080,774.8,765.0,933.7,322.6
2026-08-12 09:40:41,2026-08-12 09:25,768.1,771.2,-0.4,2638670,774.8,765.0,933.7,322.6
2026-08-12 09:45:38,2026-08-12 09:30,769.2,771.2,-0.26,2899320,774.8,765.0,933.7,322.6
2026-08-12 09:50:33,2026-08-12 09:35,769.9,771.2,-0.17,2966090,774.8,765.0,933.7,322.6
2026-08-12 09:55:34,2026-08-12 09:40,769.2,771.2,-0.26,3161250,774.8,765.0,933.7,322.6
2026-08-12 10:00:35,2026-08-12 09:45,770.6,771.2,-0.08,3268180,774.8,765.0,933.7,322.6
2026-08-12 10:05:38,2026-08-12 09:50,771.9,771.2,0.09,3377820,774.8,765.0,933.7,322.6
2026-08-12 10:10:34,2026-08-12 09:55,770.5,771.2,-0.09,3523360,774.8,765.0,933.7,322.6
2026-08-12 10:15:49,2026-08-12 10:00,769.5,771.2,-0.22,3619180,774.8,765.0,933.7,322.6
2026-08-12 10:20:35,2026-08-12 10:05,769.2,771.2,-0.26,3745260,774.8,765.0,933.7,322.6
2026-08-12 10:25:33,2026-08-12 10:10,768.7,771.2,-0.32,4089020,774.8,765.0,933.7,322.6
2026-08-12 10:30:44,2026-08-12 10:15,768.9,771.2,-0.3,4217240,774.8,765.0,933.7,322.6
2026-08-12 10:35:36,2026-08-12 10:20,768.4,771.2,-0.36,4327480,774.8,765.0,933.7,322.6
2026-08-12 10:40:43,2026-08-12 10:25,767.9,771.2,-0.43,4385120,774.8,765.0,933.7,322.6
2026-08-12 10:45:32,2026-08-12 10:30,768.4,771.2,-0.36,4567440,774.8,765.0,933.7,322.6
2026-08-12 10:50:59,2026-08-12 10:35,768.2,771.2,-0.39,4603180,774.8,765.0,933.7,322.6
2026-08-12 10:55:33,2026-08-12 10:40,770.7,771.2,-0.06,4679190,774.8,765.0,933.7,322.6
2026-08-12 11:00:33,2026-08-12 10:45,773.2,771.2,0.26,5027170,774.8,765.0,933.7,322.6
2026-08-12 11:05:38,2026-08-12 10:50,772.4,771.2,0.16,5160610,774.8,765.0,933.7,322.6
2026-08-12 11:10:30,2026-08-12 10:55,771.3,771.2,0.01,5299520,774.8,765.0,933.7,322.6
2026-08-12 11:15:42,2026-08-12 11:00,772.5,771.2,0.17,5364860,774.8,765.0,933.7,322.6
2026-08-12 11:20:35,2026-08-12 11:05,770.0,771.2,-0.16,5469070,774.8,765.0,933.7,322.6
2026-08-12 11:25:56,2026-08-12 11:10,770.7,771.2,-0.06,5518740,774.8,765.0,933.7,322.6
2026-08-12 11:30:33,2026-08-12 11:15,771.5,771.2,0.04,5550710,774.8,765.0,933.7,322.6
2026-08-12 12:30:30,2026-08-12 11:30,771.8,771.2,0.08,5735630,774.8,765.0,933.7,322.6
2026-08-12 12:35:30,2026-08-12 11:30,771.8,771.2,0.08,5735630,774.8,765.0,933.7,322.6
2026-08-12 12:40:37,2026-08-12 11:30,771.8,771.2,0.08,5735630,774.8,765.0,933.7,322.6
2026-08-12 12:46:02,2026-08-12 12:30,777.0,771.2,0.75,6298000,777.4,765.0,933.7,322.6
2026-08-12 12:50:33,2026-08-12 12:35,778.4,771.2,0.93,6474880,778.6,765.0,933.7,322.6
2026-08-12 12:55:39,2026-08-12 12:40,776.4,771.2,0.67,6625400,779.4,765.0,933.7,322.6
2026-08-12 13:00:32,2026-08-12 12:45,776.4,771.2,0.67,6708140,779.4,765.0,933.7,322.6
2026-08-12 13:05:34,2026-08-12 12:50,777.8,771.2,0.86,6848400,779.4,765.0,933.7,322.6
2026-08-12 13:10:38,2026-08-12 12:55,777.4,771.2,0.8,7062370,779.4,765.0,933.7,322.6
2026-08-12 13:15:39,2026-08-12 13:00,777.9,771.2,0.87,7181470,779.4,765.0,933.7,322.6
2026-08-12 13:20:31,2026-08-12 13:05,778.7,771.2,0.97,7252520,779.4,765.0,933.7,322.6
2026-08-12 13:25:54,2026-08-12 13:10,778.8,771.2,0.99,7341450,779.4,765.0,933.7,322.6
2026-08-12 13:30:37,2026-08-12 13:15,779.6,771.2,1.09,7514700,779.8,765.0,933.7,322.6
2026-08-12 13:35:34,2026-08-12 13:20,780.1,771.2,1.15,7708760,780.5,765.0,933.7,322.6
2026-08-12 13:41:13,2026-08-12 13:26,780.5,771.2,1.21,7764170,780.8,765.0,933.7,322.6
2026-08-12 13:45:37,2026-08-12 13:30,780.3,771.2,1.18,8045150,780.8,765.0,933.7,322.6
2026-08-12 13:50:48,2026-08-12 13:35,779.8,771.2,1.12,8218370,780.8,765.0,933.7,322.6
2026-08-12 13:55:41,2026-08-12 13:40,778.5,771.2,0.95,8310070,780.8,765.0,933.7,322.6
2026-08-12 14:00:33,2026-08-12 13:45,778.7,771.2,0.97,8363150,780.8,765.0,933.7,322.6
2026-08-12 14:05:40,2026-08-12 13:50,780.9,771.2,1.26,8487570,780.9,765.0,933.7,322.6
2026-08-12 14:10:37,2026-08-12 13:55,781.4,771.2,1.32,8605700,781.4,765.0,933.7,322.6
2026-08-12 14:15:37,2026-08-12 14:00,782.0,771.2,1.4,8781630,782.3,765.0,933.7,322.6
2026-08-12 14:20:37,2026-08-12 14:05,781.8,771.2,1.37,8902860,782.3,765.0,933.7,322.6
2026-08-12 14:25:39,2026-08-12 14:10,781.5,771.2,1.34,8946850,782.3,765.0,933.7,322.6
2026-08-12 14:30:42,2026-08-12 14:15,781.3,771.2,1.31,8973120,782.3,765.0,933.7,322.6
2026-08-12 14:35:46,2026-08-12 14:20,781.3,771.2,1.31,9015050,782.3,765.0,933.7,322.6
2026-08-12 14:40:37,2026-08-12 14:25,782.9,771.2,1.52,9182040,782.9,765.0,933.7,322.6
2026-08-12 14:45:46,2026-08-12 14:30,783.3,771.2,1.57,9335950,783.3,765.0,933.7,322.6
2026-08-12 14:50:40,2026-08-12 14:35,783.2,771.2,1.56,9401080,783.8,765.0,933.7,322.6
2026-08-12 14:55:33,2026-08-12 14:40,783.5,771.2,1.59,9455500,783.8,765.0,933.7,322.6
2026-08-12 15:00:39,2026-08-12 14:45,782.4,771.2,1.45,9536850,783.8,765.0,933.7,322.6
2026-08-12 15:05:43,2026-08-12 14:50,782.9,771.2,1.52,9586430,783.8,765.0,933.7,322.6
2026-08-12 15:10:36,2026-08-12 14:55,783.5,771.2,1.59,9639880,783.8,765.0,933.7,322.6
2026-08-12 15:15:52,2026-08-12 15:00,782.8,771.2,1.5,9695240,783.8,765.0,933.7,322.6
2026-08-12 15:20:37,2026-08-12 15:05,783.6,771.2,1.61,9785870,783.8,765.0,933.7,322.6
2026-08-12 15:25:31,2026-08-12 15:10,782.9,771.2,1.52,9965740,783.8,765.0,933.7,322.6
2026-08-12 15:30:32,2026-08-12 15:15,782.4,771.2,1.45,10035450,783.8,765.0,933.7,322.6
2026-08-12 15:40:43,2026-08-12 15:24,783.4,771.2,1.58,10300160,783.8,765.0,933.7,322.6
2026-08-13 09:05:42,2026-08-12 15:30,784.9,771.2,1.78,10466790,784.9,765.0,933.7,322.6
2026-08-13 09:10:32,2026-08-12 15:30,784.9,771.2,1.78,10466790,784.9,765.0,933.7,322.6
2026-08-13 09:15:45,2026-08-12 15:30,784.9,771.2,1.78,10466790,784.9,765.0,933.7,322.6
2026-08-13 09:20:30,2026-08-13 09:05,807.5,784.9,2.88,990710,809.9,805.2,933.7,322.6
2026-08-13 09:25:43,2026-08-13 09:10,811.2,784.9,3.35,1732960,812.4,805.2,933.7,322.6
2026-08-13 09:30:32,2026-08-13 09:15,812.1,784.9,3.47,2170370,812.4,805.2,933.7,322.6
2026-08-13 09:35:33,2026-08-13 09:20,811.7,784.9,3.41,2755670,812.4,805.2,933.7,322.6
2026-08-13 09:40:38,2026-08-13 09:25,807.5,784.9,2.88,3226830,812.5,805.2,933.7,322.6
2026-08-13 09:45:48,2026-08-13 09:30,804.0,784.9,2.43,3730720,812.5,802.5,933.7,322.6
2026-08-13 09:50:40,2026-08-13 09:35,799.5,784.9,1.86,4180980,812.5,798.0,933.7,322.6
2026-08-13 09:55:50,2026-08-13 09:40,801.8,784.9,2.15,4355120,812.5,798.0,933.7,322.6
2026-08-13 10:00:32,2026-08-13 09:45,804.7,784.9,2.52,4564420,812.5,798.0,933.7,322.6
2026-08-13 10:05:42,2026-08-13 09:50,806.3,784.9,2.73,4897750,812.5,798.0,933.7,322.6
2026-08-13 10:10:46,2026-08-13 09:55,803.4,784.9,2.36,5010810,812.5,798.0,933.7,322.6
2026-08-13 10:15:30,2026-08-13 10:00,807.9,784.9,2.93,5237640,812.5,798.0,933.7,322.6
2026-08-13 10:20:46,2026-08-13 10:05,805.0,784.9,2.56,5498790,812.5,798.0,933.7,322.6
2026-08-13 10:25:33,2026-08-13 10:10,806.8,784.9,2.79,5629260,812.5,798.0,933.7,322.6
2026-08-13 10:30:31,2026-08-13 10:15,803.5,784.9,2.37,5769650,812.5,798.0,933.7,322.6
2026-08-13 10:35:37,2026-08-13 10:20,804.0,784.9,2.43,5902770,812.5,798.0,933.7,322.6
2026-08-13 10:40:33,2026-08-13 10:25,802.7,784.9,2.27,6048760,812.5,798.0,933.7,322.6
2026-08-13 10:45:32,2026-08-13 10:30,802.1,784.9,2.19,6139540,812.5,798.0,933.7,322.6
2026-08-13 10:50:31,2026-08-13 10:35,802.7,784.9,2.27,6302740,812.5,798.0,933.7,322.6
2026-08-13 10:55:42,2026-08-13 10:40,803.2,784.9,2.33,6403470,812.5,798.0,933.7,322.6
2026-08-13 11:00:36,2026-08-13 10:45,802.5,784.9,2.24,6489890,812.5,798.0,933.7,322.6
2026-08-13 11:05:36,2026-08-13 10:50,803.0,784.9,2.31,6562810,812.5,798.0,933.7,322.6
2026-08-13 11:10:34,2026-08-13 10:55,806.2,784.9,2.71,6700140,812.5,798.0,933.7,322.6
2026-08-13 11:15:47,2026-08-13 11:00,804.4,784.9,2.48,6968690,812.5,798.0,933.7,322.6
2026-08-13 11:20:34,2026-08-13 11:05,807.4,784.9,2.87,7093860,812.5,798.0,933.7,322.6
2026-08-13 11:25:32,2026-08-13 11:10,807.6,784.9,2.89,7199640,812.5,798.0,933.7,322.6
2026-08-13 11:30:35,2026-08-13 11:15,807.8,784.9,2.92,7296300,812.5,798.0,933.7,322.6
2026-08-13 12:30:37,2026-08-13 11:30,807.3,784.9,2.85,7431610,812.5,798.0,933.7,322.6
2026-08-13 12:35:37,2026-08-13 11:30,807.3,784.9,2.85,7431610,812.5,798.0,933.7,322.6
2026-08-13 12:40:37,2026-08-13 11:30,807.3,784.9,2.85,7431610,812.5,798.0,933.7,322.6
2026-08-13 12:45:48,2026-08-13 12:30,809.9,784.9,3.19,7776640,812.5,798.0,933.7,322.6
2026-08-13 12:50:31,2026-08-13 12:35,809.8,784.9,3.17,7864060,812.5,798.0,933.7,322.6
2026-08-13 12:55:40,2026-08-13 12:40,810.3,784.9,3.24,8039560,812.5,798.0,933.7,322.6
2026-08-13 13:00:42,2026-08-13 12:45,811.0,784.9,3.33,8301920,812.5,798.0,933.7,322.6
2026-08-13 13:05:36,2026-08-13 12:50,810.9,784.9,3.31,8405050,812.5,798.0,933.7,322.6
2026-08-13 13:10:46,2026-08-13 12:55,811.5,784.9,3.39,8679420,812.5,798.0,933.7,322.6
2026-08-13 13:15:38,2026-08-13 13:00,809.6,784.9,3.15,9024030,812.5,798.0,933.7,322.6
2026-08-13 13:20:39,2026-08-13 13:05,809.0,784.9,3.07,9125270,812.5,798.0,933.7,322.6
2026-08-13 13:26:02,2026-08-13 13:10,810.1,784.9,3.21,9181440,812.5,798.0,933.7,322.6
2026-08-13 13:30:36,2026-08-13 13:15,809.4,784.9,3.12,9266190,812.5,798.0,933.7,322.6
2026-08-13 13:35:34,2026-08-13 13:20,809.6,784.9,3.15,9378730,812.5,798.0,933.7,322.6
2026-08-13 13:40:41,2026-08-13 13:25,810.4,784.9,3.25,9667110,812.5,798.0,933.7,322.6
2026-08-13 13:45:40,2026-08-13 13:30,810.6,784.9,3.27,9927990,812.5,798.0,933.7,322.6
2026-08-13 13:51:04,2026-08-13 13:36,811.7,784.9,3.41,10168850,812.5,798.0,933.7,322.6
2026-08-13 13:55:37,2026-08-13 13:40,809.6,784.9,3.15,10265870,812.5,798.0,933.7,322.6
2026-08-13 14:00:39,2026-08-13 13:45,808.0,784.9,2.94,10477670,812.5,798.0,933.7,322.6
2026-08-13 14:05:48,2026-08-13 13:50,808.4,784.9,2.99,10541690,812.5,798.0,933.7,322.6
2026-08-13 14:10:36,2026-08-13 13:55,807.5,784.9,2.88,10586080,812.5,798.0,933.7,322.6
2026-08-13 14:15:43,2026-08-13 14:00,804.7,784.9,2.52,10695110,812.5,798.0,933.7,322.6
2026-08-13 14:20:43,2026-08-13 14:05,807.2,784.9,2.84,10727900,812.5,798.0,933.7,322.6
2026-08-13 14:25:34,2026-08-13 14:08,806.9,784.9,2.8,10832070,812.5,798.0,933.7,322.6
2026-08-13 14:30:38,2026-08-13 14:15,809.9,784.9,3.19,10973120,812.5,798.0,933.7,322.6
2026-08-13 14:35:34,2026-08-13 14:20,807.9,784.9,2.93,11094330,812.5,798.0,933.7,322.6
2026-08-13 14:40:41,2026-08-13 14:25,808.5,784.9,3.01,11232110,812.5,798.0,933.7,322.6
2026-08-13 14:45:41,2026-08-13 14:30,809.7,784.9,3.16,11323920,812.5,798.0,933.7,322.6
2026-08-13 14:50:37,2026-08-13 14:35,808.0,784.9,2.94,11616760,812.5,798.0,933.7,322.6
2026-08-13 14:55:59,2026-08-13 14:40,805.6,784.9,2.64,11792810,812.5,798.0,933.7,322.6
2026-08-13 15:01:02,2026-08-13 14:46,803.6,784.9,2.38,11955270,812.5,798.0,933.7,322.6
2026-08-13 15:05:35,2026-08-13 14:50,804.3,784.9,2.47,12028280,812.5,798.0,933.7,322.6
2026-08-13 15:10:34,2026-08-13 14:55,803.0,784.9,2.31,12192720,812.5,798.0,933.7,322.6
2026-08-13 15:16:00,2026-08-13 15:00,802.5,784.9,2.24,12299550,812.5,798.0,933.7,322.6
2026-08-13 15:20:37,2026-08-13 15:05,801.1,784.9,2.06,12439200,812.5,798.0,933.7,322.6
2026-08-13 15:25:52,2026-08-13 15:10,801.6,784.9,2.13,12712960,812.5,798.0,933.7,322.6
2026-08-13 15:30:35,2026-08-13 15:15,800.6,784.9,2.0,12785510,812.5,798.0,933.7,322.6
2026-08-13 15:40:39,2026-08-13 15:24,802.7,784.9,2.27,12968330,812.5,798.0,933.7,322.6
2026-08-14 09:05:35,2026-08-13 15:30,801.6,784.9,2.13,13127460,812.5,798.0,933.7,322.6
2026-08-14 09:11:28,2026-08-13 15:30,801.6,784.9,2.13,13127460,812.5,798.0,933.7,322.6
2026-08-14 09:15:42,2026-08-13 15:30,801.6,784.9,2.13,13127460,812.5,798.0,933.7,322.6
2026-08-14 09:20:30,2026-08-14 09:05,827.5,801.6,3.23,1079090,828.4,825.6,933.7,322.6
2026-08-14 09:25:32,2026-08-14 09:10,827.3,801.6,3.21,2085220,829.3,825.6,933.7,322.6
2026-08-14 09:30:51,2026-08-14 09:15,824.2,801.6,2.82,2617200,829.3,821.8,933.7,322.6
2026-08-14 09:35:32,2026-08-14 09:20,826.5,801.6,3.11,3062640,829.3,821.0,933.7,322.6
2026-08-14 09:40:38,2026-08-14 09:25,827.7,801.6,3.26,3681130,829.3,821.0,933.7,322.6
2026-08-14 09:45:39,2026-08-14 09:30,828.5,801.6,3.36,3903470,829.3,821.0,933.7,322.6
2026-08-14 09:50:35,2026-08-14 09:35,828.4,801.6,3.34,4355460,829.3,821.0,933.7,322.6
2026-08-14 09:55:31,2026-08-14 09:40,829.8,801.6,3.52,5021380,831.3,821.0,933.7,322.6
2026-08-14 10:00:31,2026-08-14 09:45,826.9,801.6,3.16,5118820,831.3,821.0,933.7,322.6
2026-08-14 10:05:46,2026-08-14 09:50,826.0,801.6,3.04,5410380,831.3,821.0,933.7,322.6
2026-08-14 10:10:49,2026-08-14 09:55,823.3,801.6,2.71,5715630,831.3,821.0,933.7,322.6
2026-08-14 10:15:49,2026-08-14 10:00,823.1,801.6,2.68,5890090,831.3,821.0,933.7,322.6
2026-08-14 10:20:32,2026-08-14 10:05,818.9,801.6,2.16,6746120,831.3,817.6,933.7,322.6
2026-08-14 10:25:35,2026-08-14 10:10,819.8,801.6,2.27,7005840,831.3,817.6,933.7,322.6
2026-08-14 10:30:35,2026-08-14 10:15,816.4,801.6,1.85,7228640,831.3,816.2,933.7,322.6
2026-08-14 10:35:40,2026-08-14 10:18,815.5,801.6,1.73,7445680,831.3,815.5,933.7,322.6
2026-08-14 10:40:35,2026-08-14 10:25,814.9,801.6,1.66,7780320,831.3,814.4,933.7,322.6
2026-08-14 10:45:42,2026-08-14 10:30,813.9,801.6,1.53,8020930,831.3,813.5,933.7,322.6
2026-08-14 10:50:40,2026-08-14 10:35,813.1,801.6,1.43,8500690,831.3,811.0,933.7,322.6
2026-08-14 10:55:43,2026-08-14 10:40,814.3,801.6,1.58,8576990,831.3,811.0,933.7,322.6
2026-08-14 11:00:36,2026-08-14 10:45,815.6,801.6,1.75,8709990,831.3,811.0,933.7,322.6
2026-08-14 11:05:43,2026-08-14 10:50,814.4,801.6,1.6,8760050,831.3,811.0,933.7,322.6
2026-08-14 11:10:30,2026-08-14 10:55,812.7,801.6,1.38,8863830,831.3,811.0,933.7,322.6
2026-08-14 11:15:34,2026-08-14 11:00,813.1,801.6,1.43,9030290,831.3,811.0,933.7,322.6
2026-08-14 11:20:32,2026-08-14 11:05,813.6,801.6,1.5,9063490,831.3,811.0,933.7,322.6
2026-08-14 11:25:38,2026-08-14 11:10,814.3,801.6,1.58,9202860,831.3,811.0,933.7,322.6
2026-08-14 11:30:44,2026-08-14 11:15,815.3,801.6,1.71,9357180,831.3,811.0,933.7,322.6
2026-08-14 12:30:34,2026-08-14 11:30,814.1,801.6,1.56,9642030,831.3,811.0,933.7,322.6
2026-08-14 12:35:35,2026-08-14 11:30,814.1,801.6,1.56,9642030,831.3,811.0,933.7,322.6
2026-08-14 12:40:35,2026-08-14 11:30,814.1,801.6,1.56,9642030,831.3,811.0,933.7,322.6
2026-08-14 12:45:40,2026-08-14 11:30,814.1,801.6,1.56,9642030,831.3,811.0,933.7,322.6
2026-08-14 12:50:32,2026-08-14 12:35,813.7,801.6,1.51,9930700,831.3,811.0,933.7,322.6
2026-08-14 12:55:35,2026-08-14 12:40,812.7,801.6,1.38,10114790,831.3,811.0,933.7,322.6
2026-08-14 13:00:38,2026-08-14 12:45,812.5,801.6,1.36,10230460,831.3,811.0,933.7,322.6
2026-08-14 13:05:37,2026-08-14 12:50,811.1,801.6,1.19,10378030,831.3,810.5,933.7,322.6
2026-08-14 13:10:32,2026-08-14 12:55,809.5,801.6,0.99,10558470,831.3,809.5,933.7,322.6
2026-08-14 13:15:37,2026-08-14 13:00,807.7,801.6,0.76,10673770,831.3,807.7,933.7,322.6
2026-08-14 13:20:36,2026-08-14 13:05,808.1,801.6,0.81,11056120,831.3,806.1,933.7,322.6
2026-08-14 13:25:35,2026-08-14 13:10,808.6,801.6,0.87,11127300,831.3,806.1,933.7,322.6
2026-08-14 13:30:33,2026-08-14 13:15,807.9,801.6,0.79,11220690,831.3,806.1,933.7,322.6
2026-08-14 13:35:37,2026-08-14 13:20,808.5,801.6,0.86,11258370,831.3,806.1,933.7,322.6
2026-08-14 13:40:42,2026-08-14 13:25,809.7,801.6,1.01,11351370,831.3,806.1,933.7,322.6
2026-08-14 13:45:41,2026-08-14 13:30,810.0,801.6,1.05,11488780,831.3,806.1,933.7,322.6
2026-08-14 13:50:39,2026-08-14 13:35,807.1,801.6,0.69,11595720,831.3,806.1,933.7,322.6
2026-08-14 13:55:39,2026-08-14 13:40,807.3,801.6,0.71,11733390,831.3,806.1,933.7,322.6
2026-08-14 14:00:40,2026-08-14 13:45,806.7,801.6,0.64,11909580,831.3,806.1,933.7,322.6
2026-08-14 14:05:43,2026-08-14 13:50,805.6,801.6,0.5,11967380,831.3,805.6,933.7,322.6
2026-08-14 14:10:35,2026-08-14 13:55,805.9,801.6,0.54,12012210,831.3,805.6,933.7,322.6
2026-08-14 14:15:50,2026-08-14 14:00,806.9,801.6,0.66,12061130,831.3,805.6,933.7,322.6
2026-08-14 14:20:39,2026-08-14 14:05,805.5,801.6,0.49,12208680,831.3,805.3,933.7,322.6
2026-08-14 14:26:01,2026-08-14 14:10,805.3,801.6,0.46,12347260,831.3,804.5,933.7,322.6
2026-08-14 14:30:36,2026-08-14 14:15,807.0,801.6,0.67,12448060,831.3,804.5,933.7,322.6
2026-08-14 14:35:33,2026-08-14 14:20,807.0,801.6,0.67,12526920,831.3,804.5,933.7,322.6
2026-08-14 14:40:40,2026-08-14 14:25,807.3,801.6,0.71,12611230,831.3,804.5,933.7,322.6
2026-08-14 14:45:55,2026-08-14 14:30,808.1,801.6,0.81,12772220,831.3,804.5,933.7,322.6
2026-08-14 14:50:41,2026-08-14 14:35,809.4,801.6,0.97,12823000,831.3,804.5,933.7,322.6
2026-08-14 14:55:47,2026-08-14 14:40,809.2,801.6,0.95,13051450,831.3,804.5,933.7,322.6
2026-08-14 15:00:40,2026-08-14 14:45,810.2,801.6,1.07,13257490,831.3,804.5,933.7,322.6
2026-08-14 15:05:46,2026-08-14 14:50,811.1,801.6,1.19,13379000,831.3,804.5,933.7,322.6
2026-08-14 15:10:40,2026-08-14 14:55,813.2,801.6,1.45,13519240,831.3,804.5,933.7,322.6
2026-08-14 15:15:36,2026-08-14 15:00,813.2,801.6,1.45,13860760,831.3,804.5,933.7,322.6
2026-08-14 15:20:51,2026-08-14 15:05,809.6,801.6,1.0,14137980,831.3,804.5,933.7,322.6
2026-08-14 15:25:31,2026-08-14 15:10,809.7,801.6,1.01,14292630,831.3,804.5,933.7,322.6
2026-08-14 15:30:38,2026-08-14 15:15,810.3,801.6,1.09,14634420,831.3,804.5,933.7,322.6
2026-08-14 15:40:35,2026-08-14 15:24,810.5,801.6,1.11,14828410,831.3,804.5,933.7,322.6
2026-08-17 09:05:36,2026-08-14 15:30,809.1,801.6,0.94,14987720,831.3,804.5,933.7,322.6
2026-08-17 09:10:35,2026-08-14 15:30,809.1,801.6,0.94,14987720,831.3,804.5,933.7,322.6
2026-08-17 09:15:31,2026-08-17 09:00,815.1,801.6,1.68,15435800,816.1,813.4,933.7,322.6
2026-08-17 09:20:35,2026-08-17 09:05,812.9,809.1,0.47,1332370,817.7,812.2,933.7,322.6
2026-08-17 09:25:41,2026-08-17 09:10,817.0,809.1,0.98,1536990,819.0,812.2,933.7,322.6
2026-08-17 09:30:55,2026-08-17 09:15,819.2,809.1,1.25,1766520,819.5,812.2,933.7,322.6
2026-08-17 09:35:40,2026-08-17 09:20,816.5,809.1,0.91,1890620,819.5,812.2,933.7,322.6
2026-08-17 09:40:40,2026-08-17 09:25,818.3,809.1,1.14,1984120,819.5,812.2,933.7,322.6
2026-08-17 09:45:36,2026-08-17 09:30,815.8,809.1,0.83,2140670,819.5,812.2,933.7,322.6
2026-08-17 09:50:32,2026-08-17 09:35,814.0,809.1,0.61,2238460,819.5,812.2,933.7,322.6
2026-08-17 09:55:30,2026-08-17 09:40,812.1,809.1,0.37,2470960,819.5,811.7,933.7,322.6
2026-08-17 10:00:46,2026-08-17 09:45,810.5,809.1,0.17,2686370,819.5,809.4,933.7,322.6
2026-08-17 10:05:44,2026-08-17 09:50,808.1,809.1,-0.12,2832920,819.5,807.5,933.7,322.6
2026-08-17 10:10:41,2026-08-17 09:55,807.9,809.1,-0.15,3046380,819.5,807.5,933.7,322.6
2026-08-17 10:15:31,2026-08-17 10:00,805.8,809.1,-0.41,3262000,819.5,805.6,933.7,322.6
2026-08-17 10:20:40,2026-08-17 10:05,809.4,809.1,0.04,3396040,819.5,805.6,933.7,322.6
2026-08-17 10:25:36,2026-08-17 10:10,807.7,809.1,-0.17,3557880,819.5,805.6,933.7,322.6
2026-08-17 10:30:32,2026-08-17 10:15,806.6,809.1,-0.31,3633760,819.5,805.6,933.7,322.6
2026-08-17 10:35:32,2026-08-17 10:20,806.4,809.1,-0.33,3919330,819.5,804.8,933.7,322.6
2026-08-17 10:40:36,2026-08-17 10:25,808.0,809.1,-0.14,4015290,819.5,804.8,933.7,322.6
2026-08-17 10:45:35,2026-08-17 10:30,809.1,809.1,0.0,4244980,819.5,804.8,933.7,322.6
2026-08-17 10:50:40,2026-08-17 10:35,807.6,809.1,-0.19,4392460,819.5,804.8,933.7,322.6
2026-08-17 10:55:44,2026-08-17 10:40,810.3,809.1,0.15,4490850,819.5,804.8,933.7,322.6
2026-08-17 11:00:32,2026-08-17 10:45,810.2,809.1,0.14,4608430,819.5,804.8,933.7,322.6
2026-08-17 11:05:43,2026-08-17 10:50,810.8,809.1,0.21,4721880,819.5,804.8,933.7,322.6
2026-08-17 11:10:35,2026-08-17 10:55,810.1,809.1,0.12,4806050,819.5,804.8,933.7,322.6
2026-08-17 11:15:38,2026-08-17 11:00,810.2,809.1,0.14,4894810,819.5,804.8,933.7,322.6
2026-08-17 11:20:38,2026-08-17 11:05,811.1,809.1,0.25,5053400,819.5,804.8,933.7,322.6
2026-08-17 11:25:42,2026-08-17 11:10,810.4,809.1,0.16,5165590,819.5,804.8,933.7,322.6
2026-08-17 11:30:37,2026-08-17 11:15,810.4,809.1,0.16,5217360,819.5,804.8,933.7,322.6
2026-08-17 12:30:35,2026-08-17 11:30,809.9,809.1,0.1,5370320,819.5,804.8,933.7,322.6
2026-08-17 12:35:35,2026-08-17 11:30,809.9,809.1,0.1,5370320,819.5,804.8,933.7,322.6
2026-08-17 12:40:37,2026-08-17 11:30,809.9,809.1,0.1,5370320,819.5,804.8,933.7,322.6
2026-08-17 12:45:34,2026-08-17 12:30,809.9,809.1,0.1,5476300,819.5,804.8,933.7,322.6
2026-08-17 12:50:44,2026-08-17 12:35,812.6,809.1,0.43,5547990,819.5,804.8,933.7,322.6
2026-08-17 12:55:32,2026-08-17 12:40,812.6,809.1,0.43,5620650,819.5,804.8,933.7,322.6
2026-08-17 13:00:45,2026-08-17 12:45,814.4,809.1,0.66,5814520,819.5,804.8,933.7,322.6
2026-08-17 13:05:41,2026-08-17 12:50,813.4,809.1,0.53,5932030,819.5,804.8,933.7,322.6
2026-08-17 13:10:38,2026-08-17 12:55,813.4,809.1,0.53,5987540,819.5,804.8,933.7,322.6
2026-08-17 13:15:44,2026-08-17 13:00,813.1,809.1,0.49,5993990,819.5,804.8,933.7,322.6
2026-08-17 13:20:43,2026-08-17 13:05,814.8,809.1,0.7,6057380,819.5,804.8,933.7,322.6
2026-08-17 13:25:42,2026-08-17 13:10,816.0,809.1,0.85,6152190,819.5,804.8,933.7,322.6
2026-08-17 13:30:36,2026-08-17 13:15,815.4,809.1,0.78,6306570,819.5,804.8,933.7,322.6
2026-08-17 13:35:34,2026-08-17 13:20,815.8,809.1,0.83,6374590,819.5,804.8,933.7,322.6
2026-08-17 13:40:36,2026-08-17 13:25,814.8,809.1,0.7,6414540,819.5,804.8,933.7,322.6
2026-08-17 13:45:34,2026-08-17 13:30,814.4,809.1,0.66,6476320,819.5,804.8,933.7,322.6
2026-08-17 13:50:38,2026-08-17 13:35,814.7,809.1,0.69,6612140,819.5,804.8,933.7,322.6
2026-08-17 13:55:31,2026-08-17 13:40,815.0,809.1,0.73,6758650,819.5,804.8,933.7,322.6
2026-08-17 14:00:47,2026-08-17 13:45,814.7,809.1,0.69,6798040,819.5,804.8,933.7,322.6
2026-08-17 14:05:42,2026-08-17 13:50,814.3,809.1,0.64,6870740,819.5,804.8,933.7,322.6
2026-08-17 14:10:36,2026-08-17 13:55,813.9,809.1,0.59,6958890,819.5,804.8,933.7,322.6
2026-08-17 14:15:39,2026-08-17 14:00,814.7,809.1,0.69,6991770,819.5,804.8,933.7,322.6
2026-08-17 14:20:39,2026-08-17 14:05,815.1,809.1,0.74,7100420,819.5,804.8,933.7,322.6
2026-08-17 14:25:47,2026-08-17 14:10,814.8,809.1,0.7,7145310,819.5,804.8,933.7,322.6
2026-08-17 14:30:37,2026-08-17 14:15,815.5,809.1,0.79,7191130,819.5,804.8,933.7,322.6
2026-08-17 14:35:32,2026-08-17 14:20,816.0,809.1,0.85,7246010,819.5,804.8,933.7,322.6
2026-08-17 14:40:35,2026-08-17 14:25,814.1,809.1,0.62,7404290,819.5,804.8,933.7,322.6
2026-08-17 14:45:33,2026-08-17 14:30,814.6,809.1,0.68,7462290,819.5,804.8,933.7,322.6
2026-08-17 14:50:34,2026-08-17 14:35,816.5,809.1,0.91,7604260,819.5,804.8,933.7,322.6
2026-08-17 14:55:34,2026-08-17 14:40,817.5,809.1,1.04,7694600,819.5,804.8,933.7,322.6
2026-08-17 15:00:35,2026-08-17 14:45,817.9,809.1,1.09,7743670,819.5,804.8,933.7,322.6
2026-08-17 15:05:33,2026-08-17 14:50,819.5,809.1,1.29,8037250,820.1,804.8,933.7,322.6
2026-08-17 15:10:33,2026-08-17 14:55,820.7,809.1,1.43,8283210,821.0,804.8,933.7,322.6
2026-08-17 15:15:35,2026-08-17 15:00,821.5,809.1,1.53,8413500,821.5,804.8,933.7,322.6
2026-08-17 15:20:33,2026-08-17 15:05,821.9,809.1,1.58,8530020,822.0,804.8,933.7,322.6
2026-08-17 15:25:42,2026-08-17 15:10,820.1,809.1,1.36,8729240,822.1,804.8,933.7,322.6
2026-08-17 15:30:34,2026-08-17 15:15,820.1,809.1,1.36,8848500,822.1,804.8,933.7,322.6
2026-08-17 15:40:44,2026-08-17 15:24,820.1,809.1,1.36,8980330,822.1,804.8,933.7,322.6
2026-08-18 09:05:38,2026-08-17 15:30,820.1,809.1,1.36,9137420,822.1,804.8,933.7,322.6
2026-08-18 09:11:31,2026-08-17 15:30,820.1,809.1,1.36,9137420,822.1,804.8,933.7,322.6
2026-08-18 09:15:37,2026-08-18 09:00,820.1,809.1,1.36,9412010,816.7,813.5,933.7,322.6
2026-08-18 09:20:37,2026-08-18 09:05,808.0,820.1,-1.48,808740,816.7,806.8,933.7,322.6
2026-08-18 09:25:45,2026-08-18 09:10,810.1,820.1,-1.22,963160,816.7,806.8,933.7,322.6
2026-08-18 09:46:05,2026-08-18 09:30,817.0,820.1,-0.38,2330410,818.0,806.8,933.7,322.6
2026-08-18 09:52:21,2026-08-18 09:37,818.3,820.1,-0.22,2630400,818.9,806.8,933.7,322.6
2026-08-18 09:55:35,2026-08-18 09:40,818.3,820.1,-0.22,2721400,819.2,806.8,933.7,322.6
2026-08-18 10:00:37,2026-08-18 09:45,818.3,820.1,-0.22,2815960,819.2,806.8,933.7,322.6
2026-08-18 10:05:37,2026-08-18 09:50,816.4,820.1,-0.45,2968590,819.2,806.8,933.7,322.6
2026-08-18 10:10:54,2026-08-18 09:55,816.1,820.1,-0.49,3015110,819.2,806.8,933.7,322.6
2026-08-18 10:15:38,2026-08-18 10:00,814.4,820.1,-0.7,3112420,819.2,806.8,933.7,322.6
2026-08-18 10:31:42,2026-08-18 10:16,815.4,820.1,-0.57,3315800,819.2,806.8,933.7,322.6
2026-08-18 10:33:37,2026-08-18 10:18,815.8,820.1,-0.52,3428990,819.2,806.8,933.7,322.6
2026-08-18 10:41:01,2026-08-18 10:25,812.7,820.1,-0.9,3689880,819.2,806.8,933.7,322.6
2026-08-18 10:41:41,2026-08-18 10:26,814.4,820.1,-0.7,3724200,819.2,806.8,933.7,322.6
2026-08-18 10:45:41,2026-08-18 10:30,812.0,820.1,-0.99,3811550,819.2,806.8,933.7,322.6
2026-08-18 11:21:16,2026-08-18 11:06,805.7,820.1,-1.76,5648930,819.2,801.1,933.7,322.6
2026-08-18 11:25:38,2026-08-18 11:10,805.5,820.1,-1.78,5686410,819.2,801.1,933.7,322.6
2026-08-18 12:42:01,2026-08-18 11:30,796.8,820.1,-2.84,6961000,819.2,795.8,933.7,322.6
2026-08-18 12:47:12,2026-08-18 12:32,787.1,820.1,-4.02,7393880,819.2,785.6,933.7,322.6
2026-08-18 12:50:44,2026-08-18 12:35,788.0,820.1,-3.91,7500290,819.2,785.5,933.7,322.6
2026-08-18 12:55:53,2026-08-18 12:40,790.5,820.1,-3.61,7645980,819.2,785.5,933.7,322.6
2026-08-18 13:02:56,2026-08-18 12:47,792.0,820.1,-3.43,7973150,819.2,785.5,933.7,322.6
2026-08-18 13:05:42,2026-08-18 12:50,791.4,820.1,-3.5,8048730,819.2,785.5,933.7,322.6
2026-08-18 13:10:59,2026-08-18 12:55,791.5,820.1,-3.49,8213540,819.2,785.5,933.7,322.6
2026-08-18 13:16:27,2026-08-18 13:01,792.0,820.1,-3.43,8459700,819.2,785.5,933.7,322.6
2026-08-18 13:22:10,2026-08-18 13:07,795.0,820.1,-3.06,8779950,819.2,785.5,933.7,322.6
2026-08-18 13:25:56,2026-08-18 13:10,793.9,820.1,-3.19,8942850,819.2,785.5,933.7,322.6
2026-08-18 13:30:44,2026-08-18 13:15,791.8,820.1,-3.45,9197530,819.2,785.5,933.7,322.6
2026-08-18 13:35:32,2026-08-18 13:20,790.3,820.1,-3.63,9267180,819.2,785.5,933.7,322.6
2026-08-18 13:40:38,2026-08-18 13:25,788.4,820.1,-3.87,9617890,819.2,785.5,933.7,322.6
2026-08-18 13:45:37,2026-08-18 13:30,790.9,820.1,-3.56,9715330,819.2,785.5,933.7,322.6
2026-08-18 13:50:35,2026-08-18 13:35,790.1,820.1,-3.66,9860530,819.2,785.5,933.7,322.6
2026-08-18 13:55:37,2026-08-18 13:40,789.0,820.1,-3.79,9989370,819.2,785.5,933.7,322.6
2026-08-18 14:00:41,2026-08-18 13:45,788.8,820.1,-3.82,10093850,819.2,785.5,933.7,322.6
2026-08-18 14:05:38,2026-08-18 13:50,788.2,820.1,-3.89,10222520,819.2,785.5,933.7,322.6
2026-08-18 14:10:43,2026-08-18 13:55,789.9,820.1,-3.68,10298460,819.2,785.5,933.7,322.6
2026-08-18 14:15:37,2026-08-18 14:00,789.1,820.1,-3.78,10360940,819.2,785.5,933.7,322.6
2026-08-18 14:20:35,2026-08-18 14:05,786.9,820.1,-4.05,10489500,819.2,785.5,933.7,322.6
2026-08-18 14:26:06,2026-08-18 14:11,786.7,820.1,-4.07,10700750,819.2,785.5,933.7,322.6
2026-08-18 14:30:41,2026-08-18 14:15,787.1,820.1,-4.02,10874320,819.2,785.5,933.7,322.6
2026-08-18 14:35:30,2026-08-18 14:20,787.8,820.1,-3.94,11178050,819.2,785.5,933.7,322.6
2026-08-18 14:42:14,2026-08-18 14:27,788.0,820.1,-3.91,11365100,819.2,785.5,933.7,322.6
2026-08-18 14:45:39,2026-08-18 14:30,786.0,820.1,-4.16,11448090,819.2,785.5,933.7,322.6
2026-08-18 14:51:09,2026-08-18 14:36,785.9,820.1,-4.17,11696850,819.2,785.5,933.7,322.6
2026-08-18 14:55:39,2026-08-18 14:40,784.9,820.1,-4.29,11948500,819.2,784.6,933.7,322.6
2026-08-18 15:00:40,2026-08-18 14:45,784.6,820.1,-4.33,12052670,819.2,784.5,933.7,322.6
2026-08-18 15:08:15,2026-08-18 14:53,784.1,820.1,-4.39,12200310,819.2,783.7,933.7,322.6
2026-08-18 15:10:42,2026-08-18 14:55,784.0,820.1,-4.4,12223640,819.2,783.5,933.7,322.6
2026-08-18 15:15:41,2026-08-18 15:00,781.1,820.1,-4.76,12401720,819.2,781.0,933.7,322.6
2026-08-18 15:20:34,2026-08-18 15:05,778.9,820.1,-5.02,12794920,819.2,778.4,933.7,322.6
2026-08-18 15:25:55,2026-08-18 15:10,781.2,820.1,-4.74,13271130,819.2,778.3,933.7,322.6
2026-08-18 15:30:37,2026-08-18 15:15,782.8,820.1,-4.55,13459350,819.2,778.3,933.7,322.6
2026-08-18 15:40:41,2026-08-18 15:24,781.9,820.1,-4.66,13741550,819.2,778.3,933.7,322.6
2026-08-19 09:05:37,2026-08-18 15:30,780.5,820.1,-4.83,13953980,819.2,778.4,933.7,322.6
2026-08-19 09:10:43,2026-08-18 15:30,780.5,820.1,-4.83,13953980,819.2,778.3,933.7,322.6
2026-08-19 09:15:37,2026-08-18 15:30,780.5,820.1,-4.83,13953980,819.2,778.3,933.7,322.6
2026-08-19 09:20:32,2026-08-18 15:30,780.5,820.1,-4.83,13953980,819.2,778.3,933.7,322.6
2026-08-19 09:26:04,2026-08-19 09:11,738.7,780.5,-5.36,2229390,745.5,737.4,933.7,322.6
2026-08-19 09:30:39,2026-08-19 09:15,735.3,780.5,-5.79,3062780,745.5,734.7,933.7,322.6
2026-08-19 09:35:40,2026-08-19 09:20,734.1,780.5,-5.94,3861470,745.5,730.8,933.7,322.6
2026-08-19 09:40:31,2026-08-19 09:25,735.3,780.5,-5.79,4435890,745.5,730.8,933.7,322.6
2026-08-19 09:45:36,2026-08-19 09:30,737.7,780.5,-5.48,4879300,745.5,730.8,933.7,322.6
2026-08-19 09:50:46,2026-08-19 09:35,743.4,780.5,-4.75,5503030,745.5,730.8,933.7,322.6
2026-08-19 09:56:26,2026-08-19 09:41,743.9,780.5,-4.69,6160250,745.5,730.8,933.7,322.6
2026-08-19 10:00:45,2026-08-19 09:45,746.2,780.5,-4.39,6463600,746.8,730.8,933.7,322.6
2026-08-19 10:05:44,2026-08-19 09:50,741.7,780.5,-4.97,6793280,746.8,730.8,933.7,322.6
2026-08-19 10:11:03,2026-08-19 09:56,744.6,780.5,-4.6,7106220,746.8,730.8,933.7,322.6
2026-08-19 10:15:31,2026-08-19 10:00,742.1,780.5,-4.92,7260500,746.8,730.8,933.7,322.6
2026-08-19 10:20:36,2026-08-19 10:05,745.5,780.5,-4.48,7398190,747.1,730.8,933.7,322.6
2026-08-19 10:25:38,2026-08-19 10:10,750.3,780.5,-3.87,7916990,751.9,730.8,933.7,322.6
2026-08-19 10:30:45,2026-08-19 10:15,748.7,780.5,-4.07,8178340,751.9,730.8,933.7,322.6
2026-08-19 10:35:39,2026-08-19 10:20,746.6,780.5,-4.34,8411080,751.9,730.8,933.7,322.6
2026-08-19 10:40:43,2026-08-19 10:25,745.6,780.5,-4.47,8603210,751.9,730.8,933.7,322.6
2026-08-19 10:45:36,2026-08-19 10:30,750.2,780.5,-3.88,8797200,751.9,730.8,933.7,322.6
2026-08-19 10:50:42,2026-08-19 10:35,745.7,780.5,-4.46,9053010,751.9,730.8,933.7,322.6
2026-08-19 11:11:53,2026-08-19 10:56,744.8,780.5,-4.57,9755780,751.9,730.8,933.7,322.6
2026-08-19 11:16:04,2026-08-19 11:01,743.3,780.5,-4.77,9781160,751.9,730.8,933.7,322.6
2026-08-19 11:22:15,2026-08-19 11:07,740.5,780.5,-5.12,9882910,751.9,730.8,933.7,322.6
2026-08-19 12:45:55,2026-08-19 12:30,741.8,780.5,-4.96,10839100,751.9,730.8,933.7,322.6
2026-08-19 12:51:31,2026-08-19 12:36,741.3,780.5,-5.02,10945440,751.9,730.8,933.7,322.6
2026-08-19 12:55:30,2026-08-19 12:40,739.7,780.5,-5.23,11200870,751.9,730.8,933.7,322.6
2026-08-19 13:06:28,2026-08-19 12:51,740.3,780.5,-5.15,11511670,751.9,730.8,933.7,322.6
2026-08-19 13:07:06,2026-08-19 12:52,740.0,780.5,-5.19,11518770,751.9,730.8,933.7,322.6
2026-08-19 13:10:45,2026-08-19 12:55,739.1,780.5,-5.3,11581650,751.9,730.8,933.7,322.6
2026-08-19 13:15:36,2026-08-19 13:00,739.3,780.5,-5.28,11632890,751.9,730.8,933.7,322.6
2026-08-19 13:20:33,2026-08-19 13:05,737.2,780.5,-5.55,11745000,751.9,730.8,933.7,322.6
2026-08-19 13:25:34,2026-08-19 13:10,736.2,780.5,-5.68,11880800,751.9,730.8,933.7,322.6
2026-08-19 13:33:30,2026-08-19 13:18,734.4,780.5,-5.91,12236800,751.9,730.8,933.7,322.6
2026-08-19 13:38:58,2026-08-19 13:23,736.0,780.5,-5.7,12437880,751.9,730.8,933.7,322.6
2026-08-19 13:43:33,2026-08-19 13:28,736.2,780.5,-5.68,12659150,751.9,730.8,933.7,322.6
2026-08-19 13:57:06,2026-08-19 13:42,727.8,780.5,-6.75,13834410,751.9,727.8,933.7,322.6
2026-08-19 14:03:37,2026-08-19 13:48,728.8,780.5,-6.62,14145300,751.9,727.4,933.7,322.6
2026-08-19 14:20:57,2026-08-19 14:05,735.5,780.5,-5.77,15303540,751.9,726.5,933.7,322.6
2026-08-19 14:24:10,2026-08-19 14:08,733.3,780.5,-6.05,15419820,751.9,726.5,933.7,322.6
2026-08-19 14:27:56,2026-08-19 14:12,731.0,780.5,-6.34,15489130,751.9,726.5,933.7,322.6
2026-08-19 14:33:11,2026-08-19 14:18,729.5,780.5,-6.53,15661050,751.9,726.5,933.7,322.6
2026-08-19 14:35:37,2026-08-19 14:20,730.3,780.5,-6.43,15717120,751.9,726.5,933.7,322.6
2026-08-19 14:49:48,2026-08-19 14:34,731.7,780.5,-6.25,16095010,751.9,726.5,933.7,322.6
2026-08-19 14:50:31,2026-08-19 14:35,730.4,780.5,-6.42,16141420,751.9,726.5,933.7,322.6
2026-08-19 14:51:15,2026-08-19 14:36,729.5,780.5,-6.53,16217370,751.9,726.5,933.7,322.6
2026-08-19 14:55:41,2026-08-19 14:40,728.6,780.5,-6.65,16630540,751.9,726.5,933.7,322.6
2026-08-19 15:00:31,2026-08-19 14:45,730.1,780.5,-6.46,16828940,751.9,726.5,933.7,322.6
2026-08-19 15:05:44,2026-08-19 14:50,730.2,780.5,-6.44,16956810,751.9,726.5,933.7,322.6
2026-08-19 15:10:45,2026-08-19 14:55,729.3,780.5,-6.56,17068430,751.9,726.5,933.7,322.6
2026-08-19 15:16:13,2026-08-19 15:01,731.0,780.5,-6.34,17248480,751.9,726.5,933.7,322.6
2026-08-19 15:20:56,2026-08-19 15:05,731.2,780.5,-6.32,17391050,751.9,726.5,933.7,322.6
2026-08-19 15:41:44,2026-08-19 15:24,733.9,780.5,-5.97,18117150,751.9,726.5,933.7,322.6
2026-08-20 09:06:42,2026-08-19 15:30,733.1,780.5,-6.07,18373400,751.9,726.5,933.7,322.6
2026-08-20 09:10:48,2026-08-19 15:30,733.1,780.5,-6.07,18373400,751.9,726.5,933.7,322.6
2026-08-20 09:15:40,2026-08-20 09:00,733.1,780.5,-6.07,19989220,747.0,739.9,933.7,322.6
2026-08-20 09:21:43,2026-08-20 09:06,742.4,733.1,1.27,3803180,747.0,737.8,933.7,322.6
2026-08-20 09:25:34,2026-08-20 09:10,739.3,733.1,0.85,4279420,747.0,737.8,933.7,322.6
2026-08-20 09:30:37,2026-08-20 09:15,744.5,733.1,1.56,5103470,747.0,737.8,933.7,322.6
2026-08-20 09:35:46,2026-08-20 09:20,749.1,733.1,2.18,5803190,749.4,737.8,933.7,322.6
2026-08-20 09:40:33,2026-08-20 09:25,744.6,733.1,1.57,6168850,750.7,737.8,933.7,322.6
2026-08-20 09:45:40,2026-08-20 09:30,745.2,733.1,1.65,6365660,750.7,737.8,933.7,322.6
2026-08-20 09:50:37,2026-08-20 09:35,747.0,733.1,1.9,6554070,750.7,737.8,933.7,322.6
2026-08-20 09:56:43,2026-08-20 09:41,748.7,733.1,2.13,6802670,750.7,737.8,933.7,322.6
2026-08-20 10:00:41,2026-08-20 09:45,749.2,733.1,2.2,7051310,750.7,737.8,933.7,322.6
2026-08-20 10:05:42,2026-08-20 09:50,749.2,733.1,2.2,7243150,750.7,737.8,933.7,322.6
2026-08-20 10:10:37,2026-08-20 09:55,750.5,733.1,2.37,7419300,751.2,737.8,933.7,322.6
2026-08-20 10:15:35,2026-08-20 10:00,751.6,733.1,2.52,7530220,751.8,737.8,933.7,322.6
2026-08-20 10:20:45,2026-08-20 10:05,752.8,733.1,2.69,7782670,753.1,737.8,933.7,322.6
2026-08-20 10:25:40,2026-08-20 10:10,750.6,733.1,2.39,8043100,753.3,737.8,933.7,322.6
2026-08-20 10:30:38,2026-08-20 10:15,750.5,733.1,2.37,8230900,753.3,737.8,933.7,322.6
2026-08-20 10:35:50,2026-08-20 10:20,748.6,733.1,2.11,8415410,753.3,737.8,933.7,322.6
2026-08-20 10:40:35,2026-08-20 10:25,745.8,733.1,1.73,8576780,753.3,737.8,933.7,322.6
2026-08-20 10:45:38,2026-08-20 10:30,745.2,733.1,1.65,8730500,753.3,737.8,933.7,322.6
2026-08-20 10:50:31,2026-08-20 10:35,744.9,733.1,1.61,8877020,753.3,737.8,933.7,322.6
2026-08-20 10:55:32,2026-08-20 10:40,748.0,733.1,2.03,9089420,753.3,737.8,933.7,322.6
2026-08-20 11:00:41,2026-08-20 10:45,749.5,733.1,2.24,9284930,753.3,737.8,933.7,322.6
2026-08-20 11:05:36,2026-08-20 10:50,749.4,733.1,2.22,9452430,753.3,737.8,933.7,322.6
2026-08-20 11:10:45,2026-08-20 10:55,746.6,733.1,1.84,9518330,753.3,737.8,933.7,322.6
2026-08-20 11:15:42,2026-08-20 11:00,746.9,733.1,1.88,9601570,753.3,737.8,933.7,322.6
2026-08-20 11:20:44,2026-08-20 11:05,745.9,733.1,1.75,9716990,753.3,737.8,933.7,322.6
2026-08-20 11:25:43,2026-08-20 11:10,744.6,733.1,1.57,9751030,753.3,737.8,933.7,322.6
2026-08-20 11:30:42,2026-08-20 11:15,745.3,733.1,1.66,9871820,753.3,737.8,933.7,322.6
2026-08-20 12:30:32,2026-08-20 11:30,745.6,733.1,1.71,10195870,753.3,737.8,933.7,322.6
2026-08-20 12:35:31,2026-08-20 11:30,745.6,733.1,1.71,10195870,753.3,737.8,933.7,322.6
2026-08-20 12:40:39,2026-08-20 11:30,745.6,733.1,1.71,10195870,753.3,737.8,933.7,322.6
2026-08-20 12:46:46,2026-08-20 12:31,742.4,733.1,1.27,10316830,753.3,737.8,933.7,322.6
2026-08-20 12:50:33,2026-08-20 12:35,741.0,733.1,1.08,10411410,753.3,737.8,933.7,322.6
2026-08-20 12:55:37,2026-08-20 12:39,741.1,733.1,1.09,10475520,753.3,737.8,933.7,322.6
2026-08-20 13:00:30,2026-08-20 12:45,742.1,733.1,1.23,10711780,753.3,737.8,933.7,322.6
2026-08-20 13:05:43,2026-08-20 12:50,743.3,733.1,1.39,10792400,753.3,737.8,933.7,322.6
2026-08-20 13:20:14,2026-08-20 13:05,745.5,733.1,1.69,11103370,753.3,737.8,933.7,322.6
2026-08-20 13:20:51,2026-08-20 13:05,746.5,733.1,1.83,11107880,753.3,737.8,933.7,322.6
2026-08-20 13:25:32,2026-08-20 13:10,747.6,733.1,1.98,11218060,753.3,737.8,933.7,322.6
2026-08-20 13:30:33,2026-08-20 13:15,746.9,733.1,1.88,11351210,753.3,737.8,933.7,322.6
2026-08-20 13:35:34,2026-08-20 13:20,748.3,733.1,2.07,11471710,753.3,737.8,933.7,322.6
2026-08-20 13:40:42,2026-08-20 13:25,747.6,733.1,1.98,11526670,753.3,737.8,933.7,322.6
2026-08-20 13:45:43,2026-08-20 13:30,747.8,733.1,2.01,11594480,753.3,737.8,933.7,322.6
2026-08-20 13:50:38,2026-08-20 13:35,747.4,733.1,1.95,11676280,753.3,737.8,933.7,322.6
2026-08-20 13:55:34,2026-08-20 13:40,748.0,733.1,2.03,11723170,753.3,737.8,933.7,322.6
2026-08-20 14:00:43,2026-08-20 13:45,749.6,733.1,2.25,11777070,753.3,737.8,933.7,322.6
2026-08-20 14:05:40,2026-08-20 13:50,750.0,733.1,2.31,11858850,753.3,737.8,933.7,322.6
2026-08-20 14:10:46,2026-08-20 13:55,749.7,733.1,2.26,11936510,753.3,737.8,933.7,322.6
2026-08-20 14:15:37,2026-08-20 14:00,749.4,733.1,2.22,11992140,753.3,737.8,933.7,322.6
2026-08-20 14:20:44,2026-08-20 14:05,749.6,733.1,2.25,12047630,753.3,737.8,933.7,322.6
2026-08-20 14:25:32,2026-08-20 14:10,748.7,733.1,2.13,12120260,753.3,737.8,933.7,322.6
2026-08-20 14:30:49,2026-08-20 14:15,747.6,733.1,1.98,12145970,753.3,737.8,933.7,322.6
2026-08-20 14:35:51,2026-08-20 14:19,749.6,733.1,2.25,12228330,753.3,737.8,933.7,322.6
2026-08-20 14:40:37,2026-08-20 14:25,750.2,733.1,2.33,12299910,753.3,737.8,933.7,322.6
2026-08-20 14:45:30,2026-08-20 14:30,750.3,733.1,2.35,12344590,753.3,737.8,933.7,322.6
2026-08-20 14:50:31,2026-08-20 14:35,750.1,733.1,2.32,12403500,753.3,737.8,933.7,322.6
2026-08-20 14:55:43,2026-08-20 14:40,750.1,733.1,2.32,12535980,753.3,737.8,933.7,322.6
2026-08-20 15:00:31,2026-08-20 14:45,750.1,733.1,2.32,12777070,753.3,737.8,933.7,322.6
2026-08-20 15:05:40,2026-08-20 14:50,748.7,733.1,2.13,12871130,753.3,737.8,933.7,322.6
2026-08-20 15:10:48,2026-08-20 14:55,748.0,733.1,2.03,12946150,753.3,737.8,933.7,322.6
2026-08-20 15:15:40,2026-08-20 15:00,748.8,733.1,2.14,13023280,753.3,737.8,933.7,322.6
2026-08-20 15:20:45,2026-08-20 15:05,748.7,733.1,2.13,13100920,753.3,737.8,933.7,322.6
2026-08-20 15:25:34,2026-08-20 15:10,751.2,733.1,2.47,13290840,753.3,737.8,933.7,322.6
2026-08-20 15:30:35,2026-08-20 15:15,750.8,733.1,2.41,13329230,753.3,737.8,933.7,322.6
2026-08-20 15:40:37,2026-08-20 15:24,749.5,733.1,2.24,13513420,753.3,737.8,933.7,322.6
2026-08-21 09:05:35,2026-08-20 15:30,752.0,733.1,2.58,13621970,753.3,737.8,933.7,322.6
2026-08-21 09:10:48,2026-08-20 15:30,752.0,733.1,2.58,13621970,753.3,737.8,933.7,322.6
2026-08-21 09:15:30,2026-08-20 15:30,752.0,733.1,2.58,13621970,753.3,737.8,933.7,322.6
2026-08-21 09:20:34,2026-08-21 09:05,738.0,752.0,-1.86,526840,738.2,734.1,933.7,322.6
2026-08-21 09:25:30,2026-08-21 09:10,740.1,752.0,-1.58,1310760,741.1,734.1,933.7,322.6
2026-08-21 09:30:33,2026-08-21 09:15,742.8,752.0,-1.22,1579690,744.0,734.1,933.7,322.6
2026-08-21 09:35:44,2026-08-21 09:20,740.9,752.0,-1.48,1909450,744.0,734.1,933.7,322.6
2026-08-21 09:40:40,2026-08-21 09:25,740.4,752.0,-1.54,2165820,744.0,734.1,933.7,322.6
2026-08-21 09:45:39,2026-08-21 09:30,736.3,752.0,-2.09,2559510,744.0,734.1,933.7,322.6
2026-08-21 09:50:34,2026-08-21 09:35,735.7,752.0,-2.17,2746100,744.0,734.1,933.7,322.6
2026-08-21 09:55:33,2026-08-21 09:40,738.6,752.0,-1.78,3215160,744.0,734.1,933.7,322.6
2026-08-21 10:00:37,2026-08-21 09:45,738.4,752.0,-1.81,3423220,744.0,734.1,933.7,322.6
2026-08-21 10:05:38,2026-08-21 09:50,739.2,752.0,-1.7,3636030,744.0,734.1,933.7,322.6
2026-08-21 10:10:33,2026-08-21 09:55,735.0,752.0,-2.26,4004590,744.0,734.1,933.7,322.6
2026-08-21 10:15:38,2026-08-21 10:00,733.1,752.0,-2.51,4451950,744.0,732.3,933.7,322.6
2026-08-21 10:20:35,2026-08-21 10:05,730.1,752.0,-2.91,4817310,744.0,730.1,933.7,322.6
2026-08-21 10:25:45,2026-08-21 10:10,732.0,752.0,-2.66,5248700,744.0,728.6,933.7,322.6
2026-08-21 10:30:40,2026-08-21 10:15,734.0,752.0,-2.39,5556320,744.0,728.6,933.7,322.6
2026-08-21 10:35:41,2026-08-21 10:20,736.1,752.0,-2.11,5947960,744.0,728.6,933.7,322.6
2026-08-21 10:40:45,2026-08-21 10:25,737.3,752.0,-1.95,6267490,744.0,728.6,933.7,322.6
2026-08-21 10:45:40,2026-08-21 10:30,738.0,752.0,-1.86,6405400,744.0,728.6,933.7,322.6
2026-08-21 10:50:35,2026-08-21 10:35,736.9,752.0,-2.01,6529500,744.0,728.6,933.7,322.6
2026-08-21 10:55:41,2026-08-21 10:40,739.2,752.0,-1.7,6576380,744.0,728.6,933.7,322.6
2026-08-21 11:00:32,2026-08-21 10:45,741.4,752.0,-1.41,6753910,744.0,728.6,933.7,322.6
2026-08-21 11:05:35,2026-08-21 10:50,742.0,752.0,-1.33,6890940,744.0,728.6,933.7,322.6
2026-08-21 11:10:33,2026-08-21 10:55,740.0,752.0,-1.6,7032340,744.0,728.6,933.7,322.6
2026-08-21 11:15:30,2026-08-21 11:00,739.9,752.0,-1.61,7155800,744.0,728.6,933.7,322.6
2026-08-21 11:20:32,2026-08-21 11:05,739.7,752.0,-1.64,7211690,744.0,728.6,933.7,322.6
2026-08-21 11:25:36,2026-08-21 11:10,742.2,752.0,-1.3,7428070,744.0,728.6,933.7,322.6
2026-08-21 11:30:50,2026-08-21 11:15,744.4,752.0,-1.01,7608280,744.6,728.6,933.7,322.6
2026-08-21 12:30:43,2026-08-21 11:30,745.9,752.0,-0.81,7897000,745.9,728.6,933.7,322.6
2026-08-21 12:35:33,2026-08-21 11:30,745.9,752.0,-0.81,7897000,745.9,728.6,933.7,322.6
2026-08-21 12:40:31,2026-08-21 11:30,745.9,752.0,-0.81,7897000,745.9,728.6,933.7,322.6
2026-08-21 12:45:37,2026-08-21 12:30,747.9,752.0,-0.55,8013570,748.0,728.6,933.7,322.6
2026-08-21 12:50:35,2026-08-21 12:35,746.8,752.0,-0.69,8236760,748.4,728.6,933.7,322.6
2026-08-21 12:55:31,2026-08-21 12:40,745.1,752.0,-0.92,8348220,748.4,728.6,933.7,322.6
2026-08-21 13:00:37,2026-08-21 12:45,744.2,752.0,-1.04,8484970,748.4,728.6,933.7,322.6
2026-08-21 13:05:38,2026-08-21 12:50,743.9,752.0,-1.08,8575770,748.4,728.6,933.7,322.6
2026-08-21 13:10:36,2026-08-21 12:55,742.0,752.0,-1.33,8764900,748.4,728.6,933.7,322.6
2026-08-21 13:15:34,2026-08-21 13:00,744.0,752.0,-1.06,8978930,748.4,728.6,933.7,322.6
2026-08-21 13:20:33,2026-08-21 13:05,744.5,752.0,-1.0,9058660,748.4,728.6,933.7,322.6
2026-08-21 13:25:36,2026-08-21 13:10,745.1,752.0,-0.92,9132450,748.4,728.6,933.7,322.6
2026-08-21 13:30:47,2026-08-21 13:15,745.5,752.0,-0.86,9295980,748.4,728.6,933.7,322.6
2026-08-21 13:35:43,2026-08-21 13:20,743.9,752.0,-1.08,9343180,748.4,728.6,933.7,322.6
2026-08-21 13:40:38,2026-08-21 13:25,743.6,752.0,-1.12,9384000,748.4,728.6,933.7,322.6
2026-08-21 13:45:36,2026-08-21 13:30,743.1,752.0,-1.18,9522340,748.4,728.6,933.7,322.6
2026-08-21 13:50:36,2026-08-21 13:35,743.6,752.0,-1.12,9550530,748.4,728.6,933.7,322.6
2026-08-21 13:55:35,2026-08-21 13:40,744.0,752.0,-1.06,9725770,748.4,728.6,933.7,322.6
2026-08-21 14:00:33,2026-08-21 13:45,744.5,752.0,-1.0,9884340,748.4,728.6,933.7,322.6
2026-08-21 14:05:38,2026-08-21 13:50,746.4,752.0,-0.74,10097360,748.4,728.6,933.7,322.6
2026-08-21 14:10:34,2026-08-21 13:55,746.4,752.0,-0.74,10172770,748.4,728.6,933.7,322.6
2026-08-21 14:15:34,2026-08-21 14:00,746.1,752.0,-0.78,10228640,748.4,728.6,933.7,322.6
2026-08-21 14:20:31,2026-08-21 14:03,744.9,752.0,-0.94,10257980,748.4,728.6,933.7,322.6
2026-08-21 14:25:49,2026-08-21 14:10,743.0,752.0,-1.2,10421890,748.4,728.6,933.7,322.6
2026-08-21 14:30:36,2026-08-21 14:15,744.6,752.0,-0.98,10474620,748.4,728.6,933.7,322.6
2026-08-21 14:35:45,2026-08-21 14:20,744.6,752.0,-0.98,10521360,748.4,728.6,933.7,322.6
2026-08-21 14:40:32,2026-08-21 14:25,743.4,752.0,-1.14,10537340,748.4,728.6,933.7,322.6
2026-08-21 14:45:37,2026-08-21 14:30,742.5,752.0,-1.26,10653480,748.4,728.6,933.7,322.6
2026-08-21 14:50:37,2026-08-21 14:35,742.1,752.0,-1.32,10811640,748.4,728.6,933.7,322.6
2026-08-21 14:55:33,2026-08-21 14:40,741.6,752.0,-1.38,10937190,748.4,728.6,933.7,322.6
2026-08-21 15:00:32,2026-08-21 14:45,741.2,752.0,-1.44,10984420,748.4,728.6,933.7,322.6
2026-08-21 15:05:34,2026-08-21 14:50,740.4,752.0,-1.54,11129200,748.4,728.6,933.7,322.6
2026-08-21 15:10:36,2026-08-21 14:55,741.8,752.0,-1.36,11183140,748.4,728.6,933.7,322.6
2026-08-21 15:15:34,2026-08-21 15:00,742.2,752.0,-1.3,11339370,748.4,728.6,933.7,322.6
2026-08-21 15:21:14,2026-08-21 15:06,743.4,752.0,-1.14,11537500,748.4,728.6,933.7,322.6
2026-08-21 15:25:36,2026-08-21 15:10,743.7,752.0,-1.1,11580500,748.4,728.6,933.7,322.6
2026-08-21 15:30:48,2026-08-21 15:15,743.9,752.0,-1.08,11626380,748.4,728.6,933.7,322.6
2026-08-21 15:40:43,2026-08-21 15:24,746.0,752.0,-0.8,11789350,748.4,728.6,933.7,322.6
2026-08-24 09:05:33,2026-08-21 15:30,746.5,752.0,-0.73,11945720,748.4,728.6,933.7,322.6
2026-08-24 09:10:44,2026-08-21 15:30,746.5,752.0,-0.73,11945720,748.4,728.6,933.7,322.6
2026-08-24 09:15:38,2026-08-24 09:00,744.8,752.0,-0.96,12268650,749.5,744.6,933.7,322.6
2026-08-24 09:20:34,2026-08-24 09:05,747.1,746.5,0.08,771440,749.5,741.1,933.7,322.6
2026-08-24 09:25:31,2026-08-24 09:10,750.7,746.5,0.56,1352630,751.3,741.1,933.7,322.6
2026-08-24 09:30:32,2026-08-24 09:15,746.1,746.5,-0.05,1781650,751.3,741.1,933.7,322.6
2026-08-24 09:35:41,2026-08-24 09:20,741.5,746.5,-0.67,2007360,751.3,740.7,933.7,322.6
2026-08-24 09:40:38,2026-08-24 09:25,740.0,746.5,-0.87,2290000,751.3,739.1,933.7,322.6
2026-08-24 09:45:31,2026-08-24 09:30,738.6,746.5,-1.06,2588820,751.3,737.5,933.7,322.6
2026-08-24 09:50:34,2026-08-24 09:35,742.0,746.5,-0.6,2776480,751.3,737.5,933.7,322.6
2026-08-24 09:55:43,2026-08-24 09:40,742.5,746.5,-0.54,2889750,751.3,737.5,933.7,322.6
2026-08-24 10:00:39,2026-08-24 09:45,740.3,746.5,-0.83,3013590,751.3,737.5,933.7,322.6
2026-08-24 10:05:41,2026-08-24 09:50,743.2,746.5,-0.44,3185470,751.3,737.5,933.7,322.6
2026-08-24 10:10:32,2026-08-24 09:55,743.7,746.5,-0.38,3328500,751.3,737.5,933.7,322.6
2026-08-24 10:15:43,2026-08-24 10:00,746.7,746.5,0.03,3433890,751.3,737.5,933.7,322.6
2026-08-24 10:20:37,2026-08-24 10:02,745.8,746.5,-0.09,3520040,751.3,737.5,933.7,322.6
2026-08-24 10:25:57,2026-08-24 10:10,744.1,746.5,-0.32,3618820,751.3,737.5,933.7,322.6
2026-08-24 10:30:38,2026-08-24 10:15,747.8,746.5,0.17,3731110,751.3,737.5,933.7,322.6
2026-08-24 10:35:46,2026-08-24 10:20,748.5,746.5,0.27,3896820,751.3,737.5,933.7,322.6
2026-08-24 10:40:40,2026-08-24 10:25,747.9,746.5,0.19,4104530,751.3,737.5,933.7,322.6
2026-08-24 10:45:43,2026-08-24 10:30,745.9,746.5,-0.08,4182220,751.3,737.5,933.7,322.6
2026-08-24 10:50:33,2026-08-24 10:35,745.1,746.5,-0.19,4385160,751.3,737.5,933.7,322.6
2026-08-24 10:55:42,2026-08-24 10:40,748.2,746.5,0.23,4525780,751.3,737.5,933.7,322.6
2026-08-24 11:00:36,2026-08-24 10:45,745.4,746.5,-0.15,4649710,751.3,737.5,933.7,322.6
2026-08-24 11:05:39,2026-08-24 10:50,747.4,746.5,0.12,4737060,751.3,737.5,933.7,322.6
2026-08-24 11:10:43,2026-08-24 10:55,744.3,746.5,-0.29,4821250,751.3,737.5,933.7,322.6
2026-08-24 11:15:37,2026-08-24 11:00,740.3,746.5,-0.83,4965060,751.3,737.5,933.7,322.6
2026-08-24 11:20:47,2026-08-24 11:05,742.5,746.5,-0.54,5060720,751.3,737.5,933.7,322.6
2026-08-24 11:25:32,2026-08-24 11:10,741.8,746.5,-0.63,5215340,751.3,737.5,933.7,322.6
2026-08-24 11:30:36,2026-08-24 11:15,745.2,746.5,-0.17,5332240,751.3,737.5,933.7,322.6
2026-08-24 12:30:33,2026-08-24 11:30,745.0,746.5,-0.2,5445180,751.3,737.5,933.7,322.6
2026-08-24 12:35:41,2026-08-24 11:30,745.0,746.5,-0.2,5445180,751.3,737.5,933.7,322.6
2026-08-24 12:40:40,2026-08-24 11:30,745.0,746.5,-0.2,5445180,751.3,737.5,933.7,322.6
2026-08-24 12:45:39,2026-08-24 11:30,745.0,746.5,-0.2,5445180,751.3,737.5,933.7,322.6
2026-08-24 12:50:35,2026-08-24 12:35,737.8,746.5,-1.17,5903850,751.3,736.0,933.7,322.6
2026-08-24 12:55:32,2026-08-24 12:40,738.9,746.5,-1.02,6019030,751.3,736.0,933.7,322.6
2026-08-24 13:00:37,2026-08-24 12:45,737.4,746.5,-1.22,6199930,751.3,736.0,933.7,322.6
2026-08-24 13:05:40,2026-08-24 12:50,737.4,746.5,-1.22,6281890,751.3,736.0,933.7,322.6
2026-08-24 13:10:36,2026-08-24 12:55,735.5,746.5,-1.47,6512760,751.3,735.3,933.7,322.6
2026-08-24 13:15:35,2026-08-24 13:00,737.7,746.5,-1.18,6569740,751.3,735.3,933.7,322.6
2026-08-24 13:20:35,2026-08-24 13:05,739.0,746.5,-1.0,6711270,751.3,735.3,933.7,322.6
2026-08-24 13:25:41,2026-08-24 13:10,738.4,746.5,-1.09,6751150,751.3,735.3,933.7,322.6
2026-08-24 13:30:37,2026-08-24 13:15,740.3,746.5,-0.83,6893610,751.3,735.3,933.7,322.6
2026-08-24 13:35:34,2026-08-24 13:20,739.6,746.5,-0.92,6950330,751.3,735.3,933.7,322.6
2026-08-24 13:40:38,2026-08-24 13:25,737.7,746.5,-1.18,7062380,751.3,735.3,933.7,322.6
2026-08-24 13:45:36,2026-08-24 13:30,738.7,746.5,-1.04,7183150,751.3,735.3,933.7,322.6
2026-08-24 13:50:35,2026-08-24 13:35,737.6,746.5,-1.19,7220510,751.3,735.3,933.7,322.6
2026-08-24 13:55:31,2026-08-24 13:40,737.3,746.5,-1.23,7297090,751.3,735.3,933.7,322.6
2026-08-24 14:00:34,2026-08-24 13:45,738.6,746.5,-1.06,7386020,751.3,735.3,933.7,322.6
2026-08-24 14:05:34,2026-08-24 13:50,739.4,746.5,-0.95,7532120,751.3,735.3,933.7,322.6
2026-08-24 14:10:38,2026-08-24 13:55,737.3,746.5,-1.23,7574320,751.3,735.3,933.7,322.6
2026-08-24 14:15:42,2026-08-24 14:00,737.3,746.5,-1.23,7597710,751.3,735.3,933.7,322.6
2026-08-24 14:20:36,2026-08-24 14:05,738.2,746.5,-1.11,7728670,751.3,735.3,933.7,322.6
2026-08-24 14:25:37,2026-08-24 14:10,739.3,746.5,-0.96,7795670,751.3,735.3,933.7,322.6
2026-08-24 14:30:36,2026-08-24 14:15,740.0,746.5,-0.87,7861250,751.3,735.3,933.7,322.6
2026-08-24 14:35:38,2026-08-24 14:20,738.8,746.5,-1.03,7951340,751.3,735.3,933.7,322.6
2026-08-24 14:40:43,2026-08-24 14:25,738.5,746.5,-1.07,7953990,751.3,735.3,933.7,322.6
2026-08-24 14:45:41,2026-08-24 14:30,738.6,746.5,-1.06,8026240,751.3,735.3,933.7,322.6
2026-08-24 14:50:40,2026-08-24 14:35,736.6,746.5,-1.33,8158390,751.3,735.3,933.7,322.6
2026-08-24 14:55:38,2026-08-24 14:40,738.0,746.5,-1.14,8270880,751.3,735.3,933.7,322.6
2026-08-24 15:00:36,2026-08-24 14:45,736.4,746.5,-1.35,8355020,751.3,735.3,933.7,322.6
2026-08-24 15:05:36,2026-08-24 14:50,736.3,746.5,-1.37,8405870,751.3,735.3,933.7,322.6
2026-08-24 15:10:51,2026-08-24 14:55,735.7,746.5,-1.45,8493890,751.3,735.3,933.7,322.6
2026-08-24 15:15:33,2026-08-24 15:00,735.9,746.5,-1.42,8536110,751.3,735.3,933.7,322.6
2026-08-24 15:20:42,2026-08-24 15:05,733.9,746.5,-1.69,8809840,751.3,733.4,933.7,322.6
2026-08-24 15:25:44,2026-08-24 15:10,734.8,746.5,-1.57,8879860,751.3,733.4,933.7,322.6
2026-08-24 15:30:36,2026-08-24 15:15,736.3,746.5,-1.37,8953260,751.3,733.4,933.7,322.6
2026-08-24 15:40:48,2026-08-24 15:24,735.4,746.5,-1.49,9188820,751.3,733.4,933.7,322.6
2026-08-25 09:05:52,2026-08-24 15:30,735.9,746.5,-1.42,9307560,751.3,733.4,933.7,322.6
2026-08-25 09:10:31,2026-08-24 15:30,735.9,746.5,-1.42,9307560,751.3,733.4,933.7,322.6
2026-08-25 09:16:21,2026-08-25 09:01,735.9,746.5,-1.42,9656630,730.3,724.2,933.7,322.6
2026-08-25 09:20:33,2026-08-25 09:05,723.0,735.9,-1.75,747880,730.3,722.0,933.7,322.6
2026-08-25 09:25:43,2026-08-25 09:10,722.1,735.9,-1.88,1149420,730.3,721.6,933.7,322.6
2026-08-25 09:30:32,2026-08-25 09:15,716.0,735.9,-2.7,2023200,730.3,715.2,933.7,322.6
2026-08-25 09:35:30,2026-08-25 09:20,716.1,735.9,-2.69,2416530,730.3,714.3,933.7,322.6
2026-08-25 09:40:35,2026-08-25 09:25,720.9,735.9,-2.04,2791890,730.3,714.3,933.7,322.6
2026-08-25 09:45:34,2026-08-25 09:30,722.9,735.9,-1.77,3237480,730.3,714.3,933.7,322.6
2026-08-25 09:50:31,2026-08-25 09:35,723.1,735.9,-1.74,3434930,730.3,714.3,933.7,322.6
2026-08-25 09:55:39,2026-08-25 09:40,718.9,735.9,-2.31,3559920,730.3,714.3,933.7,322.6
2026-08-25 10:00:34,2026-08-25 09:45,722.2,735.9,-1.86,3667820,730.3,714.3,933.7,322.6
2026-08-25 10:05:55,2026-08-25 09:50,723.4,735.9,-1.7,3991380,730.3,714.3,933.7,322.6
2026-08-25 10:10:47,2026-08-25 09:55,726.8,735.9,-1.24,4174600,730.3,714.3,933.7,322.6
2026-08-25 10:15:44,2026-08-25 10:00,725.1,735.9,-1.47,4275790,730.3,714.3,933.7,322.6
2026-08-25 10:20:35,2026-08-25 10:05,725.0,735.9,-1.48,4355870,730.3,714.3,933.7,322.6
2026-08-25 10:25:30,2026-08-25 10:10,722.5,735.9,-1.82,4433420,730.3,714.3,933.7,322.6
2026-08-25 10:30:32,2026-08-25 10:15,722.3,735.9,-1.85,4508270,730.3,714.3,933.7,322.6
2026-08-25 10:35:40,2026-08-25 10:20,724.0,735.9,-1.62,4557610,730.3,714.3,933.7,322.6
2026-08-25 10:40:42,2026-08-25 10:25,720.5,735.9,-2.09,4708540,730.3,714.3,933.7,322.6
2026-08-25 10:45:32,2026-08-25 10:30,722.5,735.9,-1.82,4907740,730.3,714.3,933.7,322.6
2026-08-25 10:50:36,2026-08-25 10:35,724.9,735.9,-1.49,5105740,730.3,714.3,933.7,322.6
2026-08-25 10:55:39,2026-08-25 10:40,729.1,735.9,-0.92,5439060,730.3,714.3,933.7,322.6
2026-08-25 11:00:35,2026-08-25 10:45,727.4,735.9,-1.16,5610800,730.3,714.3,933.7,322.6
2026-08-25 11:06:02,2026-08-25 10:51,727.5,735.9,-1.14,5684870,730.3,714.3,933.7,322.6
2026-08-25 11:10:37,2026-08-25 10:55,728.5,735.9,-1.01,5774500,730.3,714.3,933.7,322.6
2026-08-25 11:15:33,2026-08-25 11:00,727.6,735.9,-1.13,5823050,730.3,714.3,933.7,322.6
2026-08-25 11:20:37,2026-08-25 11:05,729.3,735.9,-0.9,5883150,730.3,714.3,933.7,322.6
2026-08-25 11:25:32,2026-08-25 11:10,728.0,735.9,-1.07,5905680,730.3,714.3,933.7,322.6
2026-08-25 11:30:40,2026-08-25 11:15,731.1,735.9,-0.65,6191100,731.3,714.3,933.7,322.6
2026-08-25 12:30:46,2026-08-25 11:30,736.8,735.9,0.12,6825100,736.8,714.3,933.7,322.6
2026-08-25 12:35:52,2026-08-25 11:30,736.8,735.9,0.12,6825100,736.8,714.3,933.7,322.6
2026-08-25 12:40:41,2026-08-25 11:30,736.8,735.9,0.12,6825100,736.8,714.3,933.7,322.6
2026-08-25 12:45:35,2026-08-25 12:30,740.4,735.9,0.61,7035080,742.4,714.3,933.7,322.6
2026-08-25 12:50:31,2026-08-25 12:35,741.7,735.9,0.79,7297320,742.4,714.3,933.7,322.6
2026-08-25 12:55:35,2026-08-25 12:40,739.3,735.9,0.46,7711740,742.4,714.3,933.7,322.6
2026-08-25 13:00:53,2026-08-25 12:45,738.6,735.9,0.37,8043010,742.4,714.3,933.7,322.6
2026-08-25 13:06:23,2026-08-25 12:51,737.4,735.9,0.2,8344420,742.4,714.3,933.7,322.6
2026-08-25 13:10:57,2026-08-25 12:55,738.3,735.9,0.33,8517840,742.4,714.3,933.7,322.6
2026-08-25 13:15:35,2026-08-25 13:00,739.0,735.9,0.42,8796210,742.4,714.3,933.7,322.6
2026-08-25 13:20:33,2026-08-25 13:05,741.2,735.9,0.72,8953310,742.4,714.3,933.7,322.6
2026-08-25 13:25:51,2026-08-25 13:10,740.1,735.9,0.57,9314650,742.4,714.3,933.7,322.6
2026-08-25 13:30:34,2026-08-25 13:15,741.4,735.9,0.75,9974870,742.4,714.3,933.7,322.6
2026-08-25 13:35:32,2026-08-25 13:20,741.0,735.9,0.69,10305870,742.4,714.3,933.7,322.6
2026-08-25 13:40:33,2026-08-25 13:25,740.5,735.9,0.63,10471000,742.4,714.3,933.7,322.6
2026-08-25 13:45:30,2026-08-25 13:30,740.2,735.9,0.58,10646030,742.4,714.3,933.7,322.6
2026-08-25 13:50:36,2026-08-25 13:35,741.8,735.9,0.8,10904150,742.6,714.3,933.7,322.6
2026-08-25 13:55:40,2026-08-25 13:40,742.0,735.9,0.83,11038610,742.6,714.3,933.7,322.6
2026-08-25 14:00:32,2026-08-25 13:45,741.5,735.9,0.76,11145010,742.8,714.3,933.7,322.6
2026-08-25 14:05:31,2026-08-25 13:50,739.5,735.9,0.49,11284120,742.8,714.3,933.7,322.6
2026-08-25 14:10:35,2026-08-25 13:55,740.2,735.9,0.58,11416130,742.8,714.3,933.7,322.6
2026-08-25 14:15:43,2026-08-25 14:00,739.6,735.9,0.5,11458430,742.8,714.3,933.7,322.6
2026-08-25 14:20:32,2026-08-25 14:05,739.4,735.9,0.48,11518590,742.8,714.3,933.7,322.6
2026-08-25 14:25:34,2026-08-25 14:10,738.7,735.9,0.38,11541070,742.8,714.3,933.7,322.6
2026-08-25 14:30:32,2026-08-25 14:15,739.3,735.9,0.46,11549530,742.8,714.3,933.7,322.6
2026-08-25 14:35:40,2026-08-25 14:20,740.6,735.9,0.64,11578010,742.8,714.3,933.7,322.6
2026-08-25 14:40:35,2026-08-25 14:25,741.0,735.9,0.69,11648270,742.8,714.3,933.7,322.6
2026-08-25 14:45:36,2026-08-25 14:30,741.5,735.9,0.76,11667350,742.8,714.3,933.7,322.6
2026-08-25 14:50:31,2026-08-25 14:35,741.3,735.9,0.73,11698080,742.8,714.3,933.7,322.6
2026-08-25 14:55:32,2026-08-25 14:40,741.2,735.9,0.72,11736190,742.8,714.3,933.7,322.6
2026-08-25 15:00:34,2026-08-25 14:45,739.2,735.9,0.45,11803780,742.8,714.3,933.7,322.6
2026-08-25 15:05:40,2026-08-25 14:50,739.2,735.9,0.45,11833600,742.8,714.3,933.7,322.6
2026-08-25 15:10:33,2026-08-25 14:55,740.0,735.9,0.56,11892440,742.8,714.3,933.7,322.6
2026-08-25 15:15:42,2026-08-25 15:00,740.8,735.9,0.67,11999580,742.8,714.3,933.7,322.6
2026-08-25 15:21:24,2026-08-25 15:06,740.9,735.9,0.68,12063270,742.8,714.3,933.7,322.6
2026-08-25 15:26:22,2026-08-25 15:11,741.8,735.9,0.8,12156360,742.8,714.3,933.7,322.6
2026-08-25 15:30:33,2026-08-25 15:15,742.1,735.9,0.84,12261500,742.8,714.3,933.7,322.6
2026-08-25 15:41:32,2026-08-25 15:24,743.4,735.9,1.02,12481420,743.8,714.3,933.7,322.6
2026-08-26 09:05:35,2026-08-25 15:30,744.2,735.9,1.13,12568230,744.2,714.3,933.7,322.6
2026-08-26 09:10:33,2026-08-25 15:30,744.2,735.9,1.13,12568230,744.2,714.3,933.7,322.6
2026-08-26 09:15:36,2026-08-26 09:00,744.2,735.9,1.13,12835780,737.9,733.2,933.7,322.6
2026-08-26 09:20:31,2026-08-26 09:05,737.6,744.2,-0.89,609460,738.5,732.7,933.7,322.6
2026-08-26 09:25:36,2026-08-26 09:10,736.5,744.2,-1.03,1245250,738.5,732.7,933.7,322.6
2026-08-26 09:30:33,2026-08-26 09:15,736.6,744.2,-1.02,1562060,738.5,732.7,933.7,322.6
2026-08-26 09:35:31,2026-08-26 09:20,738.6,744.2,-0.75,1775970,739.5,732.7,933.7,322.6
2026-08-26 09:40:48,2026-08-26 09:25,735.5,744.2,-1.17,1883490,739.5,732.7,933.7,322.6
2026-08-26 09:45:37,2026-08-26 09:30,737.1,744.2,-0.95,2177080,739.5,732.7,933.7,322.6
2026-08-26 09:50:33,2026-08-26 09:35,737.9,744.2,-0.85,2281240,739.5,732.7,933.7,322.6
2026-08-26 09:55:42,2026-08-26 09:37,737.0,744.2,-0.97,2371420,739.5,732.7,933.7,322.6
2026-08-26 10:00:40,2026-08-26 09:45,736.8,744.2,-0.99,2807560,739.5,732.7,933.7,322.6
2026-08-26 10:05:37,2026-08-26 09:50,737.1,744.2,-0.95,2967240,739.5,732.7,933.7,322.6
2026-08-26 10:11:27,2026-08-26 09:56,733.6,744.2,-1.42,3463570,739.5,731.8,933.7,322.6
2026-08-26 10:15:41,2026-08-26 10:00,733.8,744.2,-1.4,3707740,739.5,731.5,933.7,322.6
2026-08-26 10:21:03,2026-08-26 10:06,736.5,744.2,-1.03,3934930,739.5,731.5,933.7,322.6
2026-08-26 10:25:35,2026-08-26 10:10,735.3,744.2,-1.2,4044550,739.5,731.5,933.7,322.6
2026-08-26 10:30:33,2026-08-26 10:15,736.0,744.2,-1.1,4182070,739.5,731.5,933.7,322.6
2026-08-26 10:35:40,2026-08-26 10:20,736.4,744.2,-1.05,4404520,739.5,731.5,933.7,322.6
2026-08-26 10:40:37,2026-08-26 10:25,734.4,744.2,-1.32,4715470,739.5,731.5,933.7,322.6
2026-08-26 10:45:54,2026-08-26 10:30,736.2,744.2,-1.07,4932810,739.5,731.5,933.7,322.6
2026-08-26 10:50:37,2026-08-26 10:35,737.7,744.2,-0.87,5416960,739.5,731.5,933.7,322.6
2026-08-26 10:55:33,2026-08-26 10:40,739.5,744.2,-0.63,5947340,739.6,731.5,933.7,322.6
2026-08-26 11:00:32,2026-08-26 10:45,737.8,744.2,-0.86,6654500,739.7,731.5,933.7,322.6
2026-08-26 11:05:34,2026-08-26 10:50,738.0,744.2,-0.83,6876280,739.7,731.5,933.7,322.6
2026-08-26 11:10:39,2026-08-26 10:52,739.3,744.2,-0.66,6953360,739.7,731.5,933.7,322.6
2026-08-26 11:15:38,2026-08-26 11:00,740.9,744.2,-0.44,7355240,741.9,731.5,933.7,322.6
2026-08-26 11:20:35,2026-08-26 11:05,741.5,744.2,-0.36,7433470,741.9,731.5,933.7,322.6
2026-08-26 11:26:02,2026-08-26 11:11,742.8,744.2,-0.19,7532680,742.9,731.5,933.7,322.6
2026-08-26 11:30:40,2026-08-26 11:15,744.0,744.2,-0.03,7596840,744.1,731.5,933.7,322.6
2026-08-26 12:30:36,2026-08-26 11:30,750.7,744.2,0.87,8000110,750.7,731.5,933.7,322.6
2026-08-26 12:35:38,2026-08-26 11:30,750.7,744.2,0.87,8000110,750.7,731.5,933.7,322.6
2026-08-26 12:40:47,2026-08-26 11:30,750.7,744.2,0.87,8000110,750.7,731.5,933.7,322.6
2026-08-26 12:45:33,2026-08-26 12:30,750.7,744.2,0.87,8149550,750.7,731.5,933.7,322.6
2026-08-26 12:50:33,2026-08-26 12:35,750.7,744.2,0.87,8370700,751.3,731.5,933.7,322.6
2026-08-26 12:55:33,2026-08-26 12:40,753.1,744.2,1.2,9147510,753.1,731.5,933.7,322.6
2026-08-26 13:00:37,2026-08-26 12:45,752.1,744.2,1.06,9543040,753.5,731.5,933.7,322.6
2026-08-26 13:05:44,2026-08-26 12:50,753.5,744.2,1.25,9882070,754.2,731.5,933.7,322.6
2026-08-26 13:11:38,2026-08-26 12:56,752.5,744.2,1.12,10136130,754.2,731.5,933.7,322.6
2026-08-26 13:15:45,2026-08-26 13:00,751.3,744.2,0.95,10353150,754.2,731.5,933.7,322.6
2026-08-26 13:20:33,2026-08-26 13:05,752.0,744.2,1.05,10441900,754.2,731.5,933.7,322.6
2026-08-26 13:25:42,2026-08-26 13:08,750.3,744.2,0.82,10469280,754.2,731.5,933.7,322.6
2026-08-26 13:30:36,2026-08-26 13:15,750.6,744.2,0.86,10615990,754.2,731.5,933.7,322.6
2026-08-26 13:35:38,2026-08-26 13:20,752.8,744.2,1.16,10686760,754.2,731.5,933.7,322.6
2026-08-26 13:40:31,2026-08-26 13:25,753.4,744.2,1.24,10731100,754.2,731.5,933.7,322.6
2026-08-26 13:45:37,2026-08-26 13:30,753.9,744.2,1.3,10904540,754.2,731.5,933.7,322.6
2026-08-26 13:50:33,2026-08-26 13:35,754.3,744.2,1.36,11043320,755.2,731.5,933.7,322.6
2026-08-26 13:56:20,2026-08-26 13:41,753.7,744.2,1.28,11112700,755.2,731.5,933.7,322.6
2026-08-26 14:00:38,2026-08-26 13:45,752.4,744.2,1.1,11139530,755.2,731.5,933.7,322.6
2026-08-26 14:05:37,2026-08-26 13:50,752.3,744.2,1.09,11223480,755.2,731.5,933.7,322.6
2026-08-26 14:10:59,2026-08-26 13:55,753.6,744.2,1.26,11265140,755.2,731.5,933.7,322.6
2026-08-26 14:15:30,2026-08-26 14:00,753.7,744.2,1.28,11273480,755.2,731.5,933.7,322.6
2026-08-26 14:20:36,2026-08-26 14:05,753.3,744.2,1.22,11367390,755.2,731.5,933.7,322.6
2026-08-26 14:25:39,2026-08-26 14:10,754.0,744.2,1.32,11409290,755.2,731.5,933.7,322.6
2026-08-26 14:30:43,2026-08-26 14:15,752.8,744.2,1.16,11435900,755.2,731.5,933.7,322.6
2026-08-26 14:35:36,2026-08-26 14:20,751.7,744.2,1.01,11484720,755.2,731.5,933.7,322.6
2026-08-26 14:40:34,2026-08-26 14:25,752.4,744.2,1.1,11530420,755.2,731.5,933.7,322.6
2026-08-26 14:45:44,2026-08-26 14:29,752.9,744.2,1.17,11640040,755.2,731.5,933.7,322.6
2026-08-26 14:50:40,2026-08-26 14:35,752.1,744.2,1.06,11753630,755.2,731.5,933.7,322.6
2026-08-26 14:55:48,2026-08-26 14:40,751.8,744.2,1.02,11862790,755.2,731.5,933.7,322.6
2026-08-26 15:00:44,2026-08-26 14:45,752.7,744.2,1.14,11908500,755.2,731.5,933.7,322.6
2026-08-26 15:05:36,2026-08-26 14:50,752.2,744.2,1.07,11944980,755.2,731.5,933.7,322.6
2026-08-26 15:12:54,2026-08-26 14:57,752.1,744.2,1.06,11987340,755.2,731.5,933.7,322.6
2026-08-26 15:16:41,2026-08-26 15:01,752.7,744.2,1.14,12019730,755.2,731.5,933.7,322.6
2026-08-26 15:21:32,2026-08-26 15:06,752.6,744.2,1.13,12078630,755.2,731.5,933.7,322.6
2026-08-26 15:25:39,2026-08-26 15:10,751.2,744.2,0.94,12126140,755.2,731.5,933.7,322.6
2026-08-26 15:40:45,2026-08-26 15:24,750.9,744.2,0.9,12383950,755.2,731.5,933.7,322.6
2026-08-27 09:05:36,2026-08-26 15:30,751.5,744.2,0.98,12532120,755.2,731.5,933.7,322.6
2026-08-27 09:10:31,2026-08-26 15:30,751.5,744.2,0.98,12532120,755.2,731.5,933.7,322.6
2026-08-27 09:15:35,2026-08-26 15:30,751.5,744.2,0.98,12532120,755.2,731.5,933.7,322.6
2026-08-27 09:20:39,2026-08-27 09:05,766.0,751.5,1.93,1105910,767.1,762.7,933.7,322.6
2026-08-27 09:25:35,2026-08-27 09:10,761.3,751.5,1.3,1563950,767.1,760.4,933.7,322.6
2026-08-27 09:30:34,2026-08-27 09:15,756.3,751.5,0.64,2017430,767.1,755.1,933.7,322.6
2026-08-27 09:35:43,2026-08-27 09:20,757.0,751.5,0.73,2396160,767.1,754.4,933.7,322.6
2026-08-27 09:40:29,2026-08-27 09:25,757.9,751.5,0.85,2569380,767.1,754.4,933.7,322.6
2026-08-27 09:45:34,2026-08-27 09:30,752.2,751.5,0.09,2868040,767.1,752.2,933.7,322.6
2026-08-27 09:50:37,2026-08-27 09:35,750.0,751.5,-0.2,3262000,767.1,748.5,933.7,322.6
2026-08-27 09:55:39,2026-08-27 09:40,748.1,751.5,-0.45,3535260,767.1,746.8,933.7,322.6
2026-08-27 10:00:38,2026-08-27 09:45,747.2,751.5,-0.57,3893570,767.1,746.4,933.7,322.6
2026-08-27 10:05:33,2026-08-27 09:50,746.3,751.5,-0.69,4017750,767.1,745.8,933.7,322.6
2026-08-27 10:10:31,2026-08-27 09:55,743.8,751.5,-1.02,4248680,767.1,742.7,933.7,322.6
2026-08-27 10:15:36,2026-08-27 10:00,742.3,751.5,-1.22,4399450,767.1,741.9,933.7,322.6
2026-08-27 10:20:35,2026-08-27 10:03,742.9,751.5,-1.14,4537010,767.1,740.7,933.7,322.6
2026-08-27 10:25:34,2026-08-27 10:10,741.6,751.5,-1.32,4843370,767.1,740.6,933.7,322.6
2026-08-27 10:30:37,2026-08-27 10:15,741.1,751.5,-1.38,4965530,767.1,740.1,933.7,322.6
2026-08-27 10:35:43,2026-08-27 10:20,741.6,751.5,-1.32,5091440,767.1,740.1,933.7,322.6
2026-08-27 10:40:34,2026-08-27 10:25,745.8,751.5,-0.76,5267340,767.1,740.1,933.7,322.6
2026-08-27 10:45:36,2026-08-27 10:30,744.2,751.5,-0.97,5519650,767.1,740.1,933.7,322.6
2026-08-27 10:50:33,2026-08-27 10:35,749.2,751.5,-0.31,5956940,767.1,740.1,933.7,322.6
2026-08-27 10:55:34,2026-08-27 10:40,750.2,751.5,-0.17,6352340,767.1,740.1,933.7,322.6
2026-08-27 11:00:36,2026-08-27 10:45,746.0,751.5,-0.73,6810710,767.1,740.1,933.7,322.6
2026-08-27 11:05:35,2026-08-27 10:50,747.7,751.5,-0.51,7028960,767.1,740.1,933.7,322.6
2026-08-27 11:10:46,2026-08-27 10:55,750.5,751.5,-0.13,7229120,767.1,740.1,933.7,322.6
2026-08-27 11:15:34,2026-08-27 11:00,748.0,751.5,-0.47,7632810,767.1,740.1,933.7,322.6
2026-08-27 11:20:37,2026-08-27 11:05,750.3,751.5,-0.16,7871950,767.1,740.1,933.7,322.6
2026-08-27 11:25:37,2026-08-27 11:10,750.3,751.5,-0.16,7980240,767.1,740.1,933.7,322.6
2026-08-27 11:30:35,2026-08-27 11:15,752.5,751.5,0.13,8093190,767.1,740.1,933.7,322.6
2026-08-27 12:30:32,2026-08-27 11:30,749.2,751.5,-0.31,8312730,767.1,740.1,933.7,322.6
2026-08-27 12:35:54,2026-08-27 11:30,749.2,751.5,-0.31,8312730,767.1,740.1,933.7,322.6
2026-08-27 12:40:36,2026-08-27 11:30,749.2,751.5,-0.31,8312730,767.1,740.1,933.7,322.6
2026-08-27 12:45:41,2026-08-27 12:30,752.0,751.5,0.07,8380610,767.1,740.1,933.7,322.6
2026-08-27 12:50:36,2026-08-27 12:35,754.2,751.5,0.36,8671860,767.1,740.1,933.7,322.6
2026-08-27 12:55:41,2026-08-27 12:40,753.8,751.5,0.31,8882100,767.1,740.1,933.7,322.6
2026-08-27 13:00:47,2026-08-27 12:45,754.4,751.5,0.39,8995440,767.1,740.1,933.7,322.6
2026-08-27 13:05:30,2026-08-27 12:50,755.3,751.5,0.51,9085530,767.1,740.1,933.7,322.6
2026-08-27 13:10:30,2026-08-27 12:55,756.3,751.5,0.64,9261810,767.1,740.1,933.7,322.6
2026-08-27 13:15:35,2026-08-27 12:58,755.3,751.5,0.51,9322850,767.1,740.1,933.7,322.6
2026-08-27 13:20:36,2026-08-27 13:05,755.0,751.5,0.47,9425120,767.1,740.1,933.7,322.6
2026-08-27 13:25:36,2026-08-27 13:10,754.5,751.5,0.4,9566650,767.1,740.1,933.7,322.6
2026-08-27 13:30:35,2026-08-27 13:15,753.0,751.5,0.2,9692530,767.1,740.1,933.7,322.6
2026-08-27 13:35:31,2026-08-27 13:20,755.0,751.5,0.47,9843610,767.1,740.1,933.7,322.6
2026-08-27 13:40:40,2026-08-27 13:25,754.2,751.5,0.36,9945830,767.1,740.1,933.7,322.6
2026-08-27 13:45:32,2026-08-27 13:30,752.2,751.5,0.09,10075090,767.1,740.1,933.7,322.6
2026-08-27 13:50:35,2026-08-27 13:35,750.4,751.5,-0.15,10148440,767.1,740.1,933.7,322.6
2026-08-27 13:55:38,2026-08-27 13:40,748.7,751.5,-0.37,10254040,767.1,740.1,933.7,322.6
2026-08-27 14:00:37,2026-08-27 13:45,749.0,751.5,-0.33,10315380,767.1,740.1,933.7,322.6
2026-08-27 14:05:32,2026-08-27 13:48,749.9,751.5,-0.21,10334640,767.1,740.1,933.7,322.6
2026-08-27 14:10:47,2026-08-27 13:55,750.3,751.5,-0.16,10429240,767.1,740.1,933.7,322.6
2026-08-27 14:15:34,2026-08-27 14:00,750.2,751.5,-0.17,10503670,767.1,740.1,933.7,322.6
2026-08-27 14:20:32,2026-08-27 14:05,749.3,751.5,-0.29,10549980,767.1,740.1,933.7,322.6
2026-08-27 14:25:36,2026-08-27 14:10,749.1,751.5,-0.32,10613490,767.1,740.1,933.7,322.6
2026-08-27 14:30:30,2026-08-27 14:15,748.0,751.5,-0.47,10656860,767.1,740.1,933.7,322.6
2026-08-27 14:35:35,2026-08-27 14:20,745.7,751.5,-0.77,10767170,767.1,740.1,933.7,322.6
2026-08-27 14:40:42,2026-08-27 14:25,746.9,751.5,-0.61,10907620,767.1,740.1,933.7,322.6
2026-08-27 14:45:43,2026-08-27 14:30,746.3,751.5,-0.69,10935200,767.1,740.1,933.7,322.6
2026-08-27 14:50:34,2026-08-27 14:35,746.1,751.5,-0.72,10943710,767.1,740.1,933.7,322.6
2026-08-27 14:55:33,2026-08-27 14:40,746.7,751.5,-0.64,10990770,767.1,740.1,933.7,322.6
2026-08-27 15:00:32,2026-08-27 14:45,745.9,751.5,-0.75,11054170,767.1,740.1,933.7,322.6
2026-08-27 15:05:35,2026-08-27 14:50,747.3,751.5,-0.56,11139250,767.1,740.1,933.7,322.6
2026-08-27 15:10:36,2026-08-27 14:55,747.2,751.5,-0.57,11203300,767.1,740.1,933.7,322.6
2026-08-27 15:15:35,2026-08-27 15:00,748.1,751.5,-0.45,11235580,767.1,740.1,933.7,322.6
2026-08-27 15:21:21,2026-08-27 15:06,747.1,751.5,-0.59,11303310,767.1,740.1,933.7,322.6
2026-08-27 15:25:35,2026-08-27 15:10,746.1,751.5,-0.72,11344140,767.1,740.1,933.7,322.6
2026-08-27 15:30:36,2026-08-27 15:15,747.6,751.5,-0.52,11414810,767.1,740.1,933.7,322.6
2026-08-27 15:40:36,2026-08-27 15:24,748.2,751.5,-0.44,11694890,767.1,740.1,933.7,322.6
2026-08-28 09:05:35,2026-08-27 15:30,748.1,751.5,-0.45,11791890,767.1,740.1,933.7,322.6
2026-08-28 09:10:32,2026-08-27 15:30,748.1,751.5,-0.45,11791890,767.1,740.1,933.7,322.6
2026-08-28 09:15:32,2026-08-28 09:00,748.1,751.5,-0.45,12009160,750.8,748.4,933.7,322.6
2026-08-28 09:20:35,2026-08-28 09:05,751.1,748.1,0.4,845210,755.5,746.6,933.7,322.6
2026-08-28 09:27:51,2026-08-28 09:12,757.6,748.1,1.27,1522500,757.7,746.6,933.7,322.6
2026-08-28 09:30:37,2026-08-28 09:15,757.9,748.1,1.31,1618380,757.9,746.6,933.7,322.6
2026-08-28 09:35:35,2026-08-28 09:20,756.8,748.1,1.16,1935200,758.3,746.6,933.7,322.6
2026-08-28 09:40:35,2026-08-28 09:25,758.1,748.1,1.34,2182760,758.5,746.6,933.7,322.6
2026-08-28 09:45:34,2026-08-28 09:30,759.0,748.1,1.46,2447140,759.1,746.6,933.7,322.6
2026-08-28 09:50:32,2026-08-28 09:35,758.2,748.1,1.35,2534620,759.2,746.6,933.7,322.6
2026-08-28 09:55:33,2026-08-28 09:40,755.7,748.1,1.02,2729940,759.2,746.6,933.7,322.6
2026-08-28 10:00:42,2026-08-28 09:45,755.2,748.1,0.95,2863520,759.2,746.6,933.7,322.6
2026-08-28 10:05:45,2026-08-28 09:50,758.1,748.1,1.34,3074280,759.2,746.6,933.7,322.6
2026-08-28 10:10:35,2026-08-28 09:55,757.2,748.1,1.22,3174170,759.2,746.6,933.7,322.6
2026-08-28 10:15:36,2026-08-28 10:00,757.3,748.1,1.23,3268330,759.2,746.6,933.7,322.6
2026-08-28 10:20:32,2026-08-28 10:05,757.3,748.1,1.23,3347630,759.2,746.6,933.7,322.6
2026-08-28 10:25:32,2026-08-28 10:10,756.5,748.1,1.12,3396610,759.2,746.6,933.7,322.6
2026-08-28 10:30:32,2026-08-28 10:15,757.8,748.1,1.3,3519960,759.2,746.6,933.7,322.6
2026-08-28 10:35:41,2026-08-28 10:20,759.0,748.1,1.46,3955160,760.2,746.6,933.7,322.6
2026-08-28 10:40:33,2026-08-28 10:25,756.6,748.1,1.14,4036260,760.2,746.6,933.7,322.6
2026-08-28 10:45:33,2026-08-28 10:30,756.3,748.1,1.1,4251430,760.2,746.6,933.7,322.6
2026-08-28 10:50:32,2026-08-28 10:35,759.3,748.1,1.5,4369920,760.2,746.6,933.7,322.6
2026-08-28 10:55:29,2026-08-28 10:40,759.4,748.1,1.51,4545840,761.1,746.6,933.7,322.6
2026-08-28 11:00:48,2026-08-28 10:45,760.0,748.1,1.59,4646780,761.5,746.6,933.7,322.6
2026-08-28 11:05:36,2026-08-28 10:50,760.6,748.1,1.67,4670120,761.5,746.6,933.7,322.6
2026-08-28 11:10:32,2026-08-28 10:55,761.3,748.1,1.76,4701470,761.6,746.6,933.7,322.6
2026-08-28 11:15:31,2026-08-28 11:00,760.7,748.1,1.68,4754750,761.6,746.6,933.7,322.6
2026-08-28 11:20:38,2026-08-28 11:05,761.0,748.1,1.72,4785570,761.7,746.6,933.7,322.6
2026-08-28 11:25:39,2026-08-28 11:10,760.6,748.1,1.67,4824400,761.7,746.6,933.7,322.6
2026-08-28 11:30:34,2026-08-28 11:15,761.0,748.1,1.72,4936940,761.7,746.6,933.7,322.6
2026-08-28 12:30:35,2026-08-28 11:30,760.8,748.1,1.7,5345530,764.7,746.6,933.7,322.6
2026-08-28 12:35:36,2026-08-28 11:30,760.8,748.1,1.7,5345530,764.7,746.6,933.7,322.6
2026-08-28 12:40:35,2026-08-28 11:30,760.8,748.1,1.7,5345530,764.7,746.6,933.7,322.6
2026-08-28 12:45:33,2026-08-28 12:30,764.4,748.1,2.18,5531930,764.7,746.6,933.7,322.6
2026-08-28 12:50:36,2026-08-28 12:35,761.6,748.1,1.8,5700380,764.7,746.6,933.7,322.6
2026-08-28 12:55:36,2026-08-28 12:40,758.8,748.1,1.43,5832080,764.7,746.6,933.7,322.6
2026-08-28 13:00:59,2026-08-28 12:45,756.8,748.1,1.16,5950090,764.7,746.6,933.7,322.6
2026-08-28 13:05:36,2026-08-28 12:50,759.1,748.1,1.47,6070280,764.7,746.6,933.7,322.6
2026-08-28 13:10:31,2026-08-28 12:55,761.1,748.1,1.74,6274760,764.7,746.6,933.7,322.6
2026-08-28 13:15:46,2026-08-28 13:00,760.2,748.1,1.62,6393170,764.7,746.6,933.7,322.6
2026-08-28 13:20:32,2026-08-28 13:05,757.9,748.1,1.31,6481580,764.7,746.6,933.7,322.6
2026-08-28 13:29:47,2026-08-28 13:14,760.1,748.1,1.6,6620090,764.7,746.6,933.7,322.6
2026-08-28 13:30:36,2026-08-28 13:15,759.9,748.1,1.58,6637680,764.7,746.6,933.7,322.6
2026-08-28 13:35:35,2026-08-28 13:20,760.2,748.1,1.62,6683800,764.7,746.6,933.7,322.6
2026-08-28 13:40:39,2026-08-28 13:25,759.8,748.1,1.56,6717670,764.7,746.6,933.7,322.6
2026-08-28 13:45:35,2026-08-28 13:30,759.1,748.1,1.47,6743610,764.7,746.6,933.7,322.6
2026-08-28 13:50:32,2026-08-28 13:35,757.7,748.1,1.28,6889020,764.7,746.6,933.7,322.6
2026-08-28 13:55:36,2026-08-28 13:40,759.0,748.1,1.46,6942200,764.7,746.6,933.7,322.6
2026-08-28 14:00:32,2026-08-28 13:45,758.7,748.1,1.42,6997770,764.7,746.6,933.7,322.6
2026-08-28 14:06:31,2026-08-28 13:51,759.3,748.1,1.5,7064920,764.7,746.6,933.7,322.6
2026-08-28 14:10:40,2026-08-28 13:55,759.2,748.1,1.48,7109680,764.7,746.6,933.7,322.6
2026-08-28 14:15:31,2026-08-28 14:00,758.5,748.1,1.39,7159230,764.7,746.6,933.7,322.6
2026-08-28 14:20:30,2026-08-28 14:05,756.9,748.1,1.18,7249620,764.7,746.6,933.7,322.6
2026-08-28 14:25:32,2026-08-28 14:10,755.9,748.1,1.04,7348100,764.7,746.6,933.7,322.6
2026-08-28 14:30:39,2026-08-28 14:15,757.3,748.1,1.23,7424230,764.7,746.6,933.7,322.6
2026-08-28 14:35:36,2026-08-28 14:20,756.9,748.1,1.18,7501420,764.7,746.6,933.7,322.6
2026-08-28 14:40:34,2026-08-28 14:25,755.8,748.1,1.03,7575440,764.7,746.6,933.7,322.6
2026-08-28 14:45:32,2026-08-28 14:30,756.1,748.1,1.07,7614620,764.7,746.6,933.7,322.6
2026-08-28 14:50:33,2026-08-28 14:35,755.2,748.1,0.95,7680300,764.7,746.6,933.7,322.6
2026-08-28 14:55:33,2026-08-28 14:40,753.4,748.1,0.71,7832210,764.7,746.6,933.7,322.6
2026-08-28 15:00:37,2026-08-28 14:45,753.8,748.1,0.76,8009150,764.7,746.6,933.7,322.6
2026-08-28 15:05:33,2026-08-28 14:50,753.0,748.1,0.65,8104550,764.7,746.6,933.7,322.6
2026-08-28 15:10:47,2026-08-28 14:55,752.8,748.1,0.63,8237440,764.7,746.6,933.7,322.6
2026-08-28 15:17:06,2026-08-28 15:02,752.9,748.1,0.64,8302300,764.7,746.6,933.7,322.6
2026-08-28 15:30:59,2026-08-28 15:15,755.7,748.1,1.02,8505020,764.7,746.6,933.7,322.6
2026-08-28 15:40:41,2026-08-28 15:24,754.6,748.1,0.87,8704000,764.7,746.6,933.7,322.6
2026-08-31 09:05:44,2026-08-28 15:30,753.9,748.1,0.78,8801930,764.7,746.6,933.7,322.6
2026-08-31 09:10:42,2026-08-28 15:30,753.9,748.1,0.78,8801930,764.7,746.6,933.7,322.6
2026-08-31 09:15:37,2026-08-28 15:30,753.9,748.1,0.78,8801930,764.7,746.6,933.7,322.6
2026-08-31 09:20:31,2026-08-28 15:30,753.9,748.1,0.78,8801930,764.7,746.6,933.7,322.6
2026-08-31 09:25:31,2026-08-31 09:10,724.0,753.9,-3.97,1251220,724.8,713.9,933.7,322.6
2026-08-31 09:30:40,2026-08-31 09:15,723.0,753.9,-4.1,1769500,724.8,713.9,933.7,322.6
2026-08-31 09:35:37,2026-08-31 09:20,723.8,753.9,-3.99,2329160,727.2,713.9,933.7,322.6
2026-08-31 09:40:49,2026-08-31 09:25,728.1,753.9,-3.42,2666810,728.8,713.9,933.7,322.6
2026-08-31 09:45:36,2026-08-31 09:30,730.1,753.9,-3.16,3053530,730.1,713.9,933.7,322.6
2026-08-31 09:50:33,2026-08-31 09:35,734.7,753.9,-2.55,3444300,735.1,713.9,933.7,322.6
2026-08-31 09:55:36,2026-08-31 09:40,732.0,753.9,-2.9,3864390,735.1,713.9,933.7,322.6
2026-08-31 10:00:34,2026-08-31 09:45,729.7,753.9,-3.21,4112180,735.1,713.9,933.7,322.6
2026-08-31 10:05:48,2026-08-31 09:50,729.3,753.9,-3.26,4235270,735.1,713.9,933.7,322.6
2026-08-31 10:10:38,2026-08-31 09:55,728.5,753.9,-3.37,4366780,735.1,713.9,933.7,322.6
2026-08-31 10:15:38,2026-08-31 10:00,724.8,753.9,-3.86,4731160,735.1,713.9,933.7,322.6
2026-08-31 10:20:35,2026-08-31 10:05,725.3,753.9,-3.79,4938030,735.1,713.9,933.7,322.6
2026-08-31 10:25:34,2026-08-31 10:10,724.1,753.9,-3.95,5022840,735.1,713.9,933.7,322.6
2026-08-31 10:30:34,2026-08-31 10:15,726.4,753.9,-3.65,5222950,735.1,713.9,933.7,322.6
2026-08-31 10:35:40,2026-08-31 10:20,728.3,753.9,-3.4,5480740,735.1,713.9,933.7,322.6
2026-08-31 10:40:46,2026-08-31 10:25,726.6,753.9,-3.62,5593920,735.1,713.9,933.7,322.6
2026-08-31 10:45:34,2026-08-31 10:30,729.0,753.9,-3.3,5758610,735.1,713.9,933.7,322.6
2026-08-31 10:50:34,2026-08-31 10:35,728.0,753.9,-3.44,5806360,735.1,713.9,933.7,322.6
2026-08-31 10:55:36,2026-08-31 10:40,729.3,753.9,-3.26,5927340,735.1,713.9,933.7,322.6
2026-08-31 11:00:37,2026-08-31 10:45,728.4,753.9,-3.38,6029190,735.1,713.9,933.7,322.6
2026-08-31 11:05:49,2026-08-31 10:50,727.7,753.9,-3.48,6357100,735.1,713.9,933.7,322.6
2026-08-31 11:10:31,2026-08-31 10:55,726.4,753.9,-3.65,6387610,735.1,713.9,933.7,322.6
2026-08-31 11:15:31,2026-08-31 11:00,726.2,753.9,-3.67,6531930,735.1,713.9,933.7,322.6
2026-08-31 11:20:35,2026-08-31 11:05,731.2,753.9,-3.01,6901810,735.1,713.9,933.7,322.6
2026-08-31 11:25:31,2026-08-31 11:10,731.2,753.9,-3.01,7141650,735.1,713.9,933.7,322.6
2026-08-31 11:30:34,2026-08-31 11:15,731.8,753.9,-2.93,7299850,735.1,713.9,933.7,322.6
2026-08-31 12:30:36,2026-08-31 11:30,730.8,753.9,-3.06,7721190,735.1,713.9,933.7,322.6
2026-08-31 12:35:38,2026-08-31 11:30,730.8,753.9,-3.06,7721190,735.1,713.9,933.7,322.6
2026-08-31 12:40:32,2026-08-31 11:30,730.8,753.9,-3.06,7721190,735.1,713.9,933.7,322.6
2026-08-31 12:45:34,2026-08-31 12:30,738.3,753.9,-2.07,7937490,739.3,713.9,933.7,322.6
2026-08-31 12:50:46,2026-08-31 12:35,737.5,753.9,-2.18,8106150,739.3,713.9,933.7,322.6
2026-08-31 12:55:32,2026-08-31 12:40,737.4,753.9,-2.19,8163670,739.3,713.9,933.7,322.6
2026-08-31 13:00:35,2026-08-31 12:45,739.0,753.9,-1.98,8211900,739.3,713.9,933.7,322.6
2026-08-31 13:05:39,2026-08-31 12:50,739.0,753.9,-1.98,8301990,739.3,713.9,933.7,322.6
2026-08-31 13:10:41,2026-08-31 12:55,738.5,753.9,-2.04,8516870,739.3,713.9,933.7,322.6
2026-08-31 13:15:38,2026-08-31 13:00,738.5,753.9,-2.04,8609530,739.3,713.9,933.7,322.6
2026-08-31 13:20:31,2026-08-31 13:05,739.8,753.9,-1.87,8751900,740.0,713.9,933.7,322.6
2026-08-31 13:25:32,2026-08-31 13:10,739.1,753.9,-1.96,8829170,740.0,713.9,933.7,322.6
2026-08-31 13:30:35,2026-08-31 13:15,739.4,753.9,-1.92,8929460,740.0,713.9,933.7,322.6
2026-08-31 13:35:34,2026-08-31 13:20,741.4,753.9,-1.66,9147690,741.8,713.9,933.7,322.6
2026-08-31 13:40:32,2026-08-31 13:25,742.2,753.9,-1.55,9245150,742.4,713.9,933.7,322.6
2026-08-31 13:45:34,2026-08-31 13:30,742.9,753.9,-1.46,9395060,743.2,713.9,933.7,322.6
2026-08-31 13:50:39,2026-08-31 13:35,742.8,753.9,-1.47,9652270,743.2,713.9,933.7,322.6
2026-08-31 13:55:43,2026-08-31 13:40,745.6,753.9,-1.1,9921950,746.2,713.9,933.7,322.6
2026-08-31 14:00:45,2026-08-31 13:45,745.0,753.9,-1.18,9994350,746.2,713.9,933.7,322.6
2026-08-31 14:05:38,2026-08-31 13:50,745.2,753.9,-1.15,10050490,746.2,713.9,933.7,322.6
2026-08-31 14:10:36,2026-08-31 13:55,746.9,753.9,-0.93,10186390,747.0,713.9,933.7,322.6
2026-08-31 14:15:38,2026-08-31 14:00,748.9,753.9,-0.66,10341140,749.2,713.9,933.7,322.6
2026-08-31 14:20:36,2026-08-31 14:05,749.7,753.9,-0.56,10448780,749.8,713.9,933.7,322.6
2026-08-31 14:25:37,2026-08-31 14:10,748.0,753.9,-0.78,10524630,749.8,713.9,933.7,322.6
2026-08-31 14:30:38,2026-08-31 14:15,749.6,753.9,-0.57,10583370,749.8,713.9,933.7,322.6
2026-08-31 14:35:48,2026-08-31 14:20,750.1,753.9,-0.5,10694040,751.3,713.9,933.7,322.6
2026-08-31 14:40:31,2026-08-31 14:25,749.2,753.9,-0.62,10790340,751.3,713.9,933.7,322.6
2026-08-31 14:45:35,2026-08-31 14:30,749.1,753.9,-0.64,11053630,751.3,713.9,933.7,322.6
2026-08-31 14:50:35,2026-08-31 14:35,747.7,753.9,-0.82,11133860,751.3,713.9,933.7,322.6
2026-08-31 14:55:36,2026-08-31 14:40,747.8,753.9,-0.81,11171290,751.3,713.9,933.7,322.6
2026-08-31 15:00:32,2026-08-31 14:45,748.2,753.9,-0.76,11250180,751.3,713.9,933.7,322.6
2026-08-31 15:05:34,2026-08-31 14:50,748.0,753.9,-0.78,11324320,751.3,713.9,933.7,322.6
2026-08-31 15:10:35,2026-08-31 14:55,749.1,753.9,-0.64,11347630,751.3,713.9,933.7,322.6
2026-08-31 15:15:37,2026-08-31 15:00,749.1,753.9,-0.64,11395570,751.3,713.9,933.7,322.6
2026-08-31 15:20:37,2026-08-31 15:05,748.2,753.9,-0.76,11463500,751.3,713.9,933.7,322.6
2026-08-31 15:25:35,2026-08-31 15:10,749.0,753.9,-0.65,11539470,751.3,713.9,933.7,322.6
2026-08-31 15:30:34,2026-08-31 15:15,749.9,753.9,-0.53,11593550,751.3,713.9,933.7,322.6
2026-08-31 15:40:37,2026-08-31 15:24,751.6,753.9,-0.31,11874510,751.7,713.9,933.7,322.6
2026-09-01 09:05:46,2026-08-31 15:30,753.7,753.9,-0.03,12029300,753.7,713.9,933.7,322.6
2026-09-01 09:10:34,2026-08-31 15:30,753.7,753.9,-0.03,12029300,753.7,713.9,933.7,322.6
2026-09-01 09:15:35,2026-09-01 09:00,753.7,753.9,-0.03,12425120,741.5,736.6,933.7,322.6
2026-09-01 09:20:42,2026-09-01 09:05,739.7,753.7,-1.86,749480,741.6,735.6,933.7,322.6
2026-09-01 09:25:34,2026-09-01 09:10,737.6,753.7,-2.14,1224550,741.6,735.6,933.7,322.6
2026-09-01 09:30:33,2026-09-01 09:15,736.7,753.7,-2.26,1516990,741.6,735.6,933.7,322.6
2026-09-01 09:35:40,2026-09-01 09:20,741.0,753.7,-1.69,1819010,741.6,735.6,933.7,322.6
2026-09-01 09:40:36,2026-09-01 09:25,738.8,753.7,-1.98,1994360,741.8,735.6,933.7,322.6
2026-09-01 09:45:43,2026-09-01 09:30,740.7,753.7,-1.72,2196790,741.8,735.6,933.7,322.6
2026-09-01 09:50:38,2026-09-01 09:35,739.3,753.7,-1.91,2361630,741.8,735.6,933.7,322.6
2026-09-01 09:55:34,2026-09-01 09:40,740.2,753.7,-1.79,2585330,741.8,735.6,933.7,322.6
2026-09-01 10:00:33,2026-09-01 09:45,742.5,753.7,-1.49,2728500,742.9,735.6,933.7,322.6
2026-09-01 10:05:33,2026-09-01 09:50,743.5,753.7,-1.35,3006880,744.9,735.6,933.7,322.6
2026-09-01 10:10:36,2026-09-01 09:55,744.5,753.7,-1.22,3083120,744.9,735.6,933.7,322.6
2026-09-01 10:15:34,2026-09-01 10:00,747.2,753.7,-0.86,3331270,747.3,735.6,933.7,322.6
2026-09-01 10:20:33,2026-09-01 10:05,748.6,753.7,-0.68,3430960,748.7,735.6,933.7,322.6
2026-09-01 10:25:37,2026-09-01 10:10,750.5,753.7,-0.42,3596680,750.9,735.6,933.7,322.6
2026-09-01 10:30:32,2026-09-01 10:14,752.0,753.7,-0.23,3742850,752.1,735.6,933.7,322.6
2026-09-01 10:35:43,2026-09-01 10:20,755.1,753.7,0.19,3931860,755.1,735.6,933.7,322.6
2026-09-01 10:40:45,2026-09-01 10:25,750.6,753.7,-0.41,4148830,755.1,735.6,933.7,322.6
2026-09-01 10:45:34,2026-09-01 10:30,749.1,753.7,-0.61,4362350,755.1,735.6,933.7,323.3
2026-09-01 10:50:36,2026-09-01 10:35,751.5,753.7,-0.29,4528010,755.1,735.6,933.7,322.6
2026-09-01 10:55:31,2026-09-01 10:40,750.9,753.7,-0.37,4652930,755.1,735.6,933.7,322.6
2026-09-01 11:00:39,2026-09-01 10:45,752.7,753.7,-0.13,4738570,755.1,735.6,933.7,323.3
2026-09-01 11:05:34,2026-09-01 10:50,754.0,753.7,0.04,4849540,755.1,735.6,933.7,322.6
2026-09-01 11:10:33,2026-09-01 10:55,749.6,753.7,-0.54,5187260,755.1,735.6,933.7,322.6
2026-09-01 11:15:41,2026-09-01 11:00,749.3,753.7,-0.58,5362250,755.1,735.6,933.7,322.6
2026-09-01 11:20:37,2026-09-01 11:05,750.3,753.7,-0.45,5509150,755.1,735.6,933.7,323.3
2026-09-01 11:25:31,2026-09-01 11:10,748.6,753.7,-0.68,5660000,755.1,735.6,933.7,322.6
2026-09-01 11:30:32,2026-09-01 11:15,749.4,753.7,-0.57,5755890,755.1,735.6,933.7,322.6
2026-09-01 12:30:39,2026-09-01 11:30,747.0,753.7,-0.89,6013960,755.1,735.6,933.7,322.6
2026-09-01 12:35:35,2026-09-01 11:30,747.0,753.7,-0.89,6013960,755.1,735.6,933.7,322.6
2026-09-01 12:40:42,2026-09-01 11:30,747.0,753.7,-0.89,6013960,755.1,735.6,933.7,322.6
2026-09-01 12:45:34,2026-09-01 12:30,748.5,753.7,-0.69,6093390,755.1,735.6,933.7,322.6
2026-09-01 12:51:10,2026-09-01 12:36,750.5,753.7,-0.42,6189350,755.1,735.6,933.7,322.6
2026-09-01 12:55:39,2026-09-01 12:40,749.8,753.7,-0.52,6252560,755.1,735.6,933.7,322.6
2026-09-01 13:00:39,2026-09-01 12:45,749.5,753.7,-0.56,6347370,755.1,735.6,933.7,322.6
2026-09-01 13:05:43,2026-09-01 12:50,750.2,753.7,-0.46,6387000,755.1,735.6,933.7,322.6
2026-09-01 13:10:32,2026-09-01 12:55,750.1,753.7,-0.48,6443380,755.1,735.6,933.7,322.6
2026-09-01 13:15:35,2026-09-01 13:00,750.9,753.7,-0.37,6547580,755.1,735.6,933.7,322.6
2026-09-01 13:20:31,2026-09-01 13:05,751.0,753.7,-0.36,6645400,755.1,735.6,933.7,322.6
2026-09-01 13:25:40,2026-09-01 13:10,751.2,753.7,-0.33,6682090,755.1,735.6,933.7,322.6
2026-09-01 13:30:48,2026-09-01 13:15,750.9,753.7,-0.37,6709020,755.1,735.6,933.7,322.6
2026-09-01 13:35:35,2026-09-01 13:20,753.0,753.7,-0.09,6834930,755.1,735.6,933.7,322.6
2026-09-01 13:40:52,2026-09-01 13:25,754.0,753.7,0.04,7051940,755.1,735.6,933.7,322.6
2026-09-01 13:45:44,2026-09-01 13:30,752.0,753.7,-0.23,7209780,755.1,735.6,933.7,322.6
2026-09-01 13:50:36,2026-09-01 13:34,751.4,753.7,-0.31,7326790,755.1,735.6,933.7,322.6
2026-09-01 13:55:50,2026-09-01 13:40,749.6,753.7,-0.54,7471820,755.1,735.6,933.7,322.6
2026-09-01 14:00:41,2026-09-01 13:45,749.6,753.7,-0.54,7590930,755.1,735.6,933.7,322.6
2026-09-01 14:05:30,2026-09-01 13:50,750.8,753.7,-0.38,7625940,755.1,735.6,933.7,322.6
2026-09-01 14:10:34,2026-09-01 13:55,750.5,753.7,-0.42,7676830,755.1,735.6,933.7,322.6
2026-09-01 14:15:53,2026-09-01 14:00,749.0,753.7,-0.62,7788650,755.1,735.6,933.7,322.6
2026-09-01 14:20:41,2026-09-01 14:05,750.5,753.7,-0.42,7850440,755.1,735.6,933.7,322.6
2026-09-01 14:25:38,2026-09-01 14:10,751.5,753.7,-0.29,7962320,755.1,735.6,933.7,322.6
2026-09-01 14:30:34,2026-09-01 14:15,750.7,753.7,-0.4,7980280,755.1,735.6,933.7,322.6
2026-09-01 14:35:40,2026-09-01 14:20,750.5,753.7,-0.42,8067780,755.1,735.6,933.7,322.6
2026-09-01 14:40:43,2026-09-01 14:25,751.3,753.7,-0.32,8086960,755.1,735.6,933.7,322.6
2026-09-01 14:45:33,2026-09-01 14:30,753.0,753.7,-0.09,8306990,755.1,735.6,933.7,322.6
2026-09-01 14:50:32,2026-09-01 14:35,752.8,753.7,-0.12,8462120,755.1,735.6,933.7,322.6
2026-09-01 14:55:39,2026-09-01 14:40,756.4,753.7,0.36,8813730,756.5,735.6,933.7,322.6
2026-09-01 15:00:43,2026-09-01 14:45,756.6,753.7,0.38,8933550,756.9,735.6,933.7,322.6
2026-09-01 15:05:33,2026-09-01 14:50,755.6,753.7,0.25,9198490,757.8,735.6,933.7,322.6
2026-09-01 15:10:37,2026-09-01 14:55,757.5,753.7,0.5,9379200,757.8,735.6,933.7,322.6
2026-09-01 15:15:32,2026-09-01 15:00,756.8,753.7,0.41,9441240,757.9,735.6,933.7,322.6
2026-09-01 15:21:28,2026-09-01 15:06,756.2,753.7,0.33,9547610,757.9,735.6,933.7,323.3
2026-09-01 15:25:31,2026-09-01 15:10,755.5,753.7,0.24,9596300,757.9,735.6,933.7,322.6
2026-09-01 15:30:35,2026-09-01 15:15,754.6,753.7,0.12,9667650,757.9,735.6,933.7,323.3
2026-09-01 15:40:47,2026-09-01 15:24,753.1,753.7,-0.08,9782280,757.9,735.6,933.7,323.3
2026-09-02 09:05:46,2026-09-01 15:30,750.3,753.7,-0.45,9835470,757.9,735.6,933.7,323.3
2026-09-02 09:10:51,2026-09-01 15:30,750.3,753.7,-0.45,9835470,757.9,735.6,933.7,323.3
2026-09-02 09:15:34,2026-09-01 15:30,750.3,753.7,-0.45,9835470,757.9,735.6,933.7,323.3
2026-09-02 09:20:38,2026-09-02 09:05,717.9,750.3,-4.32,1370810,720.4,715.3,933.7,323.3
2026-09-02 09:25:42,2026-09-02 09:10,716.4,750.3,-4.52,2513950,720.4,715.3,933.7,323.3
2026-09-02 09:30:45,2026-09-02 09:15,718.9,750.3,-4.18,3179440,720.4,715.0,933.7,323.3
2026-09-02 09:35:38,2026-09-02 09:20,716.9,750.3,-4.45,3835210,720.5,715.0,933.7,323.3
2026-09-02 09:40:33,2026-09-02 09:25,715.4,750.3,-4.65,5215330,720.5,714.9,933.7,323.3
2026-09-02 09:45:46,2026-09-02 09:30,713.0,750.3,-4.97,6102720,720.5,712.2,933.7,323.3
2026-09-02 09:51:01,2026-09-02 09:35,711.6,750.3,-5.16,6814690,720.5,710.6,933.7,323.3
2026-09-02 09:55:35,2026-09-02 09:40,710.2,750.3,-5.34,7185970,720.5,710.1,933.7,323.3
2026-09-02 10:00:36,2026-09-02 09:45,713.6,750.3,-4.89,7932110,720.5,709.1,933.7,323.3
2026-09-02 10:05:38,2026-09-02 09:50,713.7,750.3,-4.88,8479120,720.5,709.1,933.7,323.3
2026-09-02 10:10:41,2026-09-02 09:55,713.1,750.3,-4.96,8788950,720.5,709.1,933.7,323.3
2026-09-02 10:15:35,2026-09-02 10:00,713.4,750.3,-4.92,9071590,720.5,709.1,933.7,323.3
2026-09-02 10:20:35,2026-09-02 10:05,714.3,750.3,-4.8,9349390,720.5,709.1,933.7,323.3
2026-09-02 10:25:46,2026-09-02 10:10,713.2,750.3,-4.94,9487130,720.5,709.1,933.7,323.3
2026-09-02 10:30:34,2026-09-02 10:15,711.5,750.3,-5.17,9737440,720.5,709.1,933.7,323.3
2026-09-02 10:35:33,2026-09-02 10:20,711.1,750.3,-5.22,9999850,720.5,709.1,933.7,323.3
2026-09-02 10:40:38,2026-09-02 10:25,713.8,750.3,-4.86,10502110,720.5,709.1,933.7,323.3
2026-09-02 10:45:33,2026-09-02 10:30,711.4,750.3,-5.18,10758350,720.5,709.1,933.7,323.3
2026-09-02 10:50:35,2026-09-02 10:35,712.1,750.3,-5.09,10887550,720.5,709.1,933.7,323.3
2026-09-02 10:55:31,2026-09-02 10:40,709.5,750.3,-5.44,11393970,720.5,708.8,933.7,323.3
2026-09-02 11:00:34,2026-09-02 10:45,708.0,750.3,-5.64,11752820,720.5,707.7,933.7,323.3
2026-09-02 11:05:35,2026-09-02 10:50,706.0,750.3,-5.9,12085870,720.5,705.8,933.7,323.3
2026-09-02 11:10:44,2026-09-02 10:55,707.5,750.3,-5.7,12259310,720.5,705.5,933.7,323.3
2026-09-02 11:15:36,2026-09-02 11:00,707.1,750.3,-5.76,12389690,720.5,705.5,933.7,323.3
2026-09-02 11:21:26,2026-09-02 11:06,706.5,750.3,-5.84,12538170,720.5,705.5,933.7,323.3
2026-09-02 11:26:21,2026-09-02 11:11,707.5,750.3,-5.7,12658540,720.5,705.5,933.7,323.3
2026-09-02 11:30:43,2026-09-02 11:15,708.5,750.3,-5.57,12812280,720.5,705.5,933.7,323.3
2026-09-02 12:40:47,2026-09-02 11:30,711.0,750.3,-5.24,13619650,720.5,705.5,933.7,323.3
2026-09-02 12:41:25,2026-09-02 11:30,711.0,750.3,-5.24,13619650,720.5,705.5,933.7,323.3
2026-09-02 12:45:35,2026-09-02 12:30,710.2,750.3,-5.34,13871520,720.5,705.5,933.7,323.3
2026-09-02 12:50:32,2026-09-02 12:35,710.0,750.3,-5.37,14043710,720.5,705.5,933.7,323.3
2026-09-02 12:55:41,2026-09-02 12:40,710.0,750.3,-5.37,14208190,720.5,705.5,933.7,323.3
