抓取时间,行情时刻,价格,昨收,涨跌幅%,成交量,当日最高,当日最低,52周最高,52周最低
2026-07-06 09:31:26,2026-07-06 09:16,469.9,465.0,1.05,4743200,473.8,465.5,939.4,442.8
2026-07-06 10:18:16,2026-07-06 10:03,469.0,465.0,0.86,9955100,475.5,465.5,939.4,442.8
2026-07-06 10:55:25,2026-07-06 10:40,470.1,465.0,1.1,12115900,475.5,465.5,939.4,442.8
2026-07-06 10:58:55,2026-07-06 10:43,470.1,465.0,1.1,12255100,475.5,465.5,939.4,442.8
2026-07-06 11:00:37,2026-07-06 10:45,470.2,465.0,1.12,12336100,475.5,465.5,939.4,442.8
2026-07-06 11:05:38,2026-07-06 10:50,469.5,465.0,0.97,12433500,475.5,465.5,939.4,442.8
2026-07-06 11:10:38,2026-07-06 10:55,469.5,465.0,0.97,12683200,475.5,465.5,939.4,442.8
2026-07-06 11:15:31,2026-07-06 11:00,469.1,465.0,0.88,12912800,475.5,465.5,939.4,442.8
2026-07-06 11:20:35,2026-07-06 11:05,470.4,465.0,1.16,13372700,475.5,465.5,939.4,442.8
2026-07-06 11:25:37,2026-07-06 11:10,470.9,465.0,1.27,13656000,475.5,465.5,939.4,442.8
2026-07-06 11:30:36,2026-07-06 11:15,471.2,465.0,1.33,13797100,475.5,465.5,939.4,442.8
2026-07-06 12:30:36,2026-07-06 11:30,470.9,465.0,1.27,14576300,475.5,465.5,939.4,442.8
2026-07-06 12:35:33,2026-07-06 11:30,470.9,465.0,1.27,14576300,475.5,465.5,939.4,442.8
2026-07-06 12:40:35,2026-07-06 11:30,470.9,465.0,1.27,14576300,475.5,465.5,939.4,442.8
2026-07-06 12:45:35,2026-07-06 12:30,471.0,465.0,1.29,15014200,475.5,465.5,939.4,442.8
2026-07-06 12:50:36,2026-07-06 12:35,471.5,465.0,1.4,15655100,475.5,465.5,939.4,442.8
2026-07-06 12:55:45,2026-07-06 12:40,470.0,465.0,1.08,16296500,475.5,465.5,939.4,442.8
2026-07-06 13:00:47,2026-07-06 12:45,470.8,465.0,1.25,16547200,475.5,465.5,939.4,442.8
2026-07-06 13:05:33,2026-07-06 12:50,470.4,465.0,1.16,16694000,475.5,465.5,939.4,442.8
2026-07-06 13:10:40,2026-07-06 12:55,469.9,465.0,1.05,16977400,475.5,465.5,939.4,442.8
2026-07-06 13:15:36,2026-07-06 13:00,468.9,465.0,0.84,17189100,475.5,465.5,939.4,442.8
2026-07-06 13:20:34,2026-07-06 13:05,468.7,465.0,0.8,17369900,475.5,465.5,939.4,442.8
2026-07-06 13:25:43,2026-07-06 13:10,468.5,465.0,0.75,17567600,475.5,465.5,939.4,442.8
2026-07-06 13:30:42,2026-07-06 13:15,468.8,465.0,0.82,17727300,475.5,465.5,939.4,442.8
2026-07-06 13:35:35,2026-07-06 13:20,468.8,465.0,0.82,17773800,475.5,465.5,939.4,442.8
2026-07-06 13:40:40,2026-07-06 13:25,469.1,465.0,0.88,17905000,475.5,465.5,939.4,442.8
2026-07-06 13:45:46,2026-07-06 13:30,469.0,465.0,0.86,17991100,475.5,465.5,939.4,442.8
2026-07-06 13:50:37,2026-07-06 13:35,468.8,465.0,0.82,18220900,475.5,465.5,939.4,442.8
2026-07-06 13:55:37,2026-07-06 13:40,469.7,465.0,1.01,18475900,475.5,465.5,939.4,442.8
2026-07-06 14:00:41,2026-07-06 13:45,471.6,465.0,1.42,18896500,475.5,465.5,939.4,442.8
2026-07-06 14:05:44,2026-07-06 13:50,470.7,465.0,1.23,19142700,475.5,465.5,939.4,442.8
2026-07-06 14:10:39,2026-07-06 13:55,470.0,465.0,1.08,19311900,475.5,465.5,939.4,442.8
2026-07-06 14:15:40,2026-07-06 14:00,470.3,465.0,1.14,19431300,475.5,465.5,939.4,442.8
2026-07-06 14:20:39,2026-07-06 14:05,470.6,465.0,1.2,19485300,475.5,465.5,939.4,442.8
2026-07-06 14:25:34,2026-07-06 14:10,469.8,465.0,1.03,19616400,475.5,465.5,939.4,442.8
2026-07-06 14:30:40,2026-07-06 14:15,469.6,465.0,0.99,20042400,475.5,465.5,939.4,442.8
2026-07-06 14:35:40,2026-07-06 14:20,469.4,465.0,0.95,20117900,475.5,465.5,939.4,442.8
2026-07-06 14:40:35,2026-07-06 14:25,468.6,465.0,0.77,20293000,475.5,465.5,939.4,442.8
2026-07-06 14:45:42,2026-07-06 14:30,468.8,465.0,0.82,20807400,475.5,465.5,939.4,442.8
2026-07-06 14:50:44,2026-07-06 14:35,468.2,465.0,0.69,20948600,475.5,465.5,939.4,442.8
2026-07-06 14:55:41,2026-07-06 14:40,468.3,465.0,0.71,21098700,475.5,465.5,939.4,442.8
2026-07-06 15:00:35,2026-07-06 14:45,468.2,465.0,0.69,21244700,475.5,465.5,939.4,442.8
2026-07-06 15:16:27,2026-07-06 15:01,467.9,465.0,0.62,21837600,475.5,465.5,939.4,442.8
2026-07-06 15:20:39,2026-07-06 15:05,468.0,465.0,0.65,21937300,475.5,465.5,939.4,442.8
2026-07-06 15:25:44,2026-07-06 15:10,468.5,465.0,0.75,22136500,475.5,465.5,939.4,442.8
2026-07-06 15:30:39,2026-07-06 15:15,468.0,465.0,0.65,22302000,475.5,465.5,939.4,442.8
2026-07-07 09:00:35,2026-07-06 15:30,468.8,465.0,0.82,24111500,475.5,465.5,939.4,442.8
2026-07-07 09:05:31,2026-07-06 15:30,468.8,465.0,0.82,24111500,475.5,465.5,939.4,442.8
2026-07-07 09:10:33,2026-07-06 15:30,468.8,465.0,0.82,24111500,475.5,465.5,939.4,442.8
2026-07-07 09:15:34,2026-07-07 09:00,468.8,465.0,0.82,25008000,469.9,467.4,939.4,442.8
2026-07-07 09:20:32,2026-07-07 09:05,465.6,468.8,-0.68,1726300,470.2,465.1,939.4,442.8
2026-07-07 09:25:33,2026-07-07 09:10,466.4,468.8,-0.51,2513100,470.2,463.9,939.4,442.8
2026-07-07 09:30:34,2026-07-07 09:15,465.6,468.8,-0.68,3243100,470.2,463.9,939.4,442.8
2026-07-07 09:35:33,2026-07-07 09:20,465.4,468.8,-0.73,3646500,470.2,463.9,939.4,442.8
2026-07-07 09:40:33,2026-07-07 09:25,465.4,468.8,-0.73,4400300,470.2,463.9,939.4,442.8
2026-07-07 09:45:35,2026-07-07 09:30,464.9,468.8,-0.83,4887900,470.2,463.9,939.4,442.8
2026-07-07 09:50:39,2026-07-07 09:35,466.7,468.8,-0.45,5632500,470.2,463.9,939.4,442.8
2026-07-07 09:55:31,2026-07-07 09:40,467.9,468.8,-0.19,6059200,470.2,463.9,939.4,442.8
2026-07-07 10:00:37,2026-07-07 09:45,468.2,468.8,-0.13,6349800,470.2,463.9,939.4,442.8
2026-07-07 10:05:37,2026-07-07 09:50,467.8,468.8,-0.21,6595100,470.2,463.9,939.4,442.8
2026-07-07 10:10:34,2026-07-07 09:55,465.6,468.8,-0.68,7099100,470.2,463.9,939.4,442.8
2026-07-07 10:15:35,2026-07-07 10:00,464.6,468.8,-0.9,7691000,470.2,463.9,939.4,442.8
2026-07-07 10:20:32,2026-07-07 10:05,463.9,468.8,-1.05,8238900,470.2,463.0,939.4,442.8
2026-07-07 10:25:46,2026-07-07 10:10,464.3,468.8,-0.96,8495000,470.2,463.0,939.4,442.8
2026-07-07 10:30:31,2026-07-07 10:15,462.7,468.8,-1.3,8987600,470.2,462.2,939.4,442.8
2026-07-07 10:35:36,2026-07-07 10:20,462.8,468.8,-1.28,9265500,470.2,461.9,939.4,442.8
2026-07-07 10:40:36,2026-07-07 10:25,461.7,468.8,-1.51,9633600,470.2,461.2,939.4,442.8
2026-07-07 10:45:36,2026-07-07 10:30,461.6,468.8,-1.54,9802100,470.2,461.2,939.4,442.8
2026-07-07 10:50:45,2026-07-07 10:35,461.0,468.8,-1.66,10186500,470.2,460.9,939.4,442.8
2026-07-07 10:55:34,2026-07-07 10:40,460.6,468.8,-1.75,10520200,470.2,460.2,939.4,442.8
2026-07-07 11:00:35,2026-07-07 10:45,459.2,468.8,-2.05,11391300,470.2,458.5,939.4,442.8
2026-07-07 11:05:34,2026-07-07 10:50,457.7,468.8,-2.37,11859800,470.2,457.6,939.4,442.8
2026-07-07 11:10:37,2026-07-07 10:55,458.4,468.8,-2.22,12132000,470.2,457.6,939.4,442.8
2026-07-07 11:15:38,2026-07-07 11:00,458.6,468.8,-2.18,12443200,470.2,457.6,939.4,442.8
2026-07-07 11:20:37,2026-07-07 11:05,457.9,468.8,-2.33,12746100,470.2,457.6,939.4,442.8
2026-07-07 11:25:34,2026-07-07 11:10,456.5,468.8,-2.62,13685700,470.2,456.0,939.4,442.8
2026-07-07 11:30:42,2026-07-07 11:15,457.3,468.8,-2.45,13983600,470.2,456.0,939.4,442.8
2026-07-07 12:30:30,2026-07-07 11:30,458.6,468.8,-2.18,14520100,470.2,456.0,939.4,442.8
2026-07-07 12:35:34,2026-07-07 11:30,458.6,468.8,-2.18,14520100,470.2,456.0,939.4,442.8
2026-07-07 12:40:34,2026-07-07 11:30,458.6,468.8,-2.18,14520100,470.2,456.0,939.4,442.8
2026-07-07 12:45:36,2026-07-07 12:30,461.3,468.8,-1.6,15282700,470.2,456.0,939.4,442.8
2026-07-07 12:50:32,2026-07-07 12:35,463.5,468.8,-1.13,16160600,470.2,456.0,939.4,442.8
2026-07-07 12:55:35,2026-07-07 12:40,462.3,468.8,-1.39,17098900,470.2,456.0,939.4,442.8
2026-07-07 13:00:35,2026-07-07 12:45,461.5,468.8,-1.56,17449100,470.2,456.0,939.4,442.8
2026-07-07 13:05:34,2026-07-07 12:50,460.1,468.8,-1.86,17958000,470.2,456.0,939.4,442.8
2026-07-07 13:10:34,2026-07-07 12:55,459.9,468.8,-1.9,18455000,470.2,456.0,939.4,442.8
2026-07-07 13:15:34,2026-07-07 13:00,459.7,468.8,-1.94,18951600,470.2,456.0,939.4,442.8
2026-07-07 13:20:31,2026-07-07 13:05,459.9,468.8,-1.9,19413300,470.2,456.0,939.4,442.8
2026-07-07 13:25:38,2026-07-07 13:10,462.2,468.8,-1.41,20032500,470.2,456.0,939.4,442.8
2026-07-07 13:30:40,2026-07-07 13:15,463.2,468.8,-1.19,20330800,470.2,456.0,939.4,442.8
2026-07-07 13:35:41,2026-07-07 13:20,463.5,468.8,-1.13,20518000,470.2,456.0,939.4,442.8
2026-07-07 13:40:32,2026-07-07 13:25,463.8,468.8,-1.07,20778700,470.2,456.0,939.4,442.8
2026-07-07 13:45:37,2026-07-07 13:30,464.2,468.8,-0.98,20985700,470.2,456.0,939.4,442.8
2026-07-07 13:50:44,2026-07-07 13:35,464.0,468.8,-1.02,21179200,470.2,456.0,939.4,442.8
2026-07-07 13:55:37,2026-07-07 13:40,463.7,468.8,-1.09,21447600,470.2,456.0,939.4,442.8
2026-07-07 14:00:38,2026-07-07 13:45,464.5,468.8,-0.92,21714500,470.2,456.0,939.4,442.8
2026-07-07 14:05:43,2026-07-07 13:50,463.9,468.8,-1.05,22083100,470.2,456.0,939.4,442.8
2026-07-07 14:10:47,2026-07-07 13:55,464.7,468.8,-0.87,22336600,470.2,456.0,939.4,442.8
2026-07-07 14:15:41,2026-07-07 14:00,464.5,468.8,-0.92,22727500,470.2,456.0,939.4,442.8
2026-07-07 14:20:48,2026-07-07 14:05,462.5,468.8,-1.34,23015500,470.2,456.0,939.4,442.8
2026-07-07 14:25:32,2026-07-07 14:10,462.2,468.8,-1.41,23321800,470.2,456.0,939.4,442.8
2026-07-07 14:30:40,2026-07-07 14:15,462.0,468.8,-1.45,23587400,470.2,456.0,939.4,442.8
2026-07-07 14:35:38,2026-07-07 14:20,461.7,468.8,-1.51,23966900,470.2,456.0,939.4,442.8
2026-07-07 14:40:33,2026-07-07 14:25,462.2,468.8,-1.41,24210200,470.2,456.0,939.4,442.8
2026-07-07 14:45:54,2026-07-07 14:30,461.8,468.8,-1.49,24374300,470.2,456.0,939.4,442.8
2026-07-07 14:50:33,2026-07-07 14:35,462.0,468.8,-1.45,24470400,470.2,456.0,939.4,442.8
2026-07-07 14:56:00,2026-07-07 14:40,462.2,468.8,-1.41,24632300,470.2,456.0,939.4,442.8
2026-07-07 15:00:50,2026-07-07 14:45,462.2,468.8,-1.41,24775600,470.2,456.0,939.4,442.8
2026-07-07 15:05:42,2026-07-07 14:50,462.8,468.8,-1.28,24913500,470.2,456.0,939.4,442.8
2026-07-07 15:10:42,2026-07-07 14:55,463.2,468.8,-1.19,25093500,470.2,456.0,939.4,442.8
2026-07-07 15:15:47,2026-07-07 15:00,462.8,468.8,-1.28,25402800,470.2,456.0,939.4,442.8
2026-07-07 15:20:35,2026-07-07 15:05,463.2,468.8,-1.19,25612100,470.2,456.0,939.4,442.8
2026-07-07 15:25:37,2026-07-07 15:10,463.3,468.8,-1.17,25840100,470.2,456.0,939.4,442.8
2026-07-07 15:30:38,2026-07-07 15:15,462.2,468.8,-1.41,26145500,470.2,456.0,939.4,442.8
2026-07-08 09:00:45,2026-07-07 15:30,462.3,468.8,-1.39,28725500,470.2,456.0,939.4,442.8
2026-07-08 09:05:33,2026-07-07 15:30,462.3,468.8,-1.39,28725500,470.2,456.0,939.4,442.8
2026-07-08 09:10:36,2026-07-07 15:30,462.3,468.8,-1.39,28725500,470.2,456.0,939.4,442.8
2026-07-08 09:15:40,2026-07-08 09:00,462.3,468.8,-1.39,30391600,463.9,459.8,939.4,442.8
2026-07-08 09:20:36,2026-07-08 09:05,468.1,462.3,1.25,3268200,468.5,459.8,939.4,442.8
2026-07-08 09:25:33,2026-07-08 09:10,468.4,462.3,1.32,4165100,469.6,459.8,939.4,442.8
2026-07-08 09:30:44,2026-07-08 09:15,466.2,462.3,0.84,5116900,469.6,459.8,939.4,442.8
2026-07-08 09:35:30,2026-07-08 09:20,466.5,462.3,0.91,5669200,469.6,459.8,939.4,442.8
2026-07-08 09:40:32,2026-07-08 09:25,468.5,462.3,1.34,7017700,470.6,459.8,939.4,442.8
2026-07-08 09:45:30,2026-07-08 09:30,468.5,462.3,1.34,8024500,471.5,459.8,939.4,442.8
2026-07-08 09:50:36,2026-07-08 09:35,467.8,462.3,1.19,8781300,471.5,459.8,939.4,442.8
2026-07-08 09:55:33,2026-07-08 09:40,467.2,462.3,1.06,9185600,471.5,459.8,939.4,442.8
2026-07-08 10:00:46,2026-07-08 09:45,468.7,462.3,1.38,9669300,471.5,459.8,939.4,442.8
2026-07-08 10:05:33,2026-07-08 09:50,470.0,462.3,1.67,10131500,471.5,459.8,939.4,442.8
2026-07-08 10:10:30,2026-07-08 09:55,469.7,462.3,1.6,10482100,471.5,459.8,939.4,442.8
2026-07-08 10:15:32,2026-07-08 10:00,471.1,462.3,1.9,11251500,472.0,459.8,939.4,442.8
2026-07-08 10:20:34,2026-07-08 10:05,470.2,462.3,1.71,11589600,472.0,459.8,939.4,442.8
2026-07-08 10:25:30,2026-07-08 10:10,469.7,462.3,1.6,11847700,472.0,459.8,939.4,442.8
2026-07-08 10:30:31,2026-07-08 10:15,469.4,462.3,1.54,12136600,472.0,459.8,939.4,442.8
2026-07-08 10:35:34,2026-07-08 10:20,469.3,462.3,1.51,12443700,472.0,459.8,939.4,442.8
2026-07-08 10:40:34,2026-07-08 10:25,469.7,462.3,1.6,12613800,472.0,459.8,939.4,442.8
2026-07-08 10:45:31,2026-07-08 10:30,468.1,462.3,1.25,13039200,472.0,459.8,939.4,442.8
2026-07-08 10:50:34,2026-07-08 10:35,469.7,462.3,1.6,13417200,472.0,459.8,939.4,442.8
2026-07-08 10:55:30,2026-07-08 10:40,470.0,462.3,1.67,13622700,472.0,459.8,939.4,442.8
2026-07-08 11:00:31,2026-07-08 10:45,473.4,462.3,2.4,14645600,473.4,459.8,939.4,442.8
2026-07-08 11:05:44,2026-07-08 10:50,472.6,462.3,2.23,15033700,473.6,459.8,939.4,442.8
2026-07-08 11:10:36,2026-07-08 10:55,472.6,462.3,2.23,15287900,473.6,459.8,939.4,442.8
2026-07-08 11:15:35,2026-07-08 11:00,477.4,462.3,3.27,16660800,479.5,459.8,939.4,442.8
2026-07-08 11:20:33,2026-07-08 11:05,475.8,462.3,2.92,17173300,479.5,459.8,939.4,442.8
2026-07-08 11:25:34,2026-07-08 11:10,474.8,462.3,2.7,17542000,479.5,459.8,939.4,442.8
2026-07-08 11:30:30,2026-07-08 11:15,475.9,462.3,2.94,18071200,479.5,459.8,939.4,442.8
2026-07-08 12:30:34,2026-07-08 11:30,476.5,462.3,3.07,18864700,479.5,459.8,939.4,442.8
2026-07-08 12:35:32,2026-07-08 11:30,476.5,462.3,3.07,18864700,479.5,459.8,939.4,442.8
2026-07-08 12:40:38,2026-07-08 11:30,476.5,462.3,3.07,18864700,479.5,459.8,939.4,442.8
2026-07-08 12:45:40,2026-07-08 12:30,478.5,462.3,3.5,19852300,481.0,459.8,939.4,442.8
2026-07-08 12:50:32,2026-07-08 12:35,479.3,462.3,3.68,20825900,481.0,459.8,939.4,442.8
2026-07-08 12:55:31,2026-07-08 12:40,479.1,462.3,3.63,21609200,481.3,459.8,939.4,442.8
2026-07-08 13:00:35,2026-07-08 12:45,479.9,462.3,3.81,22474100,481.3,459.8,939.4,442.8
2026-07-08 13:05:31,2026-07-08 12:50,482.3,462.3,4.33,23301800,483.0,459.8,939.4,442.8
2026-07-08 13:10:35,2026-07-08 12:55,483.1,462.3,4.5,24210700,483.8,459.8,939.4,442.8
2026-07-08 13:15:33,2026-07-08 13:00,481.9,462.3,4.24,24690300,483.8,459.8,939.4,442.8
2026-07-08 13:20:31,2026-07-08 13:05,482.6,462.3,4.39,25498100,483.8,459.8,939.4,442.8
2026-07-08 13:25:30,2026-07-08 13:10,481.0,462.3,4.04,26427800,484.4,459.8,939.4,442.8
2026-07-08 13:30:29,2026-07-08 13:15,480.3,462.3,3.89,26897600,484.4,459.8,939.4,442.8
2026-07-08 13:35:29,2026-07-08 13:20,479.2,462.3,3.66,27207500,484.4,459.8,939.4,442.8
2026-07-08 13:40:32,2026-07-08 13:25,477.7,462.3,3.33,27555300,484.4,459.8,939.4,442.8
2026-07-08 13:45:30,2026-07-08 13:30,479.3,462.3,3.68,27817900,484.4,459.8,939.4,442.8
2026-07-08 13:50:33,2026-07-08 13:35,478.5,462.3,3.5,28156600,484.4,459.8,939.4,442.8
2026-07-08 13:55:39,2026-07-08 13:40,477.2,462.3,3.22,28470300,484.4,459.8,939.4,442.8
2026-07-08 14:00:31,2026-07-08 13:45,476.9,462.3,3.16,28741300,484.4,459.8,939.4,442.8
2026-07-08 14:05:38,2026-07-08 13:50,475.8,462.3,2.92,29086600,484.4,459.8,939.4,442.8
2026-07-08 14:10:30,2026-07-08 13:55,476.0,462.3,2.96,29252800,484.4,459.8,939.4,442.8
2026-07-08 14:15:34,2026-07-08 14:00,475.7,462.3,2.9,29571400,484.4,459.8,939.4,442.8
2026-07-08 14:20:31,2026-07-08 14:05,476.2,462.3,3.01,29717500,484.4,459.8,939.4,442.8
2026-07-08 14:25:32,2026-07-08 14:10,477.2,462.3,3.22,29959700,484.4,459.8,939.4,442.8
2026-07-08 14:30:47,2026-07-08 14:15,477.0,462.3,3.18,30125900,484.4,459.8,939.4,442.8
2026-07-08 14:35:33,2026-07-08 14:20,477.0,462.3,3.18,30441100,484.4,459.8,939.4,442.8
2026-07-08 14:40:39,2026-07-08 14:25,478.2,462.3,3.44,30727900,484.4,459.8,939.4,442.8
2026-07-08 14:45:36,2026-07-08 14:30,477.5,462.3,3.29,30924300,484.4,459.8,939.4,442.8
2026-07-08 14:50:34,2026-07-08 14:35,477.5,462.3,3.29,31120400,484.4,459.8,939.4,442.8
2026-07-08 14:55:36,2026-07-08 14:40,477.5,462.3,3.29,31337800,484.4,459.8,939.4,442.8
2026-07-08 15:00:31,2026-07-08 14:45,478.1,462.3,3.42,31662500,484.4,459.8,939.4,442.8
2026-07-08 15:05:31,2026-07-08 14:50,477.3,462.3,3.24,31959800,484.4,459.8,939.4,442.8
2026-07-08 15:10:43,2026-07-08 14:55,477.5,462.3,3.29,32348200,484.4,459.8,939.4,442.8
2026-07-08 15:15:34,2026-07-08 15:00,477.6,462.3,3.31,32844800,484.4,459.8,939.4,442.8
2026-07-08 15:20:37,2026-07-08 15:05,480.8,462.3,4.0,33735100,484.4,459.8,939.4,442.8
2026-07-08 15:25:35,2026-07-08 15:10,480.7,462.3,3.98,34492300,484.4,459.8,939.4,442.8
2026-07-08 15:30:33,2026-07-08 15:15,481.0,462.3,4.04,34915900,484.4,459.8,939.4,442.8
2026-07-09 09:00:36,2026-07-08 15:30,479.9,462.3,3.81,39644500,484.4,459.8,939.4,442.8
2026-07-09 09:05:34,2026-07-08 15:30,479.9,462.3,3.81,39644500,484.4,459.8,939.4,442.8
2026-07-09 09:10:36,2026-07-08 15:30,479.9,462.3,3.81,39644500,484.4,459.8,939.4,442.8
2026-07-09 09:15:33,2026-07-09 09:00,479.9,462.3,3.81,40718700,479.5,476.7,939.4,442.8
2026-07-09 09:20:41,2026-07-09 09:05,477.1,479.9,-0.58,2244700,482.3,476.3,939.4,442.8
2026-07-09 09:25:35,2026-07-09 09:10,478.4,479.9,-0.31,3155000,482.3,475.6,939.4,442.8
2026-07-09 09:30:36,2026-07-09 09:15,472.6,479.9,-1.52,3988500,482.3,472.4,939.4,442.8
2026-07-09 09:35:32,2026-07-09 09:20,469.1,479.9,-2.25,5402300,482.3,469.0,939.4,442.8
2026-07-09 09:40:34,2026-07-09 09:25,465.9,479.9,-2.92,6423400,482.3,465.6,939.4,442.8
2026-07-09 09:45:34,2026-07-09 09:30,465.7,479.9,-2.96,7380900,482.3,464.3,939.4,442.8
2026-07-09 09:50:32,2026-07-09 09:35,466.8,479.9,-2.73,8190700,482.3,464.3,939.4,442.8
2026-07-09 09:55:30,2026-07-09 09:40,465.7,479.9,-2.96,8504600,482.3,464.3,939.4,442.8
2026-07-09 10:00:33,2026-07-09 09:45,466.7,479.9,-2.75,9037600,482.3,464.3,939.4,442.8
2026-07-09 10:05:34,2026-07-09 09:50,467.7,479.9,-2.54,9284200,482.3,464.3,939.4,442.8
2026-07-09 10:10:33,2026-07-09 09:55,467.8,479.9,-2.52,9616300,482.3,464.3,939.4,442.8
2026-07-09 10:15:53,2026-07-09 10:00,466.6,479.9,-2.77,9919900,482.3,464.3,939.4,442.8
2026-07-09 10:20:35,2026-07-09 10:05,466.3,479.9,-2.83,10153600,482.3,464.3,939.4,442.8
2026-07-09 10:25:29,2026-07-09 10:10,464.3,479.9,-3.25,10705100,482.3,464.2,939.4,442.8
2026-07-09 10:30:30,2026-07-09 10:15,465.6,479.9,-2.98,11151000,482.3,464.1,939.4,442.8
2026-07-09 10:35:40,2026-07-09 10:20,465.5,479.9,-3.0,11467900,482.3,464.1,939.4,442.8
2026-07-09 10:40:32,2026-07-09 10:25,466.0,479.9,-2.9,11615400,482.3,464.1,939.4,442.8
2026-07-09 10:45:38,2026-07-09 10:30,465.9,479.9,-2.92,11864900,482.3,464.1,939.4,442.8
2026-07-09 10:50:33,2026-07-09 10:35,465.6,479.9,-2.98,12211800,482.3,464.1,939.4,442.8
2026-07-09 10:55:31,2026-07-09 10:40,463.2,479.9,-3.48,12938700,482.3,462.8,939.4,442.8
2026-07-09 11:00:40,2026-07-09 10:45,462.7,479.9,-3.58,13285500,482.3,462.4,939.4,442.8
2026-07-09 11:05:51,2026-07-09 10:50,464.1,479.9,-3.29,13679600,482.3,462.4,939.4,442.8
2026-07-09 11:10:45,2026-07-09 10:55,463.8,479.9,-3.35,13995900,482.3,462.4,939.4,442.8
2026-07-09 11:15:37,2026-07-09 11:00,464.2,479.9,-3.27,14128600,482.3,462.4,939.4,442.8
2026-07-09 11:20:47,2026-07-09 11:05,464.2,479.9,-3.27,14277100,482.3,462.4,939.4,442.8
2026-07-09 11:25:38,2026-07-09 11:10,464.3,479.9,-3.25,14419900,482.3,462.4,939.4,442.8
2026-07-09 11:30:34,2026-07-09 11:15,464.7,479.9,-3.17,14625600,482.3,462.4,939.4,442.8
2026-07-09 12:30:39,2026-07-09 11:30,463.1,479.9,-3.5,15675900,482.3,462.3,939.4,442.8
2026-07-09 12:35:50,2026-07-09 11:30,463.1,479.9,-3.5,15675900,482.3,462.3,939.4,442.8
2026-07-09 12:40:40,2026-07-09 11:30,463.1,479.9,-3.5,15675900,482.3,462.3,939.4,442.8
2026-07-09 12:45:31,2026-07-09 12:30,464.8,479.9,-3.15,16237600,482.3,462.3,939.4,442.8
2026-07-09 12:50:29,2026-07-09 12:35,467.4,479.9,-2.6,17294700,482.3,462.3,939.4,442.8
2026-07-09 12:55:35,2026-07-09 12:40,468.8,479.9,-2.31,18063600,482.3,462.3,939.4,442.8
2026-07-09 13:00:40,2026-07-09 12:45,469.5,479.9,-2.17,18603200,482.3,462.3,939.4,442.8
2026-07-09 13:05:30,2026-07-09 12:50,470.6,479.9,-1.94,18872900,482.3,462.3,939.4,442.8
2026-07-09 13:10:32,2026-07-09 12:55,470.2,479.9,-2.02,19119700,482.3,462.3,939.4,442.8
2026-07-09 13:15:32,2026-07-09 13:00,470.2,479.9,-2.02,19309900,482.3,462.3,939.4,442.8
2026-07-09 13:20:35,2026-07-09 13:05,469.8,479.9,-2.1,19523300,482.3,462.3,939.4,442.8
2026-07-09 13:25:36,2026-07-09 13:10,469.9,479.9,-2.08,19840400,482.3,462.3,939.4,442.8
2026-07-09 13:30:39,2026-07-09 13:15,469.5,479.9,-2.17,19937000,482.3,462.3,939.4,442.8
2026-07-09 13:35:32,2026-07-09 13:20,469.2,479.9,-2.23,20092600,482.3,462.3,939.4,442.8
2026-07-09 13:40:47,2026-07-09 13:25,470.0,479.9,-2.06,20344000,482.3,462.3,939.4,442.8
2026-07-09 13:45:33,2026-07-09 13:30,470.6,479.9,-1.94,20700300,482.3,462.3,939.4,442.8
2026-07-09 13:50:30,2026-07-09 13:35,472.0,479.9,-1.65,21096800,482.3,462.3,939.4,442.8
2026-07-09 13:55:30,2026-07-09 13:40,472.9,479.9,-1.46,21579700,482.3,462.3,939.4,442.8
2026-07-09 14:00:30,2026-07-09 13:45,474.2,479.9,-1.19,21924300,482.3,462.3,939.4,442.8
2026-07-09 14:10:32,2026-07-09 13:55,475.3,479.9,-0.96,23149100,482.3,462.3,939.4,442.8
2026-07-09 14:15:38,2026-07-09 14:00,475.5,479.9,-0.92,23395400,482.3,462.3,939.4,442.8
2026-07-09 14:20:37,2026-07-09 14:05,474.3,479.9,-1.17,23637200,482.3,462.3,939.4,442.8
2026-07-09 14:25:32,2026-07-09 14:10,475.0,479.9,-1.02,23842000,482.3,462.3,939.4,442.8
2026-07-09 14:30:41,2026-07-09 14:15,475.4,479.9,-0.94,24142300,482.3,462.3,939.4,442.8
2026-07-09 14:35:45,2026-07-09 14:20,473.9,479.9,-1.25,24357300,482.3,462.3,939.4,442.8
2026-07-09 14:45:33,2026-07-09 14:30,475.3,479.9,-0.96,25180500,482.3,462.3,939.4,442.8
2026-07-09 14:50:34,2026-07-09 14:35,475.0,479.9,-1.02,25394100,482.3,462.3,939.4,442.8
2026-07-09 14:55:43,2026-07-09 14:40,475.0,479.9,-1.02,25574500,482.3,462.3,939.4,442.8
2026-07-09 15:05:46,2026-07-09 14:50,477.1,479.9,-0.58,26124200,482.3,462.3,939.4,442.8
2026-07-09 15:10:43,2026-07-09 14:55,478.9,479.9,-0.21,26584600,482.3,462.3,939.4,442.8
2026-07-09 15:15:36,2026-07-09 15:00,479.8,479.9,-0.02,27892100,482.3,462.3,939.4,442.8
2026-07-09 15:20:42,2026-07-09 15:05,479.5,479.9,-0.08,28393600,482.3,462.3,939.4,442.8
2026-07-09 15:25:48,2026-07-09 15:10,479.1,479.9,-0.17,28908500,482.3,462.3,939.4,442.8
2026-07-09 15:30:52,2026-07-09 15:15,479.1,479.9,-0.17,29221100,482.3,462.3,939.4,442.8
2026-07-09 15:33:05,2026-07-09 15:18,479.5,479.9,-0.08,29375600,482.3,462.3,939.4,442.8
2026-07-10 09:00:35,2026-07-09 15:30,479.1,479.9,-0.17,33095900,482.4,462.3,939.4,442.8
2026-07-10 09:05:50,2026-07-09 15:30,479.1,479.9,-0.17,33095900,482.4,462.3,939.4,442.8
2026-07-10 09:10:39,2026-07-09 15:30,479.1,479.9,-0.17,33095900,482.4,462.3,939.4,442.8
2026-07-10 09:15:40,2026-07-10 09:00,479.1,479.9,-0.17,33958500,479.0,472.7,939.4,442.8
2026-07-10 09:20:32,2026-07-10 09:05,477.5,479.1,-0.33,1729700,479.0,472.0,939.4,442.8
2026-07-10 09:25:34,2026-07-10 09:10,482.7,479.1,0.75,2582100,482.8,472.0,939.4,442.8
2026-07-10 09:30:41,2026-07-10 09:15,483.6,479.1,0.94,4229400,484.7,472.0,939.4,442.8
2026-07-10 09:35:43,2026-07-10 09:20,482.7,479.1,0.75,4777800,484.7,472.0,939.4,442.8
2026-07-10 09:40:33,2026-07-10 09:25,482.1,479.1,0.63,5373600,484.7,472.0,939.4,442.8
2026-07-10 09:46:06,2026-07-10 09:31,479.4,479.1,0.06,6072100,484.7,472.0,939.4,442.8
2026-07-10 09:50:30,2026-07-10 09:35,480.1,479.1,0.21,6515700,484.7,472.0,939.4,442.8
2026-07-10 09:55:35,2026-07-10 09:40,479.9,479.1,0.17,7077900,484.7,472.0,939.4,442.8
2026-07-10 10:00:31,2026-07-10 09:45,479.6,479.1,0.1,7347600,484.7,472.0,939.4,442.8
2026-07-10 10:05:33,2026-07-10 09:50,479.8,479.1,0.15,7709300,484.7,472.0,939.4,442.8
2026-07-10 10:10:39,2026-07-10 09:55,481.3,479.1,0.46,8119300,484.7,472.0,939.4,442.8
2026-07-10 10:15:35,2026-07-10 10:00,482.6,479.1,0.73,8482800,484.7,472.0,939.4,442.8
2026-07-10 10:20:34,2026-07-10 10:05,485.4,479.1,1.31,9348000,485.5,472.0,939.4,442.8
2026-07-10 10:25:41,2026-07-10 10:10,488.4,479.1,1.94,10481200,489.6,472.0,939.4,442.8
2026-07-10 10:30:31,2026-07-10 10:15,490.5,479.1,2.38,11855100,491.0,472.0,939.4,442.8
2026-07-10 10:35:30,2026-07-10 10:20,492.4,479.1,2.78,13058200,493.0,472.0,939.4,442.8
2026-07-10 10:40:29,2026-07-10 10:25,495.3,479.1,3.38,14284700,495.6,472.0,939.4,442.8
2026-07-10 10:45:33,2026-07-10 10:30,491.9,479.1,2.67,16180100,496.8,472.0,939.4,442.8
2026-07-10 10:50:42,2026-07-10 10:35,491.8,479.1,2.65,17060000,496.8,472.0,939.4,442.8
2026-07-10 10:55:46,2026-07-10 10:40,492.3,479.1,2.76,17395600,496.8,472.0,939.4,442.8
2026-07-10 11:00:32,2026-07-10 10:45,493.6,479.1,3.03,17690900,496.8,472.0,939.4,442.8
2026-07-10 11:05:37,2026-07-10 10:50,493.2,479.1,2.94,18180800,496.8,472.0,939.4,442.8
2026-07-10 11:10:40,2026-07-10 10:55,492.8,479.1,2.86,18532400,496.8,472.0,939.4,442.8
2026-07-10 11:15:36,2026-07-10 11:00,494.1,479.1,3.13,18801400,496.8,472.0,939.4,442.8
2026-07-10 11:20:37,2026-07-10 11:05,493.6,479.1,3.03,18969700,496.8,472.0,939.4,442.8
2026-07-10 11:25:42,2026-07-10 11:10,494.0,479.1,3.11,19196600,496.8,472.0,939.4,442.8
2026-07-10 11:30:43,2026-07-10 11:15,494.6,479.1,3.24,19492400,496.8,472.0,939.4,442.8
2026-07-10 12:30:32,2026-07-10 11:30,495.4,479.1,3.4,20571000,496.8,472.0,939.4,442.8
2026-07-10 12:35:33,2026-07-10 11:30,495.4,479.1,3.4,20571000,496.8,472.0,939.4,442.8
2026-07-10 12:40:40,2026-07-10 11:30,495.4,479.1,3.4,20571000,496.8,472.0,939.4,442.8
2026-07-10 12:45:37,2026-07-10 12:30,494.3,479.1,3.17,21195400,497.0,472.0,939.4,442.8
2026-07-10 12:50:50,2026-07-10 12:35,487.4,479.1,1.73,22615900,497.0,472.0,939.4,442.8
2026-07-10 12:55:30,2026-07-10 12:40,487.1,479.1,1.67,23146000,497.0,472.0,939.4,442.8
2026-07-10 13:00:56,2026-07-10 12:45,486.7,479.1,1.59,23406800,497.0,472.0,939.4,442.8
2026-07-10 13:05:35,2026-07-10 12:50,486.5,479.1,1.54,23539900,497.0,472.0,939.4,442.8
2026-07-10 13:10:35,2026-07-10 12:55,486.9,479.1,1.63,24190400,497.0,472.0,939.4,442.8
2026-07-10 13:15:36,2026-07-10 13:00,487.3,479.1,1.71,24475600,497.0,472.0,939.4,442.8
2026-07-10 13:20:36,2026-07-10 13:05,486.4,479.1,1.52,24755500,497.0,472.0,939.4,442.8
2026-07-10 13:25:34,2026-07-10 13:10,485.6,479.1,1.36,24853100,497.0,472.0,939.4,442.8
2026-07-10 13:30:34,2026-07-10 13:15,485.2,479.1,1.27,25218400,497.0,472.0,939.4,442.8
2026-07-10 13:35:44,2026-07-10 13:20,485.1,479.1,1.25,25469400,497.0,472.0,939.4,442.8
2026-07-10 13:40:39,2026-07-10 13:25,485.9,479.1,1.42,25582000,497.0,472.0,939.4,442.8
2026-07-10 13:45:32,2026-07-10 13:30,486.6,479.1,1.57,25799500,497.0,472.0,939.4,442.8
2026-07-10 13:50:35,2026-07-10 13:35,485.2,479.1,1.27,26097200,497.0,472.0,939.4,442.8
2026-07-10 13:55:35,2026-07-10 13:40,485.0,479.1,1.23,26184500,497.0,472.0,939.4,442.8
2026-07-10 14:00:46,2026-07-10 13:45,484.9,479.1,1.21,26358200,497.0,472.0,939.4,442.8
2026-07-10 14:05:40,2026-07-10 13:50,485.5,479.1,1.34,26450400,497.0,472.0,939.4,442.8
2026-07-10 14:10:41,2026-07-10 13:55,484.7,479.1,1.17,26601900,497.0,472.0,939.4,442.8
2026-07-10 14:15:29,2026-07-10 14:00,485.1,479.1,1.25,26707900,497.0,472.0,939.4,442.8
2026-07-10 14:20:36,2026-07-10 14:05,484.8,479.1,1.19,26759100,497.0,472.0,939.4,442.8
2026-07-10 14:25:33,2026-07-10 14:10,485.1,479.1,1.25,26903100,497.0,472.0,939.4,442.8
2026-07-10 14:30:37,2026-07-10 14:15,484.8,479.1,1.19,27107400,497.0,472.0,939.4,442.8
2026-07-10 14:35:33,2026-07-10 14:20,484.6,479.1,1.15,27227400,497.0,472.0,939.4,442.8
2026-07-10 14:40:36,2026-07-10 14:25,485.0,479.1,1.23,27308400,497.0,472.0,939.4,442.8
2026-07-10 14:45:49,2026-07-10 14:30,484.5,479.1,1.13,27491000,497.0,472.0,939.4,442.8
2026-07-10 14:50:38,2026-07-10 14:35,483.9,479.1,1.0,27690900,497.0,472.0,939.4,442.8
2026-07-10 14:55:35,2026-07-10 14:40,484.5,479.1,1.13,27805700,497.0,472.0,939.4,442.8
2026-07-10 15:00:37,2026-07-10 14:45,483.9,479.1,1.0,27953100,497.0,472.0,939.4,442.8
2026-07-10 15:05:37,2026-07-10 14:50,484.0,479.1,1.02,28109200,497.0,472.0,939.4,442.8
2026-07-10 15:10:41,2026-07-10 14:55,482.8,479.1,0.77,28388500,497.0,472.0,939.4,442.8
2026-07-10 15:15:32,2026-07-10 15:00,482.9,479.1,0.79,28633500,497.0,472.0,939.4,442.8
2026-07-10 15:20:42,2026-07-10 15:05,482.3,479.1,0.67,29565200,497.0,472.0,939.4,442.8
2026-07-10 15:25:35,2026-07-10 15:10,482.7,479.1,0.75,29732300,497.0,472.0,939.4,442.8
2026-07-10 15:30:56,2026-07-10 15:15,483.0,479.1,0.81,30082400,497.0,472.0,939.4,442.8
2026-07-10 15:40:39,2026-07-10 15:24,481.9,479.1,0.58,30895400,497.0,472.0,939.4,442.8
2026-07-13 09:00:32,2026-07-10 15:30,480.4,479.1,0.27,33551800,497.0,472.0,939.4,442.8
2026-07-13 09:05:34,2026-07-10 15:30,480.4,479.1,0.27,33551800,497.0,472.0,939.4,442.8
2026-07-13 09:10:39,2026-07-10 15:30,480.4,479.1,0.27,33551800,497.0,472.0,939.4,442.8
2026-07-13 09:15:33,2026-07-13 09:00,482.0,479.1,0.61,34477100,482.5,478.5,939.4,442.8
2026-07-13 09:20:37,2026-07-13 09:05,488.0,480.4,1.58,2177300,488.8,478.5,939.4,442.8
2026-07-13 09:25:42,2026-07-13 09:10,491.1,480.4,2.23,3961800,492.9,478.5,939.4,442.8
2026-07-13 09:30:46,2026-07-13 09:15,489.6,480.4,1.92,4801700,492.9,478.5,939.4,442.8
2026-07-13 09:36:53,2026-07-13 09:21,490.5,480.4,2.1,6452700,494.8,478.5,939.4,442.8
2026-07-13 09:40:59,2026-07-13 09:25,490.7,480.4,2.14,7194900,494.8,478.5,939.4,442.8
2026-07-13 09:47:20,2026-07-13 09:32,490.3,480.4,2.06,8394500,494.8,478.5,939.4,442.8
2026-07-13 09:52:11,2026-07-13 09:37,490.3,480.4,2.06,8644600,494.8,478.5,939.4,442.8
2026-07-13 09:58:08,2026-07-13 09:43,487.7,480.4,1.52,9115900,494.8,478.5,939.4,442.8
2026-07-13 10:03:55,2026-07-13 09:48,484.3,480.4,0.81,9641500,494.8,478.5,939.4,442.8
2026-07-13 10:06:39,2026-07-13 09:51,483.6,480.4,0.67,9867700,494.8,478.5,939.4,442.8
2026-07-13 10:12:21,2026-07-13 09:57,482.0,480.4,0.33,10410300,494.8,478.5,939.4,442.8
2026-07-13 10:15:43,2026-07-13 10:00,480.2,480.4,-0.04,10735300,494.8,478.5,939.4,442.8
2026-07-13 10:20:36,2026-07-13 10:05,480.4,480.4,0.0,11297300,494.8,478.5,939.4,442.8
2026-07-13 10:25:44,2026-07-13 10:10,480.8,480.4,0.08,11480600,494.8,478.5,939.4,442.8
2026-07-13 10:30:37,2026-07-13 10:15,480.1,480.4,-0.06,11879900,494.8,478.5,939.4,442.8
2026-07-13 10:35:35,2026-07-13 10:20,480.0,480.4,-0.08,12296200,494.8,478.5,939.4,442.8
2026-07-13 10:40:36,2026-07-13 10:25,480.0,480.4,-0.08,12600100,494.8,478.5,939.4,442.8
2026-07-13 10:47:41,2026-07-13 10:32,479.7,480.4,-0.15,13164500,494.8,478.5,939.4,442.8
2026-07-13 10:50:44,2026-07-13 10:35,480.0,480.4,-0.08,13256200,494.8,478.5,939.4,442.8
2026-07-13 10:55:32,2026-07-13 10:40,479.0,480.4,-0.29,13519600,494.8,478.5,939.4,442.8
2026-07-13 11:00:30,2026-07-13 10:45,478.5,480.4,-0.4,13925400,494.8,478.3,939.4,442.8
2026-07-13 11:05:36,2026-07-13 10:50,478.9,480.4,-0.31,14268100,494.8,477.5,939.4,442.8
2026-07-13 11:10:35,2026-07-13 10:55,479.1,480.4,-0.27,14646800,494.8,477.5,939.4,442.8
2026-07-13 11:15:32,2026-07-13 11:00,481.7,480.4,0.27,14947700,494.8,477.5,939.4,442.8
2026-07-13 11:20:32,2026-07-13 11:05,480.8,480.4,0.08,15118200,494.8,477.5,939.4,442.8
2026-07-13 11:25:41,2026-07-13 11:10,480.9,480.4,0.1,15316500,494.8,477.5,939.4,442.8
2026-07-13 11:30:33,2026-07-13 11:15,480.9,480.4,0.1,15441500,494.8,477.5,939.4,442.8
2026-07-13 12:30:37,2026-07-13 11:30,481.0,480.4,0.12,16231300,494.8,477.5,939.4,442.8
2026-07-13 12:35:31,2026-07-13 11:30,481.0,480.4,0.12,16231300,494.8,477.5,939.4,442.8
2026-07-13 12:40:31,2026-07-13 11:30,481.0,480.4,0.12,16231300,494.8,477.5,939.4,442.8
2026-07-13 12:45:32,2026-07-13 12:30,481.7,480.4,0.27,16367900,494.8,477.5,939.4,442.8
2026-07-13 12:50:34,2026-07-13 12:35,481.6,480.4,0.25,16849300,494.8,477.5,939.4,442.8
2026-07-13 12:56:14,2026-07-13 12:41,481.7,480.4,0.27,17225900,494.8,477.5,939.4,442.8
2026-07-13 13:00:31,2026-07-13 12:45,483.4,480.4,0.62,17546100,494.8,477.5,939.4,442.8
2026-07-13 13:05:38,2026-07-13 12:50,483.1,480.4,0.56,17748200,494.8,477.5,939.4,442.8
2026-07-13 13:10:33,2026-07-13 12:55,481.7,480.4,0.27,17952600,494.8,477.5,939.4,442.8
2026-07-13 13:15:33,2026-07-13 13:00,482.1,480.4,0.35,18049500,494.8,477.5,939.4,442.8
2026-07-13 13:22:37,2026-07-13 13:07,480.5,480.4,0.02,18457400,494.8,477.5,939.4,442.8
2026-07-13 13:25:32,2026-07-13 13:10,480.0,480.4,-0.08,18775000,494.8,477.5,939.4,442.8
2026-07-13 13:32:40,2026-07-13 13:17,480.0,480.4,-0.08,19010500,494.8,477.5,939.4,442.8
2026-07-13 13:35:42,2026-07-13 13:20,479.8,480.4,-0.12,19168800,494.8,477.5,939.4,442.8
2026-07-13 13:40:32,2026-07-13 13:25,479.0,480.4,-0.29,19373100,494.8,477.5,939.4,442.8
2026-07-13 13:45:41,2026-07-13 13:30,479.4,480.4,-0.21,19679000,494.8,477.5,939.4,442.8
2026-07-13 13:50:33,2026-07-13 13:35,479.0,480.4,-0.29,20007400,494.8,477.5,939.4,442.8
2026-07-13 13:55:43,2026-07-13 13:40,480.8,480.4,0.08,20237600,494.8,477.5,939.4,442.8
2026-07-13 14:00:30,2026-07-13 13:45,480.9,480.4,0.1,20377400,494.8,477.5,939.4,442.8
2026-07-13 14:05:29,2026-07-13 13:50,481.5,480.4,0.23,20544800,494.8,477.5,939.4,442.8
2026-07-13 14:10:30,2026-07-13 13:55,480.8,480.4,0.08,20777300,494.8,477.5,939.4,442.8
2026-07-13 14:15:44,2026-07-13 14:00,481.5,480.4,0.23,20996800,494.8,477.5,939.4,442.8
2026-07-13 14:20:33,2026-07-13 14:05,482.6,480.4,0.46,21132200,494.8,477.5,939.4,442.8
2026-07-13 14:25:41,2026-07-13 14:10,483.5,480.4,0.65,21409300,494.8,477.5,939.4,442.8
2026-07-13 14:30:35,2026-07-13 14:15,485.2,480.4,1.0,21774900,494.8,477.5,939.4,442.8
2026-07-13 14:35:36,2026-07-13 14:20,484.8,480.4,0.92,22082400,494.8,477.5,939.4,442.8
2026-07-13 14:40:34,2026-07-13 14:25,484.7,480.4,0.9,22309800,494.8,477.5,939.4,442.8
2026-07-13 14:45:34,2026-07-13 14:30,484.2,480.4,0.79,22476700,494.8,477.5,939.4,442.8
2026-07-13 14:50:33,2026-07-13 14:35,484.7,480.4,0.9,22638600,494.8,477.5,939.4,442.8
2026-07-13 14:55:30,2026-07-13 14:40,485.0,480.4,0.96,22904200,494.8,477.5,939.4,442.8
2026-07-13 15:00:32,2026-07-13 14:45,486.1,480.4,1.19,23147500,494.8,477.5,939.4,442.8
2026-07-13 15:05:44,2026-07-13 14:50,486.1,480.4,1.19,23292600,494.8,477.5,939.4,442.8
2026-07-13 15:10:31,2026-07-13 14:55,486.0,480.4,1.17,23449600,494.8,477.5,939.4,442.8
2026-07-13 15:15:39,2026-07-13 15:00,485.3,480.4,1.02,23853500,494.8,477.5,939.4,442.8
2026-07-13 15:20:39,2026-07-13 15:05,484.2,480.4,0.79,24262600,494.8,477.5,939.4,442.8
2026-07-13 15:25:38,2026-07-13 15:10,484.6,480.4,0.87,24481400,494.8,477.5,939.4,442.8
2026-07-13 15:30:31,2026-07-13 15:15,485.6,480.4,1.08,24657300,494.8,477.5,939.4,442.8
2026-07-13 15:40:31,2026-07-13 15:24,488.1,480.4,1.6,25571700,494.8,477.5,939.4,442.8
2026-07-14 09:00:31,2026-07-13 15:30,485.3,480.4,1.02,26889200,494.8,477.5,939.4,442.8
2026-07-14 09:05:34,2026-07-13 15:30,485.3,480.4,1.02,26889200,494.8,477.5,939.4,442.8
2026-07-14 09:10:58,2026-07-13 15:30,485.3,480.4,1.02,26889200,494.8,477.5,939.4,442.8
2026-07-14 09:15:32,2026-07-14 09:00,485.3,480.4,1.02,28263100,492.0,488.8,939.4,442.8
2026-07-14 09:20:33,2026-07-14 09:05,489.8,485.3,0.93,2494800,492.0,485.3,939.4,442.8
2026-07-14 09:25:38,2026-07-14 09:10,486.2,485.3,0.19,3619400,492.0,485.3,939.4,442.8
2026-07-14 09:30:30,2026-07-14 09:15,486.3,485.3,0.21,4492100,492.0,484.2,939.4,442.8
2026-07-14 09:35:34,2026-07-14 09:20,485.9,485.3,0.12,5091000,492.0,484.2,939.4,442.8
2026-07-14 09:40:37,2026-07-14 09:25,484.3,485.3,-0.21,5448400,492.0,484.2,939.4,442.8
2026-07-14 09:45:38,2026-07-14 09:30,489.5,485.3,0.87,6191800,492.0,484.0,939.4,442.8
2026-07-14 09:50:32,2026-07-14 09:35,490.8,485.3,1.13,7092700,492.0,484.0,939.4,442.8
2026-07-14 09:55:35,2026-07-14 09:40,492.4,485.3,1.46,8008900,493.3,484.0,939.4,442.8
2026-07-14 10:00:31,2026-07-14 09:45,491.5,485.3,1.28,8465500,493.3,484.0,939.4,442.8
2026-07-14 10:05:31,2026-07-14 09:50,491.5,485.3,1.28,8750900,493.3,484.0,939.4,442.8
2026-07-14 10:10:30,2026-07-14 09:55,492.0,485.3,1.38,9025700,493.3,484.0,939.4,442.8
2026-07-14 10:15:40,2026-07-14 10:00,491.3,485.3,1.24,9428900,493.3,484.0,939.4,442.8
2026-07-14 10:20:32,2026-07-14 10:05,493.5,485.3,1.69,9945100,493.5,484.0,939.4,442.8
2026-07-14 10:25:32,2026-07-14 10:10,495.5,485.3,2.1,10744300,495.5,484.0,939.4,442.8
2026-07-14 10:30:37,2026-07-14 10:15,494.0,485.3,1.79,11221500,495.5,484.0,939.4,442.8
2026-07-14 10:35:42,2026-07-14 10:20,495.0,485.3,2.0,11478000,495.5,484.0,939.4,442.8
2026-07-14 10:40:41,2026-07-14 10:25,494.3,485.3,1.85,11806100,495.5,484.0,939.4,442.8
2026-07-14 10:45:34,2026-07-14 10:30,493.3,485.3,1.65,12288600,495.5,484.0,939.4,442.8
2026-07-14 10:50:35,2026-07-14 10:35,493.5,485.3,1.69,12500400,495.5,484.0,939.4,442.8
2026-07-14 10:55:35,2026-07-14 10:40,493.1,485.3,1.61,12706000,495.5,484.0,939.4,442.8
2026-07-14 11:00:31,2026-07-14 10:45,493.4,485.3,1.67,13163900,495.5,484.0,939.4,442.8
2026-07-14 11:05:38,2026-07-14 10:50,493.8,485.3,1.75,13530000,495.5,484.0,939.4,442.8
2026-07-14 11:10:45,2026-07-14 10:55,493.7,485.3,1.73,13681000,495.5,484.0,939.4,442.8
2026-07-14 11:15:38,2026-07-14 11:00,492.8,485.3,1.55,14013900,495.5,484.0,939.4,442.8
2026-07-14 11:20:57,2026-07-14 11:05,491.0,485.3,1.17,14488100,495.5,484.0,939.4,442.8
2026-07-14 11:25:31,2026-07-14 11:10,489.3,485.3,0.82,15031000,495.5,484.0,939.4,442.8
2026-07-14 11:30:56,2026-07-14 11:15,489.4,485.3,0.84,15308900,495.5,484.0,939.4,442.8
2026-07-14 12:30:43,2026-07-14 11:30,488.2,485.3,0.6,16096200,495.5,484.0,939.4,442.8
2026-07-14 12:35:35,2026-07-14 11:30,488.2,485.3,0.6,16096200,495.5,484.0,939.4,442.8
2026-07-14 12:40:31,2026-07-14 11:30,488.2,485.3,0.6,16096200,495.5,484.0,939.4,442.8
2026-07-14 12:45:36,2026-07-14 12:30,489.4,485.3,0.84,16381100,495.5,484.0,939.4,442.8
2026-07-14 12:50:31,2026-07-14 12:35,489.9,485.3,0.95,16716600,495.5,484.0,939.4,442.8
2026-07-14 12:55:41,2026-07-14 12:40,490.7,485.3,1.11,17280300,495.5,484.0,939.4,442.8
2026-07-14 13:00:54,2026-07-14 12:45,492.4,485.3,1.46,17797300,495.5,484.0,939.4,442.8
2026-07-14 13:05:39,2026-07-14 12:50,495.2,485.3,2.04,18708600,495.6,484.0,939.4,442.8
2026-07-14 13:10:39,2026-07-14 12:55,501.9,485.3,3.42,21301200,502.0,484.0,939.4,442.8
2026-07-14 13:15:36,2026-07-14 13:00,502.6,485.3,3.56,22396200,502.7,484.0,939.4,442.8
2026-07-14 13:20:38,2026-07-14 13:05,504.8,485.3,4.02,23693100,506.0,484.0,939.4,442.8
2026-07-14 13:25:30,2026-07-14 13:10,506.7,485.3,4.41,24838800,507.5,484.0,939.4,442.8
2026-07-14 13:30:36,2026-07-14 13:15,507.4,485.3,4.55,25618900,507.7,484.0,939.4,442.8
2026-07-14 13:35:30,2026-07-14 13:20,504.2,485.3,3.89,26544100,507.7,484.0,939.4,442.8
2026-07-14 13:40:50,2026-07-14 13:25,503.8,485.3,3.81,27202600,507.7,484.0,939.4,442.8
2026-07-14 13:45:30,2026-07-14 13:30,504.8,485.3,4.02,27638000,507.7,484.0,939.4,442.8
2026-07-14 13:50:35,2026-07-14 13:35,506.1,485.3,4.29,28165800,507.7,484.0,939.4,442.8
2026-07-14 13:55:33,2026-07-14 13:40,505.9,485.3,4.24,28569000,507.7,484.0,939.4,442.8
2026-07-14 14:00:36,2026-07-14 13:45,509.0,485.3,4.88,29577000,509.7,484.0,939.4,442.8
2026-07-14 14:05:32,2026-07-14 13:50,508.7,485.3,4.82,30113000,509.7,484.0,939.4,442.8
2026-07-14 14:10:33,2026-07-14 13:55,508.5,485.3,4.78,30441300,509.7,484.0,939.4,442.8
2026-07-14 14:15:31,2026-07-14 14:00,506.8,485.3,4.43,30889100,509.7,484.0,939.4,442.8
2026-07-14 14:20:34,2026-07-14 14:05,504.4,485.3,3.94,31311300,509.7,484.0,939.4,442.8
2026-07-14 14:25:37,2026-07-14 14:10,502.5,485.3,3.54,31697500,509.7,484.0,939.4,442.8
2026-07-14 14:30:30,2026-07-14 14:15,503.1,485.3,3.67,32249600,509.7,484.0,939.4,442.8
2026-07-14 14:35:39,2026-07-14 14:20,502.7,485.3,3.59,32746100,509.7,484.0,939.4,442.8
2026-07-14 14:40:36,2026-07-14 14:25,502.5,485.3,3.54,33192300,509.7,484.0,939.4,442.8
2026-07-14 14:45:34,2026-07-14 14:30,503.0,485.3,3.65,33821600,509.7,484.0,939.4,442.8
2026-07-14 14:50:31,2026-07-14 14:35,504.9,485.3,4.04,34313000,509.7,484.0,939.4,442.8
2026-07-14 14:55:38,2026-07-14 14:40,505.7,485.3,4.2,34731700,509.7,484.0,939.4,442.8
2026-07-14 15:00:38,2026-07-14 14:45,506.1,485.3,4.29,35101600,509.7,484.0,939.4,442.8
2026-07-14 15:05:47,2026-07-14 14:50,505.7,485.3,4.2,35460200,509.7,484.0,939.4,442.8
2026-07-14 15:10:31,2026-07-14 14:55,506.0,485.3,4.27,35736400,509.7,484.0,939.4,442.8
2026-07-14 15:15:42,2026-07-14 15:00,505.5,485.3,4.16,36115200,509.7,484.0,939.4,442.8
2026-07-14 15:20:39,2026-07-14 15:05,506.3,485.3,4.33,36502300,509.7,484.0,939.4,442.8
2026-07-14 15:25:30,2026-07-14 15:10,505.6,485.3,4.18,36825200,509.7,484.0,939.4,442.8
2026-07-14 15:30:37,2026-07-14 15:15,506.6,485.3,4.39,37169100,509.7,484.0,939.4,442.8
2026-07-14 15:40:54,2026-07-14 15:24,506.9,485.3,4.45,38969700,509.7,484.0,939.4,442.8
2026-07-15 09:05:30,2026-07-14 15:30,503.1,485.3,3.67,41878600,509.7,484.0,939.4,442.8
2026-07-15 09:10:30,2026-07-14 15:30,503.1,485.3,3.67,41878600,509.7,484.0,939.4,442.8
2026-07-15 09:15:44,2026-07-15 09:00,503.1,485.3,3.67,43350600,506.5,501.1,939.4,442.8
2026-07-15 09:20:29,2026-07-15 09:05,505.9,503.1,0.56,3453000,508.9,499.7,939.4,442.8
2026-07-15 09:25:36,2026-07-15 09:10,505.5,503.1,0.48,4879900,508.9,499.7,939.4,442.8
2026-07-15 09:30:38,2026-07-15 09:15,507.6,503.1,0.89,6547400,510.2,499.7,939.4,442.8
2026-07-15 09:35:30,2026-07-15 09:20,513.5,503.1,2.07,7935700,514.0,499.7,939.4,442.8
2026-07-15 09:40:35,2026-07-15 09:25,514.2,503.1,2.21,9211700,514.8,499.7,939.4,442.8
2026-07-15 09:45:32,2026-07-15 09:30,509.5,503.1,1.27,10302600,514.8,499.7,939.4,442.8
2026-07-15 09:50:36,2026-07-15 09:35,508.9,503.1,1.15,10990000,514.8,499.7,939.4,442.8
2026-07-15 09:55:30,2026-07-15 09:40,511.1,503.1,1.59,11546500,514.8,499.7,939.4,442.8
2026-07-15 10:00:40,2026-07-15 09:45,511.3,503.1,1.63,11965300,514.8,499.7,939.4,442.8
2026-07-15 10:05:42,2026-07-15 09:50,515.2,503.1,2.41,13291400,515.7,499.7,939.4,442.8
2026-07-15 10:10:35,2026-07-15 09:55,516.2,503.1,2.6,14091900,516.8,499.7,939.4,442.8
2026-07-15 10:15:30,2026-07-15 10:00,513.0,503.1,1.97,14737100,516.8,499.7,939.4,442.8
2026-07-15 10:20:30,2026-07-15 10:05,512.0,503.1,1.77,15251000,516.8,499.7,939.4,442.8
2026-07-15 10:25:30,2026-07-15 10:10,512.3,503.1,1.83,15826400,516.8,499.7,939.4,442.8
2026-07-15 10:30:38,2026-07-15 10:15,512.5,503.1,1.87,16496900,516.8,499.7,939.4,442.8
2026-07-15 10:35:29,2026-07-15 10:20,512.2,503.1,1.81,16904200,516.8,499.7,939.4,442.8
2026-07-15 10:40:32,2026-07-15 10:25,510.6,503.1,1.49,17234400,516.8,499.7,939.4,442.8
2026-07-15 10:45:38,2026-07-15 10:30,508.7,503.1,1.11,17789400,516.8,499.7,939.4,442.8
2026-07-15 10:50:47,2026-07-15 10:35,508.9,503.1,1.15,18137700,516.8,499.7,939.4,442.8
2026-07-15 10:55:29,2026-07-15 10:40,509.7,503.1,1.31,18480900,516.8,499.7,939.4,442.8
2026-07-15 11:00:33,2026-07-15 10:45,509.0,503.1,1.17,18839000,516.8,499.7,939.4,442.8
2026-07-15 11:05:43,2026-07-15 10:50,508.6,503.1,1.09,19086400,516.8,499.7,939.4,442.8
2026-07-15 11:10:39,2026-07-15 10:55,510.0,503.1,1.37,19446200,516.8,499.7,939.4,442.8
2026-07-15 11:15:32,2026-07-15 11:00,511.1,503.1,1.59,19672600,516.8,499.7,939.4,442.8
2026-07-15 11:20:37,2026-07-15 11:05,509.8,503.1,1.33,19920200,516.8,499.7,939.4,442.8
2026-07-15 11:25:37,2026-07-15 11:10,509.1,503.1,1.19,20111900,516.8,499.7,939.4,442.8
2026-07-15 11:30:30,2026-07-15 11:15,510.0,503.1,1.37,20315700,516.8,499.7,939.4,442.8
2026-07-15 12:30:33,2026-07-15 11:30,510.8,503.1,1.53,20829200,516.8,499.7,939.4,442.8
2026-07-15 12:35:39,2026-07-15 11:30,510.8,503.1,1.53,20829200,516.8,499.7,939.4,442.8
2026-07-15 12:40:34,2026-07-15 11:30,510.8,503.1,1.53,20829200,516.8,499.7,939.4,442.8
2026-07-15 12:45:36,2026-07-15 12:30,511.3,503.1,1.63,21177800,516.8,499.7,939.4,442.8
2026-07-15 12:50:35,2026-07-15 12:35,510.5,503.1,1.47,21455100,516.8,499.7,939.4,442.8
2026-07-15 12:55:31,2026-07-15 12:40,511.0,503.1,1.57,21974200,516.8,499.7,939.4,442.8
2026-07-15 13:00:37,2026-07-15 12:45,511.5,503.1,1.67,22101800,516.8,499.7,939.4,442.8
2026-07-15 13:05:31,2026-07-15 12:50,511.3,503.1,1.63,22357800,516.8,499.7,939.4,442.8
2026-07-15 13:10:34,2026-07-15 12:55,511.4,503.1,1.65,22493200,516.8,499.7,939.4,442.8
2026-07-15 13:15:36,2026-07-15 13:00,511.3,503.1,1.63,22638300,516.8,499.7,939.4,442.8
2026-07-15 13:20:40,2026-07-15 13:05,510.8,503.1,1.53,22801600,516.8,499.7,939.4,442.8
2026-07-15 13:25:39,2026-07-15 13:10,510.8,503.1,1.53,22883600,516.8,499.7,939.4,442.8
2026-07-15 13:30:29,2026-07-15 13:15,511.2,503.1,1.61,23024500,516.8,499.7,939.4,442.8
2026-07-15 13:35:34,2026-07-15 13:20,511.6,503.1,1.69,23149900,516.8,499.7,939.4,442.8
2026-07-15 13:40:41,2026-07-15 13:25,511.6,503.1,1.69,23251500,516.8,499.7,939.4,442.8
2026-07-15 13:45:32,2026-07-15 13:30,510.9,503.1,1.55,23384500,516.8,499.7,939.4,442.8
2026-07-15 13:50:32,2026-07-15 13:35,511.4,503.1,1.65,23487200,516.8,499.7,939.4,442.8
2026-07-15 13:55:37,2026-07-15 13:40,511.2,503.1,1.61,23544500,516.8,499.7,939.4,442.8
2026-07-15 14:00:35,2026-07-15 13:45,511.2,503.1,1.61,23636300,516.8,499.7,939.4,442.8
2026-07-15 14:05:40,2026-07-15 13:50,510.8,503.1,1.53,23734200,516.8,499.7,939.4,442.8
2026-07-15 14:10:35,2026-07-15 13:55,511.1,503.1,1.59,23910700,516.8,499.7,939.4,442.8
2026-07-15 14:15:29,2026-07-15 14:00,510.5,503.1,1.47,24086400,516.8,499.7,939.4,442.8
2026-07-15 14:20:38,2026-07-15 14:05,510.8,503.1,1.53,24338600,516.8,499.7,939.4,442.8
2026-07-15 14:25:34,2026-07-15 14:10,508.4,503.1,1.05,24718500,516.8,499.7,939.4,442.8
2026-07-15 14:30:30,2026-07-15 14:15,508.6,503.1,1.09,24880500,516.8,499.7,939.4,442.8
2026-07-15 14:35:31,2026-07-15 14:20,507.9,503.1,0.95,25293100,516.8,499.7,939.4,442.8
2026-07-15 14:40:40,2026-07-15 14:25,508.1,503.1,0.99,25451600,516.8,499.7,939.4,442.8
2026-07-15 14:45:53,2026-07-15 14:30,508.0,503.1,0.97,25606800,516.8,499.7,939.4,442.8
2026-07-15 14:50:31,2026-07-15 14:35,508.1,503.1,0.99,25739800,516.8,499.7,939.4,442.8
2026-07-15 14:55:30,2026-07-15 14:40,507.9,503.1,0.95,25840300,516.8,499.7,939.4,442.8
2026-07-15 15:00:41,2026-07-15 14:45,508.3,503.1,1.03,26021600,516.8,499.7,939.4,442.8
2026-07-15 15:05:33,2026-07-15 14:50,507.7,503.1,0.91,26139400,516.8,499.7,939.4,442.8
2026-07-15 15:10:30,2026-07-15 14:55,508.6,503.1,1.09,26299300,516.8,499.7,939.4,442.8
2026-07-15 15:15:32,2026-07-15 15:00,508.6,503.1,1.09,26435300,516.8,499.7,939.4,442.8
2026-07-15 15:20:39,2026-07-15 15:05,507.9,503.1,0.95,26844500,516.8,499.7,939.4,442.8
2026-07-15 15:25:31,2026-07-15 15:10,508.2,503.1,1.01,27012300,516.8,499.7,939.4,442.8
2026-07-15 15:30:37,2026-07-15 15:15,507.6,503.1,0.89,27261000,516.8,499.7,939.4,442.8
2026-07-15 15:41:17,2026-07-15 15:24,508.6,503.1,1.09,28155000,516.8,499.7,939.4,442.8
2026-07-16 09:05:31,2026-07-15 15:30,508.7,503.1,1.11,30120600,516.8,499.7,939.4,442.8
2026-07-16 09:10:34,2026-07-15 15:30,508.7,503.1,1.11,30120600,516.8,499.7,939.4,442.8
2026-07-16 09:15:39,2026-07-16 09:00,508.7,503.1,1.11,31627000,502.7,498.2,939.4,442.8
2026-07-16 09:20:35,2026-07-16 09:05,501.9,508.7,-1.34,2640200,504.4,498.2,939.4,442.8
2026-07-16 09:25:31,2026-07-16 09:10,503.4,508.7,-1.04,3311400,506.3,498.2,939.4,442.8
2026-07-16 09:30:32,2026-07-16 09:15,505.8,508.7,-0.57,4026100,506.3,498.2,939.4,442.8
2026-07-16 09:35:29,2026-07-16 09:20,505.1,508.7,-0.71,4804200,508.6,498.2,939.4,442.8
2026-07-16 09:40:31,2026-07-16 09:25,501.9,508.7,-1.34,5523500,508.6,498.2,939.4,442.8
2026-07-16 09:45:35,2026-07-16 09:30,505.2,508.7,-0.69,5998400,508.6,498.2,939.4,442.8
2026-07-16 09:50:41,2026-07-16 09:35,503.9,508.7,-0.94,6413500,508.6,498.2,939.4,442.8
2026-07-16 09:55:32,2026-07-16 09:40,505.4,508.7,-0.65,6712200,508.6,498.2,939.4,442.8
2026-07-16 10:00:31,2026-07-16 09:45,503.7,508.7,-0.98,7180400,508.6,498.2,939.4,442.8
2026-07-16 10:05:42,2026-07-16 09:50,503.4,508.7,-1.04,7576300,508.6,498.2,939.4,442.8
2026-07-16 10:10:40,2026-07-16 09:55,503.7,508.7,-0.98,7792200,508.6,498.2,939.4,442.8
2026-07-16 10:15:37,2026-07-16 10:00,501.0,508.7,-1.51,8392500,508.6,498.2,939.4,442.8
2026-07-16 10:20:31,2026-07-16 10:05,501.2,508.7,-1.47,8892600,508.6,498.2,939.4,442.8
2026-07-16 10:25:42,2026-07-16 10:10,498.8,508.7,-1.95,9634100,508.6,498.2,939.4,442.8
2026-07-16 10:30:35,2026-07-16 10:15,498.3,508.7,-2.04,10087000,508.6,498.2,939.4,442.8
2026-07-16 10:35:32,2026-07-16 10:20,498.5,508.7,-2.01,10576200,508.6,497.7,939.4,442.8
2026-07-16 10:40:33,2026-07-16 10:25,499.3,508.7,-1.85,10767500,508.6,497.7,939.4,442.8
2026-07-16 10:45:31,2026-07-16 10:30,500.6,508.7,-1.59,11014400,508.6,497.7,939.4,442.8
2026-07-16 10:50:33,2026-07-16 10:35,501.6,508.7,-1.4,11283600,508.6,497.7,939.4,442.8
2026-07-16 10:55:37,2026-07-16 10:40,500.9,508.7,-1.53,11449200,508.6,497.7,939.4,442.8
2026-07-16 11:00:34,2026-07-16 10:45,500.8,508.7,-1.55,11578100,508.6,497.7,939.4,442.8
2026-07-16 11:05:35,2026-07-16 10:50,501.6,508.7,-1.4,11671600,508.6,497.7,939.4,442.8
2026-07-16 11:10:33,2026-07-16 10:55,501.1,508.7,-1.49,11789300,508.6,497.7,939.4,442.8
2026-07-16 11:15:34,2026-07-16 11:00,499.7,508.7,-1.77,12140800,508.6,497.7,939.4,442.8
2026-07-16 11:20:55,2026-07-16 11:05,499.4,508.7,-1.83,12434500,508.6,497.7,939.4,442.8
2026-07-16 11:25:34,2026-07-16 11:10,498.3,508.7,-2.04,12754300,508.6,497.7,939.4,442.8
2026-07-16 11:30:35,2026-07-16 11:15,497.1,508.7,-2.28,13234200,508.6,496.6,939.4,442.8
2026-07-16 12:30:37,2026-07-16 11:30,496.7,508.7,-2.36,13980800,508.6,495.6,939.4,442.8
2026-07-16 12:35:33,2026-07-16 11:30,496.7,508.7,-2.36,13980800,508.6,495.6,939.4,442.8
2026-07-16 12:40:29,2026-07-16 11:30,496.7,508.7,-2.36,13980800,508.6,495.6,939.4,442.8
2026-07-16 12:45:44,2026-07-16 12:30,495.0,508.7,-2.69,14672100,508.6,494.0,939.4,442.8
2026-07-16 12:50:34,2026-07-16 12:35,497.0,508.7,-2.3,14920600,508.6,494.0,939.4,442.8
2026-07-16 12:55:41,2026-07-16 12:40,497.4,508.7,-2.22,15178000,508.6,494.0,939.4,442.8
2026-07-16 13:00:38,2026-07-16 12:45,497.5,508.7,-2.2,15447400,508.6,494.0,939.4,442.8
2026-07-16 13:05:37,2026-07-16 12:50,497.7,508.7,-2.16,15636300,508.6,494.0,939.4,442.8
2026-07-16 13:10:41,2026-07-16 12:55,497.9,508.7,-2.12,15747200,508.6,494.0,939.4,442.8
2026-07-16 13:15:32,2026-07-16 13:00,497.7,508.7,-2.16,15865000,508.6,494.0,939.4,442.8
2026-07-16 13:20:41,2026-07-16 13:05,498.1,508.7,-2.08,16093000,508.6,494.0,939.4,442.8
2026-07-16 13:25:39,2026-07-16 13:10,498.1,508.7,-2.08,16220600,508.6,494.0,939.4,442.8
2026-07-16 13:30:45,2026-07-16 13:15,498.5,508.7,-2.01,16435600,508.6,494.0,939.4,442.8
2026-07-16 13:35:31,2026-07-16 13:20,498.4,508.7,-2.02,16542100,508.6,494.0,939.4,442.8
2026-07-16 13:40:34,2026-07-16 13:25,497.2,508.7,-2.26,16964200,508.6,494.0,939.4,442.8
2026-07-16 13:45:29,2026-07-16 13:30,496.0,508.7,-2.5,17297300,508.6,494.0,939.4,442.8
2026-07-16 13:50:32,2026-07-16 13:35,495.7,508.7,-2.56,17517000,508.6,494.0,939.4,442.8
2026-07-16 13:55:42,2026-07-16 13:40,493.6,508.7,-2.97,18045100,508.6,492.8,939.4,442.8
2026-07-16 14:00:47,2026-07-16 13:45,494.2,508.7,-2.85,18294600,508.6,492.8,939.4,442.8
2026-07-16 14:05:34,2026-07-16 13:50,494.2,508.7,-2.85,18412500,508.6,492.8,939.4,442.8
2026-07-16 14:10:35,2026-07-16 13:55,493.5,508.7,-2.99,18697300,508.6,492.8,939.4,442.8
2026-07-16 14:15:37,2026-07-16 14:00,493.5,508.7,-2.99,18879500,508.6,492.8,939.4,442.8
2026-07-16 14:20:32,2026-07-16 14:05,493.7,508.7,-2.95,19013100,508.6,492.8,939.4,442.8
2026-07-16 14:25:46,2026-07-16 14:10,493.6,508.7,-2.97,19337300,508.6,492.8,939.4,442.8
2026-07-16 14:30:29,2026-07-16 14:15,494.3,508.7,-2.83,19468700,508.6,492.8,939.4,442.8
2026-07-16 14:35:37,2026-07-16 14:20,493.4,508.7,-3.01,19621900,508.6,492.8,939.4,442.8
2026-07-16 14:40:32,2026-07-16 14:25,493.0,508.7,-3.09,20109600,508.6,492.2,939.4,442.8
2026-07-16 14:45:43,2026-07-16 14:30,496.2,508.7,-2.46,20613400,508.6,492.2,939.4,442.8
2026-07-16 14:50:33,2026-07-16 14:35,496.5,508.7,-2.4,21092800,508.6,492.2,939.4,442.8
2026-07-16 14:55:33,2026-07-16 14:38,496.7,508.7,-2.36,21411900,508.6,492.2,939.4,442.8
2026-07-16 15:00:37,2026-07-16 14:45,501.1,508.7,-1.49,22480700,508.6,492.2,939.4,442.8
2026-07-16 15:05:28,2026-07-16 14:50,502.2,508.7,-1.28,23080200,508.6,492.2,939.4,442.8
2026-07-16 15:10:32,2026-07-16 14:55,502.9,508.7,-1.14,24072700,508.6,492.2,939.4,442.8
2026-07-16 15:15:53,2026-07-16 15:00,504.2,508.7,-0.88,24726700,508.6,492.2,939.4,442.8
2026-07-16 15:20:42,2026-07-16 15:05,502.2,508.7,-1.28,25449800,508.6,492.2,939.4,442.8
2026-07-16 15:25:36,2026-07-16 15:10,500.8,508.7,-1.55,25999200,508.6,492.2,939.4,442.8
2026-07-16 15:30:31,2026-07-16 15:15,502.2,508.7,-1.28,26419800,508.6,492.2,939.4,442.8
2026-07-16 15:40:35,2026-07-16 15:24,503.0,508.7,-1.12,27489000,508.6,492.2,939.4,442.8
2026-07-17 09:05:46,2026-07-16 15:30,501.6,508.7,-1.4,29249100,508.6,492.2,939.4,442.8
2026-07-17 09:10:57,2026-07-16 15:30,501.6,508.7,-1.4,29249100,508.6,492.2,939.4,442.8
2026-07-17 09:15:32,2026-07-17 09:00,501.6,508.7,-1.4,30508200,501.5,496.0,939.4,442.8
2026-07-17 09:20:36,2026-07-17 09:05,503.3,501.6,0.34,2923000,506.8,496.0,939.4,442.8
2026-07-17 09:25:31,2026-07-17 09:10,498.5,501.6,-0.62,4216300,506.8,496.0,939.4,442.8
2026-07-17 09:30:33,2026-07-17 09:15,494.7,501.6,-1.38,5801200,506.8,494.0,939.4,442.8
2026-07-17 09:35:41,2026-07-17 09:20,501.5,501.6,-0.02,7124700,506.8,494.0,939.4,442.8
2026-07-17 09:40:30,2026-07-17 09:25,501.5,501.6,-0.02,7684600,506.8,494.0,939.4,442.8
2026-07-17 09:45:34,2026-07-17 09:30,496.8,501.6,-0.96,8758300,506.8,494.0,939.4,442.8
2026-07-17 09:50:40,2026-07-17 09:35,494.8,501.6,-1.36,10014000,506.8,494.0,939.4,442.8
2026-07-17 09:55:37,2026-07-17 09:40,494.3,501.6,-1.46,10545600,506.8,493.9,939.4,442.8
2026-07-17 10:00:40,2026-07-17 09:45,494.8,501.6,-1.36,10997400,506.8,493.7,939.4,442.8
2026-07-17 10:05:29,2026-07-17 09:50,496.2,501.6,-1.08,11376000,506.8,493.7,939.4,442.8
2026-07-17 10:10:41,2026-07-17 09:55,496.0,501.6,-1.12,11821400,506.8,493.7,939.4,442.8
2026-07-17 10:15:32,2026-07-17 10:00,494.7,501.6,-1.38,12790600,506.8,493.7,939.4,442.8
2026-07-17 10:20:39,2026-07-17 10:05,496.1,501.6,-1.1,13457900,506.8,493.5,939.4,442.8
2026-07-17 10:25:48,2026-07-17 10:10,497.8,501.6,-0.76,13769100,506.8,493.5,939.4,442.8
2026-07-17 10:30:32,2026-07-17 10:15,495.5,501.6,-1.22,14066200,506.8,493.5,939.4,442.8
2026-07-17 10:35:36,2026-07-17 10:20,495.8,501.6,-1.16,14249600,506.8,493.5,939.4,442.8
2026-07-17 10:40:48,2026-07-17 10:25,496.7,501.6,-0.98,14539900,506.8,493.5,939.4,442.8
2026-07-17 10:45:46,2026-07-17 10:30,496.3,501.6,-1.06,14741800,506.8,493.5,939.4,442.8
2026-07-17 10:50:44,2026-07-17 10:35,497.3,501.6,-0.86,15152600,506.8,493.5,939.4,442.8
2026-07-17 10:55:35,2026-07-17 10:40,496.0,501.6,-1.12,15624500,506.8,493.5,939.4,442.8
2026-07-17 11:00:42,2026-07-17 10:45,494.2,501.6,-1.48,15999700,506.8,493.5,939.4,442.8
2026-07-17 11:05:42,2026-07-17 10:50,494.3,501.6,-1.46,16715900,506.8,492.7,939.4,442.8
2026-07-17 11:10:42,2026-07-17 10:55,494.7,501.6,-1.38,16894700,506.8,492.7,939.4,442.8
2026-07-17 11:15:32,2026-07-17 11:00,495.5,501.6,-1.22,17068900,506.8,492.7,939.4,442.8
2026-07-17 11:20:34,2026-07-17 11:05,497.4,501.6,-0.84,17381400,506.8,492.7,939.4,442.8
2026-07-17 11:25:40,2026-07-17 11:10,496.6,501.6,-1.0,17615200,506.8,492.7,939.4,442.8
2026-07-17 11:30:30,2026-07-17 11:15,498.9,501.6,-0.54,18043300,506.8,492.7,939.4,442.8
2026-07-17 12:30:38,2026-07-17 11:30,499.0,501.6,-0.52,18999000,506.8,492.7,939.4,442.8
2026-07-17 12:35:30,2026-07-17 11:30,499.0,501.6,-0.52,18999000,506.8,492.7,939.4,442.8
2026-07-17 12:40:36,2026-07-17 11:30,499.0,501.6,-0.52,18999000,506.8,492.7,939.4,442.8
2026-07-17 12:45:40,2026-07-17 12:30,498.8,501.6,-0.56,19398500,506.8,492.7,939.4,442.8
2026-07-17 12:50:50,2026-07-17 12:35,498.1,501.6,-0.7,19963100,506.8,492.7,939.4,442.8
2026-07-17 12:55:32,2026-07-17 12:40,503.9,501.6,0.46,21587200,506.8,492.7,939.4,442.8
2026-07-17 13:00:36,2026-07-17 12:45,500.4,501.6,-0.24,23170200,506.8,492.7,939.4,442.8
2026-07-17 13:05:35,2026-07-17 12:50,497.7,501.6,-0.78,23827000,506.8,492.7,939.4,442.8
2026-07-17 13:10:46,2026-07-17 12:55,496.9,501.6,-0.94,24574000,506.8,492.7,939.4,442.8
2026-07-17 13:15:37,2026-07-17 13:00,496.3,501.6,-1.06,25037300,506.8,492.7,939.4,442.8
2026-07-17 13:20:30,2026-07-17 13:05,496.5,501.6,-1.02,25431400,506.8,492.7,939.4,442.8
2026-07-17 13:25:30,2026-07-17 13:10,496.3,501.6,-1.06,25697300,506.8,492.7,939.4,442.8
2026-07-17 13:30:32,2026-07-17 13:15,494.7,501.6,-1.38,26586400,506.8,492.7,939.4,442.8
2026-07-17 13:35:32,2026-07-17 13:20,494.0,501.6,-1.52,26947800,506.8,492.7,939.4,442.8
2026-07-17 13:40:40,2026-07-17 13:25,492.6,501.6,-1.79,27505100,506.8,492.4,939.4,442.8
2026-07-17 13:45:30,2026-07-17 13:30,491.6,501.6,-1.99,27968700,506.8,491.4,939.4,442.8
2026-07-17 13:50:30,2026-07-17 13:35,491.3,501.6,-2.05,28208300,506.8,491.1,939.4,442.8
2026-07-17 13:55:33,2026-07-17 13:40,490.4,501.6,-2.23,28652000,506.8,490.3,939.4,442.8
2026-07-17 14:00:41,2026-07-17 13:45,494.1,501.6,-1.5,29187200,506.8,490.1,939.4,442.8
2026-07-17 14:05:35,2026-07-17 13:50,495.9,501.6,-1.14,29692600,506.8,490.1,939.4,442.8
2026-07-17 14:10:31,2026-07-17 13:55,496.1,501.6,-1.1,30106500,506.8,490.1,939.4,442.8
2026-07-17 14:15:34,2026-07-17 14:00,495.5,501.6,-1.22,30256200,506.8,490.1,939.4,442.8
2026-07-17 14:20:37,2026-07-17 14:05,493.3,501.6,-1.65,30708800,506.8,490.1,939.4,442.8
2026-07-17 14:25:46,2026-07-17 14:10,495.7,501.6,-1.18,31218200,506.8,490.1,939.4,442.8
2026-07-17 14:30:32,2026-07-17 14:15,495.8,501.6,-1.16,31553700,506.8,490.1,939.4,442.8
2026-07-17 14:35:51,2026-07-17 14:20,496.0,501.6,-1.12,31828000,506.8,490.1,939.4,442.8
2026-07-17 14:40:30,2026-07-17 14:25,495.1,501.6,-1.3,31969200,506.8,490.1,939.4,442.8
2026-07-17 14:45:35,2026-07-17 14:30,494.5,501.6,-1.42,32207000,506.8,490.1,939.4,442.8
2026-07-17 14:50:28,2026-07-17 14:35,494.6,501.6,-1.4,32341900,506.8,490.1,939.4,442.8
2026-07-17 14:55:39,2026-07-17 14:40,494.8,501.6,-1.36,32540200,506.8,490.1,939.4,442.8
2026-07-17 15:00:28,2026-07-17 14:45,495.3,501.6,-1.26,32676600,506.8,490.1,939.4,442.8
2026-07-17 15:05:56,2026-07-17 14:50,495.8,501.6,-1.16,32939000,506.8,490.1,939.4,442.8
2026-07-17 15:10:32,2026-07-17 14:55,499.7,501.6,-0.38,33746100,506.8,490.1,939.4,442.8
2026-07-17 15:15:36,2026-07-17 15:00,501.3,501.6,-0.06,34640000,506.8,490.1,939.4,442.8
2026-07-17 15:20:37,2026-07-17 15:05,501.9,501.6,0.06,35771400,506.8,490.1,939.4,442.8
2026-07-17 15:25:46,2026-07-17 15:10,504.4,501.6,0.56,36298900,506.8,490.1,939.4,442.8
2026-07-17 15:30:35,2026-07-17 15:15,505.5,501.6,0.78,36982000,506.8,490.1,939.4,442.8
2026-07-17 15:40:42,2026-07-17 15:25,505.5,501.6,0.78,38753300,507.0,490.1,939.4,442.8
2026-07-21 09:05:30,2026-07-17 15:30,506.6,501.6,1.0,42140900,507.0,490.1,939.4,442.8
2026-07-21 09:10:32,2026-07-17 15:30,506.6,501.6,1.0,42140900,507.0,490.1,939.4,442.8
2026-07-21 09:15:29,2026-07-21 09:00,510.7,501.6,1.81,43483200,511.7,508.5,939.4,442.8
2026-07-21 09:20:39,2026-07-21 09:05,516.0,506.6,1.86,3208500,518.2,508.5,939.4,442.8
2026-07-21 09:25:44,2026-07-21 09:10,508.9,506.6,0.45,4620300,518.2,507.5,939.4,442.8
2026-07-21 09:30:39,2026-07-21 09:15,505.7,506.6,-0.18,5824200,518.2,504.5,939.4,442.8
2026-07-21 09:35:43,2026-07-21 09:20,501.6,506.6,-0.99,7170700,518.2,500.1,939.4,442.8
2026-07-21 09:40:35,2026-07-21 09:25,503.1,506.6,-0.69,8528400,518.2,497.1,939.4,442.8
2026-07-21 09:45:34,2026-07-21 09:30,505.1,506.6,-0.3,9203700,518.2,497.1,939.4,442.8
2026-07-21 09:50:31,2026-07-21 09:35,503.1,506.6,-0.69,9626500,518.2,497.1,939.4,442.8
2026-07-21 09:55:36,2026-07-21 09:40,503.2,506.6,-0.67,9920700,518.2,497.1,939.4,442.8
2026-07-21 10:00:30,2026-07-21 09:45,502.3,506.6,-0.85,10280500,518.2,497.1,939.4,442.8
2026-07-21 10:05:51,2026-07-21 09:50,502.6,506.6,-0.79,10545000,518.2,497.1,939.4,442.8
2026-07-21 10:10:29,2026-07-21 09:55,501.5,506.6,-1.01,10723800,518.2,497.1,939.4,442.8
2026-07-21 10:15:32,2026-07-21 10:00,501.9,506.6,-0.93,10882900,518.2,497.1,939.4,442.8
2026-07-21 10:20:35,2026-07-21 10:05,501.6,506.6,-0.99,11189600,518.2,497.1,939.4,442.8
2026-07-21 10:25:30,2026-07-21 10:10,505.9,506.6,-0.14,11857200,518.2,497.1,939.4,442.8
2026-07-21 10:30:33,2026-07-21 10:15,506.4,506.6,-0.04,12486800,518.2,497.1,939.4,442.8
2026-07-21 10:35:32,2026-07-21 10:20,505.4,506.6,-0.24,12796100,518.2,497.1,939.4,442.8
2026-07-21 10:40:29,2026-07-21 10:25,505.2,506.6,-0.28,13154500,518.2,497.1,939.4,442.8
2026-07-21 10:45:40,2026-07-21 10:30,505.8,506.6,-0.16,13439500,518.2,497.1,939.4,442.8
2026-07-21 10:50:48,2026-07-21 10:35,505.9,506.6,-0.14,13629400,518.2,497.1,939.4,442.8
2026-07-21 10:55:44,2026-07-21 10:40,504.9,506.6,-0.34,14037800,518.2,497.1,939.4,442.8
2026-07-21 11:00:30,2026-07-21 10:45,504.3,506.6,-0.45,14390400,518.2,497.1,939.4,442.8
2026-07-21 11:05:36,2026-07-21 10:50,505.1,506.6,-0.3,14764800,518.2,497.1,939.4,442.8
2026-07-21 11:10:37,2026-07-21 10:55,505.5,506.6,-0.22,14980700,518.2,497.1,939.4,442.8
2026-07-21 11:15:30,2026-07-21 11:00,505.8,506.6,-0.16,15128700,518.2,497.1,939.4,442.8
2026-07-21 11:20:32,2026-07-21 11:05,507.6,506.6,0.2,15545900,518.2,497.1,939.4,442.8
2026-07-21 11:25:35,2026-07-21 11:10,508.7,506.6,0.41,15980600,518.2,497.1,939.4,442.8
2026-07-21 11:30:39,2026-07-21 11:15,508.1,506.6,0.3,16433500,518.2,497.1,939.4,442.8
2026-07-21 12:30:34,2026-07-21 11:30,506.5,506.6,-0.02,17068100,518.2,497.1,939.4,442.8
2026-07-21 12:35:30,2026-07-21 11:30,506.5,506.6,-0.02,17068100,518.2,497.1,939.4,442.8
2026-07-21 12:40:28,2026-07-21 11:30,506.5,506.6,-0.02,17068100,518.2,497.1,939.4,442.8
2026-07-21 12:45:54,2026-07-21 12:30,505.8,506.6,-0.16,17741700,518.2,497.1,939.4,442.8
2026-07-21 12:50:33,2026-07-21 12:35,504.3,506.6,-0.45,18408900,518.2,497.1,939.4,442.8
2026-07-21 12:55:35,2026-07-21 12:40,503.8,506.6,-0.55,18841000,518.2,497.1,939.4,442.8
2026-07-21 13:00:30,2026-07-21 12:45,501.3,506.6,-1.05,19299800,518.2,497.1,939.4,442.8
2026-07-21 13:05:32,2026-07-21 12:50,502.0,506.6,-0.91,19950600,518.2,497.1,939.4,442.8
2026-07-21 13:10:37,2026-07-21 12:55,502.8,506.6,-0.75,20682700,518.2,497.1,939.4,442.8
2026-07-21 13:15:39,2026-07-21 13:00,502.5,506.6,-0.81,20891000,518.2,497.1,939.4,442.8
2026-07-21 13:20:49,2026-07-21 13:05,503.0,506.6,-0.71,21216200,518.2,497.1,939.4,442.8
2026-07-21 13:25:31,2026-07-21 13:10,503.3,506.6,-0.65,21395000,518.2,497.1,939.4,442.8
2026-07-21 13:30:43,2026-07-21 13:15,502.0,506.6,-0.91,21682400,518.2,497.1,939.4,442.8
2026-07-21 13:35:35,2026-07-21 13:20,501.8,506.6,-0.95,21949700,518.2,497.1,939.4,442.8
2026-07-21 13:40:42,2026-07-21 13:25,502.3,506.6,-0.85,22154000,518.2,497.1,939.4,442.8
2026-07-21 13:45:38,2026-07-21 13:30,502.3,506.6,-0.85,22364000,518.2,497.1,939.4,442.8
2026-07-21 13:50:31,2026-07-21 13:35,504.5,506.6,-0.41,22750500,518.2,497.1,939.4,442.8
2026-07-21 13:55:36,2026-07-21 13:40,503.8,506.6,-0.55,23008800,518.2,497.1,939.4,442.8
2026-07-21 14:00:47,2026-07-21 13:45,504.2,506.6,-0.47,23169900,518.2,497.1,939.4,442.8
2026-07-21 14:05:37,2026-07-21 13:50,504.5,506.6,-0.41,23350600,518.2,497.1,939.4,442.8
2026-07-21 14:10:37,2026-07-21 13:55,506.0,506.6,-0.12,23984900,518.2,497.1,939.4,442.8
2026-07-21 14:15:38,2026-07-21 14:00,506.0,506.6,-0.12,24228600,518.2,497.1,939.4,442.8
2026-07-21 14:20:38,2026-07-21 14:05,505.4,506.6,-0.24,24347200,518.2,497.1,939.4,442.8
2026-07-21 14:25:33,2026-07-21 14:10,503.2,506.6,-0.67,24796000,518.2,497.1,939.4,442.8
2026-07-21 14:30:40,2026-07-21 14:15,501.5,506.6,-1.01,25265400,518.2,497.1,939.4,442.8
2026-07-21 14:35:38,2026-07-21 14:20,502.2,506.6,-0.87,25470500,518.2,497.1,939.4,442.8
2026-07-21 14:40:30,2026-07-21 14:25,502.6,506.6,-0.79,25684100,518.2,497.1,939.4,442.8
2026-07-21 14:45:36,2026-07-21 14:30,502.6,506.6,-0.79,25905300,518.2,497.1,939.4,442.8
2026-07-21 14:50:43,2026-07-21 14:35,502.8,506.6,-0.75,26070300,518.2,497.1,939.4,442.8
2026-07-21 14:55:35,2026-07-21 14:40,502.8,506.6,-0.75,26232300,518.2,497.1,939.4,442.8
2026-07-21 15:00:38,2026-07-21 14:45,503.5,506.6,-0.61,26455400,518.2,497.1,939.4,442.8
2026-07-21 15:05:41,2026-07-21 14:50,504.5,506.6,-0.41,26653000,518.2,497.1,939.4,442.8
2026-07-21 15:10:45,2026-07-21 14:55,503.6,506.6,-0.59,26833600,518.2,497.1,939.4,442.8
2026-07-21 15:15:41,2026-07-21 15:00,502.9,506.6,-0.73,27433800,518.2,497.1,939.4,442.8
2026-07-21 15:20:33,2026-07-21 15:05,502.9,506.6,-0.73,27573400,518.2,497.1,939.4,442.8
2026-07-21 15:25:34,2026-07-21 15:10,503.9,506.6,-0.53,27836300,518.2,497.1,939.4,442.8
2026-07-21 15:30:29,2026-07-21 15:15,503.7,506.6,-0.57,28139400,518.2,497.1,939.4,442.8
2026-07-21 15:40:32,2026-07-21 15:25,503.8,506.6,-0.55,29071400,518.2,497.1,939.4,442.8
2026-07-22 09:05:31,2026-07-21 15:30,503.4,506.6,-0.63,31471300,518.2,497.1,939.4,442.8
2026-07-22 09:10:43,2026-07-21 15:30,503.4,506.6,-0.63,31471300,518.2,497.1,939.4,442.8
2026-07-22 09:15:29,2026-07-22 09:00,503.4,506.6,-0.63,33259000,503.5,497.8,939.4,442.8
2026-07-22 09:20:29,2026-07-22 09:05,494.8,503.4,-1.71,4678500,503.5,493.5,939.4,442.8
2026-07-22 09:25:32,2026-07-22 09:10,496.2,503.4,-1.43,6907500,503.5,492.6,939.4,442.8
2026-07-22 09:30:35,2026-07-22 09:15,500.5,503.4,-0.58,8169200,503.5,492.6,939.4,442.8
2026-07-22 09:35:41,2026-07-22 09:20,501.7,503.4,-0.34,9019400,503.5,492.6,939.4,442.8
2026-07-22 09:40:40,2026-07-22 09:25,502.3,503.4,-0.22,9446500,503.5,492.6,939.4,442.8
2026-07-22 09:45:38,2026-07-22 09:30,503.0,503.4,-0.08,10230700,504.4,492.6,939.4,442.8
2026-07-22 09:50:40,2026-07-22 09:35,505.9,503.4,0.5,11131100,506.5,492.6,939.4,442.8
2026-07-22 09:55:29,2026-07-22 09:40,506.7,503.4,0.66,12077800,506.7,492.6,939.4,442.8
2026-07-22 10:00:30,2026-07-22 09:45,507.1,503.4,0.74,12737700,507.8,492.6,939.4,442.8
2026-07-22 10:05:29,2026-07-22 09:50,508.5,503.4,1.01,13656600,509.9,492.6,939.4,442.8
2026-07-22 10:10:30,2026-07-22 09:55,507.3,503.4,0.77,14113100,509.9,492.6,939.4,442.8
2026-07-22 10:15:32,2026-07-22 10:00,507.5,503.4,0.81,14511700,509.9,492.6,939.4,442.8
2026-07-22 10:20:44,2026-07-22 10:05,505.4,503.4,0.4,14947400,509.9,492.6,939.4,442.8
2026-07-22 10:25:50,2026-07-22 10:10,502.6,503.4,-0.16,15504900,509.9,492.6,939.4,442.8
2026-07-22 10:30:38,2026-07-22 10:15,502.3,503.4,-0.22,15830600,509.9,492.6,939.4,442.8
2026-07-22 10:35:30,2026-07-22 10:20,502.8,503.4,-0.12,16040600,509.9,492.6,939.4,442.8
2026-07-22 10:40:33,2026-07-22 10:25,503.5,503.4,0.02,16333600,509.9,492.6,939.4,442.8
2026-07-22 10:45:43,2026-07-22 10:30,504.5,503.4,0.22,16636200,509.9,492.6,939.4,442.8
2026-07-22 10:50:32,2026-07-22 10:35,503.0,503.4,-0.08,16911400,509.9,492.6,939.4,442.8
2026-07-22 10:55:40,2026-07-22 10:40,503.1,503.4,-0.06,17053200,509.9,492.6,939.4,442.8
2026-07-22 11:00:38,2026-07-22 10:45,503.5,503.4,0.02,17277100,509.9,492.6,939.4,442.8
2026-07-22 11:05:45,2026-07-22 10:50,503.7,503.4,0.06,17452800,509.9,492.6,939.4,442.8
2026-07-22 11:10:33,2026-07-22 10:55,504.0,503.4,0.12,17604400,509.9,492.6,939.4,442.8
2026-07-22 11:15:38,2026-07-22 11:00,504.1,503.4,0.14,17716800,509.9,492.6,939.4,442.8
2026-07-22 11:20:31,2026-07-22 11:05,503.5,503.4,0.02,18023000,509.9,492.6,939.4,442.8
2026-07-22 11:25:34,2026-07-22 11:10,504.7,503.4,0.26,18258500,509.9,492.6,939.4,442.8
2026-07-22 11:30:30,2026-07-22 11:15,506.0,503.4,0.52,18606300,509.9,492.6,939.4,442.8
2026-07-22 12:30:37,2026-07-22 11:30,504.9,503.4,0.3,18945000,509.9,492.6,939.4,442.8
2026-07-22 12:35:40,2026-07-22 11:30,504.9,503.4,0.3,18945000,509.9,492.6,939.4,442.8
2026-07-22 12:40:38,2026-07-22 11:30,504.9,503.4,0.3,18945000,509.9,492.6,939.4,442.8
2026-07-22 12:45:34,2026-07-22 12:30,505.7,503.4,0.46,19310200,509.9,492.6,939.4,442.8
2026-07-22 12:50:32,2026-07-22 12:35,505.0,503.4,0.32,19627400,509.9,492.6,939.4,442.8
2026-07-22 12:55:36,2026-07-22 12:40,504.3,503.4,0.18,19866100,509.9,492.6,939.4,442.8
2026-07-22 13:00:47,2026-07-22 12:45,504.6,503.4,0.24,20070800,509.9,492.6,939.4,442.8
2026-07-22 13:05:31,2026-07-22 12:50,504.8,503.4,0.28,20215000,509.9,492.6,939.4,442.8
2026-07-22 13:10:34,2026-07-22 12:55,505.1,503.4,0.34,20490900,509.9,492.6,939.4,442.8
2026-07-22 13:15:34,2026-07-22 13:00,504.7,503.4,0.26,20670000,509.9,492.6,939.4,442.8
2026-07-22 13:20:34,2026-07-22 13:05,506.2,503.4,0.56,21044500,509.9,492.6,939.4,442.8
2026-07-22 13:25:59,2026-07-22 13:10,507.7,503.4,0.85,21453200,509.9,492.6,939.4,442.8
2026-07-22 13:30:45,2026-07-22 13:15,507.5,503.4,0.81,21733700,509.9,492.6,939.4,442.8
2026-07-22 13:35:38,2026-07-22 13:20,508.0,503.4,0.91,21957700,509.9,492.6,939.4,442.8
2026-07-22 13:40:37,2026-07-22 13:25,508.4,503.4,0.99,22164300,509.9,492.6,939.4,442.8
2026-07-22 13:45:42,2026-07-22 13:30,508.1,503.4,0.93,22304600,509.9,492.6,939.4,442.8
2026-07-22 13:50:39,2026-07-22 13:35,507.6,503.4,0.83,22382100,509.9,492.6,939.4,442.8
2026-07-22 13:55:36,2026-07-22 13:40,507.9,503.4,0.89,22507700,509.9,492.6,939.4,442.8
2026-07-22 14:00:40,2026-07-22 13:45,509.1,503.4,1.13,22836800,509.9,492.6,939.4,442.8
2026-07-22 14:05:44,2026-07-22 13:50,508.6,503.4,1.03,22992500,509.9,492.6,939.4,442.8
2026-07-22 14:10:35,2026-07-22 13:55,507.8,503.4,0.87,23129200,509.9,492.6,939.4,442.8
2026-07-22 14:15:54,2026-07-22 14:00,508.2,503.4,0.95,23348700,509.9,492.6,939.4,442.8
2026-07-22 14:20:39,2026-07-22 14:05,507.6,503.4,0.83,23446800,509.9,492.6,939.4,442.8
2026-07-22 14:25:36,2026-07-22 14:10,507.6,503.4,0.83,23601700,509.9,492.6,939.4,442.8
2026-07-22 14:30:37,2026-07-22 14:15,507.8,503.4,0.87,23824800,509.9,492.6,939.4,442.8
2026-07-22 14:35:36,2026-07-22 14:20,509.1,503.4,1.13,24225900,509.9,492.6,939.4,442.8
2026-07-22 14:40:33,2026-07-22 14:25,507.9,503.4,0.89,24435000,509.9,492.6,939.4,442.8
2026-07-22 14:45:41,2026-07-22 14:30,507.6,503.4,0.83,24638700,509.9,492.6,939.4,442.8
2026-07-22 14:50:58,2026-07-22 14:35,509.2,503.4,1.15,24963300,509.9,492.6,939.4,442.8
2026-07-22 14:55:36,2026-07-22 14:40,508.1,503.4,0.93,25110400,509.9,492.6,939.4,442.8
2026-07-22 15:00:35,2026-07-22 14:43,507.9,503.4,0.89,25310700,509.9,492.6,939.4,442.8
2026-07-22 15:05:41,2026-07-22 14:50,506.9,503.4,0.7,25683700,509.9,492.6,939.4,442.8
2026-07-22 15:10:40,2026-07-22 14:55,506.9,503.4,0.7,25842900,509.9,492.6,939.4,442.8
2026-07-22 15:15:52,2026-07-22 15:00,506.5,503.4,0.62,26122400,509.9,492.6,939.4,442.8
2026-07-22 15:20:32,2026-07-22 15:05,506.6,503.4,0.64,26303600,509.9,492.6,939.4,442.8
2026-07-22 15:25:44,2026-07-22 15:10,508.9,503.4,1.09,27120500,509.9,492.6,939.4,442.8
2026-07-22 15:30:55,2026-07-22 15:15,507.9,503.4,0.89,27366200,509.9,492.6,939.4,442.8
2026-07-22 15:40:45,2026-07-22 15:24,506.0,503.4,0.52,28034000,509.9,492.6,939.4,442.8
2026-07-23 09:05:33,2026-07-22 15:30,505.3,503.4,0.38,29743300,509.9,492.6,939.4,442.8
2026-07-23 09:10:31,2026-07-22 15:30,505.3,503.4,0.38,29743300,509.9,492.6,939.4,442.8
2026-07-23 09:15:31,2026-07-22 15:30,505.3,503.4,0.38,29743300,509.9,492.6,939.4,442.8
2026-07-23 09:20:34,2026-07-23 09:05,512.7,505.3,1.46,4713500,515.8,505.5,939.4,442.8
2026-07-23 09:25:36,2026-07-23 09:10,516.7,505.3,2.26,6392200,517.6,505.5,939.4,442.8
2026-07-23 09:30:35,2026-07-23 09:15,517.4,505.3,2.39,8012800,517.6,505.5,939.4,442.8
2026-07-23 09:35:31,2026-07-23 09:20,520.5,505.3,3.01,10110500,520.6,505.5,939.4,442.8
2026-07-23 09:40:34,2026-07-23 09:25,521.6,505.3,3.23,11624800,522.7,505.5,939.4,442.8
2026-07-23 09:45:32,2026-07-23 09:30,519.5,505.3,2.81,13746200,524.6,505.5,939.4,442.8
2026-07-23 09:50:33,2026-07-23 09:35,518.8,505.3,2.67,15107900,524.6,505.5,939.4,442.8
2026-07-23 09:55:29,2026-07-23 09:40,515.6,505.3,2.04,15943200,524.6,505.5,939.4,442.8
2026-07-23 10:00:34,2026-07-23 09:45,515.2,505.3,1.96,16584900,524.6,505.5,939.4,442.8
2026-07-23 10:06:04,2026-07-23 09:50,515.2,505.3,1.96,17014800,524.6,505.5,939.4,442.8
2026-07-23 10:10:38,2026-07-23 09:55,514.8,505.3,1.88,17443300,524.6,505.5,939.4,442.8
2026-07-23 10:15:29,2026-07-23 10:00,515.5,505.3,2.02,17948300,524.6,505.5,939.4,442.8
2026-07-23 10:20:30,2026-07-23 10:05,514.0,505.3,1.72,18481800,524.6,505.5,939.4,442.8
2026-07-23 10:25:33,2026-07-23 10:10,515.2,505.3,1.96,19086100,524.6,505.5,939.4,442.8
2026-07-23 10:30:41,2026-07-23 10:15,515.5,505.3,2.02,19345800,524.6,505.5,939.4,442.8
2026-07-23 10:35:38,2026-07-23 10:20,515.7,505.3,2.06,19796900,524.6,505.5,939.4,442.8
2026-07-23 10:40:33,2026-07-23 10:25,515.3,505.3,1.98,20167200,524.6,505.5,939.4,442.8
2026-07-23 10:45:55,2026-07-23 10:30,515.7,505.3,2.06,20522800,524.6,505.5,939.4,442.8
2026-07-23 10:50:35,2026-07-23 10:35,515.5,505.3,2.02,20764200,524.6,505.5,939.4,442.8
2026-07-23 10:55:38,2026-07-23 10:40,515.1,505.3,1.94,20953800,524.6,505.5,939.4,442.8
2026-07-23 11:00:37,2026-07-23 10:45,515.4,505.3,2.0,21103600,524.6,505.5,939.4,442.8
2026-07-23 11:05:39,2026-07-23 10:50,515.5,505.3,2.02,21320400,524.6,505.5,939.4,442.8
2026-07-23 11:10:35,2026-07-23 10:55,515.3,505.3,1.98,21473700,524.6,505.5,939.4,442.8
2026-07-23 11:15:36,2026-07-23 11:00,514.6,505.3,1.84,21678000,524.6,505.5,939.4,442.8
2026-07-23 11:20:29,2026-07-23 11:05,515.0,505.3,1.92,21874100,524.6,505.5,939.4,442.8
2026-07-23 11:25:28,2026-07-23 11:10,515.8,505.3,2.08,22074000,524.6,505.5,939.4,442.8
2026-07-23 11:30:31,2026-07-23 11:15,515.5,505.3,2.02,22248000,524.6,505.5,939.4,442.8
2026-07-23 12:30:32,2026-07-23 11:30,515.7,505.3,2.06,22652100,524.6,505.5,939.4,442.8
2026-07-23 12:35:43,2026-07-23 11:30,515.7,505.3,2.06,22652100,524.6,505.5,939.4,442.8
2026-07-23 12:40:30,2026-07-23 11:30,515.7,505.3,2.06,22652100,524.6,505.5,939.4,442.8
2026-07-23 12:45:40,2026-07-23 12:30,515.3,505.3,1.98,23014400,524.6,505.5,939.4,442.8
2026-07-23 12:50:34,2026-07-23 12:35,515.0,505.3,1.92,23498900,524.6,505.5,939.4,442.8
2026-07-23 12:55:42,2026-07-23 12:40,516.1,505.3,2.14,23876700,524.6,505.5,939.4,442.8
2026-07-23 13:00:35,2026-07-23 12:45,517.0,505.3,2.32,24166600,524.6,505.5,939.4,442.8
2026-07-23 13:05:31,2026-07-23 12:50,516.2,505.3,2.16,24379700,524.6,505.5,939.4,442.8
2026-07-23 13:10:30,2026-07-23 12:55,515.2,505.3,1.96,24603300,524.6,505.5,939.4,442.8
2026-07-23 13:15:37,2026-07-23 13:00,515.8,505.3,2.08,24963000,524.6,505.5,939.4,442.8
2026-07-23 13:20:39,2026-07-23 13:05,515.4,505.3,2.0,25070100,524.6,505.5,939.4,442.8
2026-07-23 13:25:40,2026-07-23 13:10,515.7,505.3,2.06,25229000,524.6,505.5,939.4,442.8
2026-07-23 13:30:35,2026-07-23 13:15,515.3,505.3,1.98,25379000,524.6,505.5,939.4,442.8
2026-07-23 13:35:35,2026-07-23 13:20,515.3,505.3,1.98,25682400,524.6,505.5,939.4,442.8
2026-07-23 13:40:33,2026-07-23 13:25,515.7,505.3,2.06,25849100,524.6,505.5,939.4,442.8
2026-07-23 13:45:40,2026-07-23 13:30,516.6,505.3,2.24,26128600,524.6,505.5,939.4,442.8
2026-07-23 13:50:40,2026-07-23 13:35,516.4,505.3,2.2,26234400,524.6,505.5,939.4,442.8
2026-07-23 13:55:34,2026-07-23 13:40,516.8,505.3,2.28,26372600,524.6,505.5,939.4,442.8
2026-07-23 14:00:34,2026-07-23 13:45,516.8,505.3,2.28,26770800,524.6,505.5,939.4,442.8
2026-07-23 14:05:47,2026-07-23 13:50,517.4,505.3,2.39,26875300,524.6,505.5,939.4,442.8
2026-07-23 14:10:32,2026-07-23 13:55,516.9,505.3,2.3,27035600,524.6,505.5,939.4,442.8
2026-07-23 14:15:48,2026-07-23 14:00,516.9,505.3,2.3,27158400,524.6,505.5,939.4,442.8
2026-07-23 14:20:30,2026-07-23 14:05,516.7,505.3,2.26,27275900,524.6,505.5,939.4,442.8
2026-07-23 14:25:38,2026-07-23 14:10,516.7,505.3,2.26,27418800,524.6,505.5,939.4,442.8
2026-07-23 14:30:30,2026-07-23 14:15,516.0,505.3,2.12,27646300,524.6,505.5,939.4,442.8
2026-07-23 14:35:34,2026-07-23 14:20,515.6,505.3,2.04,27949400,524.6,505.5,939.4,442.8
2026-07-23 14:40:49,2026-07-23 14:25,515.6,505.3,2.04,28090400,524.6,505.5,939.4,442.8
2026-07-23 14:45:29,2026-07-23 14:30,516.1,505.3,2.14,28335800,524.6,505.5,939.4,442.8
2026-07-23 14:50:37,2026-07-23 14:35,515.2,505.3,1.96,28702600,524.6,505.5,939.4,442.8
2026-07-23 14:55:32,2026-07-23 14:40,515.4,505.3,2.0,28810100,524.6,505.5,939.4,442.8
2026-07-23 15:00:53,2026-07-23 14:45,515.1,505.3,1.94,29070400,524.6,505.5,939.4,442.8
2026-07-23 15:05:44,2026-07-23 14:50,515.2,505.3,1.96,29267600,524.6,505.5,939.4,442.8
2026-07-23 15:10:31,2026-07-23 14:55,515.0,505.3,1.92,29626500,524.6,505.5,939.4,442.8
2026-07-23 15:15:38,2026-07-23 15:00,515.1,505.3,1.94,29817000,524.6,505.5,939.4,442.8
2026-07-23 15:20:39,2026-07-23 15:05,515.0,505.3,1.92,30045500,524.6,505.5,939.4,442.8
2026-07-23 15:25:47,2026-07-23 15:10,515.3,505.3,1.98,30280600,524.6,505.5,939.4,442.8
2026-07-23 15:30:47,2026-07-23 15:15,515.0,505.3,1.92,30588000,524.6,505.5,939.4,442.8
2026-07-23 15:40:42,2026-07-23 15:24,515.4,505.3,2.0,31404200,524.6,505.5,939.4,442.8
2026-07-24 09:05:38,2026-07-23 15:30,516.6,505.3,2.24,33282800,524.6,505.5,939.4,442.8
2026-07-24 09:10:31,2026-07-23 15:30,516.6,505.3,2.24,33282800,524.6,505.5,939.4,442.8
2026-07-24 09:15:35,2026-07-24 09:00,516.6,505.3,2.24,35025800,516.5,509.2,939.4,442.8
2026-07-24 09:20:29,2026-07-24 09:05,513.2,516.6,-0.66,3608200,516.5,508.1,939.4,442.8
2026-07-24 09:25:51,2026-07-24 09:10,514.5,516.6,-0.41,5188900,516.5,508.1,939.4,442.8
2026-07-24 09:30:36,2026-07-24 09:15,515.8,516.6,-0.15,5675800,516.7,508.1,939.4,442.8
2026-07-24 09:35:34,2026-07-24 09:20,515.4,516.6,-0.23,7150300,520.4,508.1,939.4,442.8
2026-07-24 09:40:34,2026-07-24 09:25,516.0,516.6,-0.12,7742200,520.4,508.1,939.4,442.8
2026-07-24 09:45:33,2026-07-24 09:30,517.4,516.6,0.15,8270000,520.4,508.1,939.4,442.8
2026-07-24 09:50:41,2026-07-24 09:35,518.1,516.6,0.29,8850000,520.4,508.1,939.4,442.8
2026-07-24 09:55:35,2026-07-24 09:40,519.7,516.6,0.6,9729900,520.4,508.1,939.4,442.8
2026-07-24 10:00:41,2026-07-24 09:45,518.0,516.6,0.27,10225500,520.4,508.1,939.4,442.8
2026-07-24 10:05:32,2026-07-24 09:50,518.2,516.6,0.31,10561000,520.4,508.1,939.4,442.8
2026-07-24 10:10:30,2026-07-24 09:55,517.5,516.6,0.17,10865500,520.4,508.1,939.4,442.8
2026-07-24 10:15:39,2026-07-24 10:00,516.7,516.6,0.02,11177900,520.4,508.1,939.4,442.8
2026-07-24 10:20:31,2026-07-24 10:05,516.6,516.6,0.0,11442200,520.4,508.1,939.4,442.8
2026-07-24 10:25:35,2026-07-24 10:10,516.9,516.6,0.06,11749300,520.4,508.1,939.4,442.8
2026-07-24 10:30:36,2026-07-24 10:15,516.9,516.6,0.06,11993300,520.4,508.1,939.4,442.8
2026-07-24 10:35:37,2026-07-24 10:20,516.9,516.6,0.06,12159700,520.4,508.1,939.4,442.8
2026-07-24 10:40:43,2026-07-24 10:25,516.5,516.6,-0.02,12425600,520.4,508.1,939.4,442.8
2026-07-24 10:45:31,2026-07-24 10:30,515.2,516.6,-0.27,12660700,520.4,508.1,939.4,442.8
2026-07-24 10:50:39,2026-07-24 10:35,516.7,516.6,0.02,12808200,520.4,508.1,939.4,442.8
2026-07-24 10:55:32,2026-07-24 10:40,516.5,516.6,-0.02,13049900,520.4,508.1,939.4,442.8
2026-07-24 11:00:35,2026-07-24 10:45,515.1,516.6,-0.29,13682200,520.4,508.1,939.4,442.8
2026-07-24 11:05:33,2026-07-24 10:50,514.4,516.6,-0.43,14002000,520.4,508.1,939.4,442.8
2026-07-24 11:10:49,2026-07-24 10:55,514.9,516.6,-0.33,14307600,520.4,508.1,939.4,442.8
2026-07-24 11:15:36,2026-07-24 11:00,515.5,516.6,-0.21,14664200,520.4,508.1,939.4,442.8
2026-07-24 11:20:41,2026-07-24 11:05,515.5,516.6,-0.21,14844100,520.4,508.1,939.4,442.8
2026-07-24 11:25:38,2026-07-24 11:10,516.7,516.6,0.02,14988100,520.4,508.1,939.4,442.8
2026-07-24 11:30:30,2026-07-24 11:15,517.8,516.6,0.23,15270500,520.4,508.1,939.4,442.8
2026-07-24 12:30:41,2026-07-24 11:30,520.2,516.6,0.7,16613600,521.2,508.1,939.4,442.8
2026-07-24 12:35:36,2026-07-24 11:30,520.2,516.6,0.7,16613600,521.2,508.1,939.4,442.8
2026-07-24 12:40:29,2026-07-24 11:30,520.2,516.6,0.7,16613600,521.2,508.1,939.4,442.8
2026-07-24 12:45:31,2026-07-24 12:30,519.3,516.6,0.52,16953800,521.2,508.1,939.4,442.8
2026-07-24 12:50:39,2026-07-24 12:35,519.2,516.6,0.5,17257600,521.2,508.1,939.4,442.8
2026-07-24 12:55:38,2026-07-24 12:40,519.4,516.6,0.54,17860800,521.2,508.1,939.4,442.8
2026-07-24 13:00:45,2026-07-24 12:45,518.6,516.6,0.39,18481800,521.2,508.1,939.4,442.8
2026-07-24 13:05:34,2026-07-24 12:50,518.2,516.6,0.31,19184500,521.2,508.1,939.4,442.8
2026-07-24 13:10:28,2026-07-24 12:55,517.0,516.6,0.08,19734400,521.2,508.1,939.4,442.8
2026-07-24 13:15:34,2026-07-24 13:00,516.2,516.6,-0.08,20006000,521.2,508.1,939.4,442.8
2026-07-24 13:20:54,2026-07-24 13:05,515.7,516.6,-0.17,20227000,521.2,508.1,939.4,442.8
2026-07-24 13:25:33,2026-07-24 13:10,516.7,516.6,0.02,20445700,521.2,508.1,939.4,442.8
2026-07-24 13:30:35,2026-07-24 13:15,516.5,516.6,-0.02,20681600,521.2,508.1,939.4,442.8
2026-07-24 13:35:30,2026-07-24 13:20,516.9,516.6,0.06,20933500,521.2,508.1,939.4,442.8
2026-07-24 13:40:42,2026-07-24 13:25,517.0,516.6,0.08,21059700,521.2,508.1,939.4,442.8
2026-07-24 13:45:37,2026-07-24 13:30,517.2,516.6,0.12,21195500,521.2,508.1,939.4,442.8
2026-07-24 13:50:29,2026-07-24 13:35,517.5,516.6,0.17,21436900,521.2,508.1,939.4,442.8
2026-07-24 13:55:29,2026-07-24 13:40,517.0,516.6,0.08,21554800,521.2,508.1,939.4,442.8
2026-07-24 14:00:38,2026-07-24 13:45,517.1,516.6,0.1,21778400,521.2,508.1,939.4,442.8
2026-07-24 14:05:52,2026-07-24 13:50,516.1,516.6,-0.1,22065400,521.2,508.1,939.4,442.8
2026-07-24 14:10:51,2026-07-24 13:55,515.6,516.6,-0.19,22213200,521.2,508.1,939.4,442.8
2026-07-24 14:15:47,2026-07-24 14:00,515.6,516.6,-0.19,22329300,521.2,508.1,939.4,442.8
2026-07-24 14:20:50,2026-07-24 14:05,515.2,516.6,-0.27,22664400,521.2,508.1,939.4,442.8
2026-07-24 14:25:48,2026-07-24 14:10,515.1,516.6,-0.29,22803600,521.2,508.1,939.4,442.8
2026-07-24 14:30:31,2026-07-24 14:15,515.1,516.6,-0.29,22921900,521.2,508.1,939.4,442.8
2026-07-24 14:35:37,2026-07-24 14:20,515.0,516.6,-0.31,23163800,521.2,508.1,939.4,442.8
2026-07-24 14:40:31,2026-07-24 14:25,515.7,516.6,-0.17,23557500,521.2,508.1,939.4,442.8
2026-07-24 14:45:31,2026-07-24 14:30,516.3,516.6,-0.06,23761300,521.2,508.1,939.4,442.8
2026-07-24 14:50:30,2026-07-24 14:35,516.3,516.6,-0.06,23913500,521.2,508.1,939.4,442.8
2026-07-24 14:55:43,2026-07-24 14:40,516.1,516.6,-0.1,24063400,521.2,508.1,939.4,442.8
2026-07-24 15:01:04,2026-07-24 14:46,516.7,516.6,0.02,24322300,521.2,508.1,939.4,442.8
2026-07-24 15:05:54,2026-07-24 14:50,515.9,516.6,-0.14,24502600,521.2,508.1,939.4,442.8
2026-07-24 15:10:36,2026-07-24 14:55,515.4,516.6,-0.23,24673700,521.2,508.1,939.4,442.8
2026-07-24 15:15:30,2026-07-24 15:00,515.5,516.6,-0.21,24940000,521.2,508.1,939.4,442.8
2026-07-24 15:20:42,2026-07-24 15:05,514.7,516.6,-0.37,25190300,521.2,508.1,939.4,442.8
2026-07-24 15:25:38,2026-07-24 15:10,515.3,516.6,-0.25,25395400,521.2,508.1,939.4,442.8
2026-07-24 15:30:36,2026-07-24 15:15,516.4,516.6,-0.04,25686900,521.2,508.1,939.4,442.8
2026-07-24 15:51:04,2026-07-24 15:30,516.7,516.6,0.02,28624300,521.2,508.1,939.4,442.8
2026-07-27 09:05:36,2026-07-24 15:30,516.7,516.6,0.02,28624300,521.2,508.1,939.4,442.8
2026-07-27 09:10:59,2026-07-24 15:30,516.7,516.6,0.02,28624300,521.2,508.1,939.4,442.8
2026-07-27 09:15:43,2026-07-24 15:30,516.7,516.6,0.02,28624300,521.2,508.1,939.4,442.8
2026-07-27 09:20:38,2026-07-27 09:05,529.3,516.7,2.44,3091300,532.9,525.0,939.4,442.8
2026-07-27 09:25:32,2026-07-27 09:10,532.4,516.7,3.04,5136600,534.0,525.0,939.4,442.8
2026-07-27 09:30:36,2026-07-27 09:15,531.6,516.7,2.88,6896600,534.6,525.0,939.4,442.8
2026-07-27 09:35:42,2026-07-27 09:20,534.0,516.7,3.35,8885900,535.3,525.0,939.4,442.8
2026-07-27 09:40:34,2026-07-27 09:25,532.6,516.7,3.08,9873200,535.8,525.0,939.4,442.8
2026-07-27 09:47:04,2026-07-27 09:32,531.6,516.7,2.88,10839800,535.8,525.0,939.4,442.8
2026-07-27 09:50:36,2026-07-27 09:35,533.1,516.7,3.17,11246500,535.8,525.0,939.4,442.8
2026-07-27 09:57:01,2026-07-27 09:41,532.2,516.7,3.0,11984800,535.8,525.0,939.4,442.8
2026-07-27 10:00:37,2026-07-27 09:45,531.8,516.7,2.92,12155800,535.8,525.0,939.4,442.8
2026-07-27 10:06:15,2026-07-27 09:51,531.3,516.7,2.83,12711900,535.8,525.0,939.4,442.8
2026-07-27 10:10:40,2026-07-27 09:55,531.7,516.7,2.9,13111300,535.8,525.0,939.4,442.8
2026-07-27 10:15:31,2026-07-27 10:00,532.5,516.7,3.06,13350800,535.8,525.0,939.4,442.8
2026-07-27 10:20:34,2026-07-27 10:05,531.4,516.7,2.84,13604300,535.8,525.0,939.4,442.8
2026-07-27 10:25:34,2026-07-27 10:10,531.9,516.7,2.94,13829200,535.8,525.0,939.4,442.8
2026-07-27 10:30:31,2026-07-27 10:15,530.9,516.7,2.75,14103700,535.8,525.0,939.4,442.8
2026-07-27 10:35:29,2026-07-27 10:20,528.8,516.7,2.34,14529200,535.8,525.0,939.4,442.8
2026-07-27 10:40:42,2026-07-27 10:25,529.1,516.7,2.4,14801700,535.8,525.0,939.4,442.8
2026-07-27 10:47:35,2026-07-27 10:32,528.8,516.7,2.34,15371900,535.8,525.0,939.4,442.8
2026-07-27 10:50:47,2026-07-27 10:35,526.2,516.7,1.84,15588800,535.8,525.0,939.4,442.8
2026-07-27 10:55:53,2026-07-27 10:40,525.9,516.7,1.78,16361500,535.8,525.0,939.4,442.8
2026-07-27 11:00:35,2026-07-27 10:45,523.4,516.7,1.3,16762300,535.8,523.1,939.4,442.8
2026-07-27 11:06:01,2026-07-27 10:50,523.3,516.7,1.28,17186200,535.8,522.4,939.4,442.8
2026-07-27 11:10:48,2026-07-27 10:55,523.6,516.7,1.34,17368300,535.8,522.4,939.4,442.8
2026-07-27 11:15:33,2026-07-27 11:00,522.5,516.7,1.12,17733700,535.8,522.3,939.4,442.8
2026-07-27 11:20:36,2026-07-27 11:05,523.1,516.7,1.24,18045800,535.8,522.3,939.4,442.8
2026-07-27 11:25:37,2026-07-27 11:10,525.2,516.7,1.65,18638500,535.8,522.3,939.4,442.8
2026-07-27 11:30:42,2026-07-27 11:15,526.0,516.7,1.8,18882200,535.8,522.3,939.4,442.8
2026-07-27 12:30:36,2026-07-27 11:30,525.3,516.7,1.66,19811300,535.8,522.3,939.4,442.8
2026-07-27 12:36:59,2026-07-27 11:30,525.3,516.7,1.66,19811300,535.8,522.3,939.4,442.8
2026-07-27 12:40:43,2026-07-27 11:30,525.3,516.7,1.66,19811300,535.8,522.3,939.4,442.8
2026-07-27 12:45:35,2026-07-27 12:30,525.6,516.7,1.72,20232200,535.8,522.3,939.4,442.8
2026-07-27 12:50:38,2026-07-27 12:35,526.4,516.7,1.88,20779700,535.8,522.3,939.4,442.8
2026-07-27 12:55:40,2026-07-27 12:40,526.0,516.7,1.8,20937200,535.8,522.3,939.4,442.8
2026-07-27 13:00:41,2026-07-27 12:45,526.1,516.7,1.82,21195300,535.8,522.3,939.4,442.8
2026-07-27 13:06:49,2026-07-27 12:51,525.3,516.7,1.66,21452500,535.8,522.3,939.4,442.8
2026-07-27 13:10:35,2026-07-27 12:55,527.0,516.7,1.99,21932900,535.8,522.3,939.4,442.8
2026-07-27 13:15:32,2026-07-27 13:00,527.8,516.7,2.15,22244400,535.8,522.3,939.4,442.8
2026-07-27 13:20:36,2026-07-27 13:05,528.0,516.7,2.19,22466300,535.8,522.3,939.4,442.8
2026-07-27 13:26:56,2026-07-27 13:11,527.4,516.7,2.07,23194900,535.8,522.3,939.4,442.8
2026-07-27 13:32:07,2026-07-27 13:17,528.3,516.7,2.25,23385500,535.8,522.3,939.4,442.8
2026-07-27 13:35:47,2026-07-27 13:20,528.3,516.7,2.25,23553800,535.8,522.3,939.4,442.8
2026-07-27 13:40:35,2026-07-27 13:25,529.2,516.7,2.42,23805400,535.8,522.3,939.4,442.8
2026-07-27 13:45:41,2026-07-27 13:30,528.5,516.7,2.28,23994900,535.8,522.3,939.4,442.8
2026-07-27 13:50:36,2026-07-27 13:35,529.3,516.7,2.44,24237800,535.8,522.3,939.4,442.8
2026-07-27 13:55:31,2026-07-27 13:40,529.2,516.7,2.42,24338800,535.8,522.3,939.4,442.8
2026-07-27 14:00:34,2026-07-27 13:45,529.4,516.7,2.46,24543400,535.8,522.3,939.4,442.8
2026-07-27 14:05:32,2026-07-27 13:50,530.1,516.7,2.59,24976100,535.8,522.3,939.4,442.8
2026-07-27 14:10:38,2026-07-27 13:55,530.3,516.7,2.63,25073600,535.8,522.3,939.4,442.8
2026-07-27 14:17:04,2026-07-27 14:02,530.0,516.7,2.57,25303100,535.8,522.3,939.4,442.8
2026-07-27 14:20:31,2026-07-27 14:05,531.6,516.7,2.88,25602500,535.8,522.3,939.4,442.8
2026-07-27 14:25:39,2026-07-27 14:10,532.9,516.7,3.14,26113600,535.8,522.3,939.4,442.8
2026-07-27 14:30:31,2026-07-27 14:15,533.4,516.7,3.23,26323400,535.8,522.3,939.4,442.8
2026-07-27 14:36:51,2026-07-27 14:21,533.8,516.7,3.31,26516800,535.8,522.3,939.4,442.8
2026-07-27 14:40:35,2026-07-27 14:25,534.1,516.7,3.37,26832600,535.8,522.3,939.4,442.8
2026-07-27 14:45:34,2026-07-27 14:30,536.5,516.7,3.83,28751700,537.2,522.3,939.4,442.8
2026-07-27 14:50:44,2026-07-27 14:35,537.1,516.7,3.95,29264600,537.2,522.3,939.4,442.8
2026-07-27 14:56:55,2026-07-27 14:41,536.6,516.7,3.85,29698500,537.9,522.3,939.4,442.8
2026-07-27 15:00:39,2026-07-27 14:45,534.3,516.7,3.41,30071200,537.9,522.3,939.4,442.8
2026-07-27 15:05:35,2026-07-27 14:50,533.4,516.7,3.23,30396600,537.9,522.3,939.4,442.8
2026-07-27 15:10:43,2026-07-27 14:55,533.6,516.7,3.27,30569600,537.9,522.3,939.4,442.8
2026-07-27 15:17:10,2026-07-27 15:02,533.8,516.7,3.31,30918300,537.9,522.3,939.4,442.8
2026-07-27 15:21:58,2026-07-27 15:06,534.1,516.7,3.37,31125700,537.9,522.3,939.4,442.8
2026-07-27 15:25:34,2026-07-27 15:10,534.3,516.7,3.41,31345900,537.9,522.3,939.4,442.8
2026-07-27 15:30:51,2026-07-27 15:15,536.4,516.7,3.81,31911100,537.9,522.3,939.4,442.8
2026-07-27 15:40:40,2026-07-27 15:25,538.5,516.7,4.22,33403000,538.5,522.3,939.4,442.8
2026-07-28 09:05:33,2026-07-27 15:30,537.0,516.7,3.93,35878500,538.5,522.3,939.4,442.8
2026-07-28 09:10:36,2026-07-27 15:30,537.0,516.7,3.93,35878500,538.5,522.3,939.4,442.8
2026-07-28 09:15:30,2026-07-28 09:00,537.0,516.7,3.93,37186100,535.8,530.6,939.4,442.8
2026-07-28 09:20:38,2026-07-28 09:05,527.7,537.0,-1.73,4184800,535.8,526.8,939.4,442.8
2026-07-28 09:25:37,2026-07-28 09:10,526.1,537.0,-2.03,6324100,535.8,524.3,939.4,442.8
2026-07-28 09:30:36,2026-07-28 09:15,526.9,537.0,-1.88,7310300,535.8,524.3,939.4,442.8
2026-07-28 09:35:47,2026-07-28 09:20,526.7,537.0,-1.92,8604900,535.8,524.3,939.4,442.8
2026-07-28 09:40:35,2026-07-28 09:25,524.4,537.0,-2.35,9465900,535.8,524.0,939.4,442.8
2026-07-28 09:45:50,2026-07-28 09:30,524.0,537.0,-2.42,10444000,535.8,523.4,939.4,442.8
2026-07-28 09:50:31,2026-07-28 09:35,524.9,537.0,-2.25,12403600,535.8,522.4,939.4,442.8
2026-07-28 09:55:32,2026-07-28 09:40,525.4,537.0,-2.16,12988100,535.8,522.4,939.4,442.8
2026-07-28 10:00:44,2026-07-28 09:44,524.8,537.0,-2.27,13334000,535.8,522.4,939.4,442.8
2026-07-28 10:05:43,2026-07-28 09:50,524.0,537.0,-2.42,14166200,535.8,522.4,939.4,442.8
2026-07-28 10:10:41,2026-07-28 09:55,523.7,537.0,-2.48,14571300,535.8,522.4,939.4,442.8
2026-07-28 10:15:31,2026-07-28 10:00,526.2,537.0,-2.01,15086500,535.8,522.4,939.4,442.8
2026-07-28 10:20:45,2026-07-28 10:05,529.1,537.0,-1.47,16320800,535.8,522.4,939.4,442.8
2026-07-28 10:25:44,2026-07-28 10:10,528.6,537.0,-1.56,16902000,535.8,522.4,939.4,442.8
2026-07-28 10:30:30,2026-07-28 10:15,527.1,537.0,-1.84,17321100,535.8,522.4,939.4,442.8
2026-07-28 10:35:37,2026-07-28 10:20,526.2,537.0,-2.01,17784000,535.8,522.4,939.4,442.8
2026-07-28 10:40:36,2026-07-28 10:25,525.6,537.0,-2.12,18248500,535.8,522.4,939.4,442.8
2026-07-28 10:45:33,2026-07-28 10:30,526.5,537.0,-1.96,18492600,535.8,522.4,939.4,442.8
2026-07-28 10:50:29,2026-07-28 10:35,526.6,537.0,-1.94,18772700,535.8,522.4,939.4,442.8
2026-07-28 10:55:39,2026-07-28 10:40,526.5,537.0,-1.96,18933100,535.8,522.4,939.4,442.8
2026-07-28 11:00:37,2026-07-28 10:45,525.5,537.0,-2.14,19248600,535.8,522.4,939.4,442.8
2026-07-28 11:05:48,2026-07-28 10:50,525.8,537.0,-2.09,19532700,535.8,522.4,939.4,442.8
2026-07-28 11:10:34,2026-07-28 10:55,526.7,537.0,-1.92,19722900,535.8,522.4,939.4,442.8
2026-07-28 11:15:43,2026-07-28 11:00,526.8,537.0,-1.9,19994000,535.8,522.4,939.4,442.8
2026-07-28 11:20:38,2026-07-28 11:05,527.2,537.0,-1.82,20247500,535.8,522.4,939.4,442.8
2026-07-28 11:25:35,2026-07-28 11:10,527.7,537.0,-1.73,20554900,535.8,522.4,939.4,442.8
2026-07-28 11:30:36,2026-07-28 11:15,528.5,537.0,-1.58,20870600,535.8,522.4,939.4,442.8
2026-07-28 12:30:29,2026-07-28 11:30,529.6,537.0,-1.38,22429500,535.8,522.4,939.4,442.8
2026-07-28 12:35:35,2026-07-28 11:30,529.6,537.0,-1.38,22429500,535.8,522.4,939.4,442.8
2026-07-28 12:40:41,2026-07-28 11:30,529.6,537.0,-1.38,22429500,535.8,522.4,939.4,442.8
2026-07-28 12:45:31,2026-07-28 12:30,527.4,537.0,-1.79,22857200,535.8,522.4,939.4,442.8
2026-07-28 12:50:47,2026-07-28 12:35,530.9,537.0,-1.14,24169400,535.8,522.4,939.4,442.8
2026-07-28 12:55:39,2026-07-28 12:40,530.6,537.0,-1.19,25202500,535.8,522.4,939.4,442.8
2026-07-28 13:00:37,2026-07-28 12:45,528.2,537.0,-1.64,26124700,535.8,522.4,939.4,442.8
2026-07-28 13:05:32,2026-07-28 12:50,527.8,537.0,-1.71,26787900,535.8,522.4,939.4,442.8
2026-07-28 13:10:41,2026-07-28 12:55,524.7,537.0,-2.29,28026700,535.8,522.4,939.4,442.8
2026-07-28 13:15:33,2026-07-28 13:00,523.5,537.0,-2.51,29396400,535.8,522.2,939.4,442.8
2026-07-28 13:20:35,2026-07-28 13:05,522.1,537.0,-2.77,30333200,535.8,521.5,939.4,442.8
2026-07-28 13:25:41,2026-07-28 13:10,521.6,537.0,-2.87,31070600,535.8,520.6,939.4,442.8
2026-07-28 13:30:38,2026-07-28 13:15,520.7,537.0,-3.04,32066400,535.8,519.2,939.4,442.8
2026-07-28 13:35:35,2026-07-28 13:20,522.5,537.0,-2.7,32530100,535.8,519.2,939.4,442.8
2026-07-28 13:40:37,2026-07-28 13:25,520.0,537.0,-3.17,33234300,535.8,519.1,939.4,442.8
2026-07-28 13:45:32,2026-07-28 13:30,519.5,537.0,-3.26,33532600,535.8,519.1,939.4,442.8
2026-07-28 13:50:42,2026-07-28 13:35,520.9,537.0,-3.0,33888900,535.8,519.1,939.4,442.8
2026-07-28 13:55:40,2026-07-28 13:40,520.7,537.0,-3.04,34249500,535.8,519.1,939.4,442.8
2026-07-28 14:00:31,2026-07-28 13:45,521.1,537.0,-2.96,34611400,535.8,519.1,939.4,442.8
2026-07-28 14:05:44,2026-07-28 13:50,521.4,537.0,-2.91,34828100,535.8,519.1,939.4,442.8
2026-07-28 14:10:34,2026-07-28 13:55,520.6,537.0,-3.05,35146800,535.8,519.1,939.4,442.8
2026-07-28 14:15:31,2026-07-28 14:00,520.6,537.0,-3.05,35370500,535.8,519.1,939.4,442.8
2026-07-28 14:20:38,2026-07-28 14:05,520.6,537.0,-3.05,35679400,535.8,519.1,939.4,442.8
2026-07-28 14:25:36,2026-07-28 14:10,519.8,537.0,-3.2,36058700,535.8,519.1,939.4,442.8
2026-07-28 14:30:33,2026-07-28 14:15,518.9,537.0,-3.37,36639800,535.8,518.7,939.4,442.8
2026-07-28 14:35:51,2026-07-28 14:20,518.5,537.0,-3.45,36966500,535.8,518.5,939.4,442.8
2026-07-28 14:40:40,2026-07-28 14:25,517.2,537.0,-3.69,38003800,535.8,516.7,939.4,442.8
2026-07-28 14:45:31,2026-07-28 14:30,518.3,537.0,-3.48,38523800,535.8,516.7,939.4,442.8
2026-07-28 14:50:39,2026-07-28 14:35,517.1,537.0,-3.71,38784900,535.8,516.7,939.4,442.8
2026-07-28 14:55:36,2026-07-28 14:40,515.4,537.0,-4.02,39789400,535.8,514.8,939.4,442.8
2026-07-28 15:00:41,2026-07-28 14:45,516.8,537.0,-3.76,40312500,535.8,514.8,939.4,442.8
2026-07-28 15:05:49,2026-07-28 14:50,516.8,537.0,-3.76,40805700,535.8,514.8,939.4,442.8
2026-07-28 15:10:49,2026-07-28 14:55,519.4,537.0,-3.28,41381300,535.8,514.8,939.4,442.8
2026-07-28 15:15:48,2026-07-28 15:00,519.9,537.0,-3.18,41792900,535.8,514.8,939.4,442.8
2026-07-28 15:20:41,2026-07-28 15:05,519.4,537.0,-3.28,42242300,535.8,514.8,939.4,442.8
2026-07-28 15:25:35,2026-07-28 15:10,520.8,537.0,-3.02,42563300,535.8,514.8,939.4,442.8
2026-07-28 15:30:37,2026-07-28 15:15,520.3,537.0,-3.11,42896800,535.8,514.8,939.4,442.8
2026-07-28 15:40:34,2026-07-28 15:24,522.6,537.0,-2.68,44195800,535.8,514.8,939.4,442.8
2026-07-29 09:10:45,2026-07-28 15:30,523.6,537.0,-2.5,47242300,535.8,514.8,939.4,442.8
2026-07-29 09:15:31,2026-07-29 09:00,523.6,537.0,-2.5,48323800,528.4,521.9,939.4,442.8
2026-07-29 09:20:37,2026-07-29 09:05,531.3,523.6,1.47,3900500,535.4,521.9,939.4,442.8
2026-07-29 09:25:34,2026-07-29 09:10,533.9,523.6,1.97,5582100,535.4,521.9,939.4,442.8
2026-07-29 09:30:31,2026-07-29 09:15,529.6,523.6,1.15,6462900,535.4,521.9,939.4,442.8
2026-07-29 09:35:50,2026-07-29 09:20,527.4,523.6,0.73,7463100,535.4,521.9,939.4,442.8
2026-07-29 09:40:36,2026-07-29 09:25,528.4,523.6,0.92,8109500,535.4,521.9,939.4,442.8
2026-07-29 09:45:42,2026-07-29 09:30,527.0,523.6,0.65,8783100,535.4,521.9,939.4,442.8
2026-07-29 09:50:38,2026-07-29 09:35,526.5,523.6,0.55,9505300,535.4,521.9,939.4,442.8
2026-07-29 09:55:40,2026-07-29 09:40,527.3,523.6,0.71,10006800,535.4,521.9,939.4,442.8
2026-07-29 10:00:36,2026-07-29 09:45,528.1,523.6,0.86,10497200,535.4,521.9,939.4,442.8
2026-07-29 10:05:34,2026-07-29 09:50,527.3,523.6,0.71,11053600,535.4,521.9,939.4,442.8
2026-07-29 10:10:43,2026-07-29 09:55,527.3,523.6,0.71,11384900,535.4,521.9,939.4,442.8
2026-07-29 10:15:40,2026-07-29 10:00,527.2,523.6,0.69,11740300,535.4,521.9,939.4,442.8
2026-07-29 10:20:34,2026-07-29 10:05,527.7,523.6,0.78,12164100,535.4,521.9,939.4,442.8
2026-07-29 10:25:36,2026-07-29 10:10,527.2,523.6,0.69,12385800,535.4,521.9,939.4,442.8
2026-07-29 10:30:31,2026-07-29 10:15,528.0,523.6,0.84,12758200,535.4,521.9,939.4,442.8
2026-07-29 10:35:34,2026-07-29 10:20,527.3,523.6,0.71,13030500,535.4,521.9,939.4,442.8
2026-07-29 10:40:36,2026-07-29 10:25,528.0,523.6,0.84,13330000,535.4,521.9,939.4,442.8
2026-07-29 10:45:32,2026-07-29 10:30,530.6,523.6,1.34,14102300,535.4,521.9,939.4,442.8
2026-07-29 10:50:45,2026-07-29 10:35,531.0,523.6,1.41,14481000,535.4,521.9,939.4,442.8
2026-07-29 10:55:35,2026-07-29 10:40,531.0,523.6,1.41,14910600,535.4,521.9,939.4,442.8
2026-07-29 11:00:46,2026-07-29 10:45,530.2,523.6,1.26,15347100,535.4,521.9,939.4,442.8
2026-07-29 11:05:46,2026-07-29 10:50,530.5,523.6,1.32,15585200,535.4,521.9,939.4,442.8
2026-07-29 11:10:38,2026-07-29 10:55,530.7,523.6,1.36,15953200,535.4,521.9,939.4,442.8
2026-07-29 11:15:31,2026-07-29 11:00,530.0,523.6,1.22,16541000,535.4,521.9,939.4,442.8
2026-07-29 11:20:37,2026-07-29 11:05,528.6,523.6,0.95,17161800,535.4,521.9,939.4,442.8
2026-07-29 11:25:32,2026-07-29 11:10,528.6,523.6,0.95,17514400,535.4,521.9,939.4,442.8
2026-07-29 11:30:43,2026-07-29 11:15,528.3,523.6,0.9,18108600,535.4,521.9,939.4,442.8
2026-07-29 12:30:40,2026-07-29 11:30,529.2,523.6,1.07,19142400,535.4,521.9,939.4,442.8
2026-07-29 12:35:36,2026-07-29 11:30,529.2,523.6,1.07,19142400,535.4,521.9,939.4,442.8
2026-07-29 12:40:35,2026-07-29 11:30,529.2,523.6,1.07,19142400,535.4,521.9,939.4,442.8
2026-07-29 12:45:41,2026-07-29 12:30,530.7,523.6,1.36,19699000,535.4,521.9,939.4,442.8
2026-07-29 12:50:34,2026-07-29 12:35,529.3,523.6,1.09,20586100,535.4,521.9,939.4,442.8
2026-07-29 12:55:31,2026-07-29 12:40,529.9,523.6,1.2,21039100,535.4,521.9,939.4,442.8
2026-07-29 13:00:36,2026-07-29 12:45,527.5,523.6,0.74,21748400,535.4,521.9,939.4,442.8
2026-07-29 13:05:39,2026-07-29 12:50,527.5,523.6,0.74,22120900,535.4,521.9,939.4,442.8
2026-07-29 13:10:47,2026-07-29 12:55,527.7,523.6,0.78,22574300,535.4,521.9,939.4,442.8
2026-07-29 13:15:34,2026-07-29 13:00,528.6,523.6,0.95,22956800,535.4,521.9,939.4,442.8
2026-07-29 13:20:34,2026-07-29 13:05,527.7,523.6,0.78,23240700,535.4,521.9,939.4,442.8
2026-07-29 13:25:41,2026-07-29 13:10,527.7,523.6,0.78,23679600,535.4,521.9,939.4,442.8
2026-07-29 13:30:37,2026-07-29 13:15,526.7,523.6,0.59,23979700,535.4,521.9,939.4,442.8
2026-07-29 13:35:43,2026-07-29 13:20,528.4,523.6,0.92,24713200,535.4,521.9,939.4,442.8
2026-07-29 13:40:43,2026-07-29 13:25,527.1,523.6,0.67,25140000,535.4,521.9,939.4,442.8
2026-07-29 13:45:45,2026-07-29 13:30,526.2,523.6,0.5,25522700,535.4,521.9,939.4,442.8
2026-07-29 13:50:30,2026-07-29 13:35,525.7,523.6,0.4,25788100,535.4,521.9,939.4,442.8
2026-07-29 13:55:39,2026-07-29 13:40,525.6,523.6,0.38,26324600,535.4,521.9,939.4,442.8
2026-07-29 14:00:32,2026-07-29 13:45,524.6,523.6,0.19,26673400,535.4,521.9,939.4,442.8
2026-07-29 14:05:44,2026-07-29 13:50,526.3,523.6,0.52,27169600,535.4,521.9,939.4,442.8
2026-07-29 14:10:37,2026-07-29 13:55,527.0,523.6,0.65,27555900,535.4,521.9,939.4,442.8
2026-07-29 14:15:36,2026-07-29 14:00,527.0,523.6,0.65,27886100,535.4,521.9,939.4,442.8
2026-07-29 14:20:43,2026-07-29 14:05,526.2,523.6,0.5,28097300,535.4,521.9,939.4,442.8
2026-07-29 14:25:43,2026-07-29 14:10,527.1,523.6,0.67,28366300,535.4,521.9,939.4,442.8
2026-07-29 14:30:41,2026-07-29 14:15,528.9,523.6,1.01,29257400,535.4,521.9,939.4,442.8
2026-07-29 14:35:47,2026-07-29 14:20,528.8,523.6,0.99,29711300,535.4,521.9,939.4,442.8
2026-07-29 14:40:31,2026-07-29 14:25,529.3,523.6,1.09,30032000,535.4,521.9,939.4,442.8
2026-07-29 14:45:43,2026-07-29 14:30,529.7,523.6,1.17,30463400,535.4,521.9,939.4,442.8
2026-07-29 14:50:48,2026-07-29 14:35,530.8,523.6,1.38,31058600,535.4,521.9,939.4,442.8
2026-07-29 14:55:33,2026-07-29 14:40,530.8,523.6,1.38,31423400,535.4,521.9,939.4,442.8
2026-07-29 15:00:34,2026-07-29 14:45,531.5,523.6,1.51,31955100,535.4,521.9,939.4,442.8
2026-07-29 15:05:42,2026-07-29 14:50,532.5,523.6,1.7,32576900,535.4,521.9,939.4,442.8
2026-07-29 15:10:41,2026-07-29 14:55,533.3,523.6,1.85,33369600,535.4,521.9,939.4,442.8
2026-07-29 15:15:52,2026-07-29 15:00,533.5,523.6,1.89,33955800,535.4,521.9,939.4,442.8
2026-07-29 15:20:40,2026-07-29 15:05,532.7,523.6,1.74,35139200,535.6,521.9,939.4,442.8
2026-07-29 15:25:34,2026-07-29 15:10,534.1,523.6,2.01,35763200,535.6,521.9,939.4,442.8
2026-07-29 15:30:40,2026-07-29 15:15,533.8,523.6,1.95,36261900,535.6,521.9,939.4,442.8
2026-07-29 15:40:38,2026-07-29 15:24,533.4,523.6,1.87,37391800,535.6,521.9,939.4,442.8
2026-07-30 09:05:39,2026-07-29 15:30,533.7,523.6,1.93,39840000,535.6,521.9,939.4,442.8
2026-07-30 09:10:43,2026-07-29 15:30,533.7,523.6,1.93,39840000,535.6,521.9,939.4,442.8
2026-07-30 09:15:31,2026-07-29 15:30,533.7,523.6,1.93,39840000,535.6,521.9,939.4,442.8
2026-07-30 09:20:33,2026-07-30 09:05,527.6,533.7,-1.14,4807300,528.9,512.7,939.4,442.8
2026-07-30 09:25:31,2026-07-30 09:10,529.0,533.7,-0.88,7509500,530.7,512.7,939.4,442.8
2026-07-30 09:30:33,2026-07-30 09:15,514.6,533.7,-3.58,9875000,530.7,512.7,939.4,442.8
2026-07-30 09:35:45,2026-07-30 09:20,512.2,533.7,-4.03,12963100,530.7,508.0,939.4,442.8
2026-07-30 09:40:45,2026-07-30 09:25,508.3,533.7,-4.76,14858500,530.7,507.5,939.4,442.8
2026-07-30 09:45:31,2026-07-30 09:30,512.4,533.7,-3.99,16317100,530.7,506.8,939.4,442.8
2026-07-30 09:50:39,2026-07-30 09:35,508.2,533.7,-4.78,17437100,530.7,506.8,939.4,442.8
2026-07-30 09:55:42,2026-07-30 09:40,504.6,533.7,-5.45,19084500,530.7,503.4,939.4,442.8
2026-07-30 10:00:37,2026-07-30 09:45,505.6,533.7,-5.27,20038400,530.7,503.4,939.4,442.8
2026-07-30 10:05:39,2026-07-30 09:50,511.0,533.7,-4.25,21190800,530.7,503.4,939.4,442.8
2026-07-30 10:10:51,2026-07-30 09:55,506.4,533.7,-5.12,22336400,530.7,503.4,939.4,442.8
2026-07-30 10:15:30,2026-07-30 10:00,507.4,533.7,-4.93,23123600,530.7,503.4,939.4,442.8
2026-07-30 10:20:37,2026-07-30 10:05,506.7,533.7,-5.06,23622600,530.7,503.4,939.4,442.8
2026-07-30 10:25:30,2026-07-30 10:10,502.5,533.7,-5.85,24774700,530.7,502.4,939.4,442.8
2026-07-30 10:30:34,2026-07-30 10:15,499.3,533.7,-6.45,26796900,530.7,498.4,939.4,442.8
2026-07-30 10:35:31,2026-07-30 10:20,503.4,533.7,-5.68,27661800,530.7,498.4,939.4,442.8
2026-07-30 10:40:32,2026-07-30 10:25,504.2,533.7,-5.53,28151300,530.7,498.4,939.4,442.8
2026-07-30 10:45:30,2026-07-30 10:30,503.6,533.7,-5.64,28609500,530.7,498.4,939.4,442.8
2026-07-30 10:50:33,2026-07-30 10:35,505.4,533.7,-5.3,29150700,530.7,498.4,939.4,442.8
2026-07-30 10:55:38,2026-07-30 10:40,507.9,533.7,-4.83,30082500,530.7,498.4,939.4,442.8
2026-07-30 11:00:42,2026-07-30 10:45,516.0,533.7,-3.32,31823000,530.7,498.4,939.4,442.8
2026-07-30 11:05:38,2026-07-30 10:50,520.6,533.7,-2.45,33364100,530.7,498.4,939.4,442.8
2026-07-30 11:10:54,2026-07-30 10:55,518.3,533.7,-2.89,34260000,530.7,498.4,939.4,442.8
2026-07-30 11:15:34,2026-07-30 11:00,517.9,533.7,-2.96,34974700,530.7,498.4,939.4,442.8
2026-07-30 11:20:35,2026-07-30 11:05,518.1,533.7,-2.92,35540700,530.7,498.4,939.4,442.8
2026-07-30 11:25:32,2026-07-30 11:10,518.4,533.7,-2.87,36104700,530.7,498.4,939.4,442.8
2026-07-30 11:30:38,2026-07-30 11:15,517.6,533.7,-3.02,36541700,530.7,498.4,939.4,442.8
2026-07-30 12:30:32,2026-07-30 11:30,519.3,533.7,-2.7,37963900,530.7,498.4,939.4,442.8
2026-07-30 12:35:38,2026-07-30 11:30,519.3,533.7,-2.7,37963900,530.7,498.4,939.4,442.8
2026-07-30 12:40:33,2026-07-30 11:30,519.3,533.7,-2.7,37963900,530.7,498.4,939.4,442.8
2026-07-30 12:45:36,2026-07-30 12:30,516.9,533.7,-3.15,38568100,530.7,498.4,939.4,442.8
2026-07-30 12:50:31,2026-07-30 12:35,519.2,533.7,-2.72,39574000,530.7,498.4,939.4,442.8
2026-07-30 12:55:43,2026-07-30 12:40,517.4,533.7,-3.05,40402600,530.7,498.4,939.4,442.8
2026-07-30 13:00:44,2026-07-30 12:45,516.8,533.7,-3.17,40884800,530.7,498.4,939.4,442.8
2026-07-30 13:05:29,2026-07-30 12:50,516.9,533.7,-3.15,41523100,530.7,498.4,939.4,442.8
2026-07-30 13:10:39,2026-07-30 12:55,514.2,533.7,-3.65,42091800,530.7,498.4,939.4,442.8
2026-07-30 13:15:35,2026-07-30 13:00,514.6,533.7,-3.58,42941100,530.7,498.4,939.4,442.8
2026-07-30 13:20:30,2026-07-30 13:05,515.8,533.7,-3.35,43372200,530.7,498.4,939.4,442.8
2026-07-30 13:25:33,2026-07-30 13:10,515.8,533.7,-3.35,43738000,530.7,498.4,939.4,442.8
2026-07-30 13:30:34,2026-07-30 13:15,515.8,533.7,-3.35,44029900,530.7,498.4,939.4,442.8
2026-07-30 13:35:33,2026-07-30 13:20,516.5,533.7,-3.22,44278400,530.7,498.4,939.4,442.8
2026-07-30 13:40:31,2026-07-30 13:25,516.2,533.7,-3.28,44503100,530.7,498.4,939.4,442.8
2026-07-30 13:45:32,2026-07-30 13:30,517.2,533.7,-3.09,44945600,530.7,498.4,939.4,442.8
2026-07-30 13:50:34,2026-07-30 13:35,517.9,533.7,-2.96,45695800,530.7,498.4,939.4,442.8
2026-07-30 13:55:41,2026-07-30 13:40,517.2,533.7,-3.09,45908000,530.7,498.4,939.4,442.8
2026-07-30 14:00:51,2026-07-30 13:45,516.0,533.7,-3.32,46209100,530.7,498.4,939.4,442.8
2026-07-30 14:05:37,2026-07-30 13:50,516.7,533.7,-3.19,46534500,530.7,498.4,939.4,442.8
2026-07-30 14:10:31,2026-07-30 13:55,515.8,533.7,-3.35,46747600,530.7,498.4,939.4,442.8
2026-07-30 14:15:31,2026-07-30 14:00,516.2,533.7,-3.28,47128100,530.7,498.4,939.4,442.8
2026-07-30 14:20:28,2026-07-30 14:05,516.7,533.7,-3.19,47627800,530.7,498.4,939.4,442.8
2026-07-30 14:25:39,2026-07-30 14:10,518.6,533.7,-2.83,47983300,530.7,498.4,939.4,442.8
2026-07-30 14:30:39,2026-07-30 14:15,520.3,533.7,-2.51,48638900,530.7,498.4,939.4,442.8
2026-07-30 14:35:31,2026-07-30 14:20,520.7,533.7,-2.44,48984200,530.7,498.4,939.4,442.8
2026-07-30 14:40:45,2026-07-30 14:25,519.6,533.7,-2.64,49410800,530.7,498.4,939.4,442.8
2026-07-30 14:45:29,2026-07-30 14:30,519.6,533.7,-2.64,49707300,530.7,498.4,939.4,442.8
2026-07-30 14:50:40,2026-07-30 14:35,521.3,533.7,-2.32,50130000,530.7,498.4,939.4,442.8
2026-07-30 14:55:40,2026-07-30 14:40,520.9,533.7,-2.4,50440700,530.7,498.4,939.4,442.8
2026-07-30 15:00:32,2026-07-30 14:45,518.4,533.7,-2.87,51441700,530.7,498.4,939.4,442.8
2026-07-30 15:05:37,2026-07-30 14:50,518.2,533.7,-2.9,51853500,530.7,498.4,939.4,442.8
2026-07-30 15:10:50,2026-07-30 14:55,520.0,533.7,-2.57,52444900,530.7,498.4,939.4,442.8
2026-07-30 15:15:37,2026-07-30 15:00,520.9,533.7,-2.4,53095200,530.7,498.4,939.4,442.8
2026-07-30 15:20:36,2026-07-30 15:05,521.1,533.7,-2.36,53424000,530.7,498.4,939.4,442.8
2026-07-30 15:25:33,2026-07-30 15:10,520.8,533.7,-2.42,53876400,530.7,498.4,939.4,442.8
2026-07-30 15:30:38,2026-07-30 15:15,521.0,533.7,-2.38,54400000,530.7,498.4,939.4,442.8
2026-07-30 15:40:32,2026-07-30 15:24,525.8,533.7,-1.48,56761200,530.7,498.4,939.4,442.8
2026-07-31 09:05:36,2026-07-30 15:30,524.0,533.7,-1.82,61471000,530.7,498.4,939.4,442.8
2026-07-31 09:10:45,2026-07-30 15:30,524.0,533.7,-1.82,61471000,530.7,498.4,939.4,442.8
2026-07-31 09:15:37,2026-07-30 15:30,524.0,533.7,-1.82,61471000,530.7,498.4,939.4,442.8
2026-07-31 09:20:37,2026-07-31 09:05,540.0,524.0,3.05,4837300,544.5,533.4,939.4,442.8
2026-07-31 09:25:37,2026-07-31 09:10,541.5,524.0,3.34,7338600,544.9,533.4,939.4,442.8
2026-07-31 09:30:46,2026-07-31 09:15,535.8,524.0,2.25,9586100,544.9,533.4,939.4,442.8
2026-07-31 09:35:41,2026-07-31 09:20,536.9,524.0,2.46,10694800,544.9,532.7,939.4,442.8
2026-07-31 09:40:30,2026-07-31 09:25,535.1,524.0,2.12,11412700,544.9,532.7,939.4,442.8
2026-07-31 09:45:40,2026-07-31 09:30,540.3,524.0,3.11,12388200,544.9,532.7,939.4,442.8
2026-07-31 09:50:33,2026-07-31 09:35,543.3,524.0,3.68,15346600,546.0,532.7,939.4,442.8
2026-07-31 09:55:33,2026-07-31 09:40,540.0,524.0,3.05,16771000,546.0,532.7,939.4,442.8
2026-07-31 10:00:32,2026-07-31 09:45,545.0,524.0,4.01,17807400,546.0,532.7,939.4,442.8
2026-07-31 10:05:33,2026-07-31 09:50,541.5,524.0,3.34,19132600,546.1,532.7,939.4,442.8
2026-07-31 10:10:41,2026-07-31 09:55,541.2,524.0,3.28,19667600,546.1,532.7,939.4,442.8
2026-07-31 10:15:31,2026-07-31 10:00,541.3,524.0,3.3,20287600,546.1,532.7,939.4,442.8
2026-07-31 10:20:31,2026-07-31 10:05,540.4,524.0,3.13,20995300,546.1,532.7,939.4,442.8
2026-07-31 10:25:39,2026-07-31 10:10,540.2,524.0,3.09,21595400,546.1,532.7,939.4,442.8
2026-07-31 10:30:40,2026-07-31 10:15,540.4,524.0,3.13,22399300,546.1,532.7,939.4,442.8
2026-07-31 10:35:34,2026-07-31 10:20,541.7,524.0,3.38,22811700,546.1,532.7,939.4,442.8
2026-07-31 10:40:33,2026-07-31 10:25,541.9,524.0,3.42,23319200,546.1,532.7,939.4,442.8
2026-07-31 10:45:38,2026-07-31 10:30,540.7,524.0,3.19,23809800,546.1,532.7,939.4,442.8
2026-07-31 10:50:41,2026-07-31 10:35,543.4,524.0,3.7,24598800,546.1,532.7,939.4,442.8
2026-07-31 10:55:30,2026-07-31 10:40,546.8,524.0,4.35,26059100,547.0,532.7,939.4,442.8
2026-07-31 11:00:41,2026-07-31 10:45,547.7,524.0,4.52,27419400,549.4,532.7,939.4,442.8
2026-07-31 11:05:32,2026-07-31 10:50,545.2,524.0,4.05,28097800,549.4,532.7,939.4,442.8
2026-07-31 11:10:35,2026-07-31 10:55,542.7,524.0,3.57,28650400,549.4,532.7,939.4,442.8
2026-07-31 11:15:39,2026-07-31 11:00,542.8,524.0,3.59,29154500,549.4,532.7,939.4,442.8
2026-07-31 11:20:35,2026-07-31 11:05,542.4,524.0,3.51,29400300,549.4,532.7,939.4,442.8
2026-07-31 11:25:32,2026-07-31 11:10,542.7,524.0,3.57,29659000,549.4,532.7,939.4,442.8
2026-07-31 11:30:45,2026-07-31 11:15,541.6,524.0,3.36,29952600,549.4,532.7,939.4,442.8
2026-07-31 12:30:48,2026-07-31 11:30,543.6,524.0,3.74,30819800,549.4,532.7,939.4,442.8
2026-07-31 12:35:45,2026-07-31 11:30,543.6,524.0,3.74,30819800,549.4,532.7,939.4,442.8
2026-07-31 12:40:34,2026-07-31 11:30,543.6,524.0,3.74,30819800,549.4,532.7,939.4,442.8
2026-07-31 12:45:38,2026-07-31 12:30,540.3,524.0,3.11,31461900,549.4,532.7,939.4,442.8
2026-07-31 12:50:32,2026-07-31 12:35,535.2,524.0,2.14,32877300,549.4,532.7,939.4,442.8
2026-07-31 12:55:37,2026-07-31 12:40,536.6,524.0,2.4,33782200,549.4,532.7,939.4,442.8
2026-07-31 13:00:38,2026-07-31 12:45,534.2,524.0,1.95,34291400,549.4,532.7,939.4,442.8
2026-07-31 13:05:41,2026-07-31 12:50,535.0,524.0,2.1,34778800,549.4,532.7,939.4,442.8
2026-07-31 13:10:30,2026-07-31 12:55,534.4,524.0,1.98,34969400,549.4,532.7,939.4,442.8
2026-07-31 13:15:39,2026-07-31 13:00,533.8,524.0,1.87,35297700,549.4,532.7,939.4,442.8
2026-07-31 13:20:37,2026-07-31 13:05,530.6,524.0,1.26,35964800,549.4,530.5,939.4,442.8
2026-07-31 13:25:35,2026-07-31 13:10,529.5,524.0,1.05,36877900,549.4,529.1,939.4,442.8
2026-07-31 13:30:30,2026-07-31 13:15,529.5,524.0,1.05,37202700,549.4,529.0,939.4,442.8
2026-07-31 13:35:36,2026-07-31 13:20,529.8,524.0,1.11,37926100,549.4,527.6,939.4,442.8
2026-07-31 13:40:37,2026-07-31 13:25,528.1,524.0,0.78,38227700,549.4,527.5,939.4,442.8
2026-07-31 13:45:43,2026-07-31 13:30,530.3,524.0,1.2,38434900,549.4,527.5,939.4,442.8
2026-07-31 13:50:35,2026-07-31 13:35,531.4,524.0,1.41,38719500,549.4,527.5,939.4,442.8
2026-07-31 13:55:42,2026-07-31 13:40,529.3,524.0,1.01,38979200,549.4,527.5,939.4,442.8
2026-07-31 14:00:36,2026-07-31 13:45,528.6,524.0,0.88,39266300,549.4,527.5,939.4,442.8
2026-07-31 14:05:31,2026-07-31 13:50,529.1,524.0,0.97,39512000,549.4,527.3,939.4,442.8
2026-07-31 14:10:31,2026-07-31 13:55,526.8,524.0,0.53,39916000,549.4,526.1,939.4,442.8
2026-07-31 14:15:55,2026-07-31 14:00,526.3,524.0,0.44,40374900,549.4,525.3,939.4,442.8
2026-07-31 14:20:31,2026-07-31 14:05,525.5,524.0,0.29,40712500,549.4,525.1,939.4,442.8
2026-07-31 14:25:41,2026-07-31 14:10,525.3,524.0,0.25,41086500,549.4,525.0,939.4,442.8
2026-07-31 14:30:40,2026-07-31 14:15,524.5,524.0,0.1,41780000,549.4,523.9,939.4,442.8
2026-07-31 14:36:23,2026-07-31 14:21,522.5,524.0,-0.29,42375100,549.4,521.8,939.4,442.8
2026-07-31 14:40:49,2026-07-31 14:25,524.8,524.0,0.15,42736500,549.4,521.8,939.4,442.8
2026-07-31 14:45:37,2026-07-31 14:30,524.0,524.0,0.0,42948600,549.4,521.8,939.4,442.8
2026-07-31 14:50:31,2026-07-31 14:35,522.6,524.0,-0.27,43459100,549.4,521.8,939.4,442.8
2026-07-31 14:55:34,2026-07-31 14:40,523.2,524.0,-0.15,43765600,549.4,521.8,939.4,442.8
2026-07-31 15:00:45,2026-07-31 14:45,522.8,524.0,-0.23,44054300,549.4,521.8,939.4,442.8
2026-07-31 15:05:40,2026-07-31 14:50,523.1,524.0,-0.17,44255300,549.4,521.8,939.4,442.8
2026-07-31 15:10:44,2026-07-31 14:55,523.6,524.0,-0.08,44635400,549.4,521.8,939.4,442.8
2026-07-31 15:15:37,2026-07-31 15:00,523.5,524.0,-0.1,44831600,549.4,521.8,939.4,442.8
2026-07-31 15:20:45,2026-07-31 15:05,523.5,524.0,-0.1,45258600,549.4,521.8,939.4,442.8
2026-07-31 15:25:39,2026-07-31 15:10,524.0,524.0,0.0,45838100,549.4,521.8,939.4,442.8
2026-07-31 15:30:51,2026-07-31 15:15,522.8,524.0,-0.23,46352500,549.4,521.8,939.4,442.8
2026-07-31 15:40:40,2026-07-31 15:24,521.0,524.0,-0.57,47441100,549.4,520.2,939.4,442.8
2026-08-03 09:05:30,2026-07-31 15:30,520.0,524.0,-0.76,50038100,549.4,520.0,939.4,442.8
2026-08-03 09:10:32,2026-07-31 15:30,520.0,524.0,-0.76,50038100,549.4,520.0,939.4,442.8
2026-08-03 09:15:40,2026-08-03 09:00,514.0,524.0,-1.91,51510600,519.1,511.6,939.4,442.8
2026-08-03 09:20:34,2026-08-03 09:05,508.6,520.0,-2.19,3796100,519.1,506.7,939.4,442.8
2026-08-03 09:25:48,2026-08-03 09:10,502.0,520.0,-3.46,5509100,519.1,501.8,939.4,442.8
2026-08-03 09:30:35,2026-08-03 09:15,499.9,520.0,-3.87,7281600,519.1,499.1,939.4,442.8
2026-08-03 09:35:38,2026-08-03 09:20,496.5,520.0,-4.52,9248800,519.1,496.1,939.4,442.8
2026-08-03 09:40:31,2026-08-03 09:25,491.2,520.0,-5.54,11255400,519.1,491.0,939.4,442.8
2026-08-03 09:45:41,2026-08-03 09:30,488.6,520.0,-6.04,13035700,519.1,487.5,939.4,442.8
2026-08-03 09:50:31,2026-08-03 09:35,486.0,520.0,-6.54,14367800,519.1,485.8,939.4,442.8
2026-08-03 09:55:32,2026-08-03 09:40,493.0,520.0,-5.19,16073500,519.1,485.8,939.4,442.8
2026-08-03 10:00:33,2026-08-03 09:45,494.4,520.0,-4.92,17026800,519.1,485.8,939.4,442.8
2026-08-03 10:05:34,2026-08-03 09:50,493.1,520.0,-5.17,17964600,519.1,485.8,939.4,442.8
2026-08-03 10:10:31,2026-08-03 09:55,495.2,520.0,-4.77,18513000,519.1,485.8,939.4,442.8
2026-08-03 10:15:38,2026-08-03 10:00,497.4,520.0,-4.35,19096300,519.1,485.8,939.4,442.8
2026-08-03 10:20:34,2026-08-03 10:05,498.9,520.0,-4.06,19801800,519.1,485.8,939.4,442.8
2026-08-03 10:25:46,2026-08-03 10:10,497.0,520.0,-4.42,20259800,519.1,485.8,939.4,442.8
2026-08-03 10:30:39,2026-08-03 10:15,492.8,520.0,-5.23,21196000,519.1,485.8,939.4,442.8
2026-08-03 10:35:46,2026-08-03 10:20,496.4,520.0,-4.54,21580400,519.1,485.8,939.4,442.8
2026-08-03 10:40:39,2026-08-03 10:25,497.1,520.0,-4.4,21808200,519.1,485.8,939.4,442.8
2026-08-03 10:45:41,2026-08-03 10:30,498.6,520.0,-4.12,22159300,519.1,485.8,939.4,442.8
2026-08-03 10:50:41,2026-08-03 10:35,501.3,520.0,-3.6,22655900,519.1,485.8,939.4,442.8
2026-08-03 10:55:33,2026-08-03 10:40,502.7,520.0,-3.33,23104700,519.1,485.8,939.4,442.8
2026-08-03 11:00:44,2026-08-03 10:45,504.6,520.0,-2.96,23686400,519.1,485.8,939.4,442.8
2026-08-03 11:05:41,2026-08-03 10:50,505.5,520.0,-2.79,24159600,519.1,485.8,939.4,442.8
2026-08-03 11:10:47,2026-08-03 10:55,504.9,520.0,-2.9,24654000,519.1,485.8,939.4,442.8
2026-08-03 11:15:36,2026-08-03 11:00,504.1,520.0,-3.06,25118100,519.1,485.8,939.4,442.8
2026-08-03 11:20:35,2026-08-03 11:05,506.6,520.0,-2.58,25492300,519.1,485.8,939.4,442.8
2026-08-03 11:25:34,2026-08-03 11:10,504.3,520.0,-3.02,25965100,519.1,485.8,939.4,442.8
2026-08-03 11:30:41,2026-08-03 11:15,503.5,520.0,-3.17,26112500,519.1,485.8,939.4,442.8
2026-08-03 12:30:31,2026-08-03 11:30,503.8,520.0,-3.12,26980600,519.1,485.8,939.4,442.8
2026-08-03 12:35:40,2026-08-03 11:30,503.8,520.0,-3.12,26980600,519.1,485.8,939.4,442.8
2026-08-03 12:40:36,2026-08-03 11:30,503.8,520.0,-3.12,26980600,519.1,485.8,939.4,442.8
2026-08-03 12:45:33,2026-08-03 12:30,506.5,520.0,-2.6,27395600,519.1,485.8,939.4,442.8
2026-08-03 12:50:37,2026-08-03 12:35,508.7,520.0,-2.17,28477600,519.1,485.8,939.4,442.8
2026-08-03 12:55:33,2026-08-03 12:40,510.2,520.0,-1.88,28881300,519.1,485.8,939.4,442.8
2026-08-03 13:00:41,2026-08-03 12:45,510.4,520.0,-1.85,29312700,519.1,485.8,939.4,442.8
2026-08-03 13:05:37,2026-08-03 12:50,509.2,520.0,-2.08,29880200,519.1,485.8,939.4,442.8
2026-08-03 13:10:35,2026-08-03 12:55,509.2,520.0,-2.08,30175500,519.1,485.8,939.4,442.8
2026-08-03 13:15:38,2026-08-03 13:00,507.9,520.0,-2.33,30361100,519.1,485.8,939.4,442.8
2026-08-03 13:20:39,2026-08-03 13:05,510.7,520.0,-1.79,30657900,519.1,485.8,939.4,442.8
2026-08-03 13:25:38,2026-08-03 13:10,511.1,520.0,-1.71,31063700,519.1,485.8,939.4,442.8
2026-08-03 13:30:36,2026-08-03 13:15,511.9,520.0,-1.56,31474300,519.1,485.8,939.4,442.8
2026-08-03 13:35:37,2026-08-03 13:20,511.1,520.0,-1.71,31687100,519.1,485.8,939.4,442.8
2026-08-03 13:40:36,2026-08-03 13:25,511.2,520.0,-1.69,31885900,519.1,485.8,939.4,442.8
2026-08-03 13:45:32,2026-08-03 13:30,511.9,520.0,-1.56,32002900,519.1,485.8,939.4,442.8
2026-08-03 13:51:13,2026-08-03 13:36,511.7,520.0,-1.6,32227200,519.1,485.8,939.4,442.8
2026-08-03 13:55:43,2026-08-03 13:40,510.5,520.0,-1.83,32459800,519.1,485.8,939.4,442.8
2026-08-03 14:00:32,2026-08-03 13:45,510.9,520.0,-1.75,32605000,519.1,485.8,939.4,442.8
2026-08-03 14:05:39,2026-08-03 13:50,512.6,520.0,-1.42,32874300,519.1,485.8,939.4,442.8
2026-08-03 14:10:30,2026-08-03 13:55,513.7,520.0,-1.21,33230200,519.1,485.8,939.4,442.8
2026-08-03 14:15:42,2026-08-03 14:00,514.8,520.0,-1.0,33584000,519.1,485.8,939.4,442.8
2026-08-03 14:20:50,2026-08-03 14:05,516.6,520.0,-0.65,34198500,519.1,485.8,939.4,442.8
2026-08-03 14:25:42,2026-08-03 14:10,518.4,520.0,-0.31,34700600,519.1,485.8,939.4,442.8
2026-08-03 14:30:31,2026-08-03 14:15,517.4,520.0,-0.5,35003500,519.1,485.8,939.4,442.8
2026-08-03 14:35:39,2026-08-03 14:20,518.6,520.0,-0.27,35330700,519.1,485.8,939.4,442.8
2026-08-03 14:40:43,2026-08-03 14:25,518.4,520.0,-0.31,35560400,519.1,485.8,939.4,442.8
2026-08-03 14:45:36,2026-08-03 14:30,516.7,520.0,-0.63,36026000,519.1,485.8,939.4,442.8
2026-08-03 14:50:41,2026-08-03 14:35,518.7,520.0,-0.25,36291000,519.1,485.8,939.4,442.8
2026-08-03 14:55:31,2026-08-03 14:40,519.5,520.0,-0.1,36540200,519.6,485.8,939.4,442.8
2026-08-03 15:00:37,2026-08-03 14:45,520.4,520.0,0.08,37236000,521.3,485.8,939.4,442.8
2026-08-03 15:05:30,2026-08-03 14:50,521.2,520.0,0.23,37409300,521.4,485.8,939.4,442.8
2026-08-03 15:10:39,2026-08-03 14:55,524.3,520.0,0.83,38273000,524.4,485.8,939.4,442.8
2026-08-03 15:15:47,2026-08-03 15:00,526.4,520.0,1.23,39134800,527.4,485.8,939.4,442.8
2026-08-03 15:20:46,2026-08-03 15:05,528.2,520.0,1.58,40024000,528.6,485.8,939.4,442.8
2026-08-03 15:25:44,2026-08-03 15:10,528.8,520.0,1.69,40605800,529.3,485.8,939.4,442.8
2026-08-03 15:30:43,2026-08-03 15:15,528.9,520.0,1.71,41145900,529.7,485.8,939.4,442.8
2026-08-03 15:40:47,2026-08-03 15:24,528.3,520.0,1.6,42192200,529.7,485.8,939.4,442.8
2026-08-04 09:05:46,2026-08-03 15:30,526.1,520.0,1.17,44444000,529.7,485.8,939.4,442.8
2026-08-04 09:10:31,2026-08-03 15:30,526.1,520.0,1.17,44444000,529.7,485.8,939.4,442.8
2026-08-04 09:15:39,2026-08-04 09:00,526.1,520.0,1.17,46058000,532.2,525.2,939.4,442.8
2026-08-04 09:20:37,2026-08-04 09:05,523.9,526.1,-0.42,3064000,532.2,523.4,939.4,442.8
2026-08-04 09:25:40,2026-08-04 09:10,521.1,526.1,-0.95,4403900,532.2,517.5,939.4,442.8
2026-08-04 09:30:32,2026-08-04 09:15,524.7,526.1,-0.27,5261300,532.2,517.5,939.4,442.8
2026-08-04 09:35:44,2026-08-04 09:20,524.8,526.1,-0.25,6132200,532.2,517.5,939.4,442.8
2026-08-04 09:40:41,2026-08-04 09:25,529.1,526.1,0.57,6941100,532.2,517.5,939.4,442.8
2026-08-04 09:45:40,2026-08-04 09:30,529.5,526.1,0.65,8341800,532.5,517.5,939.4,442.8
2026-08-04 09:50:33,2026-08-04 09:35,528.0,526.1,0.36,9070100,532.5,517.5,939.4,442.8
2026-08-04 09:55:52,2026-08-04 09:40,533.2,526.1,1.35,10278300,533.5,517.5,939.4,442.8
2026-08-04 10:00:50,2026-08-04 09:45,536.9,526.1,2.05,11586700,537.2,517.5,939.4,442.8
2026-08-04 10:05:39,2026-08-04 09:50,535.1,526.1,1.71,12546500,538.4,517.5,939.4,442.8
2026-08-04 10:10:47,2026-08-04 09:55,530.4,526.1,0.82,13472500,538.4,517.5,939.4,442.8
2026-08-04 10:15:45,2026-08-04 10:00,529.1,526.1,0.57,14138900,538.4,517.5,939.4,442.8
2026-08-04 10:20:36,2026-08-04 10:05,528.6,526.1,0.48,14826900,538.4,517.5,939.4,442.8
2026-08-04 10:25:31,2026-08-04 10:10,528.0,526.1,0.36,15320000,538.4,517.5,939.4,442.8
2026-08-04 10:30:35,2026-08-04 10:15,527.5,526.1,0.27,15540800,538.4,517.5,939.4,442.8
2026-08-04 10:35:41,2026-08-04 10:20,527.5,526.1,0.27,15906100,538.4,517.5,939.4,442.8
2026-08-04 10:40:44,2026-08-04 10:25,526.8,526.1,0.13,16178400,538.4,517.5,939.4,442.8
2026-08-04 10:45:43,2026-08-04 10:30,527.6,526.1,0.29,16324100,538.4,517.5,939.4,442.8
2026-08-04 10:50:45,2026-08-04 10:35,530.5,526.1,0.84,16698600,538.4,517.5,939.4,442.8
2026-08-04 11:10:56,2026-08-04 10:55,529.6,526.1,0.67,17799500,538.4,517.5,939.4,442.8
2026-08-04 11:15:41,2026-08-04 11:00,528.5,526.1,0.46,18017200,538.4,517.5,939.4,442.8
2026-08-04 11:20:37,2026-08-04 11:05,528.1,526.1,0.38,18238700,538.4,517.5,939.4,442.8
2026-08-04 11:25:34,2026-08-04 11:10,529.0,526.1,0.55,18389900,538.4,517.5,939.4,442.8
2026-08-04 11:30:34,2026-08-04 11:15,526.9,526.1,0.15,18742900,538.4,517.5,939.4,442.8
2026-08-04 12:30:38,2026-08-04 11:30,525.2,526.1,-0.17,20146300,538.4,517.5,939.4,442.8
2026-08-04 12:35:39,2026-08-04 11:30,525.2,526.1,-0.17,20146300,538.4,517.5,939.4,442.8
2026-08-04 12:40:37,2026-08-04 11:30,525.2,526.1,-0.17,20146300,538.4,517.5,939.4,442.8
2026-08-04 12:45:39,2026-08-04 12:30,525.9,526.1,-0.04,20407000,538.4,517.5,939.4,442.8
2026-08-04 12:50:36,2026-08-04 12:35,525.8,526.1,-0.06,20814100,538.4,517.5,939.4,442.8
2026-08-04 12:55:39,2026-08-04 12:40,527.0,526.1,0.17,21141800,538.4,517.5,939.4,442.8
2026-08-04 13:00:37,2026-08-04 12:45,524.7,526.1,-0.27,21631200,538.4,517.5,939.4,442.8
2026-08-04 13:05:43,2026-08-04 12:50,526.0,526.1,-0.02,21916600,538.4,517.5,939.4,442.8
2026-08-04 13:10:45,2026-08-04 12:55,525.4,526.1,-0.13,22146500,538.4,517.5,939.4,442.8
2026-08-04 13:15:48,2026-08-04 13:00,527.3,526.1,0.23,22429200,538.4,517.5,939.4,442.8
2026-08-04 13:20:28,2026-08-04 13:05,528.0,526.1,0.36,22556900,538.4,517.5,939.4,442.8
2026-08-04 13:25:35,2026-08-04 13:10,527.3,526.1,0.23,22756500,538.4,517.5,939.4,442.8
2026-08-04 13:30:41,2026-08-04 13:15,528.5,526.1,0.46,22955900,538.4,517.5,939.4,442.8
2026-08-04 13:35:43,2026-08-04 13:20,528.1,526.1,0.38,23155600,538.4,517.5,939.4,442.8
2026-08-04 13:40:37,2026-08-04 13:25,527.7,526.1,0.3,23282700,538.4,517.5,939.4,442.8
2026-08-04 13:45:45,2026-08-04 13:30,528.4,526.1,0.44,23397500,538.4,517.5,939.4,442.8
2026-08-04 13:50:35,2026-08-04 13:35,527.8,526.1,0.32,23579700,538.4,517.5,939.4,442.8
2026-08-04 13:55:31,2026-08-04 13:40,527.8,526.1,0.32,23659600,538.4,517.5,939.4,442.8
2026-08-04 14:00:38,2026-08-04 13:45,527.3,526.1,0.23,23948800,538.4,517.5,939.4,442.8
2026-08-04 14:05:39,2026-08-04 13:50,528.1,526.1,0.38,24085800,538.4,517.5,939.4,442.8
2026-08-04 14:10:44,2026-08-04 13:55,528.1,526.1,0.38,24246000,538.4,517.5,939.4,442.8
2026-08-04 14:15:42,2026-08-04 14:00,527.7,526.1,0.3,24355500,538.4,517.5,939.4,442.8
2026-08-04 14:20:44,2026-08-04 14:05,527.1,526.1,0.19,24503200,538.4,517.5,939.4,442.8
2026-08-04 14:25:43,2026-08-04 14:10,528.2,526.1,0.4,24625100,538.4,517.5,939.4,442.8
2026-08-04 14:30:36,2026-08-04 14:15,527.7,526.1,0.3,24708800,538.4,517.5,939.4,442.8
2026-08-04 14:35:38,2026-08-04 14:20,526.8,526.1,0.13,24890900,538.4,517.5,939.4,442.8
2026-08-04 14:40:36,2026-08-04 14:25,527.6,526.1,0.29,24993600,538.4,517.5,939.4,442.8
2026-08-04 14:45:33,2026-08-04 14:30,528.9,526.1,0.53,25152400,538.4,517.5,939.4,442.8
2026-08-04 14:50:42,2026-08-04 14:35,529.4,526.1,0.63,25377500,538.4,517.5,939.4,442.8
2026-08-04 14:55:35,2026-08-04 14:40,528.5,526.1,0.46,25527800,538.4,517.5,939.4,442.8
2026-08-04 15:40:47,2026-08-04 15:24,526.6,526.1,0.1,28959100,538.4,517.5,939.4,442.8
2026-08-05 09:05:32,2026-08-04 15:30,522.8,526.1,-0.63,32126400,538.4,517.5,939.4,442.8
2026-08-05 09:10:37,2026-08-04 15:30,522.8,526.1,-0.63,32126400,538.4,517.5,939.4,442.8
2026-08-05 09:15:43,2026-08-05 09:00,522.8,526.1,-0.63,33620400,529.9,521.3,939.4,442.8
2026-08-05 09:20:35,2026-08-05 09:05,528.6,522.8,1.11,3698300,529.9,518.8,939.4,442.8
2026-08-05 09:25:33,2026-08-05 09:10,528.2,522.8,1.03,4968100,530.2,518.8,939.4,442.8
2026-08-05 09:30:38,2026-08-05 09:15,531.1,522.8,1.59,6292200,532.7,518.8,939.4,442.8
2026-08-05 09:35:35,2026-08-05 09:20,529.2,522.8,1.22,6891700,532.7,518.8,939.4,442.8
2026-08-05 09:40:43,2026-08-05 09:25,526.3,522.8,0.67,7663200,532.7,518.8,939.4,442.8
2026-08-05 09:45:45,2026-08-05 09:30,529.4,522.8,1.26,8182700,532.7,518.8,939.4,442.8
2026-08-05 09:50:51,2026-08-05 09:35,528.7,522.8,1.13,8665900,532.7,518.8,939.4,442.8
2026-08-05 09:55:40,2026-08-05 09:40,529.2,522.8,1.22,8858100,532.7,518.8,939.4,442.8
2026-08-05 10:00:53,2026-08-05 09:45,530.6,522.8,1.49,9409600,532.7,518.8,939.4,442.8
2026-08-05 10:05:32,2026-08-05 09:50,532.9,522.8,1.93,10139900,533.2,518.8,939.4,442.8
2026-08-05 10:10:31,2026-08-05 09:55,533.7,522.8,2.08,11224900,534.3,518.8,939.4,442.8
2026-08-05 10:15:38,2026-08-05 10:00,532.3,522.8,1.82,11651100,534.3,518.8,939.4,442.8
2026-08-05 10:20:35,2026-08-05 10:05,532.7,522.8,1.89,12008900,534.3,518.8,939.4,442.8
2026-08-05 10:25:40,2026-08-05 10:10,531.2,522.8,1.61,12219600,534.3,518.8,939.4,442.8
2026-08-05 10:30:43,2026-08-05 10:15,532.4,522.8,1.84,12550900,534.3,518.8,939.4,442.8
2026-08-05 10:35:32,2026-08-05 10:20,531.9,522.8,1.74,12709600,534.3,518.8,939.4,442.8
2026-08-05 10:40:39,2026-08-05 10:25,531.3,522.8,1.63,12952800,534.3,518.8,939.4,442.8
2026-08-05 10:45:48,2026-08-05 10:30,532.4,522.8,1.84,13182500,534.3,518.8,939.4,442.8
2026-08-05 10:50:42,2026-08-05 10:35,530.5,522.8,1.47,13451500,534.3,518.8,939.4,442.8
2026-08-05 10:55:36,2026-08-05 10:40,530.7,522.8,1.51,13778800,534.3,518.8,939.4,442.8
2026-08-05 11:00:43,2026-08-05 10:45,530.6,522.8,1.49,13896000,534.3,518.8,939.4,442.8
2026-08-05 11:05:48,2026-08-05 10:50,530.4,522.8,1.45,14049400,534.3,518.8,939.4,442.8
2026-08-05 11:10:45,2026-08-05 10:55,533.1,522.8,1.97,14469500,534.3,518.8,939.4,442.8
2026-08-05 11:15:35,2026-08-05 11:00,533.2,522.8,1.99,14692000,534.3,518.8,939.4,442.8
2026-08-05 11:20:35,2026-08-05 11:05,531.0,522.8,1.57,14929200,534.3,518.8,939.4,442.8
2026-08-05 11:25:40,2026-08-05 11:10,531.0,522.8,1.57,15119300,534.3,518.8,939.4,442.8
2026-08-05 11:30:42,2026-08-05 11:15,532.2,522.8,1.8,15313500,534.3,518.8,939.4,442.8
2026-08-05 12:30:40,2026-08-05 11:30,531.3,522.8,1.63,15771400,534.3,518.8,939.4,442.8
2026-08-05 12:35:35,2026-08-05 11:30,531.3,522.8,1.63,15771400,534.3,518.8,939.4,442.8
2026-08-05 12:40:39,2026-08-05 11:30,531.3,522.8,1.63,15771400,534.3,518.8,939.4,442.8
2026-08-05 12:45:38,2026-08-05 12:30,530.4,522.8,1.45,16096200,534.3,518.8,939.4,442.8
2026-08-05 12:50:39,2026-08-05 12:35,530.5,522.8,1.47,16362100,534.3,518.8,939.4,442.8
2026-08-05 12:55:34,2026-08-05 12:40,531.3,522.8,1.63,16525600,534.3,518.8,939.4,442.8
2026-08-05 13:00:45,2026-08-05 12:45,528.7,522.8,1.13,17159800,534.3,518.8,939.4,442.8
2026-08-05 13:05:39,2026-08-05 12:50,529.2,522.8,1.22,17362600,534.3,518.8,939.4,442.8
2026-08-05 13:10:37,2026-08-05 12:55,528.1,522.8,1.01,17549600,534.3,518.8,939.4,442.8
2026-08-05 13:15:38,2026-08-05 13:00,528.0,522.8,0.99,17883900,534.3,518.8,939.4,442.8
2026-08-05 13:20:37,2026-08-05 13:05,524.6,522.8,0.34,18568900,534.3,518.8,939.4,442.8
2026-08-05 13:25:37,2026-08-05 13:10,525.0,522.8,0.42,18890400,534.3,518.8,939.4,442.8
2026-08-05 13:30:44,2026-08-05 13:15,525.1,522.8,0.44,19194600,534.3,518.8,939.4,442.8
2026-08-05 13:35:45,2026-08-05 13:20,526.7,522.8,0.75,19386500,534.3,518.8,939.4,442.8
2026-08-05 13:40:38,2026-08-05 13:25,526.4,522.8,0.69,19511300,534.3,518.8,939.4,442.8
2026-08-05 13:45:31,2026-08-05 13:30,525.5,522.8,0.52,19681700,534.3,518.8,939.4,442.8
2026-08-05 13:50:30,2026-08-05 13:35,525.9,522.8,0.59,19912900,534.3,518.8,939.4,442.8
2026-08-05 13:55:36,2026-08-05 13:40,526.0,522.8,0.61,20037400,534.3,518.8,939.4,442.8
2026-08-05 14:00:44,2026-08-05 13:45,524.7,522.8,0.36,20235000,534.3,518.8,939.4,442.8
2026-08-05 14:05:38,2026-08-05 13:50,526.4,522.8,0.69,20403200,534.3,518.8,939.4,442.8
2026-08-05 14:10:40,2026-08-05 13:55,525.7,522.8,0.55,20577100,534.3,518.8,939.4,442.8
2026-08-05 14:31:02,2026-08-05 14:15,527.0,522.8,0.8,21433400,534.3,518.8,939.4,442.8
2026-08-05 14:35:37,2026-08-05 14:20,525.5,522.8,0.52,21574700,534.3,518.8,939.4,442.8
2026-08-05 14:40:42,2026-08-05 14:25,525.7,522.8,0.55,21694600,534.3,518.8,939.4,442.8
2026-08-05 14:45:38,2026-08-05 14:30,526.8,522.8,0.77,21833600,534.3,518.8,939.4,442.8
2026-08-05 14:50:42,2026-08-05 14:35,526.2,522.8,0.65,21967200,534.3,518.8,939.4,442.8
2026-08-05 14:55:41,2026-08-05 14:40,524.0,522.8,0.23,22281200,534.3,518.8,939.4,442.8
2026-08-05 15:00:33,2026-08-05 14:45,524.1,522.8,0.25,22641900,534.3,518.8,939.4,442.8
2026-08-05 15:05:38,2026-08-05 14:50,524.5,522.8,0.33,22841300,534.3,518.8,939.4,442.8
2026-08-05 15:10:55,2026-08-05 14:55,525.3,522.8,0.48,23103900,534.3,518.8,939.4,442.8
2026-08-05 15:16:18,2026-08-05 15:01,525.4,522.8,0.5,23321200,534.3,518.8,939.4,442.8
2026-08-05 15:20:30,2026-08-05 15:05,523.3,522.8,0.1,23559400,534.3,518.8,939.4,442.8
2026-08-05 15:25:31,2026-08-05 15:10,524.2,522.8,0.27,23754500,534.3,518.8,939.4,442.8
2026-08-05 15:30:50,2026-08-05 15:15,525.0,522.8,0.42,24055300,534.3,518.8,939.4,442.8
2026-08-05 15:40:39,2026-08-05 15:24,526.2,522.8,0.65,24683400,534.3,518.8,939.4,442.8
2026-08-06 09:05:44,2026-08-05 15:30,526.0,522.8,0.61,26520500,534.3,518.8,939.4,442.8
2026-08-06 09:10:33,2026-08-05 15:30,526.0,522.8,0.61,26520500,534.3,518.8,939.4,442.8
2026-08-06 09:15:36,2026-08-06 09:00,526.0,522.8,0.61,27661900,522.9,518.9,939.4,442.8
2026-08-06 09:20:36,2026-08-06 09:05,526.1,526.0,0.02,2320700,527.4,518.9,939.4,442.8
2026-08-06 09:25:35,2026-08-06 09:10,533.6,526.0,1.44,4114400,533.9,518.9,939.4,442.8
2026-08-06 09:30:39,2026-08-06 09:15,535.2,526.0,1.75,6506100,536.3,518.9,939.4,442.8
2026-08-06 09:35:45,2026-08-06 09:20,538.3,526.0,2.34,8603300,538.8,518.9,939.4,442.8
2026-08-06 09:46:08,2026-08-06 09:31,539.1,526.0,2.49,11771500,542.7,518.9,939.4,442.8
2026-08-06 09:46:46,2026-08-06 09:31,538.8,526.0,2.43,11901700,542.7,518.9,939.4,442.8
2026-08-06 09:50:30,2026-08-06 09:35,539.9,526.0,2.64,12379900,542.7,518.9,939.4,442.8
2026-08-06 09:55:43,2026-08-06 09:40,538.9,526.0,2.45,12944100,542.7,518.9,939.4,442.8
2026-08-06 10:00:44,2026-08-06 09:45,537.6,526.0,2.21,13328700,542.7,518.9,939.4,442.8
2026-08-06 10:05:46,2026-08-06 09:50,539.1,526.0,2.49,14086400,542.7,518.9,939.4,442.8
2026-08-06 10:10:42,2026-08-06 09:55,538.7,526.0,2.41,14479400,542.7,518.9,939.4,442.8
2026-08-06 10:15:42,2026-08-06 10:00,535.2,526.0,1.75,15173700,542.7,518.9,939.4,442.8
2026-08-06 10:20:47,2026-08-06 10:05,536.7,526.0,2.03,15495300,542.7,518.9,939.4,442.8
2026-08-06 10:25:41,2026-08-06 10:10,535.8,526.0,1.86,15767800,542.7,518.9,939.4,442.8
2026-08-06 10:30:42,2026-08-06 10:15,537.1,526.0,2.11,16321300,542.7,518.9,939.4,442.8
2026-08-06 10:35:37,2026-08-06 10:20,535.6,526.0,1.83,16609000,542.7,518.9,939.4,442.8
2026-08-06 10:40:35,2026-08-06 10:25,534.5,526.0,1.62,16967000,542.7,518.9,939.4,442.8
2026-08-06 10:45:37,2026-08-06 10:30,536.2,526.0,1.94,17291300,542.7,518.9,939.4,442.8
2026-08-06 10:50:48,2026-08-06 10:35,537.3,526.0,2.15,17610000,542.7,518.9,939.4,442.8
2026-08-06 10:55:31,2026-08-06 10:40,536.7,526.0,2.03,17823300,542.7,518.9,939.4,442.8
2026-08-06 11:00:43,2026-08-06 10:45,536.5,526.0,2.0,18078600,542.7,518.9,939.4,442.8
2026-08-06 11:05:35,2026-08-06 10:50,535.2,526.0,1.75,18271700,542.7,518.9,939.4,442.8
2026-08-06 11:10:47,2026-08-06 10:55,534.3,526.0,1.58,18746200,542.7,518.9,939.4,442.8
2026-08-06 11:15:38,2026-08-06 11:00,534.4,526.0,1.6,18960700,542.7,518.9,939.4,442.8
2026-08-06 11:20:41,2026-08-06 11:05,535.0,526.0,1.71,19164700,542.7,518.9,939.4,442.8
2026-08-06 11:25:34,2026-08-06 11:10,533.5,526.0,1.43,19399000,542.7,518.9,939.4,442.8
2026-08-06 11:30:51,2026-08-06 11:15,533.7,526.0,1.46,19875600,542.7,518.9,939.4,442.8
2026-08-06 12:30:37,2026-08-06 11:30,534.0,526.0,1.52,20603300,542.7,518.9,939.4,442.8
2026-08-06 12:35:35,2026-08-06 11:30,534.0,526.0,1.52,20603300,542.7,518.9,939.4,442.8
2026-08-06 12:40:49,2026-08-06 11:30,534.0,526.0,1.52,20603300,542.7,518.9,939.4,442.8
2026-08-06 12:45:38,2026-08-06 12:30,533.4,526.0,1.41,20926500,542.7,518.9,939.4,442.8
2026-08-06 12:50:48,2026-08-06 12:35,534.2,526.0,1.56,21308300,542.7,518.9,939.4,442.8
2026-08-06 12:55:37,2026-08-06 12:40,534.9,526.0,1.69,21708700,542.7,518.9,939.4,442.8
2026-08-06 13:00:36,2026-08-06 12:45,534.9,526.0,1.69,21902300,542.7,518.9,939.4,442.8
2026-08-06 13:05:33,2026-08-06 12:50,534.8,526.0,1.67,22055400,542.7,518.9,939.4,442.8
2026-08-06 13:10:41,2026-08-06 12:55,534.7,526.0,1.65,22210600,542.7,518.9,939.4,442.8
2026-08-06 13:15:31,2026-08-06 13:00,534.0,526.0,1.52,22357800,542.7,518.9,939.4,442.8
2026-08-06 13:20:45,2026-08-06 13:05,535.4,526.0,1.79,22547900,542.7,518.9,939.4,442.8
2026-08-06 13:25:31,2026-08-06 13:10,534.6,526.0,1.63,22686300,542.7,518.9,939.4,442.8
2026-08-06 13:30:47,2026-08-06 13:15,534.7,526.0,1.65,22781500,542.7,518.9,939.4,442.8
2026-08-06 13:35:40,2026-08-06 13:20,534.4,526.0,1.6,22902500,542.7,518.9,939.4,442.8
2026-08-06 13:40:42,2026-08-06 13:25,534.2,526.0,1.56,22997900,542.7,518.9,939.4,442.8
2026-08-06 13:45:38,2026-08-06 13:30,534.2,526.0,1.56,23279400,542.7,518.9,939.4,442.8
2026-08-06 13:50:37,2026-08-06 13:35,534.3,526.0,1.58,23428200,542.7,518.9,939.4,442.8
2026-08-06 13:55:45,2026-08-06 13:40,534.2,526.0,1.56,23484900,542.7,518.9,939.4,442.8
2026-08-06 14:00:33,2026-08-06 13:45,534.3,526.0,1.58,23546900,542.7,518.9,939.4,442.8
2026-08-06 14:05:42,2026-08-06 13:50,535.3,526.0,1.77,23758100,542.7,518.9,939.4,442.8
2026-08-06 14:10:36,2026-08-06 13:54,535.4,526.0,1.79,23969700,542.7,518.9,939.4,442.8
2026-08-06 14:15:34,2026-08-06 14:00,534.2,526.0,1.56,24145200,542.7,518.9,939.4,442.8
2026-08-06 14:20:39,2026-08-06 14:05,532.9,526.0,1.31,24483500,542.7,518.9,939.4,442.8
2026-08-06 14:25:39,2026-08-06 14:10,534.1,526.0,1.54,24765100,542.7,518.9,939.4,442.8
2026-08-06 14:30:37,2026-08-06 14:15,534.9,526.0,1.69,24896200,542.7,518.9,939.4,442.8
2026-08-06 14:35:29,2026-08-06 14:20,535.1,526.0,1.73,25177300,542.7,518.9,939.4,442.8
2026-08-06 14:40:31,2026-08-06 14:25,534.7,526.0,1.65,25258200,542.7,518.9,939.4,442.8
2026-08-06 14:45:37,2026-08-06 14:30,534.3,526.0,1.58,25479400,542.7,518.9,939.4,442.8
2026-08-06 14:50:37,2026-08-06 14:35,534.2,526.0,1.56,25824900,542.7,518.9,939.4,442.8
2026-08-06 14:55:39,2026-08-06 14:40,534.8,526.0,1.67,25922400,542.7,518.9,939.4,442.8
2026-08-06 15:00:39,2026-08-06 14:45,534.9,526.0,1.69,26096200,542.7,518.9,939.4,442.8
2026-08-06 15:05:36,2026-08-06 14:50,535.1,526.0,1.73,26171000,542.7,518.9,939.4,442.8
2026-08-06 15:10:49,2026-08-06 14:55,535.9,526.0,1.88,26411300,542.7,518.9,939.4,442.8
2026-08-06 15:15:41,2026-08-06 15:00,536.4,526.0,1.98,26650600,542.7,518.9,939.4,442.8
2026-08-06 15:20:44,2026-08-06 15:05,536.4,526.0,1.98,26909600,542.7,518.9,939.4,442.8
2026-08-06 15:25:31,2026-08-06 15:10,538.1,526.0,2.3,27385700,542.7,518.9,939.4,442.8
2026-08-06 15:40:46,2026-08-06 15:24,539.0,526.0,2.47,29641100,542.7,518.9,939.4,442.8
2026-08-07 09:05:51,2026-08-06 15:30,537.0,526.0,2.09,32319200,542.7,518.9,939.4,442.8
2026-08-07 09:10:38,2026-08-06 15:30,537.0,526.0,2.09,32319200,542.7,518.9,939.4,442.8
2026-08-07 09:15:43,2026-08-07 09:00,537.0,526.0,2.09,33120800,540.1,537.2,939.4,442.8
2026-08-07 09:20:42,2026-08-07 09:05,534.9,537.0,-0.39,2462300,541.1,534.0,939.4,442.8
2026-08-07 09:25:39,2026-08-07 09:10,533.1,537.0,-0.73,3815400,541.1,532.6,939.4,442.8
2026-08-07 09:30:35,2026-08-07 09:15,531.2,537.0,-1.08,4716700,541.1,530.7,939.4,442.8
2026-08-07 09:35:37,2026-08-07 09:20,528.9,537.0,-1.51,6110100,541.1,527.3,939.4,442.8
2026-08-07 09:40:42,2026-08-07 09:25,531.1,537.0,-1.1,6693600,541.1,527.3,939.4,442.8
2026-08-07 09:45:47,2026-08-07 09:30,529.4,537.0,-1.42,7288500,541.1,527.3,939.4,442.8
2026-08-07 09:50:39,2026-08-07 09:35,528.2,537.0,-1.64,7932100,541.1,527.3,939.4,442.8
2026-08-07 09:56:12,2026-08-07 09:41,533.7,537.0,-0.61,8790000,541.1,527.3,939.4,442.8
2026-08-07 10:00:33,2026-08-07 09:45,534.8,537.0,-0.41,9325300,541.1,527.3,939.4,442.8
2026-08-07 10:05:35,2026-08-07 09:50,534.5,537.0,-0.47,9879500,541.1,527.3,939.4,442.8
2026-08-07 10:10:48,2026-08-07 09:55,532.4,537.0,-0.86,10214300,541.1,527.3,939.4,442.8
2026-08-07 10:15:35,2026-08-07 10:00,530.7,537.0,-1.17,11001200,541.1,527.3,939.4,442.8
2026-08-07 10:20:32,2026-08-07 10:05,528.4,537.0,-1.6,11847500,541.1,526.9,939.4,442.8
2026-08-07 10:25:40,2026-08-07 10:10,527.0,537.0,-1.86,12720700,541.1,526.6,939.4,442.8
2026-08-07 10:30:40,2026-08-07 10:15,527.7,537.0,-1.73,13041600,541.1,526.6,939.4,442.8
2026-08-07 10:35:38,2026-08-07 10:20,527.2,537.0,-1.82,13244600,541.1,526.6,939.4,442.8
2026-08-07 10:40:39,2026-08-07 10:25,526.5,537.0,-1.96,13878100,541.1,526.2,939.4,442.8
2026-08-07 10:45:36,2026-08-07 10:30,528.8,537.0,-1.53,14099600,541.1,526.2,939.4,442.8
2026-08-07 10:50:43,2026-08-07 10:35,528.6,537.0,-1.56,14728800,541.1,526.2,939.4,442.8
2026-08-07 10:55:38,2026-08-07 10:40,526.5,537.0,-1.96,15285300,541.1,526.2,939.4,442.8
2026-08-07 11:00:52,2026-08-07 10:45,526.0,537.0,-2.05,16474100,541.1,524.9,939.4,442.8
2026-08-07 11:05:38,2026-08-07 10:50,525.4,537.0,-2.16,16699400,541.1,524.9,939.4,442.8
2026-08-07 11:10:37,2026-08-07 10:55,527.1,537.0,-1.84,16961100,541.1,524.9,939.4,442.8
2026-08-07 11:15:32,2026-08-07 11:00,525.7,537.0,-2.1,17428000,541.1,524.9,939.4,442.8
2026-08-07 11:20:46,2026-08-07 11:05,525.4,537.0,-2.16,17896100,541.1,524.5,939.4,442.8
2026-08-07 11:25:46,2026-08-07 11:10,525.3,537.0,-2.18,18149000,541.1,524.5,939.4,442.8
2026-08-07 11:30:35,2026-08-07 11:15,525.7,537.0,-2.1,18288900,541.1,524.5,939.4,442.8
2026-08-07 12:30:36,2026-08-07 11:30,524.9,537.0,-2.25,19019800,541.1,524.5,939.4,442.8
2026-08-07 12:35:39,2026-08-07 11:30,524.9,537.0,-2.25,19019800,541.1,524.5,939.4,442.8
2026-08-07 12:40:59,2026-08-07 11:30,524.9,537.0,-2.25,19019800,541.1,524.5,939.4,442.8
2026-08-07 12:45:36,2026-08-07 12:30,526.4,537.0,-1.97,19512500,541.1,524.5,939.4,442.8
2026-08-07 12:50:34,2026-08-07 12:35,528.1,537.0,-1.66,19984500,541.1,524.5,939.4,442.8
2026-08-07 12:55:37,2026-08-07 12:40,527.0,537.0,-1.86,20195200,541.1,524.5,939.4,442.8
2026-08-07 13:00:32,2026-08-07 12:45,526.1,537.0,-2.03,20471700,541.1,524.5,939.4,442.8
2026-08-07 13:05:32,2026-08-07 12:50,527.9,537.0,-1.69,20769200,541.1,524.5,939.4,442.8
2026-08-07 13:10:31,2026-08-07 12:55,528.8,537.0,-1.53,21267400,541.1,524.5,939.4,442.8
2026-08-07 13:15:34,2026-08-07 13:00,529.9,537.0,-1.32,22064500,541.1,524.5,939.4,442.8
2026-08-07 13:20:38,2026-08-07 13:05,531.3,537.0,-1.06,22512800,541.1,524.5,939.4,442.8
2026-08-07 13:25:41,2026-08-07 13:10,530.5,537.0,-1.21,22746200,541.1,524.5,939.4,442.8
2026-08-07 13:30:47,2026-08-07 13:15,530.3,537.0,-1.25,23200100,541.1,524.5,939.4,442.8
2026-08-07 13:35:47,2026-08-07 13:20,530.9,537.0,-1.14,23367200,541.1,524.5,939.4,442.8
2026-08-07 13:40:37,2026-08-07 13:25,531.3,537.0,-1.06,23575400,541.1,524.5,939.4,442.8
2026-08-07 13:45:39,2026-08-07 13:30,531.6,537.0,-1.01,23765800,541.1,524.5,939.4,442.8
2026-08-07 13:50:39,2026-08-07 13:35,530.3,537.0,-1.25,24205900,541.1,524.5,939.4,442.8
2026-08-07 13:55:35,2026-08-07 13:40,530.5,537.0,-1.21,24504300,541.1,524.5,939.4,442.8
2026-08-07 14:00:40,2026-08-07 13:45,530.3,537.0,-1.25,24741800,541.1,524.5,939.4,442.8
2026-08-07 14:05:46,2026-08-07 13:50,530.1,537.0,-1.28,24882200,541.1,524.5,939.4,442.8
2026-08-07 14:10:42,2026-08-07 13:55,529.1,537.0,-1.47,25113400,541.1,524.5,939.4,442.8
2026-08-07 14:15:40,2026-08-07 14:00,529.1,537.0,-1.47,25257300,541.1,524.5,939.4,442.8
2026-08-07 14:20:35,2026-08-07 14:05,529.8,537.0,-1.34,25417600,541.1,524.5,939.4,442.8
2026-08-07 14:25:42,2026-08-07 14:10,529.3,537.0,-1.43,25565300,541.1,524.5,939.4,442.8
2026-08-07 14:30:38,2026-08-07 14:15,528.8,537.0,-1.53,25824000,541.1,524.5,939.4,442.8
2026-08-07 14:35:29,2026-08-07 14:20,528.6,537.0,-1.56,26007800,541.1,524.5,939.4,442.8
2026-08-07 14:40:33,2026-08-07 14:25,528.2,537.0,-1.64,26165300,541.1,524.5,939.4,442.8
2026-08-07 14:45:37,2026-08-07 14:30,528.3,537.0,-1.62,26437200,541.1,524.5,939.4,442.8
2026-08-07 14:50:38,2026-08-07 14:35,527.9,537.0,-1.69,26676800,541.1,524.5,939.4,442.8
2026-08-07 14:55:34,2026-08-07 14:40,527.9,537.0,-1.69,26894700,541.1,524.5,939.4,442.8
2026-08-07 15:00:33,2026-08-07 14:45,526.8,537.0,-1.9,27220500,541.1,524.5,939.4,442.8
2026-08-07 15:05:42,2026-08-07 14:50,526.6,537.0,-1.94,27519900,541.1,524.5,939.4,442.8
2026-08-07 15:10:40,2026-08-07 14:55,523.7,537.0,-2.48,28521800,541.1,523.7,939.4,442.8
2026-08-07 15:15:41,2026-08-07 15:00,524.0,537.0,-2.42,29079100,541.1,523.2,939.4,442.8
2026-08-07 15:20:40,2026-08-07 15:05,523.2,537.0,-2.57,29402900,541.1,523.0,939.4,442.8
2026-08-07 15:25:47,2026-08-07 15:10,522.7,537.0,-2.66,29804200,541.1,522.6,939.4,442.8
2026-08-07 15:30:45,2026-08-07 15:15,522.8,537.0,-2.64,30352800,541.1,521.5,939.4,442.8
2026-08-07 15:40:40,2026-08-07 15:24,523.4,537.0,-2.53,31208000,541.1,521.5,939.4,442.8
2026-08-10 09:05:39,2026-08-07 15:30,521.3,537.0,-2.92,33677300,541.1,521.3,939.4,442.8
2026-08-10 09:10:47,2026-08-07 15:30,521.3,537.0,-2.92,33677300,541.1,521.3,939.4,442.8
2026-08-10 09:15:40,2026-08-10 09:00,523.8,537.0,-2.46,34307100,525.5,522.4,939.4,442.8
2026-08-10 09:20:33,2026-08-10 09:05,519.6,521.3,-0.33,1897300,526.2,519.1,939.4,442.8
2026-08-10 09:25:34,2026-08-10 09:10,523.5,521.3,0.42,2615500,526.2,519.1,939.4,442.8
2026-08-10 09:30:42,2026-08-10 09:15,525.1,521.3,0.73,3215400,526.2,519.1,939.4,442.8
2026-08-10 09:35:31,2026-08-10 09:20,524.6,521.3,0.63,3683200,526.2,519.1,939.4,442.8
2026-08-10 09:40:43,2026-08-10 09:25,525.7,521.3,0.84,4093800,526.2,519.1,939.4,442.8
2026-08-10 09:45:39,2026-08-10 09:30,525.5,521.3,0.81,4453600,526.4,519.1,939.4,442.8
2026-08-10 09:50:35,2026-08-10 09:35,526.6,521.3,1.02,4989900,527.8,519.1,939.4,442.8
2026-08-10 09:55:40,2026-08-10 09:40,529.0,521.3,1.48,5484600,529.2,519.1,939.4,442.8
2026-08-10 10:00:34,2026-08-10 09:45,527.7,521.3,1.23,5775400,529.5,519.1,939.4,442.8
2026-08-10 10:05:41,2026-08-10 09:50,526.7,521.3,1.04,6059300,529.5,519.1,939.4,442.8
2026-08-10 10:10:36,2026-08-10 09:55,525.2,521.3,0.75,6283700,529.5,519.1,939.4,442.8
2026-08-10 10:15:41,2026-08-10 10:00,523.7,521.3,0.46,6750000,529.5,519.1,939.4,442.8
2026-08-10 10:20:36,2026-08-10 10:05,524.0,521.3,0.52,6909700,529.5,519.1,939.4,442.8
2026-08-10 10:25:56,2026-08-10 10:10,523.6,521.3,0.44,7280100,529.5,519.1,939.4,442.8
2026-08-10 10:30:28,2026-08-10 10:15,522.7,521.3,0.27,7549000,529.5,519.1,939.4,442.8
2026-08-10 10:35:38,2026-08-10 10:20,522.6,521.3,0.25,7992200,529.5,519.1,939.4,442.8
2026-08-10 10:40:34,2026-08-10 10:25,522.9,521.3,0.31,8215000,529.5,519.1,939.4,442.8
2026-08-10 10:45:36,2026-08-10 10:30,523.1,521.3,0.35,8384600,529.5,519.1,939.4,442.8
2026-08-10 10:50:47,2026-08-10 10:35,524.0,521.3,0.52,8588600,529.5,519.1,939.4,442.8
2026-08-10 10:55:39,2026-08-10 10:40,524.1,521.3,0.54,8798600,529.5,519.1,939.4,442.8
2026-08-10 11:00:33,2026-08-10 10:45,525.7,521.3,0.84,8960000,529.5,519.1,939.4,442.8
2026-08-10 11:05:36,2026-08-10 10:50,523.9,521.3,0.5,9115300,529.5,519.1,939.4,442.8
2026-08-10 11:10:34,2026-08-10 10:55,524.7,521.3,0.65,9190700,529.5,519.1,939.4,442.8
2026-08-10 11:15:40,2026-08-10 11:00,526.5,521.3,1.0,9548900,529.5,519.1,939.4,442.8
2026-08-10 11:20:37,2026-08-10 11:05,527.5,521.3,1.19,10066800,529.5,519.1,939.4,442.8
2026-08-10 11:25:35,2026-08-10 11:10,528.8,521.3,1.44,10457100,529.5,519.1,939.4,442.8
2026-08-10 11:30:42,2026-08-10 11:15,528.6,521.3,1.4,10972400,529.5,519.1,939.4,442.8
2026-08-10 12:30:37,2026-08-10 11:30,527.5,521.3,1.19,11591200,529.5,519.1,939.4,442.8
2026-08-10 12:35:40,2026-08-10 11:30,527.5,521.3,1.19,11591200,529.5,519.1,939.4,442.8
2026-08-10 12:40:37,2026-08-10 11:30,527.5,521.3,1.19,11591200,529.5,519.1,939.4,442.8
2026-08-10 12:45:34,2026-08-10 12:30,526.7,521.3,1.04,11814700,529.5,519.1,939.4,442.8
2026-08-10 12:50:42,2026-08-10 12:35,526.1,521.3,0.92,12386300,529.5,519.1,939.4,442.8
2026-08-10 12:55:39,2026-08-10 12:40,526.3,521.3,0.96,12647000,529.5,519.1,939.4,442.8
2026-08-10 13:00:33,2026-08-10 12:45,525.5,521.3,0.81,12999800,529.5,519.1,939.4,442.8
2026-08-10 13:05:35,2026-08-10 12:50,524.2,521.3,0.56,13285900,529.5,519.1,939.4,442.8
2026-08-10 13:10:31,2026-08-10 12:55,524.3,521.3,0.58,13707300,529.5,519.1,939.4,442.8
2026-08-10 13:15:38,2026-08-10 13:00,524.2,521.3,0.56,13872800,529.5,519.1,939.4,442.8
2026-08-10 13:20:35,2026-08-10 13:05,522.6,521.3,0.25,14370800,529.5,519.1,939.4,442.8
2026-08-10 13:25:33,2026-08-10 13:10,521.6,521.3,0.06,14815700,529.5,519.1,939.4,442.8
2026-08-10 13:30:39,2026-08-10 13:15,520.4,521.3,-0.17,15109900,529.5,519.1,939.4,442.8
2026-08-10 13:35:32,2026-08-10 13:20,520.4,521.3,-0.17,15284800,529.5,519.1,939.4,442.8
2026-08-10 13:40:38,2026-08-10 13:25,520.5,521.3,-0.15,15389400,529.5,519.1,939.4,442.8
2026-08-10 13:45:36,2026-08-10 13:30,520.7,521.3,-0.12,15674400,529.5,519.1,939.4,442.8
2026-08-10 13:50:36,2026-08-10 13:35,521.0,521.3,-0.06,16088300,529.5,519.1,939.4,442.8
2026-08-10 13:55:40,2026-08-10 13:40,523.2,521.3,0.36,16436100,529.5,519.1,939.4,442.8
2026-08-10 14:00:39,2026-08-10 13:45,522.7,521.3,0.27,16567800,529.5,519.1,939.4,442.8
2026-08-10 14:05:40,2026-08-10 13:50,523.6,521.3,0.44,16830100,529.5,519.1,939.4,442.8
2026-08-10 14:10:47,2026-08-10 13:55,523.8,521.3,0.48,17030000,529.5,519.1,939.4,442.8
2026-08-10 14:15:44,2026-08-10 14:00,522.3,521.3,0.19,17377800,529.5,519.1,939.4,442.8
2026-08-10 14:20:38,2026-08-10 14:05,522.1,521.3,0.15,17611200,529.5,519.1,939.4,442.8
2026-08-10 14:25:37,2026-08-10 14:10,521.6,521.3,0.06,17720700,529.5,519.1,939.4,442.8
2026-08-10 14:30:44,2026-08-10 14:15,521.0,521.3,-0.06,18123600,529.5,519.1,939.4,442.8
2026-08-10 14:35:38,2026-08-10 14:20,521.7,521.3,0.08,18296100,529.5,519.1,939.4,442.8
2026-08-10 14:40:40,2026-08-10 14:25,520.8,521.3,-0.1,18521900,529.5,519.1,939.4,442.8
2026-08-10 14:45:38,2026-08-10 14:30,521.1,521.3,-0.04,18623700,529.5,519.1,939.4,442.8
2026-08-10 14:50:38,2026-08-10 14:35,519.6,521.3,-0.33,19624400,529.5,519.0,939.4,442.8
2026-08-10 14:55:41,2026-08-10 14:40,519.6,521.3,-0.33,19951400,529.5,519.0,939.4,442.8
2026-08-10 15:00:53,2026-08-10 14:45,521.4,521.3,0.02,20299100,529.5,519.0,939.4,442.8
2026-08-10 15:05:44,2026-08-10 14:50,521.7,521.3,0.08,20459500,529.5,519.0,939.4,442.8
2026-08-10 15:10:44,2026-08-10 14:55,523.2,521.3,0.36,21157900,529.5,519.0,939.4,442.8
2026-08-10 15:15:35,2026-08-10 15:00,523.7,521.3,0.46,21440500,529.5,519.0,939.4,442.8
2026-08-10 15:20:33,2026-08-10 15:05,524.6,521.3,0.63,21857900,529.5,519.0,939.4,442.8
2026-08-10 15:25:36,2026-08-10 15:10,524.1,521.3,0.54,22011500,529.5,519.0,939.4,442.8
2026-08-10 15:30:43,2026-08-10 15:15,522.8,521.3,0.29,22277100,529.5,519.0,939.4,442.8
2026-08-10 15:40:36,2026-08-10 15:24,522.1,521.3,0.15,22977200,529.5,519.0,939.4,442.8
2026-08-12 09:05:32,2026-08-10 15:30,521.5,521.3,0.04,25148300,529.5,519.0,939.4,442.8
2026-08-12 09:10:46,2026-08-10 15:30,521.5,521.3,0.04,25148300,529.5,519.0,939.4,442.8
2026-08-12 09:15:41,2026-08-12 09:00,521.5,521.3,0.04,26234500,527.8,525.4,939.4,442.8
2026-08-12 09:20:45,2026-08-12 09:05,529.0,521.5,1.44,3348900,531.0,525.4,939.4,442.8
2026-08-12 09:25:40,2026-08-12 09:10,525.2,521.5,0.71,4256800,531.0,524.7,939.4,442.8
2026-08-12 09:30:46,2026-08-12 09:15,528.4,521.5,1.32,4966200,531.0,523.9,939.4,442.8
2026-08-12 09:35:43,2026-08-12 09:20,522.3,521.5,0.15,5831800,531.0,521.8,939.4,442.8
2026-08-12 09:40:40,2026-08-12 09:25,521.3,521.5,-0.04,6543900,531.0,520.8,939.4,442.8
2026-08-12 09:45:37,2026-08-12 09:30,519.9,521.5,-0.31,7954700,531.0,519.5,939.4,442.8
2026-08-12 09:50:32,2026-08-12 09:35,518.1,521.5,-0.65,8767500,531.0,518.0,939.4,442.8
2026-08-12 09:55:33,2026-08-12 09:40,519.7,521.5,-0.35,9359100,531.0,518.0,939.4,442.8
2026-08-12 10:00:34,2026-08-12 09:45,518.0,521.5,-0.67,10367000,531.0,517.3,939.4,442.8
2026-08-12 10:05:38,2026-08-12 09:50,520.8,521.5,-0.13,10899700,531.0,517.3,939.4,442.8
2026-08-12 10:10:33,2026-08-12 09:55,520.6,521.5,-0.17,11401900,531.0,517.3,939.4,442.8
2026-08-12 10:15:48,2026-08-12 10:00,520.7,521.5,-0.15,11676200,531.0,517.3,939.4,442.8
2026-08-12 10:20:35,2026-08-12 10:05,521.3,521.5,-0.04,11904300,531.0,517.3,939.4,442.8
2026-08-12 10:25:32,2026-08-12 10:10,519.2,521.5,-0.44,12229800,531.0,517.3,939.4,442.8
2026-08-12 10:30:43,2026-08-12 10:15,518.8,521.5,-0.52,12639500,531.0,517.3,939.4,442.8
2026-08-12 10:35:35,2026-08-12 10:20,518.7,521.5,-0.54,12833800,531.0,517.3,939.4,442.8
2026-08-12 10:40:43,2026-08-12 10:25,519.6,521.5,-0.36,13037600,531.0,517.3,939.4,442.8
2026-08-12 10:45:32,2026-08-12 10:30,519.3,521.5,-0.42,13316000,531.0,517.3,939.4,442.8
2026-08-12 10:50:58,2026-08-12 10:35,520.2,521.5,-0.25,13581800,531.0,517.3,939.4,442.8
2026-08-12 10:55:32,2026-08-12 10:40,520.9,521.5,-0.12,13717800,531.0,517.3,939.4,442.8
2026-08-12 11:00:32,2026-08-12 10:45,519.8,521.5,-0.33,13888600,531.0,517.3,939.4,442.8
2026-08-12 11:05:37,2026-08-12 10:50,519.4,521.5,-0.4,14106300,531.0,517.3,939.4,442.8
2026-08-12 11:10:30,2026-08-12 10:55,520.5,521.5,-0.19,14300200,531.0,517.3,939.4,442.8
2026-08-12 11:15:41,2026-08-12 11:00,520.4,521.5,-0.21,14496300,531.0,517.3,939.4,442.8
2026-08-12 11:20:34,2026-08-12 11:05,520.4,521.5,-0.21,14592100,531.0,517.3,939.4,442.8
2026-08-12 11:25:56,2026-08-12 11:10,519.6,521.5,-0.36,14819200,531.0,517.3,939.4,442.8
2026-08-12 11:30:32,2026-08-12 11:15,518.2,521.5,-0.63,15137300,531.0,517.3,939.4,442.8
2026-08-12 12:30:29,2026-08-12 11:30,517.1,521.5,-0.84,16088600,531.0,517.1,939.4,442.8
2026-08-12 12:35:30,2026-08-12 11:30,517.1,521.5,-0.84,16088600,531.0,517.1,939.4,442.8
2026-08-12 12:40:36,2026-08-12 11:30,517.1,521.5,-0.84,16088600,531.0,517.1,939.4,442.8
2026-08-12 12:46:00,2026-08-12 12:30,517.2,521.5,-0.82,16539200,531.0,516.7,939.4,442.8
2026-08-12 12:50:33,2026-08-12 12:35,515.4,521.5,-1.17,16964700,531.0,515.4,939.4,442.8
2026-08-12 12:55:38,2026-08-12 12:40,514.7,521.5,-1.3,18117700,531.0,514.2,939.4,442.8
2026-08-12 13:00:31,2026-08-12 12:45,515.6,521.5,-1.13,18522500,531.0,514.2,939.4,442.8
2026-08-12 13:05:33,2026-08-12 12:50,516.2,521.5,-1.02,18738700,531.0,514.2,939.4,442.8
2026-08-12 13:10:36,2026-08-12 12:55,517.3,521.5,-0.81,18916700,531.0,514.2,939.4,442.8
2026-08-12 13:15:38,2026-08-12 13:00,517.5,521.5,-0.77,19221300,531.0,514.2,939.4,442.8
2026-08-12 13:20:30,2026-08-12 13:05,517.5,521.5,-0.77,19511900,531.0,514.2,939.4,442.8
2026-08-12 13:25:53,2026-08-12 13:10,515.2,521.5,-1.21,19863600,531.0,514.2,939.4,442.8
2026-08-12 13:30:36,2026-08-12 13:15,515.5,521.5,-1.15,20551100,531.0,514.0,939.4,442.8
2026-08-12 13:35:33,2026-08-12 13:20,514.7,521.5,-1.3,20888100,531.0,514.0,939.4,442.8
2026-08-12 13:41:12,2026-08-12 13:26,515.9,521.5,-1.07,21108700,531.0,514.0,939.4,442.8
2026-08-12 13:45:36,2026-08-12 13:30,516.0,521.5,-1.05,21319600,531.0,514.0,939.4,442.8
2026-08-12 13:50:47,2026-08-12 13:35,516.5,521.5,-0.96,21458900,531.0,514.0,939.4,442.8
2026-08-12 13:55:40,2026-08-12 13:40,516.4,521.5,-0.98,21733000,531.0,514.0,939.4,442.8
2026-08-12 14:00:33,2026-08-12 13:45,516.2,521.5,-1.02,21976100,531.0,514.0,939.4,442.8
2026-08-12 14:05:39,2026-08-12 13:50,517.0,521.5,-0.86,22169400,531.0,514.0,939.4,442.8
2026-08-12 14:10:37,2026-08-12 13:55,519.2,521.5,-0.44,22644100,531.0,514.0,939.4,442.8
2026-08-12 14:15:36,2026-08-12 14:00,518.7,521.5,-0.54,22952900,531.0,514.0,939.4,442.8
2026-08-12 14:20:36,2026-08-12 14:05,517.8,521.5,-0.71,23196600,531.0,514.0,939.4,442.8
2026-08-12 14:25:39,2026-08-12 14:10,517.7,521.5,-0.73,23336600,531.0,514.0,939.4,442.8
2026-08-12 14:30:41,2026-08-12 14:15,517.6,521.5,-0.75,23507900,531.0,514.0,939.4,442.8
2026-08-12 14:35:45,2026-08-12 14:20,517.9,521.5,-0.69,23772900,531.0,514.0,939.4,442.8
2026-08-12 14:40:36,2026-08-12 14:25,518.1,521.5,-0.65,24025600,531.0,514.0,939.4,442.8
2026-08-12 14:45:46,2026-08-12 14:30,518.3,521.5,-0.61,24173700,531.0,514.0,939.4,442.8
2026-08-12 14:50:39,2026-08-12 14:35,518.5,521.5,-0.58,24316600,531.0,514.0,939.4,442.8
2026-08-12 14:55:33,2026-08-12 14:40,517.8,521.5,-0.71,24583300,531.0,514.0,939.4,442.8
2026-08-12 15:00:38,2026-08-12 14:45,517.6,521.5,-0.75,24680900,531.0,514.0,939.4,442.8
2026-08-12 15:05:43,2026-08-12 14:50,517.4,521.5,-0.79,24830400,531.0,514.0,939.4,442.8
2026-08-12 15:10:36,2026-08-12 14:55,518.5,521.5,-0.58,25071400,531.0,514.0,939.4,442.8
2026-08-12 15:15:52,2026-08-12 15:00,518.8,521.5,-0.52,25245500,531.0,514.0,939.4,442.8
2026-08-12 15:20:36,2026-08-12 15:05,519.4,521.5,-0.4,26000900,531.0,514.0,939.4,442.8
2026-08-12 15:25:30,2026-08-12 15:10,518.7,521.5,-0.54,26272500,531.0,514.0,939.4,442.8
2026-08-12 15:30:32,2026-08-12 15:15,517.7,521.5,-0.73,26545300,531.0,514.0,939.4,442.8
2026-08-12 15:40:41,2026-08-12 15:24,517.0,521.5,-0.86,27407200,531.0,514.0,939.4,442.8
2026-08-13 09:05:41,2026-08-12 15:30,516.6,521.5,-0.94,29311300,531.0,514.0,939.4,442.8
2026-08-13 09:10:31,2026-08-12 15:30,516.6,521.5,-0.94,29311300,531.0,514.0,939.4,442.8
2026-08-13 09:15:45,2026-08-13 09:00,516.6,521.5,-0.94,30460100,522.2,518.7,939.4,442.8
2026-08-13 09:20:30,2026-08-13 09:05,524.3,516.6,1.49,3373300,526.8,518.7,939.4,442.8
2026-08-13 09:25:42,2026-08-13 09:10,524.1,516.6,1.45,4329300,526.8,518.7,939.4,442.8
2026-08-13 09:30:31,2026-08-13 09:15,526.1,516.6,1.84,6273800,527.9,518.7,939.4,442.8
2026-08-13 09:35:33,2026-08-13 09:20,527.5,516.6,2.11,7052900,528.0,518.7,939.4,442.8
2026-08-13 09:40:37,2026-08-13 09:25,527.6,516.6,2.13,8743400,529.2,518.7,939.4,442.8
2026-08-13 09:45:47,2026-08-13 09:30,526.2,516.6,1.86,9411700,529.2,518.7,939.4,442.8
2026-08-13 09:50:39,2026-08-13 09:35,525.4,516.6,1.7,10015000,529.2,518.7,939.4,442.8
2026-08-13 09:55:49,2026-08-13 09:40,529.3,516.6,2.46,10934500,529.4,518.7,939.4,442.8
2026-08-13 10:00:31,2026-08-13 09:45,526.6,516.6,1.94,11425200,529.4,518.7,939.4,442.8
2026-08-13 10:05:41,2026-08-13 09:50,524.4,516.6,1.51,12275300,529.4,518.7,939.4,442.8
2026-08-13 10:10:45,2026-08-13 09:55,520.6,516.6,0.77,13111200,529.4,518.7,939.4,442.8
2026-08-13 10:15:30,2026-08-13 10:00,522.1,516.6,1.06,13501100,529.4,518.7,939.4,442.8
2026-08-13 10:20:45,2026-08-13 10:05,522.3,516.6,1.1,13812900,529.4,518.7,939.4,442.8
2026-08-13 10:25:33,2026-08-13 10:10,521.7,516.6,0.99,14117400,529.4,518.7,939.4,442.8
2026-08-13 10:30:31,2026-08-13 10:15,522.5,516.6,1.14,14487200,529.4,518.7,939.4,442.8
2026-08-13 10:35:36,2026-08-13 10:20,521.9,516.6,1.03,14649700,529.4,518.7,939.4,442.8
2026-08-13 10:40:32,2026-08-13 10:25,523.3,516.6,1.3,14914800,529.4,518.7,939.4,442.8
2026-08-13 10:45:32,2026-08-13 10:30,522.5,516.6,1.14,15066200,529.4,518.7,939.4,442.8
2026-08-13 10:50:31,2026-08-13 10:35,523.1,516.6,1.26,15271500,529.4,518.7,939.4,442.8
2026-08-13 10:55:41,2026-08-13 10:40,523.5,516.6,1.34,15462800,529.4,518.7,939.4,442.8
2026-08-13 11:00:35,2026-08-13 10:45,522.6,516.6,1.16,15720600,529.4,518.7,939.4,442.8
2026-08-13 11:05:35,2026-08-13 10:50,522.8,516.6,1.2,15874700,529.4,518.7,939.4,442.8
2026-08-13 11:10:34,2026-08-13 10:55,522.5,516.6,1.14,16061000,529.4,518.7,939.4,442.8
2026-08-13 11:15:46,2026-08-13 11:00,522.6,516.6,1.16,16199900,529.4,518.7,939.4,442.8
2026-08-13 11:20:34,2026-08-13 11:05,522.2,516.6,1.08,16369400,529.4,518.7,939.4,442.8
2026-08-13 11:25:32,2026-08-13 11:10,521.9,516.6,1.03,16548000,529.4,518.7,939.4,442.8
2026-08-13 11:30:34,2026-08-13 11:15,523.2,516.6,1.28,16708200,529.4,518.7,939.4,442.8
2026-08-13 12:30:37,2026-08-13 11:30,523.0,516.6,1.24,17236500,529.4,518.7,939.4,442.8
2026-08-13 12:35:36,2026-08-13 11:30,523.0,516.6,1.24,17236500,529.4,518.7,939.4,442.8
2026-08-13 12:40:36,2026-08-13 11:30,523.0,516.6,1.24,17236500,529.4,518.7,939.4,442.8
2026-08-13 12:45:47,2026-08-13 12:30,523.6,516.6,1.36,17505300,529.4,518.7,939.4,442.8
2026-08-13 12:50:30,2026-08-13 12:35,523.6,516.6,1.36,17885500,529.4,518.7,939.4,442.8
2026-08-13 12:55:39,2026-08-13 12:40,522.6,516.6,1.16,18117400,529.4,518.7,939.4,442.8
2026-08-13 13:00:41,2026-08-13 12:45,522.9,516.6,1.22,18245600,529.4,518.7,939.4,442.8
2026-08-13 13:05:35,2026-08-13 12:50,521.9,516.6,1.03,18414000,529.4,518.7,939.4,442.8
2026-08-13 13:10:45,2026-08-13 12:55,522.3,516.6,1.1,18615300,529.4,518.7,939.4,442.8
2026-08-13 13:15:38,2026-08-13 13:00,521.6,516.6,0.97,18799100,529.4,518.7,939.4,442.8
2026-08-13 13:20:38,2026-08-13 13:05,522.1,516.6,1.06,18982300,529.4,518.7,939.4,442.8
2026-08-13 13:26:02,2026-08-13 13:11,521.8,516.6,1.01,19166700,529.4,518.7,939.4,442.8
2026-08-13 13:30:35,2026-08-13 13:15,523.1,516.6,1.26,19383600,529.4,518.7,939.4,442.8
2026-08-13 13:35:33,2026-08-13 13:20,523.1,516.6,1.26,19543300,529.4,518.7,939.4,442.8
2026-08-13 13:40:40,2026-08-13 13:25,523.0,516.6,1.24,19613800,529.4,518.7,939.4,442.8
2026-08-13 13:45:39,2026-08-13 13:30,521.9,516.6,1.03,19875100,529.4,518.7,939.4,442.8
2026-08-13 13:51:04,2026-08-13 13:36,520.4,516.6,0.74,20911700,529.4,518.7,939.4,442.8
2026-08-13 13:55:36,2026-08-13 13:40,519.3,516.6,0.52,21438100,529.4,518.7,939.4,442.8
2026-08-13 14:00:38,2026-08-13 13:45,519.3,516.6,0.52,21897600,529.4,518.7,939.4,442.8
2026-08-13 14:05:48,2026-08-13 13:50,518.1,516.6,0.29,23426400,529.4,518.1,939.4,442.8
2026-08-13 14:10:35,2026-08-13 13:55,518.4,516.6,0.35,23847500,529.4,517.6,939.4,442.8
2026-08-13 14:15:43,2026-08-13 14:00,517.2,516.6,0.12,24306300,529.4,517.1,939.4,442.8
2026-08-13 14:20:42,2026-08-13 14:05,516.9,516.6,0.06,24744600,529.4,516.4,939.4,442.8
2026-08-13 14:25:34,2026-08-13 14:10,515.9,516.6,-0.14,25180900,529.4,515.5,939.4,442.8
2026-08-13 14:30:37,2026-08-13 14:15,518.1,516.6,0.29,25810300,529.4,515.5,939.4,442.8
2026-08-13 14:35:34,2026-08-13 14:20,518.1,516.6,0.29,26020300,529.4,515.5,939.4,442.8
2026-08-13 14:40:40,2026-08-13 14:25,518.9,516.6,0.45,26568800,529.4,515.5,939.4,442.8
2026-08-13 14:45:40,2026-08-13 14:30,517.8,516.6,0.23,26893000,529.4,515.5,939.4,442.8
2026-08-13 14:50:37,2026-08-13 14:35,518.1,516.6,0.29,27185800,529.4,515.5,939.4,442.8
2026-08-13 14:55:58,2026-08-13 14:40,519.1,516.6,0.48,27633100,529.4,515.5,939.4,442.8
2026-08-13 15:01:01,2026-08-13 14:45,520.2,516.6,0.7,27978000,529.4,515.5,939.4,442.8
2026-08-13 15:05:35,2026-08-13 14:50,519.7,516.6,0.6,28149500,529.4,515.5,939.4,442.8
2026-08-13 15:10:33,2026-08-13 14:55,519.9,516.6,0.64,28312800,529.4,515.5,939.4,442.8
2026-08-13 15:16:00,2026-08-13 15:00,520.1,516.6,0.68,28849400,529.4,515.5,939.4,442.8
2026-08-13 15:20:37,2026-08-13 15:05,519.8,516.6,0.62,29099500,529.4,515.5,939.4,442.8
2026-08-13 15:25:51,2026-08-13 15:10,519.9,516.6,0.64,29293700,529.4,515.5,939.4,442.8
2026-08-13 15:30:35,2026-08-13 15:15,521.0,516.6,0.85,29692200,529.4,515.5,939.4,442.8
2026-08-13 15:40:36,2026-08-13 15:24,520.2,516.6,0.7,30412700,529.4,515.5,939.4,442.8
2026-08-14 09:05:34,2026-08-13 15:30,520.9,516.6,0.83,31862800,529.4,515.5,939.4,442.8
2026-08-14 09:11:27,2026-08-13 15:30,520.9,516.6,0.83,31862800,529.4,515.5,939.4,442.8
2026-08-14 09:15:41,2026-08-14 09:00,520.9,516.6,0.83,33322700,519.5,515.5,939.4,442.8
2026-08-14 09:20:29,2026-08-14 09:05,514.5,520.9,-1.23,3592200,519.5,512.3,939.4,442.8
2026-08-14 09:25:31,2026-08-14 09:10,512.1,520.9,-1.69,5099600,519.5,511.8,939.4,442.8
2026-08-14 09:30:50,2026-08-14 09:15,511.2,520.9,-1.86,6299800,519.5,510.5,939.4,442.8
2026-08-14 09:35:31,2026-08-14 09:20,512.2,520.9,-1.67,7470200,519.5,509.8,939.4,442.8
2026-08-14 09:40:37,2026-08-14 09:25,512.5,520.9,-1.61,8088600,519.5,509.8,939.4,442.8
2026-08-14 09:45:39,2026-08-14 09:30,511.7,520.9,-1.77,8935100,519.5,509.8,939.4,442.8
2026-08-14 09:50:34,2026-08-14 09:35,513.1,520.9,-1.5,9397800,519.5,509.8,939.4,442.8
2026-08-14 09:55:30,2026-08-14 09:40,515.2,520.9,-1.09,10180300,519.5,509.8,939.4,442.8
2026-08-14 10:00:30,2026-08-14 09:45,514.3,520.9,-1.27,10622700,519.5,509.8,939.4,442.8
2026-08-14 10:05:46,2026-08-14 09:50,513.7,520.9,-1.38,10922100,519.5,509.8,939.4,442.8
2026-08-14 10:10:48,2026-08-14 09:55,516.2,520.9,-0.9,11613500,519.5,509.8,939.4,442.8
2026-08-14 10:15:48,2026-08-14 10:00,516.9,520.9,-0.77,12088200,519.5,509.8,939.4,442.8
2026-08-14 10:20:31,2026-08-14 10:05,515.1,520.9,-1.11,12382600,519.5,509.8,939.4,442.8
2026-08-14 10:25:35,2026-08-14 10:10,514.2,520.9,-1.29,12830800,519.5,509.8,939.4,442.8
2026-08-14 10:30:34,2026-08-14 10:15,511.9,520.9,-1.73,13632200,519.5,509.8,939.4,442.8
2026-08-14 10:35:39,2026-08-14 10:18,512.6,520.9,-1.59,13850300,519.5,509.8,939.4,442.8
2026-08-14 10:40:35,2026-08-14 10:25,510.9,520.9,-1.92,14809800,519.5,509.8,939.4,442.8
2026-08-14 10:45:41,2026-08-14 10:30,510.6,520.9,-1.98,15313500,519.5,509.8,939.4,442.8
2026-08-14 10:50:39,2026-08-14 10:35,510.8,520.9,-1.94,15650200,519.5,509.8,939.4,442.8
2026-08-14 10:55:42,2026-08-14 10:40,510.2,520.9,-2.05,16388300,519.5,509.8,939.4,442.8
2026-08-14 11:00:35,2026-08-14 10:45,510.8,520.9,-1.94,16612400,519.5,509.8,939.4,442.8
2026-08-14 11:05:43,2026-08-14 10:50,513.1,520.9,-1.5,17141400,519.5,509.8,939.4,442.8
2026-08-14 11:10:30,2026-08-14 10:55,513.6,520.9,-1.4,17715300,519.5,509.8,939.4,442.8
2026-08-14 11:15:33,2026-08-14 11:00,512.6,520.9,-1.59,18070100,519.5,509.8,939.4,442.8
2026-08-14 11:20:32,2026-08-14 11:05,512.3,520.9,-1.65,18227600,519.5,509.8,939.4,442.8
2026-08-14 11:25:37,2026-08-14 11:10,512.7,520.9,-1.57,18407900,519.5,509.8,939.4,442.8
2026-08-14 11:30:43,2026-08-14 11:15,510.9,520.9,-1.92,18845700,519.5,509.8,939.4,442.8
2026-08-14 12:30:33,2026-08-14 11:30,510.7,520.9,-1.96,19495900,519.5,509.8,939.4,442.8
2026-08-14 12:35:35,2026-08-14 11:30,510.7,520.9,-1.96,19495900,519.5,509.8,939.4,442.8
2026-08-14 12:40:35,2026-08-14 11:30,510.7,520.9,-1.96,19495900,519.5,509.8,939.4,442.8
2026-08-14 12:45:39,2026-08-14 11:30,510.7,520.9,-1.96,19495900,519.5,509.8,939.4,442.8
2026-08-14 12:50:31,2026-08-14 12:35,509.4,520.9,-2.21,20750400,519.5,509.0,939.4,442.8
2026-08-14 12:55:35,2026-08-14 12:40,510.5,520.9,-2.0,21246200,519.5,509.0,939.4,442.8
2026-08-14 13:00:38,2026-08-14 12:45,509.6,520.9,-2.17,21585100,519.5,509.0,939.4,442.8
2026-08-14 13:05:36,2026-08-14 12:50,509.9,520.9,-2.11,21984300,519.5,509.0,939.4,442.8
2026-08-14 13:10:32,2026-08-14 12:55,509.7,520.9,-2.15,22309300,519.5,509.0,939.4,442.8
2026-08-14 13:15:36,2026-08-14 13:00,510.6,520.9,-1.98,22583300,519.5,509.0,939.4,442.8
2026-08-14 13:20:35,2026-08-14 13:05,509.9,520.9,-2.11,22844600,519.5,509.0,939.4,442.8
2026-08-14 13:25:35,2026-08-14 13:10,510.6,520.9,-1.98,23217000,519.5,509.0,939.4,442.8
2026-08-14 13:30:32,2026-08-14 13:15,511.2,520.9,-1.86,23557300,519.5,509.0,939.4,442.8
2026-08-14 13:35:36,2026-08-14 13:20,511.9,520.9,-1.73,24015400,519.5,509.0,939.4,442.8
2026-08-14 13:40:41,2026-08-14 13:25,510.4,520.9,-2.02,24267600,519.5,509.0,939.4,442.8
2026-08-14 13:45:40,2026-08-14 13:30,510.7,520.9,-1.96,24431900,519.5,509.0,939.4,442.8
2026-08-14 13:50:39,2026-08-14 13:35,513.6,520.9,-1.4,25711900,519.5,509.0,939.4,442.8
2026-08-14 13:55:38,2026-08-14 13:40,513.2,520.9,-1.48,26202100,519.5,509.0,939.4,442.8
2026-08-14 14:00:39,2026-08-14 13:45,513.4,520.9,-1.44,26508100,519.5,509.0,939.4,442.8
2026-08-14 14:05:42,2026-08-14 13:50,512.9,520.9,-1.54,26755300,519.5,509.0,939.4,442.8
2026-08-14 14:10:34,2026-08-14 13:55,513.2,520.9,-1.48,26885500,519.5,509.0,939.4,442.8
2026-08-14 14:15:49,2026-08-14 14:00,512.8,520.9,-1.56,27260200,519.5,509.0,939.4,442.8
2026-08-14 14:20:39,2026-08-14 14:05,514.2,520.9,-1.29,27700400,519.5,509.0,939.4,442.8
2026-08-14 14:25:57,2026-08-14 14:10,514.2,520.9,-1.29,28399100,519.5,509.0,939.4,442.8
2026-08-14 14:30:35,2026-08-14 14:15,514.5,520.9,-1.23,28550100,519.5,509.0,939.4,442.8
2026-08-14 14:35:32,2026-08-14 14:20,514.6,520.9,-1.21,28796000,519.5,509.0,939.4,442.8
2026-08-14 14:40:39,2026-08-14 14:25,516.8,520.9,-0.79,29463900,519.5,509.0,939.4,442.8
2026-08-14 14:45:54,2026-08-14 14:30,516.6,520.9,-0.83,29716800,519.5,509.0,939.4,442.8
2026-08-14 14:50:40,2026-08-14 14:35,515.0,520.9,-1.13,30149200,519.5,509.0,939.4,442.8
2026-08-14 14:55:46,2026-08-14 14:40,514.2,520.9,-1.29,30521000,519.5,509.0,939.4,442.8
2026-08-14 15:00:39,2026-08-14 14:45,514.3,520.9,-1.27,30693800,519.5,509.0,939.4,442.8
2026-08-14 15:05:45,2026-08-14 14:50,515.5,520.9,-1.04,31200600,519.5,509.0,939.4,442.8
2026-08-14 15:10:39,2026-08-14 14:55,516.1,520.9,-0.92,31416700,519.5,509.0,939.4,442.8
2026-08-14 15:15:36,2026-08-14 15:00,517.5,520.9,-0.65,32098100,519.5,509.0,939.4,442.8
2026-08-14 15:20:50,2026-08-14 15:05,516.4,520.9,-0.86,32394900,519.5,509.0,939.4,442.8
2026-08-14 15:25:31,2026-08-14 15:10,516.1,520.9,-0.92,32685000,519.5,509.0,939.4,442.8
2026-08-14 15:30:38,2026-08-14 15:15,516.1,520.9,-0.92,33179100,519.5,509.0,939.4,442.8
2026-08-14 15:40:32,2026-08-14 15:24,515.7,520.9,-1.0,34044000,519.5,509.0,939.4,442.8
2026-08-17 09:05:35,2026-08-14 15:30,516.8,520.9,-0.79,35575900,519.5,509.0,939.4,442.8
2026-08-17 09:10:34,2026-08-14 15:30,516.8,520.9,-0.79,35575900,519.5,509.0,939.4,442.8
2026-08-17 09:15:31,2026-08-17 09:00,517.9,520.9,-0.58,36844800,518.5,514.9,939.4,442.8
2026-08-17 09:20:35,2026-08-17 09:05,519.5,516.8,0.52,3110100,522.7,514.9,939.4,442.8
2026-08-17 09:25:40,2026-08-17 09:10,524.2,516.8,1.43,5071900,525.5,514.9,939.4,442.8
2026-08-17 09:30:54,2026-08-17 09:15,524.3,516.8,1.45,5982500,525.5,514.9,939.4,442.8
2026-08-17 09:35:40,2026-08-17 09:20,523.3,516.8,1.26,6829600,525.6,514.9,939.4,442.8
2026-08-17 09:40:39,2026-08-17 09:25,523.1,516.8,1.22,7271000,525.6,514.9,939.4,442.8
2026-08-17 09:45:35,2026-08-17 09:30,523.4,516.8,1.28,7472400,525.6,514.9,939.4,442.8
2026-08-17 09:50:31,2026-08-17 09:35,521.6,516.8,0.93,8094200,525.6,514.9,939.4,442.8
2026-08-17 09:55:30,2026-08-17 09:40,521.1,516.8,0.83,8386000,525.6,514.9,939.4,442.8
2026-08-17 10:00:46,2026-08-17 09:45,521.1,516.8,0.83,8637200,525.6,514.9,939.4,442.8
2026-08-17 10:05:43,2026-08-17 09:50,524.0,516.8,1.39,9366400,525.6,514.9,939.4,442.8
2026-08-17 10:10:40,2026-08-17 09:55,523.7,516.8,1.34,10298800,525.8,514.9,939.4,442.8
2026-08-17 10:15:31,2026-08-17 10:00,521.9,516.8,0.99,10616500,525.8,514.9,939.4,442.8
2026-08-17 10:20:39,2026-08-17 10:05,521.9,516.8,0.99,10825100,525.8,514.9,939.4,442.8
2026-08-17 10:25:35,2026-08-17 10:10,522.1,516.8,1.03,11027200,525.8,514.9,939.4,442.8
2026-08-17 10:30:32,2026-08-17 10:15,521.8,516.8,0.97,11232300,525.8,514.9,939.4,442.8
2026-08-17 10:35:32,2026-08-17 10:20,520.9,516.8,0.79,11528500,525.8,514.9,939.4,442.8
2026-08-17 10:40:35,2026-08-17 10:25,520.9,516.8,0.79,11668900,525.8,514.9,939.4,442.8
2026-08-17 10:45:35,2026-08-17 10:30,520.7,516.8,0.75,11812000,525.8,514.9,939.4,442.8
2026-08-17 10:50:39,2026-08-17 10:35,520.0,516.8,0.62,12316200,525.8,514.9,939.4,442.8
2026-08-17 10:55:43,2026-08-17 10:40,520.0,516.8,0.62,12573300,525.8,514.9,939.4,442.8
2026-08-17 11:00:31,2026-08-17 10:45,520.1,516.8,0.64,12861000,525.8,514.9,939.4,442.8
2026-08-17 11:05:42,2026-08-17 10:50,519.6,516.8,0.54,12958600,525.8,514.9,939.4,442.8
2026-08-17 11:10:34,2026-08-17 10:55,521.8,516.8,0.97,13182100,525.8,514.9,939.4,442.8
2026-08-17 11:15:37,2026-08-17 11:00,522.2,516.8,1.04,13339000,525.8,514.9,939.4,442.8
2026-08-17 11:20:38,2026-08-17 11:05,521.2,516.8,0.85,13551100,525.8,514.9,939.4,442.8
2026-08-17 11:25:42,2026-08-17 11:10,521.9,516.8,0.99,13641300,525.8,514.9,939.4,442.8
2026-08-17 11:30:36,2026-08-17 11:15,521.1,516.8,0.83,13719100,525.8,514.9,939.4,442.8
2026-08-17 12:30:34,2026-08-17 11:30,519.5,516.8,0.52,14474900,525.8,514.9,939.4,442.8
2026-08-17 12:35:34,2026-08-17 11:30,519.5,516.8,0.52,14474900,525.8,514.9,939.4,442.8
2026-08-17 12:40:37,2026-08-17 11:30,519.5,516.8,0.52,14474900,525.8,514.9,939.4,442.8
2026-08-17 12:45:33,2026-08-17 12:30,519.6,516.8,0.54,14719800,525.8,514.9,939.4,442.8
2026-08-17 12:50:43,2026-08-17 12:35,520.2,516.8,0.66,15043000,525.8,514.9,939.4,442.8
2026-08-17 12:55:32,2026-08-17 12:40,519.8,516.8,0.58,15183600,525.8,514.9,939.4,442.8
2026-08-17 13:00:44,2026-08-17 12:45,518.4,516.8,0.31,15524900,525.8,514.9,939.4,442.8
2026-08-17 13:05:40,2026-08-17 12:50,518.4,516.8,0.31,15765900,525.8,514.9,939.4,442.8
2026-08-17 13:10:36,2026-08-17 12:55,519.5,516.8,0.52,16186700,525.8,514.9,939.4,442.8
2026-08-17 13:15:43,2026-08-17 13:00,520.6,516.8,0.74,16734900,525.8,514.9,939.4,442.8
2026-08-17 13:20:42,2026-08-17 13:05,520.2,516.8,0.66,16867600,525.8,514.9,939.4,442.8
2026-08-17 13:25:42,2026-08-17 13:10,521.2,516.8,0.85,17165000,525.8,514.9,939.4,442.8
2026-08-17 13:30:35,2026-08-17 13:15,521.7,516.8,0.95,17308000,525.8,514.9,939.4,442.8
2026-08-17 13:35:33,2026-08-17 13:20,521.6,516.8,0.93,17496700,525.8,514.9,939.4,442.8
2026-08-17 13:40:35,2026-08-17 13:25,521.5,516.8,0.91,17554300,525.8,514.9,939.4,442.8
2026-08-17 13:45:33,2026-08-17 13:30,521.4,516.8,0.89,17623800,525.8,514.9,939.4,442.8
2026-08-17 13:50:37,2026-08-17 13:35,521.1,516.8,0.83,17981600,525.8,514.9,939.4,442.8
2026-08-17 13:55:30,2026-08-17 13:40,521.3,516.8,0.87,18092500,525.8,514.9,939.4,442.8
2026-08-17 14:00:46,2026-08-17 13:45,520.9,516.8,0.79,18240800,525.8,514.9,939.4,442.8
2026-08-17 14:05:42,2026-08-17 13:50,521.0,516.8,0.81,18284200,525.8,514.9,939.4,442.8
2026-08-17 14:10:35,2026-08-17 13:55,519.7,516.8,0.56,18483200,525.8,514.9,939.4,442.8
2026-08-17 14:15:38,2026-08-17 14:00,519.9,516.8,0.6,18579500,525.8,514.9,939.4,442.8
2026-08-17 14:20:39,2026-08-17 14:05,520.2,516.8,0.66,18664800,525.8,514.9,939.4,442.8
2026-08-17 14:25:45,2026-08-17 14:10,519.9,516.8,0.6,18713800,525.8,514.9,939.4,442.8
2026-08-17 14:30:36,2026-08-17 14:15,519.9,516.8,0.6,18885300,525.8,514.9,939.4,442.8
2026-08-17 14:35:31,2026-08-17 14:20,519.7,516.8,0.56,18951200,525.8,514.9,939.4,442.8
2026-08-17 14:40:34,2026-08-17 14:25,520.4,516.8,0.7,19052200,525.8,514.9,939.4,442.8
2026-08-17 14:45:33,2026-08-17 14:30,521.3,516.8,0.87,19253400,525.8,514.9,939.4,442.8
2026-08-17 14:50:33,2026-08-17 14:35,521.3,516.8,0.87,19379100,525.8,514.9,939.4,442.8
2026-08-17 14:55:33,2026-08-17 14:40,521.8,516.8,0.97,19533400,525.8,514.9,939.4,442.8
2026-08-17 15:00:35,2026-08-17 14:45,522.7,516.8,1.14,19865700,525.8,514.9,939.4,442.8
2026-08-17 15:05:33,2026-08-17 14:50,523.6,516.8,1.32,20310600,525.8,514.9,939.4,442.8
2026-08-17 15:10:33,2026-08-17 14:55,524.8,516.8,1.55,20680700,525.8,514.9,939.4,442.8
2026-08-17 15:15:34,2026-08-17 15:00,524.5,516.8,1.49,20929300,525.8,514.9,939.4,442.8
2026-08-17 15:20:33,2026-08-17 15:05,524.4,516.8,1.47,21116700,525.8,514.9,939.4,442.8
2026-08-17 15:25:41,2026-08-17 15:10,524.3,516.8,1.45,21269400,525.8,514.9,939.4,442.8
2026-08-17 15:30:33,2026-08-17 15:15,525.4,516.8,1.66,22095600,526.0,514.9,939.4,442.8
2026-08-17 15:40:42,2026-08-17 15:24,524.0,516.8,1.39,22964800,526.0,514.9,939.4,442.8
2026-08-18 09:05:37,2026-08-17 15:30,522.7,516.8,1.14,24603600,526.0,514.9,939.4,442.8
2026-08-18 09:11:31,2026-08-17 15:30,522.7,516.8,1.14,24603600,526.0,514.9,939.4,442.8
2026-08-18 09:15:36,2026-08-18 09:00,522.7,516.8,1.14,25901000,520.0,516.4,939.4,442.8
2026-08-18 09:20:36,2026-08-18 09:05,522.0,522.7,-0.13,3328000,523.8,514.6,939.4,442.8
2026-08-18 09:25:44,2026-08-18 09:10,525.2,522.7,0.48,4372700,525.9,514.6,939.4,442.8
2026-08-18 09:46:04,2026-08-18 09:31,528.6,522.7,1.13,9208600,531.9,514.6,939.4,442.8
2026-08-18 09:52:20,2026-08-18 09:37,524.3,522.7,0.31,10257300,531.9,514.6,939.4,442.8
2026-08-18 09:55:34,2026-08-18 09:40,524.0,522.7,0.25,10615500,531.9,514.6,939.4,442.8
2026-08-18 10:00:37,2026-08-18 09:45,525.5,522.7,0.54,10834800,531.9,514.6,939.4,442.8
2026-08-18 10:05:36,2026-08-18 09:50,525.0,522.7,0.44,11158200,531.9,514.6,939.4,442.8
2026-08-18 10:10:53,2026-08-18 09:55,524.6,522.7,0.36,11438600,531.9,514.6,939.4,442.8
2026-08-18 10:15:37,2026-08-18 10:00,523.5,522.7,0.15,11739800,531.9,514.6,939.4,442.8
2026-08-18 10:31:41,2026-08-18 10:16,525.5,522.7,0.54,12537400,531.9,514.6,939.4,442.8
2026-08-18 10:33:36,2026-08-18 10:18,526.4,522.7,0.71,12638200,531.9,514.6,939.4,442.8
2026-08-18 10:41:00,2026-08-18 10:25,529.1,522.7,1.22,13256100,531.9,514.6,939.4,442.8
2026-08-18 10:41:40,2026-08-18 10:26,529.1,522.7,1.22,13337600,531.9,514.6,939.4,442.8
2026-08-18 10:45:40,2026-08-18 10:30,529.0,522.7,1.21,13619200,531.9,514.6,939.4,442.8
2026-08-18 11:21:15,2026-08-18 11:06,536.8,522.7,2.7,18973400,537.5,514.6,939.4,442.8
2026-08-18 11:25:37,2026-08-18 11:10,535.8,522.7,2.51,19729600,537.5,514.6,939.4,442.8
2026-08-18 12:42:00,2026-08-18 11:30,534.8,522.7,2.31,21367600,537.5,514.6,939.4,442.8
2026-08-18 12:47:11,2026-08-18 12:32,532.8,522.7,1.93,21938300,537.5,514.6,939.4,442.8
2026-08-18 12:50:43,2026-08-18 12:35,533.1,522.7,1.99,22167400,537.5,514.6,939.4,442.8
2026-08-18 12:55:52,2026-08-18 12:40,533.7,522.7,2.1,22585300,537.5,514.6,939.4,442.8
2026-08-18 13:02:56,2026-08-18 12:47,534.1,522.7,2.18,22890400,537.5,514.6,939.4,442.8
2026-08-18 13:05:41,2026-08-18 12:50,534.2,522.7,2.2,22966300,537.5,514.6,939.4,442.8
2026-08-18 13:10:58,2026-08-18 12:55,534.0,522.7,2.16,23088500,537.5,514.6,939.4,442.8
2026-08-18 13:16:26,2026-08-18 13:01,533.6,522.7,2.09,23276400,537.5,514.6,939.4,442.8
2026-08-18 13:22:09,2026-08-18 13:07,534.1,522.7,2.18,23585300,537.5,514.6,939.4,442.8
2026-08-18 13:25:55,2026-08-18 13:10,534.4,522.7,2.24,23755400,537.5,514.6,939.4,442.8
2026-08-18 13:30:42,2026-08-18 13:15,533.5,522.7,2.07,23970100,537.5,514.6,939.4,442.8
2026-08-18 13:35:31,2026-08-18 13:20,532.9,522.7,1.95,24158500,537.5,514.6,939.4,442.8
2026-08-18 13:40:37,2026-08-18 13:25,533.2,522.7,2.01,24465500,537.5,514.6,939.4,442.8
2026-08-18 13:45:36,2026-08-18 13:30,533.7,522.7,2.1,24597200,537.5,514.6,939.4,442.8
2026-08-18 13:50:34,2026-08-18 13:35,533.3,522.7,2.03,24828900,537.5,514.6,939.4,442.8
2026-08-18 13:55:36,2026-08-18 13:40,533.1,522.7,1.99,24917000,537.5,514.6,939.4,442.8
2026-08-18 14:00:40,2026-08-18 13:45,532.5,522.7,1.87,25068300,537.5,514.6,939.4,442.8
2026-08-18 14:05:37,2026-08-18 13:50,532.3,522.7,1.84,25185000,537.5,514.6,939.4,442.8
2026-08-18 14:10:42,2026-08-18 13:55,531.7,522.7,1.72,25338900,537.5,514.6,939.4,442.8
2026-08-18 14:15:36,2026-08-18 14:00,531.3,522.7,1.65,25487600,537.5,514.6,939.4,442.8
2026-08-18 14:20:35,2026-08-18 14:05,530.0,522.7,1.4,25927200,537.5,514.6,939.4,442.8
2026-08-18 14:26:06,2026-08-18 14:11,529.0,522.7,1.21,26221400,537.5,514.6,939.4,442.8
2026-08-18 14:30:40,2026-08-18 14:15,529.0,522.7,1.21,26403600,537.5,514.6,939.4,442.8
2026-08-18 14:35:29,2026-08-18 14:20,528.9,522.7,1.19,26597200,537.5,514.6,939.4,442.8
2026-08-18 14:42:13,2026-08-18 14:27,529.2,522.7,1.24,26792900,537.5,514.6,939.4,442.8
2026-08-18 14:45:38,2026-08-18 14:30,529.7,522.7,1.34,26993600,537.5,514.6,939.4,442.8
2026-08-18 14:51:08,2026-08-18 14:36,530.2,522.7,1.43,27464600,537.5,514.6,939.4,442.8
2026-08-18 14:55:38,2026-08-18 14:40,530.3,522.7,1.45,27592800,537.5,514.6,939.4,442.8
2026-08-18 15:00:39,2026-08-18 14:45,530.4,522.7,1.47,27823600,537.5,514.6,939.4,442.8
2026-08-18 15:08:15,2026-08-18 14:53,528.3,522.7,1.07,28307600,537.5,514.6,939.4,442.8
2026-08-18 15:10:41,2026-08-18 14:55,528.4,522.7,1.09,28367600,537.5,514.6,939.4,442.8
2026-08-18 15:15:40,2026-08-18 15:00,526.2,522.7,0.67,28989600,537.5,514.6,939.4,442.8
2026-08-18 15:20:33,2026-08-18 15:05,523.8,522.7,0.21,29749500,537.5,514.6,939.4,442.8
2026-08-18 15:25:54,2026-08-18 15:10,524.0,522.7,0.25,30653200,537.5,514.6,939.4,442.8
2026-08-18 15:30:36,2026-08-18 15:15,524.4,522.7,0.33,30973400,537.5,514.6,939.4,442.8
2026-08-18 15:40:39,2026-08-18 15:24,523.0,522.7,0.06,31724300,537.5,514.6,939.4,442.8
2026-08-19 09:05:36,2026-08-18 15:30,524.5,522.7,0.34,33341900,537.5,514.6,939.4,442.8
2026-08-19 09:10:42,2026-08-18 15:30,524.5,522.7,0.34,33341900,537.5,514.6,939.4,442.8
2026-08-19 09:15:36,2026-08-19 09:00,524.5,522.7,0.34,34784500,522.7,517.8,939.4,442.8
2026-08-19 09:20:31,2026-08-19 09:05,517.8,524.5,-1.28,2582900,522.7,517.5,939.4,442.8
2026-08-19 09:26:03,2026-08-19 09:11,515.5,524.5,-1.72,4324500,522.7,515.5,939.4,442.8
2026-08-19 09:30:39,2026-08-19 09:15,513.4,524.5,-2.12,6006400,522.7,512.7,939.4,442.8
2026-08-19 09:35:39,2026-08-19 09:20,511.8,524.5,-2.42,7299200,522.7,510.7,939.4,442.8
2026-08-19 09:40:31,2026-08-19 09:25,511.9,524.5,-2.4,8071500,522.7,510.6,939.4,442.8
2026-08-19 09:45:35,2026-08-19 09:30,513.3,524.5,-2.14,8713500,522.7,510.6,939.4,442.8
2026-08-19 09:50:44,2026-08-19 09:35,513.8,524.5,-2.04,9150000,522.7,510.6,939.4,442.8
2026-08-19 09:56:25,2026-08-19 09:41,514.0,524.5,-2.0,9652100,522.7,510.6,939.4,442.8
2026-08-19 10:00:44,2026-08-19 09:45,513.1,524.5,-2.17,10056800,522.7,510.6,939.4,442.8
2026-08-19 10:05:44,2026-08-19 09:50,515.5,524.5,-1.72,10758300,522.7,510.6,939.4,442.8
2026-08-19 10:11:02,2026-08-19 09:56,518.1,524.5,-1.22,11411700,522.7,510.6,939.4,442.8
2026-08-19 10:15:30,2026-08-19 10:00,514.5,524.5,-1.91,12087400,522.7,510.6,939.4,442.8
2026-08-19 10:20:34,2026-08-19 10:05,514.4,524.5,-1.93,12314100,522.7,510.6,939.4,442.8
2026-08-19 10:25:37,2026-08-19 10:10,514.0,524.5,-2.0,13190000,522.7,510.6,939.4,442.8
2026-08-19 10:30:44,2026-08-19 10:15,512.9,524.5,-2.21,13549700,522.7,510.6,939.4,442.8
2026-08-19 10:35:38,2026-08-19 10:20,512.2,524.5,-2.35,13900000,522.7,510.6,939.4,442.8
2026-08-19 10:40:43,2026-08-19 10:25,511.1,524.5,-2.55,14557100,522.7,510.6,939.4,442.8
2026-08-19 10:45:35,2026-08-19 10:30,511.1,524.5,-2.55,14933800,522.7,510.6,939.4,442.8
2026-08-19 10:50:40,2026-08-19 10:35,511.0,524.5,-2.57,15178700,522.7,510.6,939.4,442.8
2026-08-19 11:11:52,2026-08-19 10:56,507.4,524.5,-3.26,18507100,522.7,505.9,939.4,442.8
2026-08-19 11:16:03,2026-08-19 11:01,508.3,524.5,-3.09,18687000,522.7,505.9,939.4,442.8
2026-08-19 11:22:14,2026-08-19 11:07,508.3,524.5,-3.09,19266900,522.7,505.9,939.4,442.8
2026-08-19 12:45:53,2026-08-19 12:30,510.3,524.5,-2.71,20676700,522.7,505.9,939.4,442.8
2026-08-19 12:51:30,2026-08-19 12:36,510.6,524.5,-2.65,21128100,522.7,505.9,939.4,442.8
2026-08-19 12:55:30,2026-08-19 12:40,509.3,524.5,-2.9,21435500,522.7,505.9,939.4,442.8
2026-08-19 13:06:28,2026-08-19 12:51,507.0,524.5,-3.34,22366000,522.7,505.9,939.4,442.8
2026-08-19 13:07:05,2026-08-19 12:52,506.9,524.5,-3.36,22405900,522.7,505.9,939.4,442.8
2026-08-19 13:10:44,2026-08-19 12:55,507.0,524.5,-3.34,22600700,522.7,505.9,939.4,442.8
2026-08-19 13:15:35,2026-08-19 13:00,506.3,524.5,-3.47,22852800,522.7,505.9,939.4,442.8
2026-08-19 13:20:33,2026-08-19 13:05,504.6,524.5,-3.79,23616200,522.7,504.6,939.4,442.8
2026-08-19 13:25:34,2026-08-19 13:10,503.6,524.5,-3.98,24038600,522.7,503.5,939.4,442.8
2026-08-19 13:33:29,2026-08-19 13:18,503.8,524.5,-3.95,24596900,522.7,502.7,939.4,442.8
2026-08-19 13:38:57,2026-08-19 13:23,504.0,524.5,-3.91,24856300,522.7,502.7,939.4,442.8
2026-08-19 13:43:32,2026-08-19 13:28,504.1,524.5,-3.89,25079800,522.7,502.7,939.4,442.8
2026-08-19 13:57:06,2026-08-19 13:42,501.6,524.5,-4.37,28433900,522.7,499.5,939.4,442.8
2026-08-19 14:03:37,2026-08-19 13:48,501.3,524.5,-4.42,28986900,522.7,499.5,939.4,442.8
2026-08-19 14:20:56,2026-08-19 14:05,500.4,524.5,-4.59,30205800,522.7,499.5,939.4,442.8
2026-08-19 14:24:09,2026-08-19 14:08,500.1,524.5,-4.65,30329200,522.7,499.5,939.4,442.8
2026-08-19 14:27:55,2026-08-19 14:12,499.9,524.5,-4.69,30608100,522.7,499.5,939.4,442.8
2026-08-19 14:33:11,2026-08-19 14:18,498.7,524.5,-4.92,31283200,522.7,498.6,939.4,442.8
2026-08-19 14:35:36,2026-08-19 14:20,500.0,524.5,-4.67,31466500,522.7,498.4,939.4,442.8
2026-08-19 14:49:48,2026-08-19 14:34,501.7,524.5,-4.35,32189700,522.7,498.4,939.4,442.8
2026-08-19 14:50:31,2026-08-19 14:35,501.2,524.5,-4.44,32241400,522.7,498.4,939.4,442.8
2026-08-19 14:51:13,2026-08-19 14:36,500.9,524.5,-4.5,32291500,522.7,498.4,939.4,442.8
2026-08-19 14:55:41,2026-08-19 14:40,500.4,524.5,-4.59,32760200,522.7,498.4,939.4,442.8
2026-08-19 15:00:31,2026-08-19 14:45,501.2,524.5,-4.44,32981500,522.7,498.4,939.4,442.8
2026-08-19 15:05:43,2026-08-19 14:50,501.5,524.5,-4.39,33192800,522.7,498.4,939.4,442.8
2026-08-19 15:10:44,2026-08-19 14:55,502.6,524.5,-4.18,33510300,522.7,498.4,939.4,442.8
2026-08-19 15:16:12,2026-08-19 15:01,503.6,524.5,-3.98,33903800,522.7,498.4,939.4,442.8
2026-08-19 15:20:54,2026-08-19 15:05,502.5,524.5,-4.19,34119000,522.7,498.4,939.4,442.8
2026-08-19 15:41:41,2026-08-19 15:24,502.9,524.5,-4.12,35871600,522.7,498.4,939.4,442.8
2026-08-20 09:06:41,2026-08-19 15:30,502.0,524.5,-4.29,38210600,522.7,498.4,939.4,442.8
2026-08-20 09:10:47,2026-08-19 15:30,502.0,524.5,-4.29,38210600,522.7,498.4,939.4,442.8
2026-08-20 09:15:39,2026-08-19 15:30,502.0,524.5,-4.29,38210600,522.7,498.4,939.4,442.8
2026-08-20 09:21:42,2026-08-20 09:06,518.8,502.0,3.35,4543200,521.2,514.6,939.4,442.8
2026-08-20 09:25:34,2026-08-20 09:10,523.9,502.0,4.36,6542500,524.6,514.6,939.4,442.8
2026-08-20 09:30:36,2026-08-20 09:15,527.2,502.0,5.02,8833200,527.4,514.6,939.4,442.8
2026-08-20 09:35:45,2026-08-20 09:20,526.4,502.0,4.86,9884600,527.4,514.6,939.4,442.8
2026-08-20 09:40:32,2026-08-20 09:25,523.0,502.0,4.18,10735100,527.4,514.6,939.4,442.8
2026-08-20 09:45:40,2026-08-20 09:30,519.9,502.0,3.57,11511800,527.4,514.6,939.4,442.8
2026-08-20 09:50:36,2026-08-20 09:35,521.8,502.0,3.94,12103300,527.4,514.6,939.4,442.8
2026-08-20 09:56:42,2026-08-20 09:41,522.2,502.0,4.02,12643000,527.4,514.6,939.4,442.8
2026-08-20 10:00:40,2026-08-20 09:45,521.9,502.0,3.96,12885400,527.4,514.6,939.4,442.8
2026-08-20 10:05:42,2026-08-20 09:50,523.2,502.0,4.22,13190200,527.4,514.6,939.4,442.8
2026-08-20 10:10:36,2026-08-20 09:55,524.4,502.0,4.46,13735900,527.4,514.6,939.4,442.8
2026-08-20 10:15:35,2026-08-20 10:00,530.9,502.0,5.76,16660600,531.0,514.6,939.4,442.8
2026-08-20 10:20:44,2026-08-20 10:05,530.9,502.0,5.76,17558500,531.9,514.6,939.4,442.8
2026-08-20 10:25:38,2026-08-20 10:10,533.6,502.0,6.29,18586700,534.0,514.6,939.4,442.8
2026-08-20 10:30:38,2026-08-20 10:15,533.5,502.0,6.27,19170000,534.0,514.6,939.4,442.8
2026-08-20 10:35:50,2026-08-20 10:20,533.4,502.0,6.25,19785500,534.0,514.6,939.4,442.8
2026-08-20 10:40:34,2026-08-20 10:25,532.6,502.0,6.1,20378500,534.0,514.6,939.4,442.8
2026-08-20 10:45:38,2026-08-20 10:30,533.7,502.0,6.31,21090100,534.2,514.6,939.4,442.8
2026-08-20 10:50:31,2026-08-20 10:35,533.6,502.0,6.29,21518000,534.6,514.6,939.4,442.8
2026-08-20 10:55:32,2026-08-20 10:40,533.6,502.0,6.29,21977300,534.9,514.6,939.4,442.8
2026-08-20 11:00:40,2026-08-20 10:45,533.0,502.0,6.18,22352700,534.9,514.6,939.4,442.8
2026-08-20 11:05:35,2026-08-20 10:50,532.2,502.0,6.02,22701000,534.9,514.6,939.4,442.8
2026-08-20 11:10:45,2026-08-20 10:55,531.6,502.0,5.9,22966500,534.9,514.6,939.4,442.8
2026-08-20 11:15:41,2026-08-20 11:00,531.3,502.0,5.84,23296700,534.9,514.6,939.4,442.8
2026-08-20 11:20:44,2026-08-20 11:05,530.1,502.0,5.6,23657000,534.9,514.6,939.4,442.8
2026-08-20 11:25:42,2026-08-20 11:10,529.5,502.0,5.48,24027200,534.9,514.6,939.4,442.8
2026-08-20 11:30:41,2026-08-20 11:15,528.5,502.0,5.28,24408500,534.9,514.6,939.4,442.8
2026-08-20 12:30:32,2026-08-20 11:30,526.2,502.0,4.82,25338600,534.9,514.6,939.4,442.8
2026-08-20 12:35:30,2026-08-20 11:30,526.2,502.0,4.82,25338600,534.9,514.6,939.4,442.8
2026-08-20 12:40:38,2026-08-20 11:30,526.2,502.0,4.82,25338600,534.9,514.6,939.4,442.8
2026-08-20 12:46:45,2026-08-20 12:31,524.2,502.0,4.42,25888800,534.9,514.6,939.4,442.8
2026-08-20 12:50:32,2026-08-20 12:35,522.9,502.0,4.16,26193300,534.9,514.6,939.4,442.8
2026-08-20 12:55:36,2026-08-20 12:39,523.5,502.0,4.28,26510400,534.9,514.6,939.4,442.8
2026-08-20 13:00:29,2026-08-20 12:45,522.6,502.0,4.1,26826800,534.9,514.6,939.4,442.8
2026-08-20 13:05:42,2026-08-20 12:50,521.6,502.0,3.9,27217500,534.9,514.6,939.4,442.8
2026-08-20 13:20:14,2026-08-20 13:05,521.3,502.0,3.84,28764800,534.9,514.6,939.4,442.8
2026-08-20 13:20:50,2026-08-20 13:05,521.3,502.0,3.84,28872800,534.9,514.6,939.4,442.8
2026-08-20 13:25:32,2026-08-20 13:10,520.8,502.0,3.75,29070700,534.9,514.6,939.4,442.8
2026-08-20 13:30:32,2026-08-20 13:15,521.9,502.0,3.96,29339400,534.9,514.6,939.4,442.8
2026-08-20 13:35:33,2026-08-20 13:20,522.1,502.0,4.0,29697700,534.9,514.6,939.4,442.8
2026-08-20 13:40:41,2026-08-20 13:25,523.0,502.0,4.18,30267300,534.9,514.6,939.4,442.8
2026-08-20 13:45:42,2026-08-20 13:30,522.7,502.0,4.12,30447300,534.9,514.6,939.4,442.8
2026-08-20 13:50:37,2026-08-20 13:35,522.1,502.0,4.0,30586800,534.9,514.6,939.4,442.8
2026-08-20 13:55:34,2026-08-20 13:40,522.8,502.0,4.14,30803500,534.9,514.6,939.4,442.8
2026-08-20 14:00:41,2026-08-20 13:45,522.5,502.0,4.08,31000500,534.9,514.6,939.4,442.8
2026-08-20 14:05:40,2026-08-20 13:50,522.2,502.0,4.02,31105200,534.9,514.6,939.4,442.8
2026-08-20 14:10:45,2026-08-20 13:55,523.3,502.0,4.24,31295500,534.9,514.6,939.4,442.8
2026-08-20 14:15:37,2026-08-20 14:00,524.0,502.0,4.38,31805200,534.9,514.6,939.4,442.8
2026-08-20 14:20:43,2026-08-20 14:05,523.8,502.0,4.34,32013700,534.9,514.6,939.4,442.8
2026-08-20 14:25:32,2026-08-20 14:10,523.7,502.0,4.32,32143600,534.9,514.6,939.4,442.8
2026-08-20 14:30:48,2026-08-20 14:15,523.6,502.0,4.3,32225800,534.9,514.6,939.4,442.8
2026-08-20 14:35:50,2026-08-20 14:19,524.4,502.0,4.46,32328100,534.9,514.6,939.4,442.8
2026-08-20 14:40:36,2026-08-20 14:25,526.0,502.0,4.78,32817300,534.9,514.6,939.4,442.8
2026-08-20 14:45:30,2026-08-20 14:30,525.1,502.0,4.6,33035800,534.9,514.6,939.4,442.8
2026-08-20 14:50:30,2026-08-20 14:35,526.3,502.0,4.84,33265200,534.9,514.6,939.4,442.8
2026-08-20 14:55:42,2026-08-20 14:40,526.5,502.0,4.88,33611000,534.9,514.6,939.4,442.8
2026-08-20 15:00:30,2026-08-20 14:45,524.3,502.0,4.44,33851100,534.9,514.6,939.4,442.8
2026-08-20 15:05:40,2026-08-20 14:50,524.8,502.0,4.54,34159300,534.9,514.6,939.4,442.8
2026-08-20 15:10:47,2026-08-20 14:55,523.5,502.0,4.28,34405500,534.9,514.6,939.4,442.8
2026-08-20 15:15:40,2026-08-20 15:00,524.8,502.0,4.54,34672800,534.9,514.6,939.4,442.8
2026-08-20 15:20:44,2026-08-20 15:05,525.1,502.0,4.6,34998700,534.9,514.6,939.4,442.8
2026-08-20 15:25:33,2026-08-20 15:10,525.2,502.0,4.62,35250500,534.9,514.6,939.4,442.8
2026-08-20 15:30:34,2026-08-20 15:15,525.5,502.0,4.68,35593200,534.9,514.6,939.4,442.8
2026-08-20 15:40:35,2026-08-20 15:24,524.6,502.0,4.5,36572300,534.9,514.6,939.4,442.8
2026-08-21 09:05:34,2026-08-20 15:30,524.9,502.0,4.56,38563900,534.9,514.6,939.4,442.8
2026-08-21 09:10:47,2026-08-20 15:30,524.9,502.0,4.56,38563900,534.9,514.6,939.4,442.8
2026-08-21 09:15:29,2026-08-21 09:00,524.9,502.0,4.56,39417400,524.9,520.2,939.4,442.8
2026-08-21 09:20:33,2026-08-21 09:05,525.3,524.9,0.08,2935300,526.7,518.8,939.4,442.8
2026-08-21 09:25:29,2026-08-21 09:10,529.1,524.9,0.8,4446200,530.8,518.8,939.4,442.8
2026-08-21 09:30:32,2026-08-21 09:15,529.8,524.9,0.93,5334900,531.9,518.8,939.4,442.8
2026-08-21 09:35:44,2026-08-21 09:20,529.9,524.9,0.95,6128500,531.9,518.8,939.4,442.8
2026-08-21 09:40:39,2026-08-21 09:25,531.2,524.9,1.2,6817600,531.9,518.8,939.4,442.8
2026-08-21 09:45:38,2026-08-21 09:30,533.0,524.9,1.54,7693600,533.1,518.8,939.4,442.8
2026-08-21 09:50:34,2026-08-21 09:35,533.3,524.9,1.6,8381500,534.0,518.8,939.4,442.8
2026-08-21 09:55:33,2026-08-21 09:40,535.6,524.9,2.04,9948800,536.3,518.8,939.4,442.8
2026-08-21 10:00:36,2026-08-21 09:45,533.7,524.9,1.68,10602000,536.3,518.8,939.4,442.8
2026-08-21 10:05:37,2026-08-21 09:50,533.8,524.9,1.7,11013500,536.3,518.8,939.4,442.8
2026-08-21 10:10:32,2026-08-21 09:55,533.3,524.9,1.6,11830200,536.3,518.8,939.4,442.8
2026-08-21 10:15:37,2026-08-21 10:00,535.1,524.9,1.94,12438500,536.3,518.8,939.4,442.8
2026-08-21 10:20:34,2026-08-21 10:05,538.9,524.9,2.67,14467900,539.1,518.8,939.4,442.8
2026-08-21 10:25:45,2026-08-21 10:10,540.0,524.9,2.88,16276600,540.6,518.8,939.4,442.8
2026-08-21 10:30:39,2026-08-21 10:15,540.9,524.9,3.05,17400500,541.1,518.8,939.4,442.8
2026-08-21 10:35:40,2026-08-21 10:20,540.3,524.9,2.93,17980200,541.7,518.8,939.4,442.8
2026-08-21 10:40:44,2026-08-21 10:25,540.2,524.9,2.91,18671300,541.7,518.8,939.4,442.8
2026-08-21 10:45:39,2026-08-21 10:30,539.0,524.9,2.69,19237100,541.7,518.8,939.4,442.8
2026-08-21 10:50:35,2026-08-21 10:35,539.5,524.9,2.78,19578900,541.7,518.8,939.4,442.8
2026-08-21 10:55:40,2026-08-21 10:40,540.5,524.9,2.97,20181600,541.7,518.8,939.4,442.8
2026-08-21 11:00:32,2026-08-21 10:45,538.9,524.9,2.67,20738900,541.7,518.8,939.4,442.8
2026-08-21 11:05:35,2026-08-21 10:50,537.9,524.9,2.48,21164800,541.7,518.8,939.4,442.8
2026-08-21 11:10:32,2026-08-21 10:55,538.3,524.9,2.55,21499000,541.7,518.8,939.4,442.8
2026-08-21 11:15:29,2026-08-21 11:00,538.2,524.9,2.53,21921500,541.7,518.8,939.4,442.8
2026-08-21 11:20:31,2026-08-21 11:05,539.3,524.9,2.74,22225100,541.7,518.8,939.4,442.8
2026-08-21 11:25:36,2026-08-21 11:10,538.2,524.9,2.53,22663400,541.7,518.8,939.4,442.8
2026-08-21 11:30:49,2026-08-21 11:15,539.8,524.9,2.84,22929300,541.7,518.8,939.4,442.8
2026-08-21 12:30:42,2026-08-21 11:30,541.2,524.9,3.11,24322500,541.7,518.8,939.4,442.8
2026-08-21 12:35:32,2026-08-21 11:30,541.2,524.9,3.11,24322500,541.7,518.8,939.4,442.8
2026-08-21 12:40:30,2026-08-21 11:30,541.2,524.9,3.11,24322500,541.7,518.8,939.4,442.8
2026-08-21 12:45:36,2026-08-21 12:30,543.9,524.9,3.62,25685400,544.5,518.8,939.4,442.8
2026-08-21 12:50:34,2026-08-21 12:35,546.2,524.9,4.06,27716500,547.8,518.8,939.4,442.8
2026-08-21 12:55:31,2026-08-21 12:40,546.5,524.9,4.12,28476300,547.8,518.8,939.4,442.8
2026-08-21 13:00:36,2026-08-21 12:45,545.4,524.9,3.91,29269800,547.8,518.8,939.4,442.8
2026-08-21 13:05:37,2026-08-21 12:50,545.5,524.9,3.92,30064800,547.8,518.8,939.4,442.8
2026-08-21 13:10:34,2026-08-21 12:55,544.4,524.9,3.71,30465900,547.8,518.8,939.4,442.8
2026-08-21 13:15:33,2026-08-21 13:00,543.8,524.9,3.6,30858800,547.8,518.8,939.4,442.8
2026-08-21 13:20:32,2026-08-21 13:05,544.2,524.9,3.68,31373500,547.8,518.8,939.4,442.8
2026-08-21 13:25:35,2026-08-21 13:10,546.7,524.9,4.15,32217800,547.8,518.8,939.4,442.8
2026-08-21 13:30:47,2026-08-21 13:15,548.0,524.9,4.4,32895000,548.3,518.8,939.4,442.8
2026-08-21 13:35:42,2026-08-21 13:20,547.9,524.9,4.38,33547300,548.3,518.8,939.4,442.8
2026-08-21 13:40:38,2026-08-21 13:25,546.6,524.9,4.13,33910700,548.3,518.8,939.4,442.8
2026-08-21 13:45:36,2026-08-21 13:30,545.7,524.9,3.96,34330300,548.3,518.8,939.4,442.8
2026-08-21 13:50:35,2026-08-21 13:35,544.9,524.9,3.81,34802500,548.3,518.8,939.4,442.8
2026-08-21 13:55:35,2026-08-21 13:40,545.5,524.9,3.92,35083800,548.3,518.8,939.4,442.8
2026-08-21 14:00:32,2026-08-21 13:45,546.6,524.9,4.13,35612800,548.3,518.8,939.4,442.8
2026-08-21 14:05:38,2026-08-21 13:50,546.9,524.9,4.19,36040200,548.3,518.8,939.4,442.8
2026-08-21 14:10:33,2026-08-21 13:55,546.9,524.9,4.19,36585600,548.3,518.8,939.4,442.8
2026-08-21 14:15:34,2026-08-21 14:00,546.5,524.9,4.12,36816400,548.3,518.8,939.4,442.8
2026-08-21 14:20:30,2026-08-21 14:03,546.3,524.9,4.08,36962400,548.3,518.8,939.4,442.8
2026-08-21 14:25:48,2026-08-21 14:10,545.1,524.9,3.85,37612300,548.3,518.8,939.4,442.8
2026-08-21 14:30:35,2026-08-21 14:15,545.9,524.9,4.0,38130500,548.3,518.8,939.4,442.8
2026-08-21 14:35:44,2026-08-21 14:20,547.1,524.9,4.23,38770700,548.3,518.8,939.4,442.8
2026-08-21 14:40:31,2026-08-21 14:25,545.9,524.9,4.0,39180100,548.3,518.8,939.4,442.8
2026-08-21 14:45:36,2026-08-21 14:30,545.9,524.9,4.0,39424600,548.3,518.8,939.4,442.8
2026-08-21 14:50:37,2026-08-21 14:35,546.7,524.9,4.15,39646200,548.3,518.8,939.4,442.8
2026-08-21 14:55:32,2026-08-21 14:40,547.7,524.9,4.34,39983000,548.3,518.8,939.4,442.8
2026-08-21 15:00:32,2026-08-21 14:45,547.5,524.9,4.31,40965800,549.0,518.8,939.4,442.8
2026-08-21 15:05:33,2026-08-21 14:50,546.6,524.9,4.13,41298200,549.0,518.8,939.4,442.8
2026-08-21 15:10:35,2026-08-21 14:55,547.9,524.9,4.38,41842800,549.0,518.8,939.4,442.8
2026-08-21 15:15:33,2026-08-21 15:00,548.4,524.9,4.48,42290800,549.0,518.8,939.4,442.8
2026-08-21 15:21:13,2026-08-21 15:06,548.1,524.9,4.42,43299800,549.0,518.8,939.4,442.8
2026-08-21 15:25:36,2026-08-21 15:10,548.6,524.9,4.52,43585800,549.0,518.8,939.4,442.8
2026-08-21 15:30:47,2026-08-21 15:15,548.3,524.9,4.46,44520100,549.0,518.8,939.4,442.8
2026-08-21 15:40:39,2026-08-21 15:24,548.5,524.9,4.5,45859500,549.0,518.8,939.4,442.8
2026-08-24 09:05:32,2026-08-21 15:30,549.3,524.9,4.65,48502700,549.3,518.8,939.4,442.8
2026-08-24 09:10:44,2026-08-21 15:30,549.3,524.9,4.65,48502700,549.3,518.8,939.4,442.8
2026-08-24 09:15:38,2026-08-24 09:00,542.4,524.9,3.33,49983600,545.9,541.4,939.4,442.8
2026-08-24 09:20:34,2026-08-24 09:05,538.4,549.3,-1.98,3893900,545.9,536.5,939.4,442.8
2026-08-24 09:25:31,2026-08-24 09:10,538.5,549.3,-1.97,5225500,545.9,535.2,939.4,442.8
2026-08-24 09:30:32,2026-08-24 09:15,537.5,549.3,-2.15,6179600,545.9,535.2,939.4,442.8
2026-08-24 09:35:40,2026-08-24 09:20,536.0,549.3,-2.42,7613700,545.9,535.2,939.4,442.8
2026-08-24 09:40:37,2026-08-24 09:25,536.0,549.3,-2.42,8775000,545.9,535.2,939.4,442.8
2026-08-24 09:45:30,2026-08-24 09:30,535.0,549.3,-2.6,10282000,545.9,534.6,939.4,442.8
2026-08-24 09:50:33,2026-08-24 09:35,535.8,549.3,-2.46,10973700,545.9,533.5,939.4,442.8
2026-08-24 09:55:42,2026-08-24 09:40,534.2,549.3,-2.75,11492600,545.9,533.5,939.4,442.8
2026-08-24 10:00:38,2026-08-24 09:45,533.2,549.3,-2.93,12457100,545.9,532.9,939.4,442.8
2026-08-24 10:05:40,2026-08-24 09:50,531.7,549.3,-3.2,13435100,545.9,531.2,939.4,442.8
2026-08-24 10:10:31,2026-08-24 09:55,531.3,549.3,-3.28,14223100,545.9,530.1,939.4,442.8
2026-08-24 10:15:42,2026-08-24 10:00,530.2,549.3,-3.48,15287700,545.9,529.7,939.4,442.8
2026-08-24 10:20:36,2026-08-24 10:02,528.4,549.3,-3.8,15657500,545.9,528.4,939.4,442.8
2026-08-24 10:25:57,2026-08-24 10:10,528.5,549.3,-3.79,16805800,545.9,527.0,939.4,442.8
2026-08-24 10:30:37,2026-08-24 10:15,527.9,549.3,-3.9,17306300,545.9,527.0,939.4,442.8
2026-08-24 10:35:45,2026-08-24 10:20,527.2,549.3,-4.02,18022400,545.9,526.3,939.4,442.8
2026-08-24 10:40:40,2026-08-24 10:25,527.0,549.3,-4.06,18337700,545.9,526.3,939.4,442.8
2026-08-24 10:45:43,2026-08-24 10:30,526.3,549.3,-4.19,19009800,545.9,525.5,939.4,442.8
2026-08-24 10:50:32,2026-08-24 10:35,529.6,549.3,-3.59,20160700,545.9,525.5,939.4,442.8
2026-08-24 10:55:41,2026-08-24 10:40,532.3,549.3,-3.09,20848800,545.9,525.5,939.4,442.8
2026-08-24 11:00:35,2026-08-24 10:45,535.3,549.3,-2.55,21742900,545.9,525.5,939.4,442.8
2026-08-24 11:05:39,2026-08-24 10:50,535.7,549.3,-2.48,22623700,545.9,525.5,939.4,442.8
2026-08-24 11:10:42,2026-08-24 10:55,536.8,549.3,-2.28,23475000,545.9,525.5,939.4,442.8
2026-08-24 11:15:36,2026-08-24 11:00,536.3,549.3,-2.37,24178000,545.9,525.5,939.4,442.8
2026-08-24 11:20:46,2026-08-24 11:05,532.9,549.3,-2.99,24803700,545.9,525.5,939.4,442.8
2026-08-24 11:25:32,2026-08-24 11:10,532.4,549.3,-3.08,25056100,545.9,525.5,939.4,442.8
2026-08-24 11:30:35,2026-08-24 11:15,531.6,549.3,-3.22,25421700,545.9,525.5,939.4,442.8
2026-08-24 12:30:32,2026-08-24 11:30,531.5,549.3,-3.24,26178300,545.9,525.5,939.4,442.8
2026-08-24 12:35:40,2026-08-24 11:30,531.5,549.3,-3.24,26178300,545.9,525.5,939.4,442.8
2026-08-24 12:40:39,2026-08-24 11:30,531.5,549.3,-3.24,26178300,545.9,525.5,939.4,442.8
2026-08-24 12:45:38,2026-08-24 11:30,531.5,549.3,-3.24,26178300,545.9,525.5,939.4,442.8
2026-08-24 12:50:35,2026-08-24 12:35,532.7,549.3,-3.02,27507900,545.9,525.5,939.4,442.8
2026-08-24 12:55:31,2026-08-24 12:40,535.8,549.3,-2.46,28581800,545.9,525.5,939.4,442.8
2026-08-24 13:00:36,2026-08-24 12:45,536.0,549.3,-2.42,29368300,545.9,525.5,939.4,442.8
2026-08-24 13:05:40,2026-08-24 12:50,536.7,549.3,-2.29,30117600,545.9,525.5,939.4,442.8
2026-08-24 13:10:35,2026-08-24 12:55,536.5,549.3,-2.33,30687400,545.9,525.5,939.4,442.8
2026-08-24 13:15:34,2026-08-24 13:00,537.7,549.3,-2.11,31224100,545.9,525.5,939.4,442.8
2026-08-24 13:20:34,2026-08-24 13:05,537.3,549.3,-2.18,31829500,545.9,525.5,939.4,442.8
2026-08-24 13:25:41,2026-08-24 13:10,535.9,549.3,-2.44,32216200,545.9,525.5,939.4,442.8
2026-08-24 13:30:36,2026-08-24 13:15,536.0,549.3,-2.42,32430800,545.9,525.5,939.4,442.8
2026-08-24 13:35:33,2026-08-24 13:20,535.3,549.3,-2.55,32650700,545.9,525.5,939.4,442.8
2026-08-24 13:40:37,2026-08-24 13:25,535.3,549.3,-2.55,33010500,545.9,525.5,939.4,442.8
2026-08-24 13:45:35,2026-08-24 13:30,536.6,549.3,-2.31,33384300,545.9,525.5,939.4,442.8
2026-08-24 13:50:34,2026-08-24 13:35,535.6,549.3,-2.49,33672900,545.9,525.5,939.4,442.8
2026-08-24 13:55:31,2026-08-24 13:40,535.6,549.3,-2.49,33815300,545.9,525.5,939.4,442.8
2026-08-24 14:00:34,2026-08-24 13:45,536.7,549.3,-2.29,34309600,545.9,525.5,939.4,442.8
2026-08-24 14:05:33,2026-08-24 13:50,537.0,549.3,-2.24,34553300,545.9,525.5,939.4,442.8
2026-08-24 14:10:37,2026-08-24 13:55,535.6,549.3,-2.49,34942800,545.9,525.5,939.4,442.8
2026-08-24 14:15:41,2026-08-24 14:00,535.8,549.3,-2.46,35323900,545.9,525.5,939.4,442.8
2026-08-24 14:20:35,2026-08-24 14:05,536.5,549.3,-2.33,35635900,545.9,525.5,939.4,442.8
2026-08-24 14:25:36,2026-08-24 14:10,536.8,549.3,-2.28,35788200,545.9,525.5,939.4,442.8
2026-08-24 14:30:35,2026-08-24 14:15,536.0,549.3,-2.42,35989500,545.9,525.5,939.4,442.8
2026-08-24 14:35:38,2026-08-24 14:20,535.7,549.3,-2.48,36343700,545.9,525.5,939.4,442.8
2026-08-24 14:40:42,2026-08-24 14:25,535.2,549.3,-2.57,36647700,545.9,525.5,939.4,442.8
2026-08-24 14:45:39,2026-08-24 14:30,535.1,549.3,-2.59,36776100,545.9,525.5,939.4,442.8
2026-08-24 14:50:39,2026-08-24 14:35,535.5,549.3,-2.51,37076100,545.9,525.5,939.4,442.8
2026-08-24 14:55:37,2026-08-24 14:40,535.9,549.3,-2.44,37363700,545.9,525.5,939.4,442.8
2026-08-24 15:00:36,2026-08-24 14:45,535.8,549.3,-2.46,37549400,545.9,525.5,939.4,442.8
2026-08-24 15:05:35,2026-08-24 14:50,535.5,549.3,-2.51,37670700,545.9,525.5,939.4,442.8
2026-08-24 15:10:50,2026-08-24 14:55,536.2,549.3,-2.38,38042900,545.9,525.5,939.4,442.8
2026-08-24 15:15:33,2026-08-24 15:00,537.6,549.3,-2.13,38438800,545.9,525.5,939.4,442.8
2026-08-24 15:20:42,2026-08-24 15:05,537.1,549.3,-2.22,39031900,545.9,525.5,939.4,442.8
2026-08-24 15:25:43,2026-08-24 15:10,536.2,549.3,-2.38,39322300,545.9,525.5,939.4,442.8
2026-08-24 15:30:36,2026-08-24 15:15,536.7,549.3,-2.29,39511900,545.9,525.5,939.4,442.8
2026-08-24 15:40:46,2026-08-24 15:24,535.5,549.3,-2.51,40386000,545.9,525.5,939.4,442.8
2026-08-25 09:05:51,2026-08-24 15:30,536.0,549.3,-2.42,42205800,545.9,525.5,939.4,442.8
2026-08-25 09:10:31,2026-08-24 15:30,536.0,549.3,-2.42,42205800,545.9,525.5,939.4,442.8
2026-08-25 09:16:20,2026-08-25 09:01,536.0,549.3,-2.42,43370800,542.9,537.0,939.4,442.8
2026-08-25 09:20:32,2026-08-25 09:05,538.8,536.0,0.52,2093700,542.9,535.6,939.4,442.8
2026-08-25 09:25:42,2026-08-25 09:10,536.5,536.0,0.09,3084800,542.9,535.5,939.4,442.8
2026-08-25 09:30:32,2026-08-25 09:15,536.9,536.0,0.17,4212700,542.9,533.8,939.4,442.8
2026-08-25 09:35:30,2026-08-25 09:20,535.5,536.0,-0.09,4965700,542.9,533.8,939.4,442.8
2026-08-25 09:40:35,2026-08-25 09:25,535.2,536.0,-0.15,5409700,542.9,533.5,939.4,442.8
2026-08-25 09:45:33,2026-08-25 09:30,533.3,536.0,-0.5,5997000,542.9,532.8,939.4,442.8
2026-08-25 09:50:31,2026-08-25 09:35,531.6,536.0,-0.82,6767200,542.9,531.1,939.4,442.8
2026-08-25 09:55:38,2026-08-25 09:40,528.0,536.0,-1.49,8078200,542.9,527.4,939.4,442.8
2026-08-25 10:00:34,2026-08-25 09:45,524.5,536.0,-2.15,10200300,542.9,524.2,939.4,442.8
2026-08-25 10:05:53,2026-08-25 09:50,524.9,536.0,-2.07,11396900,542.9,524.0,939.4,442.8
2026-08-25 10:10:47,2026-08-25 09:55,523.6,536.0,-2.31,12461200,542.9,522.7,939.4,442.8
2026-08-25 10:15:43,2026-08-25 10:00,524.3,536.0,-2.18,13166800,542.9,522.7,939.4,442.8
2026-08-25 10:20:34,2026-08-25 10:05,524.6,536.0,-2.13,13586800,542.9,522.7,939.4,442.8
2026-08-25 10:25:30,2026-08-25 10:10,521.5,536.0,-2.71,14680900,542.9,521.5,939.4,442.8
2026-08-25 10:30:32,2026-08-25 10:15,523.1,536.0,-2.41,15312100,542.9,521.5,939.4,442.8
2026-08-25 10:35:39,2026-08-25 10:20,523.6,536.0,-2.31,15684100,542.9,521.5,939.4,442.8
2026-08-25 10:40:40,2026-08-25 10:25,520.6,536.0,-2.87,16501500,542.9,520.2,939.4,442.8
2026-08-25 10:45:31,2026-08-25 10:30,521.7,536.0,-2.67,16933100,542.9,520.2,939.4,442.8
2026-08-25 10:50:35,2026-08-25 10:35,521.3,536.0,-2.74,17418000,542.9,520.2,939.4,442.8
2026-08-25 10:55:38,2026-08-25 10:40,522.5,536.0,-2.52,17805200,542.9,520.2,939.4,442.8
2026-08-25 11:00:34,2026-08-25 10:45,522.0,536.0,-2.61,18204000,542.9,520.2,939.4,442.8
2026-08-25 11:06:02,2026-08-25 10:51,521.3,536.0,-2.74,18447900,542.9,520.2,939.4,442.8
2026-08-25 11:10:36,2026-08-25 10:55,519.8,536.0,-3.02,19805400,542.9,519.1,939.4,442.8
2026-08-25 11:15:32,2026-08-25 11:00,520.9,536.0,-2.82,20126000,542.9,519.1,939.4,442.8
2026-08-25 11:20:36,2026-08-25 11:05,518.8,536.0,-3.21,21172800,542.9,518.0,939.4,442.8
2026-08-25 11:25:31,2026-08-25 11:10,517.7,536.0,-3.41,21865700,542.9,517.5,939.4,442.8
2026-08-25 11:30:39,2026-08-25 11:15,517.4,536.0,-3.47,22582600,542.9,516.8,939.4,442.8
2026-08-25 12:30:44,2026-08-25 11:30,516.1,536.0,-3.71,24327500,542.9,515.1,939.4,442.8
2026-08-25 12:35:50,2026-08-25 11:30,516.1,536.0,-3.71,24327500,542.9,515.1,939.4,442.8
2026-08-25 12:40:39,2026-08-25 11:30,516.1,536.0,-3.71,24327500,542.9,515.1,939.4,442.8
2026-08-25 12:45:34,2026-08-25 12:30,518.2,536.0,-3.32,24875400,542.9,515.1,939.4,442.8
2026-08-25 12:50:31,2026-08-25 12:35,518.2,536.0,-3.32,25514000,542.9,515.1,939.4,442.8
2026-08-25 12:55:34,2026-08-25 12:40,516.1,536.0,-3.71,26737700,542.9,515.1,939.4,442.8
2026-08-25 13:00:52,2026-08-25 12:45,514.4,536.0,-4.03,28503800,542.9,513.9,939.4,442.8
2026-08-25 13:06:22,2026-08-25 12:51,512.4,536.0,-4.4,29388500,542.9,512.1,939.4,442.8
2026-08-25 13:10:56,2026-08-25 12:55,512.4,536.0,-4.4,30176000,542.9,511.7,939.4,442.8
2026-08-25 13:15:35,2026-08-25 13:00,512.1,536.0,-4.46,30896900,542.9,511.7,939.4,442.8
2026-08-25 13:20:32,2026-08-25 13:05,512.8,536.0,-4.33,31751700,542.9,511.3,939.4,442.8
2026-08-25 13:25:50,2026-08-25 13:10,512.6,536.0,-4.37,32416600,542.9,511.3,939.4,442.8
2026-08-25 13:30:33,2026-08-25 13:15,514.4,536.0,-4.03,32866100,542.9,511.3,939.4,442.8
2026-08-25 13:35:32,2026-08-25 13:20,515.8,536.0,-3.77,33559700,542.9,511.3,939.4,442.8
2026-08-25 13:40:32,2026-08-25 13:25,517.8,536.0,-3.4,34355700,542.9,511.3,939.4,442.8
2026-08-25 13:45:30,2026-08-25 13:30,517.5,536.0,-3.45,35037500,542.9,511.3,939.4,442.8
2026-08-25 13:50:35,2026-08-25 13:35,519.4,536.0,-3.1,35611900,542.9,511.3,939.4,442.8
2026-08-25 13:55:39,2026-08-25 13:40,520.0,536.0,-2.99,36155400,542.9,511.3,939.4,442.8
2026-08-25 14:00:31,2026-08-25 13:45,520.2,536.0,-2.95,36643100,542.9,511.3,939.4,442.8
2026-08-25 14:05:30,2026-08-25 13:50,517.1,536.0,-3.53,37492100,542.9,511.3,939.4,442.8
2026-08-25 14:10:34,2026-08-25 13:55,518.8,536.0,-3.21,38034300,542.9,511.3,939.4,442.8
2026-08-25 14:15:42,2026-08-25 14:00,517.9,536.0,-3.38,38377600,542.9,511.3,939.4,442.8
2026-08-25 14:20:32,2026-08-25 14:05,517.4,536.0,-3.47,38669100,542.9,511.3,939.4,442.8
2026-08-25 14:25:34,2026-08-25 14:10,517.1,536.0,-3.53,39038100,542.9,511.3,939.4,442.8
2026-08-25 14:30:32,2026-08-25 14:15,517.9,536.0,-3.38,39305000,542.9,511.3,939.4,442.8
2026-08-25 14:35:39,2026-08-25 14:20,518.0,536.0,-3.36,39531500,542.9,511.3,939.4,442.8
2026-08-25 14:40:35,2026-08-25 14:25,516.6,536.0,-3.62,39931200,542.9,511.3,939.4,442.8
2026-08-25 14:45:35,2026-08-25 14:30,517.9,536.0,-3.38,40234000,542.9,511.3,939.4,442.8
2026-08-25 14:50:30,2026-08-25 14:35,517.9,536.0,-3.38,40491600,542.9,511.3,939.4,442.8
2026-08-25 14:55:31,2026-08-25 14:40,518.0,536.0,-3.36,40720100,542.9,511.3,939.4,442.8
2026-08-25 15:00:33,2026-08-25 14:45,518.7,536.0,-3.23,41152200,542.9,511.3,939.4,442.8
2026-08-25 15:05:39,2026-08-25 14:50,517.2,536.0,-3.51,41573100,542.9,511.3,939.4,442.8
2026-08-25 15:10:32,2026-08-25 14:55,518.0,536.0,-3.36,41810300,542.9,511.3,939.4,442.8
2026-08-25 15:15:41,2026-08-25 15:00,518.2,536.0,-3.32,42118100,542.9,511.3,939.4,442.8
2026-08-25 15:21:24,2026-08-25 15:06,517.1,536.0,-3.53,42755900,542.9,511.3,939.4,442.8
2026-08-25 15:26:22,2026-08-25 15:11,517.3,536.0,-3.49,43013000,542.9,511.3,939.4,442.8
2026-08-25 15:30:33,2026-08-25 15:15,517.6,536.0,-3.43,43312400,542.9,511.3,939.4,442.8
2026-08-25 15:41:29,2026-08-25 15:24,519.1,536.0,-3.15,44333200,542.9,511.3,939.4,442.8
2026-08-26 09:05:34,2026-08-25 15:30,517.8,536.0,-3.4,46314000,542.9,511.3,939.4,442.8
2026-08-26 09:10:32,2026-08-25 15:30,517.8,536.0,-3.4,46314000,542.9,511.3,939.4,442.8
2026-08-26 09:15:36,2026-08-26 09:00,517.8,536.0,-3.4,47589600,523.9,518.1,939.4,442.8
2026-08-26 09:20:30,2026-08-26 09:05,531.2,517.8,2.59,5767700,532.4,518.1,939.4,442.8
2026-08-26 09:25:35,2026-08-26 09:10,532.8,517.8,2.9,8261300,534.8,518.1,939.4,442.8
2026-08-26 09:30:32,2026-08-26 09:15,537.1,517.8,3.73,12432500,539.3,518.1,939.4,442.8
2026-08-26 09:35:31,2026-08-26 09:20,532.1,517.8,2.76,14298700,539.3,518.1,939.4,442.8
2026-08-26 09:40:47,2026-08-26 09:25,536.0,517.8,3.51,15306300,539.3,518.1,939.4,442.8
2026-08-26 09:45:36,2026-08-26 09:30,537.3,517.8,3.77,18174800,540.9,518.1,939.4,442.8
2026-08-26 09:50:33,2026-08-26 09:35,540.1,517.8,4.31,19448600,540.9,518.1,939.4,442.8
2026-08-26 09:55:41,2026-08-26 09:37,544.2,517.8,5.1,21056600,544.7,518.1,939.4,442.8
2026-08-26 10:00:39,2026-08-26 09:45,544.6,517.8,5.18,24071600,545.6,518.1,939.4,442.8
2026-08-26 10:05:36,2026-08-26 09:50,544.3,517.8,5.12,25087700,545.6,518.1,939.4,442.8
2026-08-26 10:11:27,2026-08-26 09:56,545.4,517.8,5.33,26469900,546.8,518.1,939.4,442.8
2026-08-26 10:15:41,2026-08-26 10:00,541.5,517.8,4.58,27468800,546.8,518.1,939.4,442.8
2026-08-26 10:21:02,2026-08-26 10:06,541.1,517.8,4.5,28296700,546.8,518.1,939.4,442.8
2026-08-26 10:25:34,2026-08-26 10:10,537.7,517.8,3.84,29046700,546.8,518.1,939.4,442.8
2026-08-26 10:30:32,2026-08-26 10:15,536.2,517.8,3.55,29712200,546.8,518.1,939.4,442.8
2026-08-26 10:35:39,2026-08-26 10:20,534.9,517.8,3.3,30430700,546.8,518.1,939.4,442.8
2026-08-26 10:40:36,2026-08-26 10:25,533.0,517.8,2.94,31061900,546.8,518.1,939.4,442.8
2026-08-26 10:45:53,2026-08-26 10:30,533.9,517.8,3.11,31708800,546.8,518.1,939.4,442.8
2026-08-26 10:50:36,2026-08-26 10:35,533.3,517.8,2.99,32154200,546.8,518.1,939.4,442.8
2026-08-26 10:55:33,2026-08-26 10:40,534.0,517.8,3.13,32505100,546.8,518.1,939.4,442.8
2026-08-26 11:00:31,2026-08-26 10:45,536.2,517.8,3.55,33435700,546.8,518.1,939.4,442.8
2026-08-26 11:05:33,2026-08-26 10:50,539.9,517.8,4.27,34650500,546.8,518.1,939.4,442.8
2026-08-26 11:10:39,2026-08-26 10:52,540.8,517.8,4.44,34998800,546.8,518.1,939.4,442.8
2026-08-26 11:15:36,2026-08-26 11:00,537.6,517.8,3.82,35847000,546.8,518.1,939.4,442.8
2026-08-26 11:20:34,2026-08-26 11:05,541.3,517.8,4.54,36653400,546.8,518.1,939.4,442.8
2026-08-26 11:26:01,2026-08-26 11:10,539.0,517.8,4.09,37159400,546.8,518.1,939.4,442.8
2026-08-26 11:30:39,2026-08-26 11:15,538.2,517.8,3.94,37473300,546.8,518.1,939.4,442.8
2026-08-26 12:30:35,2026-08-26 11:30,542.2,517.8,4.71,39650900,546.8,518.1,939.4,442.8
2026-08-26 12:35:37,2026-08-26 11:30,542.2,517.8,4.71,39650900,546.8,518.1,939.4,442.8
2026-08-26 12:40:46,2026-08-26 11:30,542.2,517.8,4.71,39650900,546.8,518.1,939.4,442.8
2026-08-26 12:45:32,2026-08-26 12:30,540.9,517.8,4.46,40024700,546.8,518.1,939.4,442.8
2026-08-26 12:50:32,2026-08-26 12:35,536.5,517.8,3.61,40827300,546.8,518.1,939.4,442.8
2026-08-26 12:55:32,2026-08-26 12:40,535.8,517.8,3.48,41189000,546.8,518.1,939.4,442.8
2026-08-26 13:00:36,2026-08-26 12:45,535.2,517.8,3.36,41771700,546.8,518.1,939.4,442.8
2026-08-26 13:05:43,2026-08-26 12:50,535.6,517.8,3.44,42235100,546.8,518.1,939.4,442.8
2026-08-26 13:11:37,2026-08-26 12:56,536.0,517.8,3.51,42605900,546.8,518.1,939.4,442.8
2026-08-26 13:15:45,2026-08-26 13:00,535.6,517.8,3.44,43344800,546.8,518.1,939.4,442.8
2026-08-26 13:20:32,2026-08-26 13:05,537.8,517.8,3.86,43792300,546.8,518.1,939.4,442.8
2026-08-26 13:25:41,2026-08-26 13:08,538.4,517.8,3.98,44100700,546.8,518.1,939.4,442.8
2026-08-26 13:30:35,2026-08-26 13:15,539.7,517.8,4.23,44944500,546.8,518.1,939.4,442.8
2026-08-26 13:35:37,2026-08-26 13:20,539.5,517.8,4.19,45219200,546.8,518.1,939.4,442.8
2026-08-26 13:40:30,2026-08-26 13:25,538.3,517.8,3.96,45785200,546.8,518.1,939.4,442.8
2026-08-26 13:45:36,2026-08-26 13:30,540.5,517.8,4.38,46368500,546.8,518.1,939.4,442.8
2026-08-26 13:50:32,2026-08-26 13:35,539.6,517.8,4.21,46672700,546.8,518.1,939.4,442.8
2026-08-26 13:56:20,2026-08-26 13:41,538.7,517.8,4.04,46941900,546.8,518.1,939.4,442.8
2026-08-26 14:00:37,2026-08-26 13:45,538.6,517.8,4.02,47086500,546.8,518.1,939.4,442.8
2026-08-26 14:05:36,2026-08-26 13:50,539.8,517.8,4.25,47320500,546.8,518.1,939.4,442.8
2026-08-26 14:10:58,2026-08-26 13:55,541.4,517.8,4.56,48183700,546.8,518.1,939.4,442.8
2026-08-26 14:15:29,2026-08-26 14:00,542.2,517.8,4.71,48419200,546.8,518.1,939.4,442.8
2026-08-26 14:20:35,2026-08-26 14:05,540.1,517.8,4.31,48931800,546.8,518.1,939.4,442.8
2026-08-26 14:25:38,2026-08-26 14:10,541.8,517.8,4.63,49292200,546.8,518.1,939.4,442.8
2026-08-26 14:30:42,2026-08-26 14:15,543.9,517.8,5.04,50115100,546.8,518.1,939.4,442.8
2026-08-26 14:35:35,2026-08-26 14:20,543.3,517.8,4.92,50499100,546.8,518.1,939.4,442.8
2026-08-26 14:40:33,2026-08-26 14:25,543.6,517.8,4.98,50745500,546.8,518.1,939.4,442.8
2026-08-26 14:45:43,2026-08-26 14:29,543.1,517.8,4.89,50965700,546.8,518.1,939.4,442.8
2026-08-26 14:50:39,2026-08-26 14:35,541.5,517.8,4.58,51215300,546.8,518.1,939.4,442.8
2026-08-26 14:55:47,2026-08-26 14:40,540.2,517.8,4.33,51693600,546.8,518.1,939.4,442.8
2026-08-26 15:00:43,2026-08-26 14:45,540.9,517.8,4.46,52102300,546.8,518.1,939.4,442.8
2026-08-26 15:05:35,2026-08-26 14:50,541.4,517.8,4.56,52541800,546.8,518.1,939.4,442.8
2026-08-26 15:12:54,2026-08-26 14:57,540.7,517.8,4.42,53017200,546.8,518.1,939.4,442.8
2026-08-26 15:16:40,2026-08-26 15:01,540.5,517.8,4.38,53304800,546.8,518.1,939.4,442.8
2026-08-26 15:21:31,2026-08-26 15:06,538.7,517.8,4.04,53872400,546.8,518.1,939.4,442.8
2026-08-26 15:25:39,2026-08-26 15:10,538.6,517.8,4.02,54125200,546.8,518.1,939.4,442.8
2026-08-26 15:40:42,2026-08-26 15:24,538.5,517.8,4.0,55384000,546.8,518.1,939.4,442.8
2026-08-27 09:05:35,2026-08-26 15:30,538.3,517.8,3.96,57562400,546.8,518.1,939.4,442.8
2026-08-27 09:10:31,2026-08-26 15:30,538.3,517.8,3.96,57562400,546.8,518.1,939.4,442.8
2026-08-27 09:15:34,2026-08-27 09:00,538.3,517.8,3.96,58527800,540.0,533.0,939.4,442.8
2026-08-27 09:20:38,2026-08-27 09:05,531.3,538.3,-1.3,2882100,541.0,531.1,939.4,442.8
2026-08-27 09:25:34,2026-08-27 09:10,536.3,538.3,-0.37,4482500,541.0,529.5,939.4,442.8
2026-08-27 09:30:33,2026-08-27 09:15,533.8,538.3,-0.84,5093700,541.0,529.5,939.4,442.8
2026-08-27 09:35:42,2026-08-27 09:20,536.8,538.3,-0.28,5662500,541.0,529.5,939.4,442.8
2026-08-27 09:40:29,2026-08-27 09:25,538.2,538.3,-0.02,6254200,541.0,529.5,939.4,442.8
2026-08-27 09:45:34,2026-08-27 09:30,538.1,538.3,-0.04,7163200,541.0,529.5,939.4,442.8
2026-08-27 09:50:36,2026-08-27 09:35,542.8,538.3,0.84,8426500,543.4,529.5,939.4,442.8
2026-08-27 09:55:38,2026-08-27 09:40,540.0,538.3,0.32,9579000,544.2,529.5,939.4,442.8
2026-08-27 10:00:37,2026-08-27 09:45,541.3,538.3,0.56,9948800,544.2,529.5,939.4,442.8
2026-08-27 10:05:33,2026-08-27 09:50,542.4,538.3,0.76,10569000,544.2,529.5,939.4,442.8
2026-08-27 10:10:30,2026-08-27 09:55,542.7,538.3,0.82,11019000,544.2,529.5,939.4,442.8
2026-08-27 10:15:35,2026-08-27 10:00,537.7,538.3,-0.11,11819600,544.2,529.5,939.4,442.8
2026-08-27 10:20:33,2026-08-27 10:03,536.6,538.3,-0.32,12273200,544.2,529.5,939.4,442.8
2026-08-27 10:25:33,2026-08-27 10:10,537.9,538.3,-0.07,12802900,544.2,529.5,939.4,442.8
2026-08-27 10:30:36,2026-08-27 10:15,539.4,538.3,0.2,13201600,544.2,529.5,939.4,442.8
2026-08-27 10:35:43,2026-08-27 10:20,538.8,538.3,0.09,13508900,544.2,529.5,939.4,442.8
2026-08-27 10:40:33,2026-08-27 10:25,537.5,538.3,-0.15,13865700,544.2,529.5,939.4,442.8
2026-08-27 10:45:35,2026-08-27 10:30,536.0,538.3,-0.43,14176300,544.2,529.5,939.4,442.8
2026-08-27 10:50:32,2026-08-27 10:35,537.0,538.3,-0.24,14372000,544.2,529.5,939.4,442.8
2026-08-27 10:55:34,2026-08-27 10:40,536.9,538.3,-0.26,14601400,544.2,529.5,939.4,442.8
2026-08-27 11:00:35,2026-08-27 10:45,536.1,538.3,-0.41,14853500,544.2,529.5,939.4,442.8
2026-08-27 11:05:34,2026-08-27 10:50,534.4,538.3,-0.72,15239600,544.2,529.5,939.4,442.8
2026-08-27 11:10:45,2026-08-27 10:55,533.1,538.3,-0.97,15673100,544.2,529.5,939.4,442.8
2026-08-27 11:15:33,2026-08-27 11:00,533.7,538.3,-0.85,16180700,544.2,529.5,939.4,442.8
2026-08-27 11:20:36,2026-08-27 11:05,534.3,538.3,-0.74,16475500,544.2,529.5,939.4,442.8
2026-08-27 11:25:36,2026-08-27 11:10,534.3,538.3,-0.74,16911900,544.2,529.5,939.4,442.8
2026-08-27 11:30:34,2026-08-27 11:15,533.5,538.3,-0.89,17284900,544.2,529.5,939.4,442.8
2026-08-27 12:30:31,2026-08-27 11:30,533.4,538.3,-0.91,18097800,544.2,529.5,939.4,442.8
2026-08-27 12:35:53,2026-08-27 11:30,533.4,538.3,-0.91,18097800,544.2,529.5,939.4,442.8
2026-08-27 12:40:36,2026-08-27 11:30,533.4,538.3,-0.91,18097800,544.2,529.5,939.4,442.8
2026-08-27 12:45:40,2026-08-27 11:30,533.4,538.3,-0.91,18097800,544.2,529.5,939.4,442.8
2026-08-27 12:50:35,2026-08-27 12:35,532.0,538.3,-1.17,18868100,544.2,529.5,939.4,442.8
2026-08-27 12:55:41,2026-08-27 12:40,530.9,538.3,-1.37,19299500,544.2,529.5,939.4,442.8
2026-08-27 13:00:46,2026-08-27 12:45,528.6,538.3,-1.8,20518500,544.2,528.4,939.4,442.8
2026-08-27 13:05:29,2026-08-27 12:50,531.0,538.3,-1.36,21068800,544.2,528.4,939.4,442.8
2026-08-27 13:10:29,2026-08-27 12:55,530.1,538.3,-1.52,21512600,544.2,528.4,939.4,442.8
2026-08-27 13:15:34,2026-08-27 12:58,529.4,538.3,-1.65,21784300,544.2,528.4,939.4,442.8
2026-08-27 13:20:35,2026-08-27 13:05,529.1,538.3,-1.71,22791900,544.2,527.9,939.4,442.8
2026-08-27 13:25:35,2026-08-27 13:10,529.1,538.3,-1.71,23106100,544.2,527.9,939.4,442.8
2026-08-27 13:30:34,2026-08-27 13:15,529.3,538.3,-1.67,23406500,544.2,527.9,939.4,442.8
2026-08-27 13:35:31,2026-08-27 13:20,529.3,538.3,-1.67,23726000,544.2,527.9,939.4,442.8
2026-08-27 13:40:39,2026-08-27 13:25,530.1,538.3,-1.52,24005000,544.2,527.9,939.4,442.8
2026-08-27 13:45:31,2026-08-27 13:30,529.5,538.3,-1.63,24226300,544.2,527.9,939.4,442.8
2026-08-27 13:50:34,2026-08-27 13:35,529.8,538.3,-1.58,24452700,544.2,527.9,939.4,442.8
2026-08-27 13:55:37,2026-08-27 13:40,531.3,538.3,-1.3,24856000,544.2,527.9,939.4,442.8
2026-08-27 14:00:37,2026-08-27 13:45,531.6,538.3,-1.24,25070700,544.2,527.9,939.4,442.8
2026-08-27 14:05:31,2026-08-27 13:48,531.8,538.3,-1.21,25288600,544.2,527.9,939.4,442.8
2026-08-27 14:10:46,2026-08-27 13:55,529.2,538.3,-1.69,25865900,544.2,527.9,939.4,442.8
2026-08-27 14:15:33,2026-08-27 14:00,528.5,538.3,-1.82,26231000,544.2,527.9,939.4,442.8
2026-08-27 14:20:31,2026-08-27 14:05,529.1,538.3,-1.71,26441600,544.2,527.9,939.4,442.8
2026-08-27 14:25:36,2026-08-27 14:10,530.1,538.3,-1.52,26755400,544.2,527.9,939.4,442.8
2026-08-27 14:30:29,2026-08-27 14:15,529.4,538.3,-1.65,26899000,544.2,527.9,939.4,442.8
2026-08-27 14:35:34,2026-08-27 14:20,529.1,538.3,-1.71,27058800,544.2,527.9,939.4,442.8
2026-08-27 14:40:42,2026-08-27 14:25,528.4,538.3,-1.84,27646100,544.2,527.8,939.4,442.8
2026-08-27 14:45:42,2026-08-27 14:30,527.3,538.3,-2.04,28004600,544.2,527.2,939.4,442.8
2026-08-27 14:50:33,2026-08-27 14:35,528.6,538.3,-1.8,28214700,544.2,527.2,939.4,442.8
2026-08-27 14:55:32,2026-08-27 14:40,529.6,538.3,-1.62,28541500,544.2,527.2,939.4,442.8
2026-08-27 15:00:31,2026-08-27 14:45,529.1,538.3,-1.71,28710500,544.2,527.2,939.4,442.8
2026-08-27 15:05:34,2026-08-27 14:50,529.2,538.3,-1.69,29013700,544.2,527.2,939.4,442.8
2026-08-27 15:10:35,2026-08-27 14:55,529.5,538.3,-1.63,29155000,544.2,527.2,939.4,442.8
2026-08-27 15:15:35,2026-08-27 15:00,529.0,538.3,-1.73,29307100,544.2,527.2,939.4,442.8
2026-08-27 15:21:20,2026-08-27 15:06,530.2,538.3,-1.5,30023200,544.2,527.2,939.4,442.8
2026-08-27 15:25:34,2026-08-27 15:10,531.0,538.3,-1.36,30267000,544.2,527.2,939.4,442.8
2026-08-27 15:30:35,2026-08-27 15:15,530.6,538.3,-1.43,30522800,544.2,527.2,939.4,442.8
2026-08-27 15:40:34,2026-08-27 15:24,530.1,538.3,-1.52,31204800,544.2,527.2,939.4,442.8
2026-08-28 09:05:34,2026-08-27 15:30,529.5,538.3,-1.63,32773400,544.2,527.2,939.4,442.8
2026-08-28 09:10:31,2026-08-27 15:30,529.5,538.3,-1.63,32773400,544.2,527.2,939.4,442.8
2026-08-28 09:15:31,2026-08-28 09:00,529.5,538.3,-1.63,33634600,530.8,527.3,939.4,442.8
2026-08-28 09:20:34,2026-08-28 09:05,526.7,529.5,-0.53,1979000,530.8,526.0,939.4,442.8
2026-08-28 09:27:51,2026-08-28 09:12,530.0,529.5,0.09,3574800,533.9,526.0,939.4,442.8
2026-08-28 09:30:36,2026-08-28 09:15,531.0,529.5,0.28,4011200,533.9,526.0,939.4,442.8
2026-08-28 09:35:33,2026-08-28 09:20,534.0,529.5,0.85,5136700,534.8,526.0,939.4,442.8
2026-08-28 09:40:35,2026-08-28 09:25,533.9,529.5,0.83,6230400,535.4,526.0,939.4,442.8
2026-08-28 09:45:34,2026-08-28 09:30,532.0,529.5,0.47,6874300,535.4,526.0,939.4,442.8
2026-08-28 09:50:31,2026-08-28 09:35,528.8,529.5,-0.13,7777400,535.4,526.0,939.4,442.8
2026-08-28 09:55:33,2026-08-28 09:40,528.8,529.5,-0.13,8252700,535.4,526.0,939.4,442.8
2026-08-28 10:00:41,2026-08-28 09:45,527.6,529.5,-0.36,8661600,535.4,526.0,939.4,442.8
2026-08-28 10:05:44,2026-08-28 09:50,528.3,529.5,-0.23,9044900,535.4,526.0,939.4,442.8
2026-08-28 10:10:34,2026-08-28 09:55,528.1,529.5,-0.26,9594900,535.4,526.0,939.4,442.8
2026-08-28 10:15:35,2026-08-28 10:00,528.2,529.5,-0.25,9831600,535.4,526.0,939.4,442.8
2026-08-28 10:20:31,2026-08-28 10:05,526.6,529.5,-0.55,10335400,535.4,526.0,939.4,442.8
2026-08-28 10:25:31,2026-08-28 10:10,526.6,529.5,-0.55,10665700,535.4,526.0,939.4,442.8
2026-08-28 10:30:32,2026-08-28 10:15,527.4,529.5,-0.4,10952200,535.4,526.0,939.4,442.8
2026-08-28 10:35:39,2026-08-28 10:20,526.8,529.5,-0.51,11729000,535.4,525.6,939.4,442.8
2026-08-28 10:40:32,2026-08-28 10:25,527.9,529.5,-0.3,12130600,535.4,525.6,939.4,442.8
2026-08-28 10:45:33,2026-08-28 10:30,526.6,529.5,-0.55,12308900,535.4,525.6,939.4,442.8
2026-08-28 10:50:31,2026-08-28 10:35,525.9,529.5,-0.68,12855300,535.4,525.5,939.4,442.8
2026-08-28 10:55:29,2026-08-28 10:40,527.4,529.5,-0.4,13273100,535.4,525.5,939.4,442.8
2026-08-28 11:00:47,2026-08-28 10:45,528.5,529.5,-0.19,13557400,535.4,525.5,939.4,442.8
2026-08-28 11:05:36,2026-08-28 10:50,527.7,529.5,-0.34,13746400,535.4,525.5,939.4,442.8
2026-08-28 11:10:32,2026-08-28 10:55,527.9,529.5,-0.3,13984800,535.4,525.5,939.4,442.8
2026-08-28 11:15:30,2026-08-28 11:00,526.7,529.5,-0.53,14156300,535.4,525.5,939.4,442.8
2026-08-28 11:20:37,2026-08-28 11:05,526.8,529.5,-0.51,14264200,535.4,525.5,939.4,442.8
2026-08-28 11:25:38,2026-08-28 11:10,527.0,529.5,-0.47,14398400,535.4,525.5,939.4,442.8
2026-08-28 11:30:33,2026-08-28 11:15,527.1,529.5,-0.45,14498000,535.4,525.5,939.4,442.8
2026-08-28 12:30:34,2026-08-28 11:30,528.2,529.5,-0.25,14993000,535.4,525.5,939.4,442.8
2026-08-28 12:35:34,2026-08-28 11:30,528.2,529.5,-0.25,14993000,535.4,525.5,939.4,442.8
2026-08-28 12:40:35,2026-08-28 11:30,528.2,529.5,-0.25,14993000,535.4,525.5,939.4,442.8
2026-08-28 12:45:33,2026-08-28 12:30,528.5,529.5,-0.19,15206600,535.4,525.5,939.4,442.8
2026-08-28 12:50:35,2026-08-28 12:35,530.2,529.5,0.13,15780500,535.4,525.5,939.4,442.8
2026-08-28 12:55:35,2026-08-28 12:40,529.7,529.5,0.04,15949500,535.4,525.5,939.4,442.8
2026-08-28 13:00:59,2026-08-28 12:45,529.9,529.5,0.08,16186700,535.4,525.5,939.4,442.8
2026-08-28 13:05:35,2026-08-28 12:50,528.9,529.5,-0.11,16403600,535.4,525.5,939.4,442.8
2026-08-28 13:10:31,2026-08-28 12:55,529.3,529.5,-0.04,16556100,535.4,525.5,939.4,442.8
2026-08-28 13:15:46,2026-08-28 13:00,529.1,529.5,-0.08,16694800,535.4,525.5,939.4,442.8
2026-08-28 13:20:31,2026-08-28 13:05,529.1,529.5,-0.08,16933300,535.4,525.5,939.4,442.8
2026-08-28 13:29:46,2026-08-28 13:14,530.0,529.5,0.09,17305500,535.4,525.5,939.4,442.8
2026-08-28 13:30:35,2026-08-28 13:15,530.1,529.5,0.11,17315800,535.4,525.5,939.4,442.8
2026-08-28 13:35:34,2026-08-28 13:20,529.9,529.5,0.08,17422900,535.4,525.5,939.4,442.8
2026-08-28 13:40:38,2026-08-28 13:25,530.5,529.5,0.19,17584500,535.4,525.5,939.4,442.8
2026-08-28 13:45:34,2026-08-28 13:30,530.9,529.5,0.26,17920900,535.4,525.5,939.4,442.8
2026-08-28 13:50:32,2026-08-28 13:35,531.4,529.5,0.36,18119000,535.4,525.5,939.4,442.8
2026-08-28 13:55:35,2026-08-28 13:40,531.3,529.5,0.34,18342700,535.4,525.5,939.4,442.8
2026-08-28 14:00:31,2026-08-28 13:45,531.0,529.5,0.28,18635000,535.4,525.5,939.4,442.8
2026-08-28 14:06:31,2026-08-28 13:51,532.3,529.5,0.53,19169500,535.4,525.5,939.4,442.8
2026-08-28 14:10:39,2026-08-28 13:55,532.5,529.5,0.57,19397500,535.4,525.5,939.4,442.8
2026-08-28 14:15:31,2026-08-28 14:00,531.7,529.5,0.42,19559700,535.4,525.5,939.4,442.8
2026-08-28 14:20:29,2026-08-28 14:05,531.4,529.5,0.36,19776900,535.4,525.5,939.4,442.8
2026-08-28 14:25:31,2026-08-28 14:10,529.6,529.5,0.02,20072400,535.4,525.5,939.4,442.8
2026-08-28 14:30:38,2026-08-28 14:15,530.5,529.5,0.19,20271500,535.4,525.5,939.4,442.8
2026-08-28 14:35:35,2026-08-28 14:20,529.2,529.5,-0.06,20525600,535.4,525.5,939.4,442.8
2026-08-28 14:40:34,2026-08-28 14:25,529.0,529.5,-0.09,20725000,535.4,525.5,939.4,442.8
2026-08-28 14:45:31,2026-08-28 14:30,529.5,529.5,0.0,20937600,535.4,525.5,939.4,442.8
2026-08-28 14:50:33,2026-08-28 14:35,529.5,529.5,0.0,21087700,535.4,525.5,939.4,442.8
2026-08-28 14:55:32,2026-08-28 14:40,528.5,529.5,-0.19,21419900,535.4,525.5,939.4,442.8
2026-08-28 15:00:36,2026-08-28 14:45,528.7,529.5,-0.15,21585500,535.4,525.5,939.4,442.8
2026-08-28 15:05:33,2026-08-28 14:50,527.2,529.5,-0.43,22455100,535.4,525.5,939.4,442.8
2026-08-28 15:10:46,2026-08-28 14:55,527.5,529.5,-0.38,22683600,535.4,525.5,939.4,442.8
2026-08-28 15:17:05,2026-08-28 15:01,527.3,529.5,-0.42,22903700,535.4,525.5,939.4,442.8
2026-08-28 15:30:59,2026-08-28 15:15,527.6,529.5,-0.36,23575300,535.4,525.5,939.4,442.8
2026-08-28 15:40:38,2026-08-28 15:24,528.0,529.5,-0.28,24024800,535.4,525.5,939.4,442.8
2026-08-31 09:05:44,2026-08-28 15:30,528.1,529.5,-0.26,25684400,535.4,525.5,939.4,442.8
2026-08-31 09:10:42,2026-08-28 15:30,528.1,529.5,-0.26,25684400,535.4,525.5,939.4,442.8
2026-08-31 09:15:36,2026-08-31 09:00,527.3,529.5,-0.42,26683200,531.2,526.4,939.4,442.8
2026-08-31 09:20:31,2026-08-31 09:05,521.5,528.1,-1.25,2531100,531.2,521.5,939.4,442.8
2026-08-31 09:25:30,2026-08-31 09:10,530.3,528.1,0.42,3872500,531.2,521.4,939.4,442.8
2026-08-31 09:30:40,2026-08-31 09:15,526.5,528.1,-0.3,4802300,531.7,521.4,939.4,442.8
2026-08-31 09:35:37,2026-08-31 09:20,524.0,528.1,-0.78,5408200,531.7,521.4,939.4,442.8
2026-08-31 09:40:49,2026-08-31 09:25,529.0,528.1,0.17,6117900,531.7,521.4,939.4,442.8
2026-08-31 09:45:34,2026-08-31 09:30,529.3,528.1,0.23,7011800,531.7,521.4,939.4,442.8
2026-08-31 09:50:33,2026-08-31 09:35,531.5,528.1,0.64,7816400,531.7,521.4,939.4,442.8
2026-08-31 09:55:36,2026-08-31 09:40,531.4,528.1,0.62,8519100,532.2,521.4,939.4,442.8
2026-08-31 10:00:33,2026-08-31 09:45,531.9,528.1,0.72,9300300,533.4,521.4,939.4,442.8
2026-08-31 10:05:47,2026-08-31 09:50,531.9,528.1,0.72,10301200,533.4,521.4,939.4,442.8
2026-08-31 10:10:37,2026-08-31 09:55,532.4,528.1,0.81,10890000,533.7,521.4,939.4,442.8
2026-08-31 10:15:38,2026-08-31 10:00,530.9,528.1,0.53,11287000,533.7,521.4,939.4,442.8
2026-08-31 10:20:34,2026-08-31 10:05,531.7,528.1,0.68,11605800,533.7,521.4,939.4,442.8
2026-08-31 10:25:33,2026-08-31 10:10,532.0,528.1,0.74,12044300,533.7,521.4,939.4,442.8
2026-08-31 10:30:33,2026-08-31 10:15,531.6,528.1,0.66,12215100,533.7,521.4,939.4,442.8
2026-08-31 10:35:39,2026-08-31 10:20,532.5,528.1,0.83,12644300,533.7,521.4,939.4,442.8
2026-08-31 10:40:45,2026-08-31 10:25,532.9,528.1,0.91,12870500,533.7,521.4,939.4,442.8
2026-08-31 10:45:33,2026-08-31 10:30,531.7,528.1,0.68,13052700,533.7,521.4,939.4,442.8
2026-08-31 10:50:33,2026-08-31 10:35,530.7,528.1,0.49,13315000,533.7,521.4,939.4,442.8
2026-08-31 10:55:36,2026-08-31 10:40,531.3,528.1,0.61,13503100,533.7,521.4,939.4,442.8
2026-08-31 11:00:37,2026-08-31 10:45,531.0,528.1,0.55,13785300,533.7,521.4,939.4,442.8
2026-08-31 11:05:48,2026-08-31 10:50,531.1,528.1,0.57,14037400,533.7,521.4,939.4,442.8
2026-08-31 11:10:31,2026-08-31 10:55,531.1,528.1,0.57,14162400,533.7,521.4,939.4,442.8
2026-08-31 11:15:31,2026-08-31 11:00,531.7,528.1,0.68,14393600,533.7,521.4,939.4,442.8
