抓取时间,行情时刻,价格,昨收,涨跌幅%,成交量,当日最高,当日最低,52周最高,52周最低
2026-07-06 09:31:24,2026-07-06 09:16,6031.0,6169.0,-2.24,4541100,6147.0,6003.0,9074.0,2551.25
2026-07-06 10:18:14,2026-07-06 10:03,5964.0,6169.0,-3.32,13594800,6147.0,5866.0,9074.0,2551.25
2026-07-06 10:55:23,2026-07-06 10:40,5990.0,6169.0,-2.9,16858500,6147.0,5866.0,9074.0,2551.25
2026-07-06 10:58:53,2026-07-06 10:43,5973.0,6169.0,-3.18,17149700,6147.0,5866.0,9074.0,2551.25
2026-07-06 11:00:34,2026-07-06 10:45,5959.0,6169.0,-3.4,17359100,6147.0,5866.0,9074.0,2551.25
2026-07-06 11:05:36,2026-07-06 10:50,5953.0,6169.0,-3.5,17672500,6147.0,5866.0,9074.0,2551.25
2026-07-06 11:10:36,2026-07-06 10:55,5930.0,6169.0,-3.87,18348100,6147.0,5866.0,9074.0,2551.25
2026-07-06 11:15:29,2026-07-06 11:00,5941.0,6169.0,-3.7,18721300,6147.0,5866.0,9074.0,2551.25
2026-07-06 11:20:33,2026-07-06 11:05,5940.0,6169.0,-3.71,19064100,6147.0,5866.0,9074.0,2551.25
2026-07-06 11:25:35,2026-07-06 11:10,5923.0,6169.0,-3.99,19400500,6147.0,5866.0,9074.0,2551.25
2026-07-06 11:30:34,2026-07-06 11:15,5911.0,6169.0,-4.18,20201300,6147.0,5866.0,9074.0,2551.25
2026-07-06 12:30:34,2026-07-06 11:30,5897.0,6169.0,-4.41,21412100,6147.0,5866.0,9074.0,2551.25
2026-07-06 12:35:31,2026-07-06 11:30,5897.0,6169.0,-4.41,21412100,6147.0,5866.0,9074.0,2551.25
2026-07-06 12:40:33,2026-07-06 11:30,5897.0,6169.0,-4.41,21412100,6147.0,5866.0,9074.0,2551.25
2026-07-06 12:45:33,2026-07-06 12:30,5917.0,6169.0,-4.08,21699900,6147.0,5866.0,9074.0,2551.25
2026-07-06 12:50:34,2026-07-06 12:35,5922.0,6169.0,-4.0,22108000,6147.0,5866.0,9074.0,2551.25
2026-07-06 12:55:42,2026-07-06 12:40,5925.0,6169.0,-3.96,22374000,6147.0,5866.0,9074.0,2551.25
2026-07-06 13:00:45,2026-07-06 12:45,5915.0,6169.0,-4.12,22686900,6147.0,5866.0,9074.0,2551.25
2026-07-06 13:05:31,2026-07-06 12:50,5912.0,6169.0,-4.17,22915300,6147.0,5866.0,9074.0,2551.25
2026-07-06 13:10:39,2026-07-06 12:55,5906.0,6169.0,-4.26,23197400,6147.0,5866.0,9074.0,2551.25
2026-07-06 13:15:34,2026-07-06 13:00,5908.0,6169.0,-4.23,23482900,6147.0,5866.0,9074.0,2551.25
2026-07-06 13:20:32,2026-07-06 13:05,5910.0,6169.0,-4.2,23688100,6147.0,5866.0,9074.0,2551.25
2026-07-06 13:25:41,2026-07-06 13:10,5900.0,6169.0,-4.36,24103700,6147.0,5866.0,9074.0,2551.25
2026-07-06 13:30:39,2026-07-06 13:15,5917.0,6169.0,-4.08,24306900,6147.0,5866.0,9074.0,2551.25
2026-07-06 13:35:33,2026-07-06 13:20,5934.0,6169.0,-3.81,24681500,6147.0,5866.0,9074.0,2551.25
2026-07-06 13:40:38,2026-07-06 13:25,5931.0,6169.0,-3.86,24872000,6147.0,5866.0,9074.0,2551.25
2026-07-06 13:45:43,2026-07-06 13:30,5942.0,6169.0,-3.68,25234000,6147.0,5866.0,9074.0,2551.25
2026-07-06 13:50:34,2026-07-06 13:35,5952.0,6169.0,-3.52,25597100,6147.0,5866.0,9074.0,2551.25
2026-07-06 13:55:34,2026-07-06 13:40,5962.0,6169.0,-3.36,25943100,6147.0,5866.0,9074.0,2551.25
2026-07-06 14:00:38,2026-07-06 13:45,5964.0,6169.0,-3.32,26261600,6147.0,5866.0,9074.0,2551.25
2026-07-06 14:05:41,2026-07-06 13:50,5956.0,6169.0,-3.45,26525200,6147.0,5866.0,9074.0,2551.25
2026-07-06 14:10:37,2026-07-06 13:55,5975.0,6169.0,-3.14,26788300,6147.0,5866.0,9074.0,2551.25
2026-07-06 14:15:38,2026-07-06 14:00,5974.0,6169.0,-3.16,27066200,6147.0,5866.0,9074.0,2551.25
2026-07-06 14:20:37,2026-07-06 14:05,5964.0,6169.0,-3.32,27270300,6147.0,5866.0,9074.0,2551.25
2026-07-06 14:25:32,2026-07-06 14:10,5962.0,6169.0,-3.36,27467800,6147.0,5866.0,9074.0,2551.25
2026-07-06 14:30:38,2026-07-06 14:15,5971.0,6169.0,-3.21,27621300,6147.0,5866.0,9074.0,2551.25
2026-07-06 14:35:37,2026-07-06 14:20,5966.0,6169.0,-3.29,27812100,6147.0,5866.0,9074.0,2551.25
2026-07-06 14:40:33,2026-07-06 14:25,5945.0,6169.0,-3.63,28174400,6147.0,5866.0,9074.0,2551.25
2026-07-06 14:45:40,2026-07-06 14:30,5940.0,6169.0,-3.71,28425900,6147.0,5866.0,9074.0,2551.25
2026-07-06 14:50:42,2026-07-06 14:35,5951.0,6169.0,-3.53,28629500,6147.0,5866.0,9074.0,2551.25
2026-07-06 14:55:39,2026-07-06 14:40,5964.0,6169.0,-3.32,28874300,6147.0,5866.0,9074.0,2551.25
2026-07-06 15:00:33,2026-07-06 14:45,5961.0,6169.0,-3.37,29249900,6147.0,5866.0,9074.0,2551.25
2026-07-06 15:16:25,2026-07-06 15:01,5968.0,6169.0,-3.26,29975600,6147.0,5866.0,9074.0,2551.25
2026-07-06 15:20:37,2026-07-06 15:05,5953.0,6169.0,-3.5,30174800,6147.0,5866.0,9074.0,2551.25
2026-07-06 15:25:41,2026-07-06 15:10,5952.0,6169.0,-3.52,30407000,6147.0,5866.0,9074.0,2551.25
2026-07-06 15:30:37,2026-07-06 15:15,5952.0,6169.0,-3.52,30671400,6147.0,5866.0,9074.0,2551.25
2026-07-07 09:00:33,2026-07-06 15:30,5979.0,6169.0,-3.08,33669700,6147.0,5866.0,9074.0,2551.25
2026-07-07 09:05:30,2026-07-06 15:30,5979.0,6169.0,-3.08,33669700,6147.0,5866.0,9074.0,2551.25
2026-07-07 09:10:32,2026-07-06 15:30,5979.0,6169.0,-3.08,33669700,6147.0,5866.0,9074.0,2551.25
2026-07-07 09:15:33,2026-07-07 09:00,5979.0,6169.0,-3.08,34589900,6028.0,5937.0,9074.0,2551.25
2026-07-07 09:20:31,2026-07-07 09:05,6018.0,5979.0,0.65,2168300,6048.0,5937.0,9074.0,2551.25
2026-07-07 09:25:32,2026-07-07 09:10,6053.0,5979.0,1.24,3369000,6068.0,5937.0,9074.0,2551.25
2026-07-07 09:30:34,2026-07-07 09:15,5998.0,5979.0,0.32,4580700,6074.0,5937.0,9074.0,2551.25
2026-07-07 09:35:32,2026-07-07 09:20,6026.0,5979.0,0.79,5403300,6074.0,5937.0,9074.0,2551.25
2026-07-07 09:40:32,2026-07-07 09:25,6044.0,5979.0,1.09,6179300,6074.0,5937.0,9074.0,2551.25
2026-07-07 09:45:34,2026-07-07 09:30,6027.0,5979.0,0.8,6775700,6074.0,5937.0,9074.0,2551.25
2026-07-07 09:50:38,2026-07-07 09:35,6011.0,5979.0,0.54,7253800,6074.0,5937.0,9074.0,2551.25
2026-07-07 09:55:30,2026-07-07 09:40,6001.0,5979.0,0.37,7714000,6074.0,5937.0,9074.0,2551.25
2026-07-07 10:00:36,2026-07-07 09:45,6015.0,5979.0,0.6,8216600,6074.0,5937.0,9074.0,2551.25
2026-07-07 10:05:36,2026-07-07 09:50,6016.0,5979.0,0.62,8831100,6074.0,5937.0,9074.0,2551.25
2026-07-07 10:10:33,2026-07-07 09:55,6035.0,5979.0,0.94,9233600,6074.0,5937.0,9074.0,2551.25
2026-07-07 10:15:34,2026-07-07 10:00,6011.0,5979.0,0.54,9704000,6074.0,5937.0,9074.0,2551.25
2026-07-07 10:20:31,2026-07-07 10:05,6056.0,5979.0,1.29,10564300,6074.0,5937.0,9074.0,2551.25
2026-07-07 10:25:45,2026-07-07 10:10,6068.0,5979.0,1.49,11788100,6095.0,5937.0,9074.0,2551.25
2026-07-07 10:30:30,2026-07-07 10:15,6075.0,5979.0,1.61,12987200,6113.0,5937.0,9074.0,2551.25
2026-07-07 10:35:36,2026-07-07 10:20,6020.0,5979.0,0.69,13926000,6113.0,5937.0,9074.0,2551.25
2026-07-07 10:40:35,2026-07-07 10:25,6016.0,5979.0,0.62,14628600,6113.0,5937.0,9074.0,2551.25
2026-07-07 10:45:35,2026-07-07 10:30,5966.0,5979.0,-0.22,15424000,6113.0,5937.0,9074.0,2551.25
2026-07-07 10:50:44,2026-07-07 10:35,5983.0,5979.0,0.07,16008400,6113.0,5937.0,9074.0,2551.25
2026-07-07 10:55:33,2026-07-07 10:40,5981.0,5979.0,0.03,16683900,6113.0,5937.0,9074.0,2551.25
2026-07-07 11:00:34,2026-07-07 10:45,5999.0,5979.0,0.33,17193700,6113.0,5937.0,9074.0,2551.25
2026-07-07 11:05:33,2026-07-07 10:50,6000.0,5979.0,0.35,17694400,6113.0,5937.0,9074.0,2551.25
2026-07-07 11:10:36,2026-07-07 10:55,5959.0,5979.0,-0.33,18126700,6113.0,5937.0,9074.0,2551.25
2026-07-07 11:15:37,2026-07-07 11:00,5941.0,5979.0,-0.64,18795800,6113.0,5928.0,9074.0,2551.25
2026-07-07 11:20:35,2026-07-07 11:05,5943.0,5979.0,-0.6,19203600,6113.0,5928.0,9074.0,2551.25
2026-07-07 11:25:33,2026-07-07 11:10,5925.0,5979.0,-0.9,19623700,6113.0,5923.0,9074.0,2551.25
2026-07-07 11:30:40,2026-07-07 11:15,5911.0,5979.0,-1.14,20037400,6113.0,5911.0,9074.0,2551.25
2026-07-07 12:30:30,2026-07-07 11:30,5872.0,5979.0,-1.79,21644400,6113.0,5867.0,9074.0,2551.25
2026-07-07 12:35:32,2026-07-07 11:30,5872.0,5979.0,-1.79,21644400,6113.0,5867.0,9074.0,2551.25
2026-07-07 12:40:33,2026-07-07 11:30,5872.0,5979.0,-1.79,21644400,6113.0,5867.0,9074.0,2551.25
2026-07-07 12:45:35,2026-07-07 12:30,5869.0,5979.0,-1.84,22452500,6113.0,5831.0,9074.0,2551.25
2026-07-07 12:50:31,2026-07-07 12:35,5893.0,5979.0,-1.44,23202000,6113.0,5831.0,9074.0,2551.25
2026-07-07 12:55:34,2026-07-07 12:40,5904.0,5979.0,-1.25,23754300,6113.0,5831.0,9074.0,2551.25
2026-07-07 13:00:35,2026-07-07 12:45,5881.0,5979.0,-1.64,24218200,6113.0,5831.0,9074.0,2551.25
2026-07-07 13:05:34,2026-07-07 12:50,5862.0,5979.0,-1.96,24784800,6113.0,5831.0,9074.0,2551.25
2026-07-07 13:10:33,2026-07-07 12:55,5843.0,5979.0,-2.27,25285600,6113.0,5831.0,9074.0,2551.25
2026-07-07 13:15:34,2026-07-07 13:00,5852.0,5979.0,-2.12,25779200,6113.0,5831.0,9074.0,2551.25
2026-07-07 13:20:30,2026-07-07 13:05,5859.0,5979.0,-2.01,26154100,6113.0,5831.0,9074.0,2551.25
2026-07-07 13:25:37,2026-07-07 13:10,5850.0,5979.0,-2.16,26668400,6113.0,5831.0,9074.0,2551.25
2026-07-07 13:30:38,2026-07-07 13:15,5844.0,5979.0,-2.26,27040400,6113.0,5831.0,9074.0,2551.25
2026-07-07 13:35:40,2026-07-07 13:20,5835.0,5979.0,-2.41,27594900,6113.0,5823.0,9074.0,2551.25
2026-07-07 13:40:32,2026-07-07 13:25,5818.0,5979.0,-2.69,28073500,6113.0,5812.0,9074.0,2551.25
2026-07-07 13:45:37,2026-07-07 13:30,5817.0,5979.0,-2.71,28546700,6113.0,5805.0,9074.0,2551.25
2026-07-07 13:50:43,2026-07-07 13:35,5823.0,5979.0,-2.61,28894200,6113.0,5805.0,9074.0,2551.25
2026-07-07 13:55:37,2026-07-07 13:40,5790.0,5979.0,-3.16,29911500,6113.0,5790.0,9074.0,2551.25
2026-07-07 14:00:37,2026-07-07 13:45,5791.0,5979.0,-3.14,30535000,6113.0,5787.0,9074.0,2551.25
2026-07-07 14:05:41,2026-07-07 13:50,5784.0,5979.0,-3.26,30897600,6113.0,5783.0,9074.0,2551.25
2026-07-07 14:10:46,2026-07-07 13:55,5785.0,5979.0,-3.24,31255500,6113.0,5781.0,9074.0,2551.25
2026-07-07 14:15:40,2026-07-07 14:00,5771.0,5979.0,-3.48,31818700,6113.0,5768.0,9074.0,2551.25
2026-07-07 14:20:47,2026-07-07 14:05,5753.0,5979.0,-3.78,32330300,6113.0,5752.0,9074.0,2551.25
2026-07-07 14:25:32,2026-07-07 14:10,5735.0,5979.0,-4.08,33389700,6113.0,5727.0,9074.0,2551.25
2026-07-07 14:30:39,2026-07-07 14:15,5713.0,5979.0,-4.45,34114100,6113.0,5711.0,9074.0,2551.25
2026-07-07 14:35:38,2026-07-07 14:20,5720.0,5979.0,-4.33,35235300,6113.0,5691.0,9074.0,2551.25
2026-07-07 14:40:32,2026-07-07 14:25,5713.0,5979.0,-4.45,35948200,6113.0,5691.0,9074.0,2551.25
2026-07-07 14:45:53,2026-07-07 14:30,5739.0,5979.0,-4.01,36646100,6113.0,5691.0,9074.0,2551.25
2026-07-07 14:50:32,2026-07-07 14:35,5767.0,5979.0,-3.55,37276900,6113.0,5691.0,9074.0,2551.25
2026-07-07 14:55:59,2026-07-07 14:40,5772.0,5979.0,-3.46,37816200,6113.0,5691.0,9074.0,2551.25
2026-07-07 15:00:49,2026-07-07 14:45,5785.0,5979.0,-3.24,38317200,6113.0,5691.0,9074.0,2551.25
2026-07-07 15:05:41,2026-07-07 14:50,5764.0,5979.0,-3.6,38873500,6113.0,5691.0,9074.0,2551.25
2026-07-07 15:10:42,2026-07-07 14:55,5793.0,5979.0,-3.11,39305700,6113.0,5691.0,9074.0,2551.25
2026-07-07 15:15:46,2026-07-07 15:00,5784.0,5979.0,-3.26,39859000,6113.0,5691.0,9074.0,2551.25
2026-07-07 15:20:34,2026-07-07 15:05,5787.0,5979.0,-3.21,40205400,6113.0,5691.0,9074.0,2551.25
2026-07-07 15:25:36,2026-07-07 15:10,5780.0,5979.0,-3.33,40579600,6113.0,5691.0,9074.0,2551.25
2026-07-07 15:30:35,2026-07-07 15:15,5777.0,5979.0,-3.38,41041500,6113.0,5691.0,9074.0,2551.25
2026-07-08 09:00:44,2026-07-07 15:30,5771.0,5979.0,-3.48,45979200,6113.0,5691.0,9074.0,2551.25
2026-07-08 09:05:30,2026-07-07 15:30,5771.0,5979.0,-3.48,45979200,6113.0,5691.0,9074.0,2551.25
2026-07-08 09:10:35,2026-07-07 15:30,5771.0,5979.0,-3.48,45979200,6113.0,5691.0,9074.0,2551.25
2026-07-08 09:15:39,2026-07-07 15:30,5771.0,5979.0,-3.48,45979200,6113.0,5691.0,9074.0,2551.25
2026-07-08 09:20:36,2026-07-08 09:05,5633.0,5771.0,-2.39,2320500,5653.0,5567.0,9074.0,2551.25
2026-07-08 09:25:32,2026-07-08 09:10,5635.0,5771.0,-2.36,3886300,5725.0,5567.0,9074.0,2551.25
2026-07-08 09:30:43,2026-07-08 09:15,5651.0,5771.0,-2.08,4947500,5725.0,5567.0,9074.0,2551.25
2026-07-08 09:35:29,2026-07-08 09:20,5666.0,5771.0,-1.82,5877000,5725.0,5567.0,9074.0,2551.25
2026-07-08 09:40:31,2026-07-08 09:25,5779.0,5771.0,0.14,7129900,5779.0,5567.0,9074.0,2551.25
2026-07-08 09:45:30,2026-07-08 09:30,5779.0,5771.0,0.14,8378300,5803.0,5567.0,9074.0,2551.25
2026-07-08 09:50:36,2026-07-08 09:35,5718.0,5771.0,-0.92,9393900,5803.0,5567.0,9074.0,2551.25
2026-07-08 09:55:33,2026-07-08 09:40,5765.0,5771.0,-0.1,10152000,5803.0,5567.0,9074.0,2551.25
2026-07-08 10:00:45,2026-07-08 09:45,5813.0,5771.0,0.73,11015100,5824.0,5567.0,9074.0,2551.25
2026-07-08 10:05:32,2026-07-08 09:50,5835.0,5771.0,1.11,11840500,5846.0,5567.0,9074.0,2551.25
2026-07-08 10:10:29,2026-07-08 09:55,5850.0,5771.0,1.37,12635200,5856.0,5567.0,9074.0,2551.25
2026-07-08 10:15:31,2026-07-08 10:00,5842.0,5771.0,1.23,13094300,5857.0,5567.0,9074.0,2551.25
2026-07-08 10:20:33,2026-07-08 10:05,5811.0,5771.0,0.69,13767700,5857.0,5567.0,9074.0,2551.25
2026-07-08 10:25:29,2026-07-08 10:10,5834.0,5771.0,1.09,14473600,5857.0,5567.0,9074.0,2551.25
2026-07-08 10:30:30,2026-07-08 10:15,5845.0,5771.0,1.28,15036700,5857.0,5567.0,9074.0,2551.25
2026-07-08 10:35:33,2026-07-08 10:20,5810.0,5771.0,0.68,15451300,5857.0,5567.0,9074.0,2551.25
2026-07-08 10:40:32,2026-07-08 10:25,5779.0,5771.0,0.14,16003300,5857.0,5567.0,9074.0,2551.25
2026-07-08 10:45:30,2026-07-08 10:30,5779.0,5771.0,0.14,16428300,5857.0,5567.0,9074.0,2551.25
2026-07-08 10:50:33,2026-07-08 10:35,5764.0,5771.0,-0.12,16841100,5857.0,5567.0,9074.0,2551.25
2026-07-08 10:55:29,2026-07-08 10:40,5788.0,5771.0,0.29,17463600,5857.0,5567.0,9074.0,2551.25
2026-07-08 11:00:30,2026-07-08 10:45,5797.0,5771.0,0.45,17809500,5857.0,5567.0,9074.0,2551.25
2026-07-08 11:05:43,2026-07-08 10:50,5835.0,5771.0,1.11,18499700,5857.0,5567.0,9074.0,2551.25
2026-07-08 11:10:35,2026-07-08 10:55,5789.0,5771.0,0.31,18878400,5857.0,5567.0,9074.0,2551.25
2026-07-08 11:15:34,2026-07-08 11:00,5801.0,5771.0,0.52,19158300,5857.0,5567.0,9074.0,2551.25
2026-07-08 11:20:32,2026-07-08 11:05,5780.0,5771.0,0.16,19415300,5857.0,5567.0,9074.0,2551.25
2026-07-08 11:25:33,2026-07-08 11:10,5785.0,5771.0,0.24,19732800,5857.0,5567.0,9074.0,2551.25
2026-07-08 11:30:29,2026-07-08 11:15,5778.0,5771.0,0.12,19958000,5857.0,5567.0,9074.0,2551.25
2026-07-08 12:30:33,2026-07-08 11:30,5800.0,5771.0,0.5,20834600,5857.0,5567.0,9074.0,2551.25
2026-07-08 12:35:31,2026-07-08 11:30,5800.0,5771.0,0.5,20834600,5857.0,5567.0,9074.0,2551.25
2026-07-08 12:40:37,2026-07-08 11:30,5800.0,5771.0,0.5,20834600,5857.0,5567.0,9074.0,2551.25
2026-07-08 12:45:38,2026-07-08 12:30,5886.0,5771.0,1.99,21799300,5911.0,5567.0,9074.0,2551.25
2026-07-08 12:50:31,2026-07-08 12:35,5853.0,5771.0,1.42,22355500,5911.0,5567.0,9074.0,2551.25
2026-07-08 12:55:30,2026-07-08 12:40,5836.0,5771.0,1.13,23035700,5911.0,5567.0,9074.0,2551.25
2026-07-08 13:00:34,2026-07-08 12:45,5850.0,5771.0,1.37,23407700,5911.0,5567.0,9074.0,2551.25
2026-07-08 13:05:30,2026-07-08 12:50,5851.0,5771.0,1.39,23667500,5911.0,5567.0,9074.0,2551.25
2026-07-08 13:10:34,2026-07-08 12:55,5852.0,5771.0,1.4,23878200,5911.0,5567.0,9074.0,2551.25
2026-07-08 13:15:32,2026-07-08 13:00,5832.0,5771.0,1.06,24123000,5911.0,5567.0,9074.0,2551.25
2026-07-08 13:20:30,2026-07-08 13:05,5846.0,5771.0,1.3,24439700,5911.0,5567.0,9074.0,2551.25
2026-07-08 13:25:29,2026-07-08 13:10,5841.0,5771.0,1.21,24807700,5911.0,5567.0,9074.0,2551.25
2026-07-08 13:30:28,2026-07-08 13:15,5835.0,5771.0,1.11,24989700,5911.0,5567.0,9074.0,2551.25
2026-07-08 13:35:28,2026-07-08 13:20,5839.0,5771.0,1.18,25206700,5911.0,5567.0,9074.0,2551.25
2026-07-08 13:40:31,2026-07-08 13:25,5858.0,5771.0,1.51,25534000,5911.0,5567.0,9074.0,2551.25
2026-07-08 13:45:30,2026-07-08 13:30,5849.0,5771.0,1.35,25720300,5911.0,5567.0,9074.0,2551.25
2026-07-08 13:50:32,2026-07-08 13:35,5835.0,5771.0,1.11,25973000,5911.0,5567.0,9074.0,2551.25
2026-07-08 13:55:37,2026-07-08 13:40,5830.0,5771.0,1.02,26260800,5911.0,5567.0,9074.0,2551.25
2026-07-08 14:00:30,2026-07-08 13:45,5820.0,5771.0,0.85,26453700,5911.0,5567.0,9074.0,2551.25
2026-07-08 14:05:37,2026-07-08 13:50,5844.0,5771.0,1.26,26818500,5911.0,5567.0,9074.0,2551.25
2026-07-08 14:10:29,2026-07-08 13:55,5815.0,5771.0,0.76,27047700,5911.0,5567.0,9074.0,2551.25
2026-07-08 14:15:33,2026-07-08 14:00,5857.0,5771.0,1.49,27471200,5911.0,5567.0,9074.0,2551.25
2026-07-08 14:20:30,2026-07-08 14:05,5860.0,5771.0,1.54,27948100,5911.0,5567.0,9074.0,2551.25
2026-07-08 14:25:30,2026-07-08 14:10,5863.0,5771.0,1.59,28310700,5911.0,5567.0,9074.0,2551.25
2026-07-08 14:30:46,2026-07-08 14:15,5906.0,5771.0,2.34,29191900,5914.0,5567.0,9074.0,2551.25
2026-07-08 14:35:32,2026-07-08 14:20,5884.0,5771.0,1.96,29871500,5916.0,5567.0,9074.0,2551.25
2026-07-08 14:40:39,2026-07-08 14:25,5882.0,5771.0,1.92,30404700,5916.0,5567.0,9074.0,2551.25
2026-07-08 14:45:35,2026-07-08 14:30,5896.0,5771.0,2.17,30867200,5916.0,5567.0,9074.0,2551.25
2026-07-08 14:50:32,2026-07-08 14:35,5910.0,5771.0,2.41,31661200,5916.0,5567.0,9074.0,2551.25
2026-07-08 14:55:35,2026-07-08 14:40,5886.0,5771.0,1.99,32175400,5916.0,5567.0,9074.0,2551.25
2026-07-08 15:00:30,2026-07-08 14:45,5873.0,5771.0,1.77,32671600,5916.0,5567.0,9074.0,2551.25
2026-07-08 15:05:30,2026-07-08 14:50,5830.0,5771.0,1.02,33286200,5916.0,5567.0,9074.0,2551.25
2026-07-08 15:10:42,2026-07-08 14:55,5844.0,5771.0,1.26,33798500,5916.0,5567.0,9074.0,2551.25
2026-07-08 15:15:33,2026-07-08 15:00,5813.0,5771.0,0.73,34177200,5916.0,5567.0,9074.0,2551.25
2026-07-08 15:20:36,2026-07-08 15:05,5816.0,5771.0,0.78,34524300,5916.0,5567.0,9074.0,2551.25
2026-07-08 15:25:35,2026-07-08 15:10,5812.0,5771.0,0.71,35001400,5916.0,5567.0,9074.0,2551.25
2026-07-08 15:30:31,2026-07-08 15:15,5810.0,5771.0,0.68,35414800,5916.0,5567.0,9074.0,2551.25
2026-07-09 09:00:35,2026-07-08 15:30,5763.0,5771.0,-0.14,41852300,5916.0,5567.0,9074.0,2551.25
2026-07-09 09:05:33,2026-07-08 15:30,5763.0,5771.0,-0.14,41852300,5916.0,5567.0,9074.0,2551.25
2026-07-09 09:10:36,2026-07-08 15:30,5763.0,5771.0,-0.14,41852300,5916.0,5567.0,9074.0,2551.25
2026-07-09 09:15:32,2026-07-09 09:00,5763.0,5771.0,-0.14,43181300,5830.0,5754.0,9074.0,2551.25
2026-07-09 09:20:39,2026-07-09 09:05,5872.0,5763.0,1.89,3693500,5889.0,5754.0,9074.0,2551.25
2026-07-09 09:25:34,2026-07-09 09:10,5876.0,5763.0,1.96,4963400,5900.0,5754.0,9074.0,2551.25
2026-07-09 09:30:35,2026-07-09 09:15,5907.0,5763.0,2.5,6216600,5908.0,5754.0,9074.0,2551.25
2026-07-09 09:35:31,2026-07-09 09:20,5834.0,5763.0,1.23,7096800,5913.0,5754.0,9074.0,2551.25
2026-07-09 09:40:33,2026-07-09 09:25,5859.0,5763.0,1.67,7953200,5913.0,5754.0,9074.0,2551.25
2026-07-09 09:45:33,2026-07-09 09:30,5898.0,5763.0,2.34,8865300,5913.0,5754.0,9074.0,2551.25
2026-07-09 09:50:31,2026-07-09 09:35,5891.0,5763.0,2.22,9567000,5913.0,5754.0,9074.0,2551.25
2026-07-09 09:55:29,2026-07-09 09:40,5896.0,5763.0,2.31,10141700,5913.0,5754.0,9074.0,2551.25
2026-07-09 10:00:32,2026-07-09 09:45,5906.0,5763.0,2.48,10668400,5913.0,5754.0,9074.0,2551.25
2026-07-09 10:05:32,2026-07-09 09:50,5908.0,5763.0,2.52,11175000,5919.0,5754.0,9074.0,2551.25
2026-07-09 10:10:32,2026-07-09 09:55,5832.0,5763.0,1.2,11900100,5919.0,5754.0,9074.0,2551.25
2026-07-09 10:15:52,2026-07-09 10:00,5871.0,5763.0,1.87,12537400,5919.0,5754.0,9074.0,2551.25
2026-07-09 10:20:33,2026-07-09 10:05,5870.0,5763.0,1.86,12998400,5919.0,5754.0,9074.0,2551.25
2026-07-09 10:25:28,2026-07-09 10:10,5943.0,5763.0,3.12,14234000,5953.0,5754.0,9074.0,2551.25
2026-07-09 10:30:29,2026-07-09 10:15,5931.0,5763.0,2.92,14790500,5953.0,5754.0,9074.0,2551.25
2026-07-09 10:35:40,2026-07-09 10:20,5932.0,5763.0,2.93,15435600,5958.0,5754.0,9074.0,2551.25
2026-07-09 10:40:31,2026-07-09 10:25,5895.0,5763.0,2.29,16094100,5958.0,5754.0,9074.0,2551.25
2026-07-09 10:45:37,2026-07-09 10:30,5907.0,5763.0,2.5,16705200,5958.0,5754.0,9074.0,2551.25
2026-07-09 10:50:31,2026-07-09 10:35,5878.0,5763.0,2.0,17205800,5958.0,5754.0,9074.0,2551.25
2026-07-09 10:55:31,2026-07-09 10:40,5882.0,5763.0,2.06,17650900,5958.0,5754.0,9074.0,2551.25
2026-07-09 11:00:39,2026-07-09 10:45,5885.0,5763.0,2.12,18092500,5958.0,5754.0,9074.0,2551.25
2026-07-09 11:05:51,2026-07-09 10:50,5858.0,5763.0,1.65,18663900,5958.0,5754.0,9074.0,2551.25
2026-07-09 11:10:44,2026-07-09 10:55,5811.0,5763.0,0.83,19414100,5958.0,5754.0,9074.0,2551.25
2026-07-09 11:15:36,2026-07-09 11:00,5805.0,5763.0,0.73,20169100,5958.0,5754.0,9074.0,2551.25
2026-07-09 11:20:47,2026-07-09 11:05,5801.0,5763.0,0.66,20937400,5958.0,5754.0,9074.0,2551.25
2026-07-09 11:25:37,2026-07-09 11:10,5826.0,5763.0,1.09,21428500,5958.0,5754.0,9074.0,2551.25
2026-07-09 11:30:32,2026-07-09 11:15,5826.0,5763.0,1.09,21869600,5958.0,5754.0,9074.0,2551.25
2026-07-09 12:30:38,2026-07-09 11:30,5791.0,5763.0,0.49,23447100,5958.0,5754.0,9074.0,2551.25
2026-07-09 12:35:49,2026-07-09 11:30,5791.0,5763.0,0.49,23447100,5958.0,5754.0,9074.0,2551.25
2026-07-09 12:40:39,2026-07-09 11:30,5791.0,5763.0,0.49,23447100,5958.0,5754.0,9074.0,2551.25
2026-07-09 12:45:30,2026-07-09 12:30,5792.0,5763.0,0.5,23748500,5958.0,5754.0,9074.0,2551.25
2026-07-09 12:50:28,2026-07-09 12:35,5806.0,5763.0,0.75,24398200,5958.0,5754.0,9074.0,2551.25
2026-07-09 12:55:34,2026-07-09 12:40,5793.0,5763.0,0.52,24951000,5958.0,5754.0,9074.0,2551.25
2026-07-09 13:00:39,2026-07-09 12:45,5799.0,5763.0,0.62,25400600,5958.0,5754.0,9074.0,2551.25
2026-07-09 13:05:29,2026-07-09 12:50,5791.0,5763.0,0.49,25675000,5958.0,5754.0,9074.0,2551.25
2026-07-09 13:10:31,2026-07-09 12:55,5760.0,5763.0,-0.05,26156400,5958.0,5754.0,9074.0,2551.25
2026-07-09 13:15:31,2026-07-09 13:00,5779.0,5763.0,0.28,26687400,5958.0,5754.0,9074.0,2551.25
2026-07-09 13:20:35,2026-07-09 13:05,5785.0,5763.0,0.38,27008100,5958.0,5754.0,9074.0,2551.25
2026-07-09 13:25:36,2026-07-09 13:10,5791.0,5763.0,0.49,27362100,5958.0,5754.0,9074.0,2551.25
2026-07-09 13:30:38,2026-07-09 13:15,5800.0,5763.0,0.64,27699000,5958.0,5754.0,9074.0,2551.25
2026-07-09 13:35:32,2026-07-09 13:20,5781.0,5763.0,0.31,27986800,5958.0,5754.0,9074.0,2551.25
2026-07-09 13:40:46,2026-07-09 13:25,5754.0,5763.0,-0.16,28764100,5958.0,5747.0,9074.0,2551.25
2026-07-09 13:45:32,2026-07-09 13:30,5767.0,5763.0,0.07,29187100,5958.0,5747.0,9074.0,2551.25
2026-07-09 13:50:29,2026-07-09 13:35,5779.0,5763.0,0.28,29571600,5958.0,5747.0,9074.0,2551.25
2026-07-09 13:55:30,2026-07-09 13:40,5769.0,5763.0,0.1,29827400,5958.0,5747.0,9074.0,2551.25
2026-07-09 14:00:30,2026-07-09 13:45,5761.0,5763.0,-0.03,29994800,5958.0,5747.0,9074.0,2551.25
2026-07-09 14:10:31,2026-07-09 13:55,5768.0,5763.0,0.09,30539400,5958.0,5747.0,9074.0,2551.25
2026-07-09 14:15:36,2026-07-09 14:00,5762.0,5763.0,-0.02,30817600,5958.0,5747.0,9074.0,2551.25
2026-07-09 14:20:37,2026-07-09 14:05,5744.0,5763.0,-0.33,31449100,5958.0,5741.0,9074.0,2551.25
2026-07-09 14:25:32,2026-07-09 14:10,5759.0,5763.0,-0.07,31884100,5958.0,5734.0,9074.0,2551.25
2026-07-09 14:30:40,2026-07-09 14:15,5765.0,5763.0,0.03,32614200,5958.0,5734.0,9074.0,2551.25
2026-07-09 14:35:44,2026-07-09 14:20,5740.0,5763.0,-0.4,33174800,5958.0,5734.0,9074.0,2551.25
2026-07-09 14:45:33,2026-07-09 14:30,5743.0,5763.0,-0.35,33750700,5958.0,5734.0,9074.0,2551.25
2026-07-09 14:50:33,2026-07-09 14:35,5750.0,5763.0,-0.23,34350100,5958.0,5724.0,9074.0,2551.25
2026-07-09 14:55:42,2026-07-09 14:40,5767.0,5763.0,0.07,34720900,5958.0,5724.0,9074.0,2551.25
2026-07-09 15:05:45,2026-07-09 14:50,5764.0,5763.0,0.02,35415400,5958.0,5724.0,9074.0,2551.25
2026-07-09 15:10:41,2026-07-09 14:55,5782.0,5763.0,0.33,35827000,5958.0,5724.0,9074.0,2551.25
2026-07-09 15:15:35,2026-07-09 15:00,5792.0,5763.0,0.5,36299800,5958.0,5724.0,9074.0,2551.25
2026-07-09 15:20:41,2026-07-09 15:05,5802.0,5763.0,0.68,36793800,5958.0,5724.0,9074.0,2551.25
2026-07-09 15:25:47,2026-07-09 15:10,5786.0,5763.0,0.4,37141500,5958.0,5724.0,9074.0,2551.25
2026-07-09 15:30:50,2026-07-09 15:15,5777.0,5763.0,0.24,37499000,5958.0,5724.0,9074.0,2551.25
2026-07-09 15:33:03,2026-07-09 15:18,5772.0,5763.0,0.16,37614000,5958.0,5724.0,9074.0,2551.25
2026-07-10 09:00:34,2026-07-09 15:30,5757.0,5763.0,-0.1,41571500,5958.0,5724.0,9074.0,2551.25
2026-07-10 09:05:49,2026-07-09 15:30,5757.0,5763.0,-0.1,41571500,5958.0,5724.0,9074.0,2551.25
2026-07-10 09:10:38,2026-07-09 15:30,5757.0,5763.0,-0.1,41571500,5958.0,5724.0,9074.0,2551.25
2026-07-10 09:15:39,2026-07-09 15:30,5757.0,5763.0,-0.1,41571500,5958.0,5724.0,9074.0,2551.25
2026-07-10 09:20:31,2026-07-09 15:30,5757.0,5763.0,-0.1,41571500,5958.0,5724.0,9074.0,2551.25
2026-07-10 09:25:33,2026-07-10 09:10,6133.0,5757.0,6.53,7391900,6156.0,6004.0,9074.0,2551.25
2026-07-10 09:30:40,2026-07-10 09:15,6187.0,5757.0,7.47,10542500,6209.0,6004.0,9074.0,2551.25
2026-07-10 09:35:42,2026-07-10 09:20,6196.0,5757.0,7.63,12259300,6213.0,6004.0,9074.0,2551.25
2026-07-10 09:40:32,2026-07-10 09:25,6226.0,5757.0,8.15,13934100,6229.0,6004.0,9074.0,2551.25
2026-07-10 09:46:05,2026-07-10 09:31,6226.0,5757.0,8.15,15339600,6234.0,6004.0,9074.0,2551.25
2026-07-10 09:50:29,2026-07-10 09:35,6205.0,5757.0,7.78,16052700,6234.0,6004.0,9074.0,2551.25
2026-07-10 09:55:34,2026-07-10 09:40,6216.0,5757.0,7.97,16804500,6234.0,6004.0,9074.0,2551.25
2026-07-10 10:00:30,2026-07-10 09:45,6239.0,5757.0,8.37,18589600,6256.0,6004.0,9074.0,2551.25
2026-07-10 10:05:32,2026-07-10 09:50,6277.0,5757.0,9.03,19931900,6285.0,6004.0,9074.0,2551.25
2026-07-10 10:10:38,2026-07-10 09:55,6328.0,5757.0,9.92,21854800,6344.0,6004.0,9074.0,2551.25
2026-07-10 10:15:34,2026-07-10 10:00,6337.0,5757.0,10.07,22640400,6344.0,6004.0,9074.0,2551.25
2026-07-10 10:20:33,2026-07-10 10:05,6352.0,5757.0,10.34,23855100,6371.0,6004.0,9074.0,2551.25
2026-07-10 10:25:40,2026-07-10 10:10,6365.0,5757.0,10.56,24784900,6380.0,6004.0,9074.0,2551.25
2026-07-10 10:30:30,2026-07-10 10:15,6384.0,5757.0,10.89,26106800,6396.0,6004.0,9074.0,2551.25
2026-07-10 10:35:29,2026-07-10 10:20,6436.0,5757.0,11.79,27579600,6437.0,6004.0,9074.0,2551.25
2026-07-10 10:40:29,2026-07-10 10:25,6433.0,5757.0,11.74,28604800,6437.0,6004.0,9074.0,2551.25
2026-07-10 10:45:32,2026-07-10 10:30,6495.0,5757.0,12.82,30812000,6499.0,6004.0,9074.0,2551.25
2026-07-10 10:50:41,2026-07-10 10:35,6497.0,5757.0,12.85,33679700,6556.0,6004.0,9074.0,2551.25
2026-07-10 10:55:44,2026-07-10 10:40,6446.0,5757.0,11.97,35796000,6556.0,6004.0,9074.0,2551.25
2026-07-10 11:00:31,2026-07-10 10:45,6416.0,5757.0,11.45,37273700,6556.0,6004.0,9074.0,2551.25
2026-07-10 11:05:36,2026-07-10 10:50,6420.0,5757.0,11.52,38394700,6556.0,6004.0,9074.0,2551.25
2026-07-10 11:10:39,2026-07-10 10:55,6421.0,5757.0,11.53,39195400,6556.0,6004.0,9074.0,2551.25
2026-07-10 11:15:35,2026-07-10 11:00,6417.0,5757.0,11.46,39686200,6556.0,6004.0,9074.0,2551.25
2026-07-10 11:20:37,2026-07-10 11:05,6386.0,5757.0,10.93,41492000,6556.0,6004.0,9074.0,2551.25
2026-07-10 11:25:41,2026-07-10 11:10,6387.0,5757.0,10.94,43169200,6556.0,6004.0,9074.0,2551.25
2026-07-10 11:30:43,2026-07-10 11:15,6406.0,5757.0,11.27,43810000,6556.0,6004.0,9074.0,2551.25
2026-07-10 12:30:32,2026-07-10 11:30,6423.0,5757.0,11.57,45155500,6556.0,6004.0,9074.0,2551.25
2026-07-10 12:35:32,2026-07-10 11:30,6423.0,5757.0,11.57,45155500,6556.0,6004.0,9074.0,2551.25
2026-07-10 12:40:39,2026-07-10 11:30,6423.0,5757.0,11.57,45155500,6556.0,6004.0,9074.0,2551.25
2026-07-10 12:45:36,2026-07-10 12:30,6427.0,5757.0,11.64,45768300,6556.0,6004.0,9074.0,2551.25
2026-07-10 12:50:49,2026-07-10 12:35,6354.0,5757.0,10.37,47059900,6556.0,6004.0,9074.0,2551.25
2026-07-10 12:55:29,2026-07-10 12:40,6375.0,5757.0,10.73,48046700,6556.0,6004.0,9074.0,2551.25
2026-07-10 13:00:54,2026-07-10 12:45,6366.0,5757.0,10.58,48693900,6556.0,6004.0,9074.0,2551.25
2026-07-10 13:05:34,2026-07-10 12:50,6380.0,5757.0,10.82,49306900,6556.0,6004.0,9074.0,2551.25
2026-07-10 13:10:34,2026-07-10 12:55,6392.0,5757.0,11.03,49713400,6556.0,6004.0,9074.0,2551.25
2026-07-10 13:15:35,2026-07-10 13:00,6420.0,5757.0,11.52,50451300,6556.0,6004.0,9074.0,2551.25
2026-07-10 13:20:35,2026-07-10 13:05,6418.0,5757.0,11.48,51109100,6556.0,6004.0,9074.0,2551.25
2026-07-10 13:25:32,2026-07-10 13:10,6432.0,5757.0,11.72,51650100,6556.0,6004.0,9074.0,2551.25
2026-07-10 13:30:33,2026-07-10 13:15,6405.0,5757.0,11.26,52134000,6556.0,6004.0,9074.0,2551.25
2026-07-10 13:35:43,2026-07-10 13:20,6416.0,5757.0,11.45,52479600,6556.0,6004.0,9074.0,2551.25
2026-07-10 13:40:38,2026-07-10 13:25,6412.0,5757.0,11.38,52791700,6556.0,6004.0,9074.0,2551.25
2026-07-10 13:45:32,2026-07-10 13:30,6429.0,5757.0,11.67,53102700,6556.0,6004.0,9074.0,2551.25
2026-07-10 13:50:34,2026-07-10 13:35,6427.0,5757.0,11.64,53545200,6556.0,6004.0,9074.0,2551.25
2026-07-10 13:55:35,2026-07-10 13:40,6419.0,5757.0,11.5,53839200,6556.0,6004.0,9074.0,2551.25
2026-07-10 14:00:46,2026-07-10 13:45,6418.0,5757.0,11.48,54120700,6556.0,6004.0,9074.0,2551.25
2026-07-10 14:05:38,2026-07-10 13:50,6444.0,5757.0,11.93,55146000,6556.0,6004.0,9074.0,2551.25
2026-07-10 14:10:40,2026-07-10 13:55,6452.0,5757.0,12.07,55767600,6556.0,6004.0,9074.0,2551.25
2026-07-10 14:15:29,2026-07-10 14:00,6430.0,5757.0,11.69,56554500,6556.0,6004.0,9074.0,2551.25
2026-07-10 14:20:35,2026-07-10 14:05,6425.0,5757.0,11.6,57159400,6556.0,6004.0,9074.0,2551.25
2026-07-10 14:25:32,2026-07-10 14:10,6430.0,5757.0,11.69,57669900,6556.0,6004.0,9074.0,2551.25
2026-07-10 14:30:36,2026-07-10 14:15,6485.0,5757.0,12.65,59091600,6556.0,6004.0,9074.0,2551.25
2026-07-10 14:35:32,2026-07-10 14:20,6441.0,5757.0,11.88,59788600,6556.0,6004.0,9074.0,2551.25
2026-07-10 14:40:35,2026-07-10 14:25,6438.0,5757.0,11.83,60325400,6556.0,6004.0,9074.0,2551.25
2026-07-10 14:45:48,2026-07-10 14:30,6450.0,5757.0,12.04,60763400,6556.0,6004.0,9074.0,2551.25
2026-07-10 14:50:36,2026-07-10 14:35,6447.0,5757.0,11.99,61145700,6556.0,6004.0,9074.0,2551.25
2026-07-10 14:55:33,2026-07-10 14:40,6440.0,5757.0,11.86,61435800,6556.0,6004.0,9074.0,2551.25
2026-07-10 15:00:36,2026-07-10 14:45,6448.0,5757.0,12.0,61892100,6556.0,6004.0,9074.0,2551.25
2026-07-10 15:05:36,2026-07-10 14:50,6447.0,5757.0,11.99,62250100,6556.0,6004.0,9074.0,2551.25
2026-07-10 15:10:40,2026-07-10 14:55,6428.0,5757.0,11.66,62832800,6556.0,6004.0,9074.0,2551.25
2026-07-10 15:15:31,2026-07-10 15:00,6425.0,5757.0,11.6,63351400,6556.0,6004.0,9074.0,2551.25
2026-07-10 15:20:40,2026-07-10 15:05,6407.0,5757.0,11.29,63957700,6556.0,6004.0,9074.0,2551.25
2026-07-10 15:25:34,2026-07-10 15:10,6401.0,5757.0,11.19,64682600,6556.0,6004.0,9074.0,2551.25
2026-07-10 15:30:56,2026-07-10 15:15,6391.0,5757.0,11.01,65368600,6556.0,6004.0,9074.0,2551.25
2026-07-10 15:40:37,2026-07-10 15:24,6369.0,5757.0,10.63,66825200,6556.0,6004.0,9074.0,2551.25
2026-07-13 09:00:31,2026-07-10 15:30,6370.0,5757.0,10.65,72262000,6556.0,6004.0,9074.0,2551.25
2026-07-13 09:05:34,2026-07-10 15:30,6370.0,5757.0,10.65,72262000,6556.0,6004.0,9074.0,2551.25
2026-07-13 09:10:38,2026-07-10 15:30,6370.0,5757.0,10.65,72262000,6556.0,6004.0,9074.0,2551.25
2026-07-13 09:15:32,2026-07-13 09:00,6278.0,5757.0,9.05,75209700,6400.0,6249.0,9074.0,2551.25
2026-07-13 09:20:35,2026-07-13 09:05,6495.0,6370.0,1.96,5319900,6504.0,6249.0,9074.0,2551.25
2026-07-13 09:25:41,2026-07-13 09:10,6507.0,6370.0,2.15,7227200,6522.0,6249.0,9074.0,2551.25
2026-07-13 09:30:46,2026-07-13 09:15,6505.0,6370.0,2.12,8528900,6542.0,6249.0,9074.0,2551.25
2026-07-13 09:36:52,2026-07-13 09:21,6477.0,6370.0,1.68,9905600,6542.0,6249.0,9074.0,2551.25
2026-07-13 09:40:58,2026-07-13 09:25,6490.0,6370.0,1.88,10635800,6542.0,6249.0,9074.0,2551.25
2026-07-13 09:47:19,2026-07-13 09:32,6481.0,6370.0,1.74,11695200,6542.0,6249.0,9074.0,2551.25
2026-07-13 09:52:10,2026-07-13 09:37,6486.0,6370.0,1.82,12252700,6542.0,6249.0,9074.0,2551.25
2026-07-13 09:58:08,2026-07-13 09:43,6397.0,6370.0,0.42,13564800,6542.0,6249.0,9074.0,2551.25
2026-07-13 10:03:54,2026-07-13 09:48,6404.0,6370.0,0.53,14426500,6542.0,6249.0,9074.0,2551.25
2026-07-13 10:06:37,2026-07-13 09:51,6392.0,6370.0,0.35,14797200,6542.0,6249.0,9074.0,2551.25
2026-07-13 10:12:20,2026-07-13 09:57,6375.0,6370.0,0.08,15672500,6542.0,6249.0,9074.0,2551.25
2026-07-13 10:15:43,2026-07-13 10:00,6388.0,6370.0,0.28,15983800,6542.0,6249.0,9074.0,2551.25
2026-07-13 10:20:35,2026-07-13 10:05,6430.0,6370.0,0.94,17386600,6542.0,6249.0,9074.0,2551.25
2026-07-13 10:25:44,2026-07-13 10:10,6441.0,6370.0,1.11,18127800,6542.0,6249.0,9074.0,2551.25
2026-07-13 10:30:36,2026-07-13 10:15,6436.0,6370.0,1.04,18662900,6542.0,6249.0,9074.0,2551.25
2026-07-13 10:35:34,2026-07-13 10:20,6403.0,6370.0,0.52,19252900,6542.0,6249.0,9074.0,2551.25
2026-07-13 10:40:35,2026-07-13 10:25,6379.0,6370.0,0.14,19715600,6542.0,6249.0,9074.0,2551.25
2026-07-13 10:47:41,2026-07-13 10:32,6349.0,6370.0,-0.33,20569400,6542.0,6249.0,9074.0,2551.25
2026-07-13 10:50:44,2026-07-13 10:35,6347.0,6370.0,-0.36,20880600,6542.0,6249.0,9074.0,2551.25
2026-07-13 10:55:31,2026-07-13 10:40,6353.0,6370.0,-0.27,21320000,6542.0,6249.0,9074.0,2551.25
2026-07-13 11:00:29,2026-07-13 10:45,6327.0,6370.0,-0.68,21964400,6542.0,6249.0,9074.0,2551.25
2026-07-13 11:05:35,2026-07-13 10:50,6304.0,6370.0,-1.04,22628000,6542.0,6249.0,9074.0,2551.25
2026-07-13 11:10:34,2026-07-13 10:55,6310.0,6370.0,-0.94,23114900,6542.0,6249.0,9074.0,2551.25
2026-07-13 11:15:31,2026-07-13 11:00,6306.0,6370.0,-1.0,23737100,6542.0,6249.0,9074.0,2551.25
2026-07-13 11:20:31,2026-07-13 11:05,6321.0,6370.0,-0.77,24289800,6542.0,6249.0,9074.0,2551.25
2026-07-13 11:25:40,2026-07-13 11:10,6338.0,6370.0,-0.5,24792800,6542.0,6249.0,9074.0,2551.25
2026-07-13 11:30:32,2026-07-13 11:15,6328.0,6370.0,-0.66,25277800,6542.0,6249.0,9074.0,2551.25
2026-07-13 12:30:36,2026-07-13 11:30,6372.0,6370.0,0.03,26623200,6542.0,6249.0,9074.0,2551.25
2026-07-13 12:35:31,2026-07-13 11:30,6372.0,6370.0,0.03,26623200,6542.0,6249.0,9074.0,2551.25
2026-07-13 12:40:30,2026-07-13 11:30,6372.0,6370.0,0.03,26623200,6542.0,6249.0,9074.0,2551.25
2026-07-13 12:45:31,2026-07-13 12:30,6311.0,6370.0,-0.93,27049500,6542.0,6249.0,9074.0,2551.25
2026-07-13 12:50:33,2026-07-13 12:35,6304.0,6370.0,-1.04,27871100,6542.0,6249.0,9074.0,2551.25
2026-07-13 12:56:13,2026-07-13 12:41,6353.0,6370.0,-0.27,28498500,6542.0,6249.0,9074.0,2551.25
2026-07-13 13:00:30,2026-07-13 12:45,6364.0,6370.0,-0.09,29083700,6542.0,6249.0,9074.0,2551.25
2026-07-13 13:05:36,2026-07-13 12:50,6360.0,6370.0,-0.16,29567000,6542.0,6249.0,9074.0,2551.25
2026-07-13 13:10:32,2026-07-13 12:55,6349.0,6370.0,-0.33,29894700,6542.0,6249.0,9074.0,2551.25
2026-07-13 13:15:32,2026-07-13 13:00,6317.0,6370.0,-0.83,30350700,6542.0,6249.0,9074.0,2551.25
2026-07-13 13:22:36,2026-07-13 13:07,6306.0,6370.0,-1.0,31316800,6542.0,6249.0,9074.0,2551.25
2026-07-13 13:25:32,2026-07-13 13:10,6287.0,6370.0,-1.3,31622600,6542.0,6249.0,9074.0,2551.25
2026-07-13 13:32:40,2026-07-13 13:17,6316.0,6370.0,-0.85,32409700,6542.0,6249.0,9074.0,2551.25
2026-07-13 13:35:41,2026-07-13 13:20,6319.0,6370.0,-0.8,32737800,6542.0,6249.0,9074.0,2551.25
2026-07-13 13:40:31,2026-07-13 13:25,6336.0,6370.0,-0.53,33299500,6542.0,6249.0,9074.0,2551.25
2026-07-13 13:45:40,2026-07-13 13:30,6348.0,6370.0,-0.35,33687200,6542.0,6249.0,9074.0,2551.25
2026-07-13 13:50:33,2026-07-13 13:35,6313.0,6370.0,-0.89,34119300,6542.0,6249.0,9074.0,2551.25
2026-07-13 13:55:42,2026-07-13 13:40,6307.0,6370.0,-0.99,34478500,6542.0,6249.0,9074.0,2551.25
2026-07-13 14:00:29,2026-07-13 13:45,6293.0,6370.0,-1.21,34771500,6542.0,6249.0,9074.0,2551.25
2026-07-13 14:05:29,2026-07-13 13:50,6280.0,6370.0,-1.41,35182300,6542.0,6249.0,9074.0,2551.25
2026-07-13 14:10:29,2026-07-13 13:55,6274.0,6370.0,-1.51,35585600,6542.0,6249.0,9074.0,2551.25
2026-07-13 14:15:43,2026-07-13 14:00,6243.0,6370.0,-1.99,36161700,6542.0,6241.0,9074.0,2551.25
2026-07-13 14:20:32,2026-07-13 14:05,6283.0,6370.0,-1.37,36764600,6542.0,6239.0,9074.0,2551.25
2026-07-13 14:25:40,2026-07-13 14:10,6291.0,6370.0,-1.24,37245200,6542.0,6239.0,9074.0,2551.25
2026-07-13 14:30:34,2026-07-13 14:15,6271.0,6370.0,-1.55,37641900,6542.0,6239.0,9074.0,2551.25
2026-07-13 14:35:34,2026-07-13 14:20,6259.0,6370.0,-1.74,38108900,6542.0,6239.0,9074.0,2551.25
2026-07-13 14:40:33,2026-07-13 14:25,6251.0,6370.0,-1.87,38492600,6542.0,6239.0,9074.0,2551.25
2026-07-13 14:45:33,2026-07-13 14:30,6236.0,6370.0,-2.1,38996700,6542.0,6231.0,9074.0,2551.25
2026-07-13 14:50:32,2026-07-13 14:35,6285.0,6370.0,-1.33,39584600,6542.0,6231.0,9074.0,2551.25
2026-07-13 14:55:29,2026-07-13 14:40,6318.0,6370.0,-0.82,40117200,6542.0,6231.0,9074.0,2551.25
2026-07-13 15:00:31,2026-07-13 14:45,6319.0,6370.0,-0.8,40706000,6542.0,6231.0,9074.0,2551.25
2026-07-13 15:05:43,2026-07-13 14:50,6324.0,6370.0,-0.72,41106900,6542.0,6231.0,9074.0,2551.25
2026-07-13 15:10:30,2026-07-13 14:55,6323.0,6370.0,-0.74,41511000,6542.0,6231.0,9074.0,2551.25
2026-07-13 15:15:38,2026-07-13 15:00,6324.0,6370.0,-0.72,42167300,6542.0,6231.0,9074.0,2551.25
2026-07-13 15:20:38,2026-07-13 15:05,6322.0,6370.0,-0.75,42696200,6542.0,6231.0,9074.0,2551.25
2026-07-13 15:25:37,2026-07-13 15:10,6326.0,6370.0,-0.69,43063500,6542.0,6231.0,9074.0,2551.25
2026-07-13 15:30:30,2026-07-13 15:15,6324.0,6370.0,-0.72,43500500,6542.0,6231.0,9074.0,2551.25
2026-07-13 15:40:29,2026-07-13 15:24,6333.0,6370.0,-0.58,44489500,6542.0,6231.0,9074.0,2551.25
2026-07-14 09:00:30,2026-07-13 15:30,6364.0,6370.0,-0.09,47113500,6542.0,6231.0,9074.0,2551.25
2026-07-14 09:05:33,2026-07-13 15:30,6364.0,6370.0,-0.09,47113500,6542.0,6231.0,9074.0,2551.25
2026-07-14 09:10:56,2026-07-13 15:30,6364.0,6370.0,-0.09,47113500,6542.0,6231.0,9074.0,2551.25
2026-07-14 09:15:31,2026-07-13 15:30,6364.0,6370.0,-0.09,47113500,6542.0,6231.0,9074.0,2551.25
2026-07-14 09:20:33,2026-07-14 09:05,6087.0,6364.0,-4.35,2746400,6185.0,6046.0,9074.0,2551.25
2026-07-14 09:25:36,2026-07-14 09:10,6169.0,6364.0,-3.06,4851400,6185.0,6018.0,9074.0,2551.25
2026-07-14 09:30:29,2026-07-14 09:15,6252.0,6364.0,-1.76,6692500,6276.0,6018.0,9074.0,2551.25
2026-07-14 09:35:32,2026-07-14 09:20,6187.0,6364.0,-2.78,8016500,6276.0,6018.0,9074.0,2551.25
2026-07-14 09:40:36,2026-07-14 09:25,6206.0,6364.0,-2.48,9064500,6276.0,6018.0,9074.0,2551.25
2026-07-14 09:45:37,2026-07-14 09:30,6209.0,6364.0,-2.44,9847300,6276.0,6018.0,9074.0,2551.25
2026-07-14 09:50:31,2026-07-14 09:35,6307.0,6364.0,-0.9,11034500,6309.0,6018.0,9074.0,2551.25
2026-07-14 09:55:34,2026-07-14 09:40,6230.0,6364.0,-2.11,11934300,6320.0,6018.0,9074.0,2551.25
2026-07-14 10:00:31,2026-07-14 09:45,6241.0,6364.0,-1.93,12569500,6320.0,6018.0,9074.0,2551.25
2026-07-14 10:05:31,2026-07-14 09:50,6273.0,6364.0,-1.43,13194700,6320.0,6018.0,9074.0,2551.25
2026-07-14 10:10:30,2026-07-14 09:55,6312.0,6364.0,-0.82,14019700,6320.0,6018.0,9074.0,2551.25
2026-07-14 10:15:40,2026-07-14 10:00,6359.0,6364.0,-0.08,15102600,6380.0,6018.0,9074.0,2551.25
2026-07-14 10:20:31,2026-07-14 10:05,6368.0,6364.0,0.06,15767000,6382.0,6018.0,9074.0,2551.25
2026-07-14 10:25:31,2026-07-14 10:10,6398.0,6364.0,0.53,16917600,6421.0,6018.0,9074.0,2551.25
2026-07-14 10:30:37,2026-07-14 10:15,6423.0,6364.0,0.93,17967200,6449.0,6018.0,9074.0,2551.25
2026-07-14 10:35:41,2026-07-14 10:20,6433.0,6364.0,1.08,19620500,6468.0,6018.0,9074.0,2551.25
2026-07-14 10:40:40,2026-07-14 10:25,6495.0,6364.0,2.06,21023600,6495.0,6018.0,9074.0,2551.25
2026-07-14 10:45:33,2026-07-14 10:30,6557.0,6364.0,3.03,23287000,6565.0,6018.0,9074.0,2551.25
2026-07-14 10:50:34,2026-07-14 10:35,6517.0,6364.0,2.4,24552300,6565.0,6018.0,9074.0,2551.25
2026-07-14 10:55:34,2026-07-14 10:40,6534.0,6364.0,2.67,25368100,6565.0,6018.0,9074.0,2551.25
2026-07-14 11:00:30,2026-07-14 10:45,6507.0,6364.0,2.25,26101700,6565.0,6018.0,9074.0,2551.25
2026-07-14 11:05:37,2026-07-14 10:50,6532.0,6364.0,2.64,27018700,6565.0,6018.0,9074.0,2551.25
2026-07-14 11:10:44,2026-07-14 10:55,6531.0,6364.0,2.62,28215500,6574.0,6018.0,9074.0,2551.25
2026-07-14 11:15:38,2026-07-14 11:00,6452.0,6364.0,1.38,29465200,6574.0,6018.0,9074.0,2551.25
2026-07-14 11:20:56,2026-07-14 11:05,6438.0,6364.0,1.16,30464100,6574.0,6018.0,9074.0,2551.25
2026-07-14 11:25:29,2026-07-14 11:10,6374.0,6364.0,0.16,31517800,6574.0,6018.0,9074.0,2551.25
2026-07-14 11:30:55,2026-07-14 11:15,6297.0,6364.0,-1.05,32775200,6574.0,6018.0,9074.0,2551.25
2026-07-14 12:30:42,2026-07-14 11:30,6275.0,6364.0,-1.4,35165200,6574.0,6018.0,9074.0,2551.25
2026-07-14 12:35:34,2026-07-14 11:30,6275.0,6364.0,-1.4,35165200,6574.0,6018.0,9074.0,2551.25
2026-07-14 12:40:30,2026-07-14 11:30,6275.0,6364.0,-1.4,35165200,6574.0,6018.0,9074.0,2551.25
2026-07-14 12:45:35,2026-07-14 12:30,6362.0,6364.0,-0.03,35662700,6574.0,6018.0,9074.0,2551.25
2026-07-14 12:50:31,2026-07-14 12:35,6395.0,6364.0,0.49,36753600,6574.0,6018.0,9074.0,2551.25
2026-07-14 12:55:40,2026-07-14 12:40,6457.0,6364.0,1.46,37870700,6574.0,6018.0,9074.0,2551.25
2026-07-14 13:00:52,2026-07-14 12:45,6445.0,6364.0,1.27,39042700,6574.0,6018.0,9074.0,2551.25
2026-07-14 13:05:38,2026-07-14 12:50,6468.0,6364.0,1.63,39999200,6574.0,6018.0,9074.0,2551.25
2026-07-14 13:10:38,2026-07-14 12:55,6474.0,6364.0,1.73,40741700,6574.0,6018.0,9074.0,2551.25
2026-07-14 13:15:35,2026-07-14 13:00,6456.0,6364.0,1.45,41322700,6574.0,6018.0,9074.0,2551.25
2026-07-14 13:20:38,2026-07-14 13:05,6447.0,6364.0,1.3,41951200,6574.0,6018.0,9074.0,2551.25
2026-07-14 13:25:30,2026-07-14 13:10,6405.0,6364.0,0.64,42555600,6574.0,6018.0,9074.0,2551.25
2026-07-14 13:30:35,2026-07-14 13:15,6390.0,6364.0,0.41,43168900,6574.0,6018.0,9074.0,2551.25
2026-07-14 13:35:29,2026-07-14 13:20,6389.0,6364.0,0.39,43840300,6574.0,6018.0,9074.0,2551.25
2026-07-14 13:40:49,2026-07-14 13:25,6412.0,6364.0,0.75,44410300,6574.0,6018.0,9074.0,2551.25
2026-07-14 13:45:30,2026-07-14 13:30,6427.0,6364.0,0.99,44795400,6574.0,6018.0,9074.0,2551.25
2026-07-14 13:50:34,2026-07-14 13:35,6449.0,6364.0,1.34,45296700,6574.0,6018.0,9074.0,2551.25
2026-07-14 13:55:31,2026-07-14 13:40,6461.0,6364.0,1.52,45876900,6574.0,6018.0,9074.0,2551.25
2026-07-14 14:00:35,2026-07-14 13:45,6470.0,6364.0,1.67,46355400,6574.0,6018.0,9074.0,2551.25
2026-07-14 14:05:31,2026-07-14 13:50,6505.0,6364.0,2.22,47418400,6574.0,6018.0,9074.0,2551.25
2026-07-14 14:10:32,2026-07-14 13:55,6530.0,6364.0,2.61,48181500,6574.0,6018.0,9074.0,2551.25
2026-07-14 14:15:30,2026-07-14 14:00,6527.0,6364.0,2.56,48788100,6574.0,6018.0,9074.0,2551.25
2026-07-14 14:20:33,2026-07-14 14:05,6545.0,6364.0,2.84,49753300,6574.0,6018.0,9074.0,2551.25
2026-07-14 14:25:36,2026-07-14 14:10,6540.0,6364.0,2.77,50321900,6574.0,6018.0,9074.0,2551.25
2026-07-14 14:30:29,2026-07-14 14:15,6558.0,6364.0,3.05,50794100,6574.0,6018.0,9074.0,2551.25
2026-07-14 14:35:38,2026-07-14 14:20,6542.0,6364.0,2.8,51382500,6574.0,6018.0,9074.0,2551.25
2026-07-14 14:40:35,2026-07-14 14:25,6527.0,6364.0,2.56,52035500,6574.0,6018.0,9074.0,2551.25
2026-07-14 14:45:32,2026-07-14 14:30,6520.0,6364.0,2.45,52445100,6574.0,6018.0,9074.0,2551.25
2026-07-14 14:50:30,2026-07-14 14:35,6513.0,6364.0,2.34,52887500,6574.0,6018.0,9074.0,2551.25
2026-07-14 14:55:37,2026-07-14 14:40,6478.0,6364.0,1.79,53568100,6574.0,6018.0,9074.0,2551.25
2026-07-14 15:00:37,2026-07-14 14:45,6507.0,6364.0,2.25,54290200,6574.0,6018.0,9074.0,2551.25
2026-07-14 15:05:46,2026-07-14 14:50,6483.0,6364.0,1.87,54845700,6574.0,6018.0,9074.0,2551.25
2026-07-14 15:10:30,2026-07-14 14:55,6470.0,6364.0,1.67,55289700,6574.0,6018.0,9074.0,2551.25
2026-07-14 15:15:41,2026-07-14 15:00,6502.0,6364.0,2.17,55780000,6574.0,6018.0,9074.0,2551.25
2026-07-14 15:20:38,2026-07-14 15:05,6496.0,6364.0,2.07,56127300,6574.0,6018.0,9074.0,2551.25
2026-07-14 15:25:29,2026-07-14 15:10,6511.0,6364.0,2.31,56750300,6574.0,6018.0,9074.0,2551.25
2026-07-14 15:30:37,2026-07-14 15:15,6494.0,6364.0,2.04,57179600,6574.0,6018.0,9074.0,2551.25
2026-07-14 15:40:52,2026-07-14 15:24,6494.0,6364.0,2.04,58465900,6574.0,6018.0,9074.0,2551.25
2026-07-15 09:05:29,2026-07-14 15:30,6574.0,6364.0,3.3,62130200,6574.0,6018.0,9074.0,2551.25
2026-07-15 09:10:29,2026-07-14 15:30,6574.0,6364.0,3.3,62130200,6574.0,6018.0,9074.0,2551.25
2026-07-15 09:15:42,2026-07-14 15:30,6574.0,6364.0,3.3,62130200,6574.0,6018.0,9074.0,2551.25
2026-07-15 09:20:28,2026-07-15 09:05,6435.0,6574.0,-2.11,3318000,6509.0,6392.0,9074.0,2551.25
2026-07-15 09:25:34,2026-07-15 09:10,6510.0,6574.0,-0.97,5369400,6518.0,6392.0,9074.0,2551.25
2026-07-15 09:30:36,2026-07-15 09:15,6599.0,6574.0,0.38,7801800,6615.0,6392.0,9074.0,2551.25
2026-07-15 09:35:29,2026-07-15 09:20,6625.0,6574.0,0.78,9345000,6644.0,6392.0,9074.0,2551.25
2026-07-15 09:40:35,2026-07-15 09:25,6641.0,6574.0,1.02,10706300,6648.0,6392.0,9074.0,2551.25
2026-07-15 09:45:31,2026-07-15 09:30,6612.0,6574.0,0.58,12315000,6660.0,6392.0,9074.0,2551.25
2026-07-15 09:50:35,2026-07-15 09:35,6603.0,6574.0,0.44,13344400,6660.0,6392.0,9074.0,2551.25
2026-07-15 09:55:30,2026-07-15 09:40,6491.0,6574.0,-1.26,14876100,6660.0,6392.0,9074.0,2551.25
2026-07-15 10:00:39,2026-07-15 09:45,6469.0,6574.0,-1.6,16162900,6660.0,6392.0,9074.0,2551.25
2026-07-15 10:05:41,2026-07-15 09:50,6464.0,6574.0,-1.67,17177100,6660.0,6392.0,9074.0,2551.25
2026-07-15 10:10:34,2026-07-15 09:55,6471.0,6574.0,-1.57,17815600,6660.0,6392.0,9074.0,2551.25
2026-07-15 10:15:29,2026-07-15 10:00,6481.0,6574.0,-1.41,18451500,6660.0,6392.0,9074.0,2551.25
2026-07-15 10:20:29,2026-07-15 10:05,6477.0,6574.0,-1.48,19309400,6660.0,6392.0,9074.0,2551.25
2026-07-15 10:25:30,2026-07-15 10:10,6419.0,6574.0,-2.36,20220800,6660.0,6392.0,9074.0,2551.25
2026-07-15 10:30:37,2026-07-15 10:15,6394.0,6574.0,-2.74,21625000,6660.0,6360.0,9074.0,2551.25
2026-07-15 10:35:28,2026-07-15 10:20,6377.0,6574.0,-3.0,22336600,6660.0,6360.0,9074.0,2551.25
2026-07-15 10:40:31,2026-07-15 10:25,6352.0,6574.0,-3.38,23114100,6660.0,6343.0,9074.0,2551.25
2026-07-15 10:45:36,2026-07-15 10:30,6360.0,6574.0,-3.26,23748000,6660.0,6343.0,9074.0,2551.25
2026-07-15 10:50:45,2026-07-15 10:35,6327.0,6574.0,-3.76,24532700,6660.0,6311.0,9074.0,2551.25
2026-07-15 10:55:28,2026-07-15 10:40,6333.0,6574.0,-3.67,25029200,6660.0,6311.0,9074.0,2551.25
2026-07-15 11:00:32,2026-07-15 10:45,6316.0,6574.0,-3.92,25561700,6660.0,6311.0,9074.0,2551.25
2026-07-15 11:05:42,2026-07-15 10:50,6353.0,6574.0,-3.36,25989900,6660.0,6311.0,9074.0,2551.25
2026-07-15 11:10:38,2026-07-15 10:55,6385.0,6574.0,-2.87,26623400,6660.0,6311.0,9074.0,2551.25
2026-07-15 11:15:31,2026-07-15 11:00,6405.0,6574.0,-2.57,27325800,6660.0,6311.0,9074.0,2551.25
2026-07-15 11:20:35,2026-07-15 11:05,6374.0,6574.0,-3.04,27893100,6660.0,6311.0,9074.0,2551.25
2026-07-15 11:25:35,2026-07-15 11:10,6375.0,6574.0,-3.03,28318300,6660.0,6311.0,9074.0,2551.25
2026-07-15 11:30:29,2026-07-15 11:15,6367.0,6574.0,-3.15,28671300,6660.0,6311.0,9074.0,2551.25
2026-07-15 12:30:32,2026-07-15 11:30,6362.0,6574.0,-3.22,29601600,6660.0,6311.0,9074.0,2551.25
2026-07-15 12:35:38,2026-07-15 11:30,6362.0,6574.0,-3.22,29601600,6660.0,6311.0,9074.0,2551.25
2026-07-15 12:40:33,2026-07-15 11:30,6362.0,6574.0,-3.22,29601600,6660.0,6311.0,9074.0,2551.25
2026-07-15 12:45:34,2026-07-15 12:30,6388.0,6574.0,-2.83,29890200,6660.0,6311.0,9074.0,2551.25
2026-07-15 12:50:34,2026-07-15 12:35,6375.0,6574.0,-3.03,30475800,6660.0,6311.0,9074.0,2551.25
2026-07-15 12:55:30,2026-07-15 12:40,6372.0,6574.0,-3.07,30822500,6660.0,6311.0,9074.0,2551.25
2026-07-15 13:00:35,2026-07-15 12:45,6384.0,6574.0,-2.89,31285400,6660.0,6311.0,9074.0,2551.25
2026-07-15 13:05:31,2026-07-15 12:50,6401.0,6574.0,-2.63,31720500,6660.0,6311.0,9074.0,2551.25
2026-07-15 13:10:32,2026-07-15 12:55,6383.0,6574.0,-2.91,32046200,6660.0,6311.0,9074.0,2551.25
2026-07-15 13:15:34,2026-07-15 13:00,6409.0,6574.0,-2.51,32378700,6660.0,6311.0,9074.0,2551.25
2026-07-15 13:20:39,2026-07-15 13:05,6420.0,6574.0,-2.34,32780500,6660.0,6311.0,9074.0,2551.25
2026-07-15 13:25:37,2026-07-15 13:10,6413.0,6574.0,-2.45,33090100,6660.0,6311.0,9074.0,2551.25
2026-07-15 13:30:28,2026-07-15 13:15,6420.0,6574.0,-2.34,33407100,6660.0,6311.0,9074.0,2551.25
2026-07-15 13:35:34,2026-07-15 13:20,6436.0,6574.0,-2.1,33804000,6660.0,6311.0,9074.0,2551.25
2026-07-15 13:40:40,2026-07-15 13:25,6468.0,6574.0,-1.61,34421200,6660.0,6311.0,9074.0,2551.25
2026-07-15 13:45:32,2026-07-15 13:30,6448.0,6574.0,-1.92,34939400,6660.0,6311.0,9074.0,2551.25
2026-07-15 13:50:32,2026-07-15 13:35,6437.0,6574.0,-2.08,35231600,6660.0,6311.0,9074.0,2551.25
2026-07-15 13:55:35,2026-07-15 13:40,6449.0,6574.0,-1.9,35479800,6660.0,6311.0,9074.0,2551.25
2026-07-15 14:00:34,2026-07-15 13:45,6452.0,6574.0,-1.86,35790500,6660.0,6311.0,9074.0,2551.25
2026-07-15 14:05:40,2026-07-15 13:50,6449.0,6574.0,-1.9,36081400,6660.0,6311.0,9074.0,2551.25
2026-07-15 14:10:34,2026-07-15 13:55,6446.0,6574.0,-1.95,36421400,6660.0,6311.0,9074.0,2551.25
2026-07-15 14:15:29,2026-07-15 14:00,6446.0,6574.0,-1.95,36724600,6660.0,6311.0,9074.0,2551.25
2026-07-15 14:20:38,2026-07-15 14:05,6412.0,6574.0,-2.46,37495700,6660.0,6311.0,9074.0,2551.25
2026-07-15 14:25:33,2026-07-15 14:10,6415.0,6574.0,-2.42,38079800,6660.0,6311.0,9074.0,2551.25
2026-07-15 14:30:29,2026-07-15 14:15,6403.0,6574.0,-2.6,38443400,6660.0,6311.0,9074.0,2551.25
2026-07-15 14:35:30,2026-07-15 14:20,6414.0,6574.0,-2.43,38834900,6660.0,6311.0,9074.0,2551.25
2026-07-15 14:40:39,2026-07-15 14:25,6403.0,6574.0,-2.6,39124100,6660.0,6311.0,9074.0,2551.25
2026-07-15 14:45:51,2026-07-15 14:30,6375.0,6574.0,-3.03,39586800,6660.0,6311.0,9074.0,2551.25
2026-07-15 14:50:30,2026-07-15 14:35,6362.0,6574.0,-3.22,40025800,6660.0,6311.0,9074.0,2551.25
2026-07-15 14:55:30,2026-07-15 14:40,6350.0,6574.0,-3.41,40545000,6660.0,6311.0,9074.0,2551.25
2026-07-15 15:00:40,2026-07-15 14:45,6362.0,6574.0,-3.22,40900700,6660.0,6311.0,9074.0,2551.25
2026-07-15 15:05:32,2026-07-15 14:50,6368.0,6574.0,-3.13,41217200,6660.0,6311.0,9074.0,2551.25
2026-07-15 15:10:29,2026-07-15 14:55,6367.0,6574.0,-3.15,41471200,6660.0,6311.0,9074.0,2551.25
2026-07-15 15:15:31,2026-07-15 15:00,6349.0,6574.0,-3.42,42137200,6660.0,6311.0,9074.0,2551.25
2026-07-15 15:20:38,2026-07-15 15:05,6364.0,6574.0,-3.19,42474200,6660.0,6311.0,9074.0,2551.25
2026-07-15 15:25:30,2026-07-15 15:10,6357.0,6574.0,-3.3,42707300,6660.0,6311.0,9074.0,2551.25
2026-07-15 15:30:36,2026-07-15 15:15,6344.0,6574.0,-3.5,43299400,6660.0,6311.0,9074.0,2551.25
2026-07-15 15:41:15,2026-07-15 15:25,6339.0,6574.0,-3.57,44312100,6660.0,6311.0,9074.0,2551.25
2026-07-16 09:05:31,2026-07-15 15:30,6360.0,6574.0,-3.26,47455200,6660.0,6311.0,9074.0,2585.0
2026-07-16 09:10:32,2026-07-15 15:30,6360.0,6574.0,-3.26,47455200,6660.0,6311.0,9074.0,2585.0
2026-07-16 09:15:37,2026-07-15 15:30,6360.0,6574.0,-3.26,47455200,6660.0,6311.0,9074.0,2585.0
2026-07-16 09:20:34,2026-07-15 15:30,6360.0,6574.0,-3.26,47455200,6660.0,6311.0,9074.0,2585.0
2026-07-16 09:25:31,2026-07-16 09:10,6027.0,6360.0,-5.24,4330900,6145.0,6016.0,9074.0,2585.0
2026-07-16 09:30:30,2026-07-16 09:15,5966.0,6360.0,-6.19,7576400,6145.0,5966.0,9074.0,2585.0
2026-07-16 09:35:28,2026-07-16 09:20,5918.0,6360.0,-6.95,9353900,6145.0,5914.0,9074.0,2585.0
2026-07-16 09:40:29,2026-07-16 09:25,5929.0,6360.0,-6.78,10732800,6145.0,5914.0,9074.0,2585.0
2026-07-16 09:45:33,2026-07-16 09:30,5891.0,6360.0,-7.37,12749000,6145.0,5887.0,9074.0,2585.0
2026-07-16 09:50:40,2026-07-16 09:35,5948.0,6360.0,-6.48,14478800,6145.0,5858.0,9074.0,2585.0
2026-07-16 09:55:31,2026-07-16 09:40,5895.0,6360.0,-7.31,15337800,6145.0,5858.0,9074.0,2585.0
2026-07-16 10:00:30,2026-07-16 09:45,5871.0,6360.0,-7.69,16096800,6145.0,5858.0,9074.0,2585.0
2026-07-16 10:05:40,2026-07-16 09:50,5910.0,6360.0,-7.08,16881100,6145.0,5858.0,9074.0,2585.0
2026-07-16 10:10:39,2026-07-16 09:55,5912.0,6360.0,-7.04,17629800,6145.0,5858.0,9074.0,2585.0
2026-07-16 10:15:35,2026-07-16 10:00,5899.0,6360.0,-7.25,18317100,6145.0,5858.0,9074.0,2585.0
2026-07-16 10:20:30,2026-07-16 10:05,5887.0,6360.0,-7.44,18927100,6145.0,5858.0,9074.0,2585.0
2026-07-16 10:25:42,2026-07-16 10:10,5903.0,6360.0,-7.19,19473900,6145.0,5858.0,9074.0,2585.0
2026-07-16 10:30:34,2026-07-16 10:15,5892.0,6360.0,-7.36,19976700,6145.0,5858.0,9074.0,2585.0
2026-07-16 10:35:31,2026-07-16 10:20,5885.0,6360.0,-7.47,20381300,6145.0,5858.0,9074.0,2585.0
2026-07-16 10:40:32,2026-07-16 10:25,5912.0,6360.0,-7.04,20880700,6145.0,5858.0,9074.0,2585.0
2026-07-16 10:45:30,2026-07-16 10:30,5907.0,6360.0,-7.12,21353700,6145.0,5858.0,9074.0,2585.0
2026-07-16 10:50:31,2026-07-16 10:35,5906.0,6360.0,-7.14,21886200,6145.0,5858.0,9074.0,2585.0
2026-07-16 10:55:35,2026-07-16 10:40,5926.0,6360.0,-6.82,22427700,6145.0,5858.0,9074.0,2585.0
2026-07-16 11:00:33,2026-07-16 10:45,5908.0,6360.0,-7.11,23032000,6145.0,5858.0,9074.0,2585.0
2026-07-16 11:05:34,2026-07-16 10:50,5953.0,6360.0,-6.4,23655800,6145.0,5858.0,9074.0,2585.0
2026-07-16 11:10:31,2026-07-16 10:55,5941.0,6360.0,-6.59,24022800,6145.0,5858.0,9074.0,2585.0
2026-07-16 11:15:33,2026-07-16 11:00,5913.0,6360.0,-7.03,24397400,6145.0,5858.0,9074.0,2585.0
2026-07-16 11:20:54,2026-07-16 11:05,5894.0,6360.0,-7.33,24887400,6145.0,5858.0,9074.0,2585.0
2026-07-16 11:25:32,2026-07-16 11:10,5875.0,6360.0,-7.63,25461100,6145.0,5858.0,9074.0,2585.0
2026-07-16 11:30:34,2026-07-16 11:15,5875.0,6360.0,-7.63,25795700,6145.0,5858.0,9074.0,2585.0
2026-07-16 12:30:36,2026-07-16 11:30,5910.0,6360.0,-7.08,26548400,6145.0,5858.0,9074.0,2585.0
2026-07-16 12:35:32,2026-07-16 11:30,5910.0,6360.0,-7.08,26548400,6145.0,5858.0,9074.0,2585.0
2026-07-16 12:40:28,2026-07-16 11:30,5910.0,6360.0,-7.08,26548400,6145.0,5858.0,9074.0,2585.0
2026-07-16 12:45:42,2026-07-16 12:30,5953.0,6360.0,-6.4,27064700,6145.0,5858.0,9074.0,2585.0
2026-07-16 12:50:33,2026-07-16 12:35,5984.0,6360.0,-5.91,28015000,6145.0,5858.0,9074.0,2585.0
2026-07-16 12:55:40,2026-07-16 12:40,6004.0,6360.0,-5.6,28904600,6145.0,5858.0,9074.0,2585.0
2026-07-16 13:00:37,2026-07-16 12:45,6012.0,6360.0,-5.47,29554900,6145.0,5858.0,9074.0,2585.0
2026-07-16 13:05:35,2026-07-16 12:50,6015.0,6360.0,-5.42,30266800,6145.0,5858.0,9074.0,2585.0
2026-07-16 13:10:41,2026-07-16 12:55,6024.0,6360.0,-5.28,30833200,6145.0,5858.0,9074.0,2585.0
2026-07-16 13:15:31,2026-07-16 13:00,6023.0,6360.0,-5.3,31282700,6145.0,5858.0,9074.0,2585.0
2026-07-16 13:20:39,2026-07-16 13:05,5986.0,6360.0,-5.88,31841700,6145.0,5858.0,9074.0,2585.0
2026-07-16 13:25:37,2026-07-16 13:10,6000.0,6360.0,-5.66,32225300,6145.0,5858.0,9074.0,2585.0
2026-07-16 13:30:43,2026-07-16 13:15,6005.0,6360.0,-5.58,32563900,6145.0,5858.0,9074.0,2585.0
2026-07-16 13:35:30,2026-07-16 13:20,5988.0,6360.0,-5.85,33043500,6145.0,5858.0,9074.0,2585.0
2026-07-16 13:40:33,2026-07-16 13:25,5987.0,6360.0,-5.86,33496900,6145.0,5858.0,9074.0,2585.0
2026-07-16 13:45:29,2026-07-16 13:30,5978.0,6360.0,-6.01,33836100,6145.0,5858.0,9074.0,2585.0
2026-07-16 13:50:31,2026-07-16 13:35,5988.0,6360.0,-5.85,34138700,6145.0,5858.0,9074.0,2585.0
2026-07-16 13:55:40,2026-07-16 13:40,5952.0,6360.0,-6.42,34576100,6145.0,5858.0,9074.0,2585.0
2026-07-16 14:00:46,2026-07-16 13:45,5949.0,6360.0,-6.46,34876500,6145.0,5858.0,9074.0,2585.0
2026-07-16 14:05:32,2026-07-16 13:50,5955.0,6360.0,-6.37,35151900,6145.0,5858.0,9074.0,2585.0
2026-07-16 14:10:35,2026-07-16 13:55,5959.0,6360.0,-6.31,35474700,6145.0,5858.0,9074.0,2585.0
2026-07-16 14:15:35,2026-07-16 14:00,5962.0,6360.0,-6.26,35839800,6145.0,5858.0,9074.0,2585.0
2026-07-16 14:20:32,2026-07-16 14:05,5945.0,6360.0,-6.53,36071400,6145.0,5858.0,9074.0,2585.0
2026-07-16 14:25:45,2026-07-16 14:10,5946.0,6360.0,-6.51,36364100,6145.0,5858.0,9074.0,2585.0
2026-07-16 14:30:28,2026-07-16 14:15,5972.0,6360.0,-6.1,36824500,6145.0,5858.0,9074.0,2585.0
2026-07-16 14:35:35,2026-07-16 14:20,5955.0,6360.0,-6.37,37278100,6145.0,5858.0,9074.0,2585.0
2026-07-16 14:40:30,2026-07-16 14:25,5961.0,6360.0,-6.27,37607300,6145.0,5858.0,9074.0,2585.0
2026-07-16 14:45:41,2026-07-16 14:30,5950.0,6360.0,-6.45,38267900,6145.0,5858.0,9074.0,2585.0
2026-07-16 14:50:32,2026-07-16 14:35,5910.0,6360.0,-7.08,38853900,6145.0,5858.0,9074.0,2585.0
2026-07-16 14:55:32,2026-07-16 14:38,5910.0,6360.0,-7.08,39150700,6145.0,5858.0,9074.0,2585.0
2026-07-16 15:00:36,2026-07-16 14:45,5939.0,6360.0,-6.62,39683200,6145.0,5858.0,9074.0,2585.0
2026-07-16 15:05:27,2026-07-16 14:50,5934.0,6360.0,-6.7,39916400,6145.0,5858.0,9074.0,2585.0
2026-07-16 15:10:31,2026-07-16 14:55,5948.0,6360.0,-6.48,40229400,6145.0,5858.0,9074.0,2585.0
2026-07-16 15:15:52,2026-07-16 15:00,5935.0,6360.0,-6.68,40733100,6145.0,5858.0,9074.0,2585.0
2026-07-16 15:20:40,2026-07-16 15:05,5917.0,6360.0,-6.97,41155100,6145.0,5858.0,9074.0,2585.0
2026-07-16 15:25:35,2026-07-16 15:10,5932.0,6360.0,-6.73,42012900,6145.0,5858.0,9074.0,2585.0
2026-07-16 15:30:30,2026-07-16 15:15,5943.0,6360.0,-6.56,42442900,6145.0,5858.0,9074.0,2585.0
2026-07-16 15:40:32,2026-07-16 15:24,5974.0,6360.0,-6.07,43548300,6145.0,5858.0,9074.0,2585.0
2026-07-17 09:05:45,2026-07-16 15:30,5961.0,6360.0,-6.27,46792100,6145.0,5858.0,9074.0,2620.0
2026-07-17 09:10:56,2026-07-16 15:30,5961.0,6360.0,-6.27,46792100,6145.0,5858.0,9074.0,2620.0
2026-07-17 09:15:31,2026-07-16 15:30,5961.0,6360.0,-6.27,46792100,6145.0,5858.0,9074.0,2620.0
2026-07-17 09:20:36,2026-07-16 15:30,5961.0,6360.0,-6.27,46792100,6145.0,5858.0,9074.0,2620.0
2026-07-17 09:25:31,2026-07-17 09:10,5576.0,5961.0,-6.46,5259500,5676.0,5544.0,9074.0,2620.0
2026-07-17 09:30:32,2026-07-17 09:15,5531.0,5961.0,-7.21,6955200,5676.0,5526.0,9074.0,2620.0
2026-07-17 09:35:40,2026-07-17 09:20,5548.0,5961.0,-6.93,8386300,5676.0,5521.0,9074.0,2620.0
2026-07-17 09:40:29,2026-07-17 09:25,5511.0,5961.0,-7.55,9629800,5676.0,5510.0,9074.0,2620.0
2026-07-17 09:45:33,2026-07-17 09:30,5458.0,5961.0,-8.44,11548300,5676.0,5455.0,9074.0,2620.0
2026-07-17 09:50:38,2026-07-17 09:35,5479.0,5961.0,-8.09,12499700,5676.0,5455.0,9074.0,2620.0
2026-07-17 09:55:36,2026-07-17 09:40,5466.0,5961.0,-8.3,13364000,5676.0,5455.0,9074.0,2620.0
2026-07-17 10:00:39,2026-07-17 09:45,5447.0,5961.0,-8.62,14762800,5676.0,5421.0,9074.0,2620.0
2026-07-17 10:05:28,2026-07-17 09:50,5477.0,5961.0,-8.12,15632500,5676.0,5421.0,9074.0,2620.0
2026-07-17 10:10:40,2026-07-17 09:55,5520.0,5961.0,-7.4,16739300,5676.0,5421.0,9074.0,2620.0
2026-07-17 10:15:31,2026-07-17 10:00,5503.0,5961.0,-7.68,17686000,5676.0,5421.0,9074.0,2620.0
2026-07-17 10:20:38,2026-07-17 10:05,5478.0,5961.0,-8.1,18591300,5676.0,5421.0,9074.0,2620.0
2026-07-17 10:25:47,2026-07-17 10:10,5512.0,5961.0,-7.53,19319400,5676.0,5421.0,9074.0,2620.0
2026-07-17 10:30:31,2026-07-17 10:15,5565.0,5961.0,-6.64,20180000,5676.0,5421.0,9074.0,2620.0
2026-07-17 10:35:34,2026-07-17 10:20,5515.0,5961.0,-7.48,20929700,5676.0,5421.0,9074.0,2620.0
2026-07-17 10:40:46,2026-07-17 10:25,5487.0,5961.0,-7.95,21694800,5676.0,5421.0,9074.0,2620.0
2026-07-17 10:45:45,2026-07-17 10:30,5468.0,5961.0,-8.27,22418400,5676.0,5421.0,9074.0,2620.0
2026-07-17 10:50:42,2026-07-17 10:35,5437.0,5961.0,-8.79,23439600,5676.0,5421.0,9074.0,2620.0
2026-07-17 10:55:34,2026-07-17 10:40,5449.0,5961.0,-8.59,24273500,5676.0,5421.0,9074.0,2620.0
2026-07-17 11:00:41,2026-07-17 10:45,5437.0,5961.0,-8.79,25061000,5676.0,5421.0,9074.0,2620.0
2026-07-17 11:05:41,2026-07-17 10:50,5420.0,5961.0,-9.08,25757000,5676.0,5415.0,9074.0,2620.0
2026-07-17 11:10:40,2026-07-17 10:55,5439.0,5961.0,-8.76,26309700,5676.0,5415.0,9074.0,2620.0
2026-07-17 11:15:30,2026-07-17 11:00,5457.0,5961.0,-8.45,26778800,5676.0,5415.0,9074.0,2620.0
2026-07-17 11:20:33,2026-07-17 11:05,5442.0,5961.0,-8.71,27483900,5676.0,5412.0,9074.0,2620.0
2026-07-17 11:25:39,2026-07-17 11:10,5398.0,5961.0,-9.44,28710700,5676.0,5393.0,9074.0,2620.0
2026-07-17 11:30:29,2026-07-17 11:15,5406.0,5961.0,-9.31,29261700,5676.0,5390.0,9074.0,2620.0
2026-07-17 12:30:36,2026-07-17 11:30,5381.0,5961.0,-9.73,31002000,5676.0,5381.0,9074.0,2620.0
2026-07-17 12:35:29,2026-07-17 11:30,5381.0,5961.0,-9.73,31002000,5676.0,5381.0,9074.0,2620.0
2026-07-17 12:40:34,2026-07-17 11:30,5381.0,5961.0,-9.73,31002000,5676.0,5381.0,9074.0,2620.0
2026-07-17 12:45:39,2026-07-17 12:30,5406.0,5961.0,-9.31,31608300,5676.0,5381.0,9074.0,2620.0
2026-07-17 12:50:48,2026-07-17 12:35,5402.0,5961.0,-9.38,32288300,5676.0,5381.0,9074.0,2620.0
2026-07-17 12:55:30,2026-07-17 12:40,5391.0,5961.0,-9.56,32720600,5676.0,5381.0,9074.0,2620.0
2026-07-17 13:00:35,2026-07-17 12:45,5390.0,5961.0,-9.58,33489600,5676.0,5374.0,9074.0,2620.0
2026-07-17 13:05:34,2026-07-17 12:50,5363.0,5961.0,-10.03,34109100,5676.0,5363.0,9074.0,2620.0
2026-07-17 13:10:45,2026-07-17 12:55,5342.0,5961.0,-10.38,35323600,5676.0,5339.0,9074.0,2620.0
2026-07-17 13:15:35,2026-07-17 13:00,5319.0,5961.0,-10.77,36140000,5676.0,5315.0,9074.0,2620.0
2026-07-17 13:20:29,2026-07-17 13:05,5313.0,5961.0,-10.87,36968800,5676.0,5302.0,9074.0,2620.0
2026-07-17 13:25:29,2026-07-17 13:10,5307.0,5961.0,-10.97,37566700,5676.0,5302.0,9074.0,2620.0
2026-07-17 13:30:31,2026-07-17 13:15,5310.0,5961.0,-10.92,38193000,5676.0,5302.0,9074.0,2620.0
2026-07-17 13:35:31,2026-07-17 13:20,5283.0,5961.0,-11.37,39870400,5676.0,5268.0,9074.0,2620.0
2026-07-17 13:40:39,2026-07-17 13:25,5245.0,5961.0,-12.01,41229300,5676.0,5240.0,9074.0,2620.0
2026-07-17 13:45:29,2026-07-17 13:30,5230.0,5961.0,-12.26,42323200,5676.0,5226.0,9074.0,2620.0
2026-07-17 13:50:28,2026-07-17 13:35,5209.0,5961.0,-12.62,43533700,5676.0,5207.0,9074.0,2620.0
2026-07-17 13:55:31,2026-07-17 13:40,5215.0,5961.0,-12.51,44404200,5676.0,5207.0,9074.0,2620.0
2026-07-17 14:00:39,2026-07-17 13:45,5255.0,5961.0,-11.84,46254200,5676.0,5191.0,9074.0,2620.0
2026-07-17 14:05:33,2026-07-17 13:50,5303.0,5961.0,-11.04,47678600,5676.0,5191.0,9074.0,2620.0
2026-07-17 14:10:30,2026-07-17 13:55,5278.0,5961.0,-11.46,48454500,5676.0,5191.0,9074.0,2620.0
2026-07-17 14:15:32,2026-07-17 14:00,5275.0,5961.0,-11.51,49428200,5676.0,5191.0,9074.0,2620.0
2026-07-17 14:20:36,2026-07-17 14:05,5239.0,5961.0,-12.11,50310000,5676.0,5191.0,9074.0,2620.0
2026-07-17 14:25:45,2026-07-17 14:10,5262.0,5961.0,-11.73,51058200,5676.0,5191.0,9074.0,2620.0
2026-07-17 14:30:31,2026-07-17 14:15,5278.0,5961.0,-11.46,51989300,5676.0,5191.0,9074.0,2620.0
2026-07-17 14:35:49,2026-07-17 14:20,5295.0,5961.0,-11.17,52839500,5676.0,5191.0,9074.0,2620.0
2026-07-17 14:40:29,2026-07-17 14:25,5295.0,5961.0,-11.17,53379600,5676.0,5191.0,9074.0,2620.0
2026-07-17 14:45:34,2026-07-17 14:30,5290.0,5961.0,-11.26,54060500,5676.0,5191.0,9074.0,2620.0
2026-07-17 14:50:27,2026-07-17 14:35,5279.0,5961.0,-11.44,54628300,5676.0,5191.0,9074.0,2620.0
2026-07-17 14:55:38,2026-07-17 14:40,5272.0,5961.0,-11.56,55220100,5676.0,5191.0,9074.0,2620.0
2026-07-17 15:00:28,2026-07-17 14:45,5297.0,5961.0,-11.14,55817300,5676.0,5191.0,9074.0,2620.0
2026-07-17 15:05:54,2026-07-17 14:50,5331.0,5961.0,-10.57,56766300,5676.0,5191.0,9074.0,2620.0
2026-07-17 15:10:31,2026-07-17 14:55,5356.0,5961.0,-10.15,57822300,5676.0,5191.0,9074.0,2620.0
2026-07-17 15:15:34,2026-07-17 15:00,5398.0,5961.0,-9.44,58881600,5676.0,5191.0,9074.0,2620.0
2026-07-17 15:20:36,2026-07-17 15:05,5431.0,5961.0,-8.89,60448700,5676.0,5191.0,9074.0,2620.0
2026-07-17 15:25:45,2026-07-17 15:10,5453.0,5961.0,-8.52,61903200,5676.0,5191.0,9074.0,2620.0
2026-07-17 15:30:33,2026-07-17 15:15,5432.0,5961.0,-8.87,63394900,5676.0,5191.0,9074.0,2620.0
2026-07-17 15:40:40,2026-07-17 15:24,5424.0,5961.0,-9.01,65631300,5676.0,5191.0,9074.0,2620.0
2026-07-21 09:05:29,2026-07-17 15:30,5424.0,5961.0,-9.01,70204200,5676.0,5191.0,9074.0,2807.5
2026-07-21 09:10:31,2026-07-17 15:30,5424.0,5961.0,-9.01,70204200,5676.0,5191.0,9074.0,2807.5
2026-07-21 09:15:28,2026-07-21 09:00,5465.0,5961.0,-8.32,71872000,5540.0,5455.0,9074.0,2807.5
2026-07-21 09:20:38,2026-07-21 09:05,5435.0,5424.0,0.2,3866500,5540.0,5364.0,9074.0,2807.5
2026-07-21 09:25:43,2026-07-21 09:10,5415.0,5424.0,-0.17,5469500,5540.0,5364.0,9074.0,2807.5
2026-07-21 09:30:39,2026-07-21 09:15,5421.0,5424.0,-0.06,6816400,5540.0,5364.0,9074.0,2807.5
2026-07-21 09:35:41,2026-07-21 09:20,5465.0,5424.0,0.76,8157000,5540.0,5364.0,9074.0,2807.5
2026-07-21 09:40:34,2026-07-21 09:25,5558.0,5424.0,2.47,10011100,5562.0,5364.0,9074.0,2807.5
2026-07-21 09:45:33,2026-07-21 09:30,5576.0,5424.0,2.8,11986100,5603.0,5364.0,9074.0,2807.5
2026-07-21 09:50:30,2026-07-21 09:35,5590.0,5424.0,3.06,13286200,5606.0,5364.0,9074.0,2807.5
2026-07-21 09:55:34,2026-07-21 09:40,5602.0,5424.0,3.28,14521200,5617.0,5364.0,9074.0,2807.5
2026-07-21 10:00:29,2026-07-21 09:45,5530.0,5424.0,1.95,15574400,5617.0,5364.0,9074.0,2807.5
2026-07-21 10:05:49,2026-07-21 09:50,5560.0,5424.0,2.51,16525100,5617.0,5364.0,9074.0,2807.5
2026-07-21 10:10:29,2026-07-21 09:55,5566.0,5424.0,2.62,17125000,5617.0,5364.0,9074.0,2807.5
2026-07-21 10:15:31,2026-07-21 10:00,5548.0,5424.0,2.29,17766500,5617.0,5364.0,9074.0,2807.5
2026-07-21 10:20:33,2026-07-21 10:05,5543.0,5424.0,2.19,18673600,5617.0,5364.0,9074.0,2807.5
2026-07-21 10:25:29,2026-07-21 10:10,5589.0,5424.0,3.04,19598000,5617.0,5364.0,9074.0,2807.5
2026-07-21 10:30:32,2026-07-21 10:15,5614.0,5424.0,3.5,20566500,5617.0,5364.0,9074.0,2807.5
2026-07-21 10:35:31,2026-07-21 10:20,5664.0,5424.0,4.42,22369900,5678.0,5364.0,9074.0,2807.5
2026-07-21 10:40:28,2026-07-21 10:25,5674.0,5424.0,4.61,23600200,5695.0,5364.0,9074.0,2807.5
2026-07-21 10:45:38,2026-07-21 10:30,5674.0,5424.0,4.61,24385400,5695.0,5364.0,9074.0,2807.5
2026-07-21 10:50:46,2026-07-21 10:35,5670.0,5424.0,4.54,24850900,5695.0,5364.0,9074.0,2807.5
2026-07-21 10:55:43,2026-07-21 10:40,5643.0,5424.0,4.04,25596500,5695.0,5364.0,9074.0,2807.5
2026-07-21 11:00:29,2026-07-21 10:45,5631.0,5424.0,3.82,26292700,5695.0,5364.0,9074.0,2807.5
2026-07-21 11:05:35,2026-07-21 10:50,5635.0,5424.0,3.89,26867600,5695.0,5364.0,9074.0,2807.5
2026-07-21 11:10:35,2026-07-21 10:55,5643.0,5424.0,4.04,27361800,5695.0,5364.0,9074.0,2807.5
2026-07-21 11:15:29,2026-07-21 11:00,5648.0,5424.0,4.13,27786400,5695.0,5364.0,9074.0,2807.5
2026-07-21 11:20:30,2026-07-21 11:05,5657.0,5424.0,4.3,28580600,5695.0,5364.0,9074.0,2807.5
2026-07-21 11:25:33,2026-07-21 11:10,5638.0,5424.0,3.95,28954800,5695.0,5364.0,9074.0,2807.5
2026-07-21 11:30:37,2026-07-21 11:15,5652.0,5424.0,4.2,29288700,5695.0,5364.0,9074.0,2807.5
2026-07-21 12:30:33,2026-07-21 11:30,5694.0,5424.0,4.98,30989100,5710.0,5364.0,9074.0,2807.5
2026-07-21 12:35:29,2026-07-21 11:30,5694.0,5424.0,4.98,30989100,5710.0,5364.0,9074.0,2807.5
2026-07-21 12:40:28,2026-07-21 11:30,5694.0,5424.0,4.98,30989100,5710.0,5364.0,9074.0,2807.5
2026-07-21 12:45:52,2026-07-21 12:30,5714.0,5424.0,5.35,31576100,5742.0,5364.0,9074.0,2807.5
2026-07-21 12:50:32,2026-07-21 12:35,5743.0,5424.0,5.88,32243400,5744.0,5364.0,9074.0,2807.5
2026-07-21 12:55:33,2026-07-21 12:40,5749.0,5424.0,5.99,32955200,5751.0,5364.0,9074.0,2807.5
2026-07-21 13:00:30,2026-07-21 12:45,5781.0,5424.0,6.58,33788100,5784.0,5364.0,9074.0,2807.5
2026-07-21 13:05:31,2026-07-21 12:50,5782.0,5424.0,6.6,34468200,5789.0,5364.0,9074.0,2807.5
2026-07-21 13:10:35,2026-07-21 12:55,5771.0,5424.0,6.4,35064700,5789.0,5364.0,9074.0,2807.5
2026-07-21 13:15:38,2026-07-21 13:00,5775.0,5424.0,6.47,35329300,5789.0,5364.0,9074.0,2807.5
2026-07-21 13:20:48,2026-07-21 13:05,5756.0,5424.0,6.12,35808400,5789.0,5364.0,9074.0,2807.5
2026-07-21 13:25:30,2026-07-21 13:10,5740.0,5424.0,5.83,36203300,5789.0,5364.0,9074.0,2807.5
2026-07-21 13:30:42,2026-07-21 13:15,5748.0,5424.0,5.97,36610500,5789.0,5364.0,9074.0,2807.5
2026-07-21 13:35:33,2026-07-21 13:20,5740.0,5424.0,5.83,36929400,5789.0,5364.0,9074.0,2807.5
2026-07-21 13:40:40,2026-07-21 13:25,5726.0,5424.0,5.57,37225400,5789.0,5364.0,9074.0,2807.5
2026-07-21 13:45:37,2026-07-21 13:30,5722.0,5424.0,5.49,37589600,5789.0,5364.0,9074.0,2807.5
2026-07-21 13:50:30,2026-07-21 13:35,5730.0,5424.0,5.64,37896500,5789.0,5364.0,9074.0,2807.5
2026-07-21 13:55:34,2026-07-21 13:40,5726.0,5424.0,5.57,38186500,5789.0,5364.0,9074.0,2807.5
2026-07-21 14:00:46,2026-07-21 13:45,5722.0,5424.0,5.49,38445600,5789.0,5364.0,9074.0,2807.5
2026-07-21 14:05:36,2026-07-21 13:50,5721.0,5424.0,5.48,38728000,5789.0,5364.0,9074.0,2807.5
2026-07-21 14:10:35,2026-07-21 13:55,5685.0,5424.0,4.81,39202300,5789.0,5364.0,9074.0,2807.5
2026-07-21 14:15:36,2026-07-21 14:00,5704.0,5424.0,5.16,39533100,5789.0,5364.0,9074.0,2807.5
2026-07-21 14:20:36,2026-07-21 14:05,5695.0,5424.0,5.0,39762800,5789.0,5364.0,9074.0,2807.5
2026-07-21 14:25:32,2026-07-21 14:10,5710.0,5424.0,5.27,40073600,5789.0,5364.0,9074.0,2807.5
2026-07-21 14:30:38,2026-07-21 14:15,5670.0,5424.0,4.54,40554600,5789.0,5364.0,9074.0,2807.5
2026-07-21 14:35:38,2026-07-21 14:20,5664.0,5424.0,4.42,41025400,5789.0,5364.0,9074.0,2807.5
2026-07-21 14:40:29,2026-07-21 14:25,5666.0,5424.0,4.46,41360700,5789.0,5364.0,9074.0,2807.5
2026-07-21 14:45:34,2026-07-21 14:30,5709.0,5424.0,5.25,41882900,5789.0,5364.0,9074.0,2807.5
2026-07-21 14:50:41,2026-07-21 14:35,5693.0,5424.0,4.96,42239300,5789.0,5364.0,9074.0,2807.5
2026-07-21 14:55:34,2026-07-21 14:40,5700.0,5424.0,5.09,42595100,5789.0,5364.0,9074.0,2807.5
2026-07-21 15:00:36,2026-07-21 14:45,5711.0,5424.0,5.29,42911700,5789.0,5364.0,9074.0,2807.5
2026-07-21 15:05:39,2026-07-21 14:50,5729.0,5424.0,5.62,43479700,5789.0,5364.0,9074.0,2807.5
2026-07-21 15:10:44,2026-07-21 14:55,5725.0,5424.0,5.55,43933500,5789.0,5364.0,9074.0,2807.5
2026-07-21 15:15:39,2026-07-21 15:00,5728.0,5424.0,5.6,44302500,5789.0,5364.0,9074.0,2807.5
2026-07-21 15:20:32,2026-07-21 15:05,5723.0,5424.0,5.51,44691700,5789.0,5364.0,9074.0,2807.5
2026-07-21 15:25:33,2026-07-21 15:10,5718.0,5424.0,5.42,45093000,5789.0,5364.0,9074.0,2807.5
2026-07-21 15:30:29,2026-07-21 15:15,5712.0,5424.0,5.31,45661900,5789.0,5364.0,9074.0,2807.5
2026-07-21 15:40:30,2026-07-21 15:24,5737.0,5424.0,5.77,46796300,5789.0,5364.0,9074.0,2807.5
2026-07-22 09:05:30,2026-07-21 15:30,5751.0,5424.0,6.03,51208900,5789.0,5364.0,9074.0,2818.75
2026-07-22 09:10:42,2026-07-21 15:30,5751.0,5424.0,6.03,51208900,5789.0,5364.0,9074.0,2818.75
2026-07-22 09:15:27,2026-07-21 15:30,5751.0,5424.0,6.03,51208900,5789.0,5364.0,9074.0,2818.75
2026-07-22 09:20:28,2026-07-22 09:05,5966.0,5751.0,3.74,2987700,5969.0,5840.0,9074.0,2818.75
2026-07-22 09:25:32,2026-07-22 09:10,5962.0,5751.0,3.67,5601800,5999.0,5840.0,9074.0,2818.75
2026-07-22 09:30:34,2026-07-22 09:15,5995.0,5751.0,4.24,7493400,6004.0,5840.0,9074.0,2818.75
2026-07-22 09:35:38,2026-07-22 09:20,5967.0,5751.0,3.76,8782900,6004.0,5840.0,9074.0,2818.75
2026-07-22 09:40:39,2026-07-22 09:25,6020.0,5751.0,4.68,10342400,6030.0,5840.0,9074.0,2818.75
2026-07-22 09:45:36,2026-07-22 09:30,6005.0,5751.0,4.42,11261300,6032.0,5840.0,9074.0,2818.75
2026-07-22 09:50:38,2026-07-22 09:35,5976.0,5751.0,3.91,11977200,6032.0,5840.0,9074.0,2818.75
2026-07-22 09:55:28,2026-07-22 09:40,5978.0,5751.0,3.95,12541500,6032.0,5840.0,9074.0,2818.75
2026-07-22 10:00:29,2026-07-22 09:45,5955.0,5751.0,3.55,13111900,6032.0,5840.0,9074.0,2818.75
2026-07-22 10:05:28,2026-07-22 09:50,5940.0,5751.0,3.29,13878000,6032.0,5840.0,9074.0,2818.75
2026-07-22 10:10:29,2026-07-22 09:55,5918.0,5751.0,2.9,14560800,6032.0,5840.0,9074.0,2818.75
2026-07-22 10:15:31,2026-07-22 10:00,5929.0,5751.0,3.1,15079000,6032.0,5840.0,9074.0,2818.75
2026-07-22 10:20:43,2026-07-22 10:05,5911.0,5751.0,2.78,15807400,6032.0,5840.0,9074.0,2818.75
2026-07-22 10:25:49,2026-07-22 10:10,5887.0,5751.0,2.36,16462400,6032.0,5840.0,9074.0,2818.75
2026-07-22 10:30:36,2026-07-22 10:15,5897.0,5751.0,2.54,16937900,6032.0,5840.0,9074.0,2818.75
2026-07-22 10:35:29,2026-07-22 10:20,5909.0,5751.0,2.75,17417100,6032.0,5840.0,9074.0,2818.75
2026-07-22 10:40:33,2026-07-22 10:25,5940.0,5751.0,3.29,17920400,6032.0,5840.0,9074.0,2818.75
2026-07-22 10:45:41,2026-07-22 10:30,5933.0,5751.0,3.16,18388900,6032.0,5840.0,9074.0,2818.75
2026-07-22 10:50:31,2026-07-22 10:35,5953.0,5751.0,3.51,18949000,6032.0,5840.0,9074.0,2818.75
2026-07-22 10:55:38,2026-07-22 10:40,5949.0,5751.0,3.44,19347800,6032.0,5840.0,9074.0,2818.75
2026-07-22 11:00:36,2026-07-22 10:45,5942.0,5751.0,3.32,19703800,6032.0,5840.0,9074.0,2818.75
2026-07-22 11:05:44,2026-07-22 10:50,5939.0,5751.0,3.27,19964200,6032.0,5840.0,9074.0,2818.75
2026-07-22 11:10:32,2026-07-22 10:55,5938.0,5751.0,3.25,20347100,6032.0,5840.0,9074.0,2818.75
2026-07-22 11:15:37,2026-07-22 11:00,5949.0,5751.0,3.44,20727600,6032.0,5840.0,9074.0,2818.75
2026-07-22 11:20:31,2026-07-22 11:05,5939.0,5751.0,3.27,21029600,6032.0,5840.0,9074.0,2818.75
2026-07-22 11:25:33,2026-07-22 11:10,5921.0,5751.0,2.96,21414500,6032.0,5840.0,9074.0,2818.75
2026-07-22 11:30:29,2026-07-22 11:15,5921.0,5751.0,2.96,21732600,6032.0,5840.0,9074.0,2818.75
2026-07-22 12:30:35,2026-07-22 11:30,5922.0,5751.0,2.97,22579800,6032.0,5840.0,9074.0,2818.75
2026-07-22 12:35:39,2026-07-22 11:30,5922.0,5751.0,2.97,22579800,6032.0,5840.0,9074.0,2818.75
2026-07-22 12:40:36,2026-07-22 11:30,5922.0,5751.0,2.97,22579800,6032.0,5840.0,9074.0,2818.75
2026-07-22 12:45:33,2026-07-22 12:30,5891.0,5751.0,2.43,23131100,6032.0,5840.0,9074.0,2818.75
2026-07-22 12:50:31,2026-07-22 12:35,5866.0,5751.0,2.0,23844500,6032.0,5840.0,9074.0,2818.75
2026-07-22 12:55:35,2026-07-22 12:40,5842.0,5751.0,1.58,24518400,6032.0,5832.0,9074.0,2818.75
2026-07-22 13:00:45,2026-07-22 12:45,5838.0,5751.0,1.51,25025900,6032.0,5830.0,9074.0,2818.75
2026-07-22 13:05:30,2026-07-22 12:50,5845.0,5751.0,1.63,25461000,6032.0,5830.0,9074.0,2818.75
2026-07-22 13:10:33,2026-07-22 12:55,5832.0,5751.0,1.41,26017100,6032.0,5820.0,9074.0,2818.75
2026-07-22 13:15:32,2026-07-22 13:00,5838.0,5751.0,1.51,26582800,6032.0,5812.0,9074.0,2818.75
2026-07-22 13:20:33,2026-07-22 13:05,5839.0,5751.0,1.53,26970400,6032.0,5812.0,9074.0,2818.75
2026-07-22 13:25:58,2026-07-22 13:10,5852.0,5751.0,1.76,27407100,6032.0,5812.0,9074.0,2818.75
2026-07-22 13:30:43,2026-07-22 13:15,5860.0,5751.0,1.9,27663600,6032.0,5812.0,9074.0,2818.75
2026-07-22 13:35:37,2026-07-22 13:20,5868.0,5751.0,2.03,27945300,6032.0,5812.0,9074.0,2818.75
2026-07-22 13:40:35,2026-07-22 13:25,5858.0,5751.0,1.86,28221800,6032.0,5812.0,9074.0,2818.75
2026-07-22 13:45:40,2026-07-22 13:30,5837.0,5751.0,1.5,28683000,6032.0,5812.0,9074.0,2818.75
2026-07-22 13:50:38,2026-07-22 13:35,5838.0,5751.0,1.51,28935200,6032.0,5812.0,9074.0,2818.75
2026-07-22 13:55:35,2026-07-22 13:40,5839.0,5751.0,1.53,29128400,6032.0,5812.0,9074.0,2818.75
2026-07-22 14:00:38,2026-07-22 13:45,5822.0,5751.0,1.23,29369000,6032.0,5812.0,9074.0,2818.75
2026-07-22 14:05:42,2026-07-22 13:50,5823.0,5751.0,1.25,29650800,6032.0,5812.0,9074.0,2818.75
2026-07-22 14:10:33,2026-07-22 13:55,5804.0,5751.0,0.92,29975800,6032.0,5802.0,9074.0,2818.75
2026-07-22 14:15:52,2026-07-22 14:00,5806.0,5751.0,0.96,30652000,6032.0,5788.0,9074.0,2818.75
2026-07-22 14:20:38,2026-07-22 14:05,5781.0,5751.0,0.52,31001600,6032.0,5780.0,9074.0,2818.75
2026-07-22 14:25:34,2026-07-22 14:10,5772.0,5751.0,0.37,31380700,6032.0,5768.0,9074.0,2818.75
2026-07-22 14:30:36,2026-07-22 14:15,5749.0,5751.0,-0.03,32085000,6032.0,5743.0,9074.0,2818.75
2026-07-22 14:35:35,2026-07-22 14:20,5746.0,5751.0,-0.09,32556500,6032.0,5743.0,9074.0,2818.75
2026-07-22 14:40:31,2026-07-22 14:25,5751.0,5751.0,0.0,33062200,6032.0,5733.0,9074.0,2818.75
2026-07-22 14:45:40,2026-07-22 14:30,5763.0,5751.0,0.21,33590600,6032.0,5733.0,9074.0,2818.75
2026-07-22 14:50:56,2026-07-22 14:35,5779.0,5751.0,0.49,34055900,6032.0,5733.0,9074.0,2818.75
2026-07-22 14:55:34,2026-07-22 14:40,5764.0,5751.0,0.23,34540400,6032.0,5733.0,9074.0,2818.75
2026-07-22 15:00:35,2026-07-22 14:43,5750.0,5751.0,-0.02,34757400,6032.0,5733.0,9074.0,2818.75
2026-07-22 15:05:40,2026-07-22 14:50,5746.0,5751.0,-0.09,35308600,6032.0,5731.0,9074.0,2818.75
2026-07-22 15:10:38,2026-07-22 14:55,5734.0,5751.0,-0.3,35748700,6032.0,5731.0,9074.0,2818.75
2026-07-22 15:15:51,2026-07-22 15:00,5727.0,5751.0,-0.42,36153900,6032.0,5725.0,9074.0,2818.75
2026-07-22 15:20:30,2026-07-22 15:05,5721.0,5751.0,-0.52,36627000,6032.0,5710.0,9074.0,2818.75
2026-07-22 15:25:43,2026-07-22 15:10,5726.0,5751.0,-0.43,36906000,6032.0,5710.0,9074.0,2818.75
2026-07-22 15:30:53,2026-07-22 15:15,5703.0,5751.0,-0.83,37356700,6032.0,5701.0,9074.0,2818.75
2026-07-22 15:40:43,2026-07-22 15:25,5701.0,5751.0,-0.87,38334700,6032.0,5690.0,9074.0,2818.75
2026-07-23 09:05:32,2026-07-22 15:30,5703.0,5751.0,-0.83,41519000,6032.0,5690.0,9074.0,2818.75
2026-07-23 09:10:31,2026-07-22 15:30,5703.0,5751.0,-0.83,41519000,6032.0,5690.0,9074.0,2818.75
2026-07-23 09:15:30,2026-07-22 15:30,5703.0,5751.0,-0.83,41519000,6032.0,5690.0,9074.0,2818.75
2026-07-23 09:20:33,2026-07-23 09:05,5807.0,5703.0,1.82,1870100,5865.0,5767.0,9074.0,2818.75
2026-07-23 09:25:34,2026-07-23 09:10,5796.0,5703.0,1.63,3138500,5865.0,5763.0,9074.0,2818.75
2026-07-23 09:30:34,2026-07-23 09:15,5740.0,5703.0,0.65,4006500,5865.0,5738.0,9074.0,2818.75
2026-07-23 09:35:30,2026-07-23 09:20,5743.0,5703.0,0.7,4873600,5865.0,5712.0,9074.0,2818.75
2026-07-23 09:40:32,2026-07-23 09:25,5740.0,5703.0,0.65,5538300,5865.0,5704.0,9074.0,2818.75
2026-07-23 09:45:31,2026-07-23 09:30,5728.0,5703.0,0.44,6244200,5865.0,5704.0,9074.0,2818.75
2026-07-23 09:50:31,2026-07-23 09:35,5725.0,5703.0,0.39,6757100,5865.0,5704.0,9074.0,2818.75
2026-07-23 09:55:28,2026-07-23 09:40,5775.0,5703.0,1.26,7546500,5865.0,5704.0,9074.0,2818.75
2026-07-23 10:00:33,2026-07-23 09:45,5761.0,5703.0,1.02,8149400,5865.0,5704.0,9074.0,2818.75
2026-07-23 10:06:03,2026-07-23 09:51,5757.0,5703.0,0.95,8554600,5865.0,5704.0,9074.0,2818.75
2026-07-23 10:10:36,2026-07-23 09:55,5740.0,5703.0,0.65,9064500,5865.0,5704.0,9074.0,2818.75
2026-07-23 10:15:28,2026-07-23 10:00,5759.0,5703.0,0.98,9494000,5865.0,5704.0,9074.0,2818.75
2026-07-23 10:20:29,2026-07-23 10:05,5737.0,5703.0,0.6,9888800,5865.0,5704.0,9074.0,2818.75
2026-07-23 10:25:32,2026-07-23 10:10,5754.0,5703.0,0.89,10392500,5865.0,5704.0,9074.0,2818.75
2026-07-23 10:30:39,2026-07-23 10:15,5723.0,5703.0,0.35,10776200,5865.0,5704.0,9074.0,2818.75
2026-07-23 10:35:37,2026-07-23 10:20,5717.0,5703.0,0.25,11110100,5865.0,5704.0,9074.0,2818.75
2026-07-23 10:40:32,2026-07-23 10:25,5711.0,5703.0,0.14,11421200,5865.0,5704.0,9074.0,2818.75
2026-07-23 10:45:54,2026-07-23 10:30,5710.0,5703.0,0.12,11860200,5865.0,5704.0,9074.0,2818.75
2026-07-23 10:50:33,2026-07-23 10:35,5701.0,5703.0,-0.04,12475200,5865.0,5691.0,9074.0,2818.75
2026-07-23 10:55:36,2026-07-23 10:40,5700.0,5703.0,-0.05,13102200,5865.0,5687.0,9074.0,2818.75
2026-07-23 11:00:36,2026-07-23 10:45,5718.0,5703.0,0.26,13639100,5865.0,5687.0,9074.0,2818.75
2026-07-23 11:05:38,2026-07-23 10:50,5717.0,5703.0,0.25,14035300,5865.0,5687.0,9074.0,2818.75
2026-07-23 11:10:34,2026-07-23 10:55,5752.0,5703.0,0.86,14590200,5865.0,5687.0,9074.0,2818.75
2026-07-23 11:15:34,2026-07-23 11:00,5765.0,5703.0,1.09,15278600,5865.0,5687.0,9074.0,2818.75
2026-07-23 11:20:28,2026-07-23 11:05,5793.0,5703.0,1.58,16201400,5865.0,5687.0,9074.0,2818.75
2026-07-23 11:25:27,2026-07-23 11:10,5784.0,5703.0,1.42,16761000,5865.0,5687.0,9074.0,2818.75
2026-07-23 11:30:30,2026-07-23 11:15,5802.0,5703.0,1.74,17182700,5865.0,5687.0,9074.0,2818.75
2026-07-23 12:30:31,2026-07-23 11:30,5822.0,5703.0,2.09,18920100,5865.0,5687.0,9074.0,2818.75
2026-07-23 12:35:41,2026-07-23 11:30,5822.0,5703.0,2.09,18920100,5865.0,5687.0,9074.0,2818.75
2026-07-23 12:40:30,2026-07-23 11:30,5822.0,5703.0,2.09,18920100,5865.0,5687.0,9074.0,2818.75
2026-07-23 12:45:39,2026-07-23 12:30,5815.0,5703.0,1.96,19250300,5865.0,5687.0,9074.0,2818.75
2026-07-23 12:50:33,2026-07-23 12:35,5834.0,5703.0,2.3,20089900,5865.0,5687.0,9074.0,2818.75
2026-07-23 12:55:41,2026-07-23 12:40,5876.0,5703.0,3.03,21212500,5892.0,5687.0,9074.0,2818.75
2026-07-23 13:00:33,2026-07-23 12:45,5913.0,5703.0,3.68,22093000,5913.0,5687.0,9074.0,2818.75
2026-07-23 13:05:30,2026-07-23 12:50,5902.0,5703.0,3.49,22916200,5918.0,5687.0,9074.0,2818.75
2026-07-23 13:10:30,2026-07-23 12:55,5894.0,5703.0,3.35,23464700,5918.0,5687.0,9074.0,2818.75
2026-07-23 13:15:35,2026-07-23 13:00,5892.0,5703.0,3.31,24259900,5918.0,5687.0,9074.0,2818.75
2026-07-23 13:20:37,2026-07-23 13:05,5874.0,5703.0,3.0,24858700,5918.0,5687.0,9074.0,2818.75
2026-07-23 13:25:39,2026-07-23 13:10,5867.0,5703.0,2.88,25390200,5918.0,5687.0,9074.0,2818.75
2026-07-23 13:30:34,2026-07-23 13:15,5855.0,5703.0,2.67,25741500,5918.0,5687.0,9074.0,2818.75
2026-07-23 13:35:33,2026-07-23 13:20,5850.0,5703.0,2.58,26011700,5918.0,5687.0,9074.0,2818.75
2026-07-23 13:40:32,2026-07-23 13:25,5862.0,5703.0,2.79,26370200,5918.0,5687.0,9074.0,2818.75
2026-07-23 13:45:39,2026-07-23 13:30,5852.0,5703.0,2.61,26860200,5918.0,5687.0,9074.0,2818.75
2026-07-23 13:50:38,2026-07-23 13:35,5851.0,5703.0,2.6,27139400,5918.0,5687.0,9074.0,2818.75
2026-07-23 13:55:32,2026-07-23 13:40,5878.0,5703.0,3.07,27493400,5918.0,5687.0,9074.0,2818.75
2026-07-23 14:00:33,2026-07-23 13:45,5861.0,5703.0,2.77,27934900,5918.0,5687.0,9074.0,2818.75
2026-07-23 14:05:45,2026-07-23 13:50,5855.0,5703.0,2.67,28206500,5918.0,5687.0,9074.0,2818.75
2026-07-23 14:10:31,2026-07-23 13:55,5866.0,5703.0,2.86,28492800,5918.0,5687.0,9074.0,2818.75
2026-07-23 14:15:48,2026-07-23 14:00,5862.0,5703.0,2.79,28715700,5918.0,5687.0,9074.0,2818.75
2026-07-23 14:20:29,2026-07-23 14:05,5856.0,5703.0,2.68,28943700,5918.0,5687.0,9074.0,2818.75
2026-07-23 14:25:36,2026-07-23 14:10,5861.0,5703.0,2.77,29144900,5918.0,5687.0,9074.0,2818.75
2026-07-23 14:30:28,2026-07-23 14:15,5865.0,5703.0,2.84,29324100,5918.0,5687.0,9074.0,2818.75
2026-07-23 14:35:33,2026-07-23 14:20,5872.0,5703.0,2.96,29512300,5918.0,5687.0,9074.0,2818.75
2026-07-23 14:40:48,2026-07-23 14:25,5876.0,5703.0,3.03,29843300,5918.0,5687.0,9074.0,2818.75
2026-07-23 14:45:28,2026-07-23 14:30,5891.0,5703.0,3.3,30136400,5918.0,5687.0,9074.0,2818.75
2026-07-23 14:50:35,2026-07-23 14:35,5897.0,5703.0,3.4,31291400,5928.0,5687.0,9074.0,2818.75
2026-07-23 14:55:30,2026-07-23 14:40,5886.0,5703.0,3.21,31664900,5928.0,5687.0,9074.0,2818.75
2026-07-23 15:00:52,2026-07-23 14:45,5897.0,5703.0,3.4,32069000,5928.0,5687.0,9074.0,2818.75
2026-07-23 15:05:43,2026-07-23 14:50,5886.0,5703.0,3.21,32439100,5928.0,5687.0,9074.0,2818.75
2026-07-23 15:10:30,2026-07-23 14:55,5870.0,5703.0,2.93,32833500,5928.0,5687.0,9074.0,2818.75
2026-07-23 15:15:36,2026-07-23 15:00,5859.0,5703.0,2.74,33368300,5928.0,5687.0,9074.0,2818.75
2026-07-23 15:20:37,2026-07-23 15:05,5878.0,5703.0,3.07,33725700,5928.0,5687.0,9074.0,2818.75
2026-07-23 15:25:46,2026-07-23 15:10,5863.0,5703.0,2.81,34023600,5928.0,5687.0,9074.0,2818.75
2026-07-23 15:30:46,2026-07-23 15:15,5858.0,5703.0,2.72,34494500,5928.0,5687.0,9074.0,2818.75
2026-07-23 15:40:39,2026-07-23 15:24,5894.0,5703.0,3.35,35398200,5928.0,5687.0,9074.0,2818.75
2026-07-24 09:05:37,2026-07-23 15:30,5918.0,5703.0,3.77,38653800,5928.0,5687.0,9074.0,2818.75
2026-07-24 09:10:31,2026-07-23 15:30,5918.0,5703.0,3.77,38653800,5928.0,5687.0,9074.0,2818.75
2026-07-24 09:15:34,2026-07-23 15:30,5918.0,5703.0,3.77,38653800,5928.0,5687.0,9074.0,2818.75
2026-07-24 09:20:29,2026-07-24 09:05,5657.0,5918.0,-4.41,2916900,5800.0,5654.0,9074.0,2818.75
2026-07-24 09:25:49,2026-07-24 09:10,5594.0,5918.0,-5.47,5276600,5800.0,5592.0,9074.0,2818.75
2026-07-24 09:30:35,2026-07-24 09:15,5562.0,5918.0,-6.02,6643000,5800.0,5556.0,9074.0,2818.75
2026-07-24 09:35:33,2026-07-24 09:20,5544.0,5918.0,-6.32,8015500,5800.0,5542.0,9074.0,2818.75
2026-07-24 09:40:33,2026-07-24 09:25,5559.0,5918.0,-6.07,9222300,5800.0,5542.0,9074.0,2818.75
2026-07-24 09:45:32,2026-07-24 09:30,5545.0,5918.0,-6.3,10406400,5800.0,5540.0,9074.0,2818.75
2026-07-24 09:50:39,2026-07-24 09:35,5520.0,5918.0,-6.73,11744900,5800.0,5511.0,9074.0,2818.75
2026-07-24 09:55:34,2026-07-24 09:40,5533.0,5918.0,-6.51,12510000,5800.0,5511.0,9074.0,2818.75
2026-07-24 10:00:39,2026-07-24 09:45,5543.0,5918.0,-6.34,13457700,5800.0,5511.0,9074.0,2818.75
2026-07-24 10:05:32,2026-07-24 09:50,5548.0,5918.0,-6.25,14253100,5800.0,5511.0,9074.0,2818.75
2026-07-24 10:10:29,2026-07-24 09:55,5506.0,5918.0,-6.96,15784800,5800.0,5494.0,9074.0,2818.75
2026-07-24 10:15:38,2026-07-24 10:00,5525.0,5918.0,-6.64,16353000,5800.0,5494.0,9074.0,2818.75
2026-07-24 10:20:30,2026-07-24 10:05,5510.0,5918.0,-6.89,17170300,5800.0,5494.0,9074.0,2818.75
2026-07-24 10:25:35,2026-07-24 10:10,5495.0,5918.0,-7.15,18205100,5800.0,5481.0,9074.0,2818.75
2026-07-24 10:30:34,2026-07-24 10:15,5468.0,5918.0,-7.6,19207400,5800.0,5462.0,9074.0,2818.75
2026-07-24 10:35:37,2026-07-24 10:20,5470.0,5918.0,-7.57,19898900,5800.0,5457.0,9074.0,2818.75
2026-07-24 10:40:41,2026-07-24 10:25,5452.0,5918.0,-7.87,20808200,5800.0,5443.0,9074.0,2818.75
2026-07-24 10:45:31,2026-07-24 10:30,5449.0,5918.0,-7.92,21516300,5800.0,5443.0,9074.0,2818.75
2026-07-24 10:50:39,2026-07-24 10:35,5474.0,5918.0,-7.5,22036100,5800.0,5443.0,9074.0,2818.75
2026-07-24 10:55:32,2026-07-24 10:40,5437.0,5918.0,-8.13,22845700,5800.0,5427.0,9074.0,2818.75
2026-07-24 11:00:34,2026-07-24 10:45,5456.0,5918.0,-7.81,23348400,5800.0,5427.0,9074.0,2818.75
2026-07-24 11:05:32,2026-07-24 10:50,5423.0,5918.0,-8.36,23876200,5800.0,5422.0,9074.0,2818.75
2026-07-24 11:10:47,2026-07-24 10:55,5447.0,5918.0,-7.96,24668400,5800.0,5411.0,9074.0,2818.75
2026-07-24 11:15:35,2026-07-24 11:00,5447.0,5918.0,-7.96,25017500,5800.0,5411.0,9074.0,2818.75
2026-07-24 11:20:39,2026-07-24 11:05,5457.0,5918.0,-7.79,25460800,5800.0,5411.0,9074.0,2818.75
2026-07-24 11:25:37,2026-07-24 11:10,5475.0,5918.0,-7.49,25830000,5800.0,5411.0,9074.0,2818.75
2026-07-24 11:30:29,2026-07-24 11:15,5476.0,5918.0,-7.47,26293200,5800.0,5411.0,9074.0,2818.75
2026-07-24 12:30:40,2026-07-24 11:30,5504.0,5918.0,-7.0,27629200,5800.0,5411.0,9074.0,2818.75
2026-07-24 12:35:36,2026-07-24 11:30,5504.0,5918.0,-7.0,27629200,5800.0,5411.0,9074.0,2818.75
2026-07-24 12:40:29,2026-07-24 11:30,5504.0,5918.0,-7.0,27629200,5800.0,5411.0,9074.0,2818.75
2026-07-24 12:45:30,2026-07-24 12:30,5499.0,5918.0,-7.08,28085500,5800.0,5411.0,9074.0,2818.75
2026-07-24 12:50:37,2026-07-24 12:35,5484.0,5918.0,-7.33,28719600,5800.0,5411.0,9074.0,2818.75
2026-07-24 12:55:36,2026-07-24 12:40,5506.0,5918.0,-6.96,29297900,5800.0,5411.0,9074.0,2818.75
2026-07-24 13:00:44,2026-07-24 12:45,5502.0,5918.0,-7.03,29692800,5800.0,5411.0,9074.0,2818.75
2026-07-24 13:05:32,2026-07-24 12:50,5510.0,5918.0,-6.89,30087100,5800.0,5411.0,9074.0,2818.75
2026-07-24 13:10:28,2026-07-24 12:55,5489.0,5918.0,-7.25,30434400,5800.0,5411.0,9074.0,2818.75
2026-07-24 13:15:33,2026-07-24 13:00,5486.0,5918.0,-7.3,30705100,5800.0,5411.0,9074.0,2818.75
2026-07-24 13:20:52,2026-07-24 13:05,5509.0,5918.0,-6.91,31179200,5800.0,5411.0,9074.0,2818.75
2026-07-24 13:25:31,2026-07-24 13:10,5504.0,5918.0,-7.0,31570300,5800.0,5411.0,9074.0,2818.75
2026-07-24 13:30:34,2026-07-24 13:15,5482.0,5918.0,-7.37,31894500,5800.0,5411.0,9074.0,2818.75
2026-07-24 13:35:29,2026-07-24 13:20,5470.0,5918.0,-7.57,32292200,5800.0,5411.0,9074.0,2818.75
2026-07-24 13:40:40,2026-07-24 13:25,5503.0,5918.0,-7.01,32761100,5800.0,5411.0,9074.0,2818.75
2026-07-24 13:45:36,2026-07-24 13:30,5500.0,5918.0,-7.06,33271100,5800.0,5411.0,9074.0,2818.75
2026-07-24 13:50:28,2026-07-24 13:35,5497.0,5918.0,-7.11,33561700,5800.0,5411.0,9074.0,2818.75
2026-07-24 13:55:28,2026-07-24 13:40,5483.0,5918.0,-7.35,33859800,5800.0,5411.0,9074.0,2818.75
2026-07-24 14:00:36,2026-07-24 13:45,5484.0,5918.0,-7.33,34263200,5800.0,5411.0,9074.0,2818.75
2026-07-24 14:05:50,2026-07-24 13:50,5477.0,5918.0,-7.45,34514700,5800.0,5411.0,9074.0,2818.75
2026-07-24 14:10:50,2026-07-24 13:55,5469.0,5918.0,-7.59,34834000,5800.0,5411.0,9074.0,2818.75
2026-07-24 14:15:46,2026-07-24 14:00,5484.0,5918.0,-7.33,35144300,5800.0,5411.0,9074.0,2818.75
2026-07-24 14:20:48,2026-07-24 14:05,5467.0,5918.0,-7.62,35601400,5800.0,5411.0,9074.0,2818.75
2026-07-24 14:25:46,2026-07-24 14:10,5470.0,5918.0,-7.57,35942600,5800.0,5411.0,9074.0,2818.75
2026-07-24 14:30:30,2026-07-24 14:15,5474.0,5918.0,-7.5,36181400,5800.0,5411.0,9074.0,2818.75
2026-07-24 14:35:35,2026-07-24 14:20,5487.0,5918.0,-7.28,36466500,5800.0,5411.0,9074.0,2818.75
2026-07-24 14:40:30,2026-07-24 14:25,5488.0,5918.0,-7.27,36816000,5800.0,5411.0,9074.0,2818.75
2026-07-24 14:45:30,2026-07-24 14:30,5491.0,5918.0,-7.22,37100300,5800.0,5411.0,9074.0,2818.75
2026-07-24 14:50:29,2026-07-24 14:35,5478.0,5918.0,-7.43,37444000,5800.0,5411.0,9074.0,2818.75
2026-07-24 14:55:42,2026-07-24 14:40,5479.0,5918.0,-7.42,37682800,5800.0,5411.0,9074.0,2818.75
2026-07-24 15:01:03,2026-07-24 14:45,5488.0,5918.0,-7.27,38036400,5800.0,5411.0,9074.0,2818.75
2026-07-24 15:05:53,2026-07-24 14:50,5482.0,5918.0,-7.37,38250000,5800.0,5411.0,9074.0,2818.75
2026-07-24 15:10:36,2026-07-24 14:55,5470.0,5918.0,-7.57,38495800,5800.0,5411.0,9074.0,2818.75
2026-07-24 15:15:29,2026-07-24 15:00,5475.0,5918.0,-7.49,38681100,5800.0,5411.0,9074.0,2818.75
2026-07-24 15:20:40,2026-07-24 15:05,5469.0,5918.0,-7.59,38987100,5800.0,5411.0,9074.0,2818.75
2026-07-24 15:25:37,2026-07-24 15:10,5469.0,5918.0,-7.59,39267100,5800.0,5411.0,9074.0,2818.75
2026-07-24 15:30:35,2026-07-24 15:15,5476.0,5918.0,-7.47,39521700,5800.0,5411.0,9074.0,2818.75
2026-07-24 15:51:01,2026-07-24 15:30,5500.0,5918.0,-7.06,43229200,5800.0,5411.0,9074.0,2818.75
2026-07-27 09:05:34,2026-07-24 15:30,5500.0,5918.0,-7.06,43229200,5800.0,5411.0,9074.0,2818.75
2026-07-27 09:10:58,2026-07-24 15:30,5500.0,5918.0,-7.06,43229200,5800.0,5411.0,9074.0,2818.75
2026-07-27 09:15:43,2026-07-27 09:00,5564.0,5918.0,-5.98,44809300,5596.0,5532.0,9074.0,2818.75
2026-07-27 09:20:37,2026-07-27 09:05,5551.0,5500.0,0.93,3785800,5671.0,5532.0,9074.0,2818.75
2026-07-27 09:25:31,2026-07-27 09:10,5448.0,5500.0,-0.95,5651800,5671.0,5433.0,9074.0,2818.75
2026-07-27 09:30:36,2026-07-27 09:15,5524.0,5500.0,0.44,6949400,5671.0,5433.0,9074.0,2818.75
2026-07-27 09:35:38,2026-07-27 09:20,5447.0,5500.0,-0.96,8171200,5671.0,5433.0,9074.0,2818.75
2026-07-27 09:40:34,2026-07-27 09:25,5413.0,5500.0,-1.58,9322600,5671.0,5410.0,9074.0,2818.75
2026-07-27 09:47:03,2026-07-27 09:32,5410.0,5500.0,-1.64,10567400,5671.0,5402.0,9074.0,2818.75
2026-07-27 09:50:35,2026-07-27 09:35,5427.0,5500.0,-1.33,11314000,5671.0,5402.0,9074.0,2818.75
2026-07-27 09:57:00,2026-07-27 09:41,5433.0,5500.0,-1.22,12434900,5671.0,5402.0,9074.0,2818.75
2026-07-27 10:00:36,2026-07-27 09:45,5438.0,5500.0,-1.13,13037500,5671.0,5402.0,9074.0,2818.75
2026-07-27 10:06:14,2026-07-27 09:51,5445.0,5500.0,-1.0,13622800,5671.0,5402.0,9074.0,2818.75
2026-07-27 10:10:39,2026-07-27 09:55,5384.0,5500.0,-2.11,14985400,5671.0,5374.0,9074.0,2818.75
2026-07-27 10:15:30,2026-07-27 10:00,5370.0,5500.0,-2.36,16196400,5671.0,5342.0,9074.0,2818.75
2026-07-27 10:20:33,2026-07-27 10:05,5386.0,5500.0,-2.07,16742300,5671.0,5342.0,9074.0,2818.75
2026-07-27 10:25:33,2026-07-27 10:10,5362.0,5500.0,-2.51,17470100,5671.0,5342.0,9074.0,2818.75
2026-07-27 10:30:31,2026-07-27 10:15,5330.0,5500.0,-3.09,18428500,5671.0,5319.0,9074.0,2818.75
2026-07-27 10:35:28,2026-07-27 10:20,5353.0,5500.0,-2.67,19067600,5671.0,5319.0,9074.0,2818.75
2026-07-27 10:40:41,2026-07-27 10:25,5331.0,5500.0,-3.07,19512000,5671.0,5319.0,9074.0,2818.75
2026-07-27 10:47:33,2026-07-27 10:32,5349.0,5500.0,-2.75,20301700,5671.0,5319.0,9074.0,2818.75
2026-07-27 10:50:46,2026-07-27 10:35,5326.0,5500.0,-3.16,20720900,5671.0,5319.0,9074.0,2818.75
2026-07-27 10:55:53,2026-07-27 10:40,5373.0,5500.0,-2.31,21360300,5671.0,5319.0,9074.0,2818.75
2026-07-27 11:00:34,2026-07-27 10:45,5340.0,5500.0,-2.91,21909500,5671.0,5319.0,9074.0,2818.75
2026-07-27 11:06:00,2026-07-27 10:50,5345.0,5500.0,-2.82,22344100,5671.0,5319.0,9074.0,2818.75
2026-07-27 11:10:47,2026-07-27 10:55,5353.0,5500.0,-2.67,22748300,5671.0,5319.0,9074.0,2818.75
2026-07-27 11:15:32,2026-07-27 11:00,5376.0,5500.0,-2.25,23117500,5671.0,5319.0,9074.0,2818.75
2026-07-27 11:20:36,2026-07-27 11:05,5369.0,5500.0,-2.38,23655500,5671.0,5319.0,9074.0,2818.75
2026-07-27 11:25:36,2026-07-27 11:10,5368.0,5500.0,-2.4,23997000,5671.0,5319.0,9074.0,2818.75
2026-07-27 11:30:41,2026-07-27 11:15,5374.0,5500.0,-2.29,24288000,5671.0,5319.0,9074.0,2818.75
2026-07-27 12:30:35,2026-07-27 11:30,5389.0,5500.0,-2.02,25560000,5671.0,5319.0,9074.0,2818.75
2026-07-27 12:36:59,2026-07-27 11:30,5389.0,5500.0,-2.02,25560000,5671.0,5319.0,9074.0,2818.75
2026-07-27 12:40:42,2026-07-27 11:30,5389.0,5500.0,-2.02,25560000,5671.0,5319.0,9074.0,2818.75
2026-07-27 12:45:35,2026-07-27 12:30,5348.0,5500.0,-2.76,26167600,5671.0,5319.0,9074.0,2818.75
2026-07-27 12:50:37,2026-07-27 12:35,5293.0,5500.0,-3.76,28384000,5671.0,5276.0,9074.0,2818.75
2026-07-27 12:55:39,2026-07-27 12:40,5296.0,5500.0,-3.71,29156800,5671.0,5276.0,9074.0,2818.75
2026-07-27 13:00:40,2026-07-27 12:45,5301.0,5500.0,-3.62,30010000,5671.0,5276.0,9074.0,2818.75
2026-07-27 13:06:49,2026-07-27 12:51,5276.0,5500.0,-4.07,31176700,5671.0,5272.0,9074.0,2818.75
2026-07-27 13:10:34,2026-07-27 12:55,5251.0,5500.0,-4.53,32028400,5671.0,5249.0,9074.0,2818.75
2026-07-27 13:15:32,2026-07-27 13:00,5244.0,5500.0,-4.65,32856000,5671.0,5236.0,9074.0,2818.75
2026-07-27 13:20:34,2026-07-27 13:05,5235.0,5500.0,-4.82,33604200,5671.0,5230.0,9074.0,2818.75
2026-07-27 13:26:55,2026-07-27 13:11,5233.0,5500.0,-4.85,34568900,5671.0,5219.0,9074.0,2818.75
2026-07-27 13:32:06,2026-07-27 13:17,5231.0,5500.0,-4.89,35060100,5671.0,5219.0,9074.0,2818.75
2026-07-27 13:35:46,2026-07-27 13:20,5242.0,5500.0,-4.69,35387300,5671.0,5219.0,9074.0,2818.75
2026-07-27 13:40:34,2026-07-27 13:25,5251.0,5500.0,-4.53,35920000,5671.0,5219.0,9074.0,2818.75
2026-07-27 13:45:39,2026-07-27 13:30,5259.0,5500.0,-4.38,36498800,5671.0,5219.0,9074.0,2818.75
2026-07-27 13:50:35,2026-07-27 13:35,5265.0,5500.0,-4.27,36940300,5671.0,5219.0,9074.0,2818.75
2026-07-27 13:55:30,2026-07-27 13:40,5288.0,5500.0,-3.85,37480200,5671.0,5219.0,9074.0,2818.75
2026-07-27 14:00:33,2026-07-27 13:45,5291.0,5500.0,-3.8,38021100,5671.0,5219.0,9074.0,2818.75
2026-07-27 14:05:31,2026-07-27 13:50,5291.0,5500.0,-3.8,38382900,5671.0,5219.0,9074.0,2818.75
2026-07-27 14:10:37,2026-07-27 13:55,5293.0,5500.0,-3.76,38933000,5671.0,5219.0,9074.0,2818.75
2026-07-27 14:17:02,2026-07-27 14:02,5298.0,5500.0,-3.67,39531300,5671.0,5219.0,9074.0,2818.75
2026-07-27 14:20:30,2026-07-27 14:05,5295.0,5500.0,-3.73,39831400,5671.0,5219.0,9074.0,2818.75
2026-07-27 14:25:38,2026-07-27 14:10,5299.0,5500.0,-3.65,40201900,5671.0,5219.0,9074.0,2818.75
2026-07-27 14:30:30,2026-07-27 14:15,5295.0,5500.0,-3.73,40498000,5671.0,5219.0,9074.0,2818.75
2026-07-27 14:36:50,2026-07-27 14:21,5300.0,5500.0,-3.64,40897800,5671.0,5219.0,9074.0,2818.75
2026-07-27 14:40:34,2026-07-27 14:25,5286.0,5500.0,-3.89,41180000,5671.0,5219.0,9074.0,2818.75
2026-07-27 14:45:33,2026-07-27 14:30,5301.0,5500.0,-3.62,41612100,5671.0,5219.0,9074.0,2818.75
2026-07-27 14:50:43,2026-07-27 14:35,5297.0,5500.0,-3.69,41953400,5671.0,5219.0,9074.0,2818.75
2026-07-27 14:56:53,2026-07-27 14:41,5299.0,5500.0,-3.65,42460500,5671.0,5219.0,9074.0,2818.75
2026-07-27 15:00:38,2026-07-27 14:45,5313.0,5500.0,-3.4,42777300,5671.0,5219.0,9074.0,2818.75
2026-07-27 15:05:33,2026-07-27 14:50,5319.0,5500.0,-3.29,43334900,5671.0,5219.0,9074.0,2818.75
2026-07-27 15:10:43,2026-07-27 14:55,5311.0,5500.0,-3.44,43722700,5671.0,5219.0,9074.0,2818.75
2026-07-27 15:17:09,2026-07-27 15:02,5316.0,5500.0,-3.35,44173500,5671.0,5219.0,9074.0,2818.75
2026-07-27 15:21:57,2026-07-27 15:06,5317.0,5500.0,-3.33,44519600,5671.0,5219.0,9074.0,2818.75
2026-07-27 15:25:33,2026-07-27 15:10,5334.0,5500.0,-3.02,45016100,5671.0,5219.0,9074.0,2818.75
2026-07-27 15:30:50,2026-07-27 15:15,5349.0,5500.0,-2.75,46437700,5671.0,5219.0,9074.0,2818.75
2026-07-27 15:40:38,2026-07-27 15:24,5339.0,5500.0,-2.93,47347300,5671.0,5219.0,9074.0,2818.75
2026-07-28 09:05:32,2026-07-27 15:30,5331.0,5500.0,-3.07,50264400,5671.0,5219.0,9074.0,2818.75
2026-07-28 09:10:35,2026-07-27 15:30,5331.0,5500.0,-3.07,50264400,5671.0,5219.0,9074.0,2818.75
2026-07-28 09:15:30,2026-07-27 15:30,5331.0,5500.0,-3.07,50264400,5671.0,5219.0,9074.0,2818.75
2026-07-28 09:20:37,2026-07-28 09:05,5193.0,5331.0,-2.59,2983800,5270.0,5170.0,9074.0,2818.75
2026-07-28 09:25:37,2026-07-28 09:10,5182.0,5331.0,-2.79,4660100,5270.0,5170.0,9074.0,2818.75
2026-07-28 09:30:35,2026-07-28 09:15,5131.0,5331.0,-3.75,6530800,5270.0,5126.0,9074.0,2818.75
2026-07-28 09:35:47,2026-07-28 09:20,5082.0,5331.0,-4.67,8453300,5270.0,5081.0,9074.0,2818.75
2026-07-28 09:40:34,2026-07-28 09:25,5071.0,5331.0,-4.88,10019900,5270.0,5052.0,9074.0,2818.75
2026-07-28 09:45:49,2026-07-28 09:30,5064.0,5331.0,-5.01,11522500,5270.0,5052.0,9074.0,2818.75
2026-07-28 09:50:29,2026-07-28 09:35,5085.0,5331.0,-4.61,13307300,5270.0,5033.0,9074.0,2818.75
2026-07-28 09:55:31,2026-07-28 09:40,5042.0,5331.0,-5.42,14620600,5270.0,5033.0,9074.0,2818.75
2026-07-28 10:00:42,2026-07-28 09:45,5028.0,5331.0,-5.68,15761100,5270.0,5025.0,9074.0,2818.75
2026-07-28 10:05:42,2026-07-28 09:50,5003.0,5331.0,-6.15,18126300,5270.0,4992.0,9074.0,2818.75
2026-07-28 10:10:41,2026-07-28 09:55,4984.0,5331.0,-6.51,19333800,5270.0,4982.0,9074.0,2818.75
2026-07-28 10:15:30,2026-07-28 10:00,5010.0,5331.0,-6.02,20357900,5270.0,4982.0,9074.0,2818.75
2026-07-28 10:20:43,2026-07-28 10:05,5048.0,5331.0,-5.31,21884800,5270.0,4982.0,9074.0,2818.75
2026-07-28 10:25:43,2026-07-28 10:10,5017.0,5331.0,-5.89,22963100,5270.0,4982.0,9074.0,2818.75
2026-07-28 10:30:29,2026-07-28 10:15,5013.0,5331.0,-5.97,23877200,5270.0,4982.0,9074.0,2818.75
2026-07-28 10:35:36,2026-07-28 10:20,5029.0,5331.0,-5.66,24566900,5270.0,4982.0,9074.0,2818.75
2026-07-28 10:40:34,2026-07-28 10:25,5035.0,5331.0,-5.55,25366200,5270.0,4982.0,9074.0,2818.75
2026-07-28 10:45:31,2026-07-28 10:30,5053.0,5331.0,-5.21,26033300,5270.0,4982.0,9074.0,2818.75
2026-07-28 10:50:28,2026-07-28 10:35,5101.0,5331.0,-4.31,27019100,5270.0,4982.0,9074.0,2818.75
2026-07-28 10:55:39,2026-07-28 10:40,5103.0,5331.0,-4.28,28060400,5270.0,4982.0,9074.0,2818.75
2026-07-28 11:00:36,2026-07-28 10:45,5101.0,5331.0,-4.31,28695300,5270.0,4982.0,9074.0,2818.75
2026-07-28 11:05:47,2026-07-28 10:50,5122.0,5331.0,-3.92,29376000,5270.0,4982.0,9074.0,2818.75
2026-07-28 11:10:32,2026-07-28 10:55,5097.0,5331.0,-4.39,29921000,5270.0,4982.0,9074.0,2818.75
2026-07-28 11:15:42,2026-07-28 11:00,5062.0,5331.0,-5.05,30596700,5270.0,4982.0,9074.0,2818.75
2026-07-28 11:20:38,2026-07-28 11:05,5048.0,5331.0,-5.31,31405600,5270.0,4982.0,9074.0,2818.75
2026-07-28 11:25:33,2026-07-28 11:10,5038.0,5331.0,-5.5,31987100,5270.0,4982.0,9074.0,2818.75
2026-07-28 11:30:35,2026-07-28 11:15,5006.0,5331.0,-6.1,32620700,5270.0,4982.0,9074.0,2818.75
2026-07-28 12:30:28,2026-07-28 11:30,4995.0,5331.0,-6.3,35140500,5270.0,4982.0,9074.0,2818.75
2026-07-28 12:35:35,2026-07-28 11:30,4995.0,5331.0,-6.3,35140500,5270.0,4982.0,9074.0,2818.75
2026-07-28 12:40:40,2026-07-28 11:30,4995.0,5331.0,-6.3,35140500,5270.0,4982.0,9074.0,2818.75
2026-07-28 12:45:30,2026-07-28 12:30,5008.0,5331.0,-6.06,35615600,5270.0,4982.0,9074.0,2818.75
2026-07-28 12:50:47,2026-07-28 12:35,5057.0,5331.0,-5.14,36783800,5270.0,4982.0,9074.0,2818.75
2026-07-28 12:55:37,2026-07-28 12:40,5097.0,5331.0,-4.39,37847100,5270.0,4982.0,9074.0,2818.75
2026-07-28 13:00:36,2026-07-28 12:45,5097.0,5331.0,-4.39,38841400,5270.0,4982.0,9074.0,2818.75
2026-07-28 13:05:32,2026-07-28 12:50,5093.0,5331.0,-4.46,39446900,5270.0,4982.0,9074.0,2818.75
2026-07-28 13:10:41,2026-07-28 12:55,5070.0,5331.0,-4.9,40104000,5270.0,4982.0,9074.0,2818.75
2026-07-28 13:15:32,2026-07-28 13:00,5069.0,5331.0,-4.91,40580400,5270.0,4982.0,9074.0,2818.75
2026-07-28 13:20:34,2026-07-28 13:05,5045.0,5331.0,-5.36,41223600,5270.0,4982.0,9074.0,2818.75
2026-07-28 13:25:41,2026-07-28 13:10,5059.0,5331.0,-5.1,41846600,5270.0,4982.0,9074.0,2818.75
2026-07-28 13:30:37,2026-07-28 13:15,5042.0,5331.0,-5.42,42256900,5270.0,4982.0,9074.0,2818.75
2026-07-28 13:35:34,2026-07-28 13:20,5080.0,5331.0,-4.71,43041300,5270.0,4982.0,9074.0,2818.75
2026-07-28 13:40:36,2026-07-28 13:25,5076.0,5331.0,-4.78,43427000,5270.0,4982.0,9074.0,2818.75
2026-07-28 13:45:32,2026-07-28 13:30,5092.0,5331.0,-4.48,43776300,5270.0,4982.0,9074.0,2818.75
2026-07-28 13:50:40,2026-07-28 13:35,5080.0,5331.0,-4.71,44419200,5270.0,4982.0,9074.0,2818.75
2026-07-28 13:55:39,2026-07-28 13:40,5083.0,5331.0,-4.65,44701700,5270.0,4982.0,9074.0,2818.75
2026-07-28 14:00:30,2026-07-28 13:45,5097.0,5331.0,-4.39,45016300,5270.0,4982.0,9074.0,2818.75
2026-07-28 14:05:44,2026-07-28 13:50,5101.0,5331.0,-4.31,45500500,5270.0,4982.0,9074.0,2818.75
2026-07-28 14:10:32,2026-07-28 13:55,5102.0,5331.0,-4.3,45933400,5270.0,4982.0,9074.0,2818.75
2026-07-28 14:15:30,2026-07-28 14:00,5092.0,5331.0,-4.48,46312900,5270.0,4982.0,9074.0,2818.75
2026-07-28 14:20:37,2026-07-28 14:05,5096.0,5331.0,-4.41,46761200,5270.0,4982.0,9074.0,2818.75
2026-07-28 14:25:36,2026-07-28 14:10,5099.0,5331.0,-4.35,47216500,5270.0,4982.0,9074.0,2818.75
2026-07-28 14:30:32,2026-07-28 14:15,5088.0,5331.0,-4.56,47584300,5270.0,4982.0,9074.0,2818.75
2026-07-28 14:35:50,2026-07-28 14:20,5063.0,5331.0,-5.03,48257000,5270.0,4982.0,9074.0,2818.75
2026-07-28 14:40:39,2026-07-28 14:25,5035.0,5331.0,-5.55,48928400,5270.0,4982.0,9074.0,2818.75
2026-07-28 14:45:30,2026-07-28 14:30,5061.0,5331.0,-5.06,49751900,5270.0,4982.0,9074.0,2818.75
2026-07-28 14:50:39,2026-07-28 14:35,5050.0,5331.0,-5.27,50133700,5270.0,4982.0,9074.0,2818.75
2026-07-28 14:55:35,2026-07-28 14:40,5065.0,5331.0,-4.99,50728700,5270.0,4982.0,9074.0,2818.75
2026-07-28 15:00:40,2026-07-28 14:45,5050.0,5331.0,-5.27,51163100,5270.0,4982.0,9074.0,2818.75
2026-07-28 15:05:48,2026-07-28 14:50,5053.0,5331.0,-5.21,51533700,5270.0,4982.0,9074.0,2818.75
2026-07-28 15:10:48,2026-07-28 14:55,5059.0,5331.0,-5.1,51950500,5270.0,4982.0,9074.0,2818.75
2026-07-28 15:15:47,2026-07-28 15:00,5038.0,5331.0,-5.5,52774900,5270.0,4982.0,9074.0,2818.75
2026-07-28 15:20:40,2026-07-28 15:05,5030.0,5331.0,-5.65,53217800,5270.0,4982.0,9074.0,2818.75
2026-07-28 15:25:34,2026-07-28 15:10,5038.0,5331.0,-5.5,53600900,5270.0,4982.0,9074.0,2818.75
2026-07-28 15:30:37,2026-07-28 15:15,5061.0,5331.0,-5.06,54173300,5270.0,4982.0,9074.0,2818.75
2026-07-28 15:40:32,2026-07-28 15:24,5071.0,5331.0,-4.88,55463300,5270.0,4982.0,9074.0,2818.75
2026-07-29 09:10:44,2026-07-28 15:30,5095.0,5331.0,-4.43,59274300,5270.0,4982.0,9074.0,2818.75
2026-07-29 09:15:30,2026-07-29 09:00,5095.0,5331.0,-4.43,61053400,5130.0,5045.0,9074.0,2818.75
2026-07-29 09:20:36,2026-07-29 09:05,5031.0,5095.0,-1.26,3353900,5130.0,5019.0,9074.0,2818.75
2026-07-29 09:25:32,2026-07-29 09:10,5091.0,5095.0,-0.08,4647100,5130.0,5015.0,9074.0,2818.75
2026-07-29 09:30:31,2026-07-29 09:15,5039.0,5095.0,-1.1,6226400,5130.0,5015.0,9074.0,2818.75
2026-07-29 09:35:49,2026-07-29 09:20,5108.0,5095.0,0.26,7531300,5130.0,5015.0,9074.0,2818.75
2026-07-29 09:40:35,2026-07-29 09:25,5048.0,5095.0,-0.92,8956100,5130.0,5015.0,9074.0,2818.75
2026-07-29 09:45:41,2026-07-29 09:30,5010.0,5095.0,-1.67,10557900,5130.0,4993.0,9074.0,2818.75
2026-07-29 09:50:37,2026-07-29 09:35,4987.0,5095.0,-2.12,11638700,5130.0,4986.0,9074.0,2818.75
2026-07-29 09:55:39,2026-07-29 09:40,5011.0,5095.0,-1.65,12833000,5130.0,4977.0,9074.0,2818.75
2026-07-29 10:00:35,2026-07-29 09:45,4990.0,5095.0,-2.06,14001300,5130.0,4972.0,9074.0,2818.75
2026-07-29 10:05:33,2026-07-29 09:50,4955.0,5095.0,-2.75,15136800,5130.0,4952.0,9074.0,2818.75
2026-07-29 10:10:41,2026-07-29 09:55,4939.0,5095.0,-3.06,16338200,5130.0,4931.0,9074.0,2818.75
2026-07-29 10:15:39,2026-07-29 10:00,4882.0,5095.0,-4.18,17864700,5130.0,4880.0,9074.0,2818.75
2026-07-29 10:20:32,2026-07-29 10:05,4881.0,5095.0,-4.2,18945100,5130.0,4868.0,9074.0,2818.75
2026-07-29 10:25:34,2026-07-29 10:10,4843.0,5095.0,-4.95,20492400,5130.0,4833.0,9074.0,2818.75
2026-07-29 10:30:30,2026-07-29 10:15,4815.0,5095.0,-5.5,21554100,5130.0,4809.0,9074.0,2818.75
2026-07-29 10:35:33,2026-07-29 10:20,4796.0,5095.0,-5.87,23242900,5130.0,4781.0,9074.0,2818.75
2026-07-29 10:40:35,2026-07-29 10:25,4865.0,5095.0,-4.51,24418900,5130.0,4781.0,9074.0,2818.75
2026-07-29 10:45:31,2026-07-29 10:30,4868.0,5095.0,-4.46,25237500,5130.0,4781.0,9074.0,2818.75
2026-07-29 10:50:44,2026-07-29 10:35,4855.0,5095.0,-4.71,25984400,5130.0,4781.0,9074.0,2818.75
2026-07-29 10:55:34,2026-07-29 10:40,4840.0,5095.0,-5.0,26526600,5130.0,4781.0,9074.0,2818.75
2026-07-29 11:00:46,2026-07-29 10:45,4826.0,5095.0,-5.28,27102900,5130.0,4781.0,9074.0,2818.75
2026-07-29 11:05:44,2026-07-29 10:50,4795.0,5095.0,-5.89,27821500,5130.0,4781.0,9074.0,2818.75
2026-07-29 11:10:37,2026-07-29 10:55,4737.0,5095.0,-7.03,28980700,5130.0,4733.0,9074.0,2818.75
2026-07-29 11:15:31,2026-07-29 11:00,4688.0,5095.0,-7.99,30327900,5130.0,4686.0,9074.0,2818.75
2026-07-29 11:20:36,2026-07-29 11:05,4702.0,5095.0,-7.71,31531600,5130.0,4683.0,9074.0,2818.75
2026-07-29 11:25:31,2026-07-29 11:10,4728.0,5095.0,-7.2,32197300,5130.0,4683.0,9074.0,2818.75
2026-07-29 11:30:42,2026-07-29 11:15,4739.0,5095.0,-6.99,32818600,5130.0,4683.0,9074.0,2818.75
2026-07-29 12:30:40,2026-07-29 11:30,4785.0,5095.0,-6.08,34642800,5130.0,4683.0,9074.0,2818.75
2026-07-29 12:35:35,2026-07-29 11:30,4785.0,5095.0,-6.08,34642800,5130.0,4683.0,9074.0,2818.75
2026-07-29 12:40:34,2026-07-29 11:30,4785.0,5095.0,-6.08,34642800,5130.0,4683.0,9074.0,2818.75
2026-07-29 12:45:40,2026-07-29 12:30,4719.0,5095.0,-7.38,35364000,5130.0,4683.0,9074.0,2818.75
2026-07-29 12:50:33,2026-07-29 12:35,4677.0,5095.0,-8.2,36812000,5130.0,4670.0,9074.0,2818.75
2026-07-29 12:55:30,2026-07-29 12:40,4663.0,5095.0,-8.48,37879200,5130.0,4655.0,9074.0,2818.75
2026-07-29 13:00:35,2026-07-29 12:45,4682.0,5095.0,-8.11,39049500,5130.0,4646.0,9074.0,2818.75
2026-07-29 13:05:38,2026-07-29 12:50,4669.0,5095.0,-8.36,39834900,5130.0,4646.0,9074.0,2818.75
2026-07-29 13:10:46,2026-07-29 12:55,4616.0,5095.0,-9.4,41051100,5130.0,4616.0,9074.0,2818.75
2026-07-29 13:15:33,2026-07-29 13:00,4619.0,5095.0,-9.34,41741800,5130.0,4615.0,9074.0,2818.75
2026-07-29 13:20:33,2026-07-29 13:05,4604.0,5095.0,-9.64,42901400,5130.0,4597.0,9074.0,2818.75
2026-07-29 13:25:40,2026-07-29 13:10,4606.0,5095.0,-9.6,44329600,5130.0,4581.0,9074.0,2818.75
2026-07-29 13:30:36,2026-07-29 13:15,4587.0,5095.0,-9.97,45216200,5130.0,4581.0,9074.0,2818.75
2026-07-29 13:35:42,2026-07-29 13:20,4617.0,5095.0,-9.38,46330000,5130.0,4580.0,9074.0,2818.75
2026-07-29 13:40:41,2026-07-29 13:25,4617.0,5095.0,-9.38,47111000,5130.0,4580.0,9074.0,2818.75
2026-07-29 13:45:45,2026-07-29 13:30,4597.0,5095.0,-9.77,47985300,5130.0,4580.0,9074.0,2818.75
2026-07-29 13:50:29,2026-07-29 13:35,4590.0,5095.0,-9.91,48559200,5130.0,4580.0,9074.0,2818.75
2026-07-29 13:55:38,2026-07-29 13:40,4580.0,5095.0,-10.11,49265900,5130.0,4580.0,9074.0,2818.75
2026-07-29 14:00:31,2026-07-29 13:45,4589.0,5095.0,-9.93,49962700,5130.0,4580.0,9074.0,2818.75
2026-07-29 14:05:43,2026-07-29 13:50,4653.0,5095.0,-8.68,50912900,5130.0,4580.0,9074.0,2818.75
2026-07-29 14:10:37,2026-07-29 13:55,4701.0,5095.0,-7.73,51971000,5130.0,4580.0,9074.0,2818.75
2026-07-29 14:15:35,2026-07-29 14:00,4727.0,5095.0,-7.22,53106700,5130.0,4580.0,9074.0,2818.75
2026-07-29 14:20:42,2026-07-29 14:05,4685.0,5095.0,-8.05,54159600,5130.0,4580.0,9074.0,2818.75
2026-07-29 14:25:42,2026-07-29 14:10,4721.0,5095.0,-7.34,54920300,5130.0,4580.0,9074.0,2818.75
2026-07-29 14:30:40,2026-07-29 14:15,4706.0,5095.0,-7.63,55562900,5130.0,4580.0,9074.0,2818.75
2026-07-29 14:35:47,2026-07-29 14:20,4684.0,5095.0,-8.07,56271900,5130.0,4580.0,9074.0,2818.75
2026-07-29 14:40:31,2026-07-29 14:25,4712.0,5095.0,-7.52,56874300,5130.0,4580.0,9074.0,2818.75
2026-07-29 14:45:42,2026-07-29 14:30,4726.0,5095.0,-7.24,57747300,5130.0,4580.0,9074.0,2818.75
2026-07-29 14:50:46,2026-07-29 14:35,4742.0,5095.0,-6.93,58486100,5130.0,4580.0,9074.0,2818.75
2026-07-29 14:55:32,2026-07-29 14:40,4746.0,5095.0,-6.85,59245100,5130.0,4580.0,9074.0,2818.75
2026-07-29 15:00:32,2026-07-29 14:45,4755.0,5095.0,-6.67,59852300,5130.0,4580.0,9074.0,2818.75
2026-07-29 15:05:41,2026-07-29 14:50,4742.0,5095.0,-6.93,60662400,5130.0,4580.0,9074.0,2818.75
2026-07-29 15:10:40,2026-07-29 14:55,4743.0,5095.0,-6.91,61385700,5130.0,4580.0,9074.0,2818.75
2026-07-29 15:15:51,2026-07-29 15:00,4742.0,5095.0,-6.93,61920800,5130.0,4580.0,9074.0,2818.75
2026-07-29 15:20:38,2026-07-29 15:05,4716.0,5095.0,-7.44,62503200,5130.0,4580.0,9074.0,2818.75
2026-07-29 15:25:33,2026-07-29 15:10,4710.0,5095.0,-7.56,63120800,5130.0,4580.0,9074.0,2818.75
2026-07-29 15:30:39,2026-07-29 15:15,4708.0,5095.0,-7.6,64021800,5130.0,4580.0,9074.0,2818.75
2026-07-29 15:40:35,2026-07-29 15:24,4741.0,5095.0,-6.95,65285000,5130.0,4580.0,9074.0,2818.75
2026-07-30 09:05:37,2026-07-29 15:30,4741.0,5095.0,-6.95,69277000,5130.0,4580.0,9074.0,2818.75
2026-07-30 09:10:41,2026-07-29 15:30,4741.0,5095.0,-6.95,69277000,5130.0,4580.0,9074.0,2818.75
2026-07-30 09:15:30,2026-07-29 15:30,4741.0,5095.0,-6.95,69277000,5130.0,4580.0,9074.0,2818.75
2026-07-30 09:20:32,2026-07-29 15:30,4741.0,5095.0,-6.95,69277000,5130.0,4580.0,9074.0,2818.75
2026-07-30 09:25:30,2026-07-30 09:10,4596.0,4741.0,-3.06,4809100,4596.0,4500.0,9074.0,2818.75
2026-07-30 09:30:33,2026-07-30 09:15,4554.0,4741.0,-3.94,6743800,4625.0,4500.0,9074.0,2818.75
2026-07-30 09:35:44,2026-07-30 09:20,4615.0,4741.0,-2.66,8802200,4626.0,4500.0,9074.0,2818.75
2026-07-30 09:40:43,2026-07-30 09:25,4682.0,4741.0,-1.24,10387000,4683.0,4500.0,9074.0,2818.75
2026-07-30 09:45:31,2026-07-30 09:30,4674.0,4741.0,-1.41,11816500,4693.0,4500.0,9074.0,2818.75
2026-07-30 09:50:37,2026-07-30 09:35,4653.0,4741.0,-1.86,13243900,4693.0,4500.0,9074.0,2818.75
2026-07-30 09:55:42,2026-07-30 09:40,4617.0,4741.0,-2.62,14333600,4693.0,4500.0,9074.0,2818.75
2026-07-30 10:00:36,2026-07-30 09:45,4619.0,4741.0,-2.57,15335600,4693.0,4500.0,9074.0,2818.75
2026-07-30 10:05:38,2026-07-30 09:50,4627.0,4741.0,-2.4,16998400,4693.0,4500.0,9074.0,2818.75
2026-07-30 10:10:50,2026-07-30 09:55,4632.0,4741.0,-2.3,17633400,4693.0,4500.0,9074.0,2818.75
2026-07-30 10:15:30,2026-07-30 10:00,4628.0,4741.0,-2.38,18358900,4693.0,4500.0,9074.0,2818.75
2026-07-30 10:20:35,2026-07-30 10:05,4669.0,4741.0,-1.52,19949000,4693.0,4500.0,9074.0,2818.75
2026-07-30 10:25:30,2026-07-30 10:10,4706.0,4741.0,-0.74,21473600,4732.0,4500.0,9074.0,2818.75
2026-07-30 10:30:33,2026-07-30 10:15,4685.0,4741.0,-1.18,22430600,4732.0,4500.0,9074.0,2818.75
2026-07-30 10:35:30,2026-07-30 10:20,4692.0,4741.0,-1.03,23239700,4732.0,4500.0,9074.0,2818.75
2026-07-30 10:40:31,2026-07-30 10:25,4700.0,4741.0,-0.86,23953900,4732.0,4500.0,9074.0,2818.75
2026-07-30 10:45:29,2026-07-30 10:30,4732.0,4741.0,-0.19,24889700,4735.0,4500.0,9074.0,2818.75
2026-07-30 10:50:32,2026-07-30 10:35,4745.0,4741.0,0.08,25716500,4755.0,4500.0,9074.0,2818.75
2026-07-30 10:55:37,2026-07-30 10:40,4737.0,4741.0,-0.08,26345300,4755.0,4500.0,9074.0,2818.75
2026-07-30 11:00:41,2026-07-30 10:45,4732.0,4741.0,-0.19,27083500,4755.0,4500.0,9074.0,2818.75
2026-07-30 11:05:37,2026-07-30 10:50,4700.0,4741.0,-0.86,27731600,4755.0,4500.0,9074.0,2818.75
2026-07-30 11:10:53,2026-07-30 10:55,4714.0,4741.0,-0.57,28318500,4755.0,4500.0,9074.0,2818.75
2026-07-30 11:15:33,2026-07-30 11:00,4693.0,4741.0,-1.01,28928400,4755.0,4500.0,9074.0,2818.75
2026-07-30 11:20:34,2026-07-30 11:05,4677.0,4741.0,-1.35,29502300,4755.0,4500.0,9074.0,2818.75
2026-07-30 11:25:31,2026-07-30 11:10,4670.0,4741.0,-1.5,30099200,4755.0,4500.0,9074.0,2818.75
2026-07-30 11:30:37,2026-07-30 11:15,4661.0,4741.0,-1.69,30537800,4755.0,4500.0,9074.0,2818.75
2026-07-30 12:30:30,2026-07-30 11:30,4660.0,4741.0,-1.71,31796900,4755.0,4500.0,9074.0,2818.75
2026-07-30 12:35:37,2026-07-30 11:30,4660.0,4741.0,-1.71,31796900,4755.0,4500.0,9074.0,2818.75
2026-07-30 12:40:33,2026-07-30 11:30,4660.0,4741.0,-1.71,31796900,4755.0,4500.0,9074.0,2818.75
2026-07-30 12:45:35,2026-07-30 12:30,4556.0,4741.0,-3.9,32752500,4755.0,4500.0,9074.0,2818.75
2026-07-30 12:50:30,2026-07-30 12:35,4624.0,4741.0,-2.47,33832900,4755.0,4500.0,9074.0,2818.75
2026-07-30 12:55:42,2026-07-30 12:40,4596.0,4741.0,-3.06,34638800,4755.0,4500.0,9074.0,2818.75
2026-07-30 13:00:43,2026-07-30 12:45,4617.0,4741.0,-2.62,35326200,4755.0,4500.0,9074.0,2818.75
2026-07-30 13:05:29,2026-07-30 12:50,4620.0,4741.0,-2.55,36075400,4755.0,4500.0,9074.0,2818.75
2026-07-30 13:10:38,2026-07-30 12:55,4624.0,4741.0,-2.47,36603600,4755.0,4500.0,9074.0,2818.75
2026-07-30 13:15:33,2026-07-30 13:00,4606.0,4741.0,-2.85,37152300,4755.0,4500.0,9074.0,2818.75
2026-07-30 13:20:29,2026-07-30 13:05,4627.0,4741.0,-2.4,37634600,4755.0,4500.0,9074.0,2818.75
2026-07-30 13:25:32,2026-07-30 13:10,4616.0,4741.0,-2.64,38124400,4755.0,4500.0,9074.0,2818.75
2026-07-30 13:30:34,2026-07-30 13:15,4606.0,4741.0,-2.85,38481400,4755.0,4500.0,9074.0,2818.75
2026-07-30 13:35:32,2026-07-30 13:20,4606.0,4741.0,-2.85,38868100,4755.0,4500.0,9074.0,2818.75
2026-07-30 13:40:30,2026-07-30 13:25,4610.0,4741.0,-2.76,39454100,4755.0,4500.0,9074.0,2818.75
2026-07-30 13:45:32,2026-07-30 13:30,4631.0,4741.0,-2.32,39886100,4755.0,4500.0,9074.0,2818.75
2026-07-30 13:50:33,2026-07-30 13:35,4637.0,4741.0,-2.19,40356600,4755.0,4500.0,9074.0,2818.75
2026-07-30 13:55:40,2026-07-30 13:40,4614.0,4741.0,-2.68,40854100,4755.0,4500.0,9074.0,2818.75
2026-07-30 14:00:50,2026-07-30 13:45,4595.0,4741.0,-3.08,41395200,4755.0,4500.0,9074.0,2818.75
2026-07-30 14:05:36,2026-07-30 13:50,4590.0,4741.0,-3.18,41892900,4755.0,4500.0,9074.0,2818.75
2026-07-30 14:10:30,2026-07-30 13:55,4589.0,4741.0,-3.21,42478900,4755.0,4500.0,9074.0,2818.75
2026-07-30 14:15:30,2026-07-30 14:00,4580.0,4741.0,-3.4,42997300,4755.0,4500.0,9074.0,2818.75
2026-07-30 14:20:28,2026-07-30 14:05,4567.0,4741.0,-3.67,43469400,4755.0,4500.0,9074.0,2818.75
2026-07-30 14:25:38,2026-07-30 14:10,4573.0,4741.0,-3.54,44033800,4755.0,4500.0,9074.0,2818.75
2026-07-30 14:30:38,2026-07-30 14:15,4583.0,4741.0,-3.33,44584500,4755.0,4500.0,9074.0,2818.75
2026-07-30 14:35:30,2026-07-30 14:20,4602.0,4741.0,-2.93,45149000,4755.0,4500.0,9074.0,2818.75
2026-07-30 14:40:44,2026-07-30 14:25,4596.0,4741.0,-3.06,45558400,4755.0,4500.0,9074.0,2818.75
2026-07-30 14:45:29,2026-07-30 14:30,4594.0,4741.0,-3.1,45949600,4755.0,4500.0,9074.0,2818.75
2026-07-30 14:50:40,2026-07-30 14:35,4618.0,4741.0,-2.59,46491200,4755.0,4500.0,9074.0,2818.75
2026-07-30 14:55:40,2026-07-30 14:40,4628.0,4741.0,-2.38,46923500,4755.0,4500.0,9074.0,2818.75
2026-07-30 15:00:31,2026-07-30 14:45,4655.0,4741.0,-1.81,47441900,4755.0,4500.0,9074.0,2818.75
2026-07-30 15:05:36,2026-07-30 14:50,4627.0,4741.0,-2.4,48130200,4755.0,4500.0,9074.0,2818.75
2026-07-30 15:10:49,2026-07-30 14:55,4604.0,4741.0,-2.89,48795900,4755.0,4500.0,9074.0,2818.75
2026-07-30 15:15:35,2026-07-30 15:00,4608.0,4741.0,-2.81,49160900,4755.0,4500.0,9074.0,2818.75
2026-07-30 15:20:36,2026-07-30 15:05,4620.0,4741.0,-2.55,49543400,4755.0,4500.0,9074.0,2818.75
2026-07-30 15:25:32,2026-07-30 15:10,4615.0,4741.0,-2.66,49929500,4755.0,4500.0,9074.0,2818.75
2026-07-30 15:30:37,2026-07-30 15:15,4603.0,4741.0,-2.91,50350800,4755.0,4500.0,9074.0,2818.75
2026-07-30 15:40:30,2026-07-30 15:25,4611.0,4741.0,-2.74,51995100,4755.0,4500.0,9074.0,2818.75
2026-07-31 09:05:35,2026-07-30 15:30,4622.0,4741.0,-2.51,55968200,4755.0,4500.0,9074.0,2818.75
2026-07-31 09:10:45,2026-07-30 15:30,4622.0,4741.0,-2.51,55968200,4755.0,4500.0,9074.0,2818.75
2026-07-31 09:15:36,2026-07-30 15:30,4622.0,4741.0,-2.51,55968200,4755.0,4500.0,9074.0,2818.75
2026-07-31 09:20:36,2026-07-30 15:30,4622.0,4741.0,-2.51,55968200,4755.0,4500.0,9074.0,2818.75
2026-07-31 09:25:37,2026-07-30 15:30,4622.0,4741.0,-2.51,55968200,4755.0,4500.0,9074.0,2818.75
2026-07-31 09:30:45,2026-07-30 15:30,4622.0,4622.0,0.0,55968200,4755.0,4500.0,9074.0,2818.75
2026-07-31 09:35:40,2026-07-30 15:30,4622.0,4622.0,0.0,55968200,4755.0,4500.0,9074.0,2818.75
2026-07-31 09:40:29,2026-07-31 09:25,5237.0,4622.0,13.31,8589800,5310.0,5228.0,9074.0,2818.75
2026-07-31 09:45:39,2026-07-31 09:30,5320.0,4622.0,15.1,13879100,5322.0,5228.0,9074.0,2818.75
2026-07-31 09:50:32,2026-07-31 09:35,5303.0,4622.0,14.73,15347600,5322.0,5228.0,9074.0,2818.75
2026-07-31 09:55:31,2026-07-31 09:40,5281.0,4622.0,14.26,17022200,5322.0,5228.0,9074.0,2818.75
2026-07-31 10:00:31,2026-07-31 09:45,5316.0,4622.0,15.02,19308900,5322.0,5228.0,9074.0,2818.75
2026-07-31 10:05:32,2026-07-31 09:50,5309.0,4622.0,14.86,20407700,5322.0,5228.0,9074.0,2818.75
2026-07-31 10:10:40,2026-07-31 09:55,5322.0,4622.0,15.14,22511800,5322.0,5228.0,9074.0,2818.75
2026-07-31 10:15:30,2026-07-31 09:59,5322.0,4622.0,15.14,25302500,5322.0,5228.0,9074.0,2818.75
2026-07-31 10:20:30,2026-07-31 10:05,5322.0,4622.0,15.14,26857900,5322.0,5228.0,9074.0,2818.75
2026-07-31 10:25:38,2026-07-31 10:08,5322.0,4622.0,15.14,27157600,5322.0,5228.0,9074.0,2818.75
2026-07-31 10:30:39,2026-07-31 10:15,5322.0,4622.0,15.14,28145800,5322.0,5228.0,9074.0,2818.75
2026-07-31 10:35:33,2026-07-31 10:16,5321.0,4622.0,15.12,28437000,5322.0,5228.0,9074.0,2818.75
2026-07-31 10:40:32,2026-07-31 10:23,5322.0,4622.0,15.14,28739800,5322.0,5228.0,9074.0,2818.75
2026-07-31 10:45:38,2026-07-31 10:27,5322.0,4622.0,15.14,28887400,5322.0,5228.0,9074.0,2818.75
2026-07-31 10:50:40,2026-07-31 10:31,5322.0,4622.0,15.14,29510200,5322.0,5228.0,9074.0,2818.75
2026-07-31 10:55:30,2026-07-31 10:38,5322.0,4622.0,15.14,29773700,5322.0,5228.0,9074.0,2818.75
2026-07-31 11:00:40,2026-07-31 10:38,5322.0,4622.0,15.14,29773700,5322.0,5228.0,9074.0,2818.75
2026-07-31 11:05:31,2026-07-31 10:38,5322.0,4622.0,15.14,29773700,5322.0,5228.0,9074.0,2818.75
2026-07-31 11:10:34,2026-07-31 10:38,5322.0,4622.0,15.14,29773700,5322.0,5228.0,9074.0,2818.75
2026-07-31 11:15:38,2026-07-31 10:38,5322.0,4622.0,15.14,29773700,5322.0,5228.0,9074.0,2818.75
2026-07-31 11:20:34,2026-07-31 10:38,5322.0,4622.0,15.14,29773700,5322.0,5228.0,9074.0,2818.75
2026-07-31 11:25:30,2026-07-31 10:38,5322.0,4622.0,15.14,29773700,5322.0,5228.0,9074.0,2818.75
2026-07-31 11:30:44,2026-07-31 10:38,5322.0,4622.0,15.14,29773700,5322.0,5228.0,9074.0,2818.75
2026-07-31 12:30:47,2026-07-31 10:38,5322.0,4622.0,15.14,29773700,5322.0,5228.0,9074.0,2818.75
2026-07-31 12:35:43,2026-07-31 10:38,5322.0,4622.0,15.14,29773700,5322.0,5228.0,9074.0,2818.75
2026-07-31 12:40:34,2026-07-31 10:38,5322.0,4622.0,15.14,29773700,5322.0,5228.0,9074.0,2818.75
2026-07-31 12:45:37,2026-07-31 10:38,5322.0,4622.0,15.14,29773700,5322.0,5228.0,9074.0,2818.75
2026-07-31 12:50:31,2026-07-31 10:38,5322.0,4622.0,15.14,29773700,5322.0,5228.0,9074.0,2818.75
2026-07-31 12:55:36,2026-07-31 10:38,5322.0,4622.0,15.14,29773700,5322.0,5228.0,9074.0,2818.75
2026-07-31 13:00:36,2026-07-31 12:44,5322.0,4622.0,15.14,31814500,5322.0,5228.0,9074.0,2818.75
2026-07-31 13:05:40,2026-07-31 12:50,5275.0,4622.0,14.13,34075900,5322.0,5228.0,9074.0,2818.75
2026-07-31 13:10:30,2026-07-31 12:55,5308.0,4622.0,14.84,35182100,5322.0,5228.0,9074.0,2818.75
2026-07-31 13:15:37,2026-07-31 13:00,5297.0,4622.0,14.6,35907600,5322.0,5228.0,9074.0,2818.75
2026-07-31 13:20:36,2026-07-31 13:05,5302.0,4622.0,14.71,36515900,5322.0,5228.0,9074.0,2818.75
2026-07-31 13:25:34,2026-07-31 13:10,5318.0,4622.0,15.06,37369700,5322.0,5228.0,9074.0,2818.75
2026-07-31 13:30:29,2026-07-31 13:15,5287.0,4622.0,14.39,38007400,5322.0,5228.0,9074.0,2818.75
2026-07-31 13:35:35,2026-07-31 13:20,5284.0,4622.0,14.32,38515500,5322.0,5228.0,9074.0,2818.75
2026-07-31 13:40:36,2026-07-31 13:25,5269.0,4622.0,14.0,39089800,5322.0,5228.0,9074.0,2818.75
2026-07-31 13:45:42,2026-07-31 13:30,5280.0,4622.0,14.24,39695700,5322.0,5228.0,9074.0,2818.75
2026-07-31 13:50:34,2026-07-31 13:35,5301.0,4622.0,14.69,40272100,5322.0,5228.0,9074.0,2818.75
2026-07-31 13:55:42,2026-07-31 13:40,5290.0,4622.0,14.45,40571200,5322.0,5228.0,9074.0,2818.75
2026-07-31 14:00:35,2026-07-31 13:45,5295.0,4622.0,14.56,40860600,5322.0,5228.0,9074.0,2818.75
2026-07-31 14:05:30,2026-07-31 13:50,5278.0,4622.0,14.19,41311500,5322.0,5228.0,9074.0,2818.75
2026-07-31 14:10:30,2026-07-31 13:55,5291.0,4622.0,14.47,41722100,5322.0,5228.0,9074.0,2818.75
2026-07-31 14:15:54,2026-07-31 14:00,5297.0,4622.0,14.6,41948600,5322.0,5228.0,9074.0,2818.75
2026-07-31 14:20:30,2026-07-31 14:05,5297.0,4622.0,14.6,42276300,5322.0,5228.0,9074.0,2818.75
2026-07-31 14:25:41,2026-07-31 14:10,5304.0,4622.0,14.76,42563800,5322.0,5228.0,9074.0,2818.75
2026-07-31 14:30:40,2026-07-31 14:15,5312.0,4622.0,14.93,42886700,5322.0,5228.0,9074.0,2818.75
2026-07-31 14:36:22,2026-07-31 14:21,5320.0,4622.0,15.1,43304400,5322.0,5228.0,9074.0,2818.75
2026-07-31 14:40:48,2026-07-31 14:25,5309.0,4622.0,14.86,44839600,5322.0,5228.0,9074.0,2818.75
2026-07-31 14:45:36,2026-07-31 14:30,5287.0,4622.0,14.39,45360100,5322.0,5228.0,9074.0,2818.75
2026-07-31 14:50:30,2026-07-31 14:35,5263.0,4622.0,13.87,45962000,5322.0,5228.0,9074.0,2818.75
2026-07-31 14:55:33,2026-07-31 14:40,5258.0,4622.0,13.76,46733900,5322.0,5228.0,9074.0,2818.75
2026-07-31 15:00:44,2026-07-31 14:45,5249.0,4622.0,13.57,47348300,5322.0,5228.0,9074.0,2818.75
2026-07-31 15:05:39,2026-07-31 14:50,5254.0,4622.0,13.67,48051700,5322.0,5228.0,9074.0,2818.75
2026-07-31 15:10:44,2026-07-31 14:55,5249.0,4622.0,13.57,48562900,5322.0,5228.0,9074.0,2818.75
2026-07-31 15:15:37,2026-07-31 15:00,5259.0,4622.0,13.78,48969800,5322.0,5228.0,9074.0,2818.75
2026-07-31 15:20:44,2026-07-31 15:05,5260.0,4622.0,13.8,49480800,5322.0,5228.0,9074.0,2818.75
2026-07-31 15:25:38,2026-07-31 15:10,5257.0,4622.0,13.74,49928200,5322.0,5228.0,9074.0,2818.75
2026-07-31 15:30:50,2026-07-31 15:15,5267.0,4622.0,13.95,50482500,5322.0,5228.0,9074.0,2818.75
2026-07-31 15:40:37,2026-07-31 15:25,5277.0,4622.0,14.17,51751100,5322.0,5228.0,9074.0,2818.75
2026-08-03 09:05:30,2026-07-31 15:30,5260.0,4622.0,13.8,55655400,5322.0,5228.0,9074.0,2818.75
2026-08-03 09:10:31,2026-07-31 15:30,5260.0,4622.0,13.8,55655400,5322.0,5228.0,9074.0,2818.75
2026-08-03 09:15:39,2026-08-03 09:00,5239.0,4622.0,13.35,57763500,5292.0,5235.0,9074.0,2818.75
2026-08-03 09:20:32,2026-08-03 09:05,5091.0,5260.0,-3.21,5450300,5292.0,5060.0,9074.0,2818.75
2026-08-03 09:25:47,2026-08-03 09:10,5229.0,5260.0,-0.59,7329400,5292.0,5060.0,9074.0,2818.75
2026-08-03 09:30:34,2026-08-03 09:15,5308.0,5260.0,0.91,9213600,5308.0,5060.0,9074.0,2818.75
2026-08-03 09:35:37,2026-08-03 09:20,5322.0,5260.0,1.18,11180100,5347.0,5060.0,9074.0,2818.75
2026-08-03 09:40:31,2026-08-03 09:25,5340.0,5260.0,1.52,12895500,5368.0,5060.0,9074.0,2818.75
2026-08-03 09:45:40,2026-08-03 09:30,5289.0,5260.0,0.55,14333900,5368.0,5060.0,9074.0,2818.75
2026-08-03 09:50:30,2026-08-03 09:35,5307.0,5260.0,0.89,15471300,5368.0,5060.0,9074.0,2818.75
2026-08-03 09:55:31,2026-08-03 09:40,5321.0,5260.0,1.16,16709000,5368.0,5060.0,9074.0,2818.75
2026-08-03 10:00:33,2026-08-03 09:45,5304.0,5260.0,0.84,17438000,5368.0,5060.0,9074.0,2818.75
2026-08-03 10:05:33,2026-08-03 09:50,5296.0,5260.0,0.68,18516500,5368.0,5060.0,9074.0,2818.75
2026-08-03 10:10:30,2026-08-03 09:55,5280.0,5260.0,0.38,19647800,5368.0,5060.0,9074.0,2818.75
2026-08-03 10:15:37,2026-08-03 10:00,5286.0,5260.0,0.49,20470900,5368.0,5060.0,9074.0,2818.75
2026-08-03 10:20:32,2026-08-03 10:05,5365.0,5260.0,2.0,21441400,5368.0,5060.0,9074.0,2818.75
2026-08-03 10:25:45,2026-08-03 10:10,5374.0,5260.0,2.17,22785100,5396.0,5060.0,9074.0,2818.75
2026-08-03 10:30:38,2026-08-03 10:15,5296.0,5260.0,0.68,23752800,5396.0,5060.0,9074.0,2818.75
2026-08-03 10:35:44,2026-08-03 10:20,5258.0,5260.0,-0.04,24981800,5396.0,5060.0,9074.0,2818.75
2026-08-03 10:40:38,2026-08-03 10:25,5286.0,5260.0,0.49,25765800,5396.0,5060.0,9074.0,2818.75
2026-08-03 10:45:40,2026-08-03 10:30,5335.0,5260.0,1.43,26612100,5396.0,5060.0,9074.0,2818.75
2026-08-03 10:50:40,2026-08-03 10:35,5304.0,5260.0,0.84,27579300,5396.0,5060.0,9074.0,2818.75
2026-08-03 10:55:32,2026-08-03 10:40,5298.0,5260.0,0.72,28205300,5396.0,5060.0,9074.0,2818.75
2026-08-03 11:00:42,2026-08-03 10:45,5311.0,5260.0,0.97,28724000,5396.0,5060.0,9074.0,2818.75
2026-08-03 11:05:40,2026-08-03 10:50,5352.0,5260.0,1.75,29359900,5396.0,5060.0,9074.0,2818.75
2026-08-03 11:10:46,2026-08-03 10:55,5337.0,5260.0,1.46,30061300,5396.0,5060.0,9074.0,2818.75
2026-08-03 11:15:35,2026-08-03 11:00,5332.0,5260.0,1.37,30483100,5396.0,5060.0,9074.0,2818.75
2026-08-03 11:20:34,2026-08-03 11:05,5322.0,5260.0,1.18,30997500,5396.0,5060.0,9074.0,2818.75
2026-08-03 11:25:34,2026-08-03 11:10,5342.0,5260.0,1.56,31511200,5396.0,5060.0,9074.0,2818.75
2026-08-03 11:30:40,2026-08-03 11:15,5338.0,5260.0,1.48,31846400,5396.0,5060.0,9074.0,2818.75
2026-08-03 12:30:31,2026-08-03 11:30,5318.0,5260.0,1.1,33248700,5396.0,5060.0,9074.0,2818.75
2026-08-03 12:35:39,2026-08-03 11:30,5318.0,5260.0,1.1,33248700,5396.0,5060.0,9074.0,2818.75
2026-08-03 12:40:35,2026-08-03 11:30,5318.0,5260.0,1.1,33248700,5396.0,5060.0,9074.0,2818.75
2026-08-03 12:45:32,2026-08-03 12:30,5304.0,5260.0,0.84,33683800,5396.0,5060.0,9074.0,2818.75
2026-08-03 12:50:36,2026-08-03 12:35,5322.0,5260.0,1.18,34259400,5396.0,5060.0,9074.0,2818.75
2026-08-03 12:55:32,2026-08-03 12:40,5345.0,5260.0,1.62,34904400,5396.0,5060.0,9074.0,2818.75
2026-08-03 13:00:40,2026-08-03 12:45,5347.0,5260.0,1.65,35414900,5396.0,5060.0,9074.0,2818.75
2026-08-03 13:05:36,2026-08-03 12:50,5378.0,5260.0,2.24,36099100,5396.0,5060.0,9074.0,2818.75
2026-08-03 13:10:33,2026-08-03 12:55,5406.0,5260.0,2.78,37228300,5412.0,5060.0,9074.0,2818.75
2026-08-03 13:15:37,2026-08-03 13:00,5382.0,5260.0,2.32,38047400,5412.0,5060.0,9074.0,2818.75
2026-08-03 13:20:38,2026-08-03 13:05,5377.0,5260.0,2.22,38519000,5412.0,5060.0,9074.0,2818.75
2026-08-03 13:25:37,2026-08-03 13:10,5374.0,5260.0,2.17,38979400,5412.0,5060.0,9074.0,2818.75
2026-08-03 13:30:35,2026-08-03 13:15,5373.0,5260.0,2.15,39428800,5412.0,5060.0,9074.0,2818.75
2026-08-03 13:35:36,2026-08-03 13:20,5391.0,5260.0,2.49,39927900,5412.0,5060.0,9074.0,2818.75
2026-08-03 13:40:36,2026-08-03 13:25,5402.0,5260.0,2.7,40302900,5412.0,5060.0,9074.0,2818.75
2026-08-03 13:45:31,2026-08-03 13:30,5386.0,5260.0,2.4,40727700,5412.0,5060.0,9074.0,2818.75
2026-08-03 13:51:12,2026-08-03 13:36,5388.0,5260.0,2.43,41128400,5412.0,5060.0,9074.0,2818.75
2026-08-03 13:55:42,2026-08-03 13:40,5367.0,5260.0,2.03,41499300,5412.0,5060.0,9074.0,2818.75
2026-08-03 14:00:31,2026-08-03 13:45,5377.0,5260.0,2.22,41790800,5412.0,5060.0,9074.0,2818.75
2026-08-03 14:05:39,2026-08-03 13:50,5387.0,5260.0,2.41,42141300,5412.0,5060.0,9074.0,2818.75
2026-08-03 14:10:29,2026-08-03 13:55,5400.0,5260.0,2.66,42588500,5412.0,5060.0,9074.0,2818.75
2026-08-03 14:15:41,2026-08-03 14:00,5396.0,5260.0,2.59,42960200,5412.0,5060.0,9074.0,2818.75
2026-08-03 14:20:49,2026-08-03 14:05,5406.0,5260.0,2.78,43537800,5420.0,5060.0,9074.0,2818.75
2026-08-03 14:25:41,2026-08-03 14:10,5427.0,5260.0,3.17,44048900,5428.0,5060.0,9074.0,2818.75
2026-08-03 14:30:30,2026-08-03 14:15,5397.0,5260.0,2.6,44648600,5430.0,5060.0,9074.0,2818.75
2026-08-03 14:35:37,2026-08-03 14:20,5389.0,5260.0,2.45,45103300,5430.0,5060.0,9074.0,2818.75
2026-08-03 14:40:41,2026-08-03 14:25,5406.0,5260.0,2.78,45493800,5430.0,5060.0,9074.0,2818.75
2026-08-03 14:45:35,2026-08-03 14:30,5413.0,5260.0,2.91,45954200,5430.0,5060.0,9074.0,2818.75
2026-08-03 14:50:41,2026-08-03 14:35,5413.0,5260.0,2.91,46340800,5430.0,5060.0,9074.0,2818.75
2026-08-03 14:55:30,2026-08-03 14:40,5410.0,5260.0,2.85,46669300,5430.0,5060.0,9074.0,2818.75
2026-08-03 15:00:36,2026-08-03 14:45,5400.0,5260.0,2.66,47047600,5430.0,5060.0,9074.0,2818.75
2026-08-03 15:05:29,2026-08-03 14:50,5414.0,5260.0,2.93,47432600,5430.0,5060.0,9074.0,2818.75
2026-08-03 15:10:38,2026-08-03 14:55,5407.0,5260.0,2.79,47895100,5430.0,5060.0,9074.0,2818.75
2026-08-03 15:15:46,2026-08-03 15:00,5412.0,5260.0,2.89,48275600,5430.0,5060.0,9074.0,2818.75
2026-08-03 15:20:45,2026-08-03 15:05,5392.0,5260.0,2.51,48743600,5430.0,5060.0,9074.0,2818.75
2026-08-03 15:25:42,2026-08-03 15:10,5406.0,5260.0,2.78,49091400,5430.0,5060.0,9074.0,2818.75
2026-08-03 15:30:42,2026-08-03 15:15,5393.0,5260.0,2.53,49481500,5430.0,5060.0,9074.0,2818.75
2026-08-03 15:40:44,2026-08-03 15:24,5421.0,5260.0,3.06,50656300,5430.0,5060.0,9074.0,2818.75
2026-08-04 09:05:45,2026-08-03 15:30,5393.0,5260.0,2.53,53749700,5430.0,5060.0,9074.0,2818.75
2026-08-04 09:10:30,2026-08-03 15:30,5393.0,5260.0,2.53,53749700,5430.0,5060.0,9074.0,2818.75
2026-08-04 09:15:38,2026-08-04 09:00,5393.0,5260.0,2.53,55325800,5430.0,5370.0,9074.0,2818.75
2026-08-04 09:20:35,2026-08-04 09:05,5464.0,5393.0,1.32,3466500,5494.0,5361.0,9074.0,2818.75
2026-08-04 09:25:38,2026-08-04 09:10,5499.0,5393.0,1.97,6378800,5530.0,5361.0,9074.0,2818.75
2026-08-04 09:30:30,2026-08-04 09:15,5462.0,5393.0,1.28,7549700,5530.0,5361.0,9074.0,2818.75
2026-08-04 09:35:43,2026-08-04 09:20,5323.0,5393.0,-1.3,9245300,5530.0,5321.0,9074.0,2818.75
2026-08-04 09:40:40,2026-08-04 09:25,5307.0,5393.0,-1.59,10650700,5530.0,5296.0,9074.0,2818.75
2026-08-04 09:45:39,2026-08-04 09:30,5315.0,5393.0,-1.45,11624900,5530.0,5291.0,9074.0,2818.75
2026-08-04 09:50:32,2026-08-04 09:35,5247.0,5393.0,-2.71,12966500,5530.0,5247.0,9074.0,2818.75
2026-08-04 09:55:52,2026-08-04 09:40,5213.0,5393.0,-3.34,14408700,5530.0,5210.0,9074.0,2818.75
2026-08-04 10:00:49,2026-08-04 09:45,5212.0,5393.0,-3.36,15644900,5530.0,5191.0,9074.0,2818.75
2026-08-04 10:05:37,2026-08-04 09:50,5211.0,5393.0,-3.37,16350100,5530.0,5191.0,9074.0,2818.75
2026-08-04 10:10:46,2026-08-04 09:55,5188.0,5393.0,-3.8,17686000,5530.0,5181.0,9074.0,2818.75
2026-08-04 10:15:45,2026-08-04 10:00,5180.0,5393.0,-3.95,18551200,5530.0,5171.0,9074.0,2818.75
2026-08-04 10:20:35,2026-08-04 10:05,5146.0,5393.0,-4.58,19514700,5530.0,5141.0,9074.0,2818.75
2026-08-04 10:25:30,2026-08-04 10:10,5138.0,5393.0,-4.73,20445800,5530.0,5123.0,9074.0,2818.75
2026-08-04 10:30:34,2026-08-04 10:15,5169.0,5393.0,-4.15,21355600,5530.0,5123.0,9074.0,2818.75
2026-08-04 10:35:40,2026-08-04 10:20,5152.0,5393.0,-4.47,22252300,5530.0,5123.0,9074.0,2818.75
2026-08-04 10:40:44,2026-08-04 10:25,5132.0,5393.0,-4.84,23233400,5530.0,5118.0,9074.0,2818.75
2026-08-04 10:45:42,2026-08-04 10:30,5176.0,5393.0,-4.02,23802500,5530.0,5118.0,9074.0,2818.75
2026-08-04 10:50:43,2026-08-04 10:35,5196.0,5393.0,-3.65,24663200,5530.0,5118.0,9074.0,2818.75
2026-08-04 11:10:55,2026-08-04 10:55,5262.0,5393.0,-2.43,27591500,5530.0,5118.0,9074.0,2818.75
2026-08-04 11:15:40,2026-08-04 11:00,5235.0,5393.0,-2.93,28534700,5530.0,5118.0,9074.0,2818.75
2026-08-04 11:20:36,2026-08-04 11:05,5208.0,5393.0,-3.43,29171600,5530.0,5118.0,9074.0,2818.75
2026-08-04 11:25:33,2026-08-04 11:10,5222.0,5393.0,-3.17,29711900,5530.0,5118.0,9074.0,2818.75
2026-08-04 11:30:33,2026-08-04 11:15,5213.0,5393.0,-3.34,30090000,5530.0,5118.0,9074.0,2818.75
2026-08-04 12:30:38,2026-08-04 11:30,5193.0,5393.0,-3.71,31186800,5530.0,5118.0,9074.0,2818.75
2026-08-04 12:35:38,2026-08-04 11:30,5193.0,5393.0,-3.71,31186800,5530.0,5118.0,9074.0,2818.75
2026-08-04 12:40:36,2026-08-04 11:30,5193.0,5393.0,-3.71,31186800,5530.0,5118.0,9074.0,2818.75
2026-08-04 12:45:38,2026-08-04 12:30,5215.0,5393.0,-3.3,31519100,5530.0,5118.0,9074.0,2818.75
2026-08-04 12:50:35,2026-08-04 12:35,5195.0,5393.0,-3.67,32240000,5530.0,5118.0,9074.0,2818.75
2026-08-04 12:55:39,2026-08-04 12:40,5198.0,5393.0,-3.62,32958700,5530.0,5118.0,9074.0,2818.75
2026-08-04 13:00:36,2026-08-04 12:45,5171.0,5393.0,-4.12,33792200,5530.0,5118.0,9074.0,2818.75
2026-08-04 13:05:43,2026-08-04 12:50,5176.0,5393.0,-4.02,34401600,5530.0,5118.0,9074.0,2818.75
2026-08-04 13:10:44,2026-08-04 12:55,5185.0,5393.0,-3.86,34916400,5530.0,5118.0,9074.0,2818.75
2026-08-04 13:15:47,2026-08-04 13:00,5194.0,5393.0,-3.69,35317700,5530.0,5118.0,9074.0,2818.75
2026-08-04 13:20:27,2026-08-04 13:05,5162.0,5393.0,-4.28,35891800,5530.0,5118.0,9074.0,2818.75
2026-08-04 13:25:34,2026-08-04 13:10,5138.0,5393.0,-4.73,36624400,5530.0,5118.0,9074.0,2818.75
2026-08-04 13:30:39,2026-08-04 13:15,5157.0,5393.0,-4.38,37021500,5530.0,5118.0,9074.0,2818.75
2026-08-04 13:35:42,2026-08-04 13:20,5162.0,5393.0,-4.28,37414200,5530.0,5118.0,9074.0,2818.75
2026-08-04 13:40:35,2026-08-04 13:25,5158.0,5393.0,-4.36,37733500,5530.0,5118.0,9074.0,2818.75
2026-08-04 13:45:44,2026-08-04 13:30,5168.0,5393.0,-4.17,38076000,5530.0,5118.0,9074.0,2818.75
2026-08-04 13:50:33,2026-08-04 13:35,5157.0,5393.0,-4.38,38407300,5530.0,5118.0,9074.0,2818.75
2026-08-04 13:55:30,2026-08-04 13:40,5166.0,5393.0,-4.21,38682500,5530.0,5118.0,9074.0,2818.75
2026-08-04 14:00:38,2026-08-04 13:45,5176.0,5393.0,-4.02,38955100,5530.0,5118.0,9074.0,2818.75
2026-08-04 14:05:38,2026-08-04 13:50,5192.0,5393.0,-3.73,39304000,5530.0,5118.0,9074.0,2818.75
2026-08-04 14:10:43,2026-08-04 13:55,5198.0,5393.0,-3.62,39794600,5530.0,5118.0,9074.0,2818.75
2026-08-04 14:15:42,2026-08-04 14:00,5176.0,5393.0,-4.02,40361000,5530.0,5118.0,9074.0,2818.75
2026-08-04 14:20:44,2026-08-04 14:05,5185.0,5393.0,-3.86,40632400,5530.0,5118.0,9074.0,2818.75
2026-08-04 14:25:42,2026-08-04 14:10,5171.0,5393.0,-4.12,40850700,5530.0,5118.0,9074.0,2818.75
2026-08-04 14:30:35,2026-08-04 14:15,5174.0,5393.0,-4.06,41269500,5530.0,5118.0,9074.0,2818.75
2026-08-04 14:35:37,2026-08-04 14:20,5185.0,5393.0,-3.86,41630500,5530.0,5118.0,9074.0,2818.75
2026-08-04 14:40:34,2026-08-04 14:25,5196.0,5393.0,-3.65,41997700,5530.0,5118.0,9074.0,2818.75
2026-08-04 14:45:32,2026-08-04 14:30,5197.0,5393.0,-3.63,42513200,5530.0,5118.0,9074.0,2818.75
2026-08-04 14:50:41,2026-08-04 14:35,5197.0,5393.0,-3.63,42984200,5530.0,5118.0,9074.0,2818.75
2026-08-04 14:55:34,2026-08-04 14:40,5201.0,5393.0,-3.56,43448700,5530.0,5118.0,9074.0,2818.75
2026-08-04 15:40:44,2026-08-04 15:24,5237.0,5393.0,-2.89,48487200,5530.0,5118.0,9074.0,2818.75
2026-08-05 09:05:31,2026-08-04 15:30,5228.0,5393.0,-3.06,51829100,5530.0,5118.0,9074.0,2918.75
2026-08-05 09:10:37,2026-08-04 15:30,5228.0,5393.0,-3.06,51829100,5530.0,5118.0,9074.0,2918.75
2026-08-05 09:15:42,2026-08-04 15:30,5228.0,5393.0,-3.06,51829100,5530.0,5118.0,9074.0,2918.75
2026-08-05 09:20:34,2026-08-04 15:30,5228.0,5393.0,-3.06,51829100,5530.0,5118.0,9074.0,2918.75
2026-08-05 09:25:33,2026-08-04 15:30,5228.0,5393.0,-3.06,51829100,5530.0,5118.0,9074.0,2918.75
2026-08-05 09:30:37,2026-08-05 09:15,5648.0,5228.0,8.03,6457400,5748.0,5605.0,9074.0,2918.75
2026-08-05 09:35:33,2026-08-05 09:20,5704.0,5228.0,9.1,9434500,5748.0,5605.0,9074.0,2918.75
2026-08-05 09:40:41,2026-08-05 09:25,5772.0,5228.0,10.41,12583600,5773.0,5605.0,9074.0,2918.75
2026-08-05 09:45:44,2026-08-05 09:30,5789.0,5228.0,10.73,15185700,5815.0,5605.0,9074.0,2918.75
2026-08-05 09:50:50,2026-08-05 09:35,5789.0,5228.0,10.73,16998600,5833.0,5605.0,9074.0,2918.75
2026-08-05 09:55:39,2026-08-05 09:40,5763.0,5228.0,10.23,18018100,5833.0,5605.0,9074.0,2918.75
2026-08-05 10:00:52,2026-08-05 09:45,5771.0,5228.0,10.39,19228700,5833.0,5605.0,9074.0,2918.75
2026-08-05 10:05:31,2026-08-05 09:50,5762.0,5228.0,10.21,20129400,5833.0,5605.0,9074.0,2918.75
2026-08-05 10:10:30,2026-08-05 09:55,5773.0,5228.0,10.42,20798900,5833.0,5605.0,9074.0,2918.75
2026-08-05 10:15:37,2026-08-05 10:00,5778.0,5228.0,10.52,21738600,5833.0,5605.0,9074.0,2918.75
2026-08-05 10:20:34,2026-08-05 10:05,5804.0,5228.0,11.02,22738600,5833.0,5605.0,9074.0,2918.75
2026-08-05 10:25:39,2026-08-05 10:10,5821.0,5228.0,11.34,23711500,5833.0,5605.0,9074.0,2918.75
2026-08-05 10:30:42,2026-08-05 10:15,5801.0,5228.0,10.96,24429000,5833.0,5605.0,9074.0,2918.75
2026-08-05 10:35:31,2026-08-05 10:20,5808.0,5228.0,11.09,25120900,5833.0,5605.0,9074.0,2918.75
2026-08-05 10:40:39,2026-08-05 10:25,5781.0,5228.0,10.58,25789300,5833.0,5605.0,9074.0,2918.75
2026-08-05 10:45:47,2026-08-05 10:30,5791.0,5228.0,10.77,26605000,5833.0,5605.0,9074.0,2918.75
2026-08-05 10:50:41,2026-08-05 10:35,5801.0,5228.0,10.96,27533500,5833.0,5605.0,9074.0,2918.75
2026-08-05 10:55:35,2026-08-05 10:40,5795.0,5228.0,10.85,27879400,5833.0,5605.0,9074.0,2918.75
2026-08-05 11:00:42,2026-08-05 10:45,5794.0,5228.0,10.83,28329200,5833.0,5605.0,9074.0,2918.75
2026-08-05 11:05:47,2026-08-05 10:50,5779.0,5228.0,10.54,28802000,5833.0,5605.0,9074.0,2918.75
2026-08-05 11:10:43,2026-08-05 10:55,5808.0,5228.0,11.09,29380900,5833.0,5605.0,9074.0,2918.75
2026-08-05 11:15:33,2026-08-05 11:00,5829.0,5228.0,11.5,30456400,5838.0,5605.0,9074.0,2918.75
2026-08-05 11:20:33,2026-08-05 11:05,5840.0,5228.0,11.71,31153700,5846.0,5605.0,9074.0,2918.75
2026-08-05 11:25:38,2026-08-05 11:10,5839.0,5228.0,11.69,31680100,5846.0,5605.0,9074.0,2918.75
2026-08-05 11:30:41,2026-08-05 11:15,5843.0,5228.0,11.76,32135500,5848.0,5605.0,9074.0,2918.75
2026-08-05 12:30:39,2026-08-05 11:30,5803.0,5228.0,11.0,34383200,5857.0,5605.0,9074.0,2918.75
2026-08-05 12:35:34,2026-08-05 11:30,5803.0,5228.0,11.0,34383200,5857.0,5605.0,9074.0,2918.75
2026-08-05 12:40:38,2026-08-05 11:30,5803.0,5228.0,11.0,34383200,5857.0,5605.0,9074.0,2918.75
2026-08-05 12:45:37,2026-08-05 12:30,5810.0,5228.0,11.13,34957100,5857.0,5605.0,9074.0,2918.75
2026-08-05 12:50:39,2026-08-05 12:35,5824.0,5228.0,11.4,35682500,5857.0,5605.0,9074.0,2918.75
2026-08-05 12:55:33,2026-08-05 12:40,5819.0,5228.0,11.3,36210300,5857.0,5605.0,9074.0,2918.75
2026-08-05 13:00:44,2026-08-05 12:45,5840.0,5228.0,11.71,37037000,5857.0,5605.0,9074.0,2918.75
2026-08-05 13:05:37,2026-08-05 12:50,5848.0,5228.0,11.86,37505400,5857.0,5605.0,9074.0,2918.75
2026-08-05 13:10:36,2026-08-05 12:55,5851.0,5228.0,11.92,38043600,5857.0,5605.0,9074.0,2918.75
2026-08-05 13:15:37,2026-08-05 13:00,5847.0,5228.0,11.84,38429100,5857.0,5605.0,9074.0,2918.75
2026-08-05 13:20:36,2026-08-05 13:05,5865.0,5228.0,12.18,39011100,5866.0,5605.0,9074.0,2918.75
2026-08-05 13:25:36,2026-08-05 13:10,5862.0,5228.0,12.13,39749200,5872.0,5605.0,9074.0,2918.75
2026-08-05 13:30:43,2026-08-05 13:15,5847.0,5228.0,11.84,40152300,5872.0,5605.0,9074.0,2918.75
2026-08-05 13:35:44,2026-08-05 13:20,5853.0,5228.0,11.95,40500800,5872.0,5605.0,9074.0,2918.75
2026-08-05 13:40:37,2026-08-05 13:25,5856.0,5228.0,12.01,40789700,5872.0,5605.0,9074.0,2918.75
2026-08-05 13:45:30,2026-08-05 13:30,5855.0,5228.0,11.99,41138000,5872.0,5605.0,9074.0,2918.75
2026-08-05 13:50:30,2026-08-05 13:35,5861.0,5228.0,12.11,41531200,5872.0,5605.0,9074.0,2918.75
2026-08-05 13:55:35,2026-08-05 13:40,5878.0,5228.0,12.43,42035900,5879.0,5605.0,9074.0,2918.75
2026-08-05 14:00:43,2026-08-05 13:45,5876.0,5228.0,12.39,42474800,5880.0,5605.0,9074.0,2918.75
2026-08-05 14:05:38,2026-08-05 13:50,5869.0,5228.0,12.26,42866500,5880.0,5605.0,9074.0,2918.75
2026-08-05 14:10:39,2026-08-05 13:55,5872.0,5228.0,12.32,43238000,5880.0,5605.0,9074.0,2918.75
2026-08-05 14:31:02,2026-08-05 14:16,5887.0,5228.0,12.61,45194900,5887.0,5605.0,9074.0,2918.75
2026-08-05 14:35:36,2026-08-05 14:20,5893.0,5228.0,12.72,45999700,5899.0,5605.0,9074.0,2918.75
2026-08-05 14:40:41,2026-08-05 14:25,5908.0,5228.0,13.01,47139000,5911.0,5605.0,9074.0,2918.75
2026-08-05 14:45:36,2026-08-05 14:30,5904.0,5228.0,12.93,47937100,5923.0,5605.0,9074.0,2918.75
2026-08-05 14:50:40,2026-08-05 14:35,5890.0,5228.0,12.66,48409100,5923.0,5605.0,9074.0,2918.75
2026-08-05 14:55:40,2026-08-05 14:40,5895.0,5228.0,12.76,48940300,5923.0,5605.0,9074.0,2918.75
2026-08-05 15:00:32,2026-08-05 14:45,5915.0,5228.0,13.14,49399400,5923.0,5605.0,9074.0,2918.75
2026-08-05 15:05:37,2026-08-05 14:50,5907.0,5228.0,12.99,49729600,5923.0,5605.0,9074.0,2918.75
2026-08-05 15:10:54,2026-08-05 14:55,5897.0,5228.0,12.8,50151500,5923.0,5605.0,9074.0,2918.75
2026-08-05 15:16:17,2026-08-05 15:01,5917.0,5228.0,13.18,50687300,5923.0,5605.0,9074.0,2918.75
2026-08-05 15:20:29,2026-08-05 15:05,5917.0,5228.0,13.18,51068100,5923.0,5605.0,9074.0,2918.75
2026-08-05 15:25:30,2026-08-05 15:10,5911.0,5228.0,13.06,51506400,5923.0,5605.0,9074.0,2918.75
2026-08-05 15:30:49,2026-08-05 15:15,5938.0,5228.0,13.58,52581500,5942.0,5605.0,9074.0,2918.75
2026-08-05 15:40:36,2026-08-05 15:24,5956.0,5228.0,13.93,54916700,5958.0,5605.0,9074.0,2918.75
2026-08-06 09:05:43,2026-08-05 15:30,5958.0,5228.0,13.96,59361000,5958.0,5605.0,9074.0,2931.25
2026-08-06 09:10:32,2026-08-05 15:30,5958.0,5228.0,13.96,59361000,5958.0,5605.0,9074.0,2931.25
2026-08-06 09:15:34,2026-08-05 15:30,5958.0,5228.0,13.96,59361000,5958.0,5605.0,9074.0,2931.25
2026-08-06 09:20:35,2026-08-06 09:05,5846.0,5958.0,-1.88,2423300,5850.0,5730.0,9074.0,2931.25
2026-08-06 09:25:34,2026-08-06 09:10,5828.0,5958.0,-2.18,4322600,5878.0,5730.0,9074.0,2931.25
2026-08-06 09:30:38,2026-08-06 09:15,5851.0,5958.0,-1.8,5768100,5881.0,5730.0,9074.0,2931.25
2026-08-06 09:35:44,2026-08-06 09:20,5704.0,5958.0,-4.26,7857600,5881.0,5701.0,9074.0,2931.25
2026-08-06 09:46:07,2026-08-06 09:31,5688.0,5958.0,-4.53,10540900,5881.0,5668.0,9074.0,2931.25
2026-08-06 09:46:45,2026-08-06 09:31,5676.0,5958.0,-4.73,10618400,5881.0,5668.0,9074.0,2931.25
2026-08-06 09:50:29,2026-08-06 09:35,5697.0,5958.0,-4.38,11233500,5881.0,5664.0,9074.0,2931.25
2026-08-06 09:55:42,2026-08-06 09:40,5719.0,5958.0,-4.01,12064000,5881.0,5664.0,9074.0,2931.25
2026-08-06 10:00:44,2026-08-06 09:45,5660.0,5958.0,-5.0,13119800,5881.0,5655.0,9074.0,2931.25
2026-08-06 10:05:45,2026-08-06 09:50,5656.0,5958.0,-5.07,13739800,5881.0,5655.0,9074.0,2931.25
2026-08-06 10:10:41,2026-08-06 09:55,5662.0,5958.0,-4.97,14439600,5881.0,5642.0,9074.0,2931.25
2026-08-06 10:15:41,2026-08-06 10:00,5668.0,5958.0,-4.87,14961200,5881.0,5642.0,9074.0,2931.25
2026-08-06 10:20:43,2026-08-06 10:05,5666.0,5958.0,-4.9,15533800,5881.0,5642.0,9074.0,2931.25
2026-08-06 10:25:40,2026-08-06 10:10,5685.0,5958.0,-4.58,15976400,5881.0,5642.0,9074.0,2931.25
2026-08-06 10:30:41,2026-08-06 10:15,5628.0,5958.0,-5.54,16907500,5881.0,5624.0,9074.0,2931.25
2026-08-06 10:35:36,2026-08-06 10:20,5587.0,5958.0,-6.23,18336600,5881.0,5580.0,9074.0,2931.25
2026-08-06 10:40:34,2026-08-06 10:25,5598.0,5958.0,-6.04,19015400,5881.0,5574.0,9074.0,2931.25
2026-08-06 10:45:35,2026-08-06 10:30,5584.0,5958.0,-6.28,19439200,5881.0,5574.0,9074.0,2931.25
2026-08-06 10:50:47,2026-08-06 10:35,5570.0,5958.0,-6.51,19969100,5881.0,5566.0,9074.0,2931.25
2026-08-06 10:55:31,2026-08-06 10:40,5557.0,5958.0,-6.73,20702600,5881.0,5542.0,9074.0,2931.25
2026-08-06 11:00:42,2026-08-06 10:45,5569.0,5958.0,-6.53,21177200,5881.0,5542.0,9074.0,2931.25
2026-08-06 11:05:34,2026-08-06 10:50,5583.0,5958.0,-6.29,21514600,5881.0,5542.0,9074.0,2931.25
2026-08-06 11:10:46,2026-08-06 10:55,5586.0,5958.0,-6.24,21894500,5881.0,5542.0,9074.0,2931.25
2026-08-06 11:15:33,2026-08-06 11:00,5590.0,5958.0,-6.18,22181100,5881.0,5542.0,9074.0,2931.25
2026-08-06 11:20:37,2026-08-06 11:05,5592.0,5958.0,-6.14,22475400,5881.0,5542.0,9074.0,2931.25
2026-08-06 11:25:33,2026-08-06 11:10,5597.0,5958.0,-6.06,22755100,5881.0,5542.0,9074.0,2931.25
2026-08-06 11:30:50,2026-08-06 11:15,5592.0,5958.0,-6.14,23106200,5881.0,5542.0,9074.0,2931.25
2026-08-06 12:30:36,2026-08-06 11:30,5590.0,5958.0,-6.18,24054400,5881.0,5542.0,9074.0,2931.25
2026-08-06 12:35:34,2026-08-06 11:30,5590.0,5958.0,-6.18,24054400,5881.0,5542.0,9074.0,2931.25
2026-08-06 12:40:44,2026-08-06 11:30,5590.0,5958.0,-6.18,24054400,5881.0,5542.0,9074.0,2931.25
2026-08-06 12:45:37,2026-08-06 12:30,5640.0,5958.0,-5.34,24728300,5881.0,5542.0,9074.0,2931.25
2026-08-06 12:50:45,2026-08-06 12:35,5664.0,5958.0,-4.93,25455200,5881.0,5542.0,9074.0,2931.25
2026-08-06 12:55:36,2026-08-06 12:40,5695.0,5958.0,-4.41,26675000,5881.0,5542.0,9074.0,2931.25
2026-08-06 13:00:34,2026-08-06 12:45,5667.0,5958.0,-4.88,27393900,5881.0,5542.0,9074.0,2931.25
2026-08-06 13:05:33,2026-08-06 12:50,5688.0,5958.0,-4.53,27964700,5881.0,5542.0,9074.0,2931.25
2026-08-06 13:10:39,2026-08-06 12:55,5671.0,5958.0,-4.82,28365200,5881.0,5542.0,9074.0,2931.25
2026-08-06 13:15:30,2026-08-06 13:00,5676.0,5958.0,-4.73,28707300,5881.0,5542.0,9074.0,2931.25
2026-08-06 13:20:44,2026-08-06 13:05,5673.0,5958.0,-4.78,28994600,5881.0,5542.0,9074.0,2931.25
2026-08-06 13:25:31,2026-08-06 13:10,5686.0,5958.0,-4.57,29323300,5881.0,5542.0,9074.0,2931.25
2026-08-06 13:30:46,2026-08-06 13:15,5689.0,5958.0,-4.51,29575000,5881.0,5542.0,9074.0,2931.25
2026-08-06 13:35:39,2026-08-06 13:20,5700.0,5958.0,-4.33,30207700,5881.0,5542.0,9074.0,2931.25
2026-08-06 13:40:41,2026-08-06 13:25,5713.0,5958.0,-4.11,30773900,5881.0,5542.0,9074.0,2931.25
2026-08-06 13:45:38,2026-08-06 13:30,5699.0,5958.0,-4.35,31137200,5881.0,5542.0,9074.0,2931.25
2026-08-06 13:50:35,2026-08-06 13:35,5694.0,5958.0,-4.43,31520100,5881.0,5542.0,9074.0,2931.25
2026-08-06 13:55:44,2026-08-06 13:40,5675.0,5958.0,-4.75,31849500,5881.0,5542.0,9074.0,2931.25
2026-08-06 14:00:32,2026-08-06 13:45,5686.0,5958.0,-4.57,32126700,5881.0,5542.0,9074.0,2931.25
2026-08-06 14:05:41,2026-08-06 13:50,5690.0,5958.0,-4.5,32369000,5881.0,5542.0,9074.0,2931.25
2026-08-06 14:10:36,2026-08-06 13:55,5690.0,5958.0,-4.5,32686200,5881.0,5542.0,9074.0,2931.25
2026-08-06 14:15:34,2026-08-06 14:00,5706.0,5958.0,-4.23,32990600,5881.0,5542.0,9074.0,2931.25
2026-08-06 14:20:38,2026-08-06 14:05,5711.0,5958.0,-4.15,33283300,5881.0,5542.0,9074.0,2931.25
2026-08-06 14:25:38,2026-08-06 14:10,5732.0,5958.0,-3.79,33949900,5881.0,5542.0,9074.0,2931.25
2026-08-06 14:30:37,2026-08-06 14:15,5735.0,5958.0,-3.74,34386600,5881.0,5542.0,9074.0,2931.25
2026-08-06 14:35:28,2026-08-06 14:20,5756.0,5958.0,-3.39,35180400,5881.0,5542.0,9074.0,2931.25
2026-08-06 14:40:31,2026-08-06 14:25,5756.0,5958.0,-3.39,35676800,5881.0,5542.0,9074.0,2931.25
2026-08-06 14:45:36,2026-08-06 14:30,5753.0,5958.0,-3.44,36224400,5881.0,5542.0,9074.0,2931.25
2026-08-06 14:50:36,2026-08-06 14:35,5757.0,5958.0,-3.37,36702900,5881.0,5542.0,9074.0,2931.25
2026-08-06 14:55:38,2026-08-06 14:40,5745.0,5958.0,-3.58,37198200,5881.0,5542.0,9074.0,2931.25
2026-08-06 15:00:38,2026-08-06 14:45,5750.0,5958.0,-3.49,37730800,5881.0,5542.0,9074.0,2931.25
2026-08-06 15:05:36,2026-08-06 14:50,5718.0,5958.0,-4.03,38164000,5881.0,5542.0,9074.0,2931.25
2026-08-06 15:10:48,2026-08-06 14:55,5722.0,5958.0,-3.96,38583100,5881.0,5542.0,9074.0,2931.25
2026-08-06 15:15:39,2026-08-06 15:00,5729.0,5958.0,-3.84,38949300,5881.0,5542.0,9074.0,2931.25
2026-08-06 15:20:43,2026-08-06 15:05,5739.0,5958.0,-3.68,39383000,5881.0,5542.0,9074.0,2931.25
2026-08-06 15:25:30,2026-08-06 15:10,5733.0,5958.0,-3.78,40050900,5881.0,5542.0,9074.0,2931.25
2026-08-06 15:40:43,2026-08-06 15:24,5721.0,5958.0,-3.98,42265700,5881.0,5542.0,9074.0,2931.25
2026-08-07 09:05:50,2026-08-06 15:30,5695.0,5958.0,-4.41,46955700,5881.0,5542.0,9074.0,3116.25
2026-08-07 09:10:37,2026-08-06 15:30,5695.0,5958.0,-4.41,46955700,5881.0,5542.0,9074.0,3116.25
2026-08-07 09:15:43,2026-08-06 15:30,5695.0,5958.0,-4.41,46955700,5881.0,5542.0,9074.0,3116.25
2026-08-07 09:20:41,2026-08-07 09:05,5453.0,5695.0,-4.25,3252700,5579.0,5447.0,9074.0,3116.25
2026-08-07 09:25:39,2026-08-07 09:10,5417.0,5695.0,-4.88,5050300,5579.0,5404.0,9074.0,3116.25
2026-08-07 09:30:34,2026-08-07 09:15,5366.0,5695.0,-5.78,6597200,5579.0,5360.0,9074.0,3116.25
2026-08-07 09:35:36,2026-08-07 09:20,5360.0,5695.0,-5.88,8258200,5579.0,5321.0,9074.0,3116.25
2026-08-07 09:40:41,2026-08-07 09:25,5376.0,5695.0,-5.6,9272000,5579.0,5321.0,9074.0,3116.25
2026-08-07 09:45:46,2026-08-07 09:30,5427.0,5695.0,-4.71,10644200,5579.0,5321.0,9074.0,3116.25
2026-08-07 09:50:39,2026-08-07 09:35,5427.0,5695.0,-4.71,11529900,5579.0,5321.0,9074.0,3116.25
2026-08-07 09:56:11,2026-08-07 09:41,5401.0,5695.0,-5.16,12586800,5579.0,5321.0,9074.0,3116.25
2026-08-07 10:00:32,2026-08-07 09:45,5427.0,5695.0,-4.71,13341800,5579.0,5321.0,9074.0,3116.25
2026-08-07 10:05:34,2026-08-07 09:50,5375.0,5695.0,-5.62,14114600,5579.0,5321.0,9074.0,3116.25
2026-08-07 10:10:47,2026-08-07 09:55,5395.0,5695.0,-5.27,14712800,5579.0,5321.0,9074.0,3116.25
2026-08-07 10:15:33,2026-08-07 10:00,5406.0,5695.0,-5.07,15085200,5579.0,5321.0,9074.0,3116.25
2026-08-07 10:20:31,2026-08-07 10:05,5418.0,5695.0,-4.86,15557300,5579.0,5321.0,9074.0,3116.25
2026-08-07 10:25:40,2026-08-07 10:10,5412.0,5695.0,-4.97,15955500,5579.0,5321.0,9074.0,3116.25
2026-08-07 10:30:39,2026-08-07 10:15,5404.0,5695.0,-5.11,16558600,5579.0,5321.0,9074.0,3116.25
2026-08-07 10:35:37,2026-08-07 10:20,5362.0,5695.0,-5.85,17135400,5579.0,5321.0,9074.0,3116.25
2026-08-07 10:40:38,2026-08-07 10:25,5399.0,5695.0,-5.2,17837800,5579.0,5321.0,9074.0,3116.25
2026-08-07 10:45:35,2026-08-07 10:30,5426.0,5695.0,-4.72,18422300,5579.0,5321.0,9074.0,3116.25
2026-08-07 10:50:42,2026-08-07 10:35,5411.0,5695.0,-4.99,19124100,5579.0,5321.0,9074.0,3116.25
2026-08-07 10:55:37,2026-08-07 10:40,5373.0,5695.0,-5.65,19880400,5579.0,5321.0,9074.0,3116.25
2026-08-07 11:00:50,2026-08-07 10:45,5408.0,5695.0,-5.04,20438900,5579.0,5321.0,9074.0,3116.25
2026-08-07 11:05:37,2026-08-07 10:50,5434.0,5695.0,-4.58,21068500,5579.0,5321.0,9074.0,3116.25
2026-08-07 11:10:36,2026-08-07 10:55,5461.0,5695.0,-4.11,21773600,5579.0,5321.0,9074.0,3116.25
2026-08-07 11:15:31,2026-08-07 11:00,5450.0,5695.0,-4.3,22247600,5579.0,5321.0,9074.0,3116.25
2026-08-07 11:20:45,2026-08-07 11:05,5474.0,5695.0,-3.88,22734100,5579.0,5321.0,9074.0,3116.25
2026-08-07 11:25:45,2026-08-07 11:10,5466.0,5695.0,-4.02,23096400,5579.0,5321.0,9074.0,3116.25
2026-08-07 11:30:35,2026-08-07 11:15,5501.0,5695.0,-3.41,23794700,5579.0,5321.0,9074.0,3116.25
2026-08-07 12:30:35,2026-08-07 11:30,5503.0,5695.0,-3.37,25050200,5579.0,5321.0,9074.0,3116.25
2026-08-07 12:35:38,2026-08-07 11:30,5503.0,5695.0,-3.37,25050200,5579.0,5321.0,9074.0,3116.25
2026-08-07 12:40:58,2026-08-07 11:30,5503.0,5695.0,-3.37,25050200,5579.0,5321.0,9074.0,3116.25
2026-08-07 12:45:35,2026-08-07 12:30,5506.0,5695.0,-3.32,25396600,5579.0,5321.0,9074.0,3116.25
2026-08-07 12:50:33,2026-08-07 12:35,5495.0,5695.0,-3.51,25914200,5579.0,5321.0,9074.0,3116.25
2026-08-07 12:55:36,2026-08-07 12:40,5532.0,5695.0,-2.86,26516500,5579.0,5321.0,9074.0,3116.25
2026-08-07 13:00:31,2026-08-07 12:45,5524.0,5695.0,-3.0,26928700,5579.0,5321.0,9074.0,3116.25
2026-08-07 13:05:31,2026-08-07 12:50,5518.0,5695.0,-3.11,27214100,5579.0,5321.0,9074.0,3116.25
2026-08-07 13:10:30,2026-08-07 12:55,5496.0,5695.0,-3.49,27625400,5579.0,5321.0,9074.0,3116.25
2026-08-07 13:15:33,2026-08-07 13:00,5482.0,5695.0,-3.74,27995600,5579.0,5321.0,9074.0,3116.25
2026-08-07 13:20:37,2026-08-07 13:05,5489.0,5695.0,-3.62,28394700,5579.0,5321.0,9074.0,3116.25
2026-08-07 13:25:40,2026-08-07 13:10,5497.0,5695.0,-3.48,28679400,5579.0,5321.0,9074.0,3116.25
2026-08-07 13:30:47,2026-08-07 13:15,5505.0,5695.0,-3.34,28939800,5579.0,5321.0,9074.0,3116.25
2026-08-07 13:35:46,2026-08-07 13:20,5519.0,5695.0,-3.09,29215400,5579.0,5321.0,9074.0,3116.25
2026-08-07 13:40:36,2026-08-07 13:25,5528.0,5695.0,-2.93,29482700,5579.0,5321.0,9074.0,3116.25
2026-08-07 13:45:38,2026-08-07 13:30,5515.0,5695.0,-3.16,29822500,5579.0,5321.0,9074.0,3116.25
2026-08-07 13:50:38,2026-08-07 13:35,5522.0,5695.0,-3.04,30051500,5579.0,5321.0,9074.0,3116.25
2026-08-07 13:55:33,2026-08-07 13:40,5519.0,5695.0,-3.09,30322200,5579.0,5321.0,9074.0,3116.25
2026-08-07 14:00:39,2026-08-07 13:45,5510.0,5695.0,-3.25,30537200,5579.0,5321.0,9074.0,3116.25
2026-08-07 14:05:45,2026-08-07 13:50,5512.0,5695.0,-3.21,30701000,5579.0,5321.0,9074.0,3116.25
2026-08-07 14:10:41,2026-08-07 13:55,5517.0,5695.0,-3.13,30960500,5579.0,5321.0,9074.0,3116.25
2026-08-07 14:15:39,2026-08-07 14:00,5517.0,5695.0,-3.13,31244700,5579.0,5321.0,9074.0,3116.25
2026-08-07 14:20:34,2026-08-07 14:05,5530.0,5695.0,-2.9,31558900,5579.0,5321.0,9074.0,3116.25
2026-08-07 14:25:41,2026-08-07 14:10,5536.0,5695.0,-2.79,31918500,5579.0,5321.0,9074.0,3116.25
2026-08-07 14:30:37,2026-08-07 14:15,5542.0,5695.0,-2.69,32147100,5579.0,5321.0,9074.0,3116.25
2026-08-07 14:35:29,2026-08-07 14:20,5565.0,5695.0,-2.28,32565900,5579.0,5321.0,9074.0,3116.25
2026-08-07 14:40:32,2026-08-07 14:25,5576.0,5695.0,-2.09,33018900,5579.0,5321.0,9074.0,3116.25
2026-08-07 14:45:37,2026-08-07 14:30,5577.0,5695.0,-2.07,33402200,5584.0,5321.0,9074.0,3116.25
2026-08-07 14:50:38,2026-08-07 14:35,5565.0,5695.0,-2.28,33833400,5588.0,5321.0,9074.0,3116.25
2026-08-07 14:55:33,2026-08-07 14:40,5550.0,5695.0,-2.55,34207400,5588.0,5321.0,9074.0,3116.25
2026-08-07 15:00:32,2026-08-07 14:45,5534.0,5695.0,-2.83,34577100,5588.0,5321.0,9074.0,3116.25
2026-08-07 15:05:41,2026-08-07 14:50,5551.0,5695.0,-2.53,34837800,5588.0,5321.0,9074.0,3116.25
2026-08-07 15:10:39,2026-08-07 14:55,5556.0,5695.0,-2.44,35159800,5588.0,5321.0,9074.0,3116.25
2026-08-07 15:15:40,2026-08-07 15:00,5558.0,5695.0,-2.41,35405300,5588.0,5321.0,9074.0,3116.25
2026-08-07 15:20:40,2026-08-07 15:05,5566.0,5695.0,-2.27,35649100,5588.0,5321.0,9074.0,3116.25
2026-08-07 15:25:46,2026-08-07 15:10,5576.0,5695.0,-2.09,35954200,5588.0,5321.0,9074.0,3116.25
2026-08-07 15:30:44,2026-08-07 15:15,5589.0,5695.0,-1.86,36464900,5594.0,5321.0,9074.0,3116.25
2026-08-07 15:40:37,2026-08-07 15:24,5532.0,5695.0,-2.86,37280200,5594.0,5321.0,9074.0,3116.25
2026-08-10 09:05:38,2026-08-07 15:30,5552.0,5695.0,-2.51,40103100,5594.0,5321.0,9074.0,3365.0
2026-08-10 09:10:46,2026-08-07 15:30,5552.0,5695.0,-2.51,40103100,5594.0,5321.0,9074.0,3365.0
2026-08-10 09:15:39,2026-08-10 09:00,5476.0,5695.0,-3.85,40862700,5539.0,5460.0,9074.0,3365.0
2026-08-10 09:20:33,2026-08-10 09:05,5451.0,5552.0,-1.82,1754800,5539.0,5451.0,9074.0,3365.0
2026-08-10 09:25:33,2026-08-10 09:10,5456.0,5552.0,-1.73,2995100,5539.0,5441.0,9074.0,3365.0
2026-08-10 09:30:41,2026-08-10 09:15,5412.0,5552.0,-2.52,4210100,5539.0,5403.0,9074.0,3365.0
2026-08-10 09:35:30,2026-08-10 09:20,5457.0,5552.0,-1.71,5442600,5539.0,5388.0,9074.0,3365.0
2026-08-10 09:40:42,2026-08-10 09:25,5481.0,5552.0,-1.28,6578100,5539.0,5388.0,9074.0,3365.0
2026-08-10 09:45:38,2026-08-10 09:30,5482.0,5552.0,-1.26,7401300,5539.0,5388.0,9074.0,3365.0
2026-08-10 09:50:33,2026-08-10 09:35,5464.0,5552.0,-1.59,8238800,5539.0,5388.0,9074.0,3365.0
2026-08-10 09:55:40,2026-08-10 09:40,5471.0,5552.0,-1.46,8829700,5539.0,5388.0,9074.0,3365.0
2026-08-10 10:00:32,2026-08-10 09:45,5446.0,5552.0,-1.91,9554100,5539.0,5388.0,9074.0,3365.0
2026-08-10 10:05:41,2026-08-10 09:50,5454.0,5552.0,-1.77,10097600,5539.0,5388.0,9074.0,3365.0
2026-08-10 10:10:36,2026-08-10 09:55,5447.0,5552.0,-1.89,10447400,5539.0,5388.0,9074.0,3365.0
2026-08-10 10:15:40,2026-08-10 10:00,5440.0,5552.0,-2.02,10793900,5539.0,5388.0,9074.0,3365.0
2026-08-10 10:20:36,2026-08-10 10:05,5464.0,5552.0,-1.59,11305900,5539.0,5388.0,9074.0,3365.0
2026-08-10 10:25:54,2026-08-10 10:10,5453.0,5552.0,-1.78,11595700,5539.0,5388.0,9074.0,3365.0
2026-08-10 10:30:28,2026-08-10 10:15,5467.0,5552.0,-1.53,12011700,5539.0,5388.0,9074.0,3365.0
2026-08-10 10:35:38,2026-08-10 10:20,5488.0,5552.0,-1.15,12780500,5539.0,5388.0,9074.0,3365.0
2026-08-10 10:40:33,2026-08-10 10:25,5487.0,5552.0,-1.17,13208600,5539.0,5388.0,9074.0,3365.0
2026-08-10 10:45:34,2026-08-10 10:30,5480.0,5552.0,-1.3,13556800,5539.0,5388.0,9074.0,3365.0
2026-08-10 10:50:46,2026-08-10 10:35,5490.0,5552.0,-1.12,13795600,5539.0,5388.0,9074.0,3365.0
2026-08-10 10:55:38,2026-08-10 10:40,5505.0,5552.0,-0.85,14266300,5539.0,5388.0,9074.0,3365.0
2026-08-10 11:00:32,2026-08-10 10:45,5516.0,5552.0,-0.65,14603900,5539.0,5388.0,9074.0,3365.0
2026-08-10 11:05:35,2026-08-10 10:50,5535.0,5552.0,-0.31,14969500,5539.0,5388.0,9074.0,3365.0
2026-08-10 11:10:33,2026-08-10 10:55,5550.0,5552.0,-0.04,15485000,5559.0,5388.0,9074.0,3365.0
2026-08-10 11:15:39,2026-08-10 11:00,5544.0,5552.0,-0.14,16000100,5569.0,5388.0,9074.0,3365.0
2026-08-10 11:20:35,2026-08-10 11:05,5528.0,5552.0,-0.43,16346400,5569.0,5388.0,9074.0,3365.0
2026-08-10 11:25:33,2026-08-10 11:10,5522.0,5552.0,-0.54,16720100,5569.0,5388.0,9074.0,3365.0
2026-08-10 11:30:40,2026-08-10 11:15,5522.0,5552.0,-0.54,16919800,5569.0,5388.0,9074.0,3365.0
2026-08-10 12:30:36,2026-08-10 11:30,5523.0,5552.0,-0.52,17586900,5569.0,5388.0,9074.0,3365.0
2026-08-10 12:35:39,2026-08-10 11:30,5523.0,5552.0,-0.52,17586900,5569.0,5388.0,9074.0,3365.0
2026-08-10 12:40:35,2026-08-10 11:30,5523.0,5552.0,-0.52,17586900,5569.0,5388.0,9074.0,3365.0
2026-08-10 12:45:33,2026-08-10 12:30,5501.0,5552.0,-0.92,17872200,5569.0,5388.0,9074.0,3365.0
2026-08-10 12:50:41,2026-08-10 12:35,5493.0,5552.0,-1.06,18288300,5569.0,5388.0,9074.0,3365.0
2026-08-10 12:55:38,2026-08-10 12:40,5496.0,5552.0,-1.01,18501900,5569.0,5388.0,9074.0,3365.0
2026-08-10 13:00:33,2026-08-10 12:45,5516.0,5552.0,-0.65,18840700,5569.0,5388.0,9074.0,3365.0
2026-08-10 13:05:34,2026-08-10 12:50,5511.0,5552.0,-0.74,19172700,5569.0,5388.0,9074.0,3365.0
2026-08-10 13:10:31,2026-08-10 12:55,5505.0,5552.0,-0.85,19323000,5569.0,5388.0,9074.0,3365.0
2026-08-10 13:15:37,2026-08-10 13:00,5506.0,5552.0,-0.83,19516700,5569.0,5388.0,9074.0,3365.0
2026-08-10 13:20:34,2026-08-10 13:05,5498.0,5552.0,-0.97,19722100,5569.0,5388.0,9074.0,3365.0
2026-08-10 13:25:32,2026-08-10 13:10,5503.0,5552.0,-0.88,19871800,5569.0,5388.0,9074.0,3365.0
2026-08-10 13:30:38,2026-08-10 13:15,5492.0,5552.0,-1.08,20123900,5569.0,5388.0,9074.0,3365.0
2026-08-10 13:35:31,2026-08-10 13:20,5502.0,5552.0,-0.9,20424800,5569.0,5388.0,9074.0,3365.0
2026-08-10 13:40:37,2026-08-10 13:25,5506.0,5552.0,-0.83,20670700,5569.0,5388.0,9074.0,3365.0
2026-08-10 13:45:35,2026-08-10 13:30,5512.0,5552.0,-0.72,20905300,5569.0,5388.0,9074.0,3365.0
2026-08-10 13:50:35,2026-08-10 13:35,5508.0,5552.0,-0.79,21066000,5569.0,5388.0,9074.0,3365.0
2026-08-10 13:55:40,2026-08-10 13:40,5494.0,5552.0,-1.04,21257600,5569.0,5388.0,9074.0,3365.0
2026-08-10 14:00:38,2026-08-10 13:45,5508.0,5552.0,-0.79,21434700,5569.0,5388.0,9074.0,3365.0
2026-08-10 14:05:40,2026-08-10 13:50,5507.0,5552.0,-0.81,21546000,5569.0,5388.0,9074.0,3365.0
2026-08-10 14:10:46,2026-08-10 13:55,5490.0,5552.0,-1.12,21909900,5569.0,5388.0,9074.0,3365.0
2026-08-10 14:15:43,2026-08-10 14:00,5497.0,5552.0,-0.99,22058000,5569.0,5388.0,9074.0,3365.0
2026-08-10 14:20:37,2026-08-10 14:05,5504.0,5552.0,-0.86,22237800,5569.0,5388.0,9074.0,3365.0
2026-08-10 14:25:36,2026-08-10 14:10,5506.0,5552.0,-0.83,22482700,5569.0,5388.0,9074.0,3365.0
2026-08-10 14:30:43,2026-08-10 14:15,5505.0,5552.0,-0.85,22602200,5569.0,5388.0,9074.0,3365.0
2026-08-10 14:35:37,2026-08-10 14:20,5505.0,5552.0,-0.85,22724000,5569.0,5388.0,9074.0,3365.0
2026-08-10 14:40:40,2026-08-10 14:25,5503.0,5552.0,-0.88,22840300,5569.0,5388.0,9074.0,3365.0
2026-08-10 14:45:36,2026-08-10 14:30,5509.0,5552.0,-0.77,22983900,5569.0,5388.0,9074.0,3365.0
2026-08-10 14:50:38,2026-08-10 14:35,5510.0,5552.0,-0.76,23146500,5569.0,5388.0,9074.0,3365.0
2026-08-10 14:55:40,2026-08-10 14:40,5509.0,5552.0,-0.77,23305500,5569.0,5388.0,9074.0,3365.0
2026-08-10 15:00:52,2026-08-10 14:45,5503.0,5552.0,-0.88,23584500,5569.0,5388.0,9074.0,3365.0
2026-08-10 15:05:43,2026-08-10 14:50,5481.0,5552.0,-1.28,23917100,5569.0,5388.0,9074.0,3365.0
2026-08-10 15:10:42,2026-08-10 14:55,5496.0,5552.0,-1.01,24129000,5569.0,5388.0,9074.0,3365.0
2026-08-10 15:15:33,2026-08-10 15:00,5494.0,5552.0,-1.04,24281200,5569.0,5388.0,9074.0,3365.0
2026-08-10 15:20:32,2026-08-10 15:05,5498.0,5552.0,-0.97,24571600,5569.0,5388.0,9074.0,3365.0
2026-08-10 15:25:36,2026-08-10 15:10,5496.0,5552.0,-1.01,24844900,5569.0,5388.0,9074.0,3365.0
2026-08-10 15:30:42,2026-08-10 15:15,5500.0,5552.0,-0.94,25170600,5569.0,5388.0,9074.0,3365.0
2026-08-10 15:40:32,2026-08-10 15:24,5484.0,5552.0,-1.22,26060700,5569.0,5388.0,9074.0,3365.0
2026-08-12 09:05:31,2026-08-10 15:30,5484.0,5552.0,-1.22,28638800,5569.0,5388.0,9074.0,3365.0
2026-08-12 09:10:46,2026-08-10 15:30,5484.0,5552.0,-1.22,28638800,5569.0,5388.0,9074.0,3365.0
2026-08-12 09:15:40,2026-08-12 09:00,5484.0,5552.0,-1.22,29735800,5495.0,5438.0,9074.0,3365.0
2026-08-12 09:20:44,2026-08-12 09:05,5518.0,5484.0,0.62,2487800,5534.0,5416.0,9074.0,3365.0
2026-08-12 09:25:39,2026-08-12 09:10,5476.0,5484.0,-0.15,3601500,5554.0,5416.0,9074.0,3365.0
2026-08-12 09:30:45,2026-08-12 09:15,5495.0,5484.0,0.2,4431300,5554.0,5416.0,9074.0,3365.0
2026-08-12 09:35:42,2026-08-12 09:20,5498.0,5484.0,0.26,5005600,5554.0,5416.0,9074.0,3365.0
2026-08-12 09:40:39,2026-08-12 09:25,5494.0,5484.0,0.18,5555600,5554.0,5416.0,9074.0,3365.0
2026-08-12 09:45:35,2026-08-12 09:30,5492.0,5484.0,0.15,5992200,5554.0,5416.0,9074.0,3365.0
2026-08-12 09:50:31,2026-08-12 09:35,5471.0,5484.0,-0.24,6590300,5554.0,5416.0,9074.0,3365.0
2026-08-12 09:55:33,2026-08-12 09:40,5458.0,5484.0,-0.47,7272600,5554.0,5416.0,9074.0,3365.0
2026-08-12 10:00:33,2026-08-12 09:45,5461.0,5484.0,-0.42,7698400,5554.0,5416.0,9074.0,3365.0
2026-08-12 10:05:37,2026-08-12 09:50,5474.0,5484.0,-0.18,8046500,5554.0,5416.0,9074.0,3365.0
2026-08-12 10:10:32,2026-08-12 09:55,5470.0,5484.0,-0.26,8405500,5554.0,5416.0,9074.0,3365.0
2026-08-12 10:15:47,2026-08-12 10:00,5455.0,5484.0,-0.53,8787700,5554.0,5416.0,9074.0,3365.0
2026-08-12 10:20:34,2026-08-12 10:05,5450.0,5484.0,-0.62,9085800,5554.0,5416.0,9074.0,3365.0
2026-08-12 10:25:32,2026-08-12 10:10,5451.0,5484.0,-0.6,9312300,5554.0,5416.0,9074.0,3365.0
2026-08-12 10:30:42,2026-08-12 10:15,5453.0,5484.0,-0.57,9605700,5554.0,5416.0,9074.0,3365.0
2026-08-12 10:35:35,2026-08-12 10:20,5457.0,5484.0,-0.49,9846700,5554.0,5416.0,9074.0,3365.0
2026-08-12 10:40:42,2026-08-12 10:25,5455.0,5484.0,-0.53,9983900,5554.0,5416.0,9074.0,3365.0
2026-08-12 10:45:31,2026-08-12 10:30,5451.0,5484.0,-0.6,10192500,5554.0,5416.0,9074.0,3365.0
2026-08-12 10:50:57,2026-08-12 10:35,5454.0,5484.0,-0.55,10361600,5554.0,5416.0,9074.0,3365.0
2026-08-12 10:55:32,2026-08-12 10:40,5459.0,5484.0,-0.46,10521100,5554.0,5416.0,9074.0,3365.0
2026-08-12 11:00:31,2026-08-12 10:45,5477.0,5484.0,-0.13,11041700,5554.0,5416.0,9074.0,3365.0
2026-08-12 11:05:36,2026-08-12 10:50,5470.0,5484.0,-0.26,11314500,5554.0,5416.0,9074.0,3365.0
2026-08-12 11:10:29,2026-08-12 10:55,5460.0,5484.0,-0.44,11542600,5554.0,5416.0,9074.0,3365.0
2026-08-12 11:15:40,2026-08-12 11:00,5463.0,5484.0,-0.38,11702500,5554.0,5416.0,9074.0,3365.0
2026-08-12 11:20:33,2026-08-12 11:05,5456.0,5484.0,-0.51,11889900,5554.0,5416.0,9074.0,3365.0
2026-08-12 11:25:54,2026-08-12 11:10,5458.0,5484.0,-0.47,11987700,5554.0,5416.0,9074.0,3365.0
2026-08-12 11:30:31,2026-08-12 11:15,5460.0,5484.0,-0.44,12135200,5554.0,5416.0,9074.0,3365.0
2026-08-12 12:30:29,2026-08-12 11:30,5455.0,5484.0,-0.53,12554700,5554.0,5416.0,9074.0,3365.0
2026-08-12 12:35:29,2026-08-12 11:30,5455.0,5484.0,-0.53,12554700,5554.0,5416.0,9074.0,3365.0
2026-08-12 12:40:35,2026-08-12 11:30,5455.0,5484.0,-0.53,12554700,5554.0,5416.0,9074.0,3365.0
2026-08-12 12:45:59,2026-08-12 12:30,5460.0,5484.0,-0.44,13021200,5554.0,5416.0,9074.0,3365.0
2026-08-12 12:50:32,2026-08-12 12:35,5471.0,5484.0,-0.24,13378400,5554.0,5416.0,9074.0,3365.0
2026-08-12 12:55:37,2026-08-12 12:40,5466.0,5484.0,-0.33,13739200,5554.0,5416.0,9074.0,3365.0
2026-08-12 13:00:30,2026-08-12 12:45,5470.0,5484.0,-0.26,14082900,5554.0,5416.0,9074.0,3365.0
2026-08-12 13:05:33,2026-08-12 12:50,5472.0,5484.0,-0.22,14283200,5554.0,5416.0,9074.0,3365.0
2026-08-12 13:10:35,2026-08-12 12:55,5469.0,5484.0,-0.27,14431000,5554.0,5416.0,9074.0,3365.0
2026-08-12 13:15:37,2026-08-12 13:00,5487.0,5484.0,0.05,15508600,5554.0,5416.0,9074.0,3365.0
2026-08-12 13:20:29,2026-08-12 13:05,5483.0,5484.0,-0.02,15709300,5554.0,5416.0,9074.0,3365.0
2026-08-12 13:25:53,2026-08-12 13:10,5485.0,5484.0,0.02,15892400,5554.0,5416.0,9074.0,3365.0
2026-08-12 13:30:35,2026-08-12 13:15,5481.0,5484.0,-0.05,16046100,5554.0,5416.0,9074.0,3365.0
2026-08-12 13:35:32,2026-08-12 13:20,5482.0,5484.0,-0.04,16213700,5554.0,5416.0,9074.0,3365.0
2026-08-12 13:41:11,2026-08-12 13:26,5487.0,5484.0,0.05,16414700,5554.0,5416.0,9074.0,3365.0
2026-08-12 13:45:35,2026-08-12 13:30,5506.0,5484.0,0.4,16774100,5554.0,5416.0,9074.0,3365.0
2026-08-12 13:50:47,2026-08-12 13:35,5491.0,5484.0,0.13,17029800,5554.0,5416.0,9074.0,3365.0
2026-08-12 13:55:38,2026-08-12 13:40,5483.0,5484.0,-0.02,17186900,5554.0,5416.0,9074.0,3365.0
2026-08-12 14:00:32,2026-08-12 13:45,5484.0,5484.0,0.0,17303800,5554.0,5416.0,9074.0,3365.0
2026-08-12 14:05:39,2026-08-12 13:50,5512.0,5484.0,0.51,17654600,5554.0,5416.0,9074.0,3365.0
2026-08-12 14:10:36,2026-08-12 13:55,5518.0,5484.0,0.62,17814300,5554.0,5416.0,9074.0,3365.0
2026-08-12 14:15:34,2026-08-12 14:00,5527.0,5484.0,0.78,18199500,5554.0,5416.0,9074.0,3365.0
2026-08-12 14:20:36,2026-08-12 14:05,5516.0,5484.0,0.58,18467200,5554.0,5416.0,9074.0,3365.0
2026-08-12 14:25:38,2026-08-12 14:10,5519.0,5484.0,0.64,18623800,5554.0,5416.0,9074.0,3365.0
2026-08-12 14:30:40,2026-08-12 14:15,5514.0,5484.0,0.55,18786800,5554.0,5416.0,9074.0,3365.0
2026-08-12 14:35:44,2026-08-12 14:20,5524.0,5484.0,0.73,19036800,5554.0,5416.0,9074.0,3365.0
2026-08-12 14:40:35,2026-08-12 14:25,5532.0,5484.0,0.88,19283100,5554.0,5416.0,9074.0,3365.0
2026-08-12 14:45:45,2026-08-12 14:30,5536.0,5484.0,0.95,19575400,5554.0,5416.0,9074.0,3365.0
2026-08-12 14:50:37,2026-08-12 14:35,5531.0,5484.0,0.86,19747500,5554.0,5416.0,9074.0,3365.0
2026-08-12 14:55:32,2026-08-12 14:40,5524.0,5484.0,0.73,20047300,5554.0,5416.0,9074.0,3365.0
2026-08-12 15:00:37,2026-08-12 14:45,5536.0,5484.0,0.95,20310200,5554.0,5416.0,9074.0,3365.0
2026-08-12 15:05:42,2026-08-12 14:50,5537.0,5484.0,0.97,20494000,5554.0,5416.0,9074.0,3365.0
2026-08-12 15:10:35,2026-08-12 14:55,5536.0,5484.0,0.95,20742000,5554.0,5416.0,9074.0,3365.0
2026-08-12 15:15:51,2026-08-12 15:00,5543.0,5484.0,1.08,20985600,5554.0,5416.0,9074.0,3365.0
2026-08-12 15:20:35,2026-08-12 15:05,5545.0,5484.0,1.11,21231900,5554.0,5416.0,9074.0,3365.0
2026-08-12 15:25:29,2026-08-12 15:10,5542.0,5484.0,1.06,21462800,5554.0,5416.0,9074.0,3365.0
2026-08-12 15:30:31,2026-08-12 15:15,5536.0,5484.0,0.95,21782500,5554.0,5416.0,9074.0,3365.0
2026-08-12 15:40:38,2026-08-12 15:24,5512.0,5484.0,0.51,22716500,5554.0,5416.0,9074.0,3365.0
2026-08-13 09:05:39,2026-08-12 15:30,5520.0,5484.0,0.66,25407600,5554.0,5416.0,9074.0,3365.0
2026-08-13 09:10:31,2026-08-12 15:30,5520.0,5484.0,0.66,25407600,5554.0,5416.0,9074.0,3365.0
2026-08-13 09:15:44,2026-08-13 09:00,5520.0,5484.0,0.66,26325500,5620.0,5568.0,9074.0,3365.0
2026-08-13 09:20:29,2026-08-13 09:05,5646.0,5520.0,2.28,2301900,5653.0,5568.0,9074.0,3365.0
2026-08-13 09:25:41,2026-08-13 09:10,5648.0,5520.0,2.32,3455200,5676.0,5568.0,9074.0,3365.0
2026-08-13 09:30:31,2026-08-13 09:15,5637.0,5520.0,2.12,4240900,5676.0,5568.0,9074.0,3365.0
2026-08-13 09:35:32,2026-08-13 09:20,5655.0,5520.0,2.45,4855200,5676.0,5568.0,9074.0,3365.0
2026-08-13 09:40:36,2026-08-13 09:25,5667.0,5520.0,2.66,5545200,5682.0,5568.0,9074.0,3365.0
2026-08-13 09:45:47,2026-08-13 09:30,5621.0,5520.0,1.83,6571700,5682.0,5568.0,9074.0,3365.0
2026-08-13 09:50:38,2026-08-13 09:35,5610.0,5520.0,1.63,7204400,5682.0,5568.0,9074.0,3365.0
2026-08-13 09:55:47,2026-08-13 09:40,5638.0,5520.0,2.14,7759700,5682.0,5568.0,9074.0,3365.0
2026-08-13 10:00:30,2026-08-13 09:45,5627.0,5520.0,1.94,8093400,5682.0,5568.0,9074.0,3365.0
2026-08-13 10:05:40,2026-08-13 09:50,5633.0,5520.0,2.05,8382000,5682.0,5568.0,9074.0,3365.0
2026-08-13 10:10:44,2026-08-13 09:55,5638.0,5520.0,2.14,9045400,5682.0,5568.0,9074.0,3365.0
2026-08-13 10:15:29,2026-08-13 10:00,5643.0,5520.0,2.23,9330300,5682.0,5568.0,9074.0,3365.0
2026-08-13 10:20:45,2026-08-13 10:05,5630.0,5520.0,1.99,9743300,5682.0,5568.0,9074.0,3365.0
2026-08-13 10:25:32,2026-08-13 10:10,5643.0,5520.0,2.23,10129800,5682.0,5568.0,9074.0,3365.0
2026-08-13 10:30:30,2026-08-13 10:15,5630.0,5520.0,1.99,10419300,5682.0,5568.0,9074.0,3365.0
2026-08-13 10:35:35,2026-08-13 10:20,5625.0,5520.0,1.9,10657200,5682.0,5568.0,9074.0,3365.0
2026-08-13 10:40:31,2026-08-13 10:25,5620.0,5520.0,1.81,10950200,5682.0,5568.0,9074.0,3365.0
2026-08-13 10:45:31,2026-08-13 10:30,5604.0,5520.0,1.52,11361600,5682.0,5568.0,9074.0,3365.0
2026-08-13 10:50:30,2026-08-13 10:35,5607.0,5520.0,1.58,11648600,5682.0,5568.0,9074.0,3365.0
2026-08-13 10:55:40,2026-08-13 10:40,5600.0,5520.0,1.45,11909600,5682.0,5568.0,9074.0,3365.0
2026-08-13 11:00:33,2026-08-13 10:45,5582.0,5520.0,1.12,12234900,5682.0,5568.0,9074.0,3365.0
2026-08-13 11:05:34,2026-08-13 10:50,5585.0,5520.0,1.18,12590300,5682.0,5568.0,9074.0,3365.0
2026-08-13 11:10:33,2026-08-13 10:55,5609.0,5520.0,1.61,12930300,5682.0,5568.0,9074.0,3365.0
2026-08-13 11:15:45,2026-08-13 11:00,5600.0,5520.0,1.45,13324100,5682.0,5568.0,9074.0,3365.0
2026-08-13 11:20:33,2026-08-13 11:05,5595.0,5520.0,1.36,13564300,5682.0,5568.0,9074.0,3365.0
2026-08-13 11:25:31,2026-08-13 11:10,5604.0,5520.0,1.52,13704000,5682.0,5568.0,9074.0,3365.0
2026-08-13 11:30:34,2026-08-13 11:15,5613.0,5520.0,1.68,13923000,5682.0,5568.0,9074.0,3365.0
2026-08-13 12:30:36,2026-08-13 11:30,5630.0,5520.0,1.99,14615400,5682.0,5568.0,9074.0,3365.0
2026-08-13 12:35:35,2026-08-13 11:30,5630.0,5520.0,1.99,14615400,5682.0,5568.0,9074.0,3365.0
2026-08-13 12:40:35,2026-08-13 11:30,5630.0,5520.0,1.99,14615400,5682.0,5568.0,9074.0,3365.0
2026-08-13 12:45:46,2026-08-13 12:30,5656.0,5520.0,2.46,15050000,5682.0,5568.0,9074.0,3365.0
2026-08-13 12:50:30,2026-08-13 12:35,5631.0,5520.0,2.01,15454500,5682.0,5568.0,9074.0,3365.0
2026-08-13 12:55:37,2026-08-13 12:40,5674.0,5520.0,2.79,16014500,5682.0,5568.0,9074.0,3365.0
2026-08-13 13:00:39,2026-08-13 12:45,5651.0,5520.0,2.37,16416500,5682.0,5568.0,9074.0,3365.0
2026-08-13 13:05:34,2026-08-13 12:50,5659.0,5520.0,2.52,16726500,5682.0,5568.0,9074.0,3365.0
2026-08-13 13:10:44,2026-08-13 12:55,5657.0,5520.0,2.48,16991400,5682.0,5568.0,9074.0,3365.0
2026-08-13 13:15:37,2026-08-13 13:00,5637.0,5520.0,2.12,17332800,5682.0,5568.0,9074.0,3365.0
2026-08-13 13:20:37,2026-08-13 13:05,5645.0,5520.0,2.26,17550000,5682.0,5568.0,9074.0,3365.0
2026-08-13 13:26:01,2026-08-13 13:10,5653.0,5520.0,2.41,17770800,5682.0,5568.0,9074.0,3365.0
2026-08-13 13:30:34,2026-08-13 13:15,5655.0,5520.0,2.45,17948900,5682.0,5568.0,9074.0,3365.0
2026-08-13 13:35:32,2026-08-13 13:20,5652.0,5520.0,2.39,18071900,5682.0,5568.0,9074.0,3365.0
2026-08-13 13:40:39,2026-08-13 13:25,5653.0,5520.0,2.41,18309500,5682.0,5568.0,9074.0,3365.0
2026-08-13 13:45:37,2026-08-13 13:30,5646.0,5520.0,2.28,18461600,5682.0,5568.0,9074.0,3365.0
2026-08-13 13:51:03,2026-08-13 13:36,5647.0,5520.0,2.3,18637600,5682.0,5568.0,9074.0,3365.0
2026-08-13 13:55:34,2026-08-13 13:40,5642.0,5520.0,2.21,18757700,5682.0,5568.0,9074.0,3365.0
2026-08-13 14:00:36,2026-08-13 13:45,5631.0,5520.0,2.01,18983800,5682.0,5568.0,9074.0,3365.0
2026-08-13 14:05:47,2026-08-13 13:50,5622.0,5520.0,1.85,19412300,5682.0,5568.0,9074.0,3365.0
2026-08-13 14:10:34,2026-08-13 13:55,5610.0,5520.0,1.63,19638000,5682.0,5568.0,9074.0,3365.0
2026-08-13 14:15:42,2026-08-13 14:00,5584.0,5520.0,1.16,20090000,5682.0,5568.0,9074.0,3365.0
2026-08-13 14:20:42,2026-08-13 14:05,5595.0,5520.0,1.36,20361100,5682.0,5568.0,9074.0,3365.0
2026-08-13 14:25:33,2026-08-13 14:10,5597.0,5520.0,1.39,20649600,5682.0,5568.0,9074.0,3365.0
2026-08-13 14:30:36,2026-08-13 14:15,5599.0,5520.0,1.43,20892900,5682.0,5568.0,9074.0,3365.0
2026-08-13 14:35:33,2026-08-13 14:20,5598.0,5520.0,1.41,21101900,5682.0,5568.0,9074.0,3365.0
2026-08-13 14:40:40,2026-08-13 14:25,5602.0,5520.0,1.49,21270700,5682.0,5568.0,9074.0,3365.0
2026-08-13 14:45:39,2026-08-13 14:30,5617.0,5520.0,1.76,21508500,5682.0,5568.0,9074.0,3365.0
2026-08-13 14:50:36,2026-08-13 14:35,5617.0,5520.0,1.76,21808700,5682.0,5568.0,9074.0,3365.0
2026-08-13 14:55:57,2026-08-13 14:40,5598.0,5520.0,1.41,22056200,5682.0,5568.0,9074.0,3365.0
2026-08-13 15:01:00,2026-08-13 14:46,5596.0,5520.0,1.38,22262500,5682.0,5568.0,9074.0,3365.0
2026-08-13 15:05:34,2026-08-13 14:50,5599.0,5520.0,1.43,22379000,5682.0,5568.0,9074.0,3365.0
2026-08-13 15:10:33,2026-08-13 14:55,5590.0,5520.0,1.27,22602500,5682.0,5568.0,9074.0,3365.0
2026-08-13 15:15:58,2026-08-13 15:00,5594.0,5520.0,1.34,22835600,5682.0,5568.0,9074.0,3365.0
2026-08-13 15:20:35,2026-08-13 15:05,5594.0,5520.0,1.34,22973900,5682.0,5568.0,9074.0,3365.0
2026-08-13 15:25:50,2026-08-13 15:10,5589.0,5520.0,1.25,23174100,5682.0,5568.0,9074.0,3365.0
2026-08-13 15:30:34,2026-08-13 15:15,5591.0,5520.0,1.29,23302600,5682.0,5568.0,9074.0,3365.0
2026-08-13 15:40:33,2026-08-13 15:24,5607.0,5520.0,1.58,23812100,5682.0,5568.0,9074.0,3365.0
2026-08-14 09:05:33,2026-08-13 15:30,5575.0,5520.0,1.0,26746800,5682.0,5568.0,9074.0,3365.0
2026-08-14 09:11:26,2026-08-13 15:30,5575.0,5520.0,1.0,26746800,5682.0,5568.0,9074.0,3365.0
2026-08-14 09:15:40,2026-08-13 15:30,5575.0,5520.0,1.0,26746800,5682.0,5568.0,9074.0,3365.0
2026-08-14 09:20:29,2026-08-13 15:30,5575.0,5520.0,1.0,26746800,5682.0,5568.0,9074.0,3365.0
2026-08-14 09:25:30,2026-08-14 09:10,5874.0,5575.0,5.36,6757500,5887.0,5785.0,9074.0,3365.0
2026-08-14 09:30:49,2026-08-14 09:15,5892.0,5575.0,5.69,10077000,5970.0,5785.0,9074.0,3365.0
2026-08-14 09:35:30,2026-08-14 09:20,5916.0,5575.0,6.12,11726000,5970.0,5785.0,9074.0,3365.0
2026-08-14 09:40:36,2026-08-14 09:25,5899.0,5575.0,5.81,13160200,5970.0,5785.0,9074.0,3365.0
2026-08-14 09:45:38,2026-08-14 09:30,5915.0,5575.0,6.1,14294700,5970.0,5785.0,9074.0,3365.0
2026-08-14 09:50:33,2026-08-14 09:35,5930.0,5575.0,6.37,15356300,5970.0,5785.0,9074.0,3365.0
2026-08-14 09:55:29,2026-08-14 09:40,5929.0,5575.0,6.35,16006100,5970.0,5785.0,9074.0,3365.0
2026-08-14 10:00:30,2026-08-14 09:45,5889.0,5575.0,5.63,16747300,5970.0,5785.0,9074.0,3365.0
2026-08-14 10:05:45,2026-08-14 09:50,5885.0,5575.0,5.56,17576500,5970.0,5785.0,9074.0,3365.0
2026-08-14 10:10:47,2026-08-14 09:55,5880.0,5575.0,5.47,18224300,5970.0,5785.0,9074.0,3365.0
2026-08-14 10:15:47,2026-08-14 10:00,5869.0,5575.0,5.27,18690500,5970.0,5785.0,9074.0,3365.0
2026-08-14 10:20:31,2026-08-14 10:05,5804.0,5575.0,4.11,19701600,5970.0,5785.0,9074.0,3365.0
2026-08-14 10:25:34,2026-08-14 10:10,5808.0,5575.0,4.18,20448200,5970.0,5785.0,9074.0,3365.0
2026-08-14 10:30:33,2026-08-14 10:15,5769.0,5575.0,3.48,21291300,5970.0,5763.0,9074.0,3365.0
2026-08-14 10:35:38,2026-08-14 10:18,5766.0,5575.0,3.43,21738800,5970.0,5754.0,9074.0,3365.0
2026-08-14 10:40:34,2026-08-14 10:25,5784.0,5575.0,3.75,22674400,5970.0,5754.0,9074.0,3365.0
2026-08-14 10:45:40,2026-08-14 10:30,5773.0,5575.0,3.55,23265400,5970.0,5754.0,9074.0,3365.0
2026-08-14 10:50:38,2026-08-14 10:35,5784.0,5575.0,3.75,23785800,5970.0,5754.0,9074.0,3365.0
2026-08-14 10:55:41,2026-08-14 10:40,5802.0,5575.0,4.07,24253300,5970.0,5754.0,9074.0,3365.0
2026-08-14 11:00:34,2026-08-14 10:45,5822.0,5575.0,4.43,24660200,5970.0,5754.0,9074.0,3365.0
2026-08-14 11:05:42,2026-08-14 10:50,5801.0,5575.0,4.05,25169100,5970.0,5754.0,9074.0,3365.0
2026-08-14 11:10:29,2026-08-14 10:55,5786.0,5575.0,3.78,25478600,5970.0,5754.0,9074.0,3365.0
2026-08-14 11:15:32,2026-08-14 11:00,5787.0,5575.0,3.8,25916100,5970.0,5754.0,9074.0,3365.0
2026-08-14 11:20:31,2026-08-14 11:05,5792.0,5575.0,3.89,26245300,5970.0,5754.0,9074.0,3365.0
2026-08-14 11:25:36,2026-08-14 11:10,5797.0,5575.0,3.98,26537400,5970.0,5754.0,9074.0,3365.0
2026-08-14 11:30:42,2026-08-14 11:15,5802.0,5575.0,4.07,26780300,5970.0,5754.0,9074.0,3365.0
2026-08-14 12:30:33,2026-08-14 11:30,5814.0,5575.0,4.29,27470400,5970.0,5754.0,9074.0,3365.0
2026-08-14 12:35:34,2026-08-14 11:30,5814.0,5575.0,4.29,27470400,5970.0,5754.0,9074.0,3365.0
2026-08-14 12:40:34,2026-08-14 11:30,5814.0,5575.0,4.29,27470400,5970.0,5754.0,9074.0,3365.0
2026-08-14 12:45:38,2026-08-14 11:30,5814.0,5575.0,4.29,27470400,5970.0,5754.0,9074.0,3365.0
2026-08-14 12:50:30,2026-08-14 12:35,5810.0,5575.0,4.22,28140400,5970.0,5754.0,9074.0,3365.0
2026-08-14 12:55:34,2026-08-14 12:40,5806.0,5575.0,4.14,28395000,5970.0,5754.0,9074.0,3365.0
2026-08-14 13:00:37,2026-08-14 12:45,5807.0,5575.0,4.16,28636300,5970.0,5754.0,9074.0,3365.0
2026-08-14 13:05:36,2026-08-14 12:50,5799.0,5575.0,4.02,28898800,5970.0,5754.0,9074.0,3365.0
2026-08-14 13:10:31,2026-08-14 12:55,5786.0,5575.0,3.78,29133300,5970.0,5754.0,9074.0,3365.0
2026-08-14 13:15:36,2026-08-14 13:00,5779.0,5575.0,3.66,29394800,5970.0,5754.0,9074.0,3365.0
2026-08-14 13:20:34,2026-08-14 13:05,5789.0,5575.0,3.84,29703500,5970.0,5754.0,9074.0,3365.0
2026-08-14 13:25:34,2026-08-14 13:10,5794.0,5575.0,3.93,29928900,5970.0,5754.0,9074.0,3365.0
2026-08-14 13:30:32,2026-08-14 13:15,5792.0,5575.0,3.89,30156400,5970.0,5754.0,9074.0,3365.0
2026-08-14 13:35:36,2026-08-14 13:20,5795.0,5575.0,3.95,30346600,5970.0,5754.0,9074.0,3365.0
2026-08-14 13:40:39,2026-08-14 13:25,5795.0,5575.0,3.95,30516500,5970.0,5754.0,9074.0,3365.0
2026-08-14 13:45:39,2026-08-14 13:30,5786.0,5575.0,3.78,30824500,5970.0,5754.0,9074.0,3365.0
2026-08-14 13:50:38,2026-08-14 13:35,5774.0,5575.0,3.57,31116400,5970.0,5754.0,9074.0,3365.0
2026-08-14 13:55:38,2026-08-14 13:40,5773.0,5575.0,3.55,31368800,5970.0,5754.0,9074.0,3365.0
2026-08-14 14:00:37,2026-08-14 13:45,5771.0,5575.0,3.52,31585400,5970.0,5754.0,9074.0,3365.0
2026-08-14 14:05:42,2026-08-14 13:50,5759.0,5575.0,3.3,31868500,5970.0,5754.0,9074.0,3365.0
2026-08-14 14:10:33,2026-08-14 13:55,5751.0,5575.0,3.16,32153300,5970.0,5750.0,9074.0,3365.0
2026-08-14 14:15:48,2026-08-14 14:00,5751.0,5575.0,3.16,32683300,5970.0,5740.0,9074.0,3365.0
2026-08-14 14:20:38,2026-08-14 14:02,5745.0,5575.0,3.05,32825500,5970.0,5740.0,9074.0,3365.0
2026-08-14 14:25:52,2026-08-14 14:10,5737.0,5575.0,2.91,33263700,5970.0,5730.0,9074.0,3365.0
2026-08-14 14:30:34,2026-08-14 14:15,5757.0,5575.0,3.26,33688500,5970.0,5730.0,9074.0,3365.0
2026-08-14 14:35:32,2026-08-14 14:20,5752.0,5575.0,3.17,33987500,5970.0,5730.0,9074.0,3365.0
2026-08-14 14:40:39,2026-08-14 14:25,5750.0,5575.0,3.14,34173000,5970.0,5730.0,9074.0,3365.0
2026-08-14 14:45:53,2026-08-14 14:30,5755.0,5575.0,3.23,34410300,5970.0,5730.0,9074.0,3365.0
2026-08-14 14:50:38,2026-08-14 14:35,5761.0,5575.0,3.34,34605900,5970.0,5730.0,9074.0,3365.0
2026-08-14 14:55:44,2026-08-14 14:40,5764.0,5575.0,3.39,35051300,5970.0,5730.0,9074.0,3365.0
2026-08-14 15:00:38,2026-08-14 14:45,5770.0,5575.0,3.5,35455700,5970.0,5730.0,9074.0,3365.0
2026-08-14 15:05:44,2026-08-14 14:50,5776.0,5575.0,3.61,35745100,5970.0,5730.0,9074.0,3365.0
2026-08-14 15:10:38,2026-08-14 14:55,5788.0,5575.0,3.82,36052400,5970.0,5730.0,9074.0,3365.0
2026-08-14 15:15:35,2026-08-14 15:00,5786.0,5575.0,3.78,36297500,5970.0,5730.0,9074.0,3365.0
2026-08-14 15:20:49,2026-08-14 15:05,5746.0,5575.0,3.07,36733100,5970.0,5730.0,9074.0,3365.0
2026-08-14 15:25:30,2026-08-14 15:10,5751.0,5575.0,3.16,37030200,5970.0,5730.0,9074.0,3365.0
2026-08-14 15:30:37,2026-08-14 15:15,5764.0,5575.0,3.39,37426400,5970.0,5730.0,9074.0,3365.0
2026-08-14 15:40:29,2026-08-14 15:24,5750.0,5575.0,3.14,38462300,5970.0,5730.0,9074.0,3365.0
2026-08-17 09:05:34,2026-08-14 15:30,5739.0,5575.0,2.94,41591000,5970.0,5730.0,9074.0,3365.0
2026-08-17 09:10:33,2026-08-14 15:30,5739.0,5575.0,2.94,41591000,5970.0,5730.0,9074.0,3365.0
2026-08-17 09:15:30,2026-08-17 09:00,5721.0,5575.0,2.62,42494500,5750.0,5706.0,9074.0,3365.0
2026-08-17 09:20:34,2026-08-17 09:05,5657.0,5739.0,-1.43,2216900,5783.0,5653.0,9074.0,3365.0
2026-08-17 09:25:39,2026-08-17 09:10,5708.0,5739.0,-0.54,3158700,5783.0,5653.0,9074.0,3365.0
2026-08-17 09:30:53,2026-08-17 09:15,5747.0,5739.0,0.14,4139400,5783.0,5653.0,9074.0,3365.0
2026-08-17 09:35:39,2026-08-17 09:20,5741.0,5739.0,0.03,4923400,5783.0,5653.0,9074.0,3365.0
2026-08-17 09:40:38,2026-08-17 09:25,5759.0,5739.0,0.35,5477300,5783.0,5653.0,9074.0,3365.0
2026-08-17 09:45:34,2026-08-17 09:30,5734.0,5739.0,-0.09,5850400,5783.0,5653.0,9074.0,3365.0
2026-08-17 09:50:30,2026-08-17 09:35,5721.0,5739.0,-0.31,6211900,5783.0,5653.0,9074.0,3365.0
2026-08-17 09:55:29,2026-08-17 09:40,5706.0,5739.0,-0.58,6531500,5783.0,5653.0,9074.0,3365.0
2026-08-17 10:00:45,2026-08-17 09:45,5718.0,5739.0,-0.37,6809600,5783.0,5653.0,9074.0,3365.0
2026-08-17 10:05:41,2026-08-17 09:50,5704.0,5739.0,-0.61,7132700,5783.0,5653.0,9074.0,3365.0
2026-08-17 10:10:39,2026-08-17 09:55,5704.0,5739.0,-0.61,7373000,5783.0,5653.0,9074.0,3365.0
2026-08-17 10:15:30,2026-08-17 10:00,5688.0,5739.0,-0.89,7639100,5783.0,5653.0,9074.0,3365.0
2026-08-17 10:20:37,2026-08-17 10:05,5709.0,5739.0,-0.52,7960700,5783.0,5653.0,9074.0,3365.0
2026-08-17 10:25:34,2026-08-17 10:10,5708.0,5739.0,-0.54,8156500,5783.0,5653.0,9074.0,3365.0
2026-08-17 10:30:31,2026-08-17 10:15,5706.0,5739.0,-0.58,8303500,5783.0,5653.0,9074.0,3365.0
2026-08-17 10:35:31,2026-08-17 10:20,5713.0,5739.0,-0.45,8474200,5783.0,5653.0,9074.0,3365.0
2026-08-17 10:40:35,2026-08-17 10:25,5711.0,5739.0,-0.49,8660100,5783.0,5653.0,9074.0,3365.0
2026-08-17 10:45:34,2026-08-17 10:30,5723.0,5739.0,-0.28,8823500,5783.0,5653.0,9074.0,3365.0
2026-08-17 10:50:38,2026-08-17 10:35,5720.0,5739.0,-0.33,9085100,5783.0,5653.0,9074.0,3365.0
2026-08-17 10:55:42,2026-08-17 10:40,5733.0,5739.0,-0.1,9281200,5783.0,5653.0,9074.0,3365.0
2026-08-17 11:00:31,2026-08-17 10:45,5736.0,5739.0,-0.05,9518500,5783.0,5653.0,9074.0,3365.0
2026-08-17 11:05:42,2026-08-17 10:50,5743.0,5739.0,0.07,9822500,5783.0,5653.0,9074.0,3365.0
2026-08-17 11:10:33,2026-08-17 10:55,5766.0,5739.0,0.47,10258900,5783.0,5653.0,9074.0,3365.0
2026-08-17 11:15:36,2026-08-17 11:00,5791.0,5739.0,0.91,10674100,5792.0,5653.0,9074.0,3365.0
2026-08-17 11:20:37,2026-08-17 11:05,5802.0,5739.0,1.1,11377700,5813.0,5653.0,9074.0,3365.0
2026-08-17 11:25:41,2026-08-17 11:10,5791.0,5739.0,0.91,11721900,5813.0,5653.0,9074.0,3365.0
2026-08-17 11:30:35,2026-08-17 11:15,5801.0,5739.0,1.08,11971000,5813.0,5653.0,9074.0,3365.0
2026-08-17 12:30:33,2026-08-17 11:30,5814.0,5739.0,1.31,12740500,5821.0,5653.0,9074.0,3365.0
2026-08-17 12:35:33,2026-08-17 11:30,5814.0,5739.0,1.31,12740500,5821.0,5653.0,9074.0,3365.0
2026-08-17 12:40:36,2026-08-17 11:30,5814.0,5739.0,1.31,12740500,5821.0,5653.0,9074.0,3365.0
2026-08-17 12:45:32,2026-08-17 11:30,5814.0,5739.0,1.31,12740500,5821.0,5653.0,9074.0,3365.0
2026-08-17 12:50:42,2026-08-17 12:35,5839.0,5739.0,1.74,13717700,5841.0,5653.0,9074.0,3365.0
2026-08-17 12:55:31,2026-08-17 12:40,5843.0,5739.0,1.81,14088300,5848.0,5653.0,9074.0,3365.0
2026-08-17 13:00:43,2026-08-17 12:45,5860.0,5739.0,2.11,14614900,5862.0,5653.0,9074.0,3365.0
2026-08-17 13:05:39,2026-08-17 12:50,5879.0,5739.0,2.44,15247800,5881.0,5653.0,9074.0,3365.0
2026-08-17 13:10:34,2026-08-17 12:55,5870.0,5739.0,2.28,15653500,5881.0,5653.0,9074.0,3365.0
2026-08-17 13:15:41,2026-08-17 13:00,5877.0,5739.0,2.4,16037300,5883.0,5653.0,9074.0,3365.0
2026-08-17 13:20:41,2026-08-17 13:05,5893.0,5739.0,2.68,16522800,5894.0,5653.0,9074.0,3365.0
2026-08-17 13:25:41,2026-08-17 13:10,5908.0,5739.0,2.94,17321000,5915.0,5653.0,9074.0,3365.0
2026-08-17 13:30:33,2026-08-17 13:15,5879.0,5739.0,2.44,17853100,5915.0,5653.0,9074.0,3365.0
2026-08-17 13:35:33,2026-08-17 13:20,5892.0,5739.0,2.67,18301200,5915.0,5653.0,9074.0,3365.0
2026-08-17 13:40:35,2026-08-17 13:25,5886.0,5739.0,2.56,18473300,5915.0,5653.0,9074.0,3365.0
2026-08-17 13:45:33,2026-08-17 13:30,5875.0,5739.0,2.37,18810800,5915.0,5653.0,9074.0,3365.0
2026-08-17 13:50:36,2026-08-17 13:35,5876.0,5739.0,2.39,19091600,5915.0,5653.0,9074.0,3365.0
2026-08-17 13:55:29,2026-08-17 13:40,5878.0,5739.0,2.42,19316600,5915.0,5653.0,9074.0,3365.0
2026-08-17 14:00:45,2026-08-17 13:45,5865.0,5739.0,2.2,19563600,5915.0,5653.0,9074.0,3365.0
2026-08-17 14:05:41,2026-08-17 13:50,5865.0,5739.0,2.2,19799100,5915.0,5653.0,9074.0,3365.0
2026-08-17 14:10:35,2026-08-17 13:55,5857.0,5739.0,2.06,20099200,5915.0,5653.0,9074.0,3365.0
2026-08-17 14:15:37,2026-08-17 14:00,5864.0,5739.0,2.18,20509200,5915.0,5653.0,9074.0,3365.0
2026-08-17 14:20:38,2026-08-17 14:05,5871.0,5739.0,2.3,20775800,5915.0,5653.0,9074.0,3365.0
2026-08-17 14:25:44,2026-08-17 14:10,5867.0,5739.0,2.23,20972500,5915.0,5653.0,9074.0,3365.0
2026-08-17 14:30:35,2026-08-17 14:15,5876.0,5739.0,2.39,21125600,5915.0,5653.0,9074.0,3365.0
2026-08-17 14:35:30,2026-08-17 14:20,5869.0,5739.0,2.27,21293200,5915.0,5653.0,9074.0,3365.0
2026-08-17 14:40:32,2026-08-17 14:25,5852.0,5739.0,1.97,21562900,5915.0,5653.0,9074.0,3365.0
2026-08-17 14:45:32,2026-08-17 14:30,5841.0,5739.0,1.78,21866100,5915.0,5653.0,9074.0,3365.0
2026-08-17 14:50:31,2026-08-17 14:35,5853.0,5739.0,1.99,22114200,5915.0,5653.0,9074.0,3365.0
2026-08-17 14:55:32,2026-08-17 14:40,5852.0,5739.0,1.97,22344700,5915.0,5653.0,9074.0,3365.0
2026-08-17 15:00:33,2026-08-17 14:45,5852.0,5739.0,1.97,22517100,5915.0,5653.0,9074.0,3365.0
2026-08-17 15:05:32,2026-08-17 14:50,5868.0,5739.0,2.25,22873500,5915.0,5653.0,9074.0,3365.0
2026-08-17 15:10:32,2026-08-17 14:55,5885.0,5739.0,2.54,23218300,5915.0,5653.0,9074.0,3365.0
2026-08-17 15:15:33,2026-08-17 15:00,5892.0,5739.0,2.67,23444600,5915.0,5653.0,9074.0,3365.0
2026-08-17 15:20:32,2026-08-17 15:05,5884.0,5739.0,2.53,23815900,5915.0,5653.0,9074.0,3365.0
2026-08-17 15:25:40,2026-08-17 15:10,5877.0,5739.0,2.4,24076300,5915.0,5653.0,9074.0,3365.0
2026-08-17 15:30:33,2026-08-17 15:15,5873.0,5739.0,2.33,24261200,5915.0,5653.0,9074.0,3365.0
2026-08-17 15:40:39,2026-08-17 15:24,5886.0,5739.0,2.56,24801400,5915.0,5653.0,9074.0,3365.0
2026-08-18 09:05:36,2026-08-17 15:30,5886.0,5739.0,2.56,26818700,5915.0,5653.0,9074.0,3365.0
2026-08-18 09:11:29,2026-08-17 15:30,5886.0,5739.0,2.56,26818700,5915.0,5653.0,9074.0,3365.0
2026-08-18 09:15:34,2026-08-18 09:00,5886.0,5739.0,2.56,28053200,5878.0,5781.0,9074.0,3365.0
2026-08-18 09:20:35,2026-08-18 09:05,6042.0,5886.0,2.65,6298400,6125.0,5781.0,9074.0,3365.0
2026-08-18 09:25:43,2026-08-18 09:10,6112.0,5886.0,3.84,9249200,6125.0,5781.0,9074.0,3365.0
2026-08-18 09:46:03,2026-08-18 09:31,6176.0,5886.0,4.93,16149600,6230.0,5781.0,9074.0,3365.0
2026-08-18 09:52:18,2026-08-18 09:37,6134.0,5886.0,4.21,17391000,6230.0,5781.0,9074.0,3365.0
2026-08-18 09:55:32,2026-08-18 09:40,6109.0,5886.0,3.79,18006100,6230.0,5781.0,9074.0,3365.0
2026-08-18 10:00:35,2026-08-18 09:45,6155.0,5886.0,4.57,19044200,6230.0,5781.0,9074.0,3365.0
2026-08-18 10:05:35,2026-08-18 09:50,6155.0,5886.0,4.57,19765100,6230.0,5781.0,9074.0,3365.0
2026-08-18 10:10:52,2026-08-18 09:55,6174.0,5886.0,4.89,20425800,6230.0,5781.0,9074.0,3365.0
2026-08-18 10:15:36,2026-08-18 10:00,6169.0,5886.0,4.81,20824800,6230.0,5781.0,9074.0,3365.0
2026-08-18 10:31:41,2026-08-18 10:16,6172.0,5886.0,4.86,23605900,6230.0,5781.0,9074.0,3365.0
2026-08-18 10:33:35,2026-08-18 10:18,6173.0,5886.0,4.88,23783800,6230.0,5781.0,9074.0,3365.0
2026-08-18 10:40:59,2026-08-18 10:25,6157.0,5886.0,4.6,24527100,6230.0,5781.0,9074.0,3365.0
2026-08-18 10:41:38,2026-08-18 10:26,6171.0,5886.0,4.84,24597000,6230.0,5781.0,9074.0,3365.0
2026-08-18 10:45:39,2026-08-18 10:30,6166.0,5886.0,4.76,24885600,6230.0,5781.0,9074.0,3365.0
2026-08-18 11:21:14,2026-08-18 11:06,6087.0,5886.0,3.41,30284500,6230.0,5781.0,9074.0,3365.0
2026-08-18 11:25:36,2026-08-18 11:10,6067.0,5886.0,3.08,30643000,6230.0,5781.0,9074.0,3365.0
2026-08-18 12:41:59,2026-08-18 11:30,6038.0,5886.0,2.58,33072100,6230.0,5781.0,9074.0,3365.0
2026-08-18 12:47:11,2026-08-18 12:32,5911.0,5886.0,0.42,34320500,6230.0,5781.0,9074.0,3365.0
2026-08-18 12:50:42,2026-08-18 12:35,5911.0,5886.0,0.42,35366100,6230.0,5781.0,9074.0,3365.0
2026-08-18 12:55:51,2026-08-18 12:40,5947.0,5886.0,1.04,36521000,6230.0,5781.0,9074.0,3365.0
2026-08-18 13:02:55,2026-08-18 12:47,5969.0,5886.0,1.41,37628500,6230.0,5781.0,9074.0,3365.0
2026-08-18 13:05:40,2026-08-18 12:50,5991.0,5886.0,1.78,37989200,6230.0,5781.0,9074.0,3365.0
2026-08-18 13:10:58,2026-08-18 12:55,6000.0,5886.0,1.94,38982500,6230.0,5781.0,9074.0,3365.0
2026-08-18 13:16:25,2026-08-18 13:01,6007.0,5886.0,2.06,39566000,6230.0,5781.0,9074.0,3365.0
2026-08-18 13:22:08,2026-08-18 13:07,6013.0,5886.0,2.16,40176000,6230.0,5781.0,9074.0,3365.0
2026-08-18 13:25:54,2026-08-18 13:10,5992.0,5886.0,1.8,40511300,6230.0,5781.0,9074.0,3365.0
2026-08-18 13:30:41,2026-08-18 13:15,5991.0,5886.0,1.78,40773800,6230.0,5781.0,9074.0,3365.0
2026-08-18 13:35:31,2026-08-18 13:20,5980.0,5886.0,1.6,41137900,6230.0,5781.0,9074.0,3365.0
2026-08-18 13:40:36,2026-08-18 13:25,5970.0,5886.0,1.43,41494300,6230.0,5781.0,9074.0,3365.0
2026-08-18 13:45:35,2026-08-18 13:30,5990.0,5886.0,1.77,42011400,6230.0,5781.0,9074.0,3365.0
2026-08-18 13:50:34,2026-08-18 13:35,5988.0,5886.0,1.73,42347500,6230.0,5781.0,9074.0,3365.0
2026-08-18 13:55:36,2026-08-18 13:40,5978.0,5886.0,1.56,42533600,6230.0,5781.0,9074.0,3365.0
2026-08-18 14:00:39,2026-08-18 13:45,5977.0,5886.0,1.55,42854600,6230.0,5781.0,9074.0,3365.0
2026-08-18 14:05:36,2026-08-18 13:50,5961.0,5886.0,1.27,43109400,6230.0,5781.0,9074.0,3365.0
2026-08-18 14:10:41,2026-08-18 13:55,5976.0,5886.0,1.53,43487800,6230.0,5781.0,9074.0,3365.0
2026-08-18 14:15:35,2026-08-18 14:00,5977.0,5886.0,1.55,43699400,6230.0,5781.0,9074.0,3365.0
2026-08-18 14:20:34,2026-08-18 14:05,5961.0,5886.0,1.27,43950600,6230.0,5781.0,9074.0,3365.0
2026-08-18 14:26:05,2026-08-18 14:11,5948.0,5886.0,1.05,44320600,6230.0,5781.0,9074.0,3365.0
2026-08-18 14:30:39,2026-08-18 14:15,5959.0,5886.0,1.24,44593900,6230.0,5781.0,9074.0,3365.0
2026-08-18 14:35:29,2026-08-18 14:20,5953.0,5886.0,1.14,44809100,6230.0,5781.0,9074.0,3365.0
2026-08-18 14:42:13,2026-08-18 14:27,5947.0,5886.0,1.04,45170300,6230.0,5781.0,9074.0,3365.0
2026-08-18 14:45:38,2026-08-18 14:30,5907.0,5886.0,0.36,45537100,6230.0,5781.0,9074.0,3365.0
2026-08-18 14:51:06,2026-08-18 14:36,5894.0,5886.0,0.14,46154600,6230.0,5781.0,9074.0,3365.0
2026-08-18 14:55:37,2026-08-18 14:40,5854.0,5886.0,-0.54,46662500,6230.0,5781.0,9074.0,3365.0
2026-08-18 15:00:38,2026-08-18 14:45,5857.0,5886.0,-0.49,47063900,6230.0,5781.0,9074.0,3365.0
2026-08-18 15:08:14,2026-08-18 14:53,5852.0,5886.0,-0.58,47586200,6230.0,5781.0,9074.0,3365.0
2026-08-18 15:10:40,2026-08-18 14:55,5843.0,5886.0,-0.73,47760900,6230.0,5781.0,9074.0,3365.0
2026-08-18 15:15:39,2026-08-18 15:00,5837.0,5886.0,-0.83,48175100,6230.0,5781.0,9074.0,3365.0
2026-08-18 15:20:32,2026-08-18 15:05,5807.0,5886.0,-1.34,48741400,6230.0,5781.0,9074.0,3365.0
2026-08-18 15:25:53,2026-08-18 15:10,5817.0,5886.0,-1.17,49432700,6230.0,5781.0,9074.0,3365.0
2026-08-18 15:30:35,2026-08-18 15:15,5825.0,5886.0,-1.04,49920400,6230.0,5781.0,9074.0,3365.0
2026-08-18 15:40:36,2026-08-18 15:25,5817.0,5886.0,-1.17,50854900,6230.0,5781.0,9074.0,3365.0
2026-08-19 09:05:35,2026-08-18 15:30,5830.0,5886.0,-0.95,53888100,6230.0,5781.0,9074.0,3365.0
2026-08-19 09:10:41,2026-08-18 15:30,5830.0,5886.0,-0.95,53888100,6230.0,5781.0,9074.0,3365.0
2026-08-19 09:15:34,2026-08-18 15:30,5830.0,5886.0,-0.95,53888100,6230.0,5781.0,9074.0,3365.0
2026-08-19 09:20:30,2026-08-18 15:30,5830.0,5886.0,-0.95,53888100,6230.0,5781.0,9074.0,3365.0
2026-08-19 09:26:02,2026-08-19 09:11,5512.0,5830.0,-5.45,3900500,5573.0,5473.0,9074.0,3365.0
2026-08-19 09:30:38,2026-08-19 09:15,5474.0,5830.0,-6.11,5442900,5573.0,5463.0,9074.0,3365.0
2026-08-19 09:35:37,2026-08-19 09:20,5475.0,5830.0,-6.09,6543200,5573.0,5460.0,9074.0,3365.0
2026-08-19 09:40:29,2026-08-19 09:25,5472.0,5830.0,-6.14,7558700,5573.0,5460.0,9074.0,3365.0
2026-08-19 09:45:34,2026-08-19 09:30,5441.0,5830.0,-6.67,9139100,5573.0,5421.0,9074.0,3365.0
2026-08-19 09:50:43,2026-08-19 09:35,5491.0,5830.0,-5.81,10240800,5573.0,5421.0,9074.0,3365.0
2026-08-19 09:56:25,2026-08-19 09:41,5482.0,5830.0,-5.97,11317000,5573.0,5421.0,9074.0,3365.0
2026-08-19 10:00:43,2026-08-19 09:45,5472.0,5830.0,-6.14,11882000,5573.0,5421.0,9074.0,3365.0
2026-08-19 10:05:43,2026-08-19 09:50,5427.0,5830.0,-6.91,12781400,5573.0,5421.0,9074.0,3365.0
2026-08-19 10:11:02,2026-08-19 09:56,5430.0,5830.0,-6.86,13538800,5573.0,5421.0,9074.0,3365.0
2026-08-19 10:15:30,2026-08-19 10:00,5394.0,5830.0,-7.48,14775900,5573.0,5392.0,9074.0,3365.0
2026-08-19 10:20:33,2026-08-19 10:05,5419.0,5830.0,-7.05,15737300,5573.0,5383.0,9074.0,3365.0
2026-08-19 10:25:35,2026-08-19 10:10,5497.0,5830.0,-5.71,16745500,5573.0,5383.0,9074.0,3365.0
2026-08-19 10:30:43,2026-08-19 10:15,5457.0,5830.0,-6.4,17426800,5573.0,5383.0,9074.0,3365.0
2026-08-19 10:35:37,2026-08-19 10:20,5449.0,5830.0,-6.54,17992400,5573.0,5383.0,9074.0,3365.0
2026-08-19 10:40:42,2026-08-19 10:25,5430.0,5830.0,-6.86,18349700,5573.0,5383.0,9074.0,3365.0
2026-08-19 10:45:35,2026-08-19 10:30,5436.0,5830.0,-6.76,18742300,5573.0,5383.0,9074.0,3365.0
2026-08-19 10:50:39,2026-08-19 10:35,5411.0,5830.0,-7.19,19313800,5573.0,5383.0,9074.0,3365.0
2026-08-19 11:11:50,2026-08-19 10:56,5392.0,5830.0,-7.51,21273000,5573.0,5383.0,9074.0,3365.0
2026-08-19 11:16:01,2026-08-19 11:01,5387.0,5830.0,-7.6,21588400,5573.0,5383.0,9074.0,3365.0
2026-08-19 11:22:14,2026-08-19 11:07,5369.0,5830.0,-7.91,22560300,5573.0,5369.0,9074.0,3365.0
2026-08-19 12:45:52,2026-08-19 12:30,5351.0,5830.0,-8.22,25346200,5573.0,5340.0,9074.0,3365.0
2026-08-19 12:51:29,2026-08-19 12:36,5344.0,5830.0,-8.34,26343500,5573.0,5331.0,9074.0,3365.0
2026-08-19 12:55:29,2026-08-19 12:40,5331.0,5830.0,-8.56,26978800,5573.0,5326.0,9074.0,3365.0
2026-08-19 13:06:27,2026-08-19 12:51,5316.0,5830.0,-8.82,28376200,5573.0,5306.0,9074.0,3365.0
2026-08-19 13:07:04,2026-08-19 12:52,5306.0,5830.0,-8.99,28486700,5573.0,5305.0,9074.0,3365.0
2026-08-19 13:10:43,2026-08-19 12:55,5316.0,5830.0,-8.82,28803100,5573.0,5302.0,9074.0,3365.0
2026-08-19 13:15:34,2026-08-19 13:00,5316.0,5830.0,-8.82,29140400,5573.0,5302.0,9074.0,3365.0
2026-08-19 13:20:32,2026-08-19 13:05,5300.0,5830.0,-9.09,29876300,5573.0,5299.0,9074.0,3365.0
2026-08-19 13:25:33,2026-08-19 13:10,5288.0,5830.0,-9.3,30690900,5573.0,5285.0,9074.0,3365.0
2026-08-19 13:33:28,2026-08-19 13:18,5260.0,5830.0,-9.78,32826400,5573.0,5245.0,9074.0,3365.0
2026-08-19 13:38:56,2026-08-19 13:23,5255.0,5830.0,-9.86,33274100,5573.0,5245.0,9074.0,3365.0
2026-08-19 13:43:32,2026-08-19 13:28,5263.0,5830.0,-9.73,33759800,5573.0,5245.0,9074.0,3365.0
2026-08-19 13:57:05,2026-08-19 13:42,5217.0,5830.0,-10.51,35003100,5573.0,5217.0,9074.0,3365.0
2026-08-19 14:03:36,2026-08-19 13:48,5217.0,5830.0,-10.51,35533300,5573.0,5213.0,9074.0,3365.0
2026-08-19 14:20:55,2026-08-19 14:05,5260.0,5830.0,-9.78,38339900,5573.0,5200.0,9074.0,3365.0
2026-08-19 14:24:08,2026-08-19 14:08,5232.0,5830.0,-10.26,38738500,5573.0,5200.0,9074.0,3365.0
2026-08-19 14:27:54,2026-08-19 14:12,5228.0,5830.0,-10.33,39139200,5573.0,5200.0,9074.0,3365.0
2026-08-19 14:33:10,2026-08-19 14:18,5214.0,5830.0,-10.57,39602500,5573.0,5200.0,9074.0,3365.0
2026-08-19 14:35:35,2026-08-19 14:20,5218.0,5830.0,-10.5,39796800,5573.0,5200.0,9074.0,3365.0
2026-08-19 14:49:47,2026-08-19 14:34,5241.0,5830.0,-10.1,41134000,5573.0,5200.0,9074.0,3365.0
2026-08-19 14:50:30,2026-08-19 14:35,5235.0,5830.0,-10.21,41219900,5573.0,5200.0,9074.0,3365.0
2026-08-19 14:51:12,2026-08-19 14:36,5228.0,5830.0,-10.33,41280700,5573.0,5200.0,9074.0,3365.0
2026-08-19 14:55:40,2026-08-19 14:40,5235.0,5830.0,-10.21,41662800,5573.0,5200.0,9074.0,3365.0
2026-08-19 15:00:30,2026-08-19 14:45,5244.0,5830.0,-10.05,41932500,5573.0,5200.0,9074.0,3365.0
2026-08-19 15:05:42,2026-08-19 14:50,5237.0,5830.0,-10.17,42292000,5573.0,5200.0,9074.0,3365.0
2026-08-19 15:10:43,2026-08-19 14:55,5236.0,5830.0,-10.19,42613600,5573.0,5200.0,9074.0,3365.0
2026-08-19 15:16:12,2026-08-19 15:01,5244.0,5830.0,-10.05,43068500,5573.0,5200.0,9074.0,3365.0
2026-08-19 15:20:53,2026-08-19 15:05,5233.0,5830.0,-10.24,43443200,5573.0,5200.0,9074.0,3365.0
2026-08-19 15:41:38,2026-08-19 15:25,5227.0,5830.0,-10.34,46002200,5573.0,5200.0,9074.0,3365.0
2026-08-20 09:06:39,2026-08-19 15:30,5227.0,5830.0,-10.34,50018700,5573.0,5200.0,9074.0,3365.0
2026-08-20 09:10:47,2026-08-19 15:30,5227.0,5830.0,-10.34,50018700,5573.0,5200.0,9074.0,3365.0
2026-08-20 09:15:38,2026-08-20 09:00,5227.0,5830.0,-10.34,51062200,5298.0,5250.0,9074.0,3365.0
2026-08-20 09:21:41,2026-08-20 09:06,5289.0,5227.0,1.19,2254600,5313.0,5250.0,9074.0,3365.0
2026-08-20 09:25:33,2026-08-20 09:10,5244.0,5227.0,0.33,3070500,5315.0,5238.0,9074.0,3365.0
2026-08-20 09:30:36,2026-08-20 09:15,5323.0,5227.0,1.84,4154300,5325.0,5231.0,9074.0,3365.0
2026-08-20 09:35:44,2026-08-20 09:20,5386.0,5227.0,3.04,5694400,5393.0,5231.0,9074.0,3365.0
2026-08-20 09:40:31,2026-08-20 09:25,5384.0,5227.0,3.0,6757300,5420.0,5231.0,9074.0,3365.0
2026-08-20 09:45:39,2026-08-20 09:30,5381.0,5227.0,2.95,7518900,5420.0,5231.0,9074.0,3365.0
2026-08-20 09:50:34,2026-08-20 09:35,5390.0,5227.0,3.12,8242300,5420.0,5231.0,9074.0,3365.0
2026-08-20 09:56:41,2026-08-20 09:41,5386.0,5227.0,3.04,9402000,5425.0,5231.0,9074.0,3365.0
2026-08-20 10:00:39,2026-08-20 09:45,5417.0,5227.0,3.63,10102700,5425.0,5231.0,9074.0,3365.0
2026-08-20 10:05:41,2026-08-20 09:50,5434.0,5227.0,3.96,10918100,5434.0,5231.0,9074.0,3365.0
2026-08-20 10:10:36,2026-08-20 09:55,5458.0,5227.0,4.42,12016900,5470.0,5231.0,9074.0,3365.0
2026-08-20 10:15:34,2026-08-20 10:00,5487.0,5227.0,4.97,12876300,5487.0,5231.0,9074.0,3365.0
2026-08-20 10:20:43,2026-08-20 10:05,5515.0,5227.0,5.51,14144200,5518.0,5231.0,9074.0,3365.0
2026-08-20 10:25:37,2026-08-20 10:10,5501.0,5227.0,5.24,15434200,5520.0,5231.0,9074.0,3365.0
2026-08-20 10:30:37,2026-08-20 10:15,5500.0,5227.0,5.22,16448600,5520.0,5231.0,9074.0,3365.0
2026-08-20 10:35:49,2026-08-20 10:20,5472.0,5227.0,4.69,17249300,5520.0,5231.0,9074.0,3365.0
2026-08-20 10:40:33,2026-08-20 10:25,5420.0,5227.0,3.69,18202200,5520.0,5231.0,9074.0,3365.0
2026-08-20 10:45:37,2026-08-20 10:30,5436.0,5227.0,4.0,19083100,5520.0,5231.0,9074.0,3365.0
2026-08-20 10:50:30,2026-08-20 10:35,5421.0,5227.0,3.71,19706200,5520.0,5231.0,9074.0,3365.0
2026-08-20 10:55:31,2026-08-20 10:40,5459.0,5227.0,4.44,20312500,5520.0,5231.0,9074.0,3365.0
2026-08-20 11:00:38,2026-08-20 10:45,5449.0,5227.0,4.25,20795100,5520.0,5231.0,9074.0,3365.0
2026-08-20 11:05:35,2026-08-20 10:50,5427.0,5227.0,3.83,21154200,5520.0,5231.0,9074.0,3365.0
2026-08-20 11:10:44,2026-08-20 10:55,5426.0,5227.0,3.81,21403500,5520.0,5231.0,9074.0,3365.0
2026-08-20 11:15:39,2026-08-20 11:00,5426.0,5227.0,3.81,21603200,5520.0,5231.0,9074.0,3365.0
2026-08-20 11:20:43,2026-08-20 11:05,5438.0,5227.0,4.04,21955400,5520.0,5231.0,9074.0,3365.0
2026-08-20 11:25:42,2026-08-20 11:10,5433.0,5227.0,3.94,22198700,5520.0,5231.0,9074.0,3365.0
2026-08-20 11:30:40,2026-08-20 11:15,5449.0,5227.0,4.25,22422600,5520.0,5231.0,9074.0,3365.0
2026-08-20 12:30:31,2026-08-20 11:30,5425.0,5227.0,3.79,23140600,5520.0,5231.0,9074.0,3365.0
2026-08-20 12:35:29,2026-08-20 11:30,5425.0,5227.0,3.79,23140600,5520.0,5231.0,9074.0,3365.0
2026-08-20 12:40:37,2026-08-20 11:30,5425.0,5227.0,3.79,23140600,5520.0,5231.0,9074.0,3365.0
2026-08-20 12:46:44,2026-08-20 12:31,5381.0,5227.0,2.95,23426900,5520.0,5231.0,9074.0,3365.0
2026-08-20 12:50:31,2026-08-20 12:35,5373.0,5227.0,2.79,23886600,5520.0,5231.0,9074.0,3365.0
2026-08-20 12:55:34,2026-08-20 12:39,5373.0,5227.0,2.79,24182900,5520.0,5231.0,9074.0,3365.0
2026-08-20 13:00:29,2026-08-20 12:45,5378.0,5227.0,2.89,24637200,5520.0,5231.0,9074.0,3365.0
2026-08-20 13:05:40,2026-08-20 12:50,5384.0,5227.0,3.0,24898300,5520.0,5231.0,9074.0,3365.0
2026-08-20 13:20:13,2026-08-20 13:05,5398.0,5227.0,3.27,25818100,5520.0,5231.0,9074.0,3365.0
2026-08-20 13:20:49,2026-08-20 13:05,5406.0,5227.0,3.42,25907800,5520.0,5231.0,9074.0,3365.0
2026-08-20 13:25:31,2026-08-20 13:10,5420.0,5227.0,3.69,26177100,5520.0,5231.0,9074.0,3365.0
2026-08-20 13:30:31,2026-08-20 13:15,5405.0,5227.0,3.41,26404900,5520.0,5231.0,9074.0,3365.0
2026-08-20 13:35:32,2026-08-20 13:20,5425.0,5227.0,3.79,26752200,5520.0,5231.0,9074.0,3365.0
2026-08-20 13:40:40,2026-08-20 13:25,5428.0,5227.0,3.85,27022700,5520.0,5231.0,9074.0,3365.0
2026-08-20 13:45:42,2026-08-20 13:30,5431.0,5227.0,3.9,27293500,5520.0,5231.0,9074.0,3365.0
2026-08-20 13:50:36,2026-08-20 13:35,5426.0,5227.0,3.81,27470900,5520.0,5231.0,9074.0,3365.0
2026-08-20 13:55:33,2026-08-20 13:40,5431.0,5227.0,3.9,27661000,5520.0,5231.0,9074.0,3365.0
2026-08-20 14:00:39,2026-08-20 13:45,5443.0,5227.0,4.13,27899900,5520.0,5231.0,9074.0,3365.0
2026-08-20 14:05:39,2026-08-20 13:50,5437.0,5227.0,4.02,28072900,5520.0,5231.0,9074.0,3365.0
2026-08-20 14:10:44,2026-08-20 13:55,5432.0,5227.0,3.92,28257800,5520.0,5231.0,9074.0,3365.0
2026-08-20 14:15:36,2026-08-20 14:00,5427.0,5227.0,3.83,28544300,5520.0,5231.0,9074.0,3365.0
2026-08-20 14:20:42,2026-08-20 14:05,5418.0,5227.0,3.65,28717000,5520.0,5231.0,9074.0,3365.0
2026-08-20 14:25:31,2026-08-20 14:10,5411.0,5227.0,3.52,28994000,5520.0,5231.0,9074.0,3365.0
2026-08-20 14:30:46,2026-08-20 14:15,5398.0,5227.0,3.27,29255900,5520.0,5231.0,9074.0,3365.0
2026-08-20 14:35:49,2026-08-20 14:19,5408.0,5227.0,3.46,29426500,5520.0,5231.0,9074.0,3365.0
2026-08-20 14:40:35,2026-08-20 14:25,5422.0,5227.0,3.73,29652600,5520.0,5231.0,9074.0,3365.0
2026-08-20 14:45:29,2026-08-20 14:30,5422.0,5227.0,3.73,29873000,5520.0,5231.0,9074.0,3365.0
2026-08-20 14:50:29,2026-08-20 14:35,5421.0,5227.0,3.71,30020100,5520.0,5231.0,9074.0,3365.0
2026-08-20 14:55:40,2026-08-20 14:40,5423.0,5227.0,3.75,30166600,5520.0,5231.0,9074.0,3365.0
2026-08-20 15:00:29,2026-08-20 14:45,5423.0,5227.0,3.75,30375100,5520.0,5231.0,9074.0,3365.0
2026-08-20 15:05:39,2026-08-20 14:50,5405.0,5227.0,3.41,30595600,5520.0,5231.0,9074.0,3365.0
2026-08-20 15:10:46,2026-08-20 14:55,5416.0,5227.0,3.62,30892000,5520.0,5231.0,9074.0,3365.0
2026-08-20 15:15:38,2026-08-20 15:00,5420.0,5227.0,3.69,31090800,5520.0,5231.0,9074.0,3365.0
2026-08-20 15:20:44,2026-08-20 15:05,5407.0,5227.0,3.44,31280500,5520.0,5231.0,9074.0,3365.0
2026-08-20 15:25:32,2026-08-20 15:10,5421.0,5227.0,3.71,31521400,5520.0,5231.0,9074.0,3365.0
2026-08-20 15:30:33,2026-08-20 15:15,5409.0,5227.0,3.48,31768900,5520.0,5231.0,9074.0,3365.0
2026-08-20 15:40:31,2026-08-20 15:25,5386.0,5227.0,3.04,32516300,5520.0,5231.0,9074.0,3365.0
2026-08-21 09:05:33,2026-08-20 15:30,5387.0,5227.0,3.06,35237900,5520.0,5231.0,9074.0,3365.0
2026-08-21 09:10:46,2026-08-20 15:30,5387.0,5227.0,3.06,35237900,5520.0,5231.0,9074.0,3365.0
2026-08-21 09:15:28,2026-08-20 15:30,5387.0,5227.0,3.06,35237900,5520.0,5231.0,9074.0,3365.0
2026-08-21 09:20:32,2026-08-21 09:05,5306.0,5387.0,-1.5,2247800,5308.0,5223.0,9074.0,3365.0
2026-08-21 09:25:28,2026-08-21 09:10,5335.0,5387.0,-0.97,3355700,5357.0,5223.0,9074.0,3365.0
2026-08-21 09:30:31,2026-08-21 09:15,5343.0,5387.0,-0.82,4068400,5357.0,5223.0,9074.0,3365.0
2026-08-21 09:35:43,2026-08-21 09:20,5306.0,5387.0,-1.5,4979400,5357.0,5223.0,9074.0,3365.0
2026-08-21 09:40:38,2026-08-21 09:25,5302.0,5387.0,-1.58,5561900,5357.0,5223.0,9074.0,3365.0
2026-08-21 09:45:37,2026-08-21 09:30,5278.0,5387.0,-2.02,6220800,5357.0,5223.0,9074.0,3365.0
2026-08-21 09:50:33,2026-08-21 09:35,5272.0,5387.0,-2.13,6886400,5357.0,5223.0,9074.0,3365.0
2026-08-21 09:55:32,2026-08-21 09:40,5281.0,5387.0,-1.97,7371000,5357.0,5223.0,9074.0,3365.0
2026-08-21 10:00:35,2026-08-21 09:45,5280.0,5387.0,-1.99,7768200,5357.0,5223.0,9074.0,3365.0
2026-08-21 10:05:36,2026-08-21 09:50,5290.0,5387.0,-1.8,8141800,5357.0,5223.0,9074.0,3365.0
2026-08-21 10:10:32,2026-08-21 09:55,5279.0,5387.0,-2.0,8625300,5357.0,5223.0,9074.0,3365.0
2026-08-21 10:15:36,2026-08-21 10:00,5245.0,5387.0,-2.64,9329300,5357.0,5223.0,9074.0,3365.0
2026-08-21 10:20:34,2026-08-21 10:05,5235.0,5387.0,-2.82,9742800,5357.0,5223.0,9074.0,3365.0
2026-08-21 10:25:44,2026-08-21 10:10,5252.0,5387.0,-2.51,10441900,5357.0,5223.0,9074.0,3365.0
2026-08-21 10:30:38,2026-08-21 10:15,5252.0,5387.0,-2.51,10999800,5357.0,5223.0,9074.0,3365.0
2026-08-21 10:35:39,2026-08-21 10:20,5260.0,5387.0,-2.36,11402700,5357.0,5223.0,9074.0,3365.0
2026-08-21 10:40:42,2026-08-21 10:25,5263.0,5387.0,-2.3,11840000,5357.0,5223.0,9074.0,3365.0
2026-08-21 10:45:37,2026-08-21 10:30,5271.0,5387.0,-2.15,12218700,5357.0,5223.0,9074.0,3365.0
2026-08-21 10:50:34,2026-08-21 10:35,5277.0,5387.0,-2.04,12625600,5357.0,5223.0,9074.0,3365.0
2026-08-21 10:55:39,2026-08-21 10:40,5284.0,5387.0,-1.91,12928400,5357.0,5223.0,9074.0,3365.0
2026-08-21 11:00:30,2026-08-21 10:45,5299.0,5387.0,-1.63,13238600,5357.0,5223.0,9074.0,3365.0
2026-08-21 11:05:34,2026-08-21 10:50,5287.0,5387.0,-1.86,13579600,5357.0,5223.0,9074.0,3365.0
2026-08-21 11:10:31,2026-08-21 10:55,5272.0,5387.0,-2.13,13850800,5357.0,5223.0,9074.0,3365.0
2026-08-21 11:15:29,2026-08-21 11:00,5272.0,5387.0,-2.13,14120700,5357.0,5223.0,9074.0,3365.0
2026-08-21 11:20:30,2026-08-21 11:05,5277.0,5387.0,-2.04,14311300,5357.0,5223.0,9074.0,3365.0
2026-08-21 11:25:35,2026-08-21 11:10,5284.0,5387.0,-1.91,14548600,5357.0,5223.0,9074.0,3365.0
2026-08-21 11:30:47,2026-08-21 11:15,5295.0,5387.0,-1.71,14717300,5357.0,5223.0,9074.0,3365.0
2026-08-21 12:30:41,2026-08-21 11:30,5317.0,5387.0,-1.3,15815800,5357.0,5223.0,9074.0,3365.0
2026-08-21 12:35:32,2026-08-21 11:30,5317.0,5387.0,-1.3,15815800,5357.0,5223.0,9074.0,3365.0
2026-08-21 12:40:29,2026-08-21 11:30,5317.0,5387.0,-1.3,15815800,5357.0,5223.0,9074.0,3365.0
2026-08-21 12:45:35,2026-08-21 12:30,5315.0,5387.0,-1.34,16312800,5357.0,5223.0,9074.0,3365.0
2026-08-21 12:50:32,2026-08-21 12:35,5307.0,5387.0,-1.49,16698000,5357.0,5223.0,9074.0,3365.0
2026-08-21 12:55:30,2026-08-21 12:40,5303.0,5387.0,-1.56,17021600,5357.0,5223.0,9074.0,3365.0
2026-08-21 13:00:35,2026-08-21 12:45,5289.0,5387.0,-1.82,17404600,5357.0,5223.0,9074.0,3365.0
2026-08-21 13:05:36,2026-08-21 12:50,5292.0,5387.0,-1.76,17628200,5357.0,5223.0,9074.0,3365.0
2026-08-21 13:10:33,2026-08-21 12:55,5284.0,5387.0,-1.91,18067200,5357.0,5223.0,9074.0,3365.0
2026-08-21 13:15:32,2026-08-21 13:00,5297.0,5387.0,-1.67,18442200,5357.0,5223.0,9074.0,3365.0
2026-08-21 13:20:31,2026-08-21 13:05,5294.0,5387.0,-1.73,18633000,5357.0,5223.0,9074.0,3365.0
2026-08-21 13:25:33,2026-08-21 13:10,5313.0,5387.0,-1.37,18830300,5357.0,5223.0,9074.0,3365.0
2026-08-21 13:30:46,2026-08-21 13:15,5315.0,5387.0,-1.34,19031700,5357.0,5223.0,9074.0,3365.0
2026-08-21 13:35:41,2026-08-21 13:20,5303.0,5387.0,-1.56,19187300,5357.0,5223.0,9074.0,3365.0
2026-08-21 13:40:37,2026-08-21 13:25,5290.0,5387.0,-1.8,19417600,5357.0,5223.0,9074.0,3365.0
2026-08-21 13:45:35,2026-08-21 13:30,5283.0,5387.0,-1.93,19664200,5357.0,5223.0,9074.0,3365.0
2026-08-21 13:50:34,2026-08-21 13:35,5288.0,5387.0,-1.84,19857100,5357.0,5223.0,9074.0,3365.0
2026-08-21 13:55:34,2026-08-21 13:40,5293.0,5387.0,-1.74,20054900,5357.0,5223.0,9074.0,3365.0
2026-08-21 14:00:30,2026-08-21 13:45,5294.0,5387.0,-1.73,20231200,5357.0,5223.0,9074.0,3365.0
2026-08-21 14:05:37,2026-08-21 13:50,5308.0,5387.0,-1.47,20493500,5357.0,5223.0,9074.0,3365.0
2026-08-21 14:10:32,2026-08-21 13:55,5298.0,5387.0,-1.65,20673700,5357.0,5223.0,9074.0,3365.0
2026-08-21 14:15:33,2026-08-21 14:00,5296.0,5387.0,-1.69,20839700,5357.0,5223.0,9074.0,3365.0
2026-08-21 14:20:30,2026-08-21 14:03,5298.0,5387.0,-1.65,20949500,5357.0,5223.0,9074.0,3365.0
2026-08-21 14:25:47,2026-08-21 14:10,5293.0,5387.0,-1.74,21173600,5357.0,5223.0,9074.0,3365.0
2026-08-21 14:30:34,2026-08-21 14:15,5299.0,5387.0,-1.63,21339800,5357.0,5223.0,9074.0,3365.0
2026-08-21 14:35:43,2026-08-21 14:20,5299.0,5387.0,-1.63,21495300,5357.0,5223.0,9074.0,3365.0
2026-08-21 14:40:30,2026-08-21 14:25,5291.0,5387.0,-1.78,21693400,5357.0,5223.0,9074.0,3365.0
2026-08-21 14:45:35,2026-08-21 14:30,5286.0,5387.0,-1.87,21952200,5357.0,5223.0,9074.0,3365.0
2026-08-21 14:50:36,2026-08-21 14:35,5277.0,5387.0,-2.04,22247000,5357.0,5223.0,9074.0,3365.0
2026-08-21 14:55:31,2026-08-21 14:40,5280.0,5387.0,-1.99,22524400,5357.0,5223.0,9074.0,3365.0
2026-08-21 15:00:31,2026-08-21 14:45,5271.0,5387.0,-2.15,23017100,5357.0,5223.0,9074.0,3365.0
2026-08-21 15:05:31,2026-08-21 14:50,5261.0,5387.0,-2.34,23389500,5357.0,5223.0,9074.0,3365.0
2026-08-21 15:10:34,2026-08-21 14:55,5267.0,5387.0,-2.23,23642400,5357.0,5223.0,9074.0,3365.0
2026-08-21 15:15:32,2026-08-21 15:00,5261.0,5387.0,-2.34,23906900,5357.0,5223.0,9074.0,3365.0
2026-08-21 15:21:12,2026-08-21 15:06,5268.0,5387.0,-2.21,24276500,5357.0,5223.0,9074.0,3365.0
2026-08-21 15:25:35,2026-08-21 15:10,5281.0,5387.0,-1.97,24494800,5357.0,5223.0,9074.0,3365.0
2026-08-21 15:30:46,2026-08-21 15:15,5265.0,5387.0,-2.26,24803100,5357.0,5223.0,9074.0,3365.0
2026-08-21 15:40:36,2026-08-21 15:24,5265.0,5387.0,-2.26,25469000,5357.0,5223.0,9074.0,3365.0
2026-08-24 09:05:32,2026-08-21 15:30,5255.0,5387.0,-2.45,28825800,5357.0,5223.0,9074.0,3365.0
2026-08-24 09:10:43,2026-08-21 15:30,5255.0,5387.0,-2.45,28825800,5357.0,5223.0,9074.0,3365.0
2026-08-24 09:15:37,2026-08-24 09:00,5173.0,5387.0,-3.97,30177000,5240.0,5169.0,9074.0,3365.0
2026-08-24 09:20:33,2026-08-24 09:05,5209.0,5255.0,-0.88,2576200,5260.0,5167.0,9074.0,3365.0
2026-08-24 09:25:30,2026-08-24 09:10,5207.0,5255.0,-0.91,3328300,5260.0,5167.0,9074.0,3365.0
2026-08-24 09:30:31,2026-08-24 09:15,5169.0,5255.0,-1.64,4337500,5260.0,5164.0,9074.0,3365.0
2026-08-24 09:35:39,2026-08-24 09:20,5138.0,5255.0,-2.23,5346400,5260.0,5134.0,9074.0,3365.0
2026-08-24 09:40:35,2026-08-24 09:25,5139.0,5255.0,-2.21,6085700,5260.0,5109.0,9074.0,3365.0
2026-08-24 09:45:30,2026-08-24 09:30,5119.0,5255.0,-2.59,6525900,5260.0,5109.0,9074.0,3365.0
2026-08-24 09:50:32,2026-08-24 09:35,5119.0,5255.0,-2.59,7336000,5260.0,5109.0,9074.0,3365.0
2026-08-24 09:55:41,2026-08-24 09:40,5127.0,5255.0,-2.44,8044700,5260.0,5101.0,9074.0,3365.0
2026-08-24 10:00:36,2026-08-24 09:45,5108.0,5255.0,-2.8,8631300,5260.0,5101.0,9074.0,3365.0
2026-08-24 10:05:40,2026-08-24 09:50,5115.0,5255.0,-2.66,9070300,5260.0,5101.0,9074.0,3365.0
2026-08-24 10:10:30,2026-08-24 09:55,5120.0,5255.0,-2.57,9541500,5260.0,5101.0,9074.0,3365.0
2026-08-24 10:15:41,2026-08-24 10:00,5135.0,5255.0,-2.28,9926000,5260.0,5101.0,9074.0,3365.0
2026-08-24 10:20:35,2026-08-24 10:02,5122.0,5255.0,-2.53,10075700,5260.0,5101.0,9074.0,3365.0
2026-08-24 10:25:55,2026-08-24 10:10,5118.0,5255.0,-2.61,10804900,5260.0,5101.0,9074.0,3365.0
2026-08-24 10:30:36,2026-08-24 10:15,5131.0,5255.0,-2.36,11183700,5260.0,5101.0,9074.0,3365.0
2026-08-24 10:35:44,2026-08-24 10:20,5128.0,5255.0,-2.42,11633400,5260.0,5101.0,9074.0,3365.0
2026-08-24 10:40:38,2026-08-24 10:25,5123.0,5255.0,-2.51,11904600,5260.0,5101.0,9074.0,3365.0
2026-08-24 10:45:42,2026-08-24 10:30,5111.0,5255.0,-2.74,12199700,5260.0,5101.0,9074.0,3365.0
2026-08-24 10:50:32,2026-08-24 10:35,5086.0,5255.0,-3.22,13265200,5260.0,5085.0,9074.0,3365.0
2026-08-24 10:55:40,2026-08-24 10:40,5096.0,5255.0,-3.03,13619900,5260.0,5084.0,9074.0,3365.0
2026-08-24 11:00:33,2026-08-24 10:45,5084.0,5255.0,-3.25,14089100,5260.0,5080.0,9074.0,3365.0
2026-08-24 11:05:37,2026-08-24 10:50,5090.0,5255.0,-3.14,14468200,5260.0,5076.0,9074.0,3365.0
2026-08-24 11:10:40,2026-08-24 10:55,5073.0,5255.0,-3.46,14898800,5260.0,5071.0,9074.0,3365.0
2026-08-24 11:15:34,2026-08-24 11:00,5047.0,5255.0,-3.96,15639100,5260.0,5043.0,9074.0,3365.0
2026-08-24 11:20:45,2026-08-24 11:05,5035.0,5255.0,-4.19,16364600,5260.0,5025.0,9074.0,3365.0
2026-08-24 11:25:31,2026-08-24 11:10,5032.0,5255.0,-4.24,16636100,5260.0,5025.0,9074.0,3365.0
2026-08-24 11:30:34,2026-08-24 11:15,5053.0,5255.0,-3.84,17029000,5260.0,5027.0,9074.0,3365.0
2026-08-24 12:30:32,2026-08-24 11:30,5055.0,5255.0,-3.81,17950400,5260.0,5027.0,9074.0,3365.0
2026-08-24 12:35:38,2026-08-24 11:30,5055.0,5255.0,-3.81,17950400,5260.0,5025.0,9074.0,3365.0
2026-08-24 12:40:38,2026-08-24 11:30,5055.0,5255.0,-3.81,17950400,5260.0,5027.0,9074.0,3365.0
2026-08-24 12:45:37,2026-08-24 11:30,5055.0,5255.0,-3.81,17950400,5260.0,5027.0,9074.0,3365.0
2026-08-24 12:50:34,2026-08-24 12:35,5013.0,5255.0,-4.61,19985600,5260.0,4995.0,9074.0,3365.0
2026-08-24 12:55:30,2026-08-24 12:40,5020.0,5255.0,-4.47,20433400,5260.0,4995.0,9074.0,3365.0
2026-08-24 13:00:34,2026-08-24 12:45,5007.0,5255.0,-4.72,20819600,5260.0,4995.0,9074.0,3365.0
2026-08-24 13:05:39,2026-08-24 12:50,5011.0,5255.0,-4.64,21579600,5260.0,4995.0,9074.0,3365.0
2026-08-24 13:10:34,2026-08-24 12:55,4990.0,5255.0,-5.04,22458500,5260.0,4989.0,9074.0,3365.0
2026-08-24 13:15:32,2026-08-24 13:00,5012.0,5255.0,-4.62,23213500,5260.0,4989.0,9074.0,3365.0
2026-08-24 13:20:33,2026-08-24 13:05,5013.0,5255.0,-4.61,23527300,5260.0,4989.0,9074.0,3365.0
2026-08-24 13:25:40,2026-08-24 13:10,5013.0,5255.0,-4.61,23739800,5260.0,4989.0,9074.0,3365.0
2026-08-24 13:30:35,2026-08-24 13:15,5033.0,5255.0,-4.22,24242700,5260.0,4989.0,9074.0,3365.0
2026-08-24 13:35:32,2026-08-24 13:20,5028.0,5255.0,-4.32,24475300,5260.0,4989.0,9074.0,3365.0
2026-08-24 13:40:35,2026-08-24 13:25,5016.0,5255.0,-4.55,24781100,5260.0,4989.0,9074.0,3365.0
2026-08-24 13:45:34,2026-08-24 13:30,5014.0,5255.0,-4.59,24992400,5260.0,4989.0,9074.0,3365.0
2026-08-24 13:50:33,2026-08-24 13:35,5008.0,5255.0,-4.7,25227900,5260.0,4989.0,9074.0,3365.0
2026-08-24 13:55:30,2026-08-24 13:40,5007.0,5255.0,-4.72,25445500,5260.0,4989.0,9074.0,3365.0
2026-08-24 14:00:33,2026-08-24 13:45,5012.0,5255.0,-4.62,25616700,5260.0,4989.0,9074.0,3365.0
2026-08-24 14:05:32,2026-08-24 13:50,5020.0,5255.0,-4.47,25991800,5260.0,4989.0,9074.0,3365.0
2026-08-24 14:10:35,2026-08-24 13:55,5012.0,5255.0,-4.62,26146200,5260.0,4989.0,9074.0,3365.0
2026-08-24 14:15:41,2026-08-24 14:00,5014.0,5255.0,-4.59,26334900,5260.0,4989.0,9074.0,3365.0
2026-08-24 14:20:34,2026-08-24 14:05,5014.0,5255.0,-4.59,26537500,5260.0,4989.0,9074.0,3365.0
2026-08-24 14:25:35,2026-08-24 14:10,5015.0,5255.0,-4.57,26703600,5260.0,4989.0,9074.0,3365.0
2026-08-24 14:30:35,2026-08-24 14:15,5019.0,5255.0,-4.49,26993600,5260.0,4989.0,9074.0,3365.0
2026-08-24 14:35:37,2026-08-24 14:20,5015.0,5255.0,-4.57,27258200,5260.0,4989.0,9074.0,3365.0
2026-08-24 14:40:40,2026-08-24 14:25,5012.0,5255.0,-4.62,27410200,5260.0,4989.0,9074.0,3365.0
2026-08-24 14:45:38,2026-08-24 14:30,5009.0,5255.0,-4.68,27624300,5260.0,4989.0,9074.0,3365.0
2026-08-24 14:50:39,2026-08-24 14:35,4997.0,5255.0,-4.91,28426400,5260.0,4989.0,9074.0,3365.0
2026-08-24 14:55:36,2026-08-24 14:40,5011.0,5255.0,-4.64,28800100,5260.0,4989.0,9074.0,3365.0
2026-08-24 15:00:35,2026-08-24 14:45,5012.0,5255.0,-4.62,29042100,5260.0,4989.0,9074.0,3365.0
2026-08-24 15:05:34,2026-08-24 14:50,5008.0,5255.0,-4.7,29209800,5260.0,4989.0,9074.0,3365.0
2026-08-24 15:10:49,2026-08-24 14:55,5010.0,5255.0,-4.66,29417100,5260.0,4989.0,9074.0,3365.0
2026-08-24 15:15:32,2026-08-24 15:00,5015.0,5255.0,-4.57,29654400,5260.0,4989.0,9074.0,3365.0
2026-08-24 15:20:41,2026-08-24 15:05,4992.0,5255.0,-5.0,30220500,5260.0,4989.0,9074.0,3365.0
2026-08-24 15:25:41,2026-08-24 15:10,4992.0,5255.0,-5.0,30851900,5260.0,4985.0,9074.0,3365.0
2026-08-24 15:30:35,2026-08-24 15:15,5002.0,5255.0,-4.81,31289800,5260.0,4985.0,9074.0,3365.0
2026-08-24 15:40:43,2026-08-24 15:24,4986.0,5255.0,-5.12,32433900,5260.0,4982.0,9074.0,3365.0
2026-08-25 09:05:49,2026-08-24 15:30,4975.0,5255.0,-5.33,35119500,5260.0,4975.0,9074.0,3365.0
2026-08-25 09:10:30,2026-08-24 15:30,4975.0,5255.0,-5.33,35119500,5260.0,4975.0,9074.0,3365.0
2026-08-25 09:16:19,2026-08-25 09:01,4975.0,5255.0,-5.33,36735200,4970.0,4930.0,9074.0,3365.0
2026-08-25 09:20:32,2026-08-25 09:05,4951.0,4975.0,-0.48,2821000,4973.0,4928.0,9074.0,3365.0
2026-08-25 09:25:41,2026-08-25 09:10,4976.0,4975.0,0.02,4333500,5002.0,4928.0,9074.0,3365.0
2026-08-25 09:30:31,2026-08-25 09:15,4910.0,4975.0,-1.31,5423100,5002.0,4902.0,9074.0,3365.0
2026-08-25 09:35:29,2026-08-25 09:20,4930.0,4975.0,-0.9,6548600,5002.0,4882.0,9074.0,3365.0
2026-08-25 09:40:34,2026-08-25 09:25,4961.0,4975.0,-0.28,7395700,5002.0,4882.0,9074.0,3365.0
2026-08-25 09:45:32,2026-08-25 09:30,4987.0,4975.0,0.24,8144800,5002.0,4882.0,9074.0,3365.0
2026-08-25 09:50:30,2026-08-25 09:35,4983.0,4975.0,0.16,8653900,5002.0,4882.0,9074.0,3365.0
2026-08-25 09:55:38,2026-08-25 09:40,4954.0,4975.0,-0.42,9135200,5002.0,4882.0,9074.0,3365.0
2026-08-25 10:00:33,2026-08-25 09:45,4967.0,4975.0,-0.16,9541400,5002.0,4882.0,9074.0,3365.0
2026-08-25 10:05:52,2026-08-25 09:50,4983.0,4975.0,0.16,10065300,5002.0,4882.0,9074.0,3365.0
2026-08-25 10:10:46,2026-08-25 09:55,4982.0,4975.0,0.14,10585000,5006.0,4882.0,9074.0,3365.0
2026-08-25 10:15:42,2026-08-25 10:00,4987.0,4975.0,0.24,10842900,5006.0,4882.0,9074.0,3365.0
2026-08-25 10:20:33,2026-08-25 10:05,4984.0,4975.0,0.18,11180900,5006.0,4882.0,9074.0,3365.0
2026-08-25 10:25:29,2026-08-25 10:10,4964.0,4975.0,-0.22,11513200,5006.0,4882.0,9074.0,3365.0
2026-08-25 10:30:31,2026-08-25 10:15,4966.0,4975.0,-0.18,11798600,5006.0,4882.0,9074.0,3365.0
2026-08-25 10:35:38,2026-08-25 10:20,4971.0,4975.0,-0.08,12029600,5006.0,4882.0,9074.0,3365.0
2026-08-25 10:40:39,2026-08-25 10:25,4938.0,4975.0,-0.74,12453700,5006.0,4882.0,9074.0,3365.0
2026-08-25 10:45:29,2026-08-25 10:30,4946.0,4975.0,-0.58,12755200,5006.0,4882.0,9074.0,3365.0
2026-08-25 10:50:34,2026-08-25 10:35,4955.0,4975.0,-0.4,13051200,5006.0,4882.0,9074.0,3365.0
2026-08-25 10:55:36,2026-08-25 10:40,4979.0,4975.0,0.08,13485000,5006.0,4882.0,9074.0,3365.0
2026-08-25 11:00:33,2026-08-25 10:45,4969.0,4975.0,-0.12,13753100,5006.0,4882.0,9074.0,3365.0
2026-08-25 11:06:00,2026-08-25 10:50,4981.0,4975.0,0.12,13960600,5006.0,4882.0,9074.0,3365.0
2026-08-25 11:10:35,2026-08-25 10:55,4984.0,4975.0,0.18,14160900,5006.0,4882.0,9074.0,3365.0
2026-08-25 11:15:31,2026-08-25 11:00,4994.0,4975.0,0.38,14632600,5006.0,4882.0,9074.0,3365.0
2026-08-25 11:20:35,2026-08-25 11:05,5006.0,4975.0,0.62,15114800,5014.0,4882.0,9074.0,3365.0
2026-08-25 11:25:30,2026-08-25 11:10,4996.0,4975.0,0.42,15458400,5014.0,4882.0,9074.0,3365.0
2026-08-25 11:30:38,2026-08-25 11:15,5024.0,4975.0,0.98,15835300,5026.0,4882.0,9074.0,3365.0
2026-08-25 12:30:43,2026-08-25 11:30,5036.0,4975.0,1.23,17193700,5046.0,4882.0,9074.0,3365.0
2026-08-25 12:35:48,2026-08-25 11:30,5036.0,4975.0,1.23,17193700,5046.0,4882.0,9074.0,3365.0
2026-08-25 12:40:38,2026-08-25 11:30,5036.0,4975.0,1.23,17193700,5046.0,4882.0,9074.0,3365.0
2026-08-25 12:45:33,2026-08-25 12:30,5062.0,4975.0,1.75,17718800,5065.0,4882.0,9074.0,3365.0
2026-08-25 12:50:30,2026-08-25 12:35,5056.0,4975.0,1.63,18272800,5072.0,4882.0,9074.0,3365.0
2026-08-25 12:55:33,2026-08-25 12:40,5059.0,4975.0,1.69,18604200,5072.0,4882.0,9074.0,3365.0
2026-08-25 13:00:51,2026-08-25 12:45,5054.0,4975.0,1.59,18990800,5072.0,4882.0,9074.0,3365.0
2026-08-25 13:06:20,2026-08-25 12:51,5051.0,4975.0,1.53,19306700,5072.0,4882.0,9074.0,3365.0
2026-08-25 13:10:55,2026-08-25 12:55,5057.0,4975.0,1.65,19552600,5072.0,4882.0,9074.0,3365.0
2026-08-25 13:15:34,2026-08-25 13:00,5054.0,4975.0,1.59,19896200,5072.0,4882.0,9074.0,3365.0
2026-08-25 13:20:31,2026-08-25 13:05,5068.0,4975.0,1.87,20237700,5072.0,4882.0,9074.0,3365.0
2026-08-25 13:25:49,2026-08-25 13:10,5069.0,4975.0,1.89,20533000,5075.0,4882.0,9074.0,3365.0
2026-08-25 13:30:32,2026-08-25 13:15,5075.0,4975.0,2.01,20779400,5078.0,4882.0,9074.0,3365.0
2026-08-25 13:35:31,2026-08-25 13:20,5070.0,4975.0,1.91,21096300,5082.0,4882.0,9074.0,3365.0
2026-08-25 13:40:32,2026-08-25 13:25,5055.0,4975.0,1.61,21418500,5082.0,4882.0,9074.0,3365.0
2026-08-25 13:45:29,2026-08-25 13:30,5059.0,4975.0,1.69,21585100,5082.0,4882.0,9074.0,3365.0
2026-08-25 13:50:33,2026-08-25 13:35,5057.0,4975.0,1.65,21848400,5082.0,4882.0,9074.0,3365.0
2026-08-25 13:55:38,2026-08-25 13:40,5071.0,4975.0,1.93,22046600,5082.0,4882.0,9074.0,3365.0
2026-08-25 14:00:30,2026-08-25 13:45,5068.0,4975.0,1.87,22192700,5082.0,4882.0,9074.0,3365.0
2026-08-25 14:05:29,2026-08-25 13:50,5060.0,4975.0,1.71,22422800,5082.0,4882.0,9074.0,3365.0
2026-08-25 14:10:33,2026-08-25 13:55,5064.0,4975.0,1.79,22572900,5082.0,4882.0,9074.0,3365.0
2026-08-25 14:15:41,2026-08-25 14:00,5062.0,4975.0,1.75,22761400,5082.0,4882.0,9074.0,3365.0
2026-08-25 14:20:31,2026-08-25 14:05,5053.0,4975.0,1.57,22945100,5082.0,4882.0,9074.0,3365.0
2026-08-25 14:25:33,2026-08-25 14:10,5047.0,4975.0,1.45,23209400,5082.0,4882.0,9074.0,3365.0
2026-08-25 14:30:31,2026-08-25 14:15,5052.0,4975.0,1.55,23374700,5082.0,4882.0,9074.0,3365.0
2026-08-25 14:35:37,2026-08-25 14:20,5051.0,4975.0,1.53,23524500,5082.0,4882.0,9074.0,3365.0
2026-08-25 14:40:34,2026-08-25 14:25,5051.0,4975.0,1.53,23654400,5082.0,4882.0,9074.0,3365.0
2026-08-25 14:45:34,2026-08-25 14:30,5054.0,4975.0,1.59,23794000,5082.0,4882.0,9074.0,3365.0
2026-08-25 14:50:30,2026-08-25 14:35,5059.0,4975.0,1.69,23997700,5082.0,4882.0,9074.0,3365.0
2026-08-25 14:55:30,2026-08-25 14:40,5072.0,4975.0,1.95,24252300,5082.0,4882.0,9074.0,3365.0
2026-08-25 15:00:32,2026-08-25 14:45,5067.0,4975.0,1.85,24508300,5082.0,4882.0,9074.0,3365.0
2026-08-25 15:05:37,2026-08-25 14:50,5071.0,4975.0,1.93,24797400,5082.0,4882.0,9074.0,3365.0
2026-08-25 15:10:31,2026-08-25 14:55,5072.0,4975.0,1.95,24966400,5082.0,4882.0,9074.0,3365.0
2026-08-25 15:15:39,2026-08-25 15:00,5083.0,4975.0,2.17,25260000,5084.0,4882.0,9074.0,3365.0
2026-08-25 15:21:22,2026-08-25 15:06,5074.0,4975.0,1.99,25519500,5084.0,4882.0,9074.0,3365.0
2026-08-25 15:26:20,2026-08-25 15:11,5075.0,4975.0,2.01,25764800,5084.0,4882.0,9074.0,3365.0
2026-08-25 15:30:32,2026-08-25 15:15,5082.0,4975.0,2.15,26009600,5084.0,4882.0,9074.0,3365.0
2026-08-25 15:41:25,2026-08-25 15:24,5086.0,4975.0,2.23,26644300,5090.0,4882.0,9074.0,3365.0
2026-08-26 09:05:32,2026-08-25 15:30,5087.0,4975.0,2.25,28458400,5090.0,4882.0,9074.0,3365.0
2026-08-26 09:10:31,2026-08-25 15:30,5087.0,4975.0,2.25,28458400,5090.0,4882.0,9074.0,3365.0
2026-08-26 09:15:35,2026-08-26 09:00,5087.0,4975.0,2.25,29526800,5142.0,5071.0,9074.0,3365.0
2026-08-26 09:20:29,2026-08-26 09:05,5112.0,5087.0,0.49,2852400,5164.0,5071.0,9074.0,3365.0
2026-08-26 09:25:33,2026-08-26 09:10,5068.0,5087.0,-0.37,3802900,5164.0,5058.0,9074.0,3365.0
2026-08-26 09:30:32,2026-08-26 09:15,5082.0,5087.0,-0.1,4641100,5164.0,5047.0,9074.0,3365.0
2026-08-26 09:35:30,2026-08-26 09:20,5119.0,5087.0,0.63,5417400,5164.0,5047.0,9074.0,3365.0
2026-08-26 09:40:46,2026-08-26 09:25,5078.0,5087.0,-0.18,6035400,5164.0,5047.0,9074.0,3365.0
2026-08-26 09:45:35,2026-08-26 09:30,5085.0,5087.0,-0.04,6486000,5164.0,5047.0,9074.0,3365.0
2026-08-26 09:50:32,2026-08-26 09:35,5079.0,5087.0,-0.16,6950800,5164.0,5047.0,9074.0,3365.0
2026-08-26 09:55:39,2026-08-26 09:37,5073.0,5087.0,-0.28,7109800,5164.0,5047.0,9074.0,3365.0
2026-08-26 10:00:38,2026-08-26 09:45,5081.0,5087.0,-0.12,7943000,5164.0,5047.0,9074.0,3365.0
2026-08-26 10:05:35,2026-08-26 09:50,5079.0,5087.0,-0.16,8300400,5164.0,5047.0,9074.0,3365.0
2026-08-26 10:11:25,2026-08-26 09:56,5070.0,5087.0,-0.33,9002400,5164.0,5043.0,9074.0,3365.0
2026-08-26 10:15:40,2026-08-26 10:00,5063.0,5087.0,-0.47,9372300,5164.0,5043.0,9074.0,3365.0
2026-08-26 10:21:01,2026-08-26 10:06,5101.0,5087.0,0.28,9940200,5164.0,5043.0,9074.0,3365.0
2026-08-26 10:25:33,2026-08-26 10:10,5080.0,5087.0,-0.14,10307000,5164.0,5043.0,9074.0,3365.0
2026-08-26 10:30:31,2026-08-26 10:15,5087.0,5087.0,0.0,10629300,5164.0,5043.0,9074.0,3365.0
2026-08-26 10:35:38,2026-08-26 10:20,5099.0,5087.0,0.24,11010900,5164.0,5043.0,9074.0,3365.0
2026-08-26 10:40:35,2026-08-26 10:25,5090.0,5087.0,0.06,11381900,5164.0,5043.0,9074.0,3365.0
2026-08-26 10:45:52,2026-08-26 10:30,5108.0,5087.0,0.41,11681100,5164.0,5043.0,9074.0,3365.0
2026-08-26 10:50:34,2026-08-26 10:35,5122.0,5087.0,0.69,12183300,5164.0,5043.0,9074.0,3365.0
2026-08-26 10:55:32,2026-08-26 10:40,5121.0,5087.0,0.67,12450900,5164.0,5043.0,9074.0,3365.0
2026-08-26 11:00:29,2026-08-26 10:45,5112.0,5087.0,0.49,12707900,5164.0,5043.0,9074.0,3365.0
2026-08-26 11:05:33,2026-08-26 10:50,5120.0,5087.0,0.65,12937800,5164.0,5043.0,9074.0,3365.0
2026-08-26 11:10:38,2026-08-26 10:52,5133.0,5087.0,0.9,13206000,5164.0,5043.0,9074.0,3365.0
2026-08-26 11:15:35,2026-08-26 11:00,5178.0,5087.0,1.79,14621700,5186.0,5043.0,9074.0,3365.0
2026-08-26 11:20:33,2026-08-26 11:05,5178.0,5087.0,1.79,15122900,5188.0,5043.0,9074.0,3365.0
2026-08-26 11:26:00,2026-08-26 11:10,5172.0,5087.0,1.67,15651700,5188.0,5043.0,9074.0,3365.0
