抓取时间,行情时刻,价格,昨收,涨跌幅%,成交量,当日最高,当日最低,52周最高,52周最低
2026-07-06 09:31:25,2026-07-06 09:16,3981.0,3792.0,4.98,5659900,3985.0,3839.0,5208.0,3171.0
2026-07-06 10:18:15,2026-07-06 10:03,4020.0,3792.0,6.01,12790400,4068.0,3839.0,5208.0,3171.0
2026-07-06 10:55:24,2026-07-06 10:40,4019.0,3792.0,5.99,15116800,4068.0,3839.0,5208.0,3171.0
2026-07-06 10:58:54,2026-07-06 10:43,4010.0,3792.0,5.75,15300200,4068.0,3839.0,5208.0,3171.0
2026-07-06 11:00:35,2026-07-06 10:45,4006.0,3792.0,5.64,15393700,4068.0,3839.0,5208.0,3171.0
2026-07-06 11:05:37,2026-07-06 10:50,3987.0,3792.0,5.14,15859100,4068.0,3839.0,5208.0,3171.0
2026-07-06 11:10:36,2026-07-06 10:55,4007.0,3792.0,5.67,16118600,4068.0,3839.0,5208.0,3171.0
2026-07-06 11:15:30,2026-07-06 11:00,4035.0,3792.0,6.41,16648900,4068.0,3839.0,5208.0,3171.0
2026-07-06 11:20:34,2026-07-06 11:05,4032.0,3792.0,6.33,16990600,4068.0,3839.0,5208.0,3171.0
2026-07-06 11:25:35,2026-07-06 11:10,4043.0,3792.0,6.62,17264800,4068.0,3839.0,5208.0,3171.0
2026-07-06 11:30:35,2026-07-06 11:15,4044.0,3792.0,6.65,17601000,4068.0,3839.0,5208.0,3171.0
2026-07-06 12:30:34,2026-07-06 11:30,4052.0,3792.0,6.86,18909200,4068.0,3839.0,5208.0,3171.0
2026-07-06 12:35:32,2026-07-06 11:30,4052.0,3792.0,6.86,18909200,4068.0,3839.0,5208.0,3171.0
2026-07-06 12:40:33,2026-07-06 11:30,4052.0,3792.0,6.86,18909200,4068.0,3839.0,5208.0,3171.0
2026-07-06 12:45:34,2026-07-06 12:30,4090.0,3792.0,7.86,20028900,4093.0,3839.0,5208.0,3171.0
2026-07-06 12:50:34,2026-07-06 12:35,4072.0,3792.0,7.38,20773700,4093.0,3839.0,5208.0,3171.0
2026-07-06 12:55:43,2026-07-06 12:40,4062.0,3792.0,7.12,21266600,4093.0,3839.0,5208.0,3171.0
2026-07-06 13:00:46,2026-07-06 12:45,4062.0,3792.0,7.12,21792300,4093.0,3839.0,5208.0,3171.0
2026-07-06 13:05:32,2026-07-06 12:50,4068.0,3792.0,7.28,22020400,4093.0,3839.0,5208.0,3171.0
2026-07-06 13:10:39,2026-07-06 12:55,4074.0,3792.0,7.44,22348600,4093.0,3839.0,5208.0,3171.0
2026-07-06 13:15:35,2026-07-06 13:00,4080.0,3792.0,7.59,22775900,4093.0,3839.0,5208.0,3171.0
2026-07-06 13:20:33,2026-07-06 13:05,4089.0,3792.0,7.83,23135600,4093.0,3839.0,5208.0,3171.0
2026-07-06 13:25:42,2026-07-06 13:10,4089.0,3792.0,7.83,23865600,4098.0,3839.0,5208.0,3171.0
2026-07-06 13:30:40,2026-07-06 13:15,4076.0,3792.0,7.49,24556900,4099.0,3839.0,5208.0,3171.0
2026-07-06 13:35:34,2026-07-06 13:20,4084.0,3792.0,7.7,24911800,4099.0,3839.0,5208.0,3171.0
2026-07-06 13:40:39,2026-07-06 13:25,4090.0,3792.0,7.86,25162600,4099.0,3839.0,5208.0,3171.0
2026-07-06 13:45:44,2026-07-06 13:30,4089.0,3792.0,7.83,25361300,4099.0,3839.0,5208.0,3171.0
2026-07-06 13:50:35,2026-07-06 13:35,4086.0,3792.0,7.75,25515400,4099.0,3839.0,5208.0,3171.0
2026-07-06 13:55:35,2026-07-06 13:40,4086.0,3792.0,7.75,25671300,4099.0,3839.0,5208.0,3171.0
2026-07-06 14:00:39,2026-07-06 13:45,4087.0,3792.0,7.78,25885700,4099.0,3839.0,5208.0,3171.0
2026-07-06 14:05:42,2026-07-06 13:50,4084.0,3792.0,7.7,26134600,4099.0,3839.0,5208.0,3171.0
2026-07-06 14:10:38,2026-07-06 13:55,4088.0,3792.0,7.81,26367100,4099.0,3839.0,5208.0,3171.0
2026-07-06 14:15:39,2026-07-06 14:00,4095.0,3792.0,7.99,26619900,4099.0,3839.0,5208.0,3171.0
2026-07-06 14:20:38,2026-07-06 14:05,4094.0,3792.0,7.96,26824100,4099.0,3839.0,5208.0,3171.0
2026-07-06 14:25:32,2026-07-06 14:10,4087.0,3792.0,7.78,27245800,4099.0,3839.0,5208.0,3171.0
2026-07-06 14:30:39,2026-07-06 14:15,4092.0,3792.0,7.91,27489500,4099.0,3839.0,5208.0,3171.0
2026-07-06 14:35:38,2026-07-06 14:20,4093.0,3792.0,7.94,27683000,4099.0,3839.0,5208.0,3171.0
2026-07-06 14:40:33,2026-07-06 14:25,4083.0,3792.0,7.67,28132800,4099.0,3839.0,5208.0,3171.0
2026-07-06 14:45:41,2026-07-06 14:30,4078.0,3792.0,7.54,28384300,4099.0,3839.0,5208.0,3171.0
2026-07-06 14:50:43,2026-07-06 14:35,4085.0,3792.0,7.73,28564100,4099.0,3839.0,5208.0,3171.0
2026-07-06 14:55:40,2026-07-06 14:40,4091.0,3792.0,7.89,28789200,4099.0,3839.0,5208.0,3171.0
2026-07-06 15:00:34,2026-07-06 14:45,4088.0,3792.0,7.81,29031600,4099.0,3839.0,5208.0,3171.0
2026-07-06 15:16:26,2026-07-06 15:01,4105.0,3792.0,8.25,30801700,4110.0,3839.0,5208.0,3171.0
2026-07-06 15:20:38,2026-07-06 15:05,4107.0,3792.0,8.31,31127100,4110.0,3839.0,5208.0,3171.0
2026-07-06 15:25:42,2026-07-06 15:10,4105.0,3792.0,8.25,31447700,4110.0,3839.0,5208.0,3171.0
2026-07-06 15:30:37,2026-07-06 15:15,4107.0,3792.0,8.31,31821000,4110.0,3839.0,5208.0,3171.0
2026-07-07 09:00:34,2026-07-06 15:30,4110.0,3792.0,8.39,35898600,4110.0,3839.0,5208.0,3171.0
2026-07-07 09:05:31,2026-07-06 15:30,4110.0,3792.0,8.39,35898600,4110.0,3839.0,5208.0,3171.0
2026-07-07 09:10:33,2026-07-06 15:30,4110.0,3792.0,8.39,35898600,4110.0,3839.0,5208.0,3171.0
2026-07-07 09:15:34,2026-07-07 09:00,4110.0,3792.0,8.39,37309500,4080.0,4030.0,5208.0,3171.0
2026-07-07 09:20:31,2026-07-07 09:05,4034.0,4110.0,-1.85,2648800,4089.0,4015.0,5208.0,3171.0
2026-07-07 09:25:32,2026-07-07 09:10,4127.0,4110.0,0.41,4201100,4135.0,4015.0,5208.0,3171.0
2026-07-07 09:30:34,2026-07-07 09:15,4113.0,4110.0,0.07,5526700,4146.0,4015.0,5208.0,3171.0
2026-07-07 09:35:33,2026-07-07 09:20,4120.0,4110.0,0.24,6250800,4146.0,4015.0,5208.0,3171.0
2026-07-07 09:40:33,2026-07-07 09:25,4105.0,4110.0,-0.12,6891300,4146.0,4015.0,5208.0,3171.0
2026-07-07 09:45:35,2026-07-07 09:30,4102.0,4110.0,-0.19,7324300,4146.0,4015.0,5208.0,3171.0
2026-07-07 09:50:38,2026-07-07 09:35,4108.0,4110.0,-0.05,7638400,4146.0,4015.0,5208.0,3171.0
2026-07-07 09:55:31,2026-07-07 09:40,4112.0,4110.0,0.05,7954000,4146.0,4015.0,5208.0,3171.0
2026-07-07 10:00:37,2026-07-07 09:45,4108.0,4110.0,-0.05,8251500,4146.0,4015.0,5208.0,3171.0
2026-07-07 10:05:37,2026-07-07 09:50,4105.0,4110.0,-0.12,8534600,4146.0,4015.0,5208.0,3171.0
2026-07-07 10:10:33,2026-07-07 09:55,4085.0,4110.0,-0.61,8979800,4146.0,4015.0,5208.0,3171.0
2026-07-07 10:15:35,2026-07-07 10:00,4064.0,4110.0,-1.12,9411100,4146.0,4015.0,5208.0,3171.0
2026-07-07 10:20:31,2026-07-07 10:05,4072.0,4110.0,-0.92,9649800,4146.0,4015.0,5208.0,3171.0
2026-07-07 10:25:45,2026-07-07 10:10,4072.0,4110.0,-0.92,9847300,4146.0,4015.0,5208.0,3171.0
2026-07-07 10:30:31,2026-07-07 10:15,4060.0,4110.0,-1.22,10098900,4146.0,4015.0,5208.0,3171.0
2026-07-07 10:35:36,2026-07-07 10:20,4060.0,4110.0,-1.22,10292300,4146.0,4015.0,5208.0,3171.0
2026-07-07 10:40:36,2026-07-07 10:25,4059.0,4110.0,-1.24,10499400,4146.0,4015.0,5208.0,3171.0
2026-07-07 10:45:35,2026-07-07 10:30,4071.0,4110.0,-0.95,10709600,4146.0,4015.0,5208.0,3171.0
2026-07-07 10:50:45,2026-07-07 10:35,4062.0,4110.0,-1.17,10951900,4146.0,4015.0,5208.0,3171.0
2026-07-07 10:55:34,2026-07-07 10:40,4059.0,4110.0,-1.24,11169300,4146.0,4015.0,5208.0,3171.0
2026-07-07 11:00:34,2026-07-07 10:45,4067.0,4110.0,-1.05,11371400,4146.0,4015.0,5208.0,3171.0
2026-07-07 11:05:33,2026-07-07 10:50,4053.0,4110.0,-1.39,11623800,4146.0,4015.0,5208.0,3171.0
2026-07-07 11:10:36,2026-07-07 10:55,4055.0,4110.0,-1.34,11788100,4146.0,4015.0,5208.0,3171.0
2026-07-07 11:15:37,2026-07-07 11:00,4058.0,4110.0,-1.27,12243400,4146.0,4015.0,5208.0,3171.0
2026-07-07 11:20:36,2026-07-07 11:05,4067.0,4110.0,-1.05,12466500,4146.0,4015.0,5208.0,3171.0
2026-07-07 11:25:33,2026-07-07 11:10,4063.0,4110.0,-1.14,12560200,4146.0,4015.0,5208.0,3171.0
2026-07-07 11:30:41,2026-07-07 11:15,4055.0,4110.0,-1.34,12688900,4146.0,4015.0,5208.0,3171.0
2026-07-07 12:30:30,2026-07-07 11:30,4056.0,4110.0,-1.31,13141200,4146.0,4015.0,5208.0,3171.0
2026-07-07 12:35:33,2026-07-07 11:30,4056.0,4110.0,-1.31,13141200,4146.0,4015.0,5208.0,3171.0
2026-07-07 12:40:33,2026-07-07 11:30,4056.0,4110.0,-1.31,13141200,4146.0,4015.0,5208.0,3171.0
2026-07-07 12:45:35,2026-07-07 12:30,4054.0,4110.0,-1.36,13446900,4146.0,4015.0,5208.0,3171.0
2026-07-07 12:50:31,2026-07-07 12:35,4046.0,4110.0,-1.56,13803700,4146.0,4015.0,5208.0,3171.0
2026-07-07 12:55:34,2026-07-07 12:40,4045.0,4110.0,-1.58,14037000,4146.0,4015.0,5208.0,3171.0
2026-07-07 13:00:35,2026-07-07 12:45,4038.0,4110.0,-1.75,14212300,4146.0,4015.0,5208.0,3171.0
2026-07-07 13:05:34,2026-07-07 12:50,4012.0,4110.0,-2.38,14719400,4146.0,4010.0,5208.0,3171.0
2026-07-07 13:10:33,2026-07-07 12:55,4010.0,4110.0,-2.43,15092000,4146.0,4003.0,5208.0,3171.0
2026-07-07 13:15:34,2026-07-07 13:00,4019.0,4110.0,-2.21,15389200,4146.0,4003.0,5208.0,3171.0
2026-07-07 13:20:30,2026-07-07 13:05,4020.0,4110.0,-2.19,15558000,4146.0,4003.0,5208.0,3171.0
2026-07-07 13:25:38,2026-07-07 13:10,4027.0,4110.0,-2.02,15770000,4146.0,4003.0,5208.0,3171.0
2026-07-07 13:30:39,2026-07-07 13:15,4029.0,4110.0,-1.97,15925200,4146.0,4003.0,5208.0,3171.0
2026-07-07 13:35:41,2026-07-07 13:20,4025.0,4110.0,-2.07,16061800,4146.0,4003.0,5208.0,3171.0
2026-07-07 13:40:32,2026-07-07 13:25,4021.0,4110.0,-2.17,16174300,4146.0,4003.0,5208.0,3171.0
2026-07-07 13:45:37,2026-07-07 13:30,4020.0,4110.0,-2.19,16351800,4146.0,4003.0,5208.0,3171.0
2026-07-07 13:50:44,2026-07-07 13:35,4022.0,4110.0,-2.14,16477700,4146.0,4003.0,5208.0,3171.0
2026-07-07 13:55:37,2026-07-07 13:40,4019.0,4110.0,-2.21,16571200,4146.0,4003.0,5208.0,3171.0
2026-07-07 14:00:38,2026-07-07 13:45,4022.0,4110.0,-2.14,16783100,4146.0,4003.0,5208.0,3171.0
2026-07-07 14:05:42,2026-07-07 13:50,4016.0,4110.0,-2.29,16902300,4146.0,4003.0,5208.0,3171.0
2026-07-07 14:10:46,2026-07-07 13:55,4018.0,4110.0,-2.24,17059100,4146.0,4003.0,5208.0,3171.0
2026-07-07 14:15:41,2026-07-07 14:00,4017.0,4110.0,-2.26,17194400,4146.0,4003.0,5208.0,3171.0
2026-07-07 14:20:48,2026-07-07 14:05,4006.0,4110.0,-2.53,17419000,4146.0,4003.0,5208.0,3171.0
2026-07-07 14:25:32,2026-07-07 14:10,3998.0,4110.0,-2.73,17975800,4146.0,3993.0,5208.0,3171.0
2026-07-07 14:30:40,2026-07-07 14:15,3988.0,4110.0,-2.97,18216300,4146.0,3988.0,5208.0,3171.0
2026-07-07 14:35:38,2026-07-07 14:20,3996.0,4110.0,-2.77,18414500,4146.0,3986.0,5208.0,3171.0
2026-07-07 14:40:33,2026-07-07 14:25,3997.0,4110.0,-2.75,18639600,4146.0,3986.0,5208.0,3171.0
2026-07-07 14:45:54,2026-07-07 14:30,4002.0,4110.0,-2.63,18856800,4146.0,3986.0,5208.0,3171.0
2026-07-07 14:50:32,2026-07-07 14:35,4002.0,4110.0,-2.63,19024800,4146.0,3986.0,5208.0,3171.0
2026-07-07 14:55:59,2026-07-07 14:40,4012.0,4110.0,-2.38,19201600,4146.0,3986.0,5208.0,3171.0
2026-07-07 15:00:49,2026-07-07 14:45,4011.0,4110.0,-2.41,19435600,4146.0,3986.0,5208.0,3171.0
2026-07-07 15:05:41,2026-07-07 14:50,4000.0,4110.0,-2.68,19713500,4146.0,3986.0,5208.0,3171.0
2026-07-07 15:10:42,2026-07-07 14:55,4011.0,4110.0,-2.41,19855400,4146.0,3986.0,5208.0,3171.0
2026-07-07 15:15:46,2026-07-07 15:00,4005.0,4110.0,-2.55,20035700,4146.0,3986.0,5208.0,3171.0
2026-07-07 15:20:35,2026-07-07 15:05,3999.0,4110.0,-2.7,20263400,4146.0,3986.0,5208.0,3171.0
2026-07-07 15:25:36,2026-07-07 15:10,3995.0,4110.0,-2.8,20517900,4146.0,3986.0,5208.0,3171.0
2026-07-07 15:30:36,2026-07-07 15:15,3999.0,4110.0,-2.7,20761200,4146.0,3986.0,5208.0,3171.0
2026-07-08 09:00:44,2026-07-07 15:30,4009.0,4110.0,-2.46,24665400,4146.0,3986.0,5208.0,3171.0
2026-07-08 09:05:31,2026-07-07 15:30,4009.0,4110.0,-2.46,24665400,4146.0,3986.0,5208.0,3171.0
2026-07-08 09:10:36,2026-07-07 15:30,4009.0,4110.0,-2.46,24665400,4146.0,3986.0,5208.0,3171.0
2026-07-08 09:15:39,2026-07-08 09:00,4009.0,4110.0,-2.46,26313500,3969.0,3923.0,5208.0,3171.0
2026-07-08 09:20:36,2026-07-08 09:05,3987.0,4009.0,-0.55,2706000,3994.0,3923.0,5208.0,3171.0
2026-07-08 09:25:32,2026-07-08 09:10,3926.0,4009.0,-2.07,3787800,3994.0,3916.0,5208.0,3171.0
2026-07-08 09:30:43,2026-07-08 09:15,3925.0,4009.0,-2.1,4694100,3994.0,3912.0,5208.0,3171.0
2026-07-08 09:35:29,2026-07-08 09:20,3875.0,4009.0,-3.34,5684500,3994.0,3873.0,5208.0,3171.0
2026-07-08 09:40:31,2026-07-08 09:25,3874.0,4009.0,-3.37,6271300,3994.0,3865.0,5208.0,3171.0
2026-07-08 09:45:30,2026-07-08 09:30,3881.0,4009.0,-3.19,6967700,3994.0,3855.0,5208.0,3171.0
2026-07-08 09:50:36,2026-07-08 09:35,3872.0,4009.0,-3.42,7428000,3994.0,3855.0,5208.0,3171.0
2026-07-08 09:55:33,2026-07-08 09:40,3886.0,4009.0,-3.07,7798100,3994.0,3855.0,5208.0,3171.0
2026-07-08 10:00:45,2026-07-08 09:45,3891.0,4009.0,-2.94,8259300,3994.0,3855.0,5208.0,3171.0
2026-07-08 10:05:32,2026-07-08 09:50,3909.0,4009.0,-2.49,8662000,3994.0,3855.0,5208.0,3171.0
2026-07-08 10:10:30,2026-07-08 09:55,3922.0,4009.0,-2.17,9180900,3994.0,3855.0,5208.0,3171.0
2026-07-08 10:15:31,2026-07-08 10:00,3924.0,4009.0,-2.12,9565600,3994.0,3855.0,5208.0,3171.0
2026-07-08 10:20:33,2026-07-08 10:05,3902.0,4009.0,-2.67,10020500,3994.0,3855.0,5208.0,3171.0
2026-07-08 10:25:29,2026-07-08 10:10,3894.0,4009.0,-2.87,10291500,3994.0,3855.0,5208.0,3171.0
2026-07-08 10:30:31,2026-07-08 10:15,3905.0,4009.0,-2.59,10567900,3994.0,3855.0,5208.0,3171.0
2026-07-08 10:35:34,2026-07-08 10:20,3918.0,4009.0,-2.27,10773400,3994.0,3855.0,5208.0,3171.0
2026-07-08 10:40:33,2026-07-08 10:25,3907.0,4009.0,-2.54,11033800,3994.0,3855.0,5208.0,3171.0
2026-07-08 10:45:30,2026-07-08 10:30,3891.0,4009.0,-2.94,11344800,3994.0,3855.0,5208.0,3171.0
2026-07-08 10:50:34,2026-07-08 10:35,3882.0,4009.0,-3.17,11580700,3994.0,3855.0,5208.0,3171.0
2026-07-08 10:55:30,2026-07-08 10:40,3867.0,4009.0,-3.54,12024500,3994.0,3855.0,5208.0,3171.0
2026-07-08 11:00:30,2026-07-08 10:45,3865.0,4009.0,-3.59,12340400,3994.0,3855.0,5208.0,3171.0
2026-07-08 11:05:43,2026-07-08 10:50,3878.0,4009.0,-3.27,12733300,3994.0,3855.0,5208.0,3171.0
2026-07-08 11:10:35,2026-07-08 10:55,3867.0,4009.0,-3.54,12962200,3994.0,3855.0,5208.0,3171.0
2026-07-08 11:15:34,2026-07-08 11:00,3879.0,4009.0,-3.24,13168000,3994.0,3855.0,5208.0,3171.0
2026-07-08 11:20:33,2026-07-08 11:05,3870.0,4009.0,-3.47,13291300,3994.0,3855.0,5208.0,3171.0
2026-07-08 11:25:33,2026-07-08 11:10,3872.0,4009.0,-3.42,13439900,3994.0,3855.0,5208.0,3171.0
2026-07-08 11:30:30,2026-07-08 11:15,3872.0,4009.0,-3.42,13605100,3994.0,3855.0,5208.0,3171.0
2026-07-08 12:30:33,2026-07-08 11:30,3886.0,4009.0,-3.07,14097900,3994.0,3855.0,5208.0,3171.0
2026-07-08 12:35:31,2026-07-08 11:30,3886.0,4009.0,-3.07,14097900,3994.0,3855.0,5208.0,3171.0
2026-07-08 12:40:38,2026-07-08 11:30,3886.0,4009.0,-3.07,14097900,3994.0,3855.0,5208.0,3171.0
2026-07-08 12:45:38,2026-07-08 12:30,3922.0,4009.0,-2.17,14453600,3994.0,3855.0,5208.0,3171.0
2026-07-08 12:50:31,2026-07-08 12:35,3899.0,4009.0,-2.74,14728100,3994.0,3855.0,5208.0,3171.0
2026-07-08 12:55:30,2026-07-08 12:40,3897.0,4009.0,-2.79,14917700,3994.0,3855.0,5208.0,3171.0
2026-07-08 13:00:35,2026-07-08 12:45,3901.0,4009.0,-2.69,15076200,3994.0,3855.0,5208.0,3171.0
2026-07-08 13:05:30,2026-07-08 12:50,3904.0,4009.0,-2.62,15253600,3994.0,3855.0,5208.0,3171.0
2026-07-08 13:10:35,2026-07-08 12:55,3899.0,4009.0,-2.74,15357200,3994.0,3855.0,5208.0,3171.0
2026-07-08 13:15:32,2026-07-08 13:00,3884.0,4009.0,-3.12,15609900,3994.0,3855.0,5208.0,3171.0
2026-07-08 13:20:31,2026-07-08 13:05,3874.0,4009.0,-3.37,15766600,3994.0,3855.0,5208.0,3171.0
2026-07-08 13:25:29,2026-07-08 13:10,3871.0,4009.0,-3.44,15918400,3994.0,3855.0,5208.0,3171.0
2026-07-08 13:30:29,2026-07-08 13:15,3863.0,4009.0,-3.64,16150700,3994.0,3855.0,5208.0,3171.0
2026-07-08 13:35:29,2026-07-08 13:20,3870.0,4009.0,-3.47,16255300,3994.0,3855.0,5208.0,3171.0
2026-07-08 13:40:32,2026-07-08 13:25,3862.0,4009.0,-3.67,16468700,3994.0,3855.0,5208.0,3171.0
2026-07-08 13:45:30,2026-07-08 13:30,3862.0,4009.0,-3.67,16632000,3994.0,3855.0,5208.0,3171.0
2026-07-08 13:50:33,2026-07-08 13:35,3859.0,4009.0,-3.74,16901300,3994.0,3853.0,5208.0,3171.0
2026-07-08 13:55:38,2026-07-08 13:40,3856.0,4009.0,-3.82,17334500,3994.0,3845.0,5208.0,3171.0
2026-07-08 14:00:31,2026-07-08 13:45,3849.0,4009.0,-3.99,17456100,3994.0,3845.0,5208.0,3171.0
2026-07-08 14:05:38,2026-07-08 13:50,3858.0,4009.0,-3.77,17651600,3994.0,3845.0,5208.0,3171.0
2026-07-08 14:10:30,2026-07-08 13:55,3860.0,4009.0,-3.72,17814800,3994.0,3845.0,5208.0,3171.0
2026-07-08 14:15:33,2026-07-08 14:00,3868.0,4009.0,-3.52,18017600,3994.0,3845.0,5208.0,3171.0
2026-07-08 14:20:31,2026-07-08 14:05,3870.0,4009.0,-3.47,18158400,3994.0,3845.0,5208.0,3171.0
2026-07-08 14:25:31,2026-07-08 14:10,3867.0,4009.0,-3.54,18321600,3994.0,3845.0,5208.0,3171.0
2026-07-08 14:30:46,2026-07-08 14:15,3864.0,4009.0,-3.62,18505000,3994.0,3845.0,5208.0,3171.0
2026-07-08 14:35:32,2026-07-08 14:20,3858.0,4009.0,-3.77,18644600,3994.0,3845.0,5208.0,3171.0
2026-07-08 14:40:39,2026-07-08 14:25,3863.0,4009.0,-3.64,18762000,3994.0,3845.0,5208.0,3171.0
2026-07-08 14:45:35,2026-07-08 14:30,3857.0,4009.0,-3.79,18885500,3994.0,3845.0,5208.0,3171.0
2026-07-08 14:50:33,2026-07-08 14:35,3861.0,4009.0,-3.69,19076200,3994.0,3845.0,5208.0,3171.0
2026-07-08 14:55:35,2026-07-08 14:40,3847.0,4009.0,-4.04,19353400,3994.0,3843.0,5208.0,3171.0
2026-07-08 15:00:30,2026-07-08 14:45,3849.0,4009.0,-3.99,19509700,3994.0,3843.0,5208.0,3171.0
2026-07-08 15:05:30,2026-07-08 14:50,3837.0,4009.0,-4.29,19884900,3994.0,3835.0,5208.0,3171.0
2026-07-08 15:10:42,2026-07-08 14:55,3843.0,4009.0,-4.14,20123000,3994.0,3831.0,5208.0,3171.0
2026-07-08 15:15:34,2026-07-08 15:00,3836.0,4009.0,-4.32,20385400,3994.0,3831.0,5208.0,3171.0
2026-07-08 15:20:36,2026-07-08 15:05,3833.0,4009.0,-4.39,20562400,3994.0,3831.0,5208.0,3171.0
2026-07-08 15:25:35,2026-07-08 15:10,3839.0,4009.0,-4.24,20832400,3994.0,3831.0,5208.0,3171.0
2026-07-08 15:30:32,2026-07-08 15:15,3842.0,4009.0,-4.17,21031100,3994.0,3831.0,5208.0,3171.0
2026-07-09 09:00:36,2026-07-08 15:30,3821.0,4009.0,-4.69,25815800,3994.0,3821.0,5208.0,3171.0
2026-07-09 09:05:33,2026-07-08 15:30,3821.0,4009.0,-4.69,25815800,3994.0,3821.0,5208.0,3171.0
2026-07-09 09:10:36,2026-07-08 15:30,3821.0,4009.0,-4.69,25815800,3994.0,3821.0,5208.0,3171.0
2026-07-09 09:15:32,2026-07-09 09:00,3821.0,4009.0,-4.69,28124400,3818.0,3788.0,5208.0,3171.0
2026-07-09 09:20:40,2026-07-09 09:05,3841.0,3821.0,0.52,3791100,3867.0,3788.0,5208.0,3171.0
2026-07-09 09:25:34,2026-07-09 09:10,3845.0,3821.0,0.63,4324600,3867.0,3788.0,5208.0,3171.0
2026-07-09 09:30:35,2026-07-09 09:15,3820.0,3821.0,-0.03,4816100,3867.0,3788.0,5208.0,3171.0
2026-07-09 09:35:31,2026-07-09 09:20,3818.0,3821.0,-0.08,5237800,3867.0,3788.0,5208.0,3171.0
2026-07-09 09:40:34,2026-07-09 09:25,3820.0,3821.0,-0.03,5498400,3867.0,3788.0,5208.0,3171.0
2026-07-09 09:45:34,2026-07-09 09:30,3840.0,3821.0,0.5,5854200,3867.0,3788.0,5208.0,3171.0
2026-07-09 09:50:32,2026-07-09 09:35,3834.0,3821.0,0.34,6080100,3867.0,3788.0,5208.0,3171.0
2026-07-09 09:55:30,2026-07-09 09:40,3826.0,3821.0,0.13,6275500,3867.0,3788.0,5208.0,3171.0
2026-07-09 10:00:32,2026-07-09 09:45,3832.0,3821.0,0.29,6446600,3867.0,3788.0,5208.0,3171.0
2026-07-09 10:05:33,2026-07-09 09:50,3839.0,3821.0,0.47,6596000,3867.0,3788.0,5208.0,3171.0
2026-07-09 10:10:33,2026-07-09 09:55,3841.0,3821.0,0.52,6839300,3867.0,3788.0,5208.0,3171.0
2026-07-09 10:15:52,2026-07-09 10:00,3853.0,3821.0,0.84,7008100,3867.0,3788.0,5208.0,3171.0
2026-07-09 10:20:34,2026-07-09 10:05,3850.0,3821.0,0.76,7186900,3867.0,3788.0,5208.0,3171.0
2026-07-09 10:25:28,2026-07-09 10:10,3857.0,3821.0,0.94,7315000,3867.0,3788.0,5208.0,3171.0
2026-07-09 10:30:30,2026-07-09 10:15,3855.0,3821.0,0.89,7463200,3867.0,3788.0,5208.0,3171.0
2026-07-09 10:35:40,2026-07-09 10:20,3845.0,3821.0,0.63,7680900,3867.0,3788.0,5208.0,3171.0
2026-07-09 10:40:31,2026-07-09 10:25,3843.0,3821.0,0.58,7755500,3867.0,3788.0,5208.0,3171.0
2026-07-09 10:45:37,2026-07-09 10:30,3835.0,3821.0,0.37,7931100,3867.0,3788.0,5208.0,3171.0
2026-07-09 10:50:32,2026-07-09 10:35,3833.0,3821.0,0.31,8003900,3867.0,3788.0,5208.0,3171.0
2026-07-09 10:55:31,2026-07-09 10:40,3824.0,3821.0,0.08,8138400,3867.0,3788.0,5208.0,3171.0
2026-07-09 11:00:40,2026-07-09 10:45,3821.0,3821.0,0.0,8344500,3867.0,3788.0,5208.0,3171.0
2026-07-09 11:05:51,2026-07-09 10:50,3827.0,3821.0,0.16,8438500,3867.0,3788.0,5208.0,3171.0
2026-07-09 11:10:44,2026-07-09 10:55,3822.0,3821.0,0.03,8530200,3867.0,3788.0,5208.0,3171.0
2026-07-09 11:15:36,2026-07-09 11:00,3823.0,3821.0,0.05,8700500,3867.0,3788.0,5208.0,3171.0
2026-07-09 11:20:47,2026-07-09 11:05,3821.0,3821.0,0.0,8818000,3867.0,3788.0,5208.0,3171.0
2026-07-09 11:25:37,2026-07-09 11:10,3832.0,3821.0,0.29,8904600,3867.0,3788.0,5208.0,3171.0
2026-07-09 11:30:33,2026-07-09 11:15,3836.0,3821.0,0.39,8994300,3867.0,3788.0,5208.0,3171.0
2026-07-09 12:30:38,2026-07-09 11:30,3819.0,3821.0,-0.05,9498200,3867.0,3788.0,5208.0,3171.0
2026-07-09 12:35:50,2026-07-09 11:30,3819.0,3821.0,-0.05,9498200,3867.0,3788.0,5208.0,3171.0
2026-07-09 12:40:40,2026-07-09 11:30,3819.0,3821.0,-0.05,9498200,3867.0,3788.0,5208.0,3171.0
2026-07-09 12:45:30,2026-07-09 12:30,3795.0,3821.0,-0.68,10031200,3867.0,3788.0,5208.0,3171.0
2026-07-09 12:50:28,2026-07-09 12:35,3803.0,3821.0,-0.47,10291200,3867.0,3787.0,5208.0,3171.0
2026-07-09 12:55:35,2026-07-09 12:40,3816.0,3821.0,-0.13,10464400,3867.0,3787.0,5208.0,3171.0
2026-07-09 13:00:39,2026-07-09 12:45,3816.0,3821.0,-0.13,10587200,3867.0,3787.0,5208.0,3171.0
2026-07-09 13:05:29,2026-07-09 12:50,3816.0,3821.0,-0.13,10676800,3867.0,3787.0,5208.0,3171.0
2026-07-09 13:10:31,2026-07-09 12:55,3808.0,3821.0,-0.34,10806900,3867.0,3787.0,5208.0,3171.0
2026-07-09 13:15:31,2026-07-09 13:00,3803.0,3821.0,-0.47,10918100,3867.0,3787.0,5208.0,3171.0
2026-07-09 13:20:35,2026-07-09 13:05,3802.0,3821.0,-0.5,11012100,3867.0,3787.0,5208.0,3171.0
2026-07-09 13:25:36,2026-07-09 13:10,3799.0,3821.0,-0.58,11161100,3867.0,3787.0,5208.0,3171.0
2026-07-09 13:30:38,2026-07-09 13:15,3799.0,3821.0,-0.58,11228600,3867.0,3787.0,5208.0,3171.0
2026-07-09 13:35:32,2026-07-09 13:20,3791.0,3821.0,-0.79,11379600,3867.0,3787.0,5208.0,3171.0
2026-07-09 13:40:46,2026-07-09 13:25,3788.0,3821.0,-0.86,11515800,3867.0,3785.0,5208.0,3171.0
2026-07-09 13:45:33,2026-07-09 13:30,3796.0,3821.0,-0.65,11636300,3867.0,3785.0,5208.0,3171.0
2026-07-09 13:50:30,2026-07-09 13:35,3799.0,3821.0,-0.58,11760000,3867.0,3785.0,5208.0,3171.0
2026-07-09 13:55:30,2026-07-09 13:40,3810.0,3821.0,-0.29,11879000,3867.0,3785.0,5208.0,3171.0
2026-07-09 14:00:30,2026-07-09 13:45,3808.0,3821.0,-0.34,11952900,3867.0,3785.0,5208.0,3171.0
2026-07-09 14:10:31,2026-07-09 13:55,3813.0,3821.0,-0.21,12122500,3867.0,3785.0,5208.0,3171.0
2026-07-09 14:15:37,2026-07-09 14:00,3811.0,3821.0,-0.26,12191500,3867.0,3785.0,5208.0,3171.0
2026-07-09 14:20:37,2026-07-09 14:05,3807.0,3821.0,-0.37,12278000,3867.0,3785.0,5208.0,3171.0
2026-07-09 14:25:32,2026-07-09 14:10,3812.0,3821.0,-0.24,12385100,3867.0,3785.0,5208.0,3171.0
2026-07-09 14:30:40,2026-07-09 14:15,3826.0,3821.0,0.13,12622500,3867.0,3785.0,5208.0,3171.0
2026-07-09 14:35:44,2026-07-09 14:20,3814.0,3821.0,-0.18,12747100,3867.0,3785.0,5208.0,3171.0
2026-07-09 14:45:33,2026-07-09 14:30,3814.0,3821.0,-0.18,12912100,3867.0,3785.0,5208.0,3171.0
2026-07-09 14:50:33,2026-07-09 14:35,3815.0,3821.0,-0.16,13013400,3867.0,3785.0,5208.0,3171.0
2026-07-09 14:55:43,2026-07-09 14:40,3816.0,3821.0,-0.13,13093300,3867.0,3785.0,5208.0,3171.0
2026-07-09 15:05:46,2026-07-09 14:50,3817.0,3821.0,-0.1,13269900,3867.0,3785.0,5208.0,3171.0
2026-07-09 15:10:42,2026-07-09 14:55,3820.0,3821.0,-0.03,13383100,3867.0,3785.0,5208.0,3171.0
2026-07-09 15:15:35,2026-07-09 15:00,3824.0,3821.0,0.08,13482400,3867.0,3785.0,5208.0,3171.0
2026-07-09 15:20:42,2026-07-09 15:05,3816.0,3821.0,-0.13,13637500,3867.0,3785.0,5208.0,3171.0
2026-07-09 15:25:47,2026-07-09 15:10,3809.0,3821.0,-0.31,13789700,3867.0,3785.0,5208.0,3171.0
2026-07-09 15:30:50,2026-07-09 15:15,3808.0,3821.0,-0.34,13970100,3867.0,3785.0,5208.0,3171.0
2026-07-09 15:33:04,2026-07-09 15:18,3805.0,3821.0,-0.42,14025500,3867.0,3785.0,5208.0,3171.0
2026-07-10 09:00:34,2026-07-09 15:30,3805.0,3821.0,-0.42,16150000,3867.0,3785.0,5208.0,3171.0
2026-07-10 09:05:49,2026-07-09 15:30,3805.0,3821.0,-0.42,16150000,3867.0,3785.0,5208.0,3171.0
2026-07-10 09:10:39,2026-07-09 15:30,3805.0,3821.0,-0.42,16150000,3867.0,3785.0,5208.0,3171.0
2026-07-10 09:15:40,2026-07-10 09:00,3805.0,3821.0,-0.42,17345800,3832.0,3792.0,5208.0,3171.0
2026-07-10 09:20:32,2026-07-10 09:05,3813.0,3805.0,0.21,1710600,3832.0,3790.0,5208.0,3171.0
2026-07-10 09:25:33,2026-07-10 09:10,3828.0,3805.0,0.6,2127000,3833.0,3790.0,5208.0,3171.0
2026-07-10 09:30:40,2026-07-10 09:15,3813.0,3805.0,0.21,2655800,3833.0,3790.0,5208.0,3171.0
2026-07-10 09:35:42,2026-07-10 09:20,3816.0,3805.0,0.29,3002300,3833.0,3790.0,5208.0,3171.0
2026-07-10 09:40:32,2026-07-10 09:25,3834.0,3805.0,0.76,3397800,3841.0,3790.0,5208.0,3171.0
2026-07-10 09:46:06,2026-07-10 09:31,3811.0,3805.0,0.16,3797300,3841.0,3790.0,5208.0,3171.0
2026-07-10 09:50:29,2026-07-10 09:35,3804.0,3805.0,-0.03,4167300,3841.0,3790.0,5208.0,3171.0
2026-07-10 09:55:34,2026-07-10 09:40,3803.0,3805.0,-0.05,4366800,3841.0,3790.0,5208.0,3171.0
2026-07-10 10:00:30,2026-07-10 09:45,3798.0,3805.0,-0.18,4565300,3841.0,3790.0,5208.0,3171.0
2026-07-10 10:05:32,2026-07-10 09:50,3791.0,3805.0,-0.37,4853700,3841.0,3783.0,5208.0,3171.0
2026-07-10 10:10:38,2026-07-10 09:55,3807.0,3805.0,0.05,5064600,3841.0,3783.0,5208.0,3171.0
2026-07-10 10:15:34,2026-07-10 10:00,3816.0,3805.0,0.29,5235000,3841.0,3783.0,5208.0,3171.0
2026-07-10 10:20:34,2026-07-10 10:05,3805.0,3805.0,0.0,5354200,3841.0,3783.0,5208.0,3171.0
2026-07-10 10:25:40,2026-07-10 10:10,3799.0,3805.0,-0.16,5527400,3841.0,3783.0,5208.0,3171.0
2026-07-10 10:30:31,2026-07-10 10:15,3804.0,3805.0,-0.03,5780900,3841.0,3783.0,5208.0,3171.0
2026-07-10 10:35:29,2026-07-10 10:20,3796.0,3805.0,-0.24,5939300,3841.0,3783.0,5208.0,3171.0
2026-07-10 10:40:29,2026-07-10 10:25,3800.0,3805.0,-0.13,6026600,3841.0,3783.0,5208.0,3171.0
2026-07-10 10:45:32,2026-07-10 10:30,3800.0,3805.0,-0.13,6084800,3841.0,3783.0,5208.0,3171.0
2026-07-10 10:50:41,2026-07-10 10:35,3808.0,3805.0,0.08,6187200,3841.0,3783.0,5208.0,3171.0
2026-07-10 10:55:45,2026-07-10 10:40,3825.0,3805.0,0.53,6447800,3841.0,3783.0,5208.0,3171.0
2026-07-10 11:00:32,2026-07-10 10:45,3827.0,3805.0,0.58,6506800,3841.0,3783.0,5208.0,3171.0
2026-07-10 11:05:36,2026-07-10 10:50,3823.0,3805.0,0.47,6572700,3841.0,3783.0,5208.0,3171.0
2026-07-10 11:10:40,2026-07-10 10:55,3828.0,3805.0,0.6,6648100,3841.0,3783.0,5208.0,3171.0
2026-07-10 11:15:35,2026-07-10 11:00,3827.0,3805.0,0.58,6749900,3841.0,3783.0,5208.0,3171.0
2026-07-10 11:20:37,2026-07-10 11:05,3829.0,3805.0,0.63,6810600,3841.0,3783.0,5208.0,3171.0
2026-07-10 11:25:41,2026-07-10 11:10,3831.0,3805.0,0.68,6901100,3841.0,3783.0,5208.0,3171.0
2026-07-10 11:30:43,2026-07-10 11:15,3835.0,3805.0,0.79,7091800,3842.0,3783.0,5208.0,3171.0
2026-07-10 12:30:32,2026-07-10 11:30,3840.0,3805.0,0.92,7346400,3843.0,3783.0,5208.0,3171.0
2026-07-10 12:35:32,2026-07-10 11:30,3840.0,3805.0,0.92,7346400,3843.0,3783.0,5208.0,3171.0
2026-07-10 12:40:40,2026-07-10 11:30,3840.0,3805.0,0.92,7346400,3843.0,3783.0,5208.0,3171.0
2026-07-10 12:45:36,2026-07-10 12:30,3870.0,3805.0,1.71,7947300,3872.0,3783.0,5208.0,3171.0
2026-07-10 12:50:50,2026-07-10 12:35,3854.0,3805.0,1.29,8188800,3872.0,3783.0,5208.0,3171.0
2026-07-10 12:55:29,2026-07-10 12:40,3850.0,3805.0,1.18,8417900,3872.0,3783.0,5208.0,3171.0
2026-07-10 13:00:55,2026-07-10 12:45,3845.0,3805.0,1.05,8580800,3872.0,3783.0,5208.0,3171.0
2026-07-10 13:05:34,2026-07-10 12:50,3852.0,3805.0,1.24,8696300,3872.0,3783.0,5208.0,3171.0
2026-07-10 13:10:35,2026-07-10 12:55,3863.0,3805.0,1.52,8862600,3872.0,3783.0,5208.0,3171.0
2026-07-10 13:15:35,2026-07-10 13:00,3854.0,3805.0,1.29,8979600,3872.0,3783.0,5208.0,3171.0
2026-07-10 13:20:35,2026-07-10 13:05,3857.0,3805.0,1.37,9141400,3872.0,3783.0,5208.0,3171.0
2026-07-10 13:25:33,2026-07-10 13:10,3853.0,3805.0,1.26,9210900,3872.0,3783.0,5208.0,3171.0
2026-07-10 13:30:33,2026-07-10 13:15,3841.0,3805.0,0.95,9382300,3872.0,3783.0,5208.0,3171.0
2026-07-10 13:35:43,2026-07-10 13:20,3842.0,3805.0,0.97,9445300,3872.0,3783.0,5208.0,3171.0
2026-07-10 13:40:39,2026-07-10 13:25,3836.0,3805.0,0.81,9528600,3872.0,3783.0,5208.0,3171.0
2026-07-10 13:45:32,2026-07-10 13:30,3839.0,3805.0,0.89,9596700,3872.0,3783.0,5208.0,3171.0
2026-07-10 13:50:34,2026-07-10 13:35,3842.0,3805.0,0.97,9676800,3872.0,3783.0,5208.0,3171.0
2026-07-10 13:55:35,2026-07-10 13:40,3838.0,3805.0,0.87,9762700,3872.0,3783.0,5208.0,3171.0
2026-07-10 14:00:46,2026-07-10 13:45,3834.0,3805.0,0.76,9856100,3872.0,3783.0,5208.0,3171.0
2026-07-10 14:05:39,2026-07-10 13:50,3832.0,3805.0,0.71,9927300,3872.0,3783.0,5208.0,3171.0
2026-07-10 14:10:40,2026-07-10 13:55,3834.0,3805.0,0.76,10016200,3872.0,3783.0,5208.0,3171.0
2026-07-10 14:15:29,2026-07-10 14:00,3834.0,3805.0,0.76,10114900,3872.0,3783.0,5208.0,3171.0
2026-07-10 14:20:35,2026-07-10 14:05,3833.0,3805.0,0.74,10192200,3872.0,3783.0,5208.0,3171.0
2026-07-10 14:25:33,2026-07-10 14:10,3839.0,3805.0,0.89,10269200,3872.0,3783.0,5208.0,3171.0
2026-07-10 14:30:36,2026-07-10 14:15,3836.0,3805.0,0.81,10331000,3872.0,3783.0,5208.0,3171.0
2026-07-10 14:35:33,2026-07-10 14:20,3836.0,3805.0,0.81,10402500,3872.0,3783.0,5208.0,3171.0
2026-07-10 14:40:35,2026-07-10 14:25,3838.0,3805.0,0.87,10447300,3872.0,3783.0,5208.0,3171.0
2026-07-10 14:45:48,2026-07-10 14:30,3838.0,3805.0,0.87,10514800,3872.0,3783.0,5208.0,3171.0
2026-07-10 14:50:37,2026-07-10 14:35,3846.0,3805.0,1.08,10579600,3872.0,3783.0,5208.0,3171.0
2026-07-10 14:55:34,2026-07-10 14:40,3842.0,3805.0,0.97,10638200,3872.0,3783.0,5208.0,3171.0
2026-07-10 15:00:37,2026-07-10 14:45,3838.0,3805.0,0.87,10716900,3872.0,3783.0,5208.0,3171.0
2026-07-10 15:05:37,2026-07-10 14:50,3838.0,3805.0,0.87,10757700,3872.0,3783.0,5208.0,3171.0
2026-07-10 15:10:41,2026-07-10 14:55,3832.0,3805.0,0.71,10829800,3872.0,3783.0,5208.0,3171.0
2026-07-10 15:15:31,2026-07-10 15:00,3831.0,3805.0,0.68,10966300,3872.0,3783.0,5208.0,3171.0
2026-07-10 15:20:41,2026-07-10 15:05,3830.0,3805.0,0.66,11146600,3872.0,3783.0,5208.0,3171.0
2026-07-10 15:25:34,2026-07-10 15:10,3826.0,3805.0,0.55,11274300,3872.0,3783.0,5208.0,3171.0
2026-07-10 15:30:56,2026-07-10 15:15,3828.0,3805.0,0.6,11366300,3872.0,3783.0,5208.0,3171.0
2026-07-10 15:40:38,2026-07-10 15:24,3813.0,3805.0,0.21,11743900,3872.0,3783.0,5208.0,3171.0
2026-07-13 09:00:31,2026-07-10 15:30,3818.0,3805.0,0.34,14270300,3872.0,3783.0,5208.0,3175.0
2026-07-13 09:05:34,2026-07-10 15:30,3818.0,3805.0,0.34,14270300,3872.0,3783.0,5208.0,3175.0
2026-07-13 09:10:38,2026-07-10 15:30,3818.0,3805.0,0.34,14270300,3872.0,3783.0,5208.0,3175.0
2026-07-13 09:15:33,2026-07-13 09:00,3753.0,3805.0,-1.37,15581000,3818.0,3748.0,5208.0,3175.0
2026-07-13 09:20:36,2026-07-13 09:05,3782.0,3818.0,-0.94,2067800,3818.0,3725.0,5208.0,3175.0
2026-07-13 09:25:41,2026-07-13 09:10,3768.0,3818.0,-1.31,2431300,3818.0,3725.0,5208.0,3175.0
2026-07-13 09:30:46,2026-07-13 09:15,3774.0,3818.0,-1.15,2637800,3818.0,3725.0,5208.0,3175.0
2026-07-13 09:36:52,2026-07-13 09:21,3769.0,3818.0,-1.28,2921700,3818.0,3725.0,5208.0,3175.0
2026-07-13 09:40:59,2026-07-13 09:25,3765.0,3818.0,-1.39,3133700,3818.0,3725.0,5208.0,3175.0
2026-07-13 09:47:19,2026-07-13 09:32,3775.0,3818.0,-1.13,3368200,3818.0,3725.0,5208.0,3175.0
2026-07-13 09:52:10,2026-07-13 09:37,3785.0,3818.0,-0.86,3545800,3818.0,3725.0,5208.0,3175.0
2026-07-13 09:58:08,2026-07-13 09:43,3766.0,3818.0,-1.36,3764600,3818.0,3725.0,5208.0,3175.0
2026-07-13 10:03:55,2026-07-13 09:48,3772.0,3818.0,-1.2,3892300,3818.0,3725.0,5208.0,3175.0
2026-07-13 10:06:38,2026-07-13 09:51,3771.0,3818.0,-1.23,3936900,3818.0,3725.0,5208.0,3175.0
2026-07-13 10:12:20,2026-07-13 09:57,3762.0,3818.0,-1.47,4140600,3818.0,3725.0,5208.0,3175.0
2026-07-13 10:15:43,2026-07-13 10:00,3756.0,3818.0,-1.62,4217100,3818.0,3725.0,5208.0,3175.0
2026-07-13 10:20:35,2026-07-13 10:05,3753.0,3818.0,-1.7,4357100,3818.0,3725.0,5208.0,3175.0
2026-07-13 10:25:44,2026-07-13 10:10,3739.0,3818.0,-2.07,4699700,3818.0,3725.0,5208.0,3175.0
2026-07-13 10:30:36,2026-07-13 10:15,3741.0,3818.0,-2.02,4796300,3818.0,3725.0,5208.0,3175.0
2026-07-13 10:35:34,2026-07-13 10:20,3733.0,3818.0,-2.23,5001600,3818.0,3725.0,5208.0,3175.0
2026-07-13 10:40:35,2026-07-13 10:25,3716.0,3818.0,-2.67,5481400,3818.0,3716.0,5208.0,3175.0
2026-07-13 10:47:41,2026-07-13 10:32,3718.0,3818.0,-2.62,5721600,3818.0,3712.0,5208.0,3175.0
2026-07-13 10:50:44,2026-07-13 10:35,3723.0,3818.0,-2.49,5795400,3818.0,3712.0,5208.0,3175.0
2026-07-13 10:55:32,2026-07-13 10:40,3722.0,3818.0,-2.51,5991800,3818.0,3712.0,5208.0,3175.0
2026-07-13 11:00:29,2026-07-13 10:45,3709.0,3818.0,-2.85,6233400,3818.0,3707.0,5208.0,3175.0
2026-07-13 11:05:35,2026-07-13 10:50,3699.0,3818.0,-3.12,6771900,3818.0,3694.0,5208.0,3175.0
2026-07-13 11:10:34,2026-07-13 10:55,3703.0,3818.0,-3.01,6936500,3818.0,3693.0,5208.0,3175.0
2026-07-13 11:15:32,2026-07-13 11:00,3719.0,3818.0,-2.59,7120300,3818.0,3693.0,5208.0,3175.0
2026-07-13 11:20:32,2026-07-13 11:05,3724.0,3818.0,-2.46,7236000,3818.0,3693.0,5208.0,3175.0
2026-07-13 11:25:41,2026-07-13 11:10,3739.0,3818.0,-2.07,7358000,3818.0,3693.0,5208.0,3175.0
2026-07-13 11:30:33,2026-07-13 11:15,3750.0,3818.0,-1.78,7526800,3818.0,3693.0,5208.0,3175.0
2026-07-13 12:30:37,2026-07-13 11:30,3770.0,3818.0,-1.26,7929400,3818.0,3693.0,5208.0,3175.0
2026-07-13 12:35:31,2026-07-13 11:30,3770.0,3818.0,-1.26,7929400,3818.0,3693.0,5208.0,3175.0
2026-07-13 12:40:30,2026-07-13 11:30,3770.0,3818.0,-1.26,7929400,3818.0,3693.0,5208.0,3175.0
2026-07-13 12:45:31,2026-07-13 12:30,3767.0,3818.0,-1.34,8103700,3818.0,3693.0,5208.0,3175.0
2026-07-13 12:50:33,2026-07-13 12:35,3773.0,3818.0,-1.18,8383400,3818.0,3693.0,5208.0,3175.0
2026-07-13 12:56:14,2026-07-13 12:41,3775.0,3818.0,-1.13,8551600,3818.0,3693.0,5208.0,3175.0
2026-07-13 13:00:30,2026-07-13 12:45,3778.0,3818.0,-1.05,8680100,3818.0,3693.0,5208.0,3175.0
2026-07-13 13:05:37,2026-07-13 12:50,3773.0,3818.0,-1.18,8770700,3818.0,3693.0,5208.0,3175.0
2026-07-13 13:10:32,2026-07-13 12:55,3761.0,3818.0,-1.49,8901400,3818.0,3693.0,5208.0,3175.0
2026-07-13 13:15:32,2026-07-13 13:00,3760.0,3818.0,-1.52,9011000,3818.0,3693.0,5208.0,3175.0
2026-07-13 13:22:36,2026-07-13 13:07,3754.0,3818.0,-1.68,9180000,3818.0,3693.0,5208.0,3175.0
2026-07-13 13:25:32,2026-07-13 13:10,3746.0,3818.0,-1.89,9240900,3818.0,3693.0,5208.0,3175.0
2026-07-13 13:32:40,2026-07-13 13:17,3743.0,3818.0,-1.96,9385900,3818.0,3693.0,5208.0,3175.0
2026-07-13 13:35:41,2026-07-13 13:20,3747.0,3818.0,-1.86,9423000,3818.0,3693.0,5208.0,3175.0
2026-07-13 13:40:31,2026-07-13 13:25,3745.0,3818.0,-1.91,9507700,3818.0,3693.0,5208.0,3175.0
2026-07-13 13:45:41,2026-07-13 13:30,3742.0,3818.0,-1.99,9629300,3818.0,3693.0,5208.0,3175.0
2026-07-13 13:50:33,2026-07-13 13:35,3743.0,3818.0,-1.96,9681500,3818.0,3693.0,5208.0,3175.0
2026-07-13 13:55:42,2026-07-13 13:40,3742.0,3818.0,-1.99,9777200,3818.0,3693.0,5208.0,3175.0
2026-07-13 14:00:29,2026-07-13 13:45,3739.0,3818.0,-2.07,9833900,3818.0,3693.0,5208.0,3175.0
2026-07-13 14:05:29,2026-07-13 13:50,3739.0,3818.0,-2.07,9871000,3818.0,3693.0,5208.0,3175.0
2026-07-13 14:10:29,2026-07-13 13:55,3742.0,3818.0,-1.99,9921800,3818.0,3693.0,5208.0,3175.0
2026-07-13 14:15:43,2026-07-13 14:00,3743.0,3818.0,-1.96,9969600,3818.0,3693.0,5208.0,3175.0
2026-07-13 14:20:32,2026-07-13 14:05,3749.0,3818.0,-1.81,10040800,3818.0,3693.0,5208.0,3175.0
2026-07-13 14:25:40,2026-07-13 14:10,3753.0,3818.0,-1.7,10126200,3818.0,3693.0,5208.0,3175.0
2026-07-13 14:30:34,2026-07-13 14:15,3749.0,3818.0,-1.81,10216000,3818.0,3693.0,5208.0,3175.0
2026-07-13 14:35:35,2026-07-13 14:20,3750.0,3818.0,-1.78,10341400,3818.0,3693.0,5208.0,3175.0
2026-07-13 14:40:33,2026-07-13 14:25,3746.0,3818.0,-1.89,10414000,3818.0,3693.0,5208.0,3175.0
2026-07-13 14:45:34,2026-07-13 14:30,3733.0,3818.0,-2.23,10543500,3818.0,3693.0,5208.0,3175.0
2026-07-13 14:50:33,2026-07-13 14:35,3753.0,3818.0,-1.7,10680200,3818.0,3693.0,5208.0,3175.0
2026-07-13 14:55:29,2026-07-13 14:40,3750.0,3818.0,-1.78,10770200,3818.0,3693.0,5208.0,3175.0
2026-07-13 15:00:31,2026-07-13 14:45,3751.0,3818.0,-1.75,10885000,3818.0,3693.0,5208.0,3175.0
2026-07-13 15:05:43,2026-07-13 14:50,3751.0,3818.0,-1.75,10979800,3818.0,3693.0,5208.0,3175.0
2026-07-13 15:10:30,2026-07-13 14:55,3748.0,3818.0,-1.83,11101600,3818.0,3693.0,5208.0,3175.0
2026-07-13 15:15:38,2026-07-13 15:00,3753.0,3818.0,-1.7,11200400,3818.0,3693.0,5208.0,3175.0
2026-07-13 15:20:39,2026-07-13 15:05,3749.0,3818.0,-1.81,11302200,3818.0,3693.0,5208.0,3175.0
2026-07-13 15:25:37,2026-07-13 15:10,3750.0,3818.0,-1.78,11419500,3818.0,3693.0,5208.0,3175.0
2026-07-13 15:30:30,2026-07-13 15:15,3752.0,3818.0,-1.73,11522400,3818.0,3693.0,5208.0,3175.0
2026-07-13 15:40:30,2026-07-13 15:24,3751.0,3818.0,-1.75,11908200,3818.0,3693.0,5208.0,3175.0
2026-07-14 09:00:31,2026-07-13 15:30,3758.0,3818.0,-1.57,13530900,3818.0,3693.0,5208.0,3175.0
2026-07-14 09:05:33,2026-07-13 15:30,3758.0,3818.0,-1.57,13530900,3818.0,3693.0,5208.0,3175.0
2026-07-14 09:10:57,2026-07-13 15:30,3758.0,3818.0,-1.57,13530900,3818.0,3693.0,5208.0,3175.0
2026-07-14 09:15:31,2026-07-14 09:00,3758.0,3818.0,-1.57,14326900,3816.0,3786.0,5208.0,3175.0
2026-07-14 09:20:33,2026-07-14 09:05,3751.0,3758.0,-0.19,1403800,3816.0,3737.0,5208.0,3175.0
2026-07-14 09:25:37,2026-07-14 09:10,3759.0,3758.0,0.03,1792200,3816.0,3737.0,5208.0,3175.0
2026-07-14 09:30:29,2026-07-14 09:15,3741.0,3758.0,-0.45,2165900,3816.0,3737.0,5208.0,3175.0
2026-07-14 09:35:33,2026-07-14 09:20,3742.0,3758.0,-0.43,2376000,3816.0,3737.0,5208.0,3175.0
2026-07-14 09:40:36,2026-07-14 09:25,3728.0,3758.0,-0.8,2666300,3816.0,3727.0,5208.0,3175.0
2026-07-14 09:45:38,2026-07-14 09:30,3731.0,3758.0,-0.72,2853900,3816.0,3727.0,5208.0,3175.0
2026-07-14 09:50:31,2026-07-14 09:35,3733.0,3758.0,-0.67,3087800,3816.0,3727.0,5208.0,3175.0
2026-07-14 09:55:34,2026-07-14 09:40,3725.0,3758.0,-0.88,3306600,3816.0,3722.0,5208.0,3175.0
2026-07-14 10:00:31,2026-07-14 09:45,3736.0,3758.0,-0.59,3580600,3816.0,3720.0,5208.0,3175.0
2026-07-14 10:05:31,2026-07-14 09:50,3737.0,3758.0,-0.56,3758100,3816.0,3720.0,5208.0,3175.0
2026-07-14 10:10:30,2026-07-14 09:55,3746.0,3758.0,-0.32,3983400,3816.0,3720.0,5208.0,3175.0
2026-07-14 10:15:40,2026-07-14 10:00,3754.0,3758.0,-0.11,4217200,3816.0,3720.0,5208.0,3175.0
2026-07-14 10:20:31,2026-07-14 10:05,3764.0,3758.0,0.16,4429100,3816.0,3720.0,5208.0,3175.0
2026-07-14 10:25:31,2026-07-14 10:10,3762.0,3758.0,0.11,4541500,3816.0,3720.0,5208.0,3175.0
2026-07-14 10:30:37,2026-07-14 10:15,3757.0,3758.0,-0.03,4643100,3816.0,3720.0,5208.0,3175.0
2026-07-14 10:35:41,2026-07-14 10:20,3762.0,3758.0,0.11,4720400,3816.0,3720.0,5208.0,3175.0
2026-07-14 10:40:40,2026-07-14 10:25,3755.0,3758.0,-0.08,4817900,3816.0,3720.0,5208.0,3175.0
2026-07-14 10:45:34,2026-07-14 10:30,3753.0,3758.0,-0.13,4919000,3816.0,3720.0,5208.0,3175.0
2026-07-14 10:50:34,2026-07-14 10:35,3744.0,3758.0,-0.37,5081000,3816.0,3720.0,5208.0,3175.0
2026-07-14 10:55:34,2026-07-14 10:40,3743.0,3758.0,-0.4,5187500,3816.0,3720.0,5208.0,3175.0
2026-07-14 11:00:30,2026-07-14 10:45,3744.0,3758.0,-0.37,5289100,3816.0,3720.0,5208.0,3175.0
2026-07-14 11:05:38,2026-07-14 10:50,3746.0,3758.0,-0.32,5377300,3816.0,3720.0,5208.0,3175.0
2026-07-14 11:10:45,2026-07-14 10:55,3740.0,3758.0,-0.48,5484400,3816.0,3720.0,5208.0,3175.0
2026-07-14 11:15:38,2026-07-14 11:00,3735.0,3758.0,-0.61,5598800,3816.0,3720.0,5208.0,3175.0
2026-07-14 11:20:57,2026-07-14 11:05,3737.0,3758.0,-0.56,5651800,3816.0,3720.0,5208.0,3175.0
2026-07-14 11:25:30,2026-07-14 11:10,3735.0,3758.0,-0.61,5719900,3816.0,3720.0,5208.0,3175.0
2026-07-14 11:30:55,2026-07-14 11:15,3731.0,3758.0,-0.72,5830000,3816.0,3720.0,5208.0,3175.0
2026-07-14 12:30:42,2026-07-14 11:30,3726.0,3758.0,-0.85,6274600,3816.0,3718.0,5208.0,3175.0
2026-07-14 12:35:34,2026-07-14 11:30,3726.0,3758.0,-0.85,6274600,3816.0,3718.0,5208.0,3175.0
2026-07-14 12:40:31,2026-07-14 11:30,3726.0,3758.0,-0.85,6274600,3816.0,3718.0,5208.0,3175.0
2026-07-14 12:45:36,2026-07-14 12:30,3733.0,3758.0,-0.67,6456200,3816.0,3718.0,5208.0,3175.0
2026-07-14 12:50:31,2026-07-14 12:35,3734.0,3758.0,-0.64,6638600,3816.0,3718.0,5208.0,3175.0
2026-07-14 12:55:40,2026-07-14 12:40,3738.0,3758.0,-0.53,6772200,3816.0,3718.0,5208.0,3175.0
2026-07-14 13:00:53,2026-07-14 12:45,3749.0,3758.0,-0.24,7097000,3816.0,3718.0,5208.0,3175.0
2026-07-14 13:05:38,2026-07-14 12:50,3747.0,3758.0,-0.29,7205400,3816.0,3718.0,5208.0,3175.0
2026-07-14 13:10:38,2026-07-14 12:55,3757.0,3758.0,-0.03,7375800,3816.0,3718.0,5208.0,3175.0
2026-07-14 13:15:35,2026-07-14 13:00,3757.0,3758.0,-0.03,7493500,3816.0,3718.0,5208.0,3175.0
2026-07-14 13:20:38,2026-07-14 13:05,3759.0,3758.0,0.03,7647900,3816.0,3718.0,5208.0,3175.0
2026-07-14 13:25:30,2026-07-14 13:10,3756.0,3758.0,-0.05,7738900,3816.0,3718.0,5208.0,3175.0
2026-07-14 13:30:35,2026-07-14 13:15,3760.0,3758.0,0.05,7951600,3816.0,3718.0,5208.0,3175.0
2026-07-14 13:35:30,2026-07-14 13:20,3758.0,3758.0,0.0,8019200,3816.0,3718.0,5208.0,3175.0
2026-07-14 13:40:49,2026-07-14 13:25,3753.0,3758.0,-0.13,8108000,3816.0,3718.0,5208.0,3175.0
2026-07-14 13:45:30,2026-07-14 13:30,3755.0,3758.0,-0.08,8166500,3816.0,3718.0,5208.0,3175.0
2026-07-14 13:50:34,2026-07-14 13:35,3756.0,3758.0,-0.05,8254300,3816.0,3718.0,5208.0,3175.0
2026-07-14 13:55:32,2026-07-14 13:40,3761.0,3758.0,0.08,8328800,3816.0,3718.0,5208.0,3175.0
2026-07-14 14:00:36,2026-07-14 13:45,3762.0,3758.0,0.11,8438000,3816.0,3718.0,5208.0,3175.0
2026-07-14 14:05:31,2026-07-14 13:50,3764.0,3758.0,0.16,8530200,3816.0,3718.0,5208.0,3175.0
2026-07-14 14:10:32,2026-07-14 13:55,3765.0,3758.0,0.19,8643600,3816.0,3718.0,5208.0,3175.0
2026-07-14 14:15:31,2026-07-14 14:00,3762.0,3758.0,0.11,8730700,3816.0,3718.0,5208.0,3175.0
2026-07-14 14:20:34,2026-07-14 14:05,3759.0,3758.0,0.03,8789800,3816.0,3718.0,5208.0,3175.0
2026-07-14 14:25:37,2026-07-14 14:10,3764.0,3758.0,0.16,8904500,3816.0,3718.0,5208.0,3175.0
2026-07-14 14:30:29,2026-07-14 14:15,3772.0,3758.0,0.37,9029000,3816.0,3718.0,5208.0,3175.0
2026-07-14 14:35:38,2026-07-14 14:20,3763.0,3758.0,0.13,9111600,3816.0,3718.0,5208.0,3175.0
2026-07-14 14:40:35,2026-07-14 14:25,3762.0,3758.0,0.11,9207900,3816.0,3718.0,5208.0,3175.0
2026-07-14 14:45:33,2026-07-14 14:30,3768.0,3758.0,0.27,9294300,3816.0,3718.0,5208.0,3175.0
2026-07-14 14:50:31,2026-07-14 14:35,3767.0,3758.0,0.24,9403500,3816.0,3718.0,5208.0,3175.0
2026-07-14 14:55:38,2026-07-14 14:40,3765.0,3758.0,0.19,9506500,3816.0,3718.0,5208.0,3175.0
2026-07-14 15:00:37,2026-07-14 14:45,3766.0,3758.0,0.21,9578600,3816.0,3718.0,5208.0,3175.0
2026-07-14 15:05:47,2026-07-14 14:50,3762.0,3758.0,0.11,9662400,3816.0,3718.0,5208.0,3175.0
2026-07-14 15:10:31,2026-07-14 14:55,3764.0,3758.0,0.16,9805200,3816.0,3718.0,5208.0,3175.0
2026-07-14 15:15:41,2026-07-14 15:00,3762.0,3758.0,0.11,9887300,3816.0,3718.0,5208.0,3175.0
2026-07-14 15:20:38,2026-07-14 15:05,3758.0,3758.0,0.0,10049200,3816.0,3718.0,5208.0,3175.0
2026-07-14 15:25:29,2026-07-14 15:10,3763.0,3758.0,0.13,10172100,3816.0,3718.0,5208.0,3175.0
2026-07-14 15:30:37,2026-07-14 15:15,3761.0,3758.0,0.08,10293200,3816.0,3718.0,5208.0,3175.0
2026-07-14 15:40:53,2026-07-14 15:24,3756.0,3758.0,-0.05,10761800,3816.0,3718.0,5208.0,3175.0
2026-07-15 09:05:29,2026-07-14 15:30,3746.0,3758.0,-0.32,12709500,3816.0,3718.0,5208.0,3203.0
2026-07-15 09:10:30,2026-07-14 15:30,3746.0,3758.0,-0.32,12709500,3816.0,3718.0,5208.0,3203.0
2026-07-15 09:15:43,2026-07-14 15:30,3746.0,3758.0,-0.32,12709500,3816.0,3718.0,5208.0,3203.0
2026-07-15 09:20:28,2026-07-15 09:05,3818.0,3746.0,1.92,2632600,3855.0,3795.0,5208.0,3203.0
2026-07-15 09:25:35,2026-07-15 09:10,3771.0,3746.0,0.67,4210700,3855.0,3767.0,5208.0,3203.0
2026-07-15 09:30:37,2026-07-15 09:15,3772.0,3746.0,0.69,4798800,3855.0,3763.0,5208.0,3203.0
2026-07-15 09:35:29,2026-07-15 09:20,3781.0,3746.0,0.93,5234300,3855.0,3763.0,5208.0,3203.0
2026-07-15 09:40:35,2026-07-15 09:25,3769.0,3746.0,0.61,5611700,3855.0,3763.0,5208.0,3203.0
2026-07-15 09:45:31,2026-07-15 09:30,3770.0,3746.0,0.64,5844300,3855.0,3763.0,5208.0,3203.0
2026-07-15 09:50:35,2026-07-15 09:35,3757.0,3746.0,0.29,6189600,3855.0,3755.0,5208.0,3203.0
2026-07-15 09:55:30,2026-07-15 09:40,3744.0,3746.0,-0.05,6760700,3855.0,3742.0,5208.0,3203.0
2026-07-15 10:00:39,2026-07-15 09:45,3735.0,3746.0,-0.29,7150900,3855.0,3730.0,5208.0,3203.0
2026-07-15 10:05:41,2026-07-15 09:50,3740.0,3746.0,-0.16,7338400,3855.0,3730.0,5208.0,3203.0
2026-07-15 10:10:34,2026-07-15 09:55,3748.0,3746.0,0.05,7534100,3855.0,3730.0,5208.0,3203.0
2026-07-15 10:15:30,2026-07-15 10:00,3732.0,3746.0,-0.37,7778400,3855.0,3730.0,5208.0,3203.0
2026-07-15 10:20:29,2026-07-15 10:05,3720.0,3746.0,-0.69,8226600,3855.0,3718.0,5208.0,3203.0
2026-07-15 10:25:30,2026-07-15 10:10,3725.0,3746.0,-0.56,8462200,3855.0,3716.0,5208.0,3203.0
2026-07-15 10:30:37,2026-07-15 10:15,3722.0,3746.0,-0.64,8626400,3855.0,3716.0,5208.0,3203.0
2026-07-15 10:35:28,2026-07-15 10:20,3726.0,3746.0,-0.53,8733300,3855.0,3716.0,5208.0,3203.0
2026-07-15 10:40:31,2026-07-15 10:25,3720.0,3746.0,-0.69,8870900,3855.0,3716.0,5208.0,3203.0
2026-07-15 10:45:37,2026-07-15 10:30,3719.0,3746.0,-0.72,9006500,3855.0,3716.0,5208.0,3203.0
2026-07-15 10:50:45,2026-07-15 10:35,3719.0,3746.0,-0.72,9134500,3855.0,3716.0,5208.0,3203.0
2026-07-15 10:55:28,2026-07-15 10:40,3728.0,3746.0,-0.48,9265900,3855.0,3716.0,5208.0,3203.0
2026-07-15 11:00:33,2026-07-15 10:45,3727.0,3746.0,-0.51,9389900,3855.0,3716.0,5208.0,3203.0
2026-07-15 11:05:42,2026-07-15 10:50,3735.0,3746.0,-0.29,9507600,3855.0,3716.0,5208.0,3203.0
2026-07-15 11:10:38,2026-07-15 10:55,3741.0,3746.0,-0.13,9651600,3855.0,3716.0,5208.0,3203.0
2026-07-15 11:15:31,2026-07-15 11:00,3741.0,3746.0,-0.13,9770500,3855.0,3716.0,5208.0,3203.0
2026-07-15 11:20:36,2026-07-15 11:05,3749.0,3746.0,0.08,9888800,3855.0,3716.0,5208.0,3203.0
2026-07-15 11:25:36,2026-07-15 11:10,3752.0,3746.0,0.16,10025300,3855.0,3716.0,5208.0,3203.0
2026-07-15 11:30:29,2026-07-15 11:15,3755.0,3746.0,0.24,10098500,3855.0,3716.0,5208.0,3203.0
2026-07-15 12:30:32,2026-07-15 11:30,3765.0,3746.0,0.51,10517200,3855.0,3716.0,5208.0,3203.0
2026-07-15 12:35:38,2026-07-15 11:30,3765.0,3746.0,0.51,10517200,3855.0,3716.0,5208.0,3203.0
2026-07-15 12:40:33,2026-07-15 11:30,3765.0,3746.0,0.51,10517200,3855.0,3716.0,5208.0,3203.0
2026-07-15 12:45:35,2026-07-15 12:30,3765.0,3746.0,0.51,10847800,3855.0,3716.0,5208.0,3203.0
2026-07-15 12:50:35,2026-07-15 12:35,3761.0,3746.0,0.4,11052000,3855.0,3716.0,5208.0,3203.0
2026-07-15 12:55:31,2026-07-15 12:40,3770.0,3746.0,0.64,11184700,3855.0,3716.0,5208.0,3203.0
2026-07-15 13:00:36,2026-07-15 12:45,3771.0,3746.0,0.67,11326900,3855.0,3716.0,5208.0,3203.0
2026-07-15 13:05:31,2026-07-15 12:50,3774.0,3746.0,0.75,11441500,3855.0,3716.0,5208.0,3203.0
2026-07-15 13:10:32,2026-07-15 12:55,3781.0,3746.0,0.93,11694900,3855.0,3716.0,5208.0,3203.0
2026-07-15 13:15:35,2026-07-15 13:00,3790.0,3746.0,1.17,11988200,3855.0,3716.0,5208.0,3203.0
2026-07-15 13:20:39,2026-07-15 13:05,3803.0,3746.0,1.52,12301300,3855.0,3716.0,5208.0,3203.0
2026-07-15 13:25:38,2026-07-15 13:10,3815.0,3746.0,1.84,12536100,3855.0,3716.0,5208.0,3203.0
2026-07-15 13:30:28,2026-07-15 13:15,3807.0,3746.0,1.63,12828300,3855.0,3716.0,5208.0,3203.0
2026-07-15 13:35:34,2026-07-15 13:20,3804.0,3746.0,1.55,12993800,3855.0,3716.0,5208.0,3203.0
2026-07-15 13:40:40,2026-07-15 13:25,3803.0,3746.0,1.52,13159300,3855.0,3716.0,5208.0,3203.0
2026-07-15 13:45:32,2026-07-15 13:30,3810.0,3746.0,1.71,13372800,3855.0,3716.0,5208.0,3203.0
2026-07-15 13:50:32,2026-07-15 13:35,3812.0,3746.0,1.76,13460400,3855.0,3716.0,5208.0,3203.0
2026-07-15 13:55:36,2026-07-15 13:40,3808.0,3746.0,1.66,13577200,3855.0,3716.0,5208.0,3203.0
2026-07-15 14:00:34,2026-07-15 13:45,3809.0,3746.0,1.68,13711100,3855.0,3716.0,5208.0,3203.0
2026-07-15 14:05:40,2026-07-15 13:50,3807.0,3746.0,1.63,13781500,3855.0,3716.0,5208.0,3203.0
2026-07-15 14:10:34,2026-07-15 13:55,3814.0,3746.0,1.82,13883900,3855.0,3716.0,5208.0,3203.0
2026-07-15 14:15:29,2026-07-15 14:00,3814.0,3746.0,1.82,13966700,3855.0,3716.0,5208.0,3203.0
2026-07-15 14:20:38,2026-07-15 14:05,3814.0,3746.0,1.82,14150600,3855.0,3716.0,5208.0,3203.0
2026-07-15 14:25:33,2026-07-15 14:10,3811.0,3746.0,1.74,14238400,3855.0,3716.0,5208.0,3203.0
2026-07-15 14:30:29,2026-07-15 14:15,3811.0,3746.0,1.74,14303200,3855.0,3716.0,5208.0,3203.0
2026-07-15 14:35:31,2026-07-15 14:20,3818.0,3746.0,1.92,14457200,3855.0,3716.0,5208.0,3203.0
2026-07-15 14:40:39,2026-07-15 14:25,3826.0,3746.0,2.14,14776600,3855.0,3716.0,5208.0,3203.0
2026-07-15 14:45:52,2026-07-15 14:30,3828.0,3746.0,2.19,14975600,3855.0,3716.0,5208.0,3203.0
2026-07-15 14:50:30,2026-07-15 14:35,3826.0,3746.0,2.14,15050900,3855.0,3716.0,5208.0,3203.0
2026-07-15 14:55:30,2026-07-15 14:40,3821.0,3746.0,2.0,15156900,3855.0,3716.0,5208.0,3203.0
2026-07-15 15:00:40,2026-07-15 14:45,3817.0,3746.0,1.9,15379600,3855.0,3716.0,5208.0,3203.0
2026-07-15 15:05:32,2026-07-15 14:50,3812.0,3746.0,1.76,15530600,3855.0,3716.0,5208.0,3203.0
2026-07-15 15:10:29,2026-07-15 14:55,3818.0,3746.0,1.92,15654600,3855.0,3716.0,5208.0,3203.0
2026-07-15 15:15:31,2026-07-15 15:00,3819.0,3746.0,1.95,15845200,3855.0,3716.0,5208.0,3203.0
2026-07-15 15:20:38,2026-07-15 15:05,3817.0,3746.0,1.9,15988000,3855.0,3716.0,5208.0,3203.0
2026-07-15 15:25:30,2026-07-15 15:10,3818.0,3746.0,1.92,16085500,3855.0,3716.0,5208.0,3203.0
2026-07-15 15:30:36,2026-07-15 15:15,3821.0,3746.0,2.0,16255200,3855.0,3716.0,5208.0,3203.0
2026-07-15 15:41:16,2026-07-15 15:24,3822.0,3746.0,2.03,16719000,3855.0,3716.0,5208.0,3203.0
2026-07-16 09:05:31,2026-07-15 15:30,3828.0,3746.0,2.19,19491400,3855.0,3716.0,5208.0,3203.0
2026-07-16 09:10:33,2026-07-15 15:30,3828.0,3746.0,2.19,19491400,3855.0,3716.0,5208.0,3203.0
2026-07-16 09:15:38,2026-07-16 09:00,3828.0,3746.0,2.19,20360900,3835.0,3797.0,5208.0,3203.0
2026-07-16 09:20:34,2026-07-16 09:05,3859.0,3828.0,0.81,2173500,3868.0,3797.0,5208.0,3203.0
2026-07-16 09:25:31,2026-07-16 09:10,3869.0,3828.0,1.07,3191000,3880.0,3797.0,5208.0,3203.0
2026-07-16 09:30:31,2026-07-16 09:15,3891.0,3828.0,1.65,3913600,3895.0,3797.0,5208.0,3203.0
2026-07-16 09:35:28,2026-07-16 09:20,3865.0,3828.0,0.97,4738700,3900.0,3797.0,5208.0,3203.0
2026-07-16 09:40:30,2026-07-16 09:25,3854.0,3828.0,0.68,5108400,3900.0,3797.0,5208.0,3203.0
2026-07-16 09:45:34,2026-07-16 09:30,3847.0,3828.0,0.5,5504100,3900.0,3797.0,5208.0,3203.0
2026-07-16 09:50:40,2026-07-16 09:35,3845.0,3828.0,0.44,5743300,3900.0,3797.0,5208.0,3203.0
2026-07-16 09:55:31,2026-07-16 09:40,3851.0,3828.0,0.6,5920600,3900.0,3797.0,5208.0,3203.0
2026-07-16 10:00:30,2026-07-16 09:45,3842.0,3828.0,0.37,6142300,3900.0,3797.0,5208.0,3203.0
2026-07-16 10:05:40,2026-07-16 09:50,3839.0,3828.0,0.29,6470400,3900.0,3797.0,5208.0,3203.0
2026-07-16 10:10:40,2026-07-16 09:55,3838.0,3828.0,0.26,6701100,3900.0,3797.0,5208.0,3203.0
2026-07-16 10:15:36,2026-07-16 10:00,3831.0,3828.0,0.08,6907600,3900.0,3797.0,5208.0,3203.0
2026-07-16 10:20:30,2026-07-16 10:05,3824.0,3828.0,-0.1,7122000,3900.0,3797.0,5208.0,3203.0
2026-07-16 10:25:42,2026-07-16 10:10,3819.0,3828.0,-0.24,7348700,3900.0,3797.0,5208.0,3203.0
2026-07-16 10:30:34,2026-07-16 10:15,3824.0,3828.0,-0.1,7498800,3900.0,3797.0,5208.0,3203.0
2026-07-16 10:35:31,2026-07-16 10:20,3825.0,3828.0,-0.08,7643400,3900.0,3797.0,5208.0,3203.0
2026-07-16 10:40:32,2026-07-16 10:25,3829.0,3828.0,0.03,7804200,3900.0,3797.0,5208.0,3203.0
2026-07-16 10:45:30,2026-07-16 10:30,3830.0,3828.0,0.05,7905900,3900.0,3797.0,5208.0,3203.0
2026-07-16 10:50:32,2026-07-16 10:35,3840.0,3828.0,0.31,8033700,3900.0,3797.0,5208.0,3203.0
2026-07-16 10:55:36,2026-07-16 10:40,3849.0,3828.0,0.55,8203800,3900.0,3797.0,5208.0,3203.0
2026-07-16 11:00:33,2026-07-16 10:45,3862.0,3828.0,0.89,8535000,3900.0,3797.0,5208.0,3203.0
2026-07-16 11:05:34,2026-07-16 10:50,3878.0,3828.0,1.31,8824700,3900.0,3797.0,5208.0,3203.0
2026-07-16 11:10:32,2026-07-16 10:55,3877.0,3828.0,1.28,9108300,3900.0,3797.0,5208.0,3203.0
2026-07-16 11:15:33,2026-07-16 11:00,3865.0,3828.0,0.97,9310600,3900.0,3797.0,5208.0,3203.0
2026-07-16 11:20:54,2026-07-16 11:05,3863.0,3828.0,0.91,9417200,3900.0,3797.0,5208.0,3203.0
2026-07-16 11:25:33,2026-07-16 11:10,3856.0,3828.0,0.73,9522200,3900.0,3797.0,5208.0,3203.0
2026-07-16 11:30:35,2026-07-16 11:15,3853.0,3828.0,0.65,9620500,3900.0,3797.0,5208.0,3203.0
2026-07-16 12:30:37,2026-07-16 11:30,3849.0,3828.0,0.55,9994800,3900.0,3797.0,5208.0,3203.0
2026-07-16 12:35:32,2026-07-16 11:30,3849.0,3828.0,0.55,9994800,3900.0,3797.0,5208.0,3203.0
2026-07-16 12:40:29,2026-07-16 11:30,3849.0,3828.0,0.55,9994800,3900.0,3797.0,5208.0,3203.0
2026-07-16 12:45:43,2026-07-16 12:30,3857.0,3828.0,0.76,10210100,3900.0,3797.0,5208.0,3203.0
2026-07-16 12:50:33,2026-07-16 12:35,3883.0,3828.0,1.44,10573600,3900.0,3797.0,5208.0,3203.0
2026-07-16 12:55:40,2026-07-16 12:40,3878.0,3828.0,1.31,10826400,3900.0,3797.0,5208.0,3203.0
2026-07-16 13:00:37,2026-07-16 12:45,3889.0,3828.0,1.59,11061500,3900.0,3797.0,5208.0,3203.0
2026-07-16 13:05:36,2026-07-16 12:50,3891.0,3828.0,1.65,11302600,3900.0,3797.0,5208.0,3203.0
2026-07-16 13:10:41,2026-07-16 12:55,3888.0,3828.0,1.57,11425100,3900.0,3797.0,5208.0,3203.0
2026-07-16 13:15:31,2026-07-16 13:00,3893.0,3828.0,1.7,11658300,3900.0,3797.0,5208.0,3203.0
2026-07-16 13:20:40,2026-07-16 13:05,3887.0,3828.0,1.54,11765700,3900.0,3797.0,5208.0,3203.0
2026-07-16 13:25:38,2026-07-16 13:10,3877.0,3828.0,1.28,11879800,3900.0,3797.0,5208.0,3203.0
2026-07-16 13:30:44,2026-07-16 13:15,3881.0,3828.0,1.38,11971800,3900.0,3797.0,5208.0,3203.0
2026-07-16 13:35:30,2026-07-16 13:20,3882.0,3828.0,1.41,12051700,3900.0,3797.0,5208.0,3203.0
2026-07-16 13:40:33,2026-07-16 13:25,3867.0,3828.0,1.02,12252800,3900.0,3797.0,5208.0,3203.0
2026-07-16 13:45:29,2026-07-16 13:30,3861.0,3828.0,0.86,12403500,3900.0,3797.0,5208.0,3203.0
2026-07-16 13:50:31,2026-07-16 13:35,3861.0,3828.0,0.86,12493500,3900.0,3797.0,5208.0,3203.0
2026-07-16 13:55:41,2026-07-16 13:40,3847.0,3828.0,0.5,12660200,3900.0,3797.0,5208.0,3203.0
2026-07-16 14:00:46,2026-07-16 13:45,3851.0,3828.0,0.6,12772000,3900.0,3797.0,5208.0,3203.0
2026-07-16 14:05:33,2026-07-16 13:50,3850.0,3828.0,0.57,12866200,3900.0,3797.0,5208.0,3203.0
2026-07-16 14:10:35,2026-07-16 13:55,3852.0,3828.0,0.63,12965800,3900.0,3797.0,5208.0,3203.0
2026-07-16 14:15:35,2026-07-16 14:00,3851.0,3828.0,0.6,13081700,3900.0,3797.0,5208.0,3203.0
2026-07-16 14:20:32,2026-07-16 14:05,3853.0,3828.0,0.65,13168800,3900.0,3797.0,5208.0,3203.0
2026-07-16 14:25:45,2026-07-16 14:10,3845.0,3828.0,0.44,13293700,3900.0,3797.0,5208.0,3203.0
2026-07-16 14:30:29,2026-07-16 14:15,3855.0,3828.0,0.71,13427100,3900.0,3797.0,5208.0,3203.0
2026-07-16 14:35:36,2026-07-16 14:20,3852.0,3828.0,0.63,13521300,3900.0,3797.0,5208.0,3203.0
2026-07-16 14:40:30,2026-07-16 14:25,3856.0,3828.0,0.73,13600100,3900.0,3797.0,5208.0,3203.0
2026-07-16 14:45:42,2026-07-16 14:30,3861.0,3828.0,0.86,13735700,3900.0,3797.0,5208.0,3203.0
2026-07-16 14:50:32,2026-07-16 14:35,3844.0,3828.0,0.42,13907800,3900.0,3797.0,5208.0,3203.0
2026-07-16 14:55:32,2026-07-16 14:38,3849.0,3828.0,0.55,13977300,3900.0,3797.0,5208.0,3203.0
2026-07-16 15:00:36,2026-07-16 14:45,3850.0,3828.0,0.57,14095500,3900.0,3797.0,5208.0,3203.0
2026-07-16 15:05:28,2026-07-16 14:50,3847.0,3828.0,0.5,14172200,3900.0,3797.0,5208.0,3203.0
2026-07-16 15:10:32,2026-07-16 14:55,3846.0,3828.0,0.47,14248700,3900.0,3797.0,5208.0,3203.0
2026-07-16 15:15:52,2026-07-16 15:00,3841.0,3828.0,0.34,14449200,3900.0,3797.0,5208.0,3203.0
2026-07-16 15:20:41,2026-07-16 15:05,3835.0,3828.0,0.18,14576500,3900.0,3797.0,5208.0,3203.0
2026-07-16 15:25:35,2026-07-16 15:10,3823.0,3828.0,-0.13,14900800,3900.0,3797.0,5208.0,3203.0
2026-07-16 15:30:30,2026-07-16 15:15,3828.0,3828.0,0.0,15077100,3900.0,3797.0,5208.0,3203.0
2026-07-16 15:40:33,2026-07-16 15:24,3823.0,3828.0,-0.13,15389300,3900.0,3797.0,5208.0,3203.0
2026-07-17 09:05:45,2026-07-16 15:30,3823.0,3828.0,-0.13,17525100,3900.0,3797.0,5208.0,3203.0
2026-07-17 09:10:56,2026-07-16 15:30,3823.0,3828.0,-0.13,17525100,3900.0,3797.0,5208.0,3203.0
2026-07-17 09:15:31,2026-07-16 15:30,3823.0,3828.0,-0.13,17525100,3900.0,3797.0,5208.0,3203.0
2026-07-17 09:20:36,2026-07-17 09:05,3722.0,3823.0,-2.64,1836400,3751.0,3705.0,5208.0,3203.0
2026-07-17 09:25:31,2026-07-17 09:10,3735.0,3823.0,-2.3,2478800,3754.0,3705.0,5208.0,3203.0
2026-07-17 09:30:33,2026-07-17 09:15,3706.0,3823.0,-3.06,3440200,3754.0,3695.0,5208.0,3203.0
2026-07-17 09:35:40,2026-07-17 09:20,3739.0,3823.0,-2.2,3815100,3754.0,3695.0,5208.0,3203.0
2026-07-17 09:40:29,2026-07-17 09:25,3730.0,3823.0,-2.43,4298800,3754.0,3695.0,5208.0,3203.0
2026-07-17 09:45:33,2026-07-17 09:30,3701.0,3823.0,-3.19,4708000,3754.0,3695.0,5208.0,3203.0
2026-07-17 09:50:39,2026-07-17 09:35,3691.0,3823.0,-3.45,5251300,3754.0,3690.0,5208.0,3203.0
2026-07-17 09:55:37,2026-07-17 09:40,3698.0,3823.0,-3.27,5554000,3754.0,3688.0,5208.0,3203.0
2026-07-17 10:00:39,2026-07-17 09:45,3698.0,3823.0,-3.27,5866100,3754.0,3688.0,5208.0,3203.0
2026-07-17 10:05:28,2026-07-17 09:50,3721.0,3823.0,-2.67,6194800,3754.0,3688.0,5208.0,3203.0
2026-07-17 10:10:40,2026-07-17 09:55,3730.0,3823.0,-2.43,6460900,3754.0,3688.0,5208.0,3203.0
2026-07-17 10:15:31,2026-07-17 10:00,3701.0,3823.0,-3.19,6824500,3754.0,3688.0,5208.0,3203.0
2026-07-17 10:20:38,2026-07-17 10:05,3686.0,3823.0,-3.58,7181000,3754.0,3686.0,5208.0,3203.0
2026-07-17 10:25:47,2026-07-17 10:10,3724.0,3823.0,-2.59,7477100,3754.0,3686.0,5208.0,3203.0
2026-07-17 10:30:31,2026-07-17 10:15,3726.0,3823.0,-2.54,7704800,3754.0,3686.0,5208.0,3203.0
2026-07-17 10:35:34,2026-07-17 10:20,3734.0,3823.0,-2.33,7972200,3754.0,3686.0,5208.0,3203.0
2026-07-17 10:40:47,2026-07-17 10:25,3719.0,3823.0,-2.72,8221900,3754.0,3686.0,5208.0,3203.0
2026-07-17 10:45:45,2026-07-17 10:30,3716.0,3823.0,-2.8,8402900,3754.0,3686.0,5208.0,3203.0
2026-07-17 10:50:42,2026-07-17 10:35,3702.0,3823.0,-3.17,8599400,3754.0,3686.0,5208.0,3203.0
2026-07-17 10:55:34,2026-07-17 10:40,3703.0,3823.0,-3.14,8842300,3754.0,3686.0,5208.0,3203.0
2026-07-17 11:00:41,2026-07-17 10:45,3699.0,3823.0,-3.24,9102600,3754.0,3686.0,5208.0,3203.0
2026-07-17 11:05:42,2026-07-17 10:50,3704.0,3823.0,-3.11,9227500,3754.0,3686.0,5208.0,3203.0
2026-07-17 11:10:41,2026-07-17 10:55,3700.0,3823.0,-3.22,9374400,3754.0,3686.0,5208.0,3203.0
2026-07-17 11:15:31,2026-07-17 11:00,3701.0,3823.0,-3.19,9465100,3754.0,3686.0,5208.0,3203.0
2026-07-17 11:20:34,2026-07-17 11:05,3704.0,3823.0,-3.11,9586300,3754.0,3686.0,5208.0,3203.0
2026-07-17 11:25:39,2026-07-17 11:10,3700.0,3823.0,-3.22,9693100,3754.0,3686.0,5208.0,3203.0
2026-07-17 11:30:29,2026-07-17 11:15,3691.0,3823.0,-3.45,9851300,3754.0,3686.0,5208.0,3203.0
2026-07-17 12:30:37,2026-07-17 11:30,3693.0,3823.0,-3.4,10376900,3754.0,3685.0,5208.0,3203.0
2026-07-17 12:35:30,2026-07-17 11:30,3693.0,3823.0,-3.4,10376900,3754.0,3685.0,5208.0,3203.0
2026-07-17 12:40:35,2026-07-17 11:30,3693.0,3823.0,-3.4,10376900,3754.0,3685.0,5208.0,3203.0
2026-07-17 12:45:39,2026-07-17 12:30,3701.0,3823.0,-3.19,10628100,3754.0,3685.0,5208.0,3203.0
2026-07-17 12:50:48,2026-07-17 12:35,3692.0,3823.0,-3.43,10927100,3754.0,3685.0,5208.0,3203.0
2026-07-17 12:55:31,2026-07-17 12:40,3691.0,3823.0,-3.45,11104700,3754.0,3685.0,5208.0,3203.0
2026-07-17 13:00:35,2026-07-17 12:45,3684.0,3823.0,-3.64,11401000,3754.0,3682.0,5208.0,3203.0
2026-07-17 13:05:34,2026-07-17 12:50,3681.0,3823.0,-3.71,11622600,3754.0,3680.0,5208.0,3203.0
2026-07-17 13:10:45,2026-07-17 12:55,3680.0,3823.0,-3.74,11895600,3754.0,3677.0,5208.0,3203.0
2026-07-17 13:15:36,2026-07-17 13:00,3674.0,3823.0,-3.9,12065000,3754.0,3674.0,5208.0,3203.0
2026-07-17 13:20:30,2026-07-17 13:05,3674.0,3823.0,-3.9,12317700,3754.0,3665.0,5208.0,3203.0
2026-07-17 13:25:29,2026-07-17 13:10,3669.0,3823.0,-4.03,12478800,3754.0,3665.0,5208.0,3203.0
2026-07-17 13:30:32,2026-07-17 13:15,3666.0,3823.0,-4.11,12747400,3754.0,3664.0,5208.0,3203.0
2026-07-17 13:35:31,2026-07-17 13:20,3664.0,3823.0,-4.16,12957600,3754.0,3661.0,5208.0,3203.0
2026-07-17 13:40:39,2026-07-17 13:25,3654.0,3823.0,-4.42,13234200,3754.0,3654.0,5208.0,3203.0
2026-07-17 13:45:29,2026-07-17 13:30,3645.0,3823.0,-4.66,13836000,3754.0,3639.0,5208.0,3203.0
2026-07-17 13:50:29,2026-07-17 13:35,3640.0,3823.0,-4.79,14054900,3754.0,3637.0,5208.0,3203.0
2026-07-17 13:55:32,2026-07-17 13:40,3627.0,3823.0,-5.13,14383100,3754.0,3626.0,5208.0,3203.0
2026-07-17 14:00:40,2026-07-17 13:45,3648.0,3823.0,-4.58,14704400,3754.0,3626.0,5208.0,3203.0
2026-07-17 14:05:34,2026-07-17 13:50,3657.0,3823.0,-4.34,14910300,3754.0,3626.0,5208.0,3203.0
2026-07-17 14:10:30,2026-07-17 13:55,3657.0,3823.0,-4.34,15098400,3754.0,3626.0,5208.0,3203.0
2026-07-17 14:15:33,2026-07-17 14:00,3656.0,3823.0,-4.37,15256500,3754.0,3626.0,5208.0,3203.0
2026-07-17 14:20:36,2026-07-17 14:05,3647.0,3823.0,-4.6,15493900,3754.0,3626.0,5208.0,3203.0
2026-07-17 14:25:46,2026-07-17 14:10,3653.0,3823.0,-4.45,15668900,3754.0,3626.0,5208.0,3203.0
2026-07-17 14:30:32,2026-07-17 14:15,3662.0,3823.0,-4.21,15808800,3754.0,3626.0,5208.0,3203.0
2026-07-17 14:35:50,2026-07-17 14:20,3663.0,3823.0,-4.19,15944700,3754.0,3626.0,5208.0,3203.0
2026-07-17 14:40:29,2026-07-17 14:25,3657.0,3823.0,-4.34,16126500,3754.0,3626.0,5208.0,3203.0
2026-07-17 14:45:34,2026-07-17 14:30,3654.0,3823.0,-4.42,16286000,3754.0,3626.0,5208.0,3203.0
2026-07-17 14:50:28,2026-07-17 14:35,3657.0,3823.0,-4.34,16415300,3754.0,3626.0,5208.0,3203.0
2026-07-17 14:55:38,2026-07-17 14:40,3648.0,3823.0,-4.58,16630800,3754.0,3626.0,5208.0,3203.0
2026-07-17 15:00:28,2026-07-17 14:45,3663.0,3823.0,-4.19,16841100,3754.0,3626.0,5208.0,3203.0
2026-07-17 15:05:55,2026-07-17 14:50,3668.0,3823.0,-4.05,17035800,3754.0,3626.0,5208.0,3203.0
2026-07-17 15:10:31,2026-07-17 14:55,3667.0,3823.0,-4.08,17233000,3754.0,3626.0,5208.0,3203.0
2026-07-17 15:15:35,2026-07-17 15:00,3673.0,3823.0,-3.92,17372200,3754.0,3626.0,5208.0,3203.0
2026-07-17 15:20:36,2026-07-17 15:05,3674.0,3823.0,-3.9,17604000,3754.0,3626.0,5208.0,3203.0
2026-07-17 15:25:45,2026-07-17 15:10,3678.0,3823.0,-3.79,17820500,3754.0,3626.0,5208.0,3203.0
2026-07-17 15:30:34,2026-07-17 15:15,3683.0,3823.0,-3.66,18039400,3754.0,3626.0,5208.0,3203.0
2026-07-17 15:40:41,2026-07-17 15:24,3681.0,3823.0,-3.71,18670900,3754.0,3626.0,5208.0,3203.0
2026-07-21 09:05:30,2026-07-17 15:30,3681.0,3823.0,-3.71,21441300,3754.0,3626.0,5208.0,3308.0
2026-07-21 09:10:31,2026-07-17 15:30,3681.0,3823.0,-3.71,21441300,3754.0,3626.0,5208.0,3308.0
2026-07-21 09:15:29,2026-07-21 09:00,3747.0,3823.0,-1.99,22871500,3753.0,3717.0,5208.0,3308.0
2026-07-21 09:20:39,2026-07-21 09:05,3798.0,3681.0,3.18,2875900,3803.0,3717.0,5208.0,3308.0
2026-07-21 09:25:43,2026-07-21 09:10,3783.0,3681.0,2.77,3604000,3803.0,3717.0,5208.0,3308.0
2026-07-21 09:30:39,2026-07-21 09:15,3812.0,3681.0,3.56,4493200,3816.0,3717.0,5208.0,3308.0
2026-07-21 09:35:42,2026-07-21 09:20,3817.0,3681.0,3.69,5254700,3827.0,3717.0,5208.0,3308.0
2026-07-21 09:40:34,2026-07-21 09:25,3803.0,3681.0,3.31,5589600,3827.0,3717.0,5208.0,3308.0
2026-07-21 09:45:33,2026-07-21 09:30,3824.0,3681.0,3.88,6011900,3827.0,3717.0,5208.0,3308.0
2026-07-21 09:50:30,2026-07-21 09:35,3828.0,3681.0,3.99,6480900,3838.0,3717.0,5208.0,3308.0
2026-07-21 09:55:34,2026-07-21 09:40,3814.0,3681.0,3.61,6862500,3838.0,3717.0,5208.0,3308.0
2026-07-21 10:00:29,2026-07-21 09:45,3811.0,3681.0,3.53,7210800,3838.0,3717.0,5208.0,3308.0
2026-07-21 10:05:49,2026-07-21 09:50,3810.0,3681.0,3.5,7534600,3838.0,3717.0,5208.0,3308.0
2026-07-21 10:10:29,2026-07-21 09:55,3815.0,3681.0,3.64,7733600,3838.0,3717.0,5208.0,3308.0
2026-07-21 10:15:31,2026-07-21 10:00,3821.0,3681.0,3.8,7941700,3838.0,3717.0,5208.0,3308.0
2026-07-21 10:20:34,2026-07-21 10:05,3809.0,3681.0,3.48,8200500,3838.0,3717.0,5208.0,3308.0
2026-07-21 10:25:29,2026-07-21 10:10,3829.0,3681.0,4.02,8417200,3838.0,3717.0,5208.0,3308.0
2026-07-21 10:30:33,2026-07-21 10:15,3842.0,3681.0,4.37,8882500,3844.0,3717.0,5208.0,3308.0
2026-07-21 10:35:32,2026-07-21 10:20,3830.0,3681.0,4.05,9260900,3848.0,3717.0,5208.0,3308.0
2026-07-21 10:40:28,2026-07-21 10:25,3843.0,3681.0,4.4,9460400,3848.0,3717.0,5208.0,3308.0
2026-07-21 10:45:39,2026-07-21 10:30,3851.0,3681.0,4.62,9889000,3852.0,3717.0,5208.0,3308.0
2026-07-21 10:50:47,2026-07-21 10:35,3853.0,3681.0,4.67,10248700,3859.0,3717.0,5208.0,3308.0
2026-07-21 10:55:44,2026-07-21 10:40,3864.0,3681.0,4.97,10902000,3871.0,3717.0,5208.0,3308.0
2026-07-21 11:00:30,2026-07-21 10:45,3865.0,3681.0,5.0,11101400,3871.0,3717.0,5208.0,3308.0
2026-07-21 11:05:36,2026-07-21 10:50,3868.0,3681.0,5.08,11652900,3889.0,3717.0,5208.0,3308.0
2026-07-21 11:10:36,2026-07-21 10:55,3863.0,3681.0,4.94,11835700,3889.0,3717.0,5208.0,3308.0
2026-07-21 11:15:30,2026-07-21 11:00,3859.0,3681.0,4.84,11983900,3889.0,3717.0,5208.0,3308.0
2026-07-21 11:20:31,2026-07-21 11:05,3864.0,3681.0,4.97,12168400,3889.0,3717.0,5208.0,3308.0
2026-07-21 11:25:34,2026-07-21 11:10,3862.0,3681.0,4.92,12335800,3889.0,3717.0,5208.0,3308.0
2026-07-21 11:30:38,2026-07-21 11:15,3858.0,3681.0,4.81,12441400,3889.0,3717.0,5208.0,3308.0
2026-07-21 12:30:33,2026-07-21 11:30,3867.0,3681.0,5.05,12836800,3889.0,3717.0,5208.0,3308.0
2026-07-21 12:35:30,2026-07-21 11:30,3867.0,3681.0,5.05,12836800,3889.0,3717.0,5208.0,3308.0
2026-07-21 12:40:28,2026-07-21 11:30,3867.0,3681.0,5.05,12836800,3889.0,3717.0,5208.0,3308.0
2026-07-21 12:45:52,2026-07-21 12:30,3858.0,3681.0,4.81,13295500,3889.0,3717.0,5208.0,3308.0
2026-07-21 12:50:32,2026-07-21 12:35,3848.0,3681.0,4.54,13566000,3889.0,3717.0,5208.0,3308.0
2026-07-21 12:55:33,2026-07-21 12:40,3844.0,3681.0,4.43,13783800,3889.0,3717.0,5208.0,3308.0
2026-07-21 13:00:30,2026-07-21 12:45,3844.0,3681.0,4.43,13899200,3889.0,3717.0,5208.0,3308.0
2026-07-21 13:05:32,2026-07-21 12:50,3842.0,3681.0,4.37,14027800,3889.0,3717.0,5208.0,3308.0
2026-07-21 13:10:36,2026-07-21 12:55,3850.0,3681.0,4.59,14159800,3889.0,3717.0,5208.0,3308.0
2026-07-21 13:15:38,2026-07-21 13:00,3850.0,3681.0,4.59,14320600,3889.0,3717.0,5208.0,3308.0
2026-07-21 13:20:48,2026-07-21 13:05,3838.0,3681.0,4.27,14469800,3889.0,3717.0,5208.0,3308.0
2026-07-21 13:25:30,2026-07-21 13:10,3845.0,3681.0,4.46,14576600,3889.0,3717.0,5208.0,3308.0
2026-07-21 13:30:42,2026-07-21 13:15,3844.0,3681.0,4.43,14690500,3889.0,3717.0,5208.0,3308.0
2026-07-21 13:35:34,2026-07-21 13:20,3841.0,3681.0,4.35,14816700,3889.0,3717.0,5208.0,3308.0
2026-07-21 13:40:41,2026-07-21 13:25,3836.0,3681.0,4.21,14906400,3889.0,3717.0,5208.0,3308.0
2026-07-21 13:45:37,2026-07-21 13:30,3841.0,3681.0,4.35,14967900,3889.0,3717.0,5208.0,3308.0
2026-07-21 13:50:30,2026-07-21 13:35,3847.0,3681.0,4.51,15086700,3889.0,3717.0,5208.0,3308.0
2026-07-21 13:55:35,2026-07-21 13:40,3846.0,3681.0,4.48,15168000,3889.0,3717.0,5208.0,3308.0
2026-07-21 14:00:46,2026-07-21 13:45,3845.0,3681.0,4.46,15267600,3889.0,3717.0,5208.0,3308.0
2026-07-21 14:05:36,2026-07-21 13:50,3854.0,3681.0,4.7,15354800,3889.0,3717.0,5208.0,3308.0
2026-07-21 14:10:36,2026-07-21 13:55,3851.0,3681.0,4.62,15522100,3889.0,3717.0,5208.0,3308.0
2026-07-21 14:15:37,2026-07-21 14:00,3852.0,3681.0,4.65,15576900,3889.0,3717.0,5208.0,3308.0
2026-07-21 14:20:37,2026-07-21 14:05,3854.0,3681.0,4.7,15713900,3889.0,3717.0,5208.0,3308.0
2026-07-21 14:25:32,2026-07-21 14:10,3855.0,3681.0,4.73,15769900,3889.0,3717.0,5208.0,3308.0
2026-07-21 14:30:39,2026-07-21 14:15,3846.0,3681.0,4.48,15902000,3889.0,3717.0,5208.0,3308.0
2026-07-21 14:35:38,2026-07-21 14:20,3845.0,3681.0,4.46,16028900,3889.0,3717.0,5208.0,3308.0
2026-07-21 14:40:30,2026-07-21 14:25,3853.0,3681.0,4.67,16172000,3889.0,3717.0,5208.0,3308.0
2026-07-21 14:45:34,2026-07-21 14:30,3859.0,3681.0,4.84,16290100,3889.0,3717.0,5208.0,3308.0
2026-07-21 14:50:42,2026-07-21 14:35,3860.0,3681.0,4.86,16480500,3889.0,3717.0,5208.0,3308.0
2026-07-21 14:55:34,2026-07-21 14:40,3860.0,3681.0,4.86,16612800,3889.0,3717.0,5208.0,3308.0
2026-07-21 15:00:37,2026-07-21 14:45,3861.0,3681.0,4.89,16713900,3889.0,3717.0,5208.0,3308.0
2026-07-21 15:05:40,2026-07-21 14:50,3863.0,3681.0,4.94,16888700,3889.0,3717.0,5208.0,3308.0
2026-07-21 15:10:45,2026-07-21 14:55,3867.0,3681.0,5.05,17027100,3889.0,3717.0,5208.0,3308.0
2026-07-21 15:15:40,2026-07-21 15:00,3869.0,3681.0,5.11,17208200,3889.0,3717.0,5208.0,3308.0
2026-07-21 15:20:32,2026-07-21 15:05,3862.0,3681.0,4.92,17354200,3889.0,3717.0,5208.0,3308.0
2026-07-21 15:25:33,2026-07-21 15:10,3867.0,3681.0,5.05,17505000,3889.0,3717.0,5208.0,3308.0
2026-07-21 15:30:29,2026-07-21 15:15,3864.0,3681.0,4.97,17656000,3889.0,3717.0,5208.0,3308.0
2026-07-21 15:40:31,2026-07-21 15:24,3855.0,3681.0,4.73,18179500,3889.0,3717.0,5208.0,3308.0
2026-07-22 09:05:30,2026-07-21 15:30,3852.0,3681.0,4.65,21670300,3889.0,3717.0,5208.0,3308.0
2026-07-22 09:10:42,2026-07-21 15:30,3852.0,3681.0,4.65,21670300,3889.0,3717.0,5208.0,3308.0
2026-07-22 09:15:28,2026-07-22 09:00,3852.0,3681.0,4.65,22352100,3838.0,3804.0,5208.0,3308.0
2026-07-22 09:20:29,2026-07-22 09:05,3851.0,3852.0,-0.03,1485500,3873.0,3804.0,5208.0,3308.0
2026-07-22 09:25:32,2026-07-22 09:10,3837.0,3852.0,-0.39,1928200,3873.0,3804.0,5208.0,3308.0
2026-07-22 09:30:34,2026-07-22 09:15,3851.0,3852.0,-0.03,2290900,3873.0,3804.0,5208.0,3308.0
2026-07-22 09:35:39,2026-07-22 09:20,3839.0,3852.0,-0.34,2492500,3873.0,3804.0,5208.0,3308.0
2026-07-22 09:40:39,2026-07-22 09:25,3836.0,3852.0,-0.42,2675400,3873.0,3804.0,5208.0,3308.0
2026-07-22 09:45:37,2026-07-22 09:30,3866.0,3852.0,0.36,2969100,3873.0,3804.0,5208.0,3308.0
2026-07-22 09:50:39,2026-07-22 09:35,3875.0,3852.0,0.6,3175500,3875.0,3804.0,5208.0,3308.0
2026-07-22 09:55:28,2026-07-22 09:40,3892.0,3852.0,1.04,3448200,3894.0,3804.0,5208.0,3308.0
2026-07-22 10:00:29,2026-07-22 09:45,3887.0,3852.0,0.91,3624700,3897.0,3804.0,5208.0,3308.0
2026-07-22 10:05:28,2026-07-22 09:50,3885.0,3852.0,0.86,3774500,3897.0,3804.0,5208.0,3308.0
2026-07-22 10:10:29,2026-07-22 09:55,3883.0,3852.0,0.8,3951700,3897.0,3804.0,5208.0,3308.0
2026-07-22 10:15:31,2026-07-22 10:00,3896.0,3852.0,1.14,4159700,3897.0,3804.0,5208.0,3308.0
2026-07-22 10:20:43,2026-07-22 10:05,3883.0,3852.0,0.8,4286000,3897.0,3804.0,5208.0,3308.0
2026-07-22 10:25:49,2026-07-22 10:10,3882.0,3852.0,0.78,4401100,3897.0,3804.0,5208.0,3308.0
2026-07-22 10:30:37,2026-07-22 10:15,3881.0,3852.0,0.75,4481200,3897.0,3804.0,5208.0,3308.0
2026-07-22 10:35:29,2026-07-22 10:20,3894.0,3852.0,1.09,4674600,3897.0,3804.0,5208.0,3308.0
2026-07-22 10:40:33,2026-07-22 10:25,3893.0,3852.0,1.06,4819400,3897.0,3804.0,5208.0,3308.0
2026-07-22 10:45:42,2026-07-22 10:30,3896.0,3852.0,1.14,5236100,3905.0,3804.0,5208.0,3308.0
2026-07-22 10:50:31,2026-07-22 10:35,3891.0,3852.0,1.01,5347700,3905.0,3804.0,5208.0,3308.0
2026-07-22 10:55:39,2026-07-22 10:40,3891.0,3852.0,1.01,5447800,3905.0,3804.0,5208.0,3308.0
2026-07-22 11:00:37,2026-07-22 10:45,3890.0,3852.0,0.99,5532600,3905.0,3804.0,5208.0,3308.0
2026-07-22 11:05:44,2026-07-22 10:50,3892.0,3852.0,1.04,5603100,3905.0,3804.0,5208.0,3308.0
2026-07-22 11:10:33,2026-07-22 10:55,3905.0,3852.0,1.38,5774700,3907.0,3804.0,5208.0,3308.0
2026-07-22 11:15:38,2026-07-22 11:00,3899.0,3852.0,1.22,5883800,3907.0,3804.0,5208.0,3308.0
2026-07-22 11:20:31,2026-07-22 11:05,3896.0,3852.0,1.14,6003800,3907.0,3804.0,5208.0,3308.0
2026-07-22 11:25:34,2026-07-22 11:10,3907.0,3852.0,1.43,6116200,3907.0,3804.0,5208.0,3308.0
2026-07-22 11:30:29,2026-07-22 11:15,3907.0,3852.0,1.43,6361300,3914.0,3804.0,5208.0,3308.0
2026-07-22 12:30:36,2026-07-22 11:30,3906.0,3852.0,1.4,6620300,3914.0,3804.0,5208.0,3308.0
2026-07-22 12:35:39,2026-07-22 11:30,3906.0,3852.0,1.4,6620300,3914.0,3804.0,5208.0,3308.0
2026-07-22 12:40:36,2026-07-22 11:30,3906.0,3852.0,1.4,6620300,3914.0,3804.0,5208.0,3308.0
2026-07-22 12:45:33,2026-07-22 12:30,3903.0,3852.0,1.32,6854600,3914.0,3804.0,5208.0,3308.0
2026-07-22 12:50:32,2026-07-22 12:35,3900.0,3852.0,1.25,7023300,3914.0,3804.0,5208.0,3308.0
2026-07-22 12:55:35,2026-07-22 12:40,3899.0,3852.0,1.22,7125000,3914.0,3804.0,5208.0,3308.0
2026-07-22 13:00:46,2026-07-22 12:45,3906.0,3852.0,1.4,7231500,3914.0,3804.0,5208.0,3308.0
2026-07-22 13:05:30,2026-07-22 12:50,3909.0,3852.0,1.48,7445400,3916.0,3804.0,5208.0,3308.0
2026-07-22 13:10:33,2026-07-22 12:55,3902.0,3852.0,1.3,7557200,3916.0,3804.0,5208.0,3308.0
2026-07-22 13:15:33,2026-07-22 13:00,3898.0,3852.0,1.19,7709900,3916.0,3804.0,5208.0,3308.0
2026-07-22 13:20:33,2026-07-22 13:05,3905.0,3852.0,1.38,7820200,3916.0,3804.0,5208.0,3308.0
2026-07-22 13:25:58,2026-07-22 13:10,3908.0,3852.0,1.45,7880700,3916.0,3804.0,5208.0,3308.0
2026-07-22 13:30:44,2026-07-22 13:15,3905.0,3852.0,1.38,7944100,3916.0,3804.0,5208.0,3308.0
2026-07-22 13:35:37,2026-07-22 13:20,3913.0,3852.0,1.58,8064300,3916.0,3804.0,5208.0,3308.0
2026-07-22 13:40:36,2026-07-22 13:25,3909.0,3852.0,1.48,8114600,3916.0,3804.0,5208.0,3308.0
2026-07-22 13:45:41,2026-07-22 13:30,3907.0,3852.0,1.43,8173400,3916.0,3804.0,5208.0,3308.0
2026-07-22 13:50:38,2026-07-22 13:35,3904.0,3852.0,1.35,8217600,3916.0,3804.0,5208.0,3308.0
2026-07-22 13:55:35,2026-07-22 13:40,3912.0,3852.0,1.56,8300300,3916.0,3804.0,5208.0,3308.0
2026-07-22 14:00:39,2026-07-22 13:45,3914.0,3852.0,1.61,8395100,3916.0,3804.0,5208.0,3308.0
2026-07-22 14:05:43,2026-07-22 13:50,3912.0,3852.0,1.56,8489400,3916.0,3804.0,5208.0,3308.0
2026-07-22 14:10:34,2026-07-22 13:55,3906.0,3852.0,1.4,8578800,3916.0,3804.0,5208.0,3308.0
2026-07-22 14:15:53,2026-07-22 14:00,3911.0,3852.0,1.53,8757500,3916.0,3804.0,5208.0,3308.0
2026-07-22 14:20:38,2026-07-22 14:05,3901.0,3852.0,1.27,8821600,3916.0,3804.0,5208.0,3308.0
2026-07-22 14:25:35,2026-07-22 14:10,3898.0,3852.0,1.19,8939500,3916.0,3804.0,5208.0,3308.0
2026-07-22 14:30:36,2026-07-22 14:15,3897.0,3852.0,1.17,9097400,3916.0,3804.0,5208.0,3308.0
2026-07-22 14:35:36,2026-07-22 14:20,3897.0,3852.0,1.17,9226200,3916.0,3804.0,5208.0,3308.0
2026-07-22 14:40:32,2026-07-22 14:25,3896.0,3852.0,1.14,9341800,3916.0,3804.0,5208.0,3308.0
2026-07-22 14:45:40,2026-07-22 14:30,3897.0,3852.0,1.17,9459000,3916.0,3804.0,5208.0,3308.0
2026-07-22 14:50:57,2026-07-22 14:35,3903.0,3852.0,1.32,9585800,3916.0,3804.0,5208.0,3308.0
2026-07-22 14:55:35,2026-07-22 14:40,3902.0,3852.0,1.3,9701400,3916.0,3804.0,5208.0,3308.0
2026-07-22 15:00:35,2026-07-22 14:42,3897.0,3852.0,1.17,9731900,3916.0,3804.0,5208.0,3308.0
2026-07-22 15:05:40,2026-07-22 14:50,3896.0,3852.0,1.14,9914600,3916.0,3804.0,5208.0,3308.0
2026-07-22 15:10:39,2026-07-22 14:55,3894.0,3852.0,1.09,10039400,3916.0,3804.0,5208.0,3308.0
2026-07-22 15:15:51,2026-07-22 15:00,3898.0,3852.0,1.19,10126100,3916.0,3804.0,5208.0,3308.0
2026-07-22 15:20:31,2026-07-22 15:05,3891.0,3852.0,1.01,10233100,3916.0,3804.0,5208.0,3308.0
2026-07-22 15:25:43,2026-07-22 15:10,3896.0,3852.0,1.14,10369100,3916.0,3804.0,5208.0,3308.0
2026-07-22 15:30:54,2026-07-22 15:15,3894.0,3852.0,1.09,10528100,3916.0,3804.0,5208.0,3308.0
2026-07-22 15:40:44,2026-07-22 15:24,3891.0,3852.0,1.01,11061200,3916.0,3804.0,5208.0,3308.0
2026-07-23 09:05:32,2026-07-22 15:30,3892.0,3852.0,1.04,13718100,3916.0,3804.0,5208.0,3359.0
2026-07-23 09:10:31,2026-07-22 15:30,3892.0,3852.0,1.04,13718100,3916.0,3804.0,5208.0,3359.0
2026-07-23 09:15:30,2026-07-22 15:30,3892.0,3852.0,1.04,13718100,3916.0,3804.0,5208.0,3359.0
2026-07-23 09:20:33,2026-07-23 09:05,3882.0,3892.0,-0.26,1670500,3912.0,3851.0,5208.0,3359.0
2026-07-23 09:25:35,2026-07-23 09:10,3874.0,3892.0,-0.46,2286000,3912.0,3851.0,5208.0,3359.0
2026-07-23 09:30:34,2026-07-23 09:15,3887.0,3892.0,-0.13,2796600,3912.0,3851.0,5208.0,3359.0
2026-07-23 09:35:31,2026-07-23 09:20,3885.0,3892.0,-0.18,3133500,3912.0,3851.0,5208.0,3359.0
2026-07-23 09:40:33,2026-07-23 09:25,3883.0,3892.0,-0.23,3471900,3912.0,3851.0,5208.0,3359.0
2026-07-23 09:45:31,2026-07-23 09:30,3872.0,3892.0,-0.51,3734500,3912.0,3851.0,5208.0,3359.0
2026-07-23 09:50:32,2026-07-23 09:35,3865.0,3892.0,-0.69,3955000,3912.0,3851.0,5208.0,3359.0
2026-07-23 09:55:28,2026-07-23 09:40,3868.0,3892.0,-0.62,4214500,3912.0,3851.0,5208.0,3359.0
2026-07-23 10:00:33,2026-07-23 09:45,3869.0,3892.0,-0.59,4372800,3912.0,3851.0,5208.0,3359.0
2026-07-23 10:06:03,2026-07-23 09:51,3886.0,3892.0,-0.15,4742100,3912.0,3851.0,5208.0,3359.0
2026-07-23 10:10:36,2026-07-23 09:55,3883.0,3892.0,-0.23,4920900,3912.0,3851.0,5208.0,3359.0
2026-07-23 10:15:29,2026-07-23 10:00,3893.0,3892.0,0.03,5131100,3912.0,3851.0,5208.0,3359.0
2026-07-23 10:20:30,2026-07-23 10:05,3888.0,3892.0,-0.1,5298300,3912.0,3851.0,5208.0,3359.0
2026-07-23 10:25:32,2026-07-23 10:10,3894.0,3892.0,0.05,5487800,3912.0,3851.0,5208.0,3359.0
2026-07-23 10:30:39,2026-07-23 10:15,3892.0,3892.0,0.0,5675600,3912.0,3851.0,5208.0,3359.0
2026-07-23 10:35:37,2026-07-23 10:20,3887.0,3892.0,-0.13,5831700,3912.0,3851.0,5208.0,3359.0
2026-07-23 10:40:32,2026-07-23 10:25,3882.0,3892.0,-0.26,6018600,3912.0,3851.0,5208.0,3359.0
2026-07-23 10:45:54,2026-07-23 10:30,3883.0,3892.0,-0.23,6117000,3912.0,3851.0,5208.0,3359.0
2026-07-23 10:50:33,2026-07-23 10:35,3886.0,3892.0,-0.15,6176700,3912.0,3851.0,5208.0,3359.0
2026-07-23 10:55:36,2026-07-23 10:40,3884.0,3892.0,-0.21,6300100,3912.0,3851.0,5208.0,3359.0
2026-07-23 11:00:37,2026-07-23 10:45,3891.0,3892.0,-0.03,6439200,3912.0,3851.0,5208.0,3359.0
2026-07-23 11:05:38,2026-07-23 10:50,3891.0,3892.0,-0.03,6566200,3912.0,3851.0,5208.0,3359.0
2026-07-23 11:10:34,2026-07-23 10:55,3894.0,3892.0,0.05,6652900,3912.0,3851.0,5208.0,3359.0
2026-07-23 11:15:35,2026-07-23 11:00,3890.0,3892.0,-0.05,6732000,3912.0,3851.0,5208.0,3359.0
2026-07-23 11:20:29,2026-07-23 11:05,3895.0,3892.0,0.08,6835500,3912.0,3851.0,5208.0,3359.0
2026-07-23 11:25:27,2026-07-23 11:10,3890.0,3892.0,-0.05,6906400,3912.0,3851.0,5208.0,3359.0
2026-07-23 11:30:31,2026-07-23 11:15,3887.0,3892.0,-0.13,7002100,3912.0,3851.0,5208.0,3359.0
2026-07-23 12:30:31,2026-07-23 11:30,3888.0,3892.0,-0.1,7218600,3912.0,3851.0,5208.0,3359.0
2026-07-23 12:35:42,2026-07-23 11:30,3888.0,3892.0,-0.1,7218600,3912.0,3851.0,5208.0,3359.0
2026-07-23 12:40:30,2026-07-23 11:30,3888.0,3892.0,-0.1,7218600,3912.0,3851.0,5208.0,3359.0
2026-07-23 12:45:39,2026-07-23 12:30,3897.0,3892.0,0.13,7534600,3912.0,3851.0,5208.0,3359.0
2026-07-23 12:50:33,2026-07-23 12:35,3895.0,3892.0,0.08,7668800,3912.0,3851.0,5208.0,3359.0
2026-07-23 12:55:41,2026-07-23 12:40,3898.0,3892.0,0.15,7853500,3912.0,3851.0,5208.0,3359.0
2026-07-23 13:00:34,2026-07-23 12:45,3901.0,3892.0,0.23,7974600,3912.0,3851.0,5208.0,3359.0
2026-07-23 13:05:31,2026-07-23 12:50,3898.0,3892.0,0.15,8061200,3912.0,3851.0,5208.0,3359.0
2026-07-23 13:10:30,2026-07-23 12:55,3901.0,3892.0,0.23,8169900,3912.0,3851.0,5208.0,3359.0
2026-07-23 13:15:36,2026-07-23 13:00,3897.0,3892.0,0.13,8247400,3912.0,3851.0,5208.0,3359.0
2026-07-23 13:20:38,2026-07-23 13:05,3892.0,3892.0,0.0,8337400,3912.0,3851.0,5208.0,3359.0
2026-07-23 13:25:40,2026-07-23 13:10,3888.0,3892.0,-0.1,8458600,3912.0,3851.0,5208.0,3359.0
2026-07-23 13:30:35,2026-07-23 13:15,3891.0,3892.0,-0.03,8554000,3912.0,3851.0,5208.0,3359.0
2026-07-23 13:35:34,2026-07-23 13:20,3887.0,3892.0,-0.13,8602100,3912.0,3851.0,5208.0,3359.0
2026-07-23 13:40:32,2026-07-23 13:25,3894.0,3892.0,0.05,8652300,3912.0,3851.0,5208.0,3359.0
2026-07-23 13:45:40,2026-07-23 13:30,3889.0,3892.0,-0.08,8737300,3912.0,3851.0,5208.0,3359.0
2026-07-23 13:50:39,2026-07-23 13:35,3895.0,3892.0,0.08,8807500,3912.0,3851.0,5208.0,3359.0
2026-07-23 13:55:33,2026-07-23 13:40,3903.0,3892.0,0.28,8973600,3912.0,3851.0,5208.0,3359.0
2026-07-23 14:00:34,2026-07-23 13:45,3909.0,3892.0,0.44,9178100,3912.0,3851.0,5208.0,3359.0
2026-07-23 14:05:45,2026-07-23 13:50,3911.0,3892.0,0.49,9306000,3913.0,3851.0,5208.0,3359.0
2026-07-23 14:10:31,2026-07-23 13:55,3911.0,3892.0,0.49,9414900,3915.0,3851.0,5208.0,3359.0
2026-07-23 14:15:48,2026-07-23 14:00,3918.0,3892.0,0.67,9536800,3918.0,3851.0,5208.0,3359.0
2026-07-23 14:20:29,2026-07-23 14:05,3909.0,3892.0,0.44,9615900,3918.0,3851.0,5208.0,3359.0
2026-07-23 14:25:37,2026-07-23 14:10,3913.0,3892.0,0.54,9685000,3918.0,3851.0,5208.0,3359.0
2026-07-23 14:30:29,2026-07-23 14:15,3916.0,3892.0,0.62,9791000,3918.0,3851.0,5208.0,3359.0
2026-07-23 14:35:33,2026-07-23 14:20,3915.0,3892.0,0.59,9908200,3920.0,3851.0,5208.0,3359.0
2026-07-23 14:40:48,2026-07-23 14:25,3918.0,3892.0,0.67,9986100,3920.0,3851.0,5208.0,3359.0
2026-07-23 14:45:29,2026-07-23 14:30,3915.0,3892.0,0.59,10148000,3921.0,3851.0,5208.0,3359.0
2026-07-23 14:50:36,2026-07-23 14:35,3909.0,3892.0,0.44,10458700,3921.0,3851.0,5208.0,3359.0
2026-07-23 14:55:30,2026-07-23 14:40,3912.0,3892.0,0.51,10590600,3921.0,3851.0,5208.0,3359.0
2026-07-23 15:00:52,2026-07-23 14:45,3914.0,3892.0,0.57,10693700,3921.0,3851.0,5208.0,3359.0
2026-07-23 15:05:43,2026-07-23 14:50,3918.0,3892.0,0.67,10773400,3921.0,3851.0,5208.0,3359.0
2026-07-23 15:10:31,2026-07-23 14:55,3914.0,3892.0,0.57,10875700,3921.0,3851.0,5208.0,3359.0
2026-07-23 15:15:37,2026-07-23 15:00,3919.0,3892.0,0.69,11040300,3921.0,3851.0,5208.0,3359.0
2026-07-23 15:20:38,2026-07-23 15:05,3910.0,3892.0,0.46,11183700,3921.0,3851.0,5208.0,3359.0
2026-07-23 15:25:46,2026-07-23 15:10,3906.0,3892.0,0.36,11282500,3921.0,3851.0,5208.0,3359.0
2026-07-23 15:30:47,2026-07-23 15:15,3909.0,3892.0,0.44,11401800,3921.0,3851.0,5208.0,3359.0
2026-07-23 15:40:40,2026-07-23 15:24,3912.0,3892.0,0.51,11680000,3921.0,3851.0,5208.0,3359.0
2026-07-24 09:05:37,2026-07-23 15:30,3930.0,3892.0,0.98,15068100,3930.0,3851.0,5208.0,3404.0
2026-07-24 09:10:31,2026-07-23 15:30,3930.0,3892.0,0.98,15068100,3930.0,3851.0,5208.0,3404.0
2026-07-24 09:15:35,2026-07-24 09:00,3930.0,3892.0,0.98,15903500,3980.0,3950.0,5208.0,3404.0
2026-07-24 09:20:29,2026-07-24 09:05,3923.0,3930.0,-0.18,1672600,3980.0,3907.0,5208.0,3404.0
2026-07-24 09:25:50,2026-07-24 09:10,3920.0,3930.0,-0.25,2244300,3980.0,3898.0,5208.0,3404.0
2026-07-24 09:30:35,2026-07-24 09:15,3935.0,3930.0,0.13,2545400,3980.0,3898.0,5208.0,3404.0
2026-07-24 09:35:33,2026-07-24 09:20,3933.0,3930.0,0.08,2999800,3980.0,3898.0,5208.0,3404.0
2026-07-24 09:40:33,2026-07-24 09:25,3960.0,3930.0,0.76,3468900,3980.0,3898.0,5208.0,3404.0
2026-07-24 09:45:32,2026-07-24 09:30,3957.0,3930.0,0.69,3696100,3980.0,3898.0,5208.0,3404.0
2026-07-24 09:50:40,2026-07-24 09:35,3940.0,3930.0,0.25,3980800,3980.0,3898.0,5208.0,3404.0
2026-07-24 09:55:35,2026-07-24 09:40,3954.0,3930.0,0.61,4195800,3980.0,3898.0,5208.0,3404.0
2026-07-24 10:00:40,2026-07-24 09:45,3952.0,3930.0,0.56,4393500,3980.0,3898.0,5208.0,3404.0
2026-07-24 10:05:32,2026-07-24 09:50,3958.0,3930.0,0.71,4539000,3980.0,3898.0,5208.0,3404.0
2026-07-24 10:10:29,2026-07-24 09:55,3947.0,3930.0,0.43,4684100,3980.0,3898.0,5208.0,3404.0
2026-07-24 10:15:39,2026-07-24 10:00,3956.0,3930.0,0.66,4833900,3980.0,3898.0,5208.0,3404.0
2026-07-24 10:20:30,2026-07-24 10:05,3972.0,3930.0,1.07,5056900,3980.0,3898.0,5208.0,3404.0
2026-07-24 10:25:35,2026-07-24 10:10,3971.0,3930.0,1.04,5223000,3980.0,3898.0,5208.0,3404.0
2026-07-24 10:30:35,2026-07-24 10:15,3969.0,3930.0,0.99,5521900,3981.0,3898.0,5208.0,3404.0
2026-07-24 10:35:37,2026-07-24 10:20,3970.0,3930.0,1.02,5714600,3981.0,3898.0,5208.0,3404.0
2026-07-24 10:40:41,2026-07-24 10:25,3988.0,3930.0,1.48,6011100,3988.0,3898.0,5208.0,3404.0
2026-07-24 10:45:31,2026-07-24 10:30,3984.0,3930.0,1.37,6212000,3993.0,3898.0,5208.0,3404.0
2026-07-24 10:50:39,2026-07-24 10:35,3996.0,3930.0,1.68,6390700,3996.0,3898.0,5208.0,3404.0
2026-07-24 10:55:32,2026-07-24 10:40,3992.0,3930.0,1.58,7102600,4002.0,3898.0,5208.0,3404.0
2026-07-24 11:00:35,2026-07-24 10:45,3999.0,3930.0,1.76,7344900,4002.0,3898.0,5208.0,3404.0
2026-07-24 11:05:32,2026-07-24 10:50,3983.0,3930.0,1.35,7696300,4007.0,3898.0,5208.0,3404.0
2026-07-24 11:10:48,2026-07-24 10:55,3977.0,3930.0,1.2,7974600,4007.0,3898.0,5208.0,3404.0
2026-07-24 11:15:35,2026-07-24 11:00,3977.0,3930.0,1.2,8156300,4007.0,3898.0,5208.0,3404.0
2026-07-24 11:20:40,2026-07-24 11:05,3970.0,3930.0,1.02,8279400,4007.0,3898.0,5208.0,3404.0
2026-07-24 11:25:37,2026-07-24 11:10,3977.0,3930.0,1.2,8368800,4007.0,3898.0,5208.0,3404.0
2026-07-24 11:30:29,2026-07-24 11:15,3972.0,3930.0,1.07,8443300,4007.0,3898.0,5208.0,3404.0
2026-07-24 12:30:40,2026-07-24 11:30,3983.0,3930.0,1.35,8783200,4007.0,3898.0,5208.0,3404.0
2026-07-24 12:35:36,2026-07-24 11:30,3983.0,3930.0,1.35,8783200,4007.0,3898.0,5208.0,3404.0
2026-07-24 12:40:29,2026-07-24 11:30,3983.0,3930.0,1.35,8783200,4007.0,3898.0,5208.0,3404.0
2026-07-24 12:45:30,2026-07-24 12:30,3978.0,3930.0,1.22,9060200,4007.0,3898.0,5208.0,3404.0
2026-07-24 12:50:38,2026-07-24 12:35,3970.0,3930.0,1.02,9263000,4007.0,3898.0,5208.0,3404.0
2026-07-24 12:55:37,2026-07-24 12:40,3969.0,3930.0,0.99,9409400,4007.0,3898.0,5208.0,3404.0
2026-07-24 13:00:44,2026-07-24 12:45,3973.0,3930.0,1.09,9517200,4007.0,3898.0,5208.0,3404.0
2026-07-24 13:05:33,2026-07-24 12:50,3969.0,3930.0,0.99,9633600,4007.0,3898.0,5208.0,3404.0
2026-07-24 13:10:28,2026-07-24 12:55,3959.0,3930.0,0.74,9809700,4007.0,3898.0,5208.0,3404.0
2026-07-24 13:15:33,2026-07-24 13:00,3951.0,3930.0,0.53,9928900,4007.0,3898.0,5208.0,3404.0
2026-07-24 13:20:53,2026-07-24 13:05,3950.0,3930.0,0.51,10107100,4007.0,3898.0,5208.0,3404.0
2026-07-24 13:25:32,2026-07-24 13:10,3944.0,3930.0,0.36,10199800,4007.0,3898.0,5208.0,3404.0
2026-07-24 13:30:34,2026-07-24 13:15,3937.0,3930.0,0.18,10300900,4007.0,3898.0,5208.0,3404.0
2026-07-24 13:35:30,2026-07-24 13:20,3934.0,3930.0,0.1,10450400,4007.0,3898.0,5208.0,3404.0
2026-07-24 13:40:41,2026-07-24 13:25,3949.0,3930.0,0.48,10558800,4007.0,3898.0,5208.0,3404.0
2026-07-24 13:45:37,2026-07-24 13:30,3939.0,3930.0,0.23,10663000,4007.0,3898.0,5208.0,3404.0
2026-07-24 13:50:28,2026-07-24 13:35,3934.0,3930.0,0.1,10761100,4007.0,3898.0,5208.0,3404.0
2026-07-24 13:55:29,2026-07-24 13:40,3930.0,3930.0,0.0,10911300,4007.0,3898.0,5208.0,3404.0
2026-07-24 14:00:37,2026-07-24 13:45,3930.0,3930.0,0.0,10985500,4007.0,3898.0,5208.0,3404.0
2026-07-24 14:05:51,2026-07-24 13:50,3933.0,3930.0,0.08,11042400,4007.0,3898.0,5208.0,3404.0
2026-07-24 14:10:50,2026-07-24 13:55,3930.0,3930.0,0.0,11117700,4007.0,3898.0,5208.0,3404.0
2026-07-24 14:15:46,2026-07-24 14:00,3935.0,3930.0,0.13,11203600,4007.0,3898.0,5208.0,3404.0
2026-07-24 14:20:49,2026-07-24 14:05,3937.0,3930.0,0.18,11310500,4007.0,3898.0,5208.0,3404.0
2026-07-24 14:25:47,2026-07-24 14:10,3939.0,3930.0,0.23,11389700,4007.0,3898.0,5208.0,3404.0
2026-07-24 14:30:30,2026-07-24 14:15,3944.0,3930.0,0.36,11458300,4007.0,3898.0,5208.0,3404.0
2026-07-24 14:35:36,2026-07-24 14:20,3952.0,3930.0,0.56,11597600,4007.0,3898.0,5208.0,3404.0
2026-07-24 14:40:31,2026-07-24 14:25,3954.0,3930.0,0.61,11675000,4007.0,3898.0,5208.0,3404.0
2026-07-24 14:45:30,2026-07-24 14:30,3958.0,3930.0,0.71,11826000,4007.0,3898.0,5208.0,3404.0
2026-07-24 14:50:29,2026-07-24 14:35,3956.0,3930.0,0.66,11912500,4007.0,3898.0,5208.0,3404.0
2026-07-24 14:55:43,2026-07-24 14:40,3958.0,3930.0,0.71,12030100,4007.0,3898.0,5208.0,3404.0
2026-07-24 15:01:04,2026-07-24 14:46,3960.0,3930.0,0.76,12126500,4007.0,3898.0,5208.0,3404.0
2026-07-24 15:05:53,2026-07-24 14:50,3954.0,3930.0,0.61,12211100,4007.0,3898.0,5208.0,3404.0
2026-07-24 15:10:36,2026-07-24 14:55,3955.0,3930.0,0.64,12287400,4007.0,3898.0,5208.0,3404.0
2026-07-24 15:15:29,2026-07-24 15:00,3955.0,3930.0,0.64,12397600,4007.0,3898.0,5208.0,3404.0
2026-07-24 15:20:41,2026-07-24 15:05,3940.0,3930.0,0.25,12533600,4007.0,3898.0,5208.0,3404.0
2026-07-24 15:25:37,2026-07-24 15:10,3941.0,3930.0,0.28,12708000,4007.0,3898.0,5208.0,3404.0
2026-07-24 15:30:35,2026-07-24 15:15,3943.0,3930.0,0.33,12827500,4007.0,3898.0,5208.0,3404.0
2026-07-24 15:51:02,2026-07-24 15:30,3945.0,3930.0,0.38,14576400,4007.0,3898.0,5208.0,3404.0
2026-07-27 09:05:35,2026-07-24 15:30,3945.0,3930.0,0.38,14576400,4007.0,3898.0,5208.0,3404.0
2026-07-27 09:10:59,2026-07-24 15:30,3945.0,3930.0,0.38,14576400,4007.0,3898.0,5208.0,3404.0
2026-07-27 09:15:43,2026-07-27 09:00,3979.0,3930.0,1.25,15130800,3981.0,3951.0,5208.0,3404.0
2026-07-27 09:20:38,2026-07-27 09:05,3944.0,3945.0,-0.03,1245900,3981.0,3928.0,5208.0,3404.0
2026-07-27 09:25:31,2026-07-27 09:10,3921.0,3945.0,-0.61,1626900,3981.0,3910.0,5208.0,3404.0
2026-07-27 09:30:36,2026-07-27 09:15,3932.0,3945.0,-0.33,1990300,3981.0,3910.0,5208.0,3404.0
2026-07-27 09:35:41,2026-07-27 09:20,3929.0,3945.0,-0.41,2248100,3981.0,3910.0,5208.0,3404.0
2026-07-27 09:40:34,2026-07-27 09:25,3922.0,3945.0,-0.58,2503500,3981.0,3910.0,5208.0,3404.0
2026-07-27 09:47:03,2026-07-27 09:32,3906.0,3945.0,-0.99,2845400,3981.0,3903.0,5208.0,3404.0
2026-07-27 09:50:35,2026-07-27 09:35,3914.0,3945.0,-0.79,3000400,3981.0,3903.0,5208.0,3404.0
2026-07-27 09:57:00,2026-07-27 09:41,3906.0,3945.0,-0.99,3248500,3981.0,3903.0,5208.0,3404.0
2026-07-27 10:00:36,2026-07-27 09:45,3898.0,3945.0,-1.19,3682300,3981.0,3896.0,5208.0,3404.0
2026-07-27 10:06:14,2026-07-27 09:51,3904.0,3945.0,-1.04,3850800,3981.0,3895.0,5208.0,3404.0
2026-07-27 10:10:39,2026-07-27 09:55,3905.0,3945.0,-1.01,4008900,3981.0,3895.0,5208.0,3404.0
2026-07-27 10:15:30,2026-07-27 10:00,3902.0,3945.0,-1.09,4175000,3981.0,3895.0,5208.0,3404.0
2026-07-27 10:20:33,2026-07-27 10:05,3901.0,3945.0,-1.12,4366200,3981.0,3895.0,5208.0,3404.0
2026-07-27 10:25:33,2026-07-27 10:10,3914.0,3945.0,-0.79,4628700,3981.0,3895.0,5208.0,3404.0
2026-07-27 10:30:31,2026-07-27 10:15,3888.0,3945.0,-1.44,4945800,3981.0,3887.0,5208.0,3404.0
2026-07-27 10:35:29,2026-07-27 10:20,3883.0,3945.0,-1.57,5098700,3981.0,3882.0,5208.0,3404.0
2026-07-27 10:40:41,2026-07-27 10:25,3878.0,3945.0,-1.7,5278900,3981.0,3875.0,5208.0,3404.0
2026-07-27 10:47:34,2026-07-27 10:32,3899.0,3945.0,-1.17,5526600,3981.0,3875.0,5208.0,3404.0
2026-07-27 10:50:47,2026-07-27 10:35,3889.0,3945.0,-1.42,5640400,3981.0,3875.0,5208.0,3404.0
2026-07-27 10:55:53,2026-07-27 10:40,3899.0,3945.0,-1.17,5741500,3981.0,3875.0,5208.0,3404.0
2026-07-27 11:00:34,2026-07-27 10:45,3889.0,3945.0,-1.42,5839900,3981.0,3875.0,5208.0,3404.0
2026-07-27 11:06:01,2026-07-27 10:50,3891.0,3945.0,-1.37,5928400,3981.0,3875.0,5208.0,3404.0
2026-07-27 11:10:47,2026-07-27 10:55,3890.0,3945.0,-1.39,6033900,3981.0,3875.0,5208.0,3404.0
2026-07-27 11:15:33,2026-07-27 11:00,3901.0,3945.0,-1.12,6141400,3981.0,3875.0,5208.0,3404.0
2026-07-27 11:20:36,2026-07-27 11:05,3899.0,3945.0,-1.17,6218900,3981.0,3875.0,5208.0,3404.0
2026-07-27 11:25:37,2026-07-27 11:10,3903.0,3945.0,-1.06,6315100,3981.0,3875.0,5208.0,3404.0
2026-07-27 11:30:41,2026-07-27 11:15,3907.0,3945.0,-0.96,6431600,3981.0,3875.0,5208.0,3404.0
2026-07-27 12:30:35,2026-07-27 11:30,3890.0,3945.0,-1.39,6767800,3981.0,3875.0,5208.0,3404.0
2026-07-27 12:36:59,2026-07-27 11:30,3890.0,3945.0,-1.39,6767800,3981.0,3875.0,5208.0,3404.0
2026-07-27 12:40:43,2026-07-27 11:30,3890.0,3945.0,-1.39,6767800,3981.0,3875.0,5208.0,3404.0
2026-07-27 12:45:35,2026-07-27 12:30,3888.0,3945.0,-1.44,6988900,3981.0,3875.0,5208.0,3404.0
2026-07-27 12:50:38,2026-07-27 12:35,3901.0,3945.0,-1.12,7239500,3981.0,3875.0,5208.0,3404.0
2026-07-27 12:55:39,2026-07-27 12:40,3896.0,3945.0,-1.24,7346400,3981.0,3875.0,5208.0,3404.0
2026-07-27 13:00:40,2026-07-27 12:45,3899.0,3945.0,-1.17,7448300,3981.0,3875.0,5208.0,3404.0
2026-07-27 13:06:49,2026-07-27 12:51,3894.0,3945.0,-1.29,7543900,3981.0,3875.0,5208.0,3404.0
2026-07-27 13:10:34,2026-07-27 12:55,3886.0,3945.0,-1.5,7668600,3981.0,3875.0,5208.0,3404.0
2026-07-27 13:15:32,2026-07-27 13:00,3886.0,3945.0,-1.5,7804900,3981.0,3875.0,5208.0,3404.0
2026-07-27 13:20:35,2026-07-27 13:05,3888.0,3945.0,-1.44,7932800,3981.0,3875.0,5208.0,3404.0
2026-07-27 13:26:55,2026-07-27 13:11,3885.0,3945.0,-1.52,8107100,3981.0,3875.0,5208.0,3404.0
2026-07-27 13:32:07,2026-07-27 13:17,3886.0,3945.0,-1.5,8203900,3981.0,3875.0,5208.0,3404.0
2026-07-27 13:35:47,2026-07-27 13:20,3887.0,3945.0,-1.47,8246400,3981.0,3875.0,5208.0,3404.0
2026-07-27 13:40:34,2026-07-27 13:25,3889.0,3945.0,-1.42,8338500,3981.0,3875.0,5208.0,3404.0
2026-07-27 13:45:40,2026-07-27 13:30,3887.0,3945.0,-1.47,8422800,3981.0,3875.0,5208.0,3404.0
2026-07-27 13:50:35,2026-07-27 13:35,3892.0,3945.0,-1.34,8503200,3981.0,3875.0,5208.0,3404.0
2026-07-27 13:55:30,2026-07-27 13:40,3892.0,3945.0,-1.34,8582200,3981.0,3875.0,5208.0,3404.0
2026-07-27 14:00:34,2026-07-27 13:45,3895.0,3945.0,-1.27,8781600,3981.0,3875.0,5208.0,3404.0
2026-07-27 14:05:31,2026-07-27 13:50,3893.0,3945.0,-1.32,8853800,3981.0,3875.0,5208.0,3404.0
2026-07-27 14:10:37,2026-07-27 13:55,3893.0,3945.0,-1.32,8924900,3981.0,3875.0,5208.0,3404.0
2026-07-27 14:17:02,2026-07-27 14:01,3888.0,3945.0,-1.44,9028100,3981.0,3875.0,5208.0,3404.0
2026-07-27 14:20:30,2026-07-27 14:05,3884.0,3945.0,-1.55,9112300,3981.0,3875.0,5208.0,3404.0
2026-07-27 14:25:39,2026-07-27 14:10,3889.0,3945.0,-1.42,9223100,3981.0,3875.0,5208.0,3404.0
2026-07-27 14:30:31,2026-07-27 14:15,3889.0,3945.0,-1.42,9313500,3981.0,3875.0,5208.0,3404.0
2026-07-27 14:36:50,2026-07-27 14:21,3893.0,3945.0,-1.32,9498500,3981.0,3875.0,5208.0,3404.0
2026-07-27 14:40:34,2026-07-27 14:25,3890.0,3945.0,-1.39,9574300,3981.0,3875.0,5208.0,3404.0
2026-07-27 14:45:33,2026-07-27 14:30,3891.0,3945.0,-1.37,9655800,3981.0,3875.0,5208.0,3404.0
2026-07-27 14:50:44,2026-07-27 14:35,3891.0,3945.0,-1.37,9760200,3981.0,3875.0,5208.0,3404.0
2026-07-27 14:56:54,2026-07-27 14:41,3890.0,3945.0,-1.39,9875200,3981.0,3875.0,5208.0,3404.0
2026-07-27 15:00:38,2026-07-27 14:45,3891.0,3945.0,-1.37,9930700,3981.0,3875.0,5208.0,3404.0
2026-07-27 15:05:34,2026-07-27 14:50,3888.0,3945.0,-1.44,10024900,3981.0,3875.0,5208.0,3404.0
2026-07-27 15:10:43,2026-07-27 14:55,3887.0,3945.0,-1.47,10179700,3981.0,3875.0,5208.0,3404.0
2026-07-27 15:17:10,2026-07-27 15:02,3883.0,3945.0,-1.57,10338400,3981.0,3875.0,5208.0,3404.0
2026-07-27 15:21:57,2026-07-27 15:06,3879.0,3945.0,-1.67,10693500,3981.0,3875.0,5208.0,3404.0
2026-07-27 15:25:33,2026-07-27 15:10,3880.0,3945.0,-1.65,10800700,3981.0,3875.0,5208.0,3404.0
2026-07-27 15:30:51,2026-07-27 15:15,3876.0,3945.0,-1.75,10991100,3981.0,3875.0,5208.0,3404.0
2026-07-27 15:40:38,2026-07-27 15:24,3881.0,3945.0,-1.62,11352000,3981.0,3875.0,5208.0,3404.0
2026-07-28 09:05:32,2026-07-27 15:30,3891.0,3945.0,-1.37,13481200,3981.0,3875.0,5208.0,3404.0
2026-07-28 09:10:35,2026-07-27 15:30,3891.0,3945.0,-1.37,13481200,3981.0,3875.0,5208.0,3404.0
2026-07-28 09:15:30,2026-07-27 15:30,3891.0,3945.0,-1.37,13481200,3981.0,3875.0,5208.0,3404.0
2026-07-28 09:20:38,2026-07-28 09:05,3798.0,3891.0,-2.39,1556100,3817.0,3790.0,5208.0,3404.0
2026-07-28 09:25:37,2026-07-28 09:10,3784.0,3891.0,-2.75,2129900,3817.0,3783.0,5208.0,3404.0
2026-07-28 09:30:35,2026-07-28 09:15,3788.0,3891.0,-2.65,2555200,3817.0,3777.0,5208.0,3404.0
2026-07-28 09:35:47,2026-07-28 09:20,3786.0,3891.0,-2.7,2909600,3817.0,3772.0,5208.0,3404.0
2026-07-28 09:40:35,2026-07-28 09:25,3780.0,3891.0,-2.85,3136600,3817.0,3772.0,5208.0,3404.0
2026-07-28 09:45:50,2026-07-28 09:30,3767.0,3891.0,-3.19,3558700,3817.0,3765.0,5208.0,3404.0
2026-07-28 09:50:30,2026-07-28 09:35,3768.0,3891.0,-3.16,3933900,3817.0,3758.0,5208.0,3404.0
2026-07-28 09:55:31,2026-07-28 09:40,3764.0,3891.0,-3.26,4183300,3817.0,3758.0,5208.0,3404.0
2026-07-28 10:00:43,2026-07-28 09:45,3758.0,3891.0,-3.42,4462400,3817.0,3756.0,5208.0,3404.0
2026-07-28 10:05:43,2026-07-28 09:50,3738.0,3891.0,-3.93,4945200,3817.0,3737.0,5208.0,3404.0
2026-07-28 10:10:41,2026-07-28 09:55,3741.0,3891.0,-3.86,5141800,3817.0,3737.0,5208.0,3404.0
2026-07-28 10:15:30,2026-07-28 10:00,3739.0,3891.0,-3.91,5343300,3817.0,3736.0,5208.0,3404.0
2026-07-28 10:20:44,2026-07-28 10:05,3760.0,3891.0,-3.37,5513400,3817.0,3736.0,5208.0,3404.0
2026-07-28 10:25:44,2026-07-28 10:10,3758.0,3891.0,-3.42,5635400,3817.0,3736.0,5208.0,3404.0
2026-07-28 10:30:30,2026-07-28 10:15,3767.0,3891.0,-3.19,5751800,3817.0,3736.0,5208.0,3404.0
2026-07-28 10:35:37,2026-07-28 10:20,3769.0,3891.0,-3.14,5972700,3817.0,3736.0,5208.0,3404.0
2026-07-28 10:40:34,2026-07-28 10:25,3785.0,3891.0,-2.72,6175700,3817.0,3736.0,5208.0,3404.0
2026-07-28 10:45:32,2026-07-28 10:30,3791.0,3891.0,-2.57,6344100,3817.0,3736.0,5208.0,3404.0
2026-07-28 10:50:28,2026-07-28 10:35,3792.0,3891.0,-2.54,6511100,3817.0,3736.0,5208.0,3404.0
2026-07-28 10:55:39,2026-07-28 10:40,3786.0,3891.0,-2.7,6648400,3817.0,3736.0,5208.0,3404.0
2026-07-28 11:00:36,2026-07-28 10:45,3784.0,3891.0,-2.75,6782900,3817.0,3736.0,5208.0,3404.0
2026-07-28 11:05:47,2026-07-28 10:50,3785.0,3891.0,-2.72,6899700,3817.0,3736.0,5208.0,3404.0
2026-07-28 11:10:33,2026-07-28 10:55,3775.0,3891.0,-2.98,7034000,3817.0,3736.0,5208.0,3404.0
2026-07-28 11:15:42,2026-07-28 11:00,3763.0,3891.0,-3.29,7168700,3817.0,3736.0,5208.0,3404.0
2026-07-28 11:20:38,2026-07-28 11:05,3760.0,3891.0,-3.37,7306100,3817.0,3736.0,5208.0,3404.0
2026-07-28 11:25:34,2026-07-28 11:10,3764.0,3891.0,-3.26,7405500,3817.0,3736.0,5208.0,3404.0
2026-07-28 11:30:35,2026-07-28 11:15,3756.0,3891.0,-3.47,7512800,3817.0,3736.0,5208.0,3404.0
2026-07-28 12:30:28,2026-07-28 11:30,3777.0,3891.0,-2.93,7942100,3817.0,3736.0,5208.0,3404.0
2026-07-28 12:35:35,2026-07-28 11:30,3777.0,3891.0,-2.93,7942100,3817.0,3736.0,5208.0,3404.0
2026-07-28 12:40:40,2026-07-28 11:30,3777.0,3891.0,-2.93,7942100,3817.0,3736.0,5208.0,3404.0
2026-07-28 12:45:31,2026-07-28 12:30,3772.0,3891.0,-3.06,8143200,3817.0,3736.0,5208.0,3404.0
2026-07-28 12:50:47,2026-07-28 12:35,3791.0,3891.0,-2.57,8380100,3817.0,3736.0,5208.0,3404.0
2026-07-28 12:55:38,2026-07-28 12:40,3800.0,3891.0,-2.34,8573700,3817.0,3736.0,5208.0,3404.0
2026-07-28 13:00:36,2026-07-28 12:45,3804.0,3891.0,-2.24,8795600,3817.0,3736.0,5208.0,3404.0
2026-07-28 13:05:32,2026-07-28 12:50,3800.0,3891.0,-2.34,8900300,3817.0,3736.0,5208.0,3404.0
2026-07-28 13:10:41,2026-07-28 12:55,3795.0,3891.0,-2.47,9020100,3817.0,3736.0,5208.0,3404.0
2026-07-28 13:15:32,2026-07-28 13:00,3784.0,3891.0,-2.75,9224200,3817.0,3736.0,5208.0,3404.0
2026-07-28 13:20:34,2026-07-28 13:05,3784.0,3891.0,-2.75,9349100,3817.0,3736.0,5208.0,3404.0
2026-07-28 13:25:41,2026-07-28 13:10,3783.0,3891.0,-2.78,9458100,3817.0,3736.0,5208.0,3404.0
2026-07-28 13:30:37,2026-07-28 13:15,3780.0,3891.0,-2.85,9578600,3817.0,3736.0,5208.0,3404.0
2026-07-28 13:35:35,2026-07-28 13:20,3786.0,3891.0,-2.7,9684500,3817.0,3736.0,5208.0,3404.0
2026-07-28 13:40:37,2026-07-28 13:25,3783.0,3891.0,-2.78,9749500,3817.0,3736.0,5208.0,3404.0
2026-07-28 13:45:32,2026-07-28 13:30,3783.0,3891.0,-2.78,9815400,3817.0,3736.0,5208.0,3404.0
2026-07-28 13:50:41,2026-07-28 13:35,3782.0,3891.0,-2.8,9898500,3817.0,3736.0,5208.0,3404.0
2026-07-28 13:55:39,2026-07-28 13:40,3789.0,3891.0,-2.62,10088700,3817.0,3736.0,5208.0,3404.0
2026-07-28 14:00:30,2026-07-28 13:45,3790.0,3891.0,-2.6,10147300,3817.0,3736.0,5208.0,3404.0
2026-07-28 14:05:44,2026-07-28 13:50,3791.0,3891.0,-2.57,10258600,3817.0,3736.0,5208.0,3404.0
2026-07-28 14:10:33,2026-07-28 13:55,3795.0,3891.0,-2.47,10349200,3817.0,3736.0,5208.0,3404.0
2026-07-28 14:15:31,2026-07-28 14:00,3789.0,3891.0,-2.62,10448700,3817.0,3736.0,5208.0,3404.0
2026-07-28 14:20:38,2026-07-28 14:05,3791.0,3891.0,-2.57,10532700,3817.0,3736.0,5208.0,3404.0
2026-07-28 14:25:36,2026-07-28 14:10,3785.0,3891.0,-2.72,10636900,3817.0,3736.0,5208.0,3404.0
2026-07-28 14:30:32,2026-07-28 14:15,3781.0,3891.0,-2.83,10726500,3817.0,3736.0,5208.0,3404.0
2026-07-28 14:35:50,2026-07-28 14:20,3781.0,3891.0,-2.83,10917400,3817.0,3736.0,5208.0,3404.0
2026-07-28 14:40:40,2026-07-28 14:25,3777.0,3891.0,-2.93,11026000,3817.0,3736.0,5208.0,3404.0
2026-07-28 14:45:31,2026-07-28 14:30,3778.0,3891.0,-2.9,11104300,3817.0,3736.0,5208.0,3404.0
2026-07-28 14:50:39,2026-07-28 14:35,3776.0,3891.0,-2.96,11191700,3817.0,3736.0,5208.0,3404.0
2026-07-28 14:55:35,2026-07-28 14:40,3778.0,3891.0,-2.9,11309700,3817.0,3736.0,5208.0,3404.0
2026-07-28 15:00:40,2026-07-28 14:45,3774.0,3891.0,-3.01,11426600,3817.0,3736.0,5208.0,3404.0
2026-07-28 15:05:48,2026-07-28 14:50,3777.0,3891.0,-2.93,11514400,3817.0,3736.0,5208.0,3404.0
2026-07-28 15:10:48,2026-07-28 14:55,3780.0,3891.0,-2.85,11594500,3817.0,3736.0,5208.0,3404.0
2026-07-28 15:15:48,2026-07-28 15:00,3783.0,3891.0,-2.78,11719600,3817.0,3736.0,5208.0,3404.0
2026-07-28 15:20:40,2026-07-28 15:05,3783.0,3891.0,-2.78,11861900,3817.0,3736.0,5208.0,3404.0
2026-07-28 15:25:35,2026-07-28 15:10,3786.0,3891.0,-2.7,11971100,3817.0,3736.0,5208.0,3404.0
2026-07-28 15:30:37,2026-07-28 15:15,3784.0,3891.0,-2.75,12067600,3817.0,3736.0,5208.0,3404.0
2026-07-28 15:40:33,2026-07-28 15:24,3800.0,3891.0,-2.34,12491300,3817.0,3736.0,5208.0,3404.0
2026-07-29 09:10:44,2026-07-28 15:30,3805.0,3891.0,-2.21,14730900,3817.0,3736.0,5208.0,3404.0
2026-07-29 09:15:30,2026-07-29 09:00,3805.0,3891.0,-2.21,15362100,3781.0,3749.0,5208.0,3404.0
2026-07-29 09:20:37,2026-07-29 09:05,3762.0,3805.0,-1.13,1262300,3783.0,3744.0,5208.0,3404.0
2026-07-29 09:25:33,2026-07-29 09:10,3766.0,3805.0,-1.02,1632500,3783.0,3744.0,5208.0,3404.0
2026-07-29 09:30:31,2026-07-29 09:15,3731.0,3805.0,-1.94,2167700,3783.0,3731.0,5208.0,3404.0
2026-07-29 09:35:50,2026-07-29 09:20,3728.0,3805.0,-2.02,2548400,3783.0,3726.0,5208.0,3404.0
2026-07-29 09:40:35,2026-07-29 09:25,3726.0,3805.0,-2.08,3370700,3783.0,3708.0,5208.0,3404.0
2026-07-29 09:45:42,2026-07-29 09:30,3732.0,3805.0,-1.92,3605800,3783.0,3708.0,5208.0,3404.0
2026-07-29 09:50:37,2026-07-29 09:35,3737.0,3805.0,-1.79,3825500,3783.0,3708.0,5208.0,3404.0
2026-07-29 09:55:39,2026-07-29 09:40,3745.0,3805.0,-1.58,4118100,3783.0,3708.0,5208.0,3404.0
2026-07-29 10:00:35,2026-07-29 09:45,3742.0,3805.0,-1.66,4270500,3783.0,3708.0,5208.0,3404.0
2026-07-29 10:05:33,2026-07-29 09:50,3738.0,3805.0,-1.76,4447600,3783.0,3708.0,5208.0,3404.0
2026-07-29 10:10:42,2026-07-29 09:55,3730.0,3805.0,-1.97,4896500,3783.0,3708.0,5208.0,3404.0
2026-07-29 10:15:39,2026-07-29 10:00,3723.0,3805.0,-2.16,5120600,3783.0,3708.0,5208.0,3404.0
2026-07-29 10:20:33,2026-07-29 10:05,3729.0,3805.0,-2.0,5251200,3783.0,3708.0,5208.0,3404.0
2026-07-29 10:25:35,2026-07-29 10:10,3722.0,3805.0,-2.18,5482600,3783.0,3708.0,5208.0,3404.0
2026-07-29 10:30:30,2026-07-29 10:15,3705.0,3805.0,-2.63,5842200,3783.0,3703.0,5208.0,3404.0
2026-07-29 10:35:33,2026-07-29 10:20,3732.0,3805.0,-1.92,6150700,3783.0,3701.0,5208.0,3404.0
2026-07-29 10:40:35,2026-07-29 10:25,3749.0,3805.0,-1.47,6524400,3783.0,3701.0,5208.0,3404.0
2026-07-29 10:45:31,2026-07-29 10:30,3756.0,3805.0,-1.29,6861900,3783.0,3701.0,5208.0,3404.0
2026-07-29 10:50:45,2026-07-29 10:35,3755.0,3805.0,-1.31,7027600,3783.0,3701.0,5208.0,3404.0
2026-07-29 10:55:35,2026-07-29 10:40,3754.0,3805.0,-1.34,7164700,3783.0,3701.0,5208.0,3404.0
2026-07-29 11:00:46,2026-07-29 10:45,3754.0,3805.0,-1.34,7358100,3783.0,3701.0,5208.0,3404.0
2026-07-29 11:05:45,2026-07-29 10:50,3739.0,3805.0,-1.73,7586100,3783.0,3701.0,5208.0,3404.0
2026-07-29 11:10:37,2026-07-29 10:55,3730.0,3805.0,-1.97,7745500,3783.0,3701.0,5208.0,3404.0
2026-07-29 11:15:31,2026-07-29 11:00,3707.0,3805.0,-2.58,7953500,3783.0,3701.0,5208.0,3404.0
2026-07-29 11:20:37,2026-07-29 11:05,3709.0,3805.0,-2.52,8253700,3783.0,3701.0,5208.0,3404.0
2026-07-29 11:25:32,2026-07-29 11:10,3724.0,3805.0,-2.13,8467000,3783.0,3701.0,5208.0,3404.0
2026-07-29 11:30:42,2026-07-29 11:15,3727.0,3805.0,-2.05,8640700,3783.0,3701.0,5208.0,3404.0
2026-07-29 12:30:40,2026-07-29 11:30,3757.0,3805.0,-1.26,9271900,3783.0,3701.0,5208.0,3404.0
2026-07-29 12:35:35,2026-07-29 11:30,3757.0,3805.0,-1.26,9271900,3783.0,3701.0,5208.0,3404.0
2026-07-29 12:40:34,2026-07-29 11:30,3757.0,3805.0,-1.26,9271900,3783.0,3701.0,5208.0,3404.0
2026-07-29 12:45:40,2026-07-29 12:30,3742.0,3805.0,-1.66,9434000,3783.0,3701.0,5208.0,3404.0
2026-07-29 12:50:33,2026-07-29 12:35,3742.0,3805.0,-1.66,9622900,3783.0,3701.0,5208.0,3404.0
2026-07-29 12:55:31,2026-07-29 12:40,3733.0,3805.0,-1.89,9846000,3783.0,3701.0,5208.0,3404.0
2026-07-29 13:00:35,2026-07-29 12:45,3743.0,3805.0,-1.63,10082400,3783.0,3701.0,5208.0,3404.0
2026-07-29 13:05:39,2026-07-29 12:50,3730.0,3805.0,-1.97,10202000,3783.0,3701.0,5208.0,3404.0
2026-07-29 13:10:47,2026-07-29 12:55,3729.0,3805.0,-2.0,10367700,3783.0,3701.0,5208.0,3404.0
2026-07-29 13:15:33,2026-07-29 13:00,3724.0,3805.0,-2.13,10544600,3783.0,3701.0,5208.0,3404.0
2026-07-29 13:20:33,2026-07-29 13:05,3720.0,3805.0,-2.23,10713100,3783.0,3701.0,5208.0,3404.0
2026-07-29 13:25:41,2026-07-29 13:10,3727.0,3805.0,-2.05,10915900,3783.0,3701.0,5208.0,3404.0
2026-07-29 13:30:37,2026-07-29 13:15,3723.0,3805.0,-2.16,11058900,3783.0,3701.0,5208.0,3404.0
2026-07-29 13:35:42,2026-07-29 13:20,3732.0,3805.0,-1.92,11300800,3783.0,3701.0,5208.0,3404.0
2026-07-29 13:40:42,2026-07-29 13:25,3738.0,3805.0,-1.76,11451500,3783.0,3701.0,5208.0,3404.0
2026-07-29 13:45:45,2026-07-29 13:30,3729.0,3805.0,-2.0,11576700,3783.0,3701.0,5208.0,3404.0
2026-07-29 13:50:29,2026-07-29 13:35,3723.0,3805.0,-2.16,11693600,3783.0,3701.0,5208.0,3404.0
2026-07-29 13:55:38,2026-07-29 13:40,3722.0,3805.0,-2.18,11859500,3783.0,3701.0,5208.0,3404.0
2026-07-29 14:00:32,2026-07-29 13:45,3715.0,3805.0,-2.37,12007100,3783.0,3701.0,5208.0,3404.0
2026-07-29 14:05:44,2026-07-29 13:50,3730.0,3805.0,-1.97,12195800,3783.0,3701.0,5208.0,3404.0
2026-07-29 14:10:37,2026-07-29 13:55,3722.0,3805.0,-2.18,12399100,3783.0,3701.0,5208.0,3404.0
2026-07-29 14:15:36,2026-07-29 14:00,3726.0,3805.0,-2.08,12567200,3783.0,3701.0,5208.0,3404.0
2026-07-29 14:20:43,2026-07-29 14:05,3718.0,3805.0,-2.29,12702200,3783.0,3701.0,5208.0,3404.0
2026-07-29 14:25:42,2026-07-29 14:10,3724.0,3805.0,-2.13,12821300,3783.0,3701.0,5208.0,3404.0
2026-07-29 14:30:40,2026-07-29 14:15,3722.0,3805.0,-2.18,12935200,3783.0,3701.0,5208.0,3404.0
2026-07-29 14:35:47,2026-07-29 14:20,3723.0,3805.0,-2.16,13052100,3783.0,3701.0,5208.0,3404.0
2026-07-29 14:40:31,2026-07-29 14:25,3732.0,3805.0,-1.92,13197500,3783.0,3701.0,5208.0,3404.0
2026-07-29 14:45:42,2026-07-29 14:30,3735.0,3805.0,-1.84,13299700,3783.0,3701.0,5208.0,3404.0
2026-07-29 14:50:47,2026-07-29 14:35,3746.0,3805.0,-1.55,13433600,3783.0,3701.0,5208.0,3404.0
2026-07-29 14:55:32,2026-07-29 14:40,3742.0,3805.0,-1.66,13547400,3783.0,3701.0,5208.0,3404.0
2026-07-29 15:00:33,2026-07-29 14:45,3747.0,3805.0,-1.52,13661400,3783.0,3701.0,5208.0,3404.0
2026-07-29 15:05:41,2026-07-29 14:50,3742.0,3805.0,-1.66,13792900,3783.0,3701.0,5208.0,3404.0
2026-07-29 15:10:40,2026-07-29 14:55,3742.0,3805.0,-1.66,13934600,3783.0,3701.0,5208.0,3404.0
2026-07-29 15:15:52,2026-07-29 15:00,3741.0,3805.0,-1.68,14041500,3783.0,3701.0,5208.0,3404.0
2026-07-29 15:20:39,2026-07-29 15:05,3739.0,3805.0,-1.73,14162700,3783.0,3701.0,5208.0,3404.0
2026-07-29 15:25:33,2026-07-29 15:10,3729.0,3805.0,-2.0,14350600,3783.0,3701.0,5208.0,3404.0
2026-07-29 15:30:39,2026-07-29 15:15,3734.0,3805.0,-1.87,14554600,3783.0,3701.0,5208.0,3404.0
2026-07-29 15:40:36,2026-07-29 15:24,3740.0,3805.0,-1.71,14924100,3783.0,3701.0,5208.0,3404.0
2026-07-30 09:05:38,2026-07-29 15:30,3740.0,3805.0,-1.71,16746900,3783.0,3701.0,5208.0,3404.0
2026-07-30 09:10:42,2026-07-29 15:30,3740.0,3805.0,-1.71,16746900,3783.0,3701.0,5208.0,3404.0
2026-07-30 09:15:31,2026-07-30 09:00,3740.0,3805.0,-1.71,17475000,3736.0,3702.0,5208.0,3404.0
2026-07-30 09:20:33,2026-07-30 09:05,3721.0,3740.0,-0.51,1089900,3736.0,3702.0,5208.0,3404.0
2026-07-30 09:25:30,2026-07-30 09:10,3742.0,3740.0,0.05,1449500,3752.0,3702.0,5208.0,3404.0
2026-07-30 09:30:33,2026-07-30 09:15,3757.0,3740.0,0.45,1850000,3766.0,3702.0,5208.0,3404.0
2026-07-30 09:35:45,2026-07-30 09:20,3764.0,3740.0,0.64,2165300,3773.0,3702.0,5208.0,3404.0
2026-07-30 09:40:44,2026-07-30 09:25,3762.0,3740.0,0.59,2383900,3773.0,3702.0,5208.0,3404.0
2026-07-30 09:45:31,2026-07-30 09:30,3757.0,3740.0,0.45,2667600,3773.0,3702.0,5208.0,3404.0
2026-07-30 09:50:38,2026-07-30 09:35,3731.0,3740.0,-0.24,2907900,3773.0,3702.0,5208.0,3404.0
2026-07-30 09:55:42,2026-07-30 09:40,3722.0,3740.0,-0.48,3122500,3773.0,3702.0,5208.0,3404.0
2026-07-30 10:00:37,2026-07-30 09:45,3718.0,3740.0,-0.59,3323500,3773.0,3702.0,5208.0,3404.0
2026-07-30 10:05:38,2026-07-30 09:50,3727.0,3740.0,-0.35,3583100,3773.0,3702.0,5208.0,3404.0
2026-07-30 10:10:50,2026-07-30 09:55,3754.0,3740.0,0.37,3827200,3773.0,3702.0,5208.0,3404.0
2026-07-30 10:15:30,2026-07-30 10:00,3768.0,3740.0,0.75,4019100,3773.0,3702.0,5208.0,3404.0
2026-07-30 10:20:36,2026-07-30 10:05,3775.0,3740.0,0.94,4258500,3776.0,3702.0,5208.0,3404.0
2026-07-30 10:25:30,2026-07-30 10:10,3777.0,3740.0,0.99,4596600,3792.0,3702.0,5208.0,3404.0
2026-07-30 10:30:34,2026-07-30 10:15,3759.0,3740.0,0.51,4798300,3792.0,3702.0,5208.0,3404.0
2026-07-30 10:35:31,2026-07-30 10:20,3764.0,3740.0,0.64,4973100,3792.0,3702.0,5208.0,3404.0
2026-07-30 10:40:31,2026-07-30 10:25,3770.0,3740.0,0.8,5119300,3792.0,3702.0,5208.0,3404.0
2026-07-30 10:45:29,2026-07-30 10:30,3767.0,3740.0,0.72,5222900,3792.0,3702.0,5208.0,3404.0
2026-07-30 10:50:32,2026-07-30 10:35,3780.0,3740.0,1.07,5350800,3792.0,3702.0,5208.0,3404.0
2026-07-30 10:55:37,2026-07-30 10:40,3782.0,3740.0,1.12,5456800,3792.0,3702.0,5208.0,3404.0
2026-07-30 11:00:41,2026-07-30 10:45,3779.0,3740.0,1.04,5553000,3792.0,3702.0,5208.0,3404.0
2026-07-30 11:05:38,2026-07-30 10:50,3780.0,3740.0,1.07,5680400,3792.0,3702.0,5208.0,3404.0
2026-07-30 11:10:53,2026-07-30 10:55,3786.0,3740.0,1.23,5792900,3792.0,3702.0,5208.0,3404.0
2026-07-30 11:15:33,2026-07-30 11:00,3787.0,3740.0,1.26,5867100,3792.0,3702.0,5208.0,3404.0
2026-07-30 11:20:34,2026-07-30 11:05,3790.0,3740.0,1.34,6040000,3795.0,3702.0,5208.0,3404.0
2026-07-30 11:25:31,2026-07-30 11:10,3794.0,3740.0,1.44,6325900,3801.0,3702.0,5208.0,3404.0
2026-07-30 11:30:38,2026-07-30 11:15,3793.0,3740.0,1.42,6435200,3801.0,3702.0,5208.0,3404.0
2026-07-30 12:30:31,2026-07-30 11:30,3783.0,3740.0,1.15,6699800,3801.0,3702.0,5208.0,3404.0
2026-07-30 12:35:37,2026-07-30 11:30,3783.0,3740.0,1.15,6699800,3801.0,3702.0,5208.0,3404.0
2026-07-30 12:40:33,2026-07-30 11:30,3783.0,3740.0,1.15,6699800,3801.0,3702.0,5208.0,3404.0
2026-07-30 12:45:36,2026-07-30 12:30,3752.0,3740.0,0.32,7006000,3801.0,3702.0,5208.0,3404.0
2026-07-30 12:50:31,2026-07-30 12:35,3775.0,3740.0,0.94,7277700,3801.0,3702.0,5208.0,3404.0
2026-07-30 12:55:42,2026-07-30 12:40,3772.0,3740.0,0.86,7465600,3801.0,3702.0,5208.0,3404.0
2026-07-30 13:00:43,2026-07-30 12:45,3779.0,3740.0,1.04,7565300,3801.0,3702.0,5208.0,3404.0
2026-07-30 13:05:29,2026-07-30 12:50,3780.0,3740.0,1.07,7661200,3801.0,3702.0,5208.0,3404.0
2026-07-30 13:10:38,2026-07-30 12:55,3782.0,3740.0,1.12,7745400,3801.0,3702.0,5208.0,3404.0
2026-07-30 13:15:34,2026-07-30 13:00,3767.0,3740.0,0.72,7836600,3801.0,3702.0,5208.0,3404.0
2026-07-30 13:20:29,2026-07-30 13:05,3762.0,3740.0,0.59,7918500,3801.0,3702.0,5208.0,3404.0
2026-07-30 13:25:33,2026-07-30 13:10,3757.0,3740.0,0.45,8027600,3801.0,3702.0,5208.0,3404.0
2026-07-30 13:30:34,2026-07-30 13:15,3751.0,3740.0,0.29,8122000,3801.0,3702.0,5208.0,3404.0
2026-07-30 13:35:33,2026-07-30 13:20,3754.0,3740.0,0.37,8221600,3801.0,3702.0,5208.0,3404.0
2026-07-30 13:40:30,2026-07-30 13:25,3766.0,3740.0,0.7,8328300,3801.0,3702.0,5208.0,3404.0
2026-07-30 13:45:32,2026-07-30 13:30,3771.0,3740.0,0.83,8443500,3801.0,3702.0,5208.0,3404.0
2026-07-30 13:50:34,2026-07-30 13:35,3770.0,3740.0,0.8,8517300,3801.0,3702.0,5208.0,3404.0
2026-07-30 13:55:40,2026-07-30 13:40,3771.0,3740.0,0.83,8648300,3801.0,3702.0,5208.0,3404.0
2026-07-30 14:00:50,2026-07-30 13:45,3773.0,3740.0,0.88,8708300,3801.0,3702.0,5208.0,3404.0
2026-07-30 14:05:37,2026-07-30 13:50,3766.0,3740.0,0.7,8809200,3801.0,3702.0,5208.0,3404.0
2026-07-30 14:10:30,2026-07-30 13:55,3762.0,3740.0,0.59,8908800,3801.0,3702.0,5208.0,3404.0
2026-07-30 14:15:30,2026-07-30 14:00,3746.0,3740.0,0.16,9071500,3801.0,3702.0,5208.0,3404.0
2026-07-30 14:20:28,2026-07-30 14:05,3743.0,3740.0,0.08,9201400,3801.0,3702.0,5208.0,3404.0
2026-07-30 14:25:39,2026-07-30 14:10,3749.0,3740.0,0.24,9330900,3801.0,3702.0,5208.0,3404.0
2026-07-30 14:30:38,2026-07-30 14:15,3752.0,3740.0,0.32,9419300,3801.0,3702.0,5208.0,3404.0
2026-07-30 14:35:31,2026-07-30 14:20,3758.0,3740.0,0.48,9524500,3801.0,3702.0,5208.0,3404.0
2026-07-30 14:40:45,2026-07-30 14:25,3755.0,3740.0,0.4,9633500,3801.0,3702.0,5208.0,3404.0
2026-07-30 14:45:29,2026-07-30 14:30,3748.0,3740.0,0.21,9707200,3801.0,3702.0,5208.0,3404.0
2026-07-30 14:50:40,2026-07-30 14:35,3753.0,3740.0,0.35,9825100,3801.0,3702.0,5208.0,3404.0
2026-07-30 14:55:40,2026-07-30 14:40,3758.0,3740.0,0.48,9973400,3801.0,3702.0,5208.0,3404.0
2026-07-30 15:00:31,2026-07-30 14:45,3761.0,3740.0,0.56,10100100,3801.0,3702.0,5208.0,3404.0
2026-07-30 15:05:36,2026-07-30 14:50,3757.0,3740.0,0.45,10207400,3801.0,3702.0,5208.0,3404.0
2026-07-30 15:10:49,2026-07-30 14:55,3749.0,3740.0,0.24,10320900,3801.0,3702.0,5208.0,3404.0
2026-07-30 15:15:36,2026-07-30 15:00,3747.0,3740.0,0.19,10439800,3801.0,3702.0,5208.0,3404.0
2026-07-30 15:20:36,2026-07-30 15:05,3749.0,3740.0,0.24,10531600,3801.0,3702.0,5208.0,3404.0
2026-07-30 15:25:32,2026-07-30 15:10,3749.0,3740.0,0.24,10674900,3801.0,3702.0,5208.0,3404.0
2026-07-30 15:30:38,2026-07-30 15:15,3744.0,3740.0,0.11,10803600,3801.0,3702.0,5208.0,3404.0
2026-07-30 15:40:31,2026-07-30 15:24,3741.0,3740.0,0.03,11220500,3801.0,3702.0,5208.0,3404.0
2026-07-31 09:05:35,2026-07-30 15:30,3736.0,3740.0,-0.11,15217200,3801.0,3702.0,5208.0,3404.0
2026-07-31 09:10:45,2026-07-30 15:30,3736.0,3740.0,-0.11,15217200,3801.0,3702.0,5208.0,3404.0
2026-07-31 09:15:36,2026-07-30 15:30,3736.0,3740.0,-0.11,15217200,3801.0,3702.0,5208.0,3404.0
2026-07-31 09:20:36,2026-07-31 09:05,3833.0,3736.0,2.6,3955900,3864.0,3800.0,5208.0,3404.0
2026-07-31 09:25:37,2026-07-31 09:10,3807.0,3736.0,1.9,4503300,3864.0,3800.0,5208.0,3404.0
2026-07-31 09:30:45,2026-07-31 09:15,3776.0,3736.0,1.07,5211600,3864.0,3772.0,5208.0,3404.0
2026-07-31 09:35:40,2026-07-31 09:20,3765.0,3736.0,0.78,5702000,3864.0,3759.0,5208.0,3404.0
2026-07-31 09:40:29,2026-07-31 09:25,3795.0,3736.0,1.58,6463000,3864.0,3745.0,5208.0,3404.0
2026-07-31 09:45:40,2026-07-31 09:30,3819.0,3736.0,2.22,7138700,3864.0,3745.0,5208.0,3404.0
2026-07-31 09:50:32,2026-07-31 09:35,3828.0,3736.0,2.46,7654400,3864.0,3745.0,5208.0,3404.0
2026-07-31 09:55:32,2026-07-31 09:40,3805.0,3736.0,1.85,8089300,3864.0,3745.0,5208.0,3404.0
2026-07-31 10:00:32,2026-07-31 09:45,3784.0,3736.0,1.28,8589100,3864.0,3745.0,5208.0,3404.0
2026-07-31 10:05:33,2026-07-31 09:50,3781.0,3736.0,1.2,8972500,3864.0,3745.0,5208.0,3404.0
2026-07-31 10:10:40,2026-07-31 09:55,3804.0,3736.0,1.82,9298500,3864.0,3745.0,5208.0,3404.0
2026-07-31 10:15:30,2026-07-31 10:00,3827.0,3736.0,2.44,9607800,3864.0,3745.0,5208.0,3404.0
2026-07-31 10:20:30,2026-07-31 10:05,3822.0,3736.0,2.3,9871900,3864.0,3745.0,5208.0,3404.0
2026-07-31 10:25:38,2026-07-31 10:10,3828.0,3736.0,2.46,10059400,3864.0,3745.0,5208.0,3404.0
2026-07-31 10:30:39,2026-07-31 10:15,3828.0,3736.0,2.46,10259100,3864.0,3745.0,5208.0,3404.0
2026-07-31 10:35:34,2026-07-31 10:20,3837.0,3736.0,2.7,10471300,3864.0,3745.0,5208.0,3404.0
2026-07-31 10:40:33,2026-07-31 10:25,3831.0,3736.0,2.54,10764700,3864.0,3745.0,5208.0,3404.0
2026-07-31 10:45:38,2026-07-31 10:30,3831.0,3736.0,2.54,11011400,3864.0,3745.0,5208.0,3404.0
2026-07-31 10:50:40,2026-07-31 10:35,3824.0,3736.0,2.36,11177900,3864.0,3745.0,5208.0,3404.0
2026-07-31 10:55:30,2026-07-31 10:40,3828.0,3736.0,2.46,11384500,3864.0,3745.0,5208.0,3404.0
2026-07-31 11:00:40,2026-07-31 10:45,3824.0,3736.0,2.36,11552300,3864.0,3745.0,5208.0,3404.0
2026-07-31 11:05:31,2026-07-31 10:50,3794.0,3736.0,1.55,11892400,3864.0,3745.0,5208.0,3404.0
2026-07-31 11:10:34,2026-07-31 10:55,3791.0,3736.0,1.47,12158800,3864.0,3745.0,5208.0,3404.0
2026-07-31 11:15:39,2026-07-31 11:00,3803.0,3736.0,1.79,12362300,3864.0,3745.0,5208.0,3404.0
2026-07-31 11:20:34,2026-07-31 11:05,3796.0,3736.0,1.61,12515300,3864.0,3745.0,5208.0,3404.0
2026-07-31 11:25:31,2026-07-31 11:10,3803.0,3736.0,1.79,12674400,3864.0,3745.0,5208.0,3404.0
2026-07-31 11:30:44,2026-07-31 11:15,3791.0,3736.0,1.47,12859700,3864.0,3745.0,5208.0,3404.0
2026-07-31 12:30:47,2026-07-31 11:30,3795.0,3736.0,1.58,13648600,3864.0,3745.0,5208.0,3404.0
2026-07-31 12:35:44,2026-07-31 11:30,3795.0,3736.0,1.58,13648600,3864.0,3745.0,5208.0,3404.0
2026-07-31 12:40:34,2026-07-31 11:30,3795.0,3736.0,1.58,13648600,3864.0,3745.0,5208.0,3404.0
2026-07-31 12:45:37,2026-07-31 12:30,3794.0,3736.0,1.55,14142400,3864.0,3745.0,5208.0,3404.0
2026-07-31 12:50:31,2026-07-31 12:35,3785.0,3736.0,1.31,14464800,3864.0,3745.0,5208.0,3404.0
2026-07-31 12:55:37,2026-07-31 12:40,3789.0,3736.0,1.42,14626000,3864.0,3745.0,5208.0,3404.0
2026-07-31 13:00:37,2026-07-31 12:45,3780.0,3736.0,1.18,14813700,3864.0,3745.0,5208.0,3404.0
2026-07-31 13:05:40,2026-07-31 12:50,3780.0,3736.0,1.18,15023700,3864.0,3745.0,5208.0,3404.0
2026-07-31 13:10:30,2026-07-31 12:55,3786.0,3736.0,1.34,15170300,3864.0,3745.0,5208.0,3404.0
2026-07-31 13:15:37,2026-07-31 13:00,3780.0,3736.0,1.18,15320800,3864.0,3745.0,5208.0,3404.0
2026-07-31 13:20:37,2026-07-31 13:05,3774.0,3736.0,1.02,15472400,3864.0,3745.0,5208.0,3404.0
2026-07-31 13:25:34,2026-07-31 13:10,3787.0,3736.0,1.37,15607400,3864.0,3745.0,5208.0,3404.0
2026-07-31 13:30:30,2026-07-31 13:15,3780.0,3736.0,1.18,15724900,3864.0,3745.0,5208.0,3404.0
2026-07-31 13:35:35,2026-07-31 13:20,3779.0,3736.0,1.15,15820600,3864.0,3745.0,5208.0,3404.0
2026-07-31 13:40:37,2026-07-31 13:25,3777.0,3736.0,1.1,15963300,3864.0,3745.0,5208.0,3404.0
2026-07-31 13:45:42,2026-07-31 13:30,3788.0,3736.0,1.39,16134600,3864.0,3745.0,5208.0,3404.0
2026-07-31 13:50:34,2026-07-31 13:35,3793.0,3736.0,1.53,16264800,3864.0,3745.0,5208.0,3404.0
2026-07-31 13:55:42,2026-07-31 13:40,3800.0,3736.0,1.71,16496500,3864.0,3745.0,5208.0,3404.0
2026-07-31 14:00:35,2026-07-31 13:45,3801.0,3736.0,1.74,16637100,3864.0,3745.0,5208.0,3404.0
2026-07-31 14:05:31,2026-07-31 13:50,3808.0,3736.0,1.93,16782100,3864.0,3745.0,5208.0,3404.0
2026-07-31 14:10:30,2026-07-31 13:55,3806.0,3736.0,1.87,16892000,3864.0,3745.0,5208.0,3404.0
2026-07-31 14:15:54,2026-07-31 14:00,3804.0,3736.0,1.82,16995900,3864.0,3745.0,5208.0,3404.0
2026-07-31 14:20:30,2026-07-31 14:05,3802.0,3736.0,1.77,17095300,3864.0,3745.0,5208.0,3404.0
2026-07-31 14:25:41,2026-07-31 14:10,3808.0,3736.0,1.93,17243300,3864.0,3745.0,5208.0,3404.0
2026-07-31 14:30:40,2026-07-31 14:15,3813.0,3736.0,2.06,17404800,3864.0,3745.0,5208.0,3404.0
2026-07-31 14:36:22,2026-07-31 14:21,3813.0,3736.0,2.06,17526800,3864.0,3745.0,5208.0,3404.0
2026-07-31 14:40:48,2026-07-31 14:25,3810.0,3736.0,1.98,17619200,3864.0,3745.0,5208.0,3404.0
2026-07-31 14:45:36,2026-07-31 14:30,3810.0,3736.0,1.98,17746000,3864.0,3745.0,5208.0,3404.0
2026-07-31 14:50:31,2026-07-31 14:35,3798.0,3736.0,1.66,17930700,3864.0,3745.0,5208.0,3404.0
2026-07-31 14:55:34,2026-07-31 14:40,3799.0,3736.0,1.69,18076200,3864.0,3745.0,5208.0,3404.0
2026-07-31 15:00:44,2026-07-31 14:45,3784.0,3736.0,1.28,18289100,3864.0,3745.0,5208.0,3404.0
2026-07-31 15:05:39,2026-07-31 14:50,3793.0,3736.0,1.53,18465700,3864.0,3745.0,5208.0,3404.0
2026-07-31 15:10:44,2026-07-31 14:55,3795.0,3736.0,1.58,18598100,3864.0,3745.0,5208.0,3404.0
2026-07-31 15:15:37,2026-07-31 15:00,3795.0,3736.0,1.58,18784400,3864.0,3745.0,5208.0,3404.0
2026-07-31 15:20:45,2026-07-31 15:05,3791.0,3736.0,1.47,18940100,3864.0,3745.0,5208.0,3404.0
2026-07-31 15:25:38,2026-07-31 15:10,3783.0,3736.0,1.26,19115200,3864.0,3745.0,5208.0,3404.0
2026-07-31 15:30:51,2026-07-31 15:15,3783.0,3736.0,1.26,19281100,3864.0,3745.0,5208.0,3404.0
2026-07-31 15:40:38,2026-07-31 15:24,3777.0,3736.0,1.1,19735700,3864.0,3745.0,5208.0,3404.0
2026-08-03 09:05:30,2026-07-31 15:30,3764.0,3736.0,0.75,22424900,3864.0,3745.0,5208.0,3404.0
2026-08-03 09:10:31,2026-07-31 15:30,3764.0,3736.0,0.75,22424900,3864.0,3745.0,5208.0,3404.0
2026-08-03 09:15:39,2026-08-03 09:00,3700.0,3736.0,-0.96,23893600,3750.0,3683.0,5208.0,3404.0
2026-08-03 09:20:33,2026-08-03 09:05,3682.0,3764.0,-2.18,2425000,3750.0,3672.0,5208.0,3404.0
2026-08-03 09:25:47,2026-08-03 09:10,3680.0,3764.0,-2.23,3084700,3750.0,3665.0,5208.0,3404.0
2026-08-03 09:30:34,2026-08-03 09:15,3682.0,3764.0,-2.18,3527100,3750.0,3665.0,5208.0,3404.0
2026-08-03 09:35:37,2026-08-03 09:20,3672.0,3764.0,-2.44,4172300,3750.0,3665.0,5208.0,3404.0
2026-08-03 09:40:31,2026-08-03 09:25,3660.0,3764.0,-2.76,4732100,3750.0,3659.0,5208.0,3404.0
2026-08-03 09:45:41,2026-08-03 09:30,3654.0,3764.0,-2.92,5134800,3750.0,3652.0,5208.0,3404.0
2026-08-03 09:50:30,2026-08-03 09:35,3647.0,3764.0,-3.11,5916100,3750.0,3641.0,5208.0,3404.0
2026-08-03 09:55:32,2026-08-03 09:40,3628.0,3764.0,-3.61,6503700,3750.0,3627.0,5208.0,3404.0
2026-08-03 10:00:33,2026-08-03 09:45,3628.0,3764.0,-3.61,6979900,3750.0,3621.0,5208.0,3404.0
2026-08-03 10:05:33,2026-08-03 09:50,3645.0,3764.0,-3.16,7338900,3750.0,3621.0,5208.0,3404.0
2026-08-03 10:10:30,2026-08-03 09:55,3647.0,3764.0,-3.11,7653300,3750.0,3621.0,5208.0,3404.0
2026-08-03 10:15:37,2026-08-03 10:00,3644.0,3764.0,-3.19,7964000,3750.0,3621.0,5208.0,3404.0
2026-08-03 10:20:33,2026-08-03 10:05,3645.0,3764.0,-3.16,8193600,3750.0,3621.0,5208.0,3404.0
2026-08-03 10:25:45,2026-08-03 10:10,3661.0,3764.0,-2.74,8585100,3750.0,3621.0,5208.0,3404.0
2026-08-03 10:30:39,2026-08-03 10:15,3648.0,3764.0,-3.08,8837100,3750.0,3621.0,5208.0,3404.0
2026-08-03 10:35:45,2026-08-03 10:20,3673.0,3764.0,-2.42,9195700,3750.0,3621.0,5208.0,3404.0
2026-08-03 10:40:38,2026-08-03 10:25,3688.0,3764.0,-2.02,9531400,3750.0,3621.0,5208.0,3404.0
2026-08-03 10:45:40,2026-08-03 10:30,3693.0,3764.0,-1.89,9872900,3750.0,3621.0,5208.0,3404.0
2026-08-03 10:50:40,2026-08-03 10:35,3690.0,3764.0,-1.97,10116700,3750.0,3621.0,5208.0,3404.0
2026-08-03 10:55:33,2026-08-03 10:40,3708.0,3764.0,-1.49,10364000,3750.0,3621.0,5208.0,3404.0
2026-08-03 11:00:43,2026-08-03 10:45,3717.0,3764.0,-1.25,10554100,3750.0,3621.0,5208.0,3404.0
2026-08-03 11:05:41,2026-08-03 10:50,3732.0,3764.0,-0.85,10830100,3750.0,3621.0,5208.0,3404.0
2026-08-03 11:10:46,2026-08-03 10:55,3726.0,3764.0,-1.01,11060800,3750.0,3621.0,5208.0,3404.0
2026-08-03 11:15:35,2026-08-03 11:00,3729.0,3764.0,-0.93,11206200,3750.0,3621.0,5208.0,3404.0
2026-08-03 11:20:34,2026-08-03 11:05,3740.0,3764.0,-0.64,11362200,3750.0,3621.0,5208.0,3404.0
2026-08-03 11:25:34,2026-08-03 11:10,3730.0,3764.0,-0.9,11549100,3750.0,3621.0,5208.0,3404.0
2026-08-03 11:30:40,2026-08-03 11:15,3734.0,3764.0,-0.8,11747800,3750.0,3621.0,5208.0,3404.0
2026-08-03 12:30:31,2026-08-03 11:30,3743.0,3764.0,-0.56,12237700,3750.0,3621.0,5208.0,3404.0
2026-08-03 12:35:39,2026-08-03 11:30,3743.0,3764.0,-0.56,12237700,3750.0,3621.0,5208.0,3404.0
2026-08-03 12:40:35,2026-08-03 11:30,3743.0,3764.0,-0.56,12237700,3750.0,3621.0,5208.0,3404.0
2026-08-03 12:45:32,2026-08-03 12:30,3772.0,3764.0,0.21,12882800,3772.0,3621.0,5208.0,3404.0
2026-08-03 12:50:36,2026-08-03 12:35,3775.0,3764.0,0.29,13294100,3782.0,3621.0,5208.0,3404.0
2026-08-03 12:55:32,2026-08-03 12:40,3776.0,3764.0,0.32,13479900,3782.0,3621.0,5208.0,3404.0
2026-08-03 13:00:40,2026-08-03 12:45,3789.0,3764.0,0.66,13794000,3791.0,3621.0,5208.0,3404.0
2026-08-03 13:05:36,2026-08-03 12:50,3802.0,3764.0,1.01,14085500,3802.0,3621.0,5208.0,3404.0
2026-08-03 13:10:34,2026-08-03 12:55,3800.0,3764.0,0.96,14349200,3805.0,3621.0,5208.0,3404.0
2026-08-03 13:15:37,2026-08-03 13:00,3790.0,3764.0,0.69,14622800,3805.0,3621.0,5208.0,3404.0
2026-08-03 13:20:38,2026-08-03 13:05,3788.0,3764.0,0.64,14815900,3805.0,3621.0,5208.0,3404.0
2026-08-03 13:25:38,2026-08-03 13:10,3794.0,3764.0,0.8,14961700,3805.0,3621.0,5208.0,3404.0
2026-08-03 13:30:36,2026-08-03 13:15,3789.0,3764.0,0.66,15101900,3805.0,3621.0,5208.0,3404.0
2026-08-03 13:35:36,2026-08-03 13:20,3790.0,3764.0,0.69,15247000,3805.0,3621.0,5208.0,3404.0
2026-08-03 13:40:36,2026-08-03 13:25,3798.0,3764.0,0.9,15347100,3805.0,3621.0,5208.0,3404.0
2026-08-03 13:45:31,2026-08-03 13:30,3804.0,3764.0,1.06,15644300,3805.0,3621.0,5208.0,3404.0
2026-08-03 13:51:13,2026-08-03 13:36,3795.0,3764.0,0.82,15794100,3805.0,3621.0,5208.0,3404.0
2026-08-03 13:55:43,2026-08-03 13:40,3786.0,3764.0,0.58,15963400,3805.0,3621.0,5208.0,3404.0
2026-08-03 14:00:31,2026-08-03 13:45,3784.0,3764.0,0.53,16097500,3805.0,3621.0,5208.0,3404.0
2026-08-03 14:05:39,2026-08-03 13:50,3792.0,3764.0,0.74,16274000,3805.0,3621.0,5208.0,3404.0
2026-08-03 14:10:29,2026-08-03 13:55,3787.0,3764.0,0.61,16373600,3805.0,3621.0,5208.0,3404.0
2026-08-03 14:15:41,2026-08-03 14:00,3793.0,3764.0,0.77,16502500,3805.0,3621.0,5208.0,3404.0
2026-08-03 14:20:49,2026-08-03 14:05,3786.0,3764.0,0.58,16680500,3805.0,3621.0,5208.0,3404.0
2026-08-03 14:25:41,2026-08-03 14:10,3794.0,3764.0,0.8,17096900,3805.0,3621.0,5208.0,3404.0
2026-08-03 14:30:30,2026-08-03 14:15,3790.0,3764.0,0.69,17244100,3805.0,3621.0,5208.0,3404.0
2026-08-03 14:35:37,2026-08-03 14:20,3784.0,3764.0,0.53,17415900,3805.0,3621.0,5208.0,3404.0
2026-08-03 14:40:41,2026-08-03 14:25,3784.0,3764.0,0.53,17580700,3805.0,3621.0,5208.0,3404.0
2026-08-03 14:45:35,2026-08-03 14:30,3778.0,3764.0,0.37,17776900,3805.0,3621.0,5208.0,3404.0
2026-08-03 14:50:41,2026-08-03 14:35,3783.0,3764.0,0.5,17901900,3805.0,3621.0,5208.0,3404.0
2026-08-03 14:55:31,2026-08-03 14:40,3792.0,3764.0,0.74,18031200,3805.0,3621.0,5208.0,3404.0
2026-08-03 15:00:36,2026-08-03 14:45,3795.0,3764.0,0.82,18244900,3805.0,3621.0,5208.0,3404.0
2026-08-03 15:05:30,2026-08-03 14:50,3791.0,3764.0,0.72,18375700,3805.0,3621.0,5208.0,3404.0
2026-08-03 15:10:38,2026-08-03 14:55,3787.0,3764.0,0.61,18618800,3805.0,3621.0,5208.0,3404.0
2026-08-03 15:15:46,2026-08-03 15:00,3785.0,3764.0,0.56,18727400,3805.0,3621.0,5208.0,3404.0
2026-08-03 15:20:46,2026-08-03 15:05,3786.0,3764.0,0.58,18911900,3805.0,3621.0,5208.0,3404.0
2026-08-03 15:25:43,2026-08-03 15:10,3787.0,3764.0,0.61,19061500,3805.0,3621.0,5208.0,3404.0
2026-08-03 15:30:42,2026-08-03 15:15,3785.0,3764.0,0.56,19275000,3805.0,3621.0,5208.0,3404.0
2026-08-03 15:40:45,2026-08-03 15:24,3789.0,3764.0,0.66,19750500,3805.0,3621.0,5208.0,3404.0
2026-08-04 09:05:45,2026-08-03 15:30,3799.0,3764.0,0.93,21809900,3805.0,3621.0,5208.0,3404.0
2026-08-04 09:10:31,2026-08-03 15:30,3799.0,3764.0,0.93,21809900,3805.0,3621.0,5208.0,3404.0
2026-08-04 09:15:38,2026-08-04 09:00,3799.0,3764.0,0.93,22468200,3785.0,3756.0,5208.0,3404.0
2026-08-04 09:20:36,2026-08-04 09:05,3733.0,3799.0,-1.74,1539000,3785.0,3713.0,5208.0,3404.0
2026-08-04 09:25:39,2026-08-04 09:10,3738.0,3799.0,-1.61,2095400,3785.0,3713.0,5208.0,3404.0
2026-08-04 09:30:31,2026-08-04 09:15,3737.0,3799.0,-1.63,2585900,3785.0,3713.0,5208.0,3404.0
2026-08-04 09:35:44,2026-08-04 09:20,3760.0,3799.0,-1.03,2921500,3785.0,3713.0,5208.0,3404.0
2026-08-04 09:40:40,2026-08-04 09:25,3764.0,3799.0,-0.92,3224800,3785.0,3713.0,5208.0,3404.0
2026-08-04 09:45:40,2026-08-04 09:30,3787.0,3799.0,-0.32,3656100,3788.0,3713.0,5208.0,3404.0
2026-08-04 09:50:33,2026-08-04 09:35,3777.0,3799.0,-0.58,4059200,3792.0,3713.0,5208.0,3404.0
2026-08-04 09:55:52,2026-08-04 09:40,3759.0,3799.0,-1.05,4405600,3792.0,3713.0,5208.0,3404.0
2026-08-04 10:00:49,2026-08-04 09:45,3767.0,3799.0,-0.84,4799800,3792.0,3713.0,5208.0,3404.0
2026-08-04 10:05:38,2026-08-04 09:50,3759.0,3799.0,-1.05,5045700,3792.0,3713.0,5208.0,3404.0
2026-08-04 10:10:46,2026-08-04 09:55,3733.0,3799.0,-1.74,5494300,3792.0,3713.0,5208.0,3404.0
2026-08-04 10:15:45,2026-08-04 10:00,3722.0,3799.0,-2.03,5871200,3792.0,3713.0,5208.0,3404.0
2026-08-04 10:20:35,2026-08-04 10:05,3729.0,3799.0,-1.84,6152200,3792.0,3713.0,5208.0,3404.0
2026-08-04 10:25:31,2026-08-04 10:10,3720.0,3799.0,-2.08,6388800,3792.0,3713.0,5208.0,3404.0
2026-08-04 10:30:34,2026-08-04 10:15,3728.0,3799.0,-1.87,6676000,3792.0,3713.0,5208.0,3404.0
2026-08-04 10:35:40,2026-08-04 10:20,3726.0,3799.0,-1.92,7056000,3792.0,3712.0,5208.0,3404.0
2026-08-04 10:40:44,2026-08-04 10:25,3718.0,3799.0,-2.13,7209100,3792.0,3712.0,5208.0,3404.0
2026-08-04 10:45:42,2026-08-04 10:30,3725.0,3799.0,-1.95,7414300,3792.0,3712.0,5208.0,3404.0
2026-08-04 10:50:44,2026-08-04 10:35,3729.0,3799.0,-1.84,7559600,3792.0,3712.0,5208.0,3404.0
2026-08-04 11:10:55,2026-08-04 10:55,3760.0,3799.0,-1.03,8230800,3792.0,3712.0,5208.0,3404.0
2026-08-04 11:15:41,2026-08-04 11:00,3750.0,3799.0,-1.29,8366600,3792.0,3712.0,5208.0,3404.0
2026-08-04 11:20:37,2026-08-04 11:05,3731.0,3799.0,-1.79,8538600,3792.0,3712.0,5208.0,3404.0
2026-08-04 11:25:33,2026-08-04 11:10,3738.0,3799.0,-1.61,8678000,3792.0,3712.0,5208.0,3404.0
2026-08-04 11:30:33,2026-08-04 11:15,3735.0,3799.0,-1.68,8774800,3792.0,3712.0,5208.0,3404.0
2026-08-04 12:30:38,2026-08-04 11:30,3740.0,3799.0,-1.55,9110700,3792.0,3712.0,5208.0,3404.0
2026-08-04 12:35:38,2026-08-04 11:30,3740.0,3799.0,-1.55,9110700,3792.0,3712.0,5208.0,3404.0
2026-08-04 12:40:36,2026-08-04 11:30,3740.0,3799.0,-1.55,9110700,3792.0,3712.0,5208.0,3404.0
2026-08-04 12:45:38,2026-08-04 12:30,3756.0,3799.0,-1.13,9460600,3792.0,3712.0,5208.0,3404.0
2026-08-04 12:50:35,2026-08-04 12:35,3751.0,3799.0,-1.26,9739700,3792.0,3712.0,5208.0,3404.0
2026-08-04 12:55:39,2026-08-04 12:40,3761.0,3799.0,-1.0,9947400,3792.0,3712.0,5208.0,3404.0
2026-08-04 13:00:37,2026-08-04 12:45,3755.0,3799.0,-1.16,10163600,3792.0,3712.0,5208.0,3404.0
2026-08-04 13:05:43,2026-08-04 12:50,3763.0,3799.0,-0.95,10340400,3792.0,3712.0,5208.0,3404.0
2026-08-04 13:10:44,2026-08-04 12:55,3764.0,3799.0,-0.92,10542000,3792.0,3712.0,5208.0,3404.0
2026-08-04 13:15:48,2026-08-04 13:00,3774.0,3799.0,-0.66,10680700,3792.0,3712.0,5208.0,3404.0
2026-08-04 13:20:28,2026-08-04 13:05,3778.0,3799.0,-0.55,10873000,3792.0,3712.0,5208.0,3404.0
2026-08-04 13:25:34,2026-08-04 13:10,3764.0,3799.0,-0.92,11143800,3792.0,3712.0,5208.0,3404.0
2026-08-04 13:30:40,2026-08-04 13:15,3768.0,3799.0,-0.82,11316300,3792.0,3712.0,5208.0,3404.0
2026-08-04 13:35:42,2026-08-04 13:20,3775.0,3799.0,-0.63,11527700,3792.0,3712.0,5208.0,3404.0
2026-08-04 13:40:36,2026-08-04 13:25,3777.0,3799.0,-0.58,11717600,3792.0,3712.0,5208.0,3404.0
2026-08-04 13:45:45,2026-08-04 13:30,3866.0,3799.0,1.76,14183400,3898.0,3712.0,5208.0,3404.0
2026-08-04 13:50:34,2026-08-04 13:35,4019.0,3799.0,5.79,21637000,4028.0,3712.0,5208.0,3404.0
2026-08-04 13:55:30,2026-08-04 13:40,4022.0,3799.0,5.87,26968900,4084.0,3712.0,5208.0,3404.0
2026-08-04 14:00:38,2026-08-04 13:45,4107.0,3799.0,8.11,30898500,4118.0,3712.0,5208.0,3404.0
2026-08-04 14:05:38,2026-08-04 13:50,4072.0,3799.0,7.19,33196700,4118.0,3712.0,5208.0,3404.0
2026-08-04 14:10:44,2026-08-04 13:55,4094.0,3799.0,7.77,35198100,4118.0,3712.0,5208.0,3404.0
2026-08-04 14:15:42,2026-08-04 14:00,4094.0,3799.0,7.77,36402400,4118.0,3712.0,5208.0,3404.0
2026-08-04 14:20:44,2026-08-04 14:05,4076.0,3799.0,7.29,38083100,4118.0,3712.0,5208.0,3404.0
2026-08-04 14:25:42,2026-08-04 14:10,4103.0,3799.0,8.0,39003900,4118.0,3712.0,5208.0,3404.0
2026-08-04 14:30:35,2026-08-04 14:15,4093.0,3799.0,7.74,39907600,4118.0,3712.0,5208.0,3404.0
2026-08-04 14:35:38,2026-08-04 14:20,4101.0,3799.0,7.95,40887600,4118.0,3712.0,5208.0,3404.0
2026-08-04 14:40:35,2026-08-04 14:25,4105.0,3799.0,8.05,42654900,4123.0,3712.0,5208.0,3404.0
2026-08-04 14:45:32,2026-08-04 14:30,4103.0,3799.0,8.0,43396500,4123.0,3712.0,5208.0,3404.0
2026-08-04 14:50:41,2026-08-04 14:35,4114.0,3799.0,8.29,44083700,4123.0,3712.0,5208.0,3404.0
2026-08-04 14:55:34,2026-08-04 14:40,4100.0,3799.0,7.92,44814900,4123.0,3712.0,5208.0,3404.0
2026-08-04 15:40:45,2026-08-04 15:24,4094.0,3799.0,7.77,52184900,4155.0,3712.0,5208.0,3404.0
2026-08-05 09:05:31,2026-08-04 15:30,4091.0,3799.0,7.69,55863900,4155.0,3712.0,5208.0,3404.0
2026-08-05 09:10:37,2026-08-04 15:30,4091.0,3799.0,7.69,55863900,4155.0,3712.0,5208.0,3404.0
2026-08-05 09:15:42,2026-08-05 09:00,4091.0,3799.0,7.69,57754700,4072.0,4017.0,5208.0,3404.0
2026-08-05 09:20:34,2026-08-05 09:05,3983.0,4091.0,-2.64,4088800,4072.0,3972.0,5208.0,3404.0
2026-08-05 09:25:33,2026-08-05 09:10,3944.0,4091.0,-3.59,5671100,4072.0,3941.0,5208.0,3404.0
2026-08-05 09:30:38,2026-08-05 09:15,3921.0,4091.0,-4.16,6943300,4072.0,3903.0,5208.0,3404.0
2026-08-05 09:35:33,2026-08-05 09:20,3904.0,4091.0,-4.57,8211600,4072.0,3893.0,5208.0,3404.0
2026-08-05 09:40:42,2026-08-05 09:25,3901.0,4091.0,-4.64,8986400,4072.0,3893.0,5208.0,3404.0
2026-08-05 09:45:45,2026-08-05 09:30,3902.0,4091.0,-4.62,9767700,4072.0,3887.0,5208.0,3404.0
2026-08-05 09:50:50,2026-08-05 09:35,3903.0,4091.0,-4.6,10457500,4072.0,3887.0,5208.0,3404.0
2026-08-05 09:55:40,2026-08-05 09:40,3938.0,4091.0,-3.74,11098000,4072.0,3887.0,5208.0,3404.0
2026-08-05 10:00:52,2026-08-05 09:45,3934.0,4091.0,-3.84,11803200,4072.0,3887.0,5208.0,3404.0
2026-08-05 10:05:31,2026-08-05 09:50,3924.0,4091.0,-4.08,12180200,4072.0,3887.0,5208.0,3404.0
2026-08-05 10:10:31,2026-08-05 09:55,3934.0,4091.0,-3.84,12470900,4072.0,3887.0,5208.0,3404.0
2026-08-05 10:15:37,2026-08-05 10:00,3910.0,4091.0,-4.42,12951500,4072.0,3887.0,5208.0,3404.0
2026-08-05 10:20:34,2026-08-05 10:05,3909.0,4091.0,-4.45,13493900,4072.0,3887.0,5208.0,3404.0
2026-08-05 10:25:40,2026-08-05 10:10,3911.0,4091.0,-4.4,13809700,4072.0,3887.0,5208.0,3404.0
2026-08-05 10:30:42,2026-08-05 10:15,3918.0,4091.0,-4.23,14051000,4072.0,3887.0,5208.0,3404.0
2026-08-05 10:35:31,2026-08-05 10:20,3923.0,4091.0,-4.11,14339500,4072.0,3887.0,5208.0,3404.0
2026-08-05 10:40:39,2026-08-05 10:25,3941.0,4091.0,-3.67,14936700,4072.0,3887.0,5208.0,3404.0
2026-08-05 10:45:47,2026-08-05 10:30,3950.0,4091.0,-3.45,15623200,4072.0,3887.0,5208.0,3404.0
2026-08-05 10:50:41,2026-08-05 10:35,3962.0,4091.0,-3.15,16087000,4072.0,3887.0,5208.0,3404.0
2026-08-05 10:55:36,2026-08-05 10:40,3973.0,4091.0,-2.88,16456900,4072.0,3887.0,5208.0,3404.0
2026-08-05 11:00:43,2026-08-05 10:45,3968.0,4091.0,-3.01,16798400,4072.0,3887.0,5208.0,3404.0
2026-08-05 11:05:47,2026-08-05 10:50,3961.0,4091.0,-3.18,17131200,4072.0,3887.0,5208.0,3404.0
2026-08-05 11:10:44,2026-08-05 10:55,3965.0,4091.0,-3.08,17350600,4072.0,3887.0,5208.0,3404.0
2026-08-05 11:15:34,2026-08-05 11:00,3962.0,4091.0,-3.15,17525100,4072.0,3887.0,5208.0,3404.0
2026-08-05 11:20:34,2026-08-05 11:05,3967.0,4091.0,-3.03,17700200,4072.0,3887.0,5208.0,3404.0
2026-08-05 11:25:39,2026-08-05 11:10,3983.0,4091.0,-2.64,17992400,4072.0,3887.0,5208.0,3404.0
2026-08-05 11:30:41,2026-08-05 11:15,3974.0,4091.0,-2.86,18220500,4072.0,3887.0,5208.0,3404.0
2026-08-05 12:30:40,2026-08-05 11:30,4000.0,4091.0,-2.22,19243200,4072.0,3887.0,5208.0,3404.0
2026-08-05 12:35:35,2026-08-05 11:30,4000.0,4091.0,-2.22,19243200,4072.0,3887.0,5208.0,3404.0
2026-08-05 12:40:39,2026-08-05 11:30,4000.0,4091.0,-2.22,19243200,4072.0,3887.0,5208.0,3404.0
2026-08-05 12:45:37,2026-08-05 12:30,3992.0,4091.0,-2.42,19772300,4072.0,3887.0,5208.0,3404.0
2026-08-05 12:50:39,2026-08-05 12:35,4012.0,4091.0,-1.93,20195000,4072.0,3887.0,5208.0,3404.0
2026-08-05 12:55:34,2026-08-05 12:40,4003.0,4091.0,-2.15,20454900,4072.0,3887.0,5208.0,3404.0
2026-08-05 13:00:45,2026-08-05 12:45,3992.0,4091.0,-2.42,20743900,4072.0,3887.0,5208.0,3404.0
2026-08-05 13:05:38,2026-08-05 12:50,3998.0,4091.0,-2.27,20960800,4072.0,3887.0,5208.0,3404.0
2026-08-05 13:10:36,2026-08-05 12:55,3999.0,4091.0,-2.25,21162900,4072.0,3887.0,5208.0,3404.0
2026-08-05 13:15:38,2026-08-05 13:00,3988.0,4091.0,-2.52,21505200,4072.0,3887.0,5208.0,3404.0
2026-08-05 13:20:36,2026-08-05 13:05,3976.0,4091.0,-2.81,21833200,4072.0,3887.0,5208.0,3404.0
2026-08-05 13:25:36,2026-08-05 13:10,3993.0,4091.0,-2.4,22078100,4072.0,3887.0,5208.0,3404.0
2026-08-05 13:30:43,2026-08-05 13:15,3991.0,4091.0,-2.44,22309700,4072.0,3887.0,5208.0,3404.0
2026-08-05 13:35:44,2026-08-05 13:20,3990.0,4091.0,-2.47,22443400,4072.0,3887.0,5208.0,3404.0
2026-08-05 13:40:38,2026-08-05 13:25,3996.0,4091.0,-2.32,22576600,4072.0,3887.0,5208.0,3404.0
2026-08-05 13:45:30,2026-08-05 13:30,3999.0,4091.0,-2.25,22800900,4072.0,3887.0,5208.0,3404.0
2026-08-05 13:50:30,2026-08-05 13:35,3995.0,4091.0,-2.35,22910900,4072.0,3887.0,5208.0,3404.0
2026-08-05 13:55:36,2026-08-05 13:40,3989.0,4091.0,-2.49,23072000,4072.0,3887.0,5208.0,3404.0
2026-08-05 14:00:43,2026-08-05 13:45,3978.0,4091.0,-2.76,23253800,4072.0,3887.0,5208.0,3404.0
2026-08-05 14:05:38,2026-08-05 13:50,3979.0,4091.0,-2.74,23428000,4072.0,3887.0,5208.0,3404.0
2026-08-05 14:10:40,2026-08-05 13:55,3979.0,4091.0,-2.74,23711900,4072.0,3887.0,5208.0,3404.0
2026-08-05 14:31:02,2026-08-05 14:16,3984.0,4091.0,-2.62,24213200,4072.0,3887.0,5208.0,3404.0
2026-08-05 14:35:36,2026-08-05 14:20,3978.0,4091.0,-2.76,24336900,4072.0,3887.0,5208.0,3404.0
2026-08-05 14:40:41,2026-08-05 14:25,3977.0,4091.0,-2.79,24405000,4072.0,3887.0,5208.0,3404.0
2026-08-05 14:45:37,2026-08-05 14:30,3979.0,4091.0,-2.74,24516600,4072.0,3887.0,5208.0,3404.0
2026-08-05 14:50:41,2026-08-05 14:35,3985.0,4091.0,-2.59,24621300,4072.0,3887.0,5208.0,3404.0
2026-08-05 14:55:40,2026-08-05 14:40,3980.0,4091.0,-2.71,24794700,4072.0,3887.0,5208.0,3404.0
2026-08-05 15:00:33,2026-08-05 14:45,3980.0,4091.0,-2.71,24934600,4072.0,3887.0,5208.0,3404.0
2026-08-05 15:05:38,2026-08-05 14:50,3974.0,4091.0,-2.86,25082400,4072.0,3887.0,5208.0,3404.0
2026-08-05 15:10:55,2026-08-05 14:55,3968.0,4091.0,-3.01,25292900,4072.0,3887.0,5208.0,3404.0
2026-08-05 15:16:17,2026-08-05 15:01,3972.0,4091.0,-2.91,25486400,4072.0,3887.0,5208.0,3404.0
2026-08-05 15:20:30,2026-08-05 15:05,3983.0,4091.0,-2.64,25671600,4072.0,3887.0,5208.0,3404.0
2026-08-05 15:25:30,2026-08-05 15:10,3986.0,4091.0,-2.57,25912900,4072.0,3887.0,5208.0,3404.0
2026-08-05 15:30:49,2026-08-05 15:15,3994.0,4091.0,-2.37,26228800,4072.0,3887.0,5208.0,3404.0
2026-08-05 15:40:37,2026-08-05 15:24,3999.0,4091.0,-2.25,26693900,4072.0,3887.0,5208.0,3404.0
2026-08-06 09:05:43,2026-08-05 15:30,4000.0,4091.0,-2.22,29142000,4072.0,3887.0,5208.0,3404.0
2026-08-06 09:10:32,2026-08-05 15:30,4000.0,4091.0,-2.22,29142000,4072.0,3887.0,5208.0,3404.0
2026-08-06 09:15:35,2026-08-06 09:00,4000.0,4091.0,-2.22,30408600,4077.0,4029.0,5208.0,3404.0
2026-08-06 09:20:36,2026-08-06 09:05,4061.0,4000.0,1.52,2395000,4088.0,4029.0,5208.0,3404.0
2026-08-06 09:25:35,2026-08-06 09:10,4130.0,4000.0,3.25,4292600,4134.0,4029.0,5208.0,3404.0
2026-08-06 09:30:39,2026-08-06 09:15,4109.0,4000.0,2.73,5040800,4134.0,4029.0,5208.0,3404.0
2026-08-06 09:35:44,2026-08-06 09:20,4117.0,4000.0,2.93,5810400,4135.0,4029.0,5208.0,3404.0
2026-08-06 09:46:08,2026-08-06 09:31,4123.0,4000.0,3.08,6959100,4137.0,4029.0,5208.0,3404.0
2026-08-06 09:46:45,2026-08-06 09:31,4116.0,4000.0,2.9,7031000,4137.0,4029.0,5208.0,3404.0
2026-08-06 09:50:30,2026-08-06 09:35,4112.0,4000.0,2.8,7396700,4137.0,4029.0,5208.0,3404.0
2026-08-06 09:55:42,2026-08-06 09:40,4107.0,4000.0,2.67,7771300,4137.0,4029.0,5208.0,3404.0
2026-08-06 10:00:44,2026-08-06 09:45,4098.0,4000.0,2.45,8127700,4137.0,4029.0,5208.0,3404.0
2026-08-06 10:05:45,2026-08-06 09:50,4087.0,4000.0,2.17,8466900,4137.0,4029.0,5208.0,3404.0
2026-08-06 10:10:41,2026-08-06 09:55,4075.0,4000.0,1.88,8763600,4137.0,4029.0,5208.0,3404.0
2026-08-06 10:15:42,2026-08-06 10:00,4062.0,4000.0,1.55,9089200,4137.0,4029.0,5208.0,3404.0
2026-08-06 10:20:43,2026-08-06 10:05,4064.0,4000.0,1.6,9452100,4137.0,4029.0,5208.0,3404.0
2026-08-06 10:25:40,2026-08-06 10:10,4062.0,4000.0,1.55,9677500,4137.0,4029.0,5208.0,3404.0
2026-08-06 10:30:41,2026-08-06 10:15,4046.0,4000.0,1.15,10066600,4137.0,4029.0,5208.0,3404.0
2026-08-06 10:35:37,2026-08-06 10:20,4024.0,4000.0,0.6,10332500,4137.0,4023.0,5208.0,3404.0
2026-08-06 10:40:35,2026-08-06 10:25,4015.0,4000.0,0.38,10546800,4137.0,4011.0,5208.0,3404.0
2026-08-06 10:45:36,2026-08-06 10:30,4007.0,4000.0,0.18,10754600,4137.0,4005.0,5208.0,3404.0
2026-08-06 10:50:47,2026-08-06 10:35,3997.0,4000.0,-0.07,11036600,4137.0,3996.0,5208.0,3404.0
2026-08-06 10:55:31,2026-08-06 10:40,4004.0,4000.0,0.1,11212400,4137.0,3995.0,5208.0,3404.0
2026-08-06 11:00:42,2026-08-06 10:45,3989.0,4000.0,-0.27,11498000,4137.0,3988.0,5208.0,3404.0
2026-08-06 11:05:35,2026-08-06 10:50,3994.0,4000.0,-0.15,11747600,4137.0,3986.0,5208.0,3404.0
2026-08-06 11:10:47,2026-08-06 10:55,3992.0,4000.0,-0.2,11919600,4137.0,3983.0,5208.0,3404.0
2026-08-06 11:15:35,2026-08-06 11:00,3989.0,4000.0,-0.27,12002800,4137.0,3983.0,5208.0,3404.0
2026-08-06 11:20:38,2026-08-06 11:05,3983.0,4000.0,-0.43,12215600,4137.0,3976.0,5208.0,3404.0
2026-08-06 11:25:33,2026-08-06 11:10,3991.0,4000.0,-0.22,12361700,4137.0,3976.0,5208.0,3404.0
2026-08-06 11:30:51,2026-08-06 11:15,3992.0,4000.0,-0.2,12514100,4137.0,3976.0,5208.0,3404.0
2026-08-06 12:30:37,2026-08-06 11:30,3992.0,4000.0,-0.2,12873600,4137.0,3976.0,5208.0,3404.0
2026-08-06 12:35:35,2026-08-06 11:30,3992.0,4000.0,-0.2,12873600,4137.0,3976.0,5208.0,3404.0
2026-08-06 12:40:46,2026-08-06 11:30,3992.0,4000.0,-0.2,12873600,4137.0,3976.0,5208.0,3404.0
2026-08-06 12:45:37,2026-08-06 12:30,4008.0,4000.0,0.2,13131900,4137.0,3976.0,5208.0,3404.0
2026-08-06 12:50:46,2026-08-06 12:35,4012.0,4000.0,0.3,13421900,4137.0,3976.0,5208.0,3404.0
2026-08-06 12:55:37,2026-08-06 12:40,4015.0,4000.0,0.38,13570700,4137.0,3976.0,5208.0,3404.0
2026-08-06 13:00:35,2026-08-06 12:45,3998.0,4000.0,-0.05,13735900,4137.0,3976.0,5208.0,3404.0
2026-08-06 13:05:33,2026-08-06 12:50,4004.0,4000.0,0.1,13857100,4137.0,3976.0,5208.0,3404.0
2026-08-06 13:10:40,2026-08-06 12:55,4003.0,4000.0,0.07,13973800,4137.0,3976.0,5208.0,3404.0
2026-08-06 13:15:31,2026-08-06 13:00,3988.0,4000.0,-0.3,14137900,4137.0,3976.0,5208.0,3404.0
2026-08-06 13:20:44,2026-08-06 13:05,3990.0,4000.0,-0.25,14252000,4137.0,3976.0,5208.0,3404.0
2026-08-06 13:25:31,2026-08-06 13:10,3988.0,4000.0,-0.3,14431800,4137.0,3976.0,5208.0,3404.0
2026-08-06 13:30:46,2026-08-06 13:15,3990.0,4000.0,-0.25,14499100,4137.0,3976.0,5208.0,3404.0
2026-08-06 13:35:39,2026-08-06 13:20,3986.0,4000.0,-0.35,14583900,4137.0,3976.0,5208.0,3404.0
2026-08-06 13:40:41,2026-08-06 13:25,4006.0,4000.0,0.15,14887800,4137.0,3976.0,5208.0,3404.0
2026-08-06 13:45:38,2026-08-06 13:30,3997.0,4000.0,-0.07,15007300,4137.0,3976.0,5208.0,3404.0
2026-08-06 13:50:36,2026-08-06 13:35,3987.0,4000.0,-0.33,15092400,4137.0,3976.0,5208.0,3404.0
2026-08-06 13:55:44,2026-08-06 13:40,3985.0,4000.0,-0.38,15173800,4137.0,3976.0,5208.0,3404.0
2026-08-06 14:00:32,2026-08-06 13:45,3983.0,4000.0,-0.43,15274800,4137.0,3976.0,5208.0,3404.0
2026-08-06 14:05:41,2026-08-06 13:50,3984.0,4000.0,-0.4,15346900,4137.0,3976.0,5208.0,3404.0
2026-08-06 14:10:36,2026-08-06 13:55,3988.0,4000.0,-0.3,15405200,4137.0,3976.0,5208.0,3404.0
2026-08-06 14:15:34,2026-08-06 14:00,3986.0,4000.0,-0.35,15494900,4137.0,3976.0,5208.0,3404.0
2026-08-06 14:20:38,2026-08-06 14:05,3993.0,4000.0,-0.18,15567300,4137.0,3976.0,5208.0,3404.0
2026-08-06 14:25:38,2026-08-06 14:10,3994.0,4000.0,-0.15,15730100,4137.0,3976.0,5208.0,3404.0
2026-08-06 14:30:37,2026-08-06 14:15,3996.0,4000.0,-0.1,15842600,4137.0,3976.0,5208.0,3404.0
2026-08-06 14:35:29,2026-08-06 14:20,3995.0,4000.0,-0.12,15998700,4137.0,3976.0,5208.0,3404.0
2026-08-06 14:40:31,2026-08-06 14:25,3995.0,4000.0,-0.12,16087200,4137.0,3976.0,5208.0,3404.0
2026-08-06 14:45:36,2026-08-06 14:30,3995.0,4000.0,-0.12,16190100,4137.0,3976.0,5208.0,3404.0
2026-08-06 14:50:37,2026-08-06 14:35,3997.0,4000.0,-0.07,16253800,4137.0,3976.0,5208.0,3404.0
2026-08-06 14:55:38,2026-08-06 14:40,3996.0,4000.0,-0.1,16366200,4137.0,3976.0,5208.0,3404.0
2026-08-06 15:00:38,2026-08-06 14:45,4004.0,4000.0,0.1,16528900,4137.0,3976.0,5208.0,3404.0
2026-08-06 15:05:36,2026-08-06 14:50,3989.0,4000.0,-0.27,16659700,4137.0,3976.0,5208.0,3404.0
2026-08-06 15:10:48,2026-08-06 14:55,3994.0,4000.0,-0.15,16766600,4137.0,3976.0,5208.0,3404.0
2026-08-06 15:15:40,2026-08-06 15:00,3995.0,4000.0,-0.12,16839600,4137.0,3976.0,5208.0,3404.0
2026-08-06 15:20:43,2026-08-06 15:05,4000.0,4000.0,0.0,16936200,4137.0,3976.0,5208.0,3404.0
2026-08-06 15:25:31,2026-08-06 15:10,4001.0,4000.0,0.03,17121700,4137.0,3976.0,5208.0,3404.0
2026-08-06 15:40:44,2026-08-06 15:24,3990.0,4000.0,-0.25,17544600,4137.0,3976.0,5208.0,3404.0
2026-08-07 09:05:50,2026-08-06 15:30,3998.0,4000.0,-0.05,19815300,4137.0,3976.0,5208.0,3404.0
2026-08-07 09:10:38,2026-08-06 15:30,3998.0,4000.0,-0.05,19815300,4137.0,3976.0,5208.0,3404.0
2026-08-07 09:15:43,2026-08-07 09:00,3998.0,4000.0,-0.05,20666900,3998.0,3936.0,5208.0,3404.0
2026-08-07 09:20:41,2026-08-07 09:05,3982.0,3998.0,-0.4,1468000,4001.0,3936.0,5208.0,3404.0
2026-08-07 09:25:39,2026-08-07 09:10,3950.0,3998.0,-1.2,1903200,4001.0,3936.0,5208.0,3404.0
2026-08-07 09:30:35,2026-08-07 09:15,3929.0,3998.0,-1.73,2274800,4001.0,3925.0,5208.0,3404.0
2026-08-07 09:35:36,2026-08-07 09:20,3947.0,3998.0,-1.28,2565100,4001.0,3925.0,5208.0,3404.0
2026-08-07 09:40:41,2026-08-07 09:25,3967.0,3998.0,-0.78,2816700,4001.0,3925.0,5208.0,3404.0
2026-08-07 09:45:46,2026-08-07 09:30,3961.0,3998.0,-0.93,3062700,4001.0,3925.0,5208.0,3404.0
2026-08-07 09:50:39,2026-08-07 09:35,3983.0,3998.0,-0.38,3360100,4001.0,3925.0,5208.0,3404.0
2026-08-07 09:56:11,2026-08-07 09:41,3977.0,3998.0,-0.53,3642100,4001.0,3925.0,5208.0,3404.0
2026-08-07 10:00:32,2026-08-07 09:45,4007.0,3998.0,0.23,3973400,4009.0,3925.0,5208.0,3404.0
2026-08-07 10:05:34,2026-08-07 09:50,4004.0,3998.0,0.15,4217300,4013.0,3925.0,5208.0,3404.0
2026-08-07 10:10:47,2026-08-07 09:55,3990.0,3998.0,-0.2,4432500,4013.0,3925.0,5208.0,3404.0
2026-08-07 10:15:34,2026-08-07 10:00,3996.0,3998.0,-0.05,4550600,4013.0,3925.0,5208.0,3404.0
2026-08-07 10:20:32,2026-08-07 10:05,3993.0,3998.0,-0.13,4673300,4013.0,3925.0,5208.0,3404.0
2026-08-07 10:25:40,2026-08-07 10:10,3997.0,3998.0,-0.03,4803500,4013.0,3925.0,5208.0,3404.0
2026-08-07 10:30:40,2026-08-07 10:15,3990.0,3998.0,-0.2,5070800,4013.0,3925.0,5208.0,3404.0
2026-08-07 10:35:37,2026-08-07 10:20,3985.0,3998.0,-0.33,5203600,4013.0,3925.0,5208.0,3404.0
2026-08-07 10:40:38,2026-08-07 10:25,3981.0,3998.0,-0.43,5317800,4013.0,3925.0,5208.0,3404.0
2026-08-07 10:45:35,2026-08-07 10:30,3996.0,3998.0,-0.05,5441300,4013.0,3925.0,5208.0,3404.0
2026-08-07 10:50:42,2026-08-07 10:35,3986.0,3998.0,-0.3,5557300,4013.0,3925.0,5208.0,3404.0
2026-08-07 10:55:38,2026-08-07 10:40,3976.0,3998.0,-0.55,5681900,4013.0,3925.0,5208.0,3404.0
2026-08-07 11:00:51,2026-08-07 10:45,3976.0,3998.0,-0.55,5985400,4013.0,3925.0,5208.0,3404.0
2026-08-07 11:05:38,2026-08-07 10:50,3975.0,3998.0,-0.58,6133800,4013.0,3925.0,5208.0,3404.0
2026-08-07 11:10:37,2026-08-07 10:55,3978.0,3998.0,-0.5,6201800,4013.0,3925.0,5208.0,3404.0
2026-08-07 11:15:32,2026-08-07 11:00,3967.0,3998.0,-0.78,6316700,4013.0,3925.0,5208.0,3404.0
2026-08-07 11:20:45,2026-08-07 11:05,3972.0,3998.0,-0.65,6445000,4013.0,3925.0,5208.0,3404.0
2026-08-07 11:25:45,2026-08-07 11:10,3976.0,3998.0,-0.55,6494400,4013.0,3925.0,5208.0,3404.0
2026-08-07 11:30:35,2026-08-07 11:15,3991.0,3998.0,-0.18,6601700,4013.0,3925.0,5208.0,3404.0
2026-08-07 12:30:35,2026-08-07 11:30,3993.0,3998.0,-0.13,6911000,4013.0,3925.0,5208.0,3404.0
2026-08-07 12:35:38,2026-08-07 11:30,3993.0,3998.0,-0.13,6911000,4013.0,3925.0,5208.0,3404.0
2026-08-07 12:40:58,2026-08-07 11:30,3993.0,3998.0,-0.13,6911000,4013.0,3925.0,5208.0,3404.0
2026-08-07 12:45:35,2026-08-07 12:30,4018.0,3998.0,0.5,7435100,4022.0,3925.0,5208.0,3404.0
2026-08-07 12:50:34,2026-08-07 12:35,4017.0,3998.0,0.48,7671800,4022.0,3925.0,5208.0,3404.0
2026-08-07 12:55:36,2026-08-07 12:40,4030.0,3998.0,0.8,8106600,4035.0,3925.0,5208.0,3404.0
2026-08-07 13:00:32,2026-08-07 12:45,4015.0,3998.0,0.43,8313600,4035.0,3925.0,5208.0,3404.0
2026-08-07 13:05:32,2026-08-07 12:50,4004.0,3998.0,0.15,8518000,4035.0,3925.0,5208.0,3404.0
2026-08-07 13:10:30,2026-08-07 12:55,4008.0,3998.0,0.25,8631900,4035.0,3925.0,5208.0,3404.0
2026-08-07 13:15:33,2026-08-07 13:00,3990.0,3998.0,-0.2,8810800,4035.0,3925.0,5208.0,3404.0
2026-08-07 13:20:37,2026-08-07 13:05,3999.0,3998.0,0.03,8932100,4035.0,3925.0,5208.0,3404.0
2026-08-07 13:25:41,2026-08-07 13:10,4004.0,3998.0,0.15,9025800,4035.0,3925.0,5208.0,3404.0
2026-08-07 13:30:47,2026-08-07 13:15,4006.0,3998.0,0.2,9120900,4035.0,3925.0,5208.0,3404.0
2026-08-07 13:35:46,2026-08-07 13:20,4014.0,3998.0,0.4,9212100,4035.0,3925.0,5208.0,3404.0
2026-08-07 13:40:36,2026-08-07 13:25,4018.0,3998.0,0.5,9301300,4035.0,3925.0,5208.0,3404.0
2026-08-07 13:45:38,2026-08-07 13:30,4011.0,3998.0,0.33,9380800,4035.0,3925.0,5208.0,3404.0
2026-08-07 13:50:39,2026-08-07 13:35,4005.0,3998.0,0.18,9465200,4035.0,3925.0,5208.0,3404.0
2026-08-07 13:55:34,2026-08-07 13:40,3999.0,3998.0,0.03,9573500,4035.0,3925.0,5208.0,3404.0
2026-08-07 14:00:39,2026-08-07 13:45,3993.0,3998.0,-0.13,9648800,4035.0,3925.0,5208.0,3404.0
2026-08-07 14:05:45,2026-08-07 13:50,3984.0,3998.0,-0.35,9775100,4035.0,3925.0,5208.0,3404.0
2026-08-07 14:10:41,2026-08-07 13:55,3985.0,3998.0,-0.33,9857300,4035.0,3925.0,5208.0,3404.0
2026-08-07 14:15:40,2026-08-07 14:00,3994.0,3998.0,-0.1,9977900,4035.0,3925.0,5208.0,3404.0
2026-08-07 14:20:34,2026-08-07 14:05,4003.0,3998.0,0.13,10076300,4035.0,3925.0,5208.0,3404.0
2026-08-07 14:25:41,2026-08-07 14:10,4000.0,3998.0,0.05,10211500,4035.0,3925.0,5208.0,3404.0
2026-08-07 14:30:37,2026-08-07 14:15,4008.0,3998.0,0.25,10388400,4035.0,3925.0,5208.0,3404.0
2026-08-07 14:35:29,2026-08-07 14:20,4017.0,3998.0,0.48,10556300,4035.0,3925.0,5208.0,3404.0
2026-08-07 14:40:32,2026-08-07 14:25,4018.0,3998.0,0.5,10687500,4035.0,3925.0,5208.0,3404.0
2026-08-07 14:45:37,2026-08-07 14:30,4024.0,3998.0,0.65,10810700,4035.0,3925.0,5208.0,3404.0
2026-08-07 14:50:38,2026-08-07 14:35,4026.0,3998.0,0.7,10901000,4035.0,3925.0,5208.0,3404.0
2026-08-07 14:55:33,2026-08-07 14:40,4021.0,3998.0,0.58,11029300,4035.0,3925.0,5208.0,3404.0
2026-08-07 15:00:33,2026-08-07 14:45,4021.0,3998.0,0.58,11174800,4035.0,3925.0,5208.0,3404.0
2026-08-07 15:05:42,2026-08-07 14:50,4021.0,3998.0,0.58,11298500,4035.0,3925.0,5208.0,3404.0
2026-08-07 15:10:39,2026-08-07 14:55,4026.0,3998.0,0.7,11417900,4035.0,3925.0,5208.0,3404.0
2026-08-07 15:15:40,2026-08-07 15:00,4025.0,3998.0,0.68,11515300,4035.0,3925.0,5208.0,3404.0
2026-08-07 15:20:40,2026-08-07 15:05,4033.0,3998.0,0.88,11672000,4035.0,3925.0,5208.0,3404.0
2026-08-07 15:25:47,2026-08-07 15:10,4033.0,3998.0,0.88,11814700,4035.0,3925.0,5208.0,3404.0
2026-08-07 15:30:45,2026-08-07 15:15,4039.0,3998.0,1.03,12053800,4041.0,3925.0,5208.0,3404.0
2026-08-07 15:40:38,2026-08-07 15:24,4036.0,3998.0,0.95,12412500,4041.0,3925.0,5208.0,3404.0
2026-08-10 09:05:39,2026-08-07 15:30,4044.0,3998.0,1.15,14395100,4044.0,3925.0,5208.0,3404.0
2026-08-10 09:10:46,2026-08-07 15:30,4044.0,3998.0,1.15,14395100,4044.0,3925.0,5208.0,3404.0
2026-08-10 09:15:39,2026-08-10 09:00,4044.0,3998.0,1.15,15012200,4069.0,4029.0,5208.0,3404.0
2026-08-10 09:20:33,2026-08-10 09:05,3983.0,4044.0,-1.51,1412700,4069.0,3979.0,5208.0,3404.0
2026-08-10 09:25:34,2026-08-10 09:10,3992.0,4044.0,-1.29,2215900,4069.0,3956.0,5208.0,3404.0
2026-08-10 09:30:41,2026-08-10 09:15,4009.0,4044.0,-0.87,2594700,4069.0,3956.0,5208.0,3404.0
2026-08-10 09:35:31,2026-08-10 09:20,4017.0,4044.0,-0.67,2876900,4069.0,3956.0,5208.0,3404.0
2026-08-10 09:40:42,2026-08-10 09:25,3993.0,4044.0,-1.26,3194800,4069.0,3956.0,5208.0,3404.0
2026-08-10 09:45:38,2026-08-10 09:30,3980.0,4044.0,-1.58,3499900,4069.0,3956.0,5208.0,3404.0
2026-08-10 09:50:34,2026-08-10 09:35,3985.0,4044.0,-1.46,3712200,4069.0,3956.0,5208.0,3404.0
2026-08-10 09:55:40,2026-08-10 09:40,3988.0,4044.0,-1.38,3903700,4069.0,3956.0,5208.0,3404.0
2026-08-10 10:00:33,2026-08-10 09:45,3954.0,4044.0,-2.23,4352700,4069.0,3951.0,5208.0,3404.0
2026-08-10 10:05:41,2026-08-10 09:50,3938.0,4044.0,-2.62,4886600,4069.0,3937.0,5208.0,3404.0
2026-08-10 10:10:36,2026-08-10 09:55,3936.0,4044.0,-2.67,5095700,4069.0,3935.0,5208.0,3404.0
2026-08-10 10:15:40,2026-08-10 10:00,3934.0,4044.0,-2.72,5287200,4069.0,3933.0,5208.0,3404.0
2026-08-10 10:20:36,2026-08-10 10:05,3943.0,4044.0,-2.5,5477400,4069.0,3933.0,5208.0,3404.0
2026-08-10 10:25:55,2026-08-10 10:10,3953.0,4044.0,-2.25,5708500,4069.0,3933.0,5208.0,3404.0
2026-08-10 10:30:28,2026-08-10 10:15,3956.0,4044.0,-2.18,5908800,4069.0,3933.0,5208.0,3404.0
2026-08-10 10:35:38,2026-08-10 10:20,3962.0,4044.0,-2.03,6044900,4069.0,3933.0,5208.0,3404.0
2026-08-10 10:40:33,2026-08-10 10:25,3958.0,4044.0,-2.13,6153800,4069.0,3933.0,5208.0,3404.0
2026-08-10 10:45:35,2026-08-10 10:30,3963.0,4044.0,-2.0,6285800,4069.0,3933.0,5208.0,3404.0
2026-08-10 10:50:47,2026-08-10 10:35,3971.0,4044.0,-1.81,6402800,4069.0,3933.0,5208.0,3404.0
2026-08-10 10:55:38,2026-08-10 10:40,3975.0,4044.0,-1.71,6517300,4069.0,3933.0,5208.0,3404.0
2026-08-10 11:00:32,2026-08-10 10:45,3979.0,4044.0,-1.61,6650700,4069.0,3933.0,5208.0,3404.0
2026-08-10 11:05:35,2026-08-10 10:50,3981.0,4044.0,-1.56,6779400,4069.0,3933.0,5208.0,3404.0
2026-08-10 11:10:33,2026-08-10 10:55,3993.0,4044.0,-1.26,6944000,4069.0,3933.0,5208.0,3404.0
2026-08-10 11:15:40,2026-08-10 11:00,4008.0,4044.0,-0.89,7203400,4069.0,3933.0,5208.0,3404.0
2026-08-10 11:20:36,2026-08-10 11:05,4012.0,4044.0,-0.79,7402300,4069.0,3933.0,5208.0,3404.0
2026-08-10 11:25:33,2026-08-10 11:10,4021.0,4044.0,-0.57,7577300,4069.0,3933.0,5208.0,3404.0
2026-08-10 11:30:41,2026-08-10 11:15,4034.0,4044.0,-0.25,7765200,4069.0,3933.0,5208.0,3404.0
2026-08-10 12:30:36,2026-08-10 11:30,4019.0,4044.0,-0.62,8137300,4069.0,3933.0,5208.0,3404.0
2026-08-10 12:35:39,2026-08-10 11:30,4019.0,4044.0,-0.62,8137300,4069.0,3933.0,5208.0,3404.0
2026-08-10 12:40:36,2026-08-10 11:30,4019.0,4044.0,-0.62,8137300,4069.0,3933.0,5208.0,3404.0
2026-08-10 12:45:33,2026-08-10 12:30,4000.0,4044.0,-1.09,8403000,4069.0,3933.0,5208.0,3404.0
2026-08-10 12:50:41,2026-08-10 12:35,4000.0,4044.0,-1.09,8628400,4069.0,3933.0,5208.0,3404.0
2026-08-10 12:55:38,2026-08-10 12:40,3996.0,4044.0,-1.19,8842700,4069.0,3933.0,5208.0,3404.0
2026-08-10 13:00:33,2026-08-10 12:45,3990.0,4044.0,-1.34,8937300,4069.0,3933.0,5208.0,3404.0
2026-08-10 13:05:35,2026-08-10 12:50,3994.0,4044.0,-1.24,9032300,4069.0,3933.0,5208.0,3404.0
2026-08-10 13:10:31,2026-08-10 12:55,3995.0,4044.0,-1.21,9166100,4069.0,3933.0,5208.0,3404.0
2026-08-10 13:15:37,2026-08-10 13:00,3999.0,4044.0,-1.11,9319800,4069.0,3933.0,5208.0,3404.0
2026-08-10 13:20:35,2026-08-10 13:05,4000.0,4044.0,-1.09,9451400,4069.0,3933.0,5208.0,3404.0
2026-08-10 13:25:32,2026-08-10 13:10,3997.0,4044.0,-1.16,9509600,4069.0,3933.0,5208.0,3404.0
2026-08-10 13:30:38,2026-08-10 13:15,4001.0,4044.0,-1.06,9583000,4069.0,3933.0,5208.0,3404.0
2026-08-10 13:35:32,2026-08-10 13:20,4005.0,4044.0,-0.96,9659700,4069.0,3933.0,5208.0,3404.0
2026-08-10 13:40:38,2026-08-10 13:25,4006.0,4044.0,-0.94,9749900,4069.0,3933.0,5208.0,3404.0
2026-08-10 13:45:35,2026-08-10 13:30,4008.0,4044.0,-0.89,9843000,4069.0,3933.0,5208.0,3404.0
2026-08-10 13:50:35,2026-08-10 13:35,4007.0,4044.0,-0.91,9913600,4069.0,3933.0,5208.0,3404.0
2026-08-10 13:55:40,2026-08-10 13:40,4003.0,4044.0,-1.01,9985900,4069.0,3933.0,5208.0,3404.0
2026-08-10 14:00:38,2026-08-10 13:45,4006.0,4044.0,-0.94,10062100,4069.0,3933.0,5208.0,3404.0
2026-08-10 14:05:40,2026-08-10 13:50,4003.0,4044.0,-1.01,10106700,4069.0,3933.0,5208.0,3404.0
2026-08-10 14:10:47,2026-08-10 13:55,4001.0,4044.0,-1.06,10182600,4069.0,3933.0,5208.0,3404.0
2026-08-10 14:15:43,2026-08-10 14:00,4003.0,4044.0,-1.01,10241800,4069.0,3933.0,5208.0,3404.0
2026-08-10 14:20:37,2026-08-10 14:05,4003.0,4044.0,-1.01,10292800,4069.0,3933.0,5208.0,3404.0
2026-08-10 14:25:36,2026-08-10 14:10,4003.0,4044.0,-1.01,10333500,4069.0,3933.0,5208.0,3404.0
2026-08-10 14:30:43,2026-08-10 14:15,4007.0,4044.0,-0.91,10422100,4069.0,3933.0,5208.0,3404.0
2026-08-10 14:35:37,2026-08-10 14:20,4008.0,4044.0,-0.89,10525800,4069.0,3933.0,5208.0,3404.0
2026-08-10 14:40:40,2026-08-10 14:25,4004.0,4044.0,-0.99,10566100,4069.0,3933.0,5208.0,3404.0
2026-08-10 14:45:37,2026-08-10 14:30,4006.0,4044.0,-0.94,10617800,4069.0,3933.0,5208.0,3404.0
2026-08-10 14:50:38,2026-08-10 14:35,4002.0,4044.0,-1.04,10682800,4069.0,3933.0,5208.0,3404.0
2026-08-10 14:55:40,2026-08-10 14:40,4005.0,4044.0,-0.96,10769800,4069.0,3933.0,5208.0,3404.0
2026-08-10 15:00:52,2026-08-10 14:45,4005.0,4044.0,-0.96,10845000,4069.0,3933.0,5208.0,3404.0
2026-08-10 15:05:44,2026-08-10 14:50,4005.0,4044.0,-0.96,10929400,4069.0,3933.0,5208.0,3404.0
2026-08-10 15:10:43,2026-08-10 14:55,4007.0,4044.0,-0.91,11018300,4069.0,3933.0,5208.0,3404.0
2026-08-10 15:15:34,2026-08-10 15:00,4005.0,4044.0,-0.96,11044600,4069.0,3933.0,5208.0,3404.0
2026-08-10 15:20:33,2026-08-10 15:05,4003.0,4044.0,-1.01,11144200,4069.0,3933.0,5208.0,3404.0
2026-08-10 15:25:36,2026-08-10 15:10,4008.0,4044.0,-0.89,11233100,4069.0,3933.0,5208.0,3404.0
2026-08-10 15:30:43,2026-08-10 15:15,4006.0,4044.0,-0.94,11332900,4069.0,3933.0,5208.0,3404.0
2026-08-10 15:40:34,2026-08-10 15:24,4005.0,4044.0,-0.96,11573300,4069.0,3933.0,5208.0,3404.0
2026-08-12 09:05:31,2026-08-10 15:30,4004.0,4044.0,-0.99,13526400,4069.0,3933.0,5208.0,3404.0
2026-08-12 09:10:46,2026-08-10 15:30,4004.0,4044.0,-0.99,13526400,4069.0,3933.0,5208.0,3404.0
2026-08-12 09:15:41,2026-08-12 09:00,4004.0,4044.0,-0.99,14519400,4056.0,4020.0,5208.0,3404.0
2026-08-12 09:20:44,2026-08-12 09:05,4059.0,4004.0,1.37,2065400,4094.0,4020.0,5208.0,3404.0
2026-08-12 09:25:39,2026-08-12 09:10,4049.0,4004.0,1.12,2651500,4094.0,4020.0,5208.0,3404.0
2026-08-12 09:30:46,2026-08-12 09:15,4030.0,4004.0,0.65,3269100,4094.0,4020.0,5208.0,3404.0
2026-08-12 09:35:42,2026-08-12 09:20,4027.0,4004.0,0.57,3627800,4094.0,4014.0,5208.0,3404.0
2026-08-12 09:40:39,2026-08-12 09:25,4012.0,4004.0,0.2,4010000,4094.0,4008.0,5208.0,3404.0
2026-08-12 09:45:36,2026-08-12 09:30,4022.0,4004.0,0.45,4314700,4094.0,4006.0,5208.0,3404.0
2026-08-12 09:50:31,2026-08-12 09:35,4029.0,4004.0,0.62,4549300,4094.0,4006.0,5208.0,3404.0
2026-08-12 09:55:33,2026-08-12 09:40,4054.0,4004.0,1.25,4914400,4094.0,4006.0,5208.0,3404.0
2026-08-12 10:00:33,2026-08-12 09:45,4056.0,4004.0,1.3,5196400,4094.0,4006.0,5208.0,3404.0
2026-08-12 10:05:37,2026-08-12 09:50,4066.0,4004.0,1.55,5429800,4094.0,4006.0,5208.0,3404.0
2026-08-12 10:10:33,2026-08-12 09:55,4066.0,4004.0,1.55,5749600,4094.0,4006.0,5208.0,3404.0
2026-08-12 10:15:48,2026-08-12 10:00,4064.0,4004.0,1.5,5990600,4094.0,4006.0,5208.0,3404.0
2026-08-12 10:20:34,2026-08-12 10:05,4061.0,4004.0,1.42,6118100,4094.0,4006.0,5208.0,3404.0
2026-08-12 10:25:32,2026-08-12 10:10,4065.0,4004.0,1.52,6250900,4094.0,4006.0,5208.0,3404.0
2026-08-12 10:30:42,2026-08-12 10:15,4065.0,4004.0,1.52,6408800,4094.0,4006.0,5208.0,3404.0
2026-08-12 10:35:35,2026-08-12 10:20,4071.0,4004.0,1.67,6669300,4094.0,4006.0,5208.0,3404.0
2026-08-12 10:40:42,2026-08-12 10:25,4070.0,4004.0,1.65,6803700,4094.0,4006.0,5208.0,3404.0
2026-08-12 10:45:31,2026-08-12 10:30,4068.0,4004.0,1.6,6933700,4094.0,4006.0,5208.0,3404.0
2026-08-12 10:50:58,2026-08-12 10:35,4063.0,4004.0,1.47,7155100,4094.0,4006.0,5208.0,3404.0
2026-08-12 10:55:32,2026-08-12 10:40,4072.0,4004.0,1.7,7322800,4094.0,4006.0,5208.0,3404.0
2026-08-12 11:00:32,2026-08-12 10:45,4072.0,4004.0,1.7,7437800,4094.0,4006.0,5208.0,3404.0
2026-08-12 11:05:36,2026-08-12 10:50,4080.0,4004.0,1.9,7749700,4094.0,4006.0,5208.0,3404.0
2026-08-12 11:10:29,2026-08-12 10:55,4071.0,4004.0,1.67,7864200,4094.0,4006.0,5208.0,3404.0
2026-08-12 11:15:40,2026-08-12 11:00,4067.0,4004.0,1.57,7960500,4094.0,4006.0,5208.0,3404.0
2026-08-12 11:20:34,2026-08-12 11:05,4071.0,4004.0,1.67,8107700,4094.0,4006.0,5208.0,3404.0
2026-08-12 11:25:55,2026-08-12 11:10,4073.0,4004.0,1.72,8183400,4094.0,4006.0,5208.0,3404.0
2026-08-12 11:30:32,2026-08-12 11:15,4076.0,4004.0,1.8,8284200,4094.0,4006.0,5208.0,3404.0
2026-08-12 12:30:29,2026-08-12 11:30,4072.0,4004.0,1.7,8598500,4094.0,4006.0,5208.0,3404.0
2026-08-12 12:35:29,2026-08-12 11:30,4072.0,4004.0,1.7,8598500,4094.0,4006.0,5208.0,3404.0
2026-08-12 12:40:36,2026-08-12 11:30,4072.0,4004.0,1.7,8598500,4094.0,4006.0,5208.0,3404.0
2026-08-12 12:45:59,2026-08-12 12:30,4070.0,4004.0,1.65,8878000,4094.0,4006.0,5208.0,3404.0
2026-08-12 12:50:32,2026-08-12 12:35,4059.0,4004.0,1.37,9024800,4094.0,4006.0,5208.0,3404.0
2026-08-12 12:55:38,2026-08-12 12:40,4055.0,4004.0,1.27,9368900,4094.0,4006.0,5208.0,3404.0
2026-08-12 13:00:31,2026-08-12 12:45,4062.0,4004.0,1.45,9498500,4094.0,4006.0,5208.0,3404.0
2026-08-12 13:05:33,2026-08-12 12:50,4062.0,4004.0,1.45,9582000,4094.0,4006.0,5208.0,3404.0
2026-08-12 13:10:35,2026-08-12 12:55,4065.0,4004.0,1.52,9681400,4094.0,4006.0,5208.0,3404.0
2026-08-12 13:15:37,2026-08-12 13:00,4071.0,4004.0,1.67,9788800,4094.0,4006.0,5208.0,3404.0
2026-08-12 13:20:30,2026-08-12 13:05,4066.0,4004.0,1.55,9900300,4094.0,4006.0,5208.0,3404.0
2026-08-12 13:25:53,2026-08-12 13:10,4071.0,4004.0,1.67,9998000,4094.0,4006.0,5208.0,3404.0
2026-08-12 13:30:36,2026-08-12 13:15,4066.0,4004.0,1.55,10060600,4094.0,4006.0,5208.0,3404.0
2026-08-12 13:35:33,2026-08-12 13:20,4065.0,4004.0,1.52,10296900,4094.0,4006.0,5208.0,3404.0
2026-08-12 13:41:11,2026-08-12 13:26,4066.0,4004.0,1.55,10397500,4094.0,4006.0,5208.0,3404.0
2026-08-12 13:45:35,2026-08-12 13:30,4060.0,4004.0,1.4,10497300,4094.0,4006.0,5208.0,3404.0
2026-08-12 13:50:47,2026-08-12 13:35,4057.0,4004.0,1.32,10579900,4094.0,4006.0,5208.0,3404.0
2026-08-12 13:55:39,2026-08-12 13:40,4053.0,4004.0,1.22,10649400,4094.0,4006.0,5208.0,3404.0
2026-08-12 14:00:32,2026-08-12 13:45,4051.0,4004.0,1.17,10715900,4094.0,4006.0,5208.0,3404.0
2026-08-12 14:05:39,2026-08-12 13:50,4056.0,4004.0,1.3,10787000,4094.0,4006.0,5208.0,3404.0
2026-08-12 14:10:36,2026-08-12 13:55,4053.0,4004.0,1.22,10841900,4094.0,4006.0,5208.0,3404.0
2026-08-12 14:15:35,2026-08-12 14:00,4049.0,4004.0,1.12,10916400,4094.0,4006.0,5208.0,3404.0
2026-08-12 14:20:36,2026-08-12 14:05,4054.0,4004.0,1.25,11021400,4094.0,4006.0,5208.0,3404.0
2026-08-12 14:25:39,2026-08-12 14:10,4055.0,4004.0,1.27,11070900,4094.0,4006.0,5208.0,3404.0
2026-08-12 14:30:40,2026-08-12 14:15,4055.0,4004.0,1.27,11118500,4094.0,4006.0,5208.0,3404.0
2026-08-12 14:35:44,2026-08-12 14:20,4054.0,4004.0,1.25,11180700,4094.0,4006.0,5208.0,3404.0
2026-08-12 14:40:35,2026-08-12 14:25,4054.0,4004.0,1.25,11222000,4094.0,4006.0,5208.0,3404.0
2026-08-12 14:45:45,2026-08-12 14:30,4051.0,4004.0,1.17,11316300,4094.0,4006.0,5208.0,3404.0
2026-08-12 14:50:37,2026-08-12 14:35,4053.0,4004.0,1.22,11400700,4094.0,4006.0,5208.0,3404.0
2026-08-12 14:55:32,2026-08-12 14:40,4057.0,4004.0,1.32,11497500,4094.0,4006.0,5208.0,3404.0
2026-08-12 15:00:37,2026-08-12 14:45,4049.0,4004.0,1.12,11598100,4094.0,4006.0,5208.0,3404.0
2026-08-12 15:05:42,2026-08-12 14:50,4051.0,4004.0,1.17,11680500,4094.0,4006.0,5208.0,3404.0
2026-08-12 15:10:35,2026-08-12 14:55,4058.0,4004.0,1.35,11787100,4094.0,4006.0,5208.0,3404.0
2026-08-12 15:15:51,2026-08-12 15:00,4063.0,4004.0,1.47,11971100,4094.0,4006.0,5208.0,3404.0
2026-08-12 15:20:36,2026-08-12 15:05,4063.0,4004.0,1.47,12091900,4094.0,4006.0,5208.0,3404.0
2026-08-12 15:25:30,2026-08-12 15:10,4068.0,4004.0,1.6,12216500,4094.0,4006.0,5208.0,3404.0
2026-08-12 15:30:31,2026-08-12 15:15,4072.0,4004.0,1.7,12383000,4094.0,4006.0,5208.0,3404.0
2026-08-12 15:40:39,2026-08-12 15:24,4079.0,4004.0,1.87,12692200,4094.0,4006.0,5208.0,3404.0
2026-08-13 09:05:40,2026-08-12 15:30,4094.0,4004.0,2.25,15370900,4094.0,4006.0,5208.0,3404.0
2026-08-13 09:10:31,2026-08-12 15:30,4094.0,4004.0,2.25,15370900,4094.0,4006.0,5208.0,3404.0
2026-08-13 09:15:44,2026-08-13 09:00,4094.0,4004.0,2.25,16680100,4161.0,4123.0,5208.0,3404.0
2026-08-13 09:20:29,2026-08-13 09:05,4162.0,4094.0,1.66,2872400,4212.0,4123.0,5208.0,3404.0
2026-08-13 09:25:41,2026-08-13 09:10,4172.0,4094.0,1.91,3511300,4212.0,4123.0,5208.0,3404.0
2026-08-13 09:30:31,2026-08-13 09:15,4178.0,4094.0,2.05,4115000,4212.0,4123.0,5208.0,3404.0
2026-08-13 09:35:32,2026-08-13 09:20,4194.0,4094.0,2.44,4702000,4212.0,4123.0,5208.0,3404.0
2026-08-13 09:40:37,2026-08-13 09:25,4206.0,4094.0,2.74,5445400,4212.0,4123.0,5208.0,3404.0
2026-08-13 09:45:47,2026-08-13 09:30,4199.0,4094.0,2.56,6031100,4214.0,4123.0,5208.0,3404.0
2026-08-13 09:50:38,2026-08-13 09:35,4211.0,4094.0,2.86,6607400,4216.0,4123.0,5208.0,3404.0
2026-08-13 09:55:48,2026-08-13 09:40,4224.0,4094.0,3.18,7332100,4228.0,4123.0,5208.0,3404.0
2026-08-13 10:00:31,2026-08-13 09:45,4212.0,4094.0,2.88,7732400,4228.0,4123.0,5208.0,3404.0
2026-08-13 10:05:40,2026-08-13 09:50,4196.0,4094.0,2.49,8034700,4228.0,4123.0,5208.0,3404.0
2026-08-13 10:10:45,2026-08-13 09:55,4187.0,4094.0,2.27,8313500,4228.0,4123.0,5208.0,3404.0
2026-08-13 10:15:29,2026-08-13 10:00,4188.0,4094.0,2.3,8522600,4228.0,4123.0,5208.0,3404.0
2026-08-13 10:20:45,2026-08-13 10:05,4187.0,4094.0,2.27,8766100,4228.0,4123.0,5208.0,3404.0
2026-08-13 10:25:32,2026-08-13 10:10,4197.0,4094.0,2.52,9115000,4228.0,4123.0,5208.0,3404.0
2026-08-13 10:30:30,2026-08-13 10:15,4187.0,4094.0,2.27,9299700,4228.0,4123.0,5208.0,3404.0
2026-08-13 10:35:35,2026-08-13 10:20,4184.0,4094.0,2.2,9437900,4228.0,4123.0,5208.0,3404.0
2026-08-13 10:40:31,2026-08-13 10:25,4188.0,4094.0,2.3,9584000,4228.0,4123.0,5208.0,3404.0
2026-08-13 10:45:31,2026-08-13 10:30,4165.0,4094.0,1.73,9888600,4228.0,4123.0,5208.0,3404.0
2026-08-13 10:50:30,2026-08-13 10:35,4163.0,4094.0,1.69,10070200,4228.0,4123.0,5208.0,3404.0
2026-08-13 10:55:41,2026-08-13 10:40,4166.0,4094.0,1.76,10223100,4228.0,4123.0,5208.0,3404.0
2026-08-13 11:00:34,2026-08-13 10:45,4153.0,4094.0,1.44,10438100,4228.0,4123.0,5208.0,3404.0
2026-08-13 11:05:34,2026-08-13 10:50,4151.0,4094.0,1.39,10582200,4228.0,4123.0,5208.0,3404.0
2026-08-13 11:10:33,2026-08-13 10:55,4160.0,4094.0,1.61,10715700,4228.0,4123.0,5208.0,3404.0
2026-08-13 11:15:45,2026-08-13 11:00,4157.0,4094.0,1.54,10823000,4228.0,4123.0,5208.0,3404.0
2026-08-13 11:20:33,2026-08-13 11:05,4170.0,4094.0,1.86,10924700,4228.0,4123.0,5208.0,3404.0
2026-08-13 11:25:32,2026-08-13 11:10,4173.0,4094.0,1.93,11144100,4228.0,4123.0,5208.0,3404.0
2026-08-13 11:30:34,2026-08-13 11:15,4178.0,4094.0,2.05,11249400,4228.0,4123.0,5208.0,3404.0
2026-08-13 12:30:36,2026-08-13 11:30,4188.0,4094.0,2.3,11668900,4228.0,4123.0,5208.0,3404.0
2026-08-13 12:35:36,2026-08-13 11:30,4188.0,4094.0,2.3,11668900,4228.0,4123.0,5208.0,3404.0
2026-08-13 12:40:35,2026-08-13 11:30,4188.0,4094.0,2.3,11668900,4228.0,4123.0,5208.0,3404.0
2026-08-13 12:45:46,2026-08-13 12:30,4218.0,4094.0,3.03,12645800,4228.0,4123.0,5208.0,3404.0
2026-08-13 12:50:30,2026-08-13 12:35,4212.0,4094.0,2.88,13321500,4239.0,4123.0,5208.0,3404.0
2026-08-13 12:55:38,2026-08-13 12:40,4209.0,4094.0,2.81,13508100,4239.0,4123.0,5208.0,3404.0
2026-08-13 13:00:40,2026-08-13 12:45,4215.0,4094.0,2.96,13669300,4239.0,4123.0,5208.0,3404.0
2026-08-13 13:05:34,2026-08-13 12:50,4225.0,4094.0,3.2,13870200,4239.0,4123.0,5208.0,3404.0
2026-08-13 13:10:45,2026-08-13 12:55,4233.0,4094.0,3.4,14123200,4239.0,4123.0,5208.0,3404.0
2026-08-13 13:15:37,2026-08-13 13:00,4227.0,4094.0,3.25,14422200,4242.0,4123.0,5208.0,3404.0
2026-08-13 13:20:38,2026-08-13 13:05,4238.0,4094.0,3.52,14609000,4242.0,4123.0,5208.0,3404.0
2026-08-13 13:26:02,2026-08-13 13:10,4236.0,4094.0,3.47,14841800,4243.0,4123.0,5208.0,3404.0
2026-08-13 13:30:34,2026-08-13 13:15,4234.0,4094.0,3.42,15162200,4244.0,4123.0,5208.0,3404.0
2026-08-13 13:35:33,2026-08-13 13:20,4230.0,4094.0,3.32,15295500,4244.0,4123.0,5208.0,3404.0
2026-08-13 13:40:39,2026-08-13 13:25,4234.0,4094.0,3.42,15483100,4244.0,4123.0,5208.0,3404.0
2026-08-13 13:45:38,2026-08-13 13:30,4240.0,4094.0,3.57,15664600,4244.0,4123.0,5208.0,3404.0
2026-08-13 13:51:03,2026-08-13 13:36,4238.0,4094.0,3.52,15757400,4244.0,4123.0,5208.0,3404.0
2026-08-13 13:55:35,2026-08-13 13:40,4239.0,4094.0,3.54,15826800,4244.0,4123.0,5208.0,3404.0
2026-08-13 14:00:37,2026-08-13 13:45,4241.0,4094.0,3.59,16032800,4245.0,4123.0,5208.0,3404.0
2026-08-13 14:05:47,2026-08-13 13:50,4238.0,4094.0,3.52,16165400,4245.0,4123.0,5208.0,3404.0
2026-08-13 14:10:35,2026-08-13 13:55,4243.0,4094.0,3.64,16325400,4245.0,4123.0,5208.0,3404.0
2026-08-13 14:15:42,2026-08-13 14:00,4241.0,4094.0,3.59,16534600,4248.0,4123.0,5208.0,3404.0
2026-08-13 14:20:42,2026-08-13 14:05,4241.0,4094.0,3.59,16617600,4248.0,4123.0,5208.0,3404.0
2026-08-13 14:25:33,2026-08-13 14:10,4243.0,4094.0,3.64,16705500,4248.0,4123.0,5208.0,3404.0
2026-08-13 14:30:37,2026-08-13 14:15,4254.0,4094.0,3.91,17474200,4255.0,4123.0,5208.0,3404.0
2026-08-13 14:35:33,2026-08-13 14:20,4254.0,4094.0,3.91,17679900,4257.0,4123.0,5208.0,3404.0
2026-08-13 14:40:40,2026-08-13 14:25,4253.0,4094.0,3.88,17801300,4257.0,4123.0,5208.0,3404.0
2026-08-13 14:45:40,2026-08-13 14:30,4258.0,4094.0,4.01,17943200,4258.0,4123.0,5208.0,3404.0
2026-08-13 14:50:36,2026-08-13 14:35,4258.0,4094.0,4.01,18651100,4265.0,4123.0,5208.0,3404.0
2026-08-13 14:55:58,2026-08-13 14:40,4257.0,4094.0,3.98,18882500,4266.0,4123.0,5208.0,3404.0
2026-08-13 15:01:01,2026-08-13 14:45,4266.0,4094.0,4.2,19108400,4267.0,4123.0,5208.0,3404.0
2026-08-13 15:05:34,2026-08-13 14:50,4269.0,4094.0,4.27,19447700,4273.0,4123.0,5208.0,3404.0
2026-08-13 15:10:33,2026-08-13 14:55,4269.0,4094.0,4.27,19620000,4273.0,4123.0,5208.0,3404.0
2026-08-13 15:15:59,2026-08-13 15:00,4270.0,4094.0,4.3,19887800,4275.0,4123.0,5208.0,3404.0
2026-08-13 15:20:36,2026-08-13 15:05,4267.0,4094.0,4.23,20058200,4275.0,4123.0,5208.0,3404.0
2026-08-13 15:25:50,2026-08-13 15:10,4260.0,4094.0,4.05,20342700,4275.0,4123.0,5208.0,3404.0
2026-08-13 15:30:34,2026-08-13 15:15,4259.0,4094.0,4.03,20563500,4275.0,4123.0,5208.0,3404.0
2026-08-13 15:40:35,2026-08-13 15:24,4271.0,4094.0,4.32,21072200,4275.0,4123.0,5208.0,3404.0
2026-08-14 09:05:33,2026-08-13 15:30,4256.0,4094.0,3.96,23526500,4275.0,4123.0,5208.0,3404.0
2026-08-14 09:11:27,2026-08-13 15:30,4256.0,4094.0,3.96,23526500,4275.0,4123.0,5208.0,3404.0
2026-08-14 09:15:41,2026-08-14 09:00,4256.0,4094.0,3.96,24820400,4238.0,4180.0,5208.0,3404.0
2026-08-14 09:20:29,2026-08-14 09:05,4269.0,4256.0,0.31,2373700,4283.0,4180.0,5208.0,3404.0
2026-08-14 09:25:31,2026-08-14 09:10,4248.0,4256.0,-0.19,3046100,4283.0,4180.0,5208.0,3404.0
2026-08-14 09:30:50,2026-08-14 09:15,4248.0,4256.0,-0.19,3513600,4283.0,4180.0,5208.0,3404.0
2026-08-14 09:35:31,2026-08-14 09:20,4263.0,4256.0,0.16,3993700,4283.0,4180.0,5208.0,3404.0
2026-08-14 09:40:36,2026-08-14 09:25,4270.0,4256.0,0.33,4528800,4290.0,4180.0,5208.0,3404.0
2026-08-14 09:45:38,2026-08-14 09:30,4269.0,4256.0,0.31,4854000,4290.0,4180.0,5208.0,3404.0
2026-08-14 09:50:33,2026-08-14 09:35,4269.0,4256.0,0.31,5234900,4290.0,4180.0,5208.0,3404.0
2026-08-14 09:55:30,2026-08-14 09:40,4272.0,4256.0,0.38,5402600,4290.0,4180.0,5208.0,3404.0
2026-08-14 10:00:30,2026-08-14 09:45,4251.0,4256.0,-0.12,5751900,4290.0,4180.0,5208.0,3404.0
2026-08-14 10:05:45,2026-08-14 09:50,4249.0,4256.0,-0.16,6002700,4290.0,4180.0,5208.0,3404.0
2026-08-14 10:10:48,2026-08-14 09:55,4242.0,4256.0,-0.33,6280500,4290.0,4180.0,5208.0,3404.0
2026-08-14 10:15:47,2026-08-14 10:00,4268.0,4256.0,0.28,6571200,4290.0,4180.0,5208.0,3404.0
2026-08-14 10:20:31,2026-08-14 10:05,4283.0,4256.0,0.63,6999100,4290.0,4180.0,5208.0,3404.0
2026-08-14 10:25:34,2026-08-14 10:10,4294.0,4256.0,0.89,7474400,4299.0,4180.0,5208.0,3404.0
2026-08-14 10:30:34,2026-08-14 10:15,4293.0,4256.0,0.87,8470500,4304.0,4180.0,5208.0,3404.0
2026-08-14 10:35:38,2026-08-14 10:18,4290.0,4256.0,0.8,8731600,4308.0,4180.0,5208.0,3404.0
2026-08-14 10:40:34,2026-08-14 10:25,4302.0,4256.0,1.08,8976100,4308.0,4180.0,5208.0,3404.0
2026-08-14 10:45:41,2026-08-14 10:30,4305.0,4256.0,1.15,9200600,4308.0,4180.0,5208.0,3404.0
2026-08-14 10:50:39,2026-08-14 10:35,4299.0,4256.0,1.01,9547000,4311.0,4180.0,5208.0,3404.0
2026-08-14 10:55:41,2026-08-14 10:40,4294.0,4256.0,0.89,9714900,4311.0,4180.0,5208.0,3404.0
2026-08-14 11:00:34,2026-08-14 10:45,4298.0,4256.0,0.99,9889600,4311.0,4180.0,5208.0,3404.0
2026-08-14 11:05:42,2026-08-14 10:50,4300.0,4256.0,1.03,10108500,4311.0,4180.0,5208.0,3404.0
2026-08-14 11:10:29,2026-08-14 10:55,4289.0,4256.0,0.78,10261600,4311.0,4180.0,5208.0,3404.0
2026-08-14 11:15:32,2026-08-14 11:00,4292.0,4256.0,0.85,10392700,4311.0,4180.0,5208.0,3404.0
2026-08-14 11:20:32,2026-08-14 11:05,4290.0,4256.0,0.8,10522600,4311.0,4180.0,5208.0,3404.0
2026-08-14 11:25:36,2026-08-14 11:10,4288.0,4256.0,0.75,10626100,4311.0,4180.0,5208.0,3404.0
2026-08-14 11:30:43,2026-08-14 11:15,4289.0,4256.0,0.78,10727600,4311.0,4180.0,5208.0,3404.0
2026-08-14 12:30:33,2026-08-14 11:30,4283.0,4256.0,0.63,11152700,4311.0,4180.0,5208.0,3404.0
2026-08-14 12:35:34,2026-08-14 11:30,4283.0,4256.0,0.63,11152700,4311.0,4180.0,5208.0,3404.0
2026-08-14 12:40:35,2026-08-14 11:30,4283.0,4256.0,0.63,11152700,4311.0,4180.0,5208.0,3404.0
2026-08-14 12:45:38,2026-08-14 11:30,4283.0,4256.0,0.63,11152700,4311.0,4180.0,5208.0,3404.0
2026-08-14 12:50:31,2026-08-14 12:35,4268.0,4256.0,0.28,11552000,4311.0,4180.0,5208.0,3404.0
2026-08-14 12:55:34,2026-08-14 12:40,4262.0,4256.0,0.14,11689700,4311.0,4180.0,5208.0,3404.0
2026-08-14 13:00:37,2026-08-14 12:45,4262.0,4256.0,0.14,11882000,4311.0,4180.0,5208.0,3404.0
2026-08-14 13:05:36,2026-08-14 12:50,4254.0,4256.0,-0.05,12042800,4311.0,4180.0,5208.0,3404.0
2026-08-14 13:10:31,2026-08-14 12:55,4252.0,4256.0,-0.09,12140600,4311.0,4180.0,5208.0,3404.0
2026-08-14 13:15:36,2026-08-14 13:00,4256.0,4256.0,0.0,12300000,4311.0,4180.0,5208.0,3404.0
2026-08-14 13:20:34,2026-08-14 13:05,4254.0,4256.0,-0.05,12455100,4311.0,4180.0,5208.0,3404.0
2026-08-14 13:25:34,2026-08-14 13:10,4257.0,4256.0,0.02,12558100,4311.0,4180.0,5208.0,3404.0
2026-08-14 13:30:32,2026-08-14 13:15,4255.0,4256.0,-0.02,12690100,4311.0,4180.0,5208.0,3404.0
2026-08-14 13:35:36,2026-08-14 13:20,4256.0,4256.0,0.0,12757100,4311.0,4180.0,5208.0,3404.0
2026-08-14 13:40:40,2026-08-14 13:25,4258.0,4256.0,0.05,12936700,4311.0,4180.0,5208.0,3404.0
2026-08-14 13:45:40,2026-08-14 13:30,4254.0,4256.0,-0.05,13075800,4311.0,4180.0,5208.0,3404.0
2026-08-14 13:50:38,2026-08-14 13:35,4252.0,4256.0,-0.09,13187900,4311.0,4180.0,5208.0,3404.0
2026-08-14 13:55:38,2026-08-14 13:40,4246.0,4256.0,-0.23,13394900,4311.0,4180.0,5208.0,3404.0
2026-08-14 14:00:38,2026-08-14 13:45,4247.0,4256.0,-0.21,13493600,4311.0,4180.0,5208.0,3404.0
2026-08-14 14:05:42,2026-08-14 13:50,4247.0,4256.0,-0.21,13559300,4311.0,4180.0,5208.0,3404.0
2026-08-14 14:10:33,2026-08-14 13:55,4250.0,4256.0,-0.14,13647600,4311.0,4180.0,5208.0,3404.0
2026-08-14 14:15:48,2026-08-14 14:00,4249.0,4256.0,-0.16,13750800,4311.0,4180.0,5208.0,3404.0
2026-08-14 14:20:38,2026-08-14 14:05,4247.0,4256.0,-0.21,13806600,4311.0,4180.0,5208.0,3404.0
2026-08-14 14:25:54,2026-08-14 14:10,4250.0,4256.0,-0.14,13898300,4311.0,4180.0,5208.0,3404.0
2026-08-14 14:30:34,2026-08-14 14:15,4250.0,4256.0,-0.14,13992400,4311.0,4180.0,5208.0,3404.0
2026-08-14 14:35:32,2026-08-14 14:20,4248.0,4256.0,-0.19,14040000,4311.0,4180.0,5208.0,3404.0
2026-08-14 14:40:39,2026-08-14 14:25,4246.0,4256.0,-0.23,14148200,4311.0,4180.0,5208.0,3404.0
2026-08-14 14:45:53,2026-08-14 14:30,4249.0,4256.0,-0.16,14273400,4311.0,4180.0,5208.0,3404.0
2026-08-14 14:50:39,2026-08-14 14:35,4249.0,4256.0,-0.16,14327700,4311.0,4180.0,5208.0,3404.0
2026-08-14 14:55:45,2026-08-14 14:40,4248.0,4256.0,-0.19,14437100,4311.0,4180.0,5208.0,3404.0
2026-08-14 15:00:39,2026-08-14 14:45,4249.0,4256.0,-0.16,14489900,4311.0,4180.0,5208.0,3404.0
2026-08-14 15:05:44,2026-08-14 14:50,4256.0,4256.0,0.0,14648000,4311.0,4180.0,5208.0,3404.0
2026-08-14 15:10:39,2026-08-14 14:55,4255.0,4256.0,-0.02,14724200,4311.0,4180.0,5208.0,3404.0
2026-08-14 15:15:35,2026-08-14 15:00,4256.0,4256.0,0.0,14792900,4311.0,4180.0,5208.0,3404.0
2026-08-14 15:20:50,2026-08-14 15:05,4253.0,4256.0,-0.07,14934200,4311.0,4180.0,5208.0,3404.0
2026-08-14 15:25:30,2026-08-14 15:10,4255.0,4256.0,-0.02,15052600,4311.0,4180.0,5208.0,3404.0
2026-08-14 15:30:37,2026-08-14 15:15,4258.0,4256.0,0.05,15183900,4311.0,4180.0,5208.0,3404.0
2026-08-14 15:40:30,2026-08-14 15:24,4254.0,4256.0,-0.05,15606200,4311.0,4180.0,5208.0,3404.0
2026-08-17 09:05:34,2026-08-14 15:30,4254.0,4256.0,-0.05,17312800,4311.0,4180.0,5208.0,3404.0
2026-08-17 09:10:33,2026-08-14 15:30,4254.0,4256.0,-0.05,17312800,4311.0,4180.0,5208.0,3404.0
2026-08-17 09:15:30,2026-08-17 09:00,4295.0,4256.0,0.92,17882000,4298.0,4265.0,5208.0,3404.0
2026-08-17 09:20:34,2026-08-17 09:05,4241.0,4254.0,-0.31,1512300,4329.0,4238.0,5208.0,3404.0
2026-08-17 09:25:40,2026-08-17 09:10,4262.0,4254.0,0.19,2037600,4329.0,4226.0,5208.0,3404.0
2026-08-17 09:30:54,2026-08-17 09:15,4248.0,4254.0,-0.14,2369500,4329.0,4226.0,5208.0,3404.0
2026-08-17 09:35:39,2026-08-17 09:20,4246.0,4254.0,-0.19,2583400,4329.0,4226.0,5208.0,3404.0
2026-08-17 09:40:39,2026-08-17 09:25,4236.0,4254.0,-0.42,2754600,4329.0,4226.0,5208.0,3404.0
2026-08-17 09:45:35,2026-08-17 09:30,4234.0,4254.0,-0.47,3120400,4329.0,4218.0,5208.0,3404.0
2026-08-17 09:50:30,2026-08-17 09:35,4233.0,4254.0,-0.49,3258800,4329.0,4218.0,5208.0,3404.0
2026-08-17 09:55:29,2026-08-17 09:40,4238.0,4254.0,-0.38,3434400,4329.0,4218.0,5208.0,3404.0
2026-08-17 10:00:45,2026-08-17 09:45,4249.0,4254.0,-0.12,3650000,4329.0,4218.0,5208.0,3404.0
2026-08-17 10:05:42,2026-08-17 09:50,4245.0,4254.0,-0.21,3773600,4329.0,4218.0,5208.0,3404.0
2026-08-17 10:10:40,2026-08-17 09:55,4241.0,4254.0,-0.31,3867000,4329.0,4218.0,5208.0,3404.0
2026-08-17 10:15:30,2026-08-17 10:00,4237.0,4254.0,-0.4,3953000,4329.0,4218.0,5208.0,3404.0
2026-08-17 10:20:38,2026-08-17 10:05,4240.0,4254.0,-0.33,4055600,4329.0,4218.0,5208.0,3404.0
2026-08-17 10:25:35,2026-08-17 10:10,4236.0,4254.0,-0.42,4160400,4329.0,4218.0,5208.0,3404.0
2026-08-17 10:30:31,2026-08-17 10:15,4237.0,4254.0,-0.4,4247600,4329.0,4218.0,5208.0,3404.0
2026-08-17 10:35:31,2026-08-17 10:20,4232.0,4254.0,-0.52,4319100,4329.0,4218.0,5208.0,3404.0
2026-08-17 10:40:35,2026-08-17 10:25,4231.0,4254.0,-0.54,4409400,4329.0,4218.0,5208.0,3404.0
2026-08-17 10:45:34,2026-08-17 10:30,4236.0,4254.0,-0.42,4471800,4329.0,4218.0,5208.0,3404.0
2026-08-17 10:50:38,2026-08-17 10:35,4233.0,4254.0,-0.49,4542900,4329.0,4218.0,5208.0,3404.0
2026-08-17 10:55:42,2026-08-17 10:40,4251.0,4254.0,-0.07,4726600,4329.0,4218.0,5208.0,3404.0
2026-08-17 11:00:31,2026-08-17 10:45,4268.0,4254.0,0.33,4981900,4329.0,4218.0,5208.0,3404.0
2026-08-17 11:05:42,2026-08-17 10:50,4272.0,4254.0,0.42,5151000,4329.0,4218.0,5208.0,3404.0
2026-08-17 11:10:34,2026-08-17 10:55,4277.0,4254.0,0.54,5372900,4329.0,4218.0,5208.0,3404.0
2026-08-17 11:15:36,2026-08-17 11:00,4277.0,4254.0,0.54,5578800,4329.0,4218.0,5208.0,3404.0
2026-08-17 11:20:37,2026-08-17 11:05,4292.0,4254.0,0.89,5969300,4329.0,4218.0,5208.0,3404.0
2026-08-17 11:25:41,2026-08-17 11:10,4301.0,4254.0,1.1,6153200,4329.0,4218.0,5208.0,3404.0
2026-08-17 11:30:35,2026-08-17 11:15,4284.0,4254.0,0.71,6308900,4329.0,4218.0,5208.0,3404.0
2026-08-17 12:30:33,2026-08-17 11:30,4294.0,4254.0,0.94,6755500,4329.0,4218.0,5208.0,3404.0
2026-08-17 12:35:33,2026-08-17 11:30,4294.0,4254.0,0.94,6755500,4329.0,4218.0,5208.0,3404.0
2026-08-17 12:40:36,2026-08-17 11:30,4294.0,4254.0,0.94,6755500,4329.0,4218.0,5208.0,3404.0
2026-08-17 12:45:33,2026-08-17 12:30,4310.0,4254.0,1.32,7161700,4329.0,4218.0,5208.0,3404.0
2026-08-17 12:50:42,2026-08-17 12:35,4337.0,4254.0,1.95,7887600,4338.0,4218.0,5208.0,3404.0
2026-08-17 12:55:31,2026-08-17 12:40,4352.0,4254.0,2.3,8695900,4355.0,4218.0,5208.0,3404.0
2026-08-17 13:00:44,2026-08-17 12:45,4356.0,4254.0,2.4,9256100,4363.0,4218.0,5208.0,3404.0
2026-08-17 13:05:40,2026-08-17 12:50,4355.0,4254.0,2.37,9616400,4363.0,4218.0,5208.0,3404.0
2026-08-17 13:10:35,2026-08-17 12:55,4352.0,4254.0,2.3,9832600,4363.0,4218.0,5208.0,3404.0
2026-08-17 13:15:42,2026-08-17 13:00,4355.0,4254.0,2.37,9969600,4363.0,4218.0,5208.0,3404.0
2026-08-17 13:20:42,2026-08-17 13:05,4356.0,4254.0,2.4,10164700,4363.0,4218.0,5208.0,3404.0
2026-08-17 13:25:41,2026-08-17 13:10,4359.0,4254.0,2.47,10467400,4363.0,4218.0,5208.0,3404.0
2026-08-17 13:30:34,2026-08-17 13:15,4357.0,4254.0,2.42,10662800,4363.0,4218.0,5208.0,3404.0
2026-08-17 13:35:33,2026-08-17 13:20,4355.0,4254.0,2.37,10857900,4363.0,4218.0,5208.0,3404.0
2026-08-17 13:40:35,2026-08-17 13:25,4354.0,4254.0,2.35,10976400,4363.0,4218.0,5208.0,3404.0
2026-08-17 13:45:33,2026-08-17 13:30,4351.0,4254.0,2.28,11041000,4363.0,4218.0,5208.0,3404.0
2026-08-17 13:50:37,2026-08-17 13:35,4342.0,4254.0,2.07,11207000,4363.0,4218.0,5208.0,3404.0
2026-08-17 13:55:30,2026-08-17 13:40,4348.0,4254.0,2.21,11326800,4363.0,4218.0,5208.0,3404.0
2026-08-17 14:00:46,2026-08-17 13:45,4346.0,4254.0,2.16,11458700,4363.0,4218.0,5208.0,3404.0
2026-08-17 14:05:41,2026-08-17 13:50,4345.0,4254.0,2.14,11570900,4363.0,4218.0,5208.0,3404.0
2026-08-17 14:10:35,2026-08-17 13:55,4343.0,4254.0,2.09,11707600,4363.0,4218.0,5208.0,3404.0
2026-08-17 14:15:38,2026-08-17 14:00,4340.0,4254.0,2.02,11891400,4363.0,4218.0,5208.0,3404.0
2026-08-17 14:20:38,2026-08-17 14:05,4350.0,4254.0,2.26,12051300,4363.0,4218.0,5208.0,3404.0
2026-08-17 14:25:45,2026-08-17 14:10,4353.0,4254.0,2.33,12343800,4363.0,4218.0,5208.0,3404.0
2026-08-17 14:30:36,2026-08-17 14:15,4344.0,4254.0,2.12,12486400,4363.0,4218.0,5208.0,3404.0
2026-08-17 14:35:31,2026-08-17 14:20,4350.0,4254.0,2.26,12582300,4363.0,4218.0,5208.0,3404.0
2026-08-17 14:40:33,2026-08-17 14:25,4349.0,4254.0,2.23,12700600,4363.0,4218.0,5208.0,3404.0
2026-08-17 14:45:32,2026-08-17 14:30,4350.0,4254.0,2.26,12788200,4363.0,4218.0,5208.0,3404.0
2026-08-17 14:50:32,2026-08-17 14:35,4353.0,4254.0,2.33,12873000,4363.0,4218.0,5208.0,3404.0
2026-08-17 14:55:33,2026-08-17 14:40,4350.0,4254.0,2.26,13038200,4363.0,4218.0,5208.0,3404.0
2026-08-17 15:00:34,2026-08-17 14:45,4349.0,4254.0,2.23,13167100,4363.0,4218.0,5208.0,3404.0
2026-08-17 15:05:32,2026-08-17 14:50,4353.0,4254.0,2.33,13336700,4363.0,4218.0,5208.0,3404.0
2026-08-17 15:10:32,2026-08-17 14:55,4353.0,4254.0,2.33,13416800,4363.0,4218.0,5208.0,3404.0
2026-08-17 15:15:33,2026-08-17 15:00,4351.0,4254.0,2.28,13563300,4363.0,4218.0,5208.0,3404.0
2026-08-17 15:20:32,2026-08-17 15:05,4352.0,4254.0,2.3,13735200,4363.0,4218.0,5208.0,3404.0
2026-08-17 15:25:40,2026-08-17 15:10,4351.0,4254.0,2.28,13916800,4363.0,4218.0,5208.0,3404.0
2026-08-17 15:30:33,2026-08-17 15:15,4356.0,4254.0,2.4,14187900,4363.0,4218.0,5208.0,3404.0
2026-08-17 15:40:40,2026-08-17 15:24,4357.0,4254.0,2.42,14709400,4363.0,4218.0,5208.0,3404.0
2026-08-18 09:05:37,2026-08-17 15:30,4350.0,4254.0,2.26,16596500,4363.0,4218.0,5208.0,3404.0
2026-08-18 09:11:30,2026-08-17 15:30,4350.0,4254.0,2.26,16596500,4363.0,4218.0,5208.0,3404.0
2026-08-18 09:15:35,2026-08-18 09:00,4350.0,4254.0,2.26,17391100,4344.0,4313.0,5208.0,3404.0
2026-08-18 09:20:36,2026-08-18 09:05,4309.0,4350.0,-0.94,1719500,4347.0,4294.0,5208.0,3404.0
2026-08-18 09:25:43,2026-08-18 09:10,4341.0,4350.0,-0.21,2468300,4356.0,4294.0,5208.0,3404.0
2026-08-18 09:46:03,2026-08-18 09:30,4348.0,4350.0,-0.05,3844500,4364.0,4294.0,5208.0,3404.0
2026-08-18 09:52:19,2026-08-18 09:37,4352.0,4350.0,0.05,4064600,4364.0,4294.0,5208.0,3404.0
2026-08-18 09:55:33,2026-08-18 09:40,4365.0,4350.0,0.34,4456300,4374.0,4294.0,5208.0,3404.0
2026-08-18 10:00:35,2026-08-18 09:45,4370.0,4350.0,0.46,4807800,4376.0,4294.0,5208.0,3404.0
2026-08-18 10:05:35,2026-08-18 09:50,4372.0,4350.0,0.51,5817600,4388.0,4294.0,5208.0,3404.0
2026-08-18 10:10:52,2026-08-18 09:55,4363.0,4350.0,0.3,6027500,4388.0,4294.0,5208.0,3404.0
2026-08-18 10:15:36,2026-08-18 10:00,4375.0,4350.0,0.57,6229000,4388.0,4294.0,5208.0,3404.0
2026-08-18 10:31:41,2026-08-18 10:16,4396.0,4350.0,1.06,9844000,4407.0,4294.0,5208.0,3404.0
2026-08-18 10:33:35,2026-08-18 10:18,4418.0,4350.0,1.56,10082900,4418.0,4294.0,5208.0,3404.0
2026-08-18 10:40:59,2026-08-18 10:25,4430.0,4350.0,1.84,10761500,4433.0,4294.0,5208.0,3404.0
2026-08-18 10:41:39,2026-08-18 10:26,4434.0,4350.0,1.93,10837800,4435.0,4294.0,5208.0,3404.0
2026-08-18 10:45:39,2026-08-18 10:30,4423.0,4350.0,1.68,11111200,4435.0,4294.0,5208.0,3404.0
2026-08-18 11:21:14,2026-08-18 11:06,4399.0,4350.0,1.13,12936200,4439.0,4294.0,5208.0,3404.0
2026-08-18 11:25:36,2026-08-18 11:10,4412.0,4350.0,1.43,13066500,4439.0,4294.0,5208.0,3404.0
2026-08-18 12:42:00,2026-08-18 11:30,4379.0,4350.0,0.67,13792700,4439.0,4294.0,5208.0,3404.0
2026-08-18 12:47:11,2026-08-18 12:32,4356.0,4350.0,0.14,14261700,4439.0,4294.0,5208.0,3404.0
2026-08-18 12:50:43,2026-08-18 12:35,4368.0,4350.0,0.41,14452500,4439.0,4294.0,5208.0,3404.0
2026-08-18 12:55:52,2026-08-18 12:40,4373.0,4350.0,0.53,14679000,4439.0,4294.0,5208.0,3404.0
2026-08-18 13:02:55,2026-08-18 12:47,4390.0,4350.0,0.92,14945900,4439.0,4294.0,5208.0,3404.0
2026-08-18 13:05:41,2026-08-18 12:50,4388.0,4350.0,0.87,15066700,4439.0,4294.0,5208.0,3404.0
2026-08-18 13:10:58,2026-08-18 12:55,4381.0,4350.0,0.71,15224500,4439.0,4294.0,5208.0,3404.0
2026-08-18 13:16:25,2026-08-18 13:01,4380.0,4350.0,0.69,15366000,4439.0,4294.0,5208.0,3404.0
2026-08-18 13:22:09,2026-08-18 13:07,4386.0,4350.0,0.83,15469200,4439.0,4294.0,5208.0,3404.0
2026-08-18 13:25:55,2026-08-18 13:10,4390.0,4350.0,0.92,15538000,4439.0,4294.0,5208.0,3404.0
2026-08-18 13:30:42,2026-08-18 13:15,4388.0,4350.0,0.87,15655200,4439.0,4294.0,5208.0,3404.0
2026-08-18 13:35:31,2026-08-18 13:20,4384.0,4350.0,0.78,15723200,4439.0,4294.0,5208.0,3404.0
2026-08-18 13:40:36,2026-08-18 13:25,4386.0,4350.0,0.83,15786700,4439.0,4294.0,5208.0,3404.0
2026-08-18 13:45:36,2026-08-18 13:30,4379.0,4350.0,0.67,15991200,4439.0,4294.0,5208.0,3404.0
2026-08-18 13:50:34,2026-08-18 13:35,4385.0,4350.0,0.8,16099600,4439.0,4294.0,5208.0,3404.0
2026-08-18 13:55:36,2026-08-18 13:40,4389.0,4350.0,0.9,16226800,4439.0,4294.0,5208.0,3404.0
2026-08-18 14:00:39,2026-08-18 13:45,4387.0,4350.0,0.85,16291400,4439.0,4294.0,5208.0,3404.0
2026-08-18 14:05:36,2026-08-18 13:50,4390.0,4350.0,0.92,16365800,4439.0,4294.0,5208.0,3404.0
2026-08-18 14:10:41,2026-08-18 13:55,4393.0,4350.0,0.99,16480100,4439.0,4294.0,5208.0,3404.0
2026-08-18 14:15:35,2026-08-18 14:00,4385.0,4350.0,0.8,16641100,4439.0,4294.0,5208.0,3404.0
2026-08-18 14:20:34,2026-08-18 14:05,4381.0,4350.0,0.71,16739400,4439.0,4294.0,5208.0,3404.0
2026-08-18 14:26:05,2026-08-18 14:11,4385.0,4350.0,0.8,16837800,4439.0,4294.0,5208.0,3404.0
2026-08-18 14:30:39,2026-08-18 14:15,4386.0,4350.0,0.83,16906800,4439.0,4294.0,5208.0,3404.0
2026-08-18 14:35:29,2026-08-18 14:20,4388.0,4350.0,0.87,17034900,4439.0,4294.0,5208.0,3404.0
2026-08-18 14:42:13,2026-08-18 14:27,4386.0,4350.0,0.83,17132300,4439.0,4294.0,5208.0,3404.0
2026-08-18 14:45:38,2026-08-18 14:30,4385.0,4350.0,0.8,17200700,4439.0,4294.0,5208.0,3404.0
2026-08-18 14:51:07,2026-08-18 14:36,4387.0,4350.0,0.85,17287700,4439.0,4294.0,5208.0,3404.0
2026-08-18 14:55:37,2026-08-18 14:40,4377.0,4350.0,0.62,17409300,4439.0,4294.0,5208.0,3404.0
2026-08-18 15:00:38,2026-08-18 14:45,4385.0,4350.0,0.8,17498800,4439.0,4294.0,5208.0,3404.0
2026-08-18 15:08:14,2026-08-18 14:53,4382.0,4350.0,0.74,17629200,4439.0,4294.0,5208.0,3404.0
2026-08-18 15:10:40,2026-08-18 14:55,4383.0,4350.0,0.76,17669800,4439.0,4294.0,5208.0,3404.0
2026-08-18 15:15:40,2026-08-18 15:00,4377.0,4350.0,0.62,17821900,4439.0,4294.0,5208.0,3404.0
2026-08-18 15:20:32,2026-08-18 15:05,4365.0,4350.0,0.34,17989700,4439.0,4294.0,5208.0,3404.0
2026-08-18 15:25:54,2026-08-18 15:10,4365.0,4350.0,0.34,18132200,4439.0,4294.0,5208.0,3404.0
2026-08-18 15:30:36,2026-08-18 15:15,4369.0,4350.0,0.44,18281600,4439.0,4294.0,5208.0,3404.0
2026-08-18 15:40:37,2026-08-18 15:25,4362.0,4350.0,0.28,18663800,4439.0,4294.0,5208.0,3404.0
2026-08-19 09:05:35,2026-08-18 15:30,4370.0,4350.0,0.46,20536800,4439.0,4294.0,5208.0,3404.0
2026-08-19 09:10:42,2026-08-18 15:30,4370.0,4350.0,0.46,20536800,4439.0,4294.0,5208.0,3404.0
2026-08-19 09:15:35,2026-08-18 15:30,4370.0,4350.0,0.46,20536800,4439.0,4294.0,5208.0,3404.0
2026-08-19 09:20:30,2026-08-19 09:05,4184.0,4370.0,-4.26,1543300,4239.0,4181.0,5208.0,3404.0
2026-08-19 09:26:03,2026-08-19 09:11,4179.0,4370.0,-4.37,2544400,4239.0,4169.0,5208.0,3404.0
2026-08-19 09:30:38,2026-08-19 09:15,4146.0,4370.0,-5.13,3261300,4239.0,4141.0,5208.0,3404.0
2026-08-19 09:35:38,2026-08-19 09:20,4147.0,4370.0,-5.1,3692100,4239.0,4135.0,5208.0,3404.0
2026-08-19 09:40:30,2026-08-19 09:25,4139.0,4370.0,-5.29,4196600,4239.0,4135.0,5208.0,3404.0
2026-08-19 09:45:34,2026-08-19 09:30,4145.0,4370.0,-5.15,4736400,4239.0,4125.0,5208.0,3404.0
2026-08-19 09:50:44,2026-08-19 09:35,4152.0,4370.0,-4.99,5099600,4239.0,4125.0,5208.0,3404.0
2026-08-19 09:56:25,2026-08-19 09:41,4156.0,4370.0,-4.9,5529800,4239.0,4125.0,5208.0,3404.0
2026-08-19 10:00:44,2026-08-19 09:45,4145.0,4370.0,-5.15,5925000,4239.0,4125.0,5208.0,3404.0
2026-08-19 10:05:43,2026-08-19 09:50,4119.0,4370.0,-5.74,6468200,4239.0,4118.0,5208.0,3404.0
2026-08-19 10:11:02,2026-08-19 09:56,4139.0,4370.0,-5.29,6680700,4239.0,4118.0,5208.0,3404.0
2026-08-19 10:15:30,2026-08-19 10:00,4126.0,4370.0,-5.58,6849000,4239.0,4118.0,5208.0,3404.0
2026-08-19 10:20:34,2026-08-19 10:05,4133.0,4370.0,-5.42,7059400,4239.0,4118.0,5208.0,3404.0
2026-08-19 10:25:36,2026-08-19 10:10,4148.0,4370.0,-5.08,7388500,4239.0,4118.0,5208.0,3404.0
2026-08-19 10:30:44,2026-08-19 10:15,4145.0,4370.0,-5.15,7614500,4239.0,4118.0,5208.0,3404.0
2026-08-19 10:35:38,2026-08-19 10:20,4151.0,4370.0,-5.01,7825200,4239.0,4118.0,5208.0,3404.0
2026-08-19 10:40:42,2026-08-19 10:25,4148.0,4370.0,-5.08,8045700,4239.0,4118.0,5208.0,3404.0
2026-08-19 10:45:35,2026-08-19 10:30,4163.0,4370.0,-4.74,8264800,4239.0,4118.0,5208.0,3404.0
2026-08-19 10:50:40,2026-08-19 10:35,4161.0,4370.0,-4.78,8464000,4239.0,4118.0,5208.0,3404.0
2026-08-19 11:11:51,2026-08-19 10:56,4149.0,4370.0,-5.06,9184100,4239.0,4118.0,5208.0,3404.0
2026-08-19 11:16:02,2026-08-19 11:00,4151.0,4370.0,-5.01,9263900,4239.0,4118.0,5208.0,3404.0
2026-08-19 11:22:14,2026-08-19 11:07,4141.0,4370.0,-5.24,9425200,4239.0,4118.0,5208.0,3404.0
2026-08-19 12:45:53,2026-08-19 12:30,4127.0,4370.0,-5.56,10236500,4239.0,4118.0,5208.0,3404.0
2026-08-19 12:51:30,2026-08-19 12:36,4128.0,4370.0,-5.54,10510600,4239.0,4118.0,5208.0,3404.0
2026-08-19 12:55:30,2026-08-19 12:40,4126.0,4370.0,-5.58,10629500,4239.0,4118.0,5208.0,3404.0
2026-08-19 13:06:27,2026-08-19 12:51,4126.0,4370.0,-5.58,10923300,4239.0,4118.0,5208.0,3404.0
2026-08-19 13:07:04,2026-08-19 12:52,4125.0,4370.0,-5.61,10930200,4239.0,4118.0,5208.0,3404.0
2026-08-19 13:10:44,2026-08-19 12:55,4122.0,4370.0,-5.68,11017800,4239.0,4118.0,5208.0,3404.0
2026-08-19 13:15:34,2026-08-19 13:00,4120.0,4370.0,-5.72,11112500,4239.0,4118.0,5208.0,3404.0
2026-08-19 13:20:32,2026-08-19 13:05,4108.0,4370.0,-6.0,11368800,4239.0,4108.0,5208.0,3404.0
2026-08-19 13:25:33,2026-08-19 13:10,4098.0,4370.0,-6.22,11753200,4239.0,4098.0,5208.0,3404.0
2026-08-19 13:33:28,2026-08-19 13:18,4102.0,4370.0,-6.13,11929200,4239.0,4098.0,5208.0,3404.0
2026-08-19 13:38:57,2026-08-19 13:23,4101.0,4370.0,-6.16,12073700,4239.0,4095.0,5208.0,3404.0
2026-08-19 13:43:32,2026-08-19 13:28,4108.0,4370.0,-6.0,12189700,4239.0,4095.0,5208.0,3404.0
2026-08-19 13:57:05,2026-08-19 13:42,4101.0,4370.0,-6.16,12458900,4239.0,4095.0,5208.0,3404.0
2026-08-19 14:03:36,2026-08-19 13:48,4098.0,4370.0,-6.22,12648600,4239.0,4095.0,5208.0,3404.0
2026-08-19 14:20:55,2026-08-19 14:05,4095.0,4370.0,-6.29,13168300,4239.0,4086.0,5208.0,3404.0
2026-08-19 14:24:09,2026-08-19 14:08,4097.0,4370.0,-6.25,13242900,4239.0,4086.0,5208.0,3404.0
2026-08-19 14:27:55,2026-08-19 14:12,4095.0,4370.0,-6.29,13313000,4239.0,4086.0,5208.0,3404.0
2026-08-19 14:33:10,2026-08-19 14:18,4087.0,4370.0,-6.48,13487900,4239.0,4086.0,5208.0,3404.0
2026-08-19 14:35:35,2026-08-19 14:20,4086.0,4370.0,-6.5,13598700,4239.0,4084.0,5208.0,3404.0
2026-08-19 14:49:47,2026-08-19 14:34,4105.0,4370.0,-6.06,14094900,4239.0,4084.0,5208.0,3404.0
2026-08-19 14:50:30,2026-08-19 14:35,4103.0,4370.0,-6.11,14119700,4239.0,4084.0,5208.0,3404.0
2026-08-19 14:51:13,2026-08-19 14:36,4098.0,4370.0,-6.22,14175400,4239.0,4084.0,5208.0,3404.0
2026-08-19 14:55:41,2026-08-19 14:40,4092.0,4370.0,-6.36,14297700,4239.0,4084.0,5208.0,3404.0
2026-08-19 15:00:30,2026-08-19 14:42,4091.0,4370.0,-6.38,14387400,4239.0,4084.0,5208.0,3404.0
2026-08-19 15:05:42,2026-08-19 14:50,4083.0,4370.0,-6.57,14835000,4239.0,4078.0,5208.0,3404.0
2026-08-19 15:10:44,2026-08-19 14:55,4083.0,4370.0,-6.57,15003800,4239.0,4078.0,5208.0,3404.0
2026-08-19 15:16:12,2026-08-19 15:01,4079.0,4370.0,-6.66,15183100,4239.0,4078.0,5208.0,3404.0
2026-08-19 15:20:53,2026-08-19 15:05,4079.0,4370.0,-6.66,15346400,4239.0,4076.0,5208.0,3404.0
2026-08-19 15:41:39,2026-08-19 15:24,4082.0,4370.0,-6.59,16128100,4239.0,4075.0,5208.0,3404.0
2026-08-20 09:06:40,2026-08-19 15:30,4097.0,4370.0,-6.25,18835800,4239.0,4075.0,5208.0,3404.0
2026-08-20 09:10:47,2026-08-19 15:30,4097.0,4370.0,-6.25,18835800,4239.0,4075.0,5208.0,3404.0
2026-08-20 09:15:39,2026-08-20 09:00,4097.0,4370.0,-6.25,19423400,4149.0,4124.0,5208.0,3404.0
2026-08-20 09:21:41,2026-08-20 09:06,4073.0,4097.0,-0.59,1298400,4151.0,4068.0,5208.0,3404.0
2026-08-20 09:25:33,2026-08-20 09:10,4051.0,4097.0,-1.12,1666900,4151.0,4050.0,5208.0,3404.0
2026-08-20 09:30:36,2026-08-20 09:15,4074.0,4097.0,-0.56,2046400,4151.0,4050.0,5208.0,3404.0
2026-08-20 09:35:45,2026-08-20 09:20,4079.0,4097.0,-0.44,2339800,4151.0,4050.0,5208.0,3404.0
2026-08-20 09:40:32,2026-08-20 09:25,4077.0,4097.0,-0.49,2512500,4151.0,4050.0,5208.0,3404.0
2026-08-20 09:45:39,2026-08-20 09:30,4100.0,4097.0,0.07,2808100,4151.0,4050.0,5208.0,3404.0
2026-08-20 09:50:35,2026-08-20 09:35,4084.0,4097.0,-0.32,3128200,4151.0,4050.0,5208.0,3404.0
2026-08-20 09:56:41,2026-08-20 09:41,4076.0,4097.0,-0.51,3517500,4151.0,4050.0,5208.0,3404.0
2026-08-20 10:00:39,2026-08-20 09:45,4076.0,4097.0,-0.51,3659200,4151.0,4050.0,5208.0,3404.0
2026-08-20 10:05:41,2026-08-20 09:50,4077.0,4097.0,-0.49,3746300,4151.0,4050.0,5208.0,3404.0
2026-08-20 10:10:36,2026-08-20 09:55,4080.0,4097.0,-0.41,3860000,4151.0,4050.0,5208.0,3404.0
2026-08-20 10:15:34,2026-08-20 10:00,4083.0,4097.0,-0.34,3946300,4151.0,4050.0,5208.0,3404.0
2026-08-20 10:20:44,2026-08-20 10:05,4089.0,4097.0,-0.2,4094200,4151.0,4050.0,5208.0,3404.0
2026-08-20 10:25:38,2026-08-20 10:10,4083.0,4097.0,-0.34,4221700,4151.0,4050.0,5208.0,3404.0
2026-08-20 10:30:37,2026-08-20 10:15,4091.0,4097.0,-0.15,4308500,4151.0,4050.0,5208.0,3404.0
2026-08-20 10:35:49,2026-08-20 10:20,4096.0,4097.0,-0.02,4453000,4151.0,4050.0,5208.0,3404.0
2026-08-20 10:40:34,2026-08-20 10:25,4094.0,4097.0,-0.07,4568700,4151.0,4050.0,5208.0,3404.0
2026-08-20 10:45:37,2026-08-20 10:30,4089.0,4097.0,-0.2,4707200,4151.0,4050.0,5208.0,3404.0
2026-08-20 10:50:30,2026-08-20 10:35,4082.0,4097.0,-0.37,4844900,4151.0,4050.0,5208.0,3404.0
2026-08-20 10:55:31,2026-08-20 10:40,4093.0,4097.0,-0.1,4935400,4151.0,4050.0,5208.0,3404.0
2026-08-20 11:00:39,2026-08-20 10:45,4098.0,4097.0,0.02,5065100,4151.0,4050.0,5208.0,3404.0
2026-08-20 11:05:35,2026-08-20 10:50,4111.0,4097.0,0.34,5262400,4151.0,4050.0,5208.0,3404.0
2026-08-20 11:10:44,2026-08-20 10:55,4103.0,4097.0,0.15,5355400,4151.0,4050.0,5208.0,3404.0
2026-08-20 11:15:40,2026-08-20 11:00,4108.0,4097.0,0.27,5445500,4151.0,4050.0,5208.0,3404.0
2026-08-20 11:20:43,2026-08-20 11:05,4100.0,4097.0,0.07,5537300,4151.0,4050.0,5208.0,3404.0
2026-08-20 11:25:42,2026-08-20 11:10,4104.0,4097.0,0.17,5627000,4151.0,4050.0,5208.0,3404.0
2026-08-20 11:30:40,2026-08-20 11:15,4105.0,4097.0,0.2,5680200,4151.0,4050.0,5208.0,3404.0
2026-08-20 12:30:31,2026-08-20 11:30,4100.0,4097.0,0.07,6038200,4151.0,4050.0,5208.0,3404.0
2026-08-20 12:35:30,2026-08-20 11:30,4100.0,4097.0,0.07,6038200,4151.0,4050.0,5208.0,3404.0
2026-08-20 12:40:38,2026-08-20 11:30,4100.0,4097.0,0.07,6038200,4151.0,4050.0,5208.0,3404.0
2026-08-20 12:46:44,2026-08-20 12:31,4067.0,4097.0,-0.73,6473800,4151.0,4050.0,5208.0,3404.0
2026-08-20 12:50:32,2026-08-20 12:35,4066.0,4097.0,-0.76,6609600,4151.0,4050.0,5208.0,3404.0
2026-08-20 12:55:35,2026-08-20 12:39,4061.0,4097.0,-0.88,6731400,4151.0,4050.0,5208.0,3404.0
2026-08-20 13:00:29,2026-08-20 12:45,4060.0,4097.0,-0.9,6899400,4151.0,4050.0,5208.0,3404.0
2026-08-20 13:05:40,2026-08-20 12:50,4062.0,4097.0,-0.85,6990200,4151.0,4050.0,5208.0,3404.0
2026-08-20 13:20:14,2026-08-20 13:05,4063.0,4097.0,-0.83,7262800,4151.0,4050.0,5208.0,3404.0
2026-08-20 13:20:50,2026-08-20 13:05,4065.0,4097.0,-0.78,7267700,4151.0,4050.0,5208.0,3404.0
2026-08-20 13:25:31,2026-08-20 13:10,4062.0,4097.0,-0.85,7335300,4151.0,4050.0,5208.0,3404.0
2026-08-20 13:30:31,2026-08-20 13:15,4063.0,4097.0,-0.83,7385500,4151.0,4050.0,5208.0,3404.0
2026-08-20 13:35:32,2026-08-20 13:20,4067.0,4097.0,-0.73,7450800,4151.0,4050.0,5208.0,3404.0
2026-08-20 13:40:41,2026-08-20 13:25,4064.0,4097.0,-0.81,7517700,4151.0,4050.0,5208.0,3404.0
2026-08-20 13:45:42,2026-08-20 13:30,4066.0,4097.0,-0.76,7585700,4151.0,4050.0,5208.0,3404.0
2026-08-20 13:50:36,2026-08-20 13:35,4064.0,4097.0,-0.81,7648700,4151.0,4050.0,5208.0,3404.0
2026-08-20 13:55:33,2026-08-20 13:40,4067.0,4097.0,-0.73,7713400,4151.0,4050.0,5208.0,3404.0
2026-08-20 14:00:40,2026-08-20 13:45,4066.0,4097.0,-0.76,7771400,4151.0,4050.0,5208.0,3404.0
2026-08-20 14:05:40,2026-08-20 13:50,4066.0,4097.0,-0.76,7805400,4151.0,4050.0,5208.0,3404.0
2026-08-20 14:10:45,2026-08-20 13:55,4068.0,4097.0,-0.71,7881000,4151.0,4050.0,5208.0,3404.0
2026-08-20 14:15:36,2026-08-20 14:00,4061.0,4097.0,-0.88,7952100,4151.0,4050.0,5208.0,3404.0
2026-08-20 14:20:42,2026-08-20 14:05,4061.0,4097.0,-0.88,7995900,4151.0,4050.0,5208.0,3404.0
2026-08-20 14:25:31,2026-08-20 14:10,4061.0,4097.0,-0.88,8096600,4151.0,4050.0,5208.0,3404.0
2026-08-20 14:30:47,2026-08-20 14:15,4059.0,4097.0,-0.93,8157600,4151.0,4050.0,5208.0,3404.0
2026-08-20 14:35:49,2026-08-20 14:19,4061.0,4097.0,-0.88,8188300,4151.0,4050.0,5208.0,3404.0
2026-08-20 14:40:35,2026-08-20 14:25,4061.0,4097.0,-0.88,8251800,4151.0,4050.0,5208.0,3404.0
2026-08-20 14:45:29,2026-08-20 14:30,4061.0,4097.0,-0.88,8308700,4151.0,4050.0,5208.0,3404.0
2026-08-20 14:50:30,2026-08-20 14:35,4062.0,4097.0,-0.85,8399700,4151.0,4050.0,5208.0,3404.0
2026-08-20 14:55:41,2026-08-20 14:40,4062.0,4097.0,-0.85,8453200,4151.0,4050.0,5208.0,3404.0
2026-08-20 15:00:29,2026-08-20 14:45,4058.0,4097.0,-0.95,8519300,4151.0,4050.0,5208.0,3404.0
2026-08-20 15:05:39,2026-08-20 14:50,4058.0,4097.0,-0.95,8595200,4151.0,4050.0,5208.0,3404.0
2026-08-20 15:10:47,2026-08-20 14:55,4055.0,4097.0,-1.03,8718600,4151.0,4050.0,5208.0,3404.0
2026-08-20 15:15:39,2026-08-20 15:00,4054.0,4097.0,-1.05,9091800,4151.0,4046.0,5208.0,3404.0
2026-08-20 15:20:44,2026-08-20 15:05,4055.0,4097.0,-1.03,9193300,4151.0,4046.0,5208.0,3404.0
2026-08-20 15:25:33,2026-08-20 15:10,4054.0,4097.0,-1.05,9301100,4151.0,4046.0,5208.0,3404.0
2026-08-20 15:30:34,2026-08-20 15:15,4058.0,4097.0,-0.95,9400000,4151.0,4046.0,5208.0,3404.0
2026-08-20 15:40:33,2026-08-20 15:24,4047.0,4097.0,-1.22,9949000,4151.0,4043.0,5208.0,3404.0
2026-08-21 09:05:34,2026-08-20 15:30,4054.0,4097.0,-1.05,11781300,4151.0,4043.0,5208.0,3404.0
2026-08-21 09:10:47,2026-08-20 15:30,4054.0,4097.0,-1.05,11781300,4151.0,4043.0,5208.0,3404.0
2026-08-21 09:15:29,2026-08-21 09:00,4054.0,4097.0,-1.05,12692400,4023.0,3980.0,5208.0,3404.0
2026-08-21 09:20:33,2026-08-21 09:05,3989.0,4054.0,-1.6,1560000,4023.0,3973.0,5208.0,3404.0
2026-08-21 09:25:29,2026-08-21 09:10,3988.0,4054.0,-1.63,2009300,4023.0,3973.0,5208.0,3404.0
2026-08-21 09:30:31,2026-08-21 09:15,3979.0,4054.0,-1.85,2488100,4023.0,3973.0,5208.0,3404.0
2026-08-21 09:35:43,2026-08-21 09:20,3974.0,4054.0,-1.97,2855700,4023.0,3966.0,5208.0,3404.0
2026-08-21 09:40:38,2026-08-21 09:25,3948.0,4054.0,-2.61,3564600,4023.0,3944.0,5208.0,3404.0
2026-08-21 09:45:38,2026-08-21 09:30,3939.0,4054.0,-2.84,3941700,4023.0,3936.0,5208.0,3404.0
2026-08-21 09:50:33,2026-08-21 09:35,3942.0,4054.0,-2.76,4263400,4023.0,3936.0,5208.0,3404.0
2026-08-21 09:55:32,2026-08-21 09:40,3934.0,4054.0,-2.96,4535700,4023.0,3931.0,5208.0,3404.0
2026-08-21 10:00:36,2026-08-21 09:45,3934.0,4054.0,-2.96,4786200,4023.0,3931.0,5208.0,3404.0
2026-08-21 10:05:37,2026-08-21 09:50,3936.0,4054.0,-2.91,5072500,4023.0,3930.0,5208.0,3404.0
2026-08-21 10:10:32,2026-08-21 09:55,3935.0,4054.0,-2.94,5235600,4023.0,3930.0,5208.0,3404.0
2026-08-21 10:15:37,2026-08-21 10:00,3925.0,4054.0,-3.18,5661500,4023.0,3922.0,5208.0,3404.0
2026-08-21 10:20:34,2026-08-21 10:05,3914.0,4054.0,-3.45,5909700,4023.0,3913.0,5208.0,3404.0
2026-08-21 10:25:44,2026-08-21 10:10,3925.0,4054.0,-3.18,6142900,4023.0,3910.0,5208.0,3404.0
2026-08-21 10:30:38,2026-08-21 10:15,3928.0,4054.0,-3.11,6276200,4023.0,3910.0,5208.0,3404.0
2026-08-21 10:35:39,2026-08-21 10:20,3925.0,4054.0,-3.18,6468000,4023.0,3910.0,5208.0,3404.0
2026-08-21 10:40:43,2026-08-21 10:25,3913.0,4054.0,-3.48,6759700,4023.0,3910.0,5208.0,3404.0
2026-08-21 10:45:38,2026-08-21 10:30,3915.0,4054.0,-3.43,6915400,4023.0,3910.0,5208.0,3404.0
2026-08-21 10:50:34,2026-08-21 10:35,3915.0,4054.0,-3.43,7030400,4023.0,3910.0,5208.0,3404.0
2026-08-21 10:55:39,2026-08-21 10:40,3908.0,4054.0,-3.6,7473000,4023.0,3905.0,5208.0,3404.0
2026-08-21 11:00:31,2026-08-21 10:45,3912.0,4054.0,-3.5,7620600,4023.0,3905.0,5208.0,3404.0
2026-08-21 11:05:34,2026-08-21 10:50,3913.0,4054.0,-3.48,7791900,4023.0,3905.0,5208.0,3404.0
2026-08-21 11:10:32,2026-08-21 10:55,3897.0,4054.0,-3.87,8533800,4023.0,3895.0,5208.0,3404.0
2026-08-21 11:15:29,2026-08-21 11:00,3900.0,4054.0,-3.8,8708600,4023.0,3895.0,5208.0,3404.0
2026-08-21 11:20:31,2026-08-21 11:05,3896.0,4054.0,-3.9,8887800,4023.0,3895.0,5208.0,3404.0
2026-08-21 11:25:35,2026-08-21 11:10,3903.0,4054.0,-3.72,8981100,4023.0,3895.0,5208.0,3404.0
2026-08-21 11:30:48,2026-08-21 11:15,3904.0,4054.0,-3.7,9144900,4023.0,3895.0,5208.0,3404.0
2026-08-21 12:30:42,2026-08-21 11:30,3901.0,4054.0,-3.77,9547900,4023.0,3895.0,5208.0,3404.0
2026-08-21 12:35:32,2026-08-21 11:30,3901.0,4054.0,-3.77,9547900,4023.0,3895.0,5208.0,3404.0
2026-08-21 12:40:30,2026-08-21 11:30,3901.0,4054.0,-3.77,9547900,4023.0,3895.0,5208.0,3404.0
2026-08-21 12:45:36,2026-08-21 12:30,3924.0,4054.0,-3.21,9913200,4023.0,3895.0,5208.0,3404.0
2026-08-21 12:50:33,2026-08-21 12:35,3924.0,4054.0,-3.21,10126600,4023.0,3895.0,5208.0,3404.0
2026-08-21 12:55:30,2026-08-21 12:40,3940.0,4054.0,-2.81,10397400,4023.0,3895.0,5208.0,3404.0
2026-08-21 13:00:36,2026-08-21 12:45,3939.0,4054.0,-2.84,10575100,4023.0,3895.0,5208.0,3404.0
2026-08-21 13:05:36,2026-08-21 12:50,3956.0,4054.0,-2.42,10929100,4023.0,3895.0,5208.0,3404.0
2026-08-21 13:10:34,2026-08-21 12:55,3949.0,4054.0,-2.59,11107200,4023.0,3895.0,5208.0,3404.0
2026-08-21 13:15:33,2026-08-21 13:00,3946.0,4054.0,-2.66,11261400,4023.0,3895.0,5208.0,3404.0
2026-08-21 13:20:31,2026-08-21 13:05,3951.0,4054.0,-2.54,11325300,4023.0,3895.0,5208.0,3404.0
2026-08-21 13:25:34,2026-08-21 13:10,3954.0,4054.0,-2.47,11427100,4023.0,3895.0,5208.0,3404.0
2026-08-21 13:30:46,2026-08-21 13:15,3948.0,4054.0,-2.61,11565000,4023.0,3895.0,5208.0,3404.0
2026-08-21 13:35:41,2026-08-21 13:20,3948.0,4054.0,-2.61,11656900,4023.0,3895.0,5208.0,3404.0
2026-08-21 13:40:37,2026-08-21 13:25,3940.0,4054.0,-2.81,11791900,4023.0,3895.0,5208.0,3404.0
2026-08-21 13:45:35,2026-08-21 13:30,3938.0,4054.0,-2.86,11858900,4023.0,3895.0,5208.0,3404.0
2026-08-21 13:50:34,2026-08-21 13:35,3932.0,4054.0,-3.01,11960200,4023.0,3895.0,5208.0,3404.0
2026-08-21 13:55:34,2026-08-21 13:40,3935.0,4054.0,-2.94,12067400,4023.0,3895.0,5208.0,3404.0
2026-08-21 14:00:31,2026-08-21 13:45,3938.0,4054.0,-2.86,12144600,4023.0,3895.0,5208.0,3404.0
2026-08-21 14:05:37,2026-08-21 13:50,3941.0,4054.0,-2.79,12273600,4023.0,3895.0,5208.0,3404.0
2026-08-21 14:10:33,2026-08-21 13:55,3942.0,4054.0,-2.76,12389400,4023.0,3895.0,5208.0,3404.0
2026-08-21 14:15:33,2026-08-21 14:00,3935.0,4054.0,-2.94,12501100,4023.0,3895.0,5208.0,3404.0
2026-08-21 14:20:30,2026-08-21 14:03,3939.0,4054.0,-2.84,12552900,4023.0,3895.0,5208.0,3404.0
2026-08-21 14:25:48,2026-08-21 14:10,3935.0,4054.0,-2.94,12658500,4023.0,3895.0,5208.0,3404.0
2026-08-21 14:30:34,2026-08-21 14:15,3940.0,4054.0,-2.81,12723100,4023.0,3895.0,5208.0,3404.0
2026-08-21 14:35:44,2026-08-21 14:20,3938.0,4054.0,-2.86,12799400,4023.0,3895.0,5208.0,3404.0
2026-08-21 14:40:31,2026-08-21 14:25,3934.0,4054.0,-2.96,12888000,4023.0,3895.0,5208.0,3404.0
2026-08-21 14:45:35,2026-08-21 14:30,3934.0,4054.0,-2.96,12978200,4023.0,3895.0,5208.0,3404.0
2026-08-21 14:50:37,2026-08-21 14:35,3933.0,4054.0,-2.98,13053700,4023.0,3895.0,5208.0,3404.0
2026-08-21 14:55:31,2026-08-21 14:40,3930.0,4054.0,-3.06,13181600,4023.0,3895.0,5208.0,3404.0
2026-08-21 15:00:31,2026-08-21 14:45,3928.0,4054.0,-3.11,13275800,4023.0,3895.0,5208.0,3404.0
2026-08-21 15:05:32,2026-08-21 14:50,3925.0,4054.0,-3.18,13375400,4023.0,3895.0,5208.0,3404.0
2026-08-21 15:10:35,2026-08-21 14:55,3925.0,4054.0,-3.18,13458800,4023.0,3895.0,5208.0,3404.0
2026-08-21 15:15:32,2026-08-21 15:00,3926.0,4054.0,-3.16,13534700,4023.0,3895.0,5208.0,3404.0
2026-08-21 15:21:12,2026-08-21 15:06,3930.0,4054.0,-3.06,13691700,4023.0,3895.0,5208.0,3404.0
2026-08-21 15:25:35,2026-08-21 15:10,3931.0,4054.0,-3.03,13784300,4023.0,3895.0,5208.0,3404.0
2026-08-21 15:30:46,2026-08-21 15:15,3931.0,4054.0,-3.03,13924000,4023.0,3895.0,5208.0,3404.0
2026-08-21 15:40:37,2026-08-21 15:25,3937.0,4054.0,-2.89,14272100,4023.0,3895.0,5208.0,3404.0
2026-08-24 09:05:32,2026-08-21 15:30,3932.0,4054.0,-3.01,16411300,4023.0,3895.0,5208.0,3404.0
2026-08-24 09:10:43,2026-08-21 15:30,3932.0,4054.0,-3.01,16411300,4023.0,3895.0,5208.0,3404.0
2026-08-24 09:15:37,2026-08-24 09:00,3945.0,4054.0,-2.69,16918700,3955.0,3936.0,5208.0,3404.0
2026-08-24 09:20:33,2026-08-24 09:05,3950.0,3932.0,0.46,899100,3977.0,3936.0,5208.0,3404.0
2026-08-24 09:25:30,2026-08-24 09:10,3955.0,3932.0,0.58,1262700,3977.0,3932.0,5208.0,3404.0
2026-08-24 09:30:31,2026-08-24 09:15,3958.0,3932.0,0.66,1569200,3977.0,3932.0,5208.0,3404.0
2026-08-24 09:35:39,2026-08-24 09:20,3944.0,3932.0,0.31,1848600,3977.0,3932.0,5208.0,3404.0
2026-08-24 09:40:36,2026-08-24 09:25,3957.0,3932.0,0.64,2043000,3977.0,3932.0,5208.0,3404.0
2026-08-24 09:45:30,2026-08-24 09:30,3950.0,3932.0,0.46,2253800,3977.0,3932.0,5208.0,3404.0
2026-08-24 09:50:33,2026-08-24 09:35,3960.0,3932.0,0.71,2427700,3977.0,3932.0,5208.0,3404.0
2026-08-24 09:55:41,2026-08-24 09:40,3948.0,3932.0,0.41,2570400,3977.0,3932.0,5208.0,3404.0
2026-08-24 10:00:37,2026-08-24 09:45,3944.0,3932.0,0.31,2713000,3977.0,3932.0,5208.0,3404.0
2026-08-24 10:05:40,2026-08-24 09:50,3950.0,3932.0,0.46,2867100,3977.0,3932.0,5208.0,3404.0
2026-08-24 10:10:30,2026-08-24 09:55,3970.0,3932.0,0.97,3163300,3977.0,3932.0,5208.0,3404.0
2026-08-24 10:15:41,2026-08-24 10:00,3980.0,3932.0,1.22,3365200,3981.0,3932.0,5208.0,3404.0
2026-08-24 10:20:35,2026-08-24 10:02,3978.0,3932.0,1.17,3400000,3982.0,3932.0,5208.0,3404.0
2026-08-24 10:25:56,2026-08-24 10:10,3964.0,3932.0,0.81,3645400,3982.0,3932.0,5208.0,3404.0
2026-08-24 10:30:36,2026-08-24 10:15,3971.0,3932.0,0.99,3798400,3982.0,3932.0,5208.0,3404.0
2026-08-24 10:35:44,2026-08-24 10:20,3975.0,3932.0,1.09,3908700,3982.0,3932.0,5208.0,3404.0
2026-08-24 10:40:39,2026-08-24 10:25,3975.0,3932.0,1.09,4004400,3982.0,3932.0,5208.0,3404.0
2026-08-24 10:45:42,2026-08-24 10:30,3974.0,3932.0,1.07,4140700,3982.0,3932.0,5208.0,3404.0
2026-08-24 10:50:32,2026-08-24 10:35,3972.0,3932.0,1.02,4211900,3982.0,3932.0,5208.0,3404.0
2026-08-24 10:55:40,2026-08-24 10:40,3977.0,3932.0,1.14,4288600,3982.0,3932.0,5208.0,3404.0
2026-08-24 11:00:34,2026-08-24 10:45,3974.0,3932.0,1.07,4348900,3982.0,3932.0,5208.0,3404.0
2026-08-24 11:05:38,2026-08-24 10:50,3981.0,3932.0,1.25,4492300,3982.0,3932.0,5208.0,3404.0
2026-08-24 11:10:41,2026-08-24 10:55,3985.0,3932.0,1.35,4600900,3985.0,3932.0,5208.0,3404.0
2026-08-24 11:15:35,2026-08-24 11:00,3972.0,3932.0,1.02,4705700,3987.0,3932.0,5208.0,3404.0
2026-08-24 11:20:46,2026-08-24 11:05,3983.0,3932.0,1.3,4841600,3987.0,3932.0,5208.0,3404.0
2026-08-24 11:25:31,2026-08-24 11:10,3989.0,3932.0,1.45,4960700,3989.0,3932.0,5208.0,3404.0
2026-08-24 11:30:34,2026-08-24 11:15,3997.0,3932.0,1.65,5159700,3997.0,3932.0,5208.0,3404.0
2026-08-24 12:30:32,2026-08-24 11:30,4005.0,3932.0,1.86,5521600,4005.0,3932.0,5208.0,3404.0
2026-08-24 12:35:39,2026-08-24 11:30,4005.0,3932.0,1.86,5521600,4005.0,3932.0,5208.0,3404.0
2026-08-24 12:40:38,2026-08-24 11:30,4005.0,3932.0,1.86,5521600,4005.0,3932.0,5208.0,3404.0
2026-08-24 12:45:38,2026-08-24 11:30,4005.0,3932.0,1.86,5521600,4005.0,3932.0,5208.0,3404.0
2026-08-24 12:50:34,2026-08-24 12:35,3977.0,3932.0,1.14,5921900,4005.0,3932.0,5208.0,3404.0
2026-08-24 12:55:30,2026-08-24 12:40,3983.0,3932.0,1.3,6054200,4005.0,3932.0,5208.0,3404.0
2026-08-24 13:00:35,2026-08-24 12:45,3981.0,3932.0,1.25,6160900,4005.0,3932.0,5208.0,3404.0
2026-08-24 13:05:39,2026-08-24 12:50,3974.0,3932.0,1.07,6275300,4005.0,3932.0,5208.0,3404.0
2026-08-24 13:10:34,2026-08-24 12:55,3974.0,3932.0,1.07,6352200,4005.0,3932.0,5208.0,3404.0
2026-08-24 13:15:33,2026-08-24 13:00,3974.0,3932.0,1.07,6470600,4005.0,3932.0,5208.0,3404.0
2026-08-24 13:20:33,2026-08-24 13:05,3973.0,3932.0,1.04,6543900,4005.0,3932.0,5208.0,3404.0
2026-08-24 13:25:40,2026-08-24 13:10,3964.0,3932.0,0.81,6650000,4005.0,3932.0,5208.0,3404.0
2026-08-24 13:30:36,2026-08-24 13:15,3970.0,3932.0,0.97,6730100,4005.0,3932.0,5208.0,3404.0
2026-08-24 13:35:33,2026-08-24 13:20,3969.0,3932.0,0.94,6772600,4005.0,3932.0,5208.0,3404.0
2026-08-24 13:40:36,2026-08-24 13:25,3965.0,3932.0,0.84,6842900,4005.0,3932.0,5208.0,3404.0
2026-08-24 13:45:34,2026-08-24 13:30,3977.0,3932.0,1.14,6907700,4005.0,3932.0,5208.0,3404.0
2026-08-24 13:50:33,2026-08-24 13:35,3970.0,3932.0,0.97,6973400,4005.0,3932.0,5208.0,3404.0
2026-08-24 13:55:30,2026-08-24 13:40,3972.0,3932.0,1.02,7024500,4005.0,3932.0,5208.0,3404.0
2026-08-24 14:00:33,2026-08-24 13:45,3973.0,3932.0,1.04,7055700,4005.0,3932.0,5208.0,3404.0
2026-08-24 14:05:32,2026-08-24 13:50,3972.0,3932.0,1.02,7097200,4005.0,3932.0,5208.0,3404.0
2026-08-24 14:10:36,2026-08-24 13:55,3967.0,3932.0,0.89,7150000,4005.0,3932.0,5208.0,3404.0
2026-08-24 14:15:41,2026-08-24 14:00,3966.0,3932.0,0.86,7227000,4005.0,3932.0,5208.0,3404.0
2026-08-24 14:20:34,2026-08-24 14:05,3969.0,3932.0,0.94,7260600,4005.0,3932.0,5208.0,3404.0
2026-08-24 14:25:35,2026-08-24 14:10,3975.0,3932.0,1.09,7322600,4005.0,3932.0,5208.0,3404.0
2026-08-24 14:30:35,2026-08-24 14:15,3979.0,3932.0,1.2,7390700,4005.0,3932.0,5208.0,3404.0
2026-08-24 14:35:37,2026-08-24 14:20,3987.0,3932.0,1.4,7471000,4005.0,3932.0,5208.0,3404.0
2026-08-24 14:40:41,2026-08-24 14:25,3984.0,3932.0,1.32,7532300,4005.0,3932.0,5208.0,3404.0
2026-08-24 14:45:39,2026-08-24 14:30,3983.0,3932.0,1.3,7653000,4005.0,3932.0,5208.0,3404.0
2026-08-24 14:50:39,2026-08-24 14:35,3973.0,3932.0,1.04,7731700,4005.0,3932.0,5208.0,3404.0
2026-08-24 14:55:36,2026-08-24 14:40,3971.0,3932.0,0.99,7815400,4005.0,3932.0,5208.0,3404.0
2026-08-24 15:00:35,2026-08-24 14:45,3968.0,3932.0,0.92,7874800,4005.0,3932.0,5208.0,3404.0
2026-08-24 15:05:35,2026-08-24 14:50,3971.0,3932.0,0.99,7930800,4005.0,3932.0,5208.0,3404.0
2026-08-24 15:10:49,2026-08-24 14:55,3967.0,3932.0,0.89,8001800,4005.0,3932.0,5208.0,3404.0
2026-08-24 15:15:32,2026-08-24 15:00,3967.0,3932.0,0.89,8050300,4005.0,3932.0,5208.0,3404.0
2026-08-24 15:20:41,2026-08-24 15:05,3956.0,3932.0,0.61,8228200,4005.0,3932.0,5208.0,3404.0
2026-08-24 15:25:42,2026-08-24 15:10,3958.0,3932.0,0.66,8309000,4005.0,3932.0,5208.0,3404.0
2026-08-24 15:30:35,2026-08-24 15:15,3961.0,3932.0,0.74,8405700,4005.0,3932.0,5208.0,3404.0
2026-08-24 15:40:44,2026-08-24 15:24,3959.0,3932.0,0.69,8643000,4005.0,3932.0,5208.0,3404.0
2026-08-25 09:05:50,2026-08-24 15:30,3955.0,3932.0,0.58,9679900,4005.0,3932.0,5208.0,3404.0
2026-08-25 09:10:30,2026-08-24 15:30,3955.0,3932.0,0.58,9679900,4005.0,3932.0,5208.0,3404.0
2026-08-25 09:16:19,2026-08-25 09:01,3955.0,3932.0,0.58,10429600,3968.0,3923.0,5208.0,3404.0
2026-08-25 09:20:32,2026-08-25 09:05,3936.0,3955.0,-0.48,1096700,3968.0,3923.0,5208.0,3404.0
2026-08-25 09:25:41,2026-08-25 09:10,3946.0,3955.0,-0.23,1364900,3968.0,3923.0,5208.0,3404.0
2026-08-25 09:30:31,2026-08-25 09:15,3922.0,3955.0,-0.83,1594400,3968.0,3922.0,5208.0,3404.0
2026-08-25 09:35:29,2026-08-25 09:20,3923.0,3955.0,-0.81,1893700,3968.0,3908.0,5208.0,3404.0
2026-08-25 09:40:34,2026-08-25 09:25,3943.0,3955.0,-0.3,2093800,3968.0,3908.0,5208.0,3404.0
2026-08-25 09:45:32,2026-08-25 09:30,3956.0,3955.0,0.03,2294000,3968.0,3908.0,5208.0,3404.0
2026-08-25 09:50:30,2026-08-25 09:35,3962.0,3955.0,0.18,2448500,3968.0,3908.0,5208.0,3404.0
2026-08-25 09:55:38,2026-08-25 09:40,3954.0,3955.0,-0.03,2621200,3968.0,3908.0,5208.0,3404.0
2026-08-25 10:00:33,2026-08-25 09:45,3960.0,3955.0,0.13,2742100,3968.0,3908.0,5208.0,3404.0
2026-08-25 10:05:52,2026-08-25 09:50,3959.0,3955.0,0.1,2872500,3968.0,3908.0,5208.0,3404.0
2026-08-25 10:10:46,2026-08-25 09:55,3959.0,3955.0,0.1,2930400,3968.0,3908.0,5208.0,3404.0
2026-08-25 10:15:43,2026-08-25 10:00,3961.0,3955.0,0.15,3015900,3968.0,3908.0,5208.0,3404.0
2026-08-25 10:20:33,2026-08-25 10:05,3954.0,3955.0,-0.03,3144500,3968.0,3908.0,5208.0,3404.0
2026-08-25 10:25:29,2026-08-25 10:10,3947.0,3955.0,-0.2,3263600,3968.0,3908.0,5208.0,3404.0
2026-08-25 10:30:31,2026-08-25 10:15,3949.0,3955.0,-0.15,3332700,3968.0,3908.0,5208.0,3404.0
2026-08-25 10:35:38,2026-08-25 10:20,3945.0,3955.0,-0.25,3428700,3968.0,3908.0,5208.0,3404.0
2026-08-25 10:40:39,2026-08-25 10:25,3933.0,3955.0,-0.56,3600900,3968.0,3908.0,5208.0,3404.0
2026-08-25 10:45:30,2026-08-25 10:30,3932.0,3955.0,-0.58,3761400,3968.0,3908.0,5208.0,3404.0
2026-08-25 10:50:35,2026-08-25 10:35,3928.0,3955.0,-0.68,3896200,3968.0,3908.0,5208.0,3404.0
2026-08-25 10:55:37,2026-08-25 10:40,3937.0,3955.0,-0.46,4004100,3968.0,3908.0,5208.0,3404.0
2026-08-25 11:00:33,2026-08-25 10:45,3944.0,3955.0,-0.28,4135800,3968.0,3908.0,5208.0,3404.0
2026-08-25 11:06:01,2026-08-25 10:50,3948.0,3955.0,-0.18,4245200,3968.0,3908.0,5208.0,3404.0
2026-08-25 11:10:35,2026-08-25 10:55,3945.0,3955.0,-0.25,4326100,3968.0,3908.0,5208.0,3404.0
2026-08-25 11:15:31,2026-08-25 11:00,3938.0,3955.0,-0.43,4377300,3968.0,3908.0,5208.0,3404.0
2026-08-25 11:20:36,2026-08-25 11:05,3944.0,3955.0,-0.28,4437300,3968.0,3908.0,5208.0,3404.0
2026-08-25 11:25:30,2026-08-25 11:10,3945.0,3955.0,-0.25,4492000,3968.0,3908.0,5208.0,3404.0
2026-08-25 11:30:38,2026-08-25 11:15,3948.0,3955.0,-0.18,4586900,3968.0,3908.0,5208.0,3404.0
2026-08-25 12:30:43,2026-08-25 11:30,3959.0,3955.0,0.1,4955100,3968.0,3908.0,5208.0,3404.0
2026-08-25 12:35:49,2026-08-25 11:30,3959.0,3955.0,0.1,4955100,3968.0,3908.0,5208.0,3404.0
2026-08-25 12:40:39,2026-08-25 11:30,3959.0,3955.0,0.1,4955100,3968.0,3908.0,5208.0,3404.0
2026-08-25 12:45:33,2026-08-25 12:30,3971.0,3955.0,0.4,5120800,3972.0,3908.0,5208.0,3404.0
2026-08-25 12:50:30,2026-08-25 12:35,3968.0,3955.0,0.33,5239700,3974.0,3908.0,5208.0,3404.0
2026-08-25 12:55:33,2026-08-25 12:40,3962.0,3955.0,0.18,5316700,3974.0,3908.0,5208.0,3404.0
2026-08-25 13:00:51,2026-08-25 12:45,3955.0,3955.0,0.0,5406300,3974.0,3908.0,5208.0,3404.0
2026-08-25 13:06:21,2026-08-25 12:51,3947.0,3955.0,-0.2,5496300,3974.0,3908.0,5208.0,3404.0
2026-08-25 13:10:56,2026-08-25 12:55,3953.0,3955.0,-0.05,5557400,3974.0,3908.0,5208.0,3404.0
2026-08-25 13:15:34,2026-08-25 13:00,3956.0,3955.0,0.03,5616200,3974.0,3908.0,5208.0,3404.0
2026-08-25 13:20:32,2026-08-25 13:05,3959.0,3955.0,0.1,5671000,3974.0,3908.0,5208.0,3404.0
2026-08-25 13:25:50,2026-08-25 13:10,3960.0,3955.0,0.13,5732500,3974.0,3908.0,5208.0,3404.0
2026-08-25 13:30:32,2026-08-25 13:15,3962.0,3955.0,0.18,5791800,3974.0,3908.0,5208.0,3404.0
2026-08-25 13:35:31,2026-08-25 13:20,3962.0,3955.0,0.18,5835500,3974.0,3908.0,5208.0,3404.0
2026-08-25 13:40:32,2026-08-25 13:25,3961.0,3955.0,0.15,5869200,3974.0,3908.0,5208.0,3404.0
2026-08-25 13:45:29,2026-08-25 13:30,3961.0,3955.0,0.15,5931800,3974.0,3908.0,5208.0,3404.0
2026-08-25 13:50:34,2026-08-25 13:35,3959.0,3955.0,0.1,5973600,3974.0,3908.0,5208.0,3404.0
2026-08-25 13:55:39,2026-08-25 13:40,3958.0,3955.0,0.08,6005700,3974.0,3908.0,5208.0,3404.0
2026-08-25 14:00:31,2026-08-25 13:45,3957.0,3955.0,0.05,6070800,3974.0,3908.0,5208.0,3404.0
2026-08-25 14:05:30,2026-08-25 13:50,3952.0,3955.0,-0.08,6117400,3974.0,3908.0,5208.0,3404.0
2026-08-25 14:10:33,2026-08-25 13:55,3954.0,3955.0,-0.03,6152700,3974.0,3908.0,5208.0,3404.0
2026-08-25 14:15:42,2026-08-25 14:00,3954.0,3955.0,-0.03,6184100,3974.0,3908.0,5208.0,3404.0
2026-08-25 14:20:31,2026-08-25 14:05,3953.0,3955.0,-0.05,6207100,3974.0,3908.0,5208.0,3404.0
2026-08-25 14:25:33,2026-08-25 14:10,3953.0,3955.0,-0.05,6241300,3974.0,3908.0,5208.0,3404.0
2026-08-25 14:30:31,2026-08-25 14:15,3953.0,3955.0,-0.05,6272700,3974.0,3908.0,5208.0,3404.0
2026-08-25 14:35:38,2026-08-25 14:20,3956.0,3955.0,0.03,6305400,3974.0,3908.0,5208.0,3404.0
2026-08-25 14:40:34,2026-08-25 14:25,3954.0,3955.0,-0.03,6357300,3974.0,3908.0,5208.0,3404.0
2026-08-25 14:45:34,2026-08-25 14:30,3956.0,3955.0,0.03,6390700,3974.0,3908.0,5208.0,3404.0
2026-08-25 14:50:30,2026-08-25 14:35,3955.0,3955.0,0.0,6427100,3974.0,3908.0,5208.0,3404.0
2026-08-25 14:55:31,2026-08-25 14:40,3955.0,3955.0,0.0,6481400,3974.0,3908.0,5208.0,3404.0
2026-08-25 15:00:33,2026-08-25 14:45,3950.0,3955.0,-0.13,6618100,3974.0,3908.0,5208.0,3404.0
2026-08-25 15:05:38,2026-08-25 14:50,3950.0,3955.0,-0.13,6680200,3974.0,3908.0,5208.0,3404.0
2026-08-25 15:10:31,2026-08-25 14:55,3949.0,3955.0,-0.15,6717500,3974.0,3908.0,5208.0,3404.0
2026-08-25 15:15:40,2026-08-25 15:00,3951.0,3955.0,-0.1,6791300,3974.0,3908.0,5208.0,3404.0
2026-08-25 15:21:23,2026-08-25 15:06,3951.0,3955.0,-0.1,6883500,3974.0,3908.0,5208.0,3404.0
2026-08-25 15:26:21,2026-08-25 15:11,3953.0,3955.0,-0.05,6971600,3974.0,3908.0,5208.0,3404.0
2026-08-25 15:30:32,2026-08-25 15:15,3954.0,3955.0,-0.03,7036400,3974.0,3908.0,5208.0,3404.0
2026-08-25 15:41:27,2026-08-25 15:24,3955.0,3955.0,0.0,7299900,3974.0,3908.0,5208.0,3404.0
2026-08-26 09:05:33,2026-08-25 15:30,3946.0,3955.0,-0.23,8581200,3974.0,3908.0,5208.0,3404.0
2026-08-26 09:10:32,2026-08-25 15:30,3946.0,3955.0,-0.23,8581200,3974.0,3908.0,5208.0,3404.0
2026-08-26 09:15:35,2026-08-26 09:00,3946.0,3955.0,-0.23,9299700,3931.0,3915.0,5208.0,3404.0
2026-08-26 09:20:29,2026-08-26 09:05,3957.0,3946.0,0.28,1373900,3970.0,3912.0,5208.0,3404.0
2026-08-26 09:25:34,2026-08-26 09:10,3927.0,3946.0,-0.48,1734700,3970.0,3912.0,5208.0,3404.0
2026-08-26 09:30:32,2026-08-26 09:15,3942.0,3946.0,-0.1,1996500,3970.0,3912.0,5208.0,3404.0
2026-08-26 09:35:30,2026-08-26 09:20,3936.0,3946.0,-0.25,2180500,3970.0,3912.0,5208.0,3404.0
2026-08-26 09:40:46,2026-08-26 09:25,3946.0,3946.0,0.0,2493200,3970.0,3912.0,5208.0,3404.0
2026-08-26 09:45:35,2026-08-26 09:30,3956.0,3946.0,0.25,2758100,3970.0,3912.0,5208.0,3404.0
2026-08-26 09:50:32,2026-08-26 09:35,3952.0,3946.0,0.15,2929100,3970.0,3912.0,5208.0,3404.0
2026-08-26 09:55:40,2026-08-26 09:37,3939.0,3946.0,-0.18,3076600,3970.0,3912.0,5208.0,3404.0
2026-08-26 10:00:39,2026-08-26 09:45,3944.0,3946.0,-0.05,3259600,3970.0,3912.0,5208.0,3404.0
2026-08-26 10:05:36,2026-08-26 09:50,3950.0,3946.0,0.1,3469400,3970.0,3912.0,5208.0,3404.0
2026-08-26 10:11:26,2026-08-26 09:56,3933.0,3946.0,-0.33,3704600,3970.0,3912.0,5208.0,3404.0
2026-08-26 10:15:40,2026-08-26 10:00,3923.0,3946.0,-0.58,3903400,3970.0,3912.0,5208.0,3404.0
2026-08-26 10:21:02,2026-08-26 10:06,3929.0,3946.0,-0.43,4002100,3970.0,3912.0,5208.0,3404.0
2026-08-26 10:25:34,2026-08-26 10:10,3929.0,3946.0,-0.43,4115000,3970.0,3912.0,5208.0,3404.0
2026-08-26 10:30:31,2026-08-26 10:15,3928.0,3946.0,-0.46,4199900,3970.0,3912.0,5208.0,3404.0
2026-08-26 10:35:38,2026-08-26 10:20,3926.0,3946.0,-0.51,4299500,3970.0,3912.0,5208.0,3404.0
2026-08-26 10:40:36,2026-08-26 10:25,3916.0,3946.0,-0.76,4488100,3970.0,3912.0,5208.0,3404.0
2026-08-26 10:45:52,2026-08-26 10:30,3912.0,3946.0,-0.86,4721900,3970.0,3911.0,5208.0,3404.0
2026-08-26 10:50:35,2026-08-26 10:35,3914.0,3946.0,-0.81,4928100,3970.0,3910.0,5208.0,3404.0
2026-08-26 10:55:32,2026-08-26 10:40,3920.0,3946.0,-0.66,5006000,3970.0,3910.0,5208.0,3404.0
2026-08-26 11:00:29,2026-08-26 10:45,3919.0,3946.0,-0.68,5080000,3970.0,3910.0,5208.0,3404.0
2026-08-26 11:05:33,2026-08-26 10:50,3922.0,3946.0,-0.61,5278400,3970.0,3910.0,5208.0,3404.0
2026-08-26 11:10:38,2026-08-26 10:52,3923.0,3946.0,-0.58,5297700,3970.0,3910.0,5208.0,3404.0
2026-08-26 11:15:35,2026-08-26 11:00,3926.0,3946.0,-0.51,5466300,3970.0,3910.0,5208.0,3404.0
2026-08-26 11:20:33,2026-08-26 11:05,3926.0,3946.0,-0.51,5514200,3970.0,3910.0,5208.0,3404.0
2026-08-26 11:26:00,2026-08-26 11:10,3927.0,3946.0,-0.48,5550300,3970.0,3910.0,5208.0,3404.0
2026-08-26 11:30:38,2026-08-26 11:15,3928.0,3946.0,-0.46,5593500,3970.0,3910.0,5208.0,3404.0
2026-08-26 12:30:34,2026-08-26 11:30,3923.0,3946.0,-0.58,5912400,3970.0,3910.0,5208.0,3404.0
2026-08-26 12:35:36,2026-08-26 11:30,3923.0,3946.0,-0.58,5912400,3970.0,3910.0,5208.0,3404.0
2026-08-26 12:40:45,2026-08-26 11:30,3923.0,3946.0,-0.58,5912400,3970.0,3910.0,5208.0,3404.0
2026-08-26 12:45:31,2026-08-26 12:30,3922.0,3946.0,-0.61,6127800,3970.0,3910.0,5208.0,3404.0
2026-08-26 12:50:32,2026-08-26 12:35,3924.0,3946.0,-0.56,6287800,3970.0,3910.0,5208.0,3404.0
2026-08-26 12:55:32,2026-08-26 12:40,3938.0,3946.0,-0.2,6605900,3970.0,3910.0,5208.0,3404.0
2026-08-26 13:00:35,2026-08-26 12:45,3942.0,3946.0,-0.1,6787000,3970.0,3910.0,5208.0,3404.0
2026-08-26 13:05:42,2026-08-26 12:50,3946.0,3946.0,0.0,6875700,3970.0,3910.0,5208.0,3404.0
2026-08-26 13:11:36,2026-08-26 12:56,3933.0,3946.0,-0.33,7006900,3970.0,3910.0,5208.0,3404.0
2026-08-26 13:15:45,2026-08-26 13:00,3926.0,3946.0,-0.51,7087500,3970.0,3910.0,5208.0,3404.0
2026-08-26 13:20:31,2026-08-26 13:05,3929.0,3946.0,-0.43,7174300,3970.0,3910.0,5208.0,3404.0
2026-08-26 13:25:41,2026-08-26 13:08,3924.0,3946.0,-0.56,7224400,3970.0,3910.0,5208.0,3404.0
2026-08-26 13:30:34,2026-08-26 13:15,3919.0,3946.0,-0.68,7384300,3970.0,3910.0,5208.0,3404.0
2026-08-26 13:35:36,2026-08-26 13:20,3926.0,3946.0,-0.51,7440300,3970.0,3910.0,5208.0,3404.0
2026-08-26 13:40:30,2026-08-26 13:25,3927.0,3946.0,-0.48,7555600,3970.0,3910.0,5208.0,3404.0
2026-08-26 13:45:35,2026-08-26 13:30,3930.0,3946.0,-0.41,7596500,3970.0,3910.0,5208.0,3404.0
2026-08-26 13:50:31,2026-08-26 13:35,3935.0,3946.0,-0.28,7707500,3970.0,3910.0,5208.0,3404.0
2026-08-26 13:56:19,2026-08-26 13:41,3935.0,3946.0,-0.28,7768600,3970.0,3910.0,5208.0,3404.0
2026-08-26 14:00:36,2026-08-26 13:45,3934.0,3946.0,-0.3,7807000,3970.0,3910.0,5208.0,3404.0
2026-08-26 14:05:36,2026-08-26 13:50,3938.0,3946.0,-0.2,7883100,3970.0,3910.0,5208.0,3404.0
2026-08-26 14:10:57,2026-08-26 13:55,3938.0,3946.0,-0.2,7917000,3970.0,3910.0,5208.0,3404.0
2026-08-26 14:15:29,2026-08-26 14:00,3933.0,3946.0,-0.33,8023800,3970.0,3910.0,5208.0,3404.0
2026-08-26 14:20:35,2026-08-26 14:05,3934.0,3946.0,-0.3,8063700,3970.0,3910.0,5208.0,3404.0
2026-08-26 14:25:37,2026-08-26 14:10,3934.0,3946.0,-0.3,8113700,3970.0,3910.0,5208.0,3404.0
2026-08-26 14:30:41,2026-08-26 14:15,3933.0,3946.0,-0.33,8148900,3970.0,3910.0,5208.0,3404.0
2026-08-26 14:35:35,2026-08-26 14:20,3934.0,3946.0,-0.3,8193300,3970.0,3910.0,5208.0,3404.0
2026-08-26 14:40:32,2026-08-26 14:25,3930.0,3946.0,-0.41,8253600,3970.0,3910.0,5208.0,3404.0
2026-08-26 14:45:42,2026-08-26 14:29,3933.0,3946.0,-0.33,8313400,3970.0,3910.0,5208.0,3404.0
2026-08-26 14:50:38,2026-08-26 14:35,3931.0,3946.0,-0.38,8363800,3970.0,3910.0,5208.0,3404.0
2026-08-26 14:55:46,2026-08-26 14:40,3927.0,3946.0,-0.48,8432200,3970.0,3910.0,5208.0,3404.0
2026-08-26 15:00:42,2026-08-26 14:45,3938.0,3946.0,-0.2,8580100,3970.0,3910.0,5208.0,3404.0
2026-08-26 15:05:34,2026-08-26 14:50,3944.0,3946.0,-0.05,8685700,3970.0,3910.0,5208.0,3404.0
2026-08-26 15:12:53,2026-08-26 14:57,3950.0,3946.0,0.1,8897200,3970.0,3910.0,5208.0,3404.0
2026-08-26 15:16:39,2026-08-26 15:01,3952.0,3946.0,0.15,8990500,3970.0,3910.0,5208.0,3404.0
2026-08-26 15:21:30,2026-08-26 15:06,3945.0,3946.0,-0.03,9079200,3970.0,3910.0,5208.0,3404.0
2026-08-26 15:25:38,2026-08-26 15:10,3936.0,3946.0,-0.25,9188500,3970.0,3910.0,5208.0,3404.0
2026-08-26 15:40:40,2026-08-26 15:24,3926.0,3946.0,-0.51,9728900,3970.0,3910.0,5208.0,3404.0
2026-08-27 09:05:34,2026-08-26 15:30,3920.0,3946.0,-0.66,12399900,3970.0,3910.0,5208.0,3404.0
2026-08-27 09:10:30,2026-08-26 15:30,3920.0,3946.0,-0.66,12399900,3970.0,3910.0,5208.0,3404.0
2026-08-27 09:15:34,2026-08-27 09:00,3920.0,3946.0,-0.66,14622500,3973.0,3932.0,5208.0,3404.0
2026-08-27 09:20:37,2026-08-27 09:05,3978.0,3920.0,1.48,2959400,3992.0,3932.0,5208.0,3404.0
2026-08-27 09:25:33,2026-08-27 09:10,3998.0,3920.0,1.99,3533400,3999.0,3932.0,5208.0,3404.0
2026-08-27 09:30:32,2026-08-27 09:15,3950.0,3920.0,0.77,4354700,4002.0,3932.0,5208.0,3404.0
2026-08-27 09:35:41,2026-08-27 09:20,3959.0,3920.0,0.99,4638500,4002.0,3932.0,5208.0,3404.0
2026-08-27 09:40:28,2026-08-27 09:25,3959.0,3920.0,0.99,4882500,4002.0,3932.0,5208.0,3404.0
2026-08-27 09:45:33,2026-08-27 09:30,3957.0,3920.0,0.94,5078800,4002.0,3932.0,5208.0,3404.0
2026-08-27 09:50:35,2026-08-27 09:35,3956.0,3920.0,0.92,5237200,4002.0,3932.0,5208.0,3404.0
2026-08-27 09:55:38,2026-08-27 09:40,3950.0,3920.0,0.77,5419500,4002.0,3932.0,5208.0,3404.0
2026-08-27 10:00:36,2026-08-27 09:45,3962.0,3920.0,1.07,5653900,4002.0,3932.0,5208.0,3404.0
2026-08-27 10:05:32,2026-08-27 09:50,3970.0,3920.0,1.28,5835100,4002.0,3932.0,5208.0,3404.0
2026-08-27 10:10:30,2026-08-27 09:55,3964.0,3920.0,1.12,5932400,4002.0,3932.0,5208.0,3404.0
2026-08-27 10:15:34,2026-08-27 10:00,3956.0,3920.0,0.92,6101200,4002.0,3932.0,5208.0,3404.0
2026-08-27 10:20:32,2026-08-27 10:03,3955.0,3920.0,0.89,6196600,4002.0,3932.0,5208.0,3404.0
2026-08-27 10:25:32,2026-08-27 10:10,3965.0,3920.0,1.15,6372500,4002.0,3932.0,5208.0,3404.0
2026-08-27 10:30:35,2026-08-27 10:15,3977.0,3920.0,1.45,6603500,4002.0,3932.0,5208.0,3404.0
2026-08-27 10:35:42,2026-08-27 10:20,3977.0,3920.0,1.45,6776300,4002.0,3932.0,5208.0,3404.0
2026-08-27 10:40:32,2026-08-27 10:25,3986.0,3920.0,1.68,6922300,4002.0,3932.0,5208.0,3404.0
2026-08-27 10:45:34,2026-08-27 10:30,3976.0,3920.0,1.43,7008200,4002.0,3932.0,5208.0,3404.0
2026-08-27 10:50:31,2026-08-27 10:35,3981.0,3920.0,1.56,7068300,4002.0,3932.0,5208.0,3404.0
2026-08-27 10:55:33,2026-08-27 10:40,3973.0,3920.0,1.35,7146400,4002.0,3932.0,5208.0,3404.0
2026-08-27 11:00:34,2026-08-27 10:45,3981.0,3920.0,1.56,7273900,4002.0,3932.0,5208.0,3404.0
2026-08-27 11:05:34,2026-08-27 10:50,3980.0,3920.0,1.53,7392600,4002.0,3932.0,5208.0,3404.0
2026-08-27 11:10:44,2026-08-27 10:55,3988.0,3920.0,1.73,7467300,4002.0,3932.0,5208.0,3404.0
2026-08-27 11:15:33,2026-08-27 11:00,3988.0,3920.0,1.73,7569400,4002.0,3932.0,5208.0,3404.0
2026-08-27 11:20:35,2026-08-27 11:05,3989.0,3920.0,1.76,7659100,4002.0,3932.0,5208.0,3404.0
2026-08-27 11:25:35,2026-08-27 11:10,3981.0,3920.0,1.56,7743300,4002.0,3932.0,5208.0,3404.0
2026-08-27 11:30:33,2026-08-27 11:15,3983.0,3920.0,1.61,7792700,4002.0,3932.0,5208.0,3404.0
2026-08-27 12:30:30,2026-08-27 11:30,3960.0,3920.0,1.02,8315700,4002.0,3932.0,5208.0,3404.0
2026-08-27 12:35:52,2026-08-27 11:30,3960.0,3920.0,1.02,8315700,4002.0,3932.0,5208.0,3404.0
2026-08-27 12:40:35,2026-08-27 11:30,3960.0,3920.0,1.02,8315700,4002.0,3932.0,5208.0,3404.0
2026-08-27 12:45:40,2026-08-27 11:30,3960.0,3920.0,1.02,8315700,4002.0,3932.0,5208.0,3404.0
2026-08-27 12:50:34,2026-08-27 12:35,3966.0,3920.0,1.17,8784800,4002.0,3932.0,5208.0,3404.0
2026-08-27 12:55:40,2026-08-27 12:40,3968.0,3920.0,1.22,8865700,4002.0,3932.0,5208.0,3404.0
2026-08-27 13:00:45,2026-08-27 12:45,3970.0,3920.0,1.28,8947700,4002.0,3932.0,5208.0,3404.0
2026-08-27 13:05:29,2026-08-27 12:50,3978.0,3920.0,1.48,9047500,4002.0,3932.0,5208.0,3404.0
2026-08-27 13:10:29,2026-08-27 12:55,3987.0,3920.0,1.71,9196300,4002.0,3932.0,5208.0,3404.0
2026-08-27 13:15:33,2026-08-27 12:59,3989.0,3920.0,1.76,9278400,4002.0,3932.0,5208.0,3404.0
2026-08-27 13:20:34,2026-08-27 13:05,3983.0,3920.0,1.61,9396000,4002.0,3932.0,5208.0,3404.0
2026-08-27 13:25:34,2026-08-27 13:10,3979.0,3920.0,1.51,9482000,4002.0,3932.0,5208.0,3404.0
2026-08-27 13:30:33,2026-08-27 13:15,3983.0,3920.0,1.61,9537500,4002.0,3932.0,5208.0,3404.0
2026-08-27 13:35:30,2026-08-27 13:20,3987.0,3920.0,1.71,9608000,4002.0,3932.0,5208.0,3404.0
2026-08-27 13:40:39,2026-08-27 13:25,3992.0,3920.0,1.84,9735700,4002.0,3932.0,5208.0,3404.0
2026-08-27 13:45:30,2026-08-27 13:30,3991.0,3920.0,1.81,9785200,4002.0,3932.0,5208.0,3404.0
2026-08-27 13:50:34,2026-08-27 13:35,3988.0,3920.0,1.73,9882900,4002.0,3932.0,5208.0,3404.0
2026-08-27 13:55:36,2026-08-27 13:40,3987.0,3920.0,1.71,9926200,4002.0,3932.0,5208.0,3404.0
2026-08-27 14:00:36,2026-08-27 13:45,3991.0,3920.0,1.81,9982900,4002.0,3932.0,5208.0,3404.0
2026-08-27 14:05:31,2026-08-27 13:48,3991.0,3920.0,1.81,10025300,4002.0,3932.0,5208.0,3404.0
2026-08-27 14:10:45,2026-08-27 13:55,3992.0,3920.0,1.84,10111200,4002.0,3932.0,5208.0,3404.0
2026-08-27 14:15:33,2026-08-27 14:00,3998.0,3920.0,1.99,10527700,4002.0,3932.0,5208.0,3404.0
2026-08-27 14:20:30,2026-08-27 14:05,3997.0,3920.0,1.96,10600000,4002.0,3932.0,5208.0,3404.0
2026-08-27 14:25:35,2026-08-27 14:10,3992.0,3920.0,1.84,10696000,4002.0,3932.0,5208.0,3404.0
2026-08-27 14:30:29,2026-08-27 14:15,3988.0,3920.0,1.73,10806800,4002.0,3932.0,5208.0,3404.0
2026-08-27 14:35:33,2026-08-27 14:20,3984.0,3920.0,1.63,10864500,4002.0,3932.0,5208.0,3404.0
2026-08-27 14:40:41,2026-08-27 14:25,3983.0,3920.0,1.61,10939900,4002.0,3932.0,5208.0,3404.0
2026-08-27 14:45:41,2026-08-27 14:30,3981.0,3920.0,1.56,11027700,4002.0,3932.0,5208.0,3404.0
2026-08-27 14:50:32,2026-08-27 14:35,3980.0,3920.0,1.53,11093800,4002.0,3932.0,5208.0,3404.0
2026-08-27 14:55:31,2026-08-27 14:40,3981.0,3920.0,1.56,11161300,4002.0,3932.0,5208.0,3404.0
2026-08-27 15:00:31,2026-08-27 14:45,3981.0,3920.0,1.56,11226400,4002.0,3932.0,5208.0,3404.0
2026-08-27 15:05:33,2026-08-27 14:50,3982.0,3920.0,1.58,11295600,4002.0,3932.0,5208.0,3404.0
2026-08-27 15:10:35,2026-08-27 14:55,3988.0,3920.0,1.73,11373400,4002.0,3932.0,5208.0,3404.0
2026-08-27 15:15:34,2026-08-27 15:00,3986.0,3920.0,1.68,11454200,4002.0,3932.0,5208.0,3404.0
2026-08-27 15:21:19,2026-08-27 15:06,3990.0,3920.0,1.79,11615100,4002.0,3932.0,5208.0,3404.0
2026-08-27 15:25:34,2026-08-27 15:10,3990.0,3920.0,1.79,11722700,4002.0,3932.0,5208.0,3404.0
2026-08-27 15:30:34,2026-08-27 15:15,3991.0,3920.0,1.81,11844600,4002.0,3932.0,5208.0,3404.0
2026-08-27 15:40:32,2026-08-27 15:24,3990.0,3920.0,1.79,12162700,4002.0,3932.0,5208.0,3404.0
2026-08-28 09:05:34,2026-08-27 15:30,3985.0,3920.0,1.66,13989400,4002.0,3932.0,5208.0,3404.0
2026-08-28 09:10:31,2026-08-27 15:30,3985.0,3920.0,1.66,13989400,4002.0,3932.0,5208.0,3404.0
2026-08-28 09:15:31,2026-08-28 09:00,3985.0,3920.0,1.66,14782200,4028.0,3973.0,5208.0,3404.0
2026-08-28 09:20:33,2026-08-28 09:05,4002.0,3985.0,0.43,1438300,4054.0,3973.0,5208.0,3404.0
2026-08-28 09:27:50,2026-08-28 09:12,4034.0,3985.0,1.23,1902300,4054.0,3973.0,5208.0,3404.0
2026-08-28 09:30:36,2026-08-28 09:15,4051.0,3985.0,1.66,2231100,4059.0,3973.0,5208.0,3404.0
2026-08-28 09:35:33,2026-08-28 09:20,4054.0,3985.0,1.73,2525000,4059.0,3973.0,5208.0,3404.0
2026-08-28 09:40:34,2026-08-28 09:25,4065.0,3985.0,2.01,2946600,4071.0,3973.0,5208.0,3404.0
2026-08-28 09:45:33,2026-08-28 09:30,4063.0,3985.0,1.96,3171500,4071.0,3973.0,5208.0,3404.0
2026-08-28 09:50:31,2026-08-28 09:35,4056.0,3985.0,1.78,3364800,4071.0,3973.0,5208.0,3404.0
2026-08-28 09:55:32,2026-08-28 09:40,4054.0,3985.0,1.73,3547600,4071.0,3973.0,5208.0,3404.0
2026-08-28 10:00:41,2026-08-28 09:45,4058.0,3985.0,1.83,3716100,4071.0,3973.0,5208.0,3404.0
2026-08-28 10:05:43,2026-08-28 09:50,4045.0,3985.0,1.51,3905900,4071.0,3973.0,5208.0,3404.0
2026-08-28 10:10:33,2026-08-28 09:55,4048.0,3985.0,1.58,4010200,4071.0,3973.0,5208.0,3404.0
2026-08-28 10:15:35,2026-08-28 10:00,4038.0,3985.0,1.33,4133200,4071.0,3973.0,5208.0,3404.0
2026-08-28 10:20:31,2026-08-28 10:05,4035.0,3985.0,1.25,4335100,4071.0,3973.0,5208.0,3404.0
2026-08-28 10:25:31,2026-08-28 10:10,4033.0,3985.0,1.2,4420400,4071.0,3973.0,5208.0,3404.0
2026-08-28 10:30:31,2026-08-28 10:15,4042.0,3985.0,1.43,4564100,4071.0,3973.0,5208.0,3404.0
2026-08-28 10:35:39,2026-08-28 10:20,4037.0,3985.0,1.3,4655800,4071.0,3973.0,5208.0,3404.0
2026-08-28 10:40:31,2026-08-28 10:25,4033.0,3985.0,1.2,4732500,4071.0,3973.0,5208.0,3404.0
2026-08-28 10:45:32,2026-08-28 10:30,4016.0,3985.0,0.78,4973000,4071.0,3973.0,5208.0,3404.0
2026-08-28 10:50:31,2026-08-28 10:35,4019.0,3985.0,0.85,5066400,4071.0,3973.0,5208.0,3404.0
2026-08-28 10:55:28,2026-08-28 10:40,4027.0,3985.0,1.05,5142700,4071.0,3973.0,5208.0,3404.0
2026-08-28 11:00:46,2026-08-28 10:45,4036.0,3985.0,1.28,5252400,4071.0,3973.0,5208.0,3404.0
2026-08-28 11:05:36,2026-08-28 10:50,4037.0,3985.0,1.3,5310300,4071.0,3973.0,5208.0,3404.0
2026-08-28 11:10:31,2026-08-28 10:55,4033.0,3985.0,1.2,5389100,4071.0,3973.0,5208.0,3404.0
2026-08-28 11:15:29,2026-08-28 11:00,4035.0,3985.0,1.25,5455100,4071.0,3973.0,5208.0,3404.0
2026-08-28 11:20:36,2026-08-28 11:05,4045.0,3985.0,1.51,5560300,4071.0,3973.0,5208.0,3404.0
2026-08-28 11:25:37,2026-08-28 11:10,4043.0,3985.0,1.46,5604600,4071.0,3973.0,5208.0,3404.0
2026-08-28 11:30:33,2026-08-28 11:15,4039.0,3985.0,1.36,5660500,4071.0,3973.0,5208.0,3404.0
2026-08-28 12:30:33,2026-08-28 11:30,4035.0,3985.0,1.25,5849500,4071.0,3973.0,5208.0,3404.0
2026-08-28 12:35:33,2026-08-28 11:30,4035.0,3985.0,1.25,5849500,4071.0,3973.0,5208.0,3404.0
2026-08-28 12:40:34,2026-08-28 11:30,4035.0,3985.0,1.25,5849500,4071.0,3973.0,5208.0,3404.0
2026-08-28 12:45:32,2026-08-28 12:30,4043.0,3985.0,1.46,6133100,4071.0,3973.0,5208.0,3404.0
2026-08-28 12:50:34,2026-08-28 12:35,4056.0,3985.0,1.78,6315900,4071.0,3973.0,5208.0,3404.0
2026-08-28 12:55:35,2026-08-28 12:40,4046.0,3985.0,1.53,6435300,4071.0,3973.0,5208.0,3404.0
2026-08-28 13:00:58,2026-08-28 12:45,4047.0,3985.0,1.56,6560900,4071.0,3973.0,5208.0,3404.0
2026-08-28 13:05:35,2026-08-28 12:50,4060.0,3985.0,1.88,6753600,4071.0,3973.0,5208.0,3404.0
2026-08-28 13:10:30,2026-08-28 12:55,4062.0,3985.0,1.93,6927300,4071.0,3973.0,5208.0,3404.0
2026-08-28 13:15:45,2026-08-28 13:00,4060.0,3985.0,1.88,7060000,4071.0,3973.0,5208.0,3404.0
2026-08-28 13:20:31,2026-08-28 13:05,4056.0,3985.0,1.78,7148600,4071.0,3973.0,5208.0,3404.0
2026-08-28 13:29:46,2026-08-28 13:14,4058.0,3985.0,1.83,7244700,4071.0,3973.0,5208.0,3404.0
2026-08-28 13:30:34,2026-08-28 13:15,4058.0,3985.0,1.83,7253500,4071.0,3973.0,5208.0,3404.0
2026-08-28 13:35:33,2026-08-28 13:20,4055.0,3985.0,1.76,7290600,4071.0,3973.0,5208.0,3404.0
2026-08-28 13:40:38,2026-08-28 13:25,4057.0,3985.0,1.81,7320900,4071.0,3973.0,5208.0,3404.0
2026-08-28 13:45:33,2026-08-28 13:30,4055.0,3985.0,1.76,7390900,4071.0,3973.0,5208.0,3404.0
2026-08-28 13:50:31,2026-08-28 13:35,4055.0,3985.0,1.76,7449100,4071.0,3973.0,5208.0,3404.0
2026-08-28 13:55:35,2026-08-28 13:40,4057.0,3985.0,1.81,7502300,4071.0,3973.0,5208.0,3404.0
2026-08-28 14:00:31,2026-08-28 13:45,4056.0,3985.0,1.78,7535200,4071.0,3973.0,5208.0,3404.0
2026-08-28 14:06:30,2026-08-28 13:51,4055.0,3985.0,1.76,7605300,4071.0,3973.0,5208.0,3404.0
2026-08-28 14:10:38,2026-08-28 13:55,4054.0,3985.0,1.73,7655100,4071.0,3973.0,5208.0,3404.0
2026-08-28 14:15:30,2026-08-28 14:00,4054.0,3985.0,1.73,7709300,4071.0,3973.0,5208.0,3404.0
2026-08-28 14:20:29,2026-08-28 14:05,4050.0,3985.0,1.63,7752100,4071.0,3973.0,5208.0,3404.0
2026-08-28 14:25:31,2026-08-28 14:10,4049.0,3985.0,1.61,7840800,4071.0,3973.0,5208.0,3404.0
2026-08-28 14:30:38,2026-08-28 14:15,4051.0,3985.0,1.66,7917500,4071.0,3973.0,5208.0,3404.0
2026-08-28 14:35:34,2026-08-28 14:20,4054.0,3985.0,1.73,7989200,4071.0,3973.0,5208.0,3404.0
2026-08-28 14:40:33,2026-08-28 14:25,4056.0,3985.0,1.78,8058800,4071.0,3973.0,5208.0,3404.0
2026-08-28 14:45:31,2026-08-28 14:30,4054.0,3985.0,1.73,8145200,4071.0,3973.0,5208.0,3404.0
2026-08-28 14:50:33,2026-08-28 14:35,4051.0,3985.0,1.66,8212000,4071.0,3973.0,5208.0,3404.0
2026-08-28 14:55:32,2026-08-28 14:40,4050.0,3985.0,1.63,8277800,4071.0,3973.0,5208.0,3404.0
2026-08-28 15:00:36,2026-08-28 14:45,4049.0,3985.0,1.61,8345900,4071.0,3973.0,5208.0,3404.0
2026-08-28 15:05:32,2026-08-28 14:50,4039.0,3985.0,1.36,8507500,4071.0,3973.0,5208.0,3404.0
2026-08-28 15:10:45,2026-08-28 14:55,4035.0,3985.0,1.25,8650700,4071.0,3973.0,5208.0,3404.0
2026-08-28 15:17:04,2026-08-28 15:02,4034.0,3985.0,1.23,8774800,4071.0,3973.0,5208.0,3404.0
2026-08-28 15:30:58,2026-08-28 15:15,4039.0,3985.0,1.36,9058700,4071.0,3973.0,5208.0,3404.0
2026-08-28 15:40:36,2026-08-28 15:24,4039.0,3985.0,1.36,9294500,4071.0,3973.0,5208.0,3404.0
2026-08-31 09:05:43,2026-08-28 15:30,4025.0,3985.0,1.0,15227700,4071.0,3973.0,5208.0,3404.0
2026-08-31 09:10:41,2026-08-28 15:30,4025.0,3985.0,1.0,15227700,4071.0,3973.0,5208.0,3404.0
2026-08-31 09:15:35,2026-08-31 09:00,3924.0,3985.0,-1.53,16262400,3966.0,3920.0,5208.0,3404.0
2026-08-31 09:20:30,2026-08-31 09:05,3862.0,4025.0,-4.05,2650600,3966.0,3857.0,5208.0,3404.0
2026-08-31 09:25:30,2026-08-31 09:10,3883.0,4025.0,-3.53,3202900,3966.0,3857.0,5208.0,3404.0
2026-08-31 09:30:39,2026-08-31 09:15,3847.0,4025.0,-4.42,4498700,3966.0,3844.0,5208.0,3404.0
2026-08-31 09:35:36,2026-08-31 09:20,3867.0,4025.0,-3.93,4868300,3966.0,3844.0,5208.0,3404.0
2026-08-31 09:40:48,2026-08-31 09:25,3875.0,4025.0,-3.73,5204900,3966.0,3844.0,5208.0,3404.0
2026-08-31 09:45:33,2026-08-31 09:30,3884.0,4025.0,-3.5,5483800,3966.0,3844.0,5208.0,3404.0
2026-08-31 09:50:32,2026-08-31 09:35,3905.0,4025.0,-2.98,5803800,3966.0,3844.0,5208.0,3404.0
2026-08-31 09:55:35,2026-08-31 09:40,3902.0,4025.0,-3.06,6080300,3966.0,3844.0,5208.0,3404.0
2026-08-31 10:00:33,2026-08-31 09:45,3884.0,4025.0,-3.5,6330000,3966.0,3844.0,5208.0,3404.0
2026-08-31 10:05:46,2026-08-31 09:50,3880.0,4025.0,-3.6,6549500,3966.0,3844.0,5208.0,3404.0
2026-08-31 10:10:37,2026-08-31 09:55,3876.0,4025.0,-3.7,6739200,3966.0,3844.0,5208.0,3404.0
2026-08-31 10:15:37,2026-08-31 10:00,3862.0,4025.0,-4.05,7113700,3966.0,3844.0,5208.0,3404.0
2026-08-31 10:20:34,2026-08-31 10:05,3870.0,4025.0,-3.85,7353000,3966.0,3844.0,5208.0,3404.0
2026-08-31 10:25:32,2026-08-31 10:10,3863.0,4025.0,-4.02,7498900,3966.0,3844.0,5208.0,3404.0
2026-08-31 10:30:32,2026-08-31 10:15,3863.0,4025.0,-4.02,7767300,3966.0,3844.0,5208.0,3404.0
2026-08-31 10:35:39,2026-08-31 10:20,3867.0,4025.0,-3.93,7890600,3966.0,3844.0,5208.0,3404.0
2026-08-31 10:40:44,2026-08-31 10:25,3869.0,4025.0,-3.88,8069100,3966.0,3844.0,5208.0,3404.0
2026-08-31 10:45:33,2026-08-31 10:30,3868.0,4025.0,-3.9,8220400,3966.0,3844.0,5208.0,3404.0
2026-08-31 10:50:33,2026-08-31 10:35,3865.0,4025.0,-3.98,8391500,3966.0,3844.0,5208.0,3404.0
2026-08-31 10:55:35,2026-08-31 10:40,3869.0,4025.0,-3.88,8523500,3966.0,3844.0,5208.0,3404.0
2026-08-31 11:00:36,2026-08-31 10:45,3873.0,4025.0,-3.78,8671000,3966.0,3844.0,5208.0,3404.0
2026-08-31 11:05:47,2026-08-31 10:50,3863.0,4025.0,-4.02,9022500,3966.0,3844.0,5208.0,3404.0
2026-08-31 11:10:30,2026-08-31 10:55,3865.0,4025.0,-3.98,9128200,3966.0,3844.0,5208.0,3404.0
2026-08-31 11:15:30,2026-08-31 11:00,3863.0,4025.0,-4.02,9229100,3966.0,3844.0,5208.0,3404.0
2026-08-31 11:20:33,2026-08-31 11:05,3873.0,4025.0,-3.78,9374700,3966.0,3844.0,5208.0,3404.0
2026-08-31 11:25:30,2026-08-31 11:10,3874.0,4025.0,-3.75,9518300,3966.0,3844.0,5208.0,3404.0
2026-08-31 11:30:32,2026-08-31 11:15,3876.0,4025.0,-3.7,9613300,3966.0,3844.0,5208.0,3404.0
2026-08-31 12:30:34,2026-08-31 11:30,3873.0,4025.0,-3.78,10049400,3966.0,3844.0,5208.0,3404.0
2026-08-31 12:35:36,2026-08-31 11:30,3873.0,4025.0,-3.78,10049400,3966.0,3844.0,5208.0,3404.0
2026-08-31 12:40:31,2026-08-31 11:30,3873.0,4025.0,-3.78,10049400,3966.0,3844.0,5208.0,3404.0
2026-08-31 12:45:33,2026-08-31 12:30,3883.0,4025.0,-3.53,10316900,3966.0,3844.0,5208.0,3404.0
2026-08-31 12:50:44,2026-08-31 12:35,3879.0,4025.0,-3.63,10622100,3966.0,3844.0,5208.0,3404.0
2026-08-31 12:55:30,2026-08-31 12:40,3886.0,4025.0,-3.45,10822100,3966.0,3844.0,5208.0,3404.0
2026-08-31 13:00:34,2026-08-31 12:45,3887.0,4025.0,-3.43,10933400,3966.0,3844.0,5208.0,3404.0
2026-08-31 13:05:38,2026-08-31 12:50,3888.0,4025.0,-3.4,11070000,3966.0,3844.0,5208.0,3404.0
2026-08-31 13:10:39,2026-08-31 12:55,3882.0,4025.0,-3.55,11254100,3966.0,3844.0,5208.0,3404.0
2026-08-31 13:15:37,2026-08-31 13:00,3880.0,4025.0,-3.6,11326600,3966.0,3844.0,5208.0,3404.0
2026-08-31 13:20:30,2026-08-31 13:05,3883.0,4025.0,-3.53,11400900,3966.0,3844.0,5208.0,3404.0
2026-08-31 13:25:31,2026-08-31 13:10,3880.0,4025.0,-3.6,11510700,3966.0,3844.0,5208.0,3404.0
2026-08-31 13:30:34,2026-08-31 13:15,3878.0,4025.0,-3.65,11588900,3966.0,3844.0,5208.0,3404.0
2026-08-31 13:35:33,2026-08-31 13:20,3883.0,4025.0,-3.53,11707100,3966.0,3844.0,5208.0,3404.0
2026-08-31 13:40:31,2026-08-31 13:25,3886.0,4025.0,-3.45,11808100,3966.0,3844.0,5208.0,3404.0
2026-08-31 13:45:33,2026-08-31 13:30,3884.0,4025.0,-3.5,11933000,3966.0,3844.0,5208.0,3404.0
2026-08-31 13:50:37,2026-08-31 13:35,3875.0,4025.0,-3.73,12179600,3966.0,3844.0,5208.0,3404.0
2026-08-31 13:55:42,2026-08-31 13:40,3878.0,4025.0,-3.65,12286500,3966.0,3844.0,5208.0,3404.0
2026-08-31 14:00:43,2026-08-31 13:45,3881.0,4025.0,-3.58,12350300,3966.0,3844.0,5208.0,3404.0
2026-08-31 14:05:37,2026-08-31 13:50,3879.0,4025.0,-3.63,12455000,3966.0,3844.0,5208.0,3404.0
2026-08-31 14:10:35,2026-08-31 13:55,3877.0,4025.0,-3.68,12525300,3966.0,3844.0,5208.0,3404.0
2026-08-31 14:15:37,2026-08-31 14:00,3880.0,4025.0,-3.6,12643100,3966.0,3844.0,5208.0,3404.0
2026-08-31 14:20:34,2026-08-31 14:05,3882.0,4025.0,-3.55,12718100,3966.0,3844.0,5208.0,3404.0
2026-08-31 14:25:36,2026-08-31 14:10,3878.0,4025.0,-3.65,12886500,3966.0,3844.0,5208.0,3404.0
2026-08-31 14:30:37,2026-08-31 14:15,3877.0,4025.0,-3.68,13079700,3966.0,3844.0,5208.0,3404.0
2026-08-31 14:35:47,2026-08-31 14:20,3881.0,4025.0,-3.58,13178200,3966.0,3844.0,5208.0,3404.0
2026-08-31 14:40:30,2026-08-31 14:25,3879.0,4025.0,-3.63,13310700,3966.0,3844.0,5208.0,3404.0
2026-08-31 14:45:34,2026-08-31 14:30,3875.0,4025.0,-3.73,13477600,3966.0,3844.0,5208.0,3404.0
2026-08-31 14:50:33,2026-08-31 14:35,3877.0,4025.0,-3.68,13577400,3966.0,3844.0,5208.0,3404.0
2026-08-31 14:55:34,2026-08-31 14:40,3877.0,4025.0,-3.68,13702800,3966.0,3844.0,5208.0,3404.0
2026-08-31 15:00:31,2026-08-31 14:45,3877.0,4025.0,-3.68,13822600,3966.0,3844.0,5208.0,3404.0
2026-08-31 15:05:32,2026-08-31 14:50,3874.0,4025.0,-3.75,13991100,3966.0,3844.0,5208.0,3404.0
2026-08-31 15:10:34,2026-08-31 14:55,3873.0,4025.0,-3.78,14199000,3966.0,3844.0,5208.0,3404.0
2026-08-31 15:15:36,2026-08-31 15:00,3872.0,4025.0,-3.8,14584600,3966.0,3844.0,5208.0,3404.0
2026-08-31 15:20:36,2026-08-31 15:05,3865.0,4025.0,-3.98,14954800,3966.0,3844.0,5208.0,3404.0
2026-08-31 15:25:34,2026-08-31 15:10,3867.0,4025.0,-3.93,15196800,3966.0,3844.0,5208.0,3404.0
2026-08-31 15:30:33,2026-08-31 15:15,3871.0,4025.0,-3.83,15448500,3966.0,3844.0,5208.0,3404.0
2026-08-31 15:40:33,2026-08-31 15:24,3876.0,4025.0,-3.7,16000400,3966.0,3844.0,5208.0,3404.0
2026-09-01 09:05:45,2026-08-31 15:30,3889.0,4025.0,-3.38,21853600,3966.0,3844.0,5208.0,3404.0
2026-09-01 09:10:33,2026-08-31 15:30,3889.0,4025.0,-3.38,21853600,3966.0,3844.0,5208.0,3404.0
2026-09-01 09:15:34,2026-09-01 09:00,3889.0,4025.0,-3.38,22785700,3893.0,3863.0,5208.0,3404.0
2026-09-01 09:20:41,2026-09-01 09:05,3919.0,3889.0,0.77,1949900,3924.0,3863.0,5208.0,3404.0
2026-09-01 09:25:33,2026-09-01 09:10,3924.0,3889.0,0.9,2572700,3936.0,3863.0,5208.0,3404.0
2026-09-01 09:30:32,2026-09-01 09:15,3926.0,3889.0,0.95,3164300,3943.0,3863.0,5208.0,3404.0
2026-09-01 09:35:38,2026-09-01 09:20,3908.0,3889.0,0.49,3596800,3943.0,3863.0,5208.0,3404.0
2026-09-01 09:40:35,2026-09-01 09:25,3884.0,3889.0,-0.13,3962900,3943.0,3863.0,5208.0,3404.0
2026-09-01 09:45:42,2026-09-01 09:30,3871.0,3889.0,-0.46,4388500,3943.0,3863.0,5208.0,3404.0
2026-09-01 09:50:36,2026-09-01 09:35,3867.0,3889.0,-0.57,4760900,3943.0,3862.0,5208.0,3404.0
2026-09-01 09:55:33,2026-09-01 09:40,3848.0,3889.0,-1.05,5706500,3943.0,3845.0,5208.0,3404.0
2026-09-01 10:00:32,2026-09-01 09:45,3840.0,3889.0,-1.26,6212600,3943.0,3836.0,5208.0,3404.0
2026-09-01 10:05:32,2026-09-01 09:50,3848.0,3889.0,-1.05,6464000,3943.0,3836.0,5208.0,3404.0
2026-09-01 10:10:34,2026-09-01 09:55,3848.0,3889.0,-1.05,6643700,3943.0,3836.0,5208.0,3404.0
2026-09-01 10:15:32,2026-09-01 10:00,3846.0,3889.0,-1.11,6848300,3943.0,3836.0,5208.0,3404.0
2026-09-01 10:20:31,2026-09-01 10:05,3845.0,3889.0,-1.13,7107600,3943.0,3836.0,5208.0,3404.0
2026-09-01 10:25:35,2026-09-01 10:10,3850.0,3889.0,-1.0,7229500,3943.0,3836.0,5208.0,3404.0
2026-09-01 10:30:31,2026-09-01 10:14,3861.0,3889.0,-0.72,7429600,3943.0,3836.0,5208.0,3404.0
2026-09-01 10:35:41,2026-09-01 10:20,3860.0,3889.0,-0.75,7683000,3943.0,3836.0,5208.0,3404.0
2026-09-01 10:40:43,2026-09-01 10:25,3860.0,3889.0,-0.75,7844300,3943.0,3836.0,5208.0,3404.0
2026-09-01 10:45:33,2026-09-01 10:30,3851.0,3889.0,-0.98,8069400,3943.0,3836.0,5208.0,3404.0
2026-09-01 10:50:34,2026-09-01 10:35,3856.0,3889.0,-0.85,8274100,3943.0,3836.0,5208.0,3404.0
2026-09-01 10:55:30,2026-09-01 10:40,3858.0,3889.0,-0.8,8356300,3943.0,3836.0,5208.0,3404.0
2026-09-01 11:00:37,2026-09-01 10:45,3861.0,3889.0,-0.72,8458500,3943.0,3836.0,5208.0,3404.0
2026-09-01 11:05:33,2026-09-01 10:50,3855.0,3889.0,-0.87,8600500,3943.0,3836.0,5208.0,3404.0
2026-09-01 11:10:32,2026-09-01 10:55,3847.0,3889.0,-1.08,8798600,3943.0,3836.0,5208.0,3404.0
2026-09-01 11:15:40,2026-09-01 11:00,3851.0,3889.0,-0.98,8942700,3943.0,3836.0,5208.0,3404.0
2026-09-01 11:20:36,2026-09-01 11:05,3852.0,3889.0,-0.95,9027100,3943.0,3836.0,5208.0,3404.0
2026-09-01 11:25:30,2026-09-01 11:10,3849.0,3889.0,-1.03,9115700,3943.0,3836.0,5208.0,3404.0
2026-09-01 11:30:31,2026-09-01 11:15,3852.0,3889.0,-0.95,9215500,3943.0,3836.0,5208.0,3404.0
2026-09-01 12:30:36,2026-09-01 11:30,3853.0,3889.0,-0.93,9444600,3943.0,3836.0,5208.0,3404.0
2026-09-01 12:35:33,2026-09-01 11:30,3853.0,3889.0,-0.93,9444600,3943.0,3836.0,5208.0,3404.0
2026-09-01 12:40:41,2026-09-01 11:30,3853.0,3889.0,-0.93,9444600,3943.0,3836.0,5208.0,3404.0
2026-09-01 12:45:32,2026-09-01 12:30,3845.0,3889.0,-1.13,9959200,3943.0,3836.0,5208.0,3404.0
2026-09-01 12:51:08,2026-09-01 12:36,3846.0,3889.0,-1.11,10337200,3943.0,3836.0,5208.0,3404.0
2026-09-01 12:55:37,2026-09-01 12:40,3853.0,3889.0,-0.93,10454800,3943.0,3836.0,5208.0,3404.0
2026-09-01 13:00:37,2026-09-01 12:45,3848.0,3889.0,-1.05,10612100,3943.0,3836.0,5208.0,3404.0
2026-09-01 13:05:41,2026-09-01 12:50,3842.0,3889.0,-1.21,10828100,3943.0,3836.0,5208.0,3404.0
2026-09-01 13:10:32,2026-09-01 12:55,3849.0,3889.0,-1.03,10973900,3943.0,3836.0,5208.0,3404.0
2026-09-01 13:15:34,2026-09-01 13:00,3852.0,3889.0,-0.95,11078400,3943.0,3836.0,5208.0,3404.0
2026-09-01 13:20:30,2026-09-01 13:05,3853.0,3889.0,-0.93,11154900,3943.0,3836.0,5208.0,3404.0
2026-09-01 13:25:37,2026-09-01 13:10,3856.0,3889.0,-0.85,11233900,3943.0,3836.0,5208.0,3404.0
2026-09-01 13:30:45,2026-09-01 13:15,3855.0,3889.0,-0.87,11313900,3943.0,3836.0,5208.0,3404.0
2026-09-01 13:35:35,2026-09-01 13:20,3859.0,3889.0,-0.77,11444000,3943.0,3836.0,5208.0,3404.0
2026-09-01 13:40:50,2026-09-01 13:25,3860.0,3889.0,-0.75,11601900,3943.0,3836.0,5208.0,3404.0
2026-09-01 13:45:42,2026-09-01 13:30,3860.0,3889.0,-0.75,11661000,3943.0,3836.0,5208.0,3404.0
2026-09-01 13:50:34,2026-09-01 13:35,3861.0,3889.0,-0.72,11807300,3943.0,3836.0,5208.0,3404.0
2026-09-01 13:55:48,2026-09-01 13:40,3860.0,3889.0,-0.75,11879300,3943.0,3836.0,5208.0,3404.0
2026-09-01 14:00:39,2026-09-01 13:45,3864.0,3889.0,-0.64,11942600,3943.0,3836.0,5208.0,3404.0
2026-09-01 14:05:29,2026-09-01 13:50,3866.0,3889.0,-0.59,12097100,3943.0,3836.0,5208.0,3404.0
2026-09-01 14:10:33,2026-09-01 13:55,3867.0,3889.0,-0.57,12164000,3943.0,3836.0,5208.0,3404.0
2026-09-01 14:15:51,2026-09-01 14:00,3862.0,3889.0,-0.69,12510800,3943.0,3836.0,5208.0,3404.0
2026-09-01 14:20:40,2026-09-01 14:05,3861.0,3889.0,-0.72,12549500,3943.0,3836.0,5208.0,3404.0
2026-09-01 14:25:36,2026-09-01 14:10,3856.0,3889.0,-0.85,12815100,3943.0,3836.0,5208.0,3404.0
2026-09-01 14:30:32,2026-09-01 14:15,3854.0,3889.0,-0.9,12890300,3943.0,3836.0,5208.0,3404.0
2026-09-01 14:35:39,2026-09-01 14:20,3853.0,3889.0,-0.93,12950800,3943.0,3836.0,5208.0,3404.0
2026-09-01 14:40:41,2026-09-01 14:25,3856.0,3889.0,-0.85,13032400,3943.0,3836.0,5208.0,3404.0
2026-09-01 14:45:32,2026-09-01 14:30,3859.0,3889.0,-0.77,13101500,3943.0,3836.0,5208.0,3404.0
2026-09-01 14:50:31,2026-09-01 14:35,3861.0,3889.0,-0.72,13177900,3943.0,3836.0,5208.0,3404.0
2026-09-01 14:55:38,2026-09-01 14:40,3866.0,3889.0,-0.59,13306700,3943.0,3836.0,5208.0,3404.0
2026-09-01 15:00:40,2026-09-01 14:45,3869.0,3889.0,-0.51,13432800,3943.0,3836.0,5208.0,3404.0
2026-09-01 15:05:32,2026-09-01 14:50,3867.0,3889.0,-0.57,13511700,3943.0,3836.0,5208.0,3404.0
2026-09-01 15:10:35,2026-09-01 14:55,3874.0,3889.0,-0.39,13662200,3943.0,3836.0,5208.0,3404.0
2026-09-01 15:15:31,2026-09-01 15:00,3872.0,3889.0,-0.44,13762100,3943.0,3836.0,5208.0,3404.0
2026-09-01 15:21:26,2026-09-01 15:06,3872.0,3889.0,-0.44,13931700,3943.0,3836.0,5208.0,3404.0
2026-09-01 15:25:30,2026-09-01 15:10,3870.0,3889.0,-0.49,14064100,3943.0,3836.0,5208.0,3404.0
2026-09-01 15:30:33,2026-09-01 15:15,3871.0,3889.0,-0.46,14213800,3943.0,3836.0,5208.0,3404.0
2026-09-01 15:40:42,2026-09-01 15:24,3868.0,3889.0,-0.54,14653300,3943.0,3836.0,5208.0,3404.0
2026-09-02 09:05:45,2026-09-01 15:30,3856.0,3889.0,-0.85,16844600,3943.0,3836.0,5208.0,3404.0
2026-09-02 09:10:49,2026-09-01 15:30,3856.0,3889.0,-0.85,16844600,3943.0,3836.0,5208.0,3404.0
