抓取时间,行情时刻,价格,昨收,涨跌幅%,成交量,当日最高,当日最低,52周最高,52周最低
2026-07-06 09:31:27,2026-07-06 09:16,1484.0,1459.0,1.71,991400,1502.0,1476.5,1933.0,1204.0
2026-07-06 10:18:17,2026-07-06 10:03,1507.0,1459.0,3.29,2155300,1520.0,1476.5,1933.0,1204.0
2026-07-06 10:55:26,2026-07-06 10:40,1524.5,1459.0,4.49,3035200,1541.0,1476.5,1933.0,1204.0
2026-07-06 10:58:56,2026-07-06 10:43,1520.5,1459.0,4.22,3058700,1541.0,1476.5,1933.0,1204.0
2026-07-06 11:00:37,2026-07-06 10:45,1518.0,1459.0,4.04,3068000,1541.0,1476.5,1933.0,1204.0
2026-07-06 11:05:39,2026-07-06 10:50,1519.5,1459.0,4.15,3111300,1541.0,1476.5,1933.0,1204.0
2026-07-06 11:10:39,2026-07-06 10:55,1523.5,1459.0,4.42,3176900,1541.0,1476.5,1933.0,1204.0
2026-07-06 11:15:32,2026-07-06 11:00,1521.0,1459.0,4.25,3197600,1541.0,1476.5,1933.0,1204.0
2026-07-06 11:20:36,2026-07-06 11:05,1517.0,1459.0,3.98,3226800,1541.0,1476.5,1933.0,1204.0
2026-07-06 11:25:38,2026-07-06 11:10,1516.5,1459.0,3.94,3257300,1541.0,1476.5,1933.0,1204.0
2026-07-06 11:30:37,2026-07-06 11:15,1517.0,1459.0,3.98,3291000,1541.0,1476.5,1933.0,1204.0
2026-07-06 12:30:36,2026-07-06 11:30,1521.0,1459.0,4.25,3379900,1541.0,1476.5,1933.0,1204.0
2026-07-06 12:35:34,2026-07-06 11:30,1521.0,1459.0,4.25,3379900,1541.0,1476.5,1933.0,1204.0
2026-07-06 12:40:35,2026-07-06 11:30,1521.0,1459.0,4.25,3379900,1541.0,1476.5,1933.0,1204.0
2026-07-06 12:45:36,2026-07-06 12:30,1528.0,1459.0,4.73,3506400,1541.0,1476.5,1933.0,1204.0
2026-07-06 12:50:37,2026-07-06 12:35,1520.0,1459.0,4.18,3627600,1541.0,1476.5,1933.0,1204.0
2026-07-06 12:55:46,2026-07-06 12:40,1528.0,1459.0,4.73,3722000,1541.0,1476.5,1933.0,1204.0
2026-07-06 13:00:48,2026-07-06 12:45,1528.5,1459.0,4.76,3785600,1541.0,1476.5,1933.0,1204.0
2026-07-06 13:05:34,2026-07-06 12:50,1522.5,1459.0,4.35,3834300,1541.0,1476.5,1933.0,1204.0
2026-07-06 13:10:41,2026-07-06 12:55,1521.0,1459.0,4.25,3884800,1541.0,1476.5,1933.0,1204.0
2026-07-06 13:15:37,2026-07-06 13:00,1521.5,1459.0,4.28,3957100,1541.0,1476.5,1933.0,1204.0
2026-07-06 13:20:35,2026-07-06 13:05,1521.5,1459.0,4.28,3989500,1541.0,1476.5,1933.0,1204.0
2026-07-06 13:25:44,2026-07-06 13:10,1523.5,1459.0,4.42,4020900,1541.0,1476.5,1933.0,1204.0
2026-07-06 13:30:43,2026-07-06 13:15,1525.5,1459.0,4.56,4059200,1541.0,1476.5,1933.0,1204.0
2026-07-06 13:35:36,2026-07-06 13:20,1522.0,1459.0,4.32,4115400,1541.0,1476.5,1933.0,1204.0
2026-07-06 13:40:41,2026-07-06 13:25,1518.5,1459.0,4.08,4141500,1541.0,1476.5,1933.0,1204.0
2026-07-06 13:45:47,2026-07-06 13:30,1528.0,1459.0,4.73,4220200,1541.0,1476.5,1933.0,1204.0
2026-07-06 13:50:37,2026-07-06 13:35,1528.0,1459.0,4.73,4286100,1541.0,1476.5,1933.0,1204.0
2026-07-06 13:55:38,2026-07-06 13:40,1526.5,1459.0,4.63,4342700,1541.0,1476.5,1933.0,1204.0
2026-07-06 14:00:42,2026-07-06 13:45,1527.0,1459.0,4.66,4389500,1541.0,1476.5,1933.0,1204.0
2026-07-06 14:05:45,2026-07-06 13:50,1526.5,1459.0,4.63,4416600,1541.0,1476.5,1933.0,1204.0
2026-07-06 14:10:40,2026-07-06 13:55,1527.0,1459.0,4.66,4440300,1541.0,1476.5,1933.0,1204.0
2026-07-06 14:15:41,2026-07-06 14:00,1528.0,1459.0,4.73,4469300,1541.0,1476.5,1933.0,1204.0
2026-07-06 14:20:40,2026-07-06 14:05,1529.5,1459.0,4.83,4517700,1541.0,1476.5,1933.0,1204.0
2026-07-06 14:25:34,2026-07-06 14:10,1528.5,1459.0,4.76,4556300,1541.0,1476.5,1933.0,1204.0
2026-07-06 14:30:41,2026-07-06 14:15,1527.0,1459.0,4.66,4583200,1541.0,1476.5,1933.0,1204.0
2026-07-06 14:35:41,2026-07-06 14:20,1528.0,1459.0,4.73,4625100,1541.0,1476.5,1933.0,1204.0
2026-07-06 14:40:35,2026-07-06 14:25,1527.0,1459.0,4.66,4655200,1541.0,1476.5,1933.0,1204.0
2026-07-06 14:45:43,2026-07-06 14:30,1526.5,1459.0,4.63,4703600,1541.0,1476.5,1933.0,1204.0
2026-07-06 14:50:45,2026-07-06 14:35,1528.0,1459.0,4.73,4737200,1541.0,1476.5,1933.0,1204.0
2026-07-06 14:55:42,2026-07-06 14:40,1529.5,1459.0,4.83,4795000,1541.0,1476.5,1933.0,1204.0
2026-07-06 15:00:36,2026-07-06 14:45,1531.5,1459.0,4.97,4842400,1541.0,1476.5,1933.0,1204.0
2026-07-06 15:16:28,2026-07-06 15:01,1535.5,1459.0,5.24,5029000,1541.0,1476.5,1933.0,1204.0
2026-07-06 15:20:40,2026-07-06 15:05,1534.5,1459.0,5.17,5084700,1541.0,1476.5,1933.0,1204.0
2026-07-06 15:25:45,2026-07-06 15:10,1531.5,1459.0,4.97,5197300,1541.0,1476.5,1933.0,1204.0
2026-07-06 15:30:39,2026-07-06 15:15,1534.0,1459.0,5.14,5271300,1541.0,1476.5,1933.0,1204.0
2026-07-07 09:00:35,2026-07-06 15:30,1537.5,1459.0,5.38,6415900,1541.0,1476.5,1933.0,1204.0
2026-07-07 09:05:32,2026-07-06 15:30,1537.5,1459.0,5.38,6415900,1541.0,1476.5,1933.0,1204.0
2026-07-07 09:10:33,2026-07-06 15:30,1537.5,1459.0,5.38,6415900,1541.0,1476.5,1933.0,1204.0
2026-07-07 09:15:34,2026-07-07 09:00,1537.5,1459.0,5.38,6730200,1550.0,1524.5,1933.0,1204.0
2026-07-07 09:20:32,2026-07-07 09:05,1531.0,1537.5,-0.42,536500,1552.0,1524.5,1933.0,1204.0
2026-07-07 09:25:33,2026-07-07 09:10,1545.0,1537.5,0.49,651900,1552.0,1524.5,1933.0,1204.0
2026-07-07 09:30:35,2026-07-07 09:15,1537.0,1537.5,-0.03,777800,1552.0,1524.5,1933.0,1204.0
2026-07-07 09:35:33,2026-07-07 09:20,1545.0,1537.5,0.49,851400,1552.0,1524.5,1933.0,1204.0
2026-07-07 09:40:33,2026-07-07 09:25,1540.5,1537.5,0.2,982100,1553.5,1524.5,1933.0,1204.0
2026-07-07 09:45:35,2026-07-07 09:30,1555.0,1537.5,1.14,1145200,1559.0,1524.5,1933.0,1204.0
2026-07-07 09:50:39,2026-07-07 09:35,1554.5,1537.5,1.11,1198500,1559.0,1524.5,1933.0,1204.0
2026-07-07 09:55:31,2026-07-07 09:40,1556.5,1537.5,1.24,1245500,1559.0,1524.5,1933.0,1204.0
2026-07-07 10:00:37,2026-07-07 09:45,1552.5,1537.5,0.98,1297000,1559.0,1524.5,1933.0,1204.0
2026-07-07 10:05:38,2026-07-07 09:50,1551.0,1537.5,0.88,1339200,1559.0,1524.5,1933.0,1204.0
2026-07-07 10:10:34,2026-07-07 09:55,1549.5,1537.5,0.78,1367300,1559.0,1524.5,1933.0,1204.0
2026-07-07 10:15:36,2026-07-07 10:00,1548.5,1537.5,0.72,1418000,1559.0,1524.5,1933.0,1204.0
2026-07-07 10:20:32,2026-07-07 10:05,1547.0,1537.5,0.62,1462700,1559.0,1524.5,1933.0,1204.0
2026-07-07 10:25:46,2026-07-07 10:10,1546.5,1537.5,0.59,1584000,1559.0,1524.5,1933.0,1204.0
2026-07-07 10:30:31,2026-07-07 10:15,1559.5,1537.5,1.43,1843200,1567.5,1524.5,1933.0,1204.0
2026-07-07 10:35:37,2026-07-07 10:20,1566.5,1537.5,1.89,1984100,1570.5,1524.5,1933.0,1204.0
2026-07-07 10:40:36,2026-07-07 10:25,1568.5,1537.5,2.02,2070200,1574.0,1524.5,1933.0,1204.0
2026-07-07 10:45:37,2026-07-07 10:30,1566.5,1537.5,1.89,2104500,1574.0,1524.5,1933.0,1204.0
2026-07-07 10:50:45,2026-07-07 10:35,1563.0,1537.5,1.66,2133400,1574.0,1524.5,1933.0,1204.0
2026-07-07 10:55:34,2026-07-07 10:40,1556.5,1537.5,1.24,2193100,1574.0,1524.5,1933.0,1204.0
2026-07-07 11:00:35,2026-07-07 10:45,1558.0,1537.5,1.33,2232400,1574.0,1524.5,1933.0,1204.0
2026-07-07 11:05:35,2026-07-07 10:50,1558.5,1537.5,1.37,2277600,1574.0,1524.5,1933.0,1204.0
2026-07-07 11:10:37,2026-07-07 10:55,1561.0,1537.5,1.53,2310100,1574.0,1524.5,1933.0,1204.0
2026-07-07 11:15:39,2026-07-07 11:00,1563.5,1537.5,1.69,2329900,1574.0,1524.5,1933.0,1204.0
2026-07-07 11:20:38,2026-07-07 11:05,1566.0,1537.5,1.85,2384900,1574.0,1524.5,1933.0,1204.0
2026-07-07 11:25:35,2026-07-07 11:10,1563.5,1537.5,1.69,2415400,1574.0,1524.5,1933.0,1204.0
2026-07-07 11:30:43,2026-07-07 11:15,1560.0,1537.5,1.46,2450700,1574.0,1524.5,1933.0,1204.0
2026-07-07 12:30:31,2026-07-07 11:30,1560.0,1537.5,1.46,2550600,1574.0,1524.5,1933.0,1204.0
2026-07-07 12:35:34,2026-07-07 11:30,1560.0,1537.5,1.46,2550600,1574.0,1524.5,1933.0,1204.0
2026-07-07 12:40:34,2026-07-07 11:30,1560.0,1537.5,1.46,2550600,1574.0,1524.5,1933.0,1204.0
2026-07-07 12:45:36,2026-07-07 12:30,1558.0,1537.5,1.33,2626800,1574.0,1524.5,1933.0,1204.0
2026-07-07 12:50:32,2026-07-07 12:35,1557.5,1537.5,1.3,2720900,1574.0,1524.5,1933.0,1204.0
2026-07-07 12:55:35,2026-07-07 12:40,1556.5,1537.5,1.24,2750700,1574.0,1524.5,1933.0,1204.0
2026-07-07 13:00:36,2026-07-07 12:45,1550.0,1537.5,0.81,2811400,1574.0,1524.5,1933.0,1204.0
2026-07-07 13:05:35,2026-07-07 12:50,1544.0,1537.5,0.42,2861800,1574.0,1524.5,1933.0,1204.0
2026-07-07 13:10:34,2026-07-07 12:55,1546.0,1537.5,0.55,2906400,1574.0,1524.5,1933.0,1204.0
2026-07-07 13:15:35,2026-07-07 13:00,1545.5,1537.5,0.52,2937600,1574.0,1524.5,1933.0,1204.0
2026-07-07 13:20:31,2026-07-07 13:05,1545.5,1537.5,0.52,2971700,1574.0,1524.5,1933.0,1204.0
2026-07-07 13:25:39,2026-07-07 13:10,1548.0,1537.5,0.68,3027000,1574.0,1524.5,1933.0,1204.0
2026-07-07 13:30:41,2026-07-07 13:15,1550.0,1537.5,0.81,3059000,1574.0,1524.5,1933.0,1204.0
2026-07-07 13:35:42,2026-07-07 13:20,1551.5,1537.5,0.91,3088500,1574.0,1524.5,1933.0,1204.0
2026-07-07 13:40:33,2026-07-07 13:25,1552.0,1537.5,0.94,3105900,1574.0,1524.5,1933.0,1204.0
2026-07-07 13:45:38,2026-07-07 13:30,1553.5,1537.5,1.04,3129200,1574.0,1524.5,1933.0,1204.0
2026-07-07 13:50:45,2026-07-07 13:35,1556.0,1537.5,1.2,3327900,1574.0,1524.5,1933.0,1204.0
2026-07-07 13:55:38,2026-07-07 13:40,1555.0,1537.5,1.14,3347400,1574.0,1524.5,1933.0,1204.0
2026-07-07 14:00:39,2026-07-07 13:45,1555.5,1537.5,1.17,3372500,1574.0,1524.5,1933.0,1204.0
2026-07-07 14:05:43,2026-07-07 13:50,1555.5,1537.5,1.17,3395500,1574.0,1524.5,1933.0,1204.0
2026-07-07 14:10:48,2026-07-07 13:55,1556.0,1537.5,1.2,3420900,1574.0,1524.5,1933.0,1204.0
2026-07-07 14:15:41,2026-07-07 14:00,1561.0,1537.5,1.53,3487700,1574.0,1524.5,1933.0,1204.0
2026-07-07 14:20:48,2026-07-07 14:05,1552.5,1537.5,0.98,3548600,1574.0,1524.5,1933.0,1204.0
2026-07-07 14:25:33,2026-07-07 14:10,1552.0,1537.5,0.94,3568900,1574.0,1524.5,1933.0,1204.0
2026-07-07 14:30:40,2026-07-07 14:15,1549.5,1537.5,0.78,3606000,1574.0,1524.5,1933.0,1204.0
2026-07-07 14:35:39,2026-07-07 14:20,1548.0,1537.5,0.68,3629900,1574.0,1524.5,1933.0,1204.0
2026-07-07 14:40:34,2026-07-07 14:25,1549.0,1537.5,0.75,3662700,1574.0,1524.5,1933.0,1204.0
2026-07-07 14:45:55,2026-07-07 14:30,1548.0,1537.5,0.68,3694200,1574.0,1524.5,1933.0,1204.0
2026-07-07 14:50:33,2026-07-07 14:35,1548.0,1537.5,0.68,3723600,1574.0,1524.5,1933.0,1204.0
2026-07-07 14:56:00,2026-07-07 14:41,1548.5,1537.5,0.72,3754800,1574.0,1524.5,1933.0,1204.0
2026-07-07 15:00:51,2026-07-07 14:45,1549.0,1537.5,0.75,3785900,1574.0,1524.5,1933.0,1204.0
2026-07-07 15:05:42,2026-07-07 14:50,1548.5,1537.5,0.72,3820800,1574.0,1524.5,1933.0,1204.0
2026-07-07 15:10:43,2026-07-07 14:55,1549.0,1537.5,0.75,3865500,1574.0,1524.5,1933.0,1204.0
2026-07-07 15:15:47,2026-07-07 15:00,1548.5,1537.5,0.72,3913900,1574.0,1524.5,1933.0,1204.0
2026-07-07 15:20:35,2026-07-07 15:05,1551.0,1537.5,0.88,3967500,1574.0,1524.5,1933.0,1204.0
2026-07-07 15:25:37,2026-07-07 15:10,1550.0,1537.5,0.81,4042400,1574.0,1524.5,1933.0,1204.0
2026-07-07 15:30:38,2026-07-07 15:15,1551.0,1537.5,0.88,4092900,1574.0,1524.5,1933.0,1204.0
2026-07-08 09:00:45,2026-07-07 15:30,1560.0,1537.5,1.46,5376200,1574.0,1524.5,1933.0,1204.0
2026-07-08 09:05:34,2026-07-07 15:30,1560.0,1537.5,1.46,5376200,1574.0,1524.5,1933.0,1204.0
2026-07-08 09:10:37,2026-07-07 15:30,1560.0,1537.5,1.46,5376200,1574.0,1524.5,1933.0,1204.0
2026-07-08 09:15:40,2026-07-08 09:00,1560.0,1537.5,1.46,5614800,1585.0,1564.5,1933.0,1204.0
2026-07-08 09:20:37,2026-07-08 09:05,1573.0,1560.0,0.83,418000,1585.0,1564.5,1933.0,1204.0
2026-07-08 09:25:34,2026-07-08 09:10,1566.5,1560.0,0.42,503800,1585.0,1561.5,1933.0,1204.0
2026-07-08 09:30:44,2026-07-08 09:15,1556.0,1560.0,-0.26,601900,1585.0,1554.5,1933.0,1204.0
2026-07-08 09:35:30,2026-07-08 09:20,1542.0,1560.0,-1.15,698800,1585.0,1535.5,1933.0,1204.0
2026-07-08 09:40:32,2026-07-08 09:25,1533.5,1560.0,-1.7,759300,1585.0,1532.0,1933.0,1204.0
2026-07-08 09:45:31,2026-07-08 09:30,1535.0,1560.0,-1.6,800200,1585.0,1530.0,1933.0,1204.0
2026-07-08 09:50:37,2026-07-08 09:35,1535.0,1560.0,-1.6,884100,1585.0,1530.0,1933.0,1204.0
2026-07-08 09:55:34,2026-07-08 09:40,1536.0,1560.0,-1.54,924500,1585.0,1530.0,1933.0,1204.0
2026-07-08 10:00:47,2026-07-08 09:45,1536.5,1560.0,-1.51,957000,1585.0,1530.0,1933.0,1204.0
2026-07-08 10:05:33,2026-07-08 09:50,1543.5,1560.0,-1.06,1023700,1585.0,1530.0,1933.0,1204.0
2026-07-08 10:10:30,2026-07-08 09:55,1539.0,1560.0,-1.35,1070900,1585.0,1530.0,1933.0,1204.0
2026-07-08 10:15:33,2026-07-08 10:00,1539.5,1560.0,-1.31,1111500,1585.0,1530.0,1933.0,1204.0
2026-07-08 10:20:34,2026-07-08 10:05,1534.0,1560.0,-1.67,1145500,1585.0,1530.0,1933.0,1204.0
2026-07-08 10:25:30,2026-07-08 10:10,1535.5,1560.0,-1.57,1194000,1585.0,1530.0,1933.0,1204.0
2026-07-08 10:30:31,2026-07-08 10:15,1535.0,1560.0,-1.6,1221100,1585.0,1530.0,1933.0,1204.0
2026-07-08 10:35:34,2026-07-08 10:20,1536.0,1560.0,-1.54,1247500,1585.0,1530.0,1933.0,1204.0
2026-07-08 10:40:34,2026-07-08 10:25,1533.5,1560.0,-1.7,1274800,1585.0,1530.0,1933.0,1204.0
2026-07-08 10:45:31,2026-07-08 10:30,1535.5,1560.0,-1.57,1309400,1585.0,1530.0,1933.0,1204.0
2026-07-08 10:50:34,2026-07-08 10:35,1535.0,1560.0,-1.6,1331800,1585.0,1530.0,1933.0,1204.0
2026-07-08 10:55:30,2026-07-08 10:40,1538.5,1560.0,-1.38,1419800,1585.0,1530.0,1933.0,1204.0
2026-07-08 11:00:31,2026-07-08 10:45,1542.5,1560.0,-1.12,1494900,1585.0,1530.0,1933.0,1204.0
2026-07-08 11:05:45,2026-07-08 10:50,1545.0,1560.0,-0.96,1518200,1585.0,1530.0,1933.0,1204.0
2026-07-08 11:10:36,2026-07-08 10:55,1542.5,1560.0,-1.12,1557000,1585.0,1530.0,1933.0,1204.0
2026-07-08 11:15:35,2026-07-08 11:00,1543.5,1560.0,-1.06,1619900,1585.0,1530.0,1933.0,1204.0
2026-07-08 11:20:33,2026-07-08 11:05,1547.0,1560.0,-0.83,1682500,1585.0,1530.0,1933.0,1204.0
2026-07-08 11:25:34,2026-07-08 11:10,1546.5,1560.0,-0.87,1712300,1585.0,1530.0,1933.0,1204.0
2026-07-08 11:30:30,2026-07-08 11:15,1545.0,1560.0,-0.96,1764200,1585.0,1530.0,1933.0,1204.0
2026-07-08 12:30:35,2026-07-08 11:30,1545.5,1560.0,-0.93,1868400,1585.0,1530.0,1933.0,1204.0
2026-07-08 12:35:32,2026-07-08 11:30,1545.5,1560.0,-0.93,1868400,1585.0,1530.0,1933.0,1204.0
2026-07-08 12:40:38,2026-07-08 11:30,1545.5,1560.0,-0.93,1868400,1585.0,1530.0,1933.0,1204.0
2026-07-08 12:45:41,2026-07-08 12:30,1549.0,1560.0,-0.71,1929500,1585.0,1530.0,1933.0,1204.0
2026-07-08 12:50:32,2026-07-08 12:35,1544.5,1560.0,-0.99,1963400,1585.0,1530.0,1933.0,1204.0
2026-07-08 12:55:32,2026-07-08 12:40,1546.0,1560.0,-0.9,2025000,1585.0,1530.0,1933.0,1204.0
2026-07-08 13:00:36,2026-07-08 12:45,1545.0,1560.0,-0.96,2040200,1585.0,1530.0,1933.0,1204.0
2026-07-08 13:05:31,2026-07-08 12:50,1549.0,1560.0,-0.71,2064300,1585.0,1530.0,1933.0,1204.0
2026-07-08 13:10:36,2026-07-08 12:55,1551.5,1560.0,-0.54,2090200,1585.0,1530.0,1933.0,1204.0
2026-07-08 13:15:33,2026-07-08 13:00,1549.5,1560.0,-0.67,2118000,1585.0,1530.0,1933.0,1204.0
2026-07-08 13:20:31,2026-07-08 13:05,1551.0,1560.0,-0.58,2142800,1585.0,1530.0,1933.0,1204.0
2026-07-08 13:25:30,2026-07-08 13:10,1548.5,1560.0,-0.74,2160400,1585.0,1530.0,1933.0,1204.0
2026-07-08 13:30:29,2026-07-08 13:15,1549.0,1560.0,-0.71,2179600,1585.0,1530.0,1933.0,1204.0
2026-07-08 13:35:29,2026-07-08 13:20,1549.0,1560.0,-0.71,2197000,1585.0,1530.0,1933.0,1204.0
2026-07-08 13:40:33,2026-07-08 13:25,1548.0,1560.0,-0.77,2214300,1585.0,1530.0,1933.0,1204.0
2026-07-08 13:45:31,2026-07-08 13:30,1548.0,1560.0,-0.77,2233200,1585.0,1530.0,1933.0,1204.0
2026-07-08 13:50:33,2026-07-08 13:35,1545.0,1560.0,-0.96,2264200,1585.0,1530.0,1933.0,1204.0
2026-07-08 13:55:39,2026-07-08 13:40,1544.0,1560.0,-1.03,2279800,1585.0,1530.0,1933.0,1204.0
2026-07-08 14:00:31,2026-07-08 13:45,1541.5,1560.0,-1.19,2291000,1585.0,1530.0,1933.0,1204.0
2026-07-08 14:05:38,2026-07-08 13:50,1542.0,1560.0,-1.15,2329700,1585.0,1530.0,1933.0,1204.0
2026-07-08 14:10:30,2026-07-08 13:55,1537.5,1560.0,-1.44,2361900,1585.0,1530.0,1933.0,1204.0
2026-07-08 14:15:35,2026-07-08 14:00,1540.0,1560.0,-1.28,2388500,1585.0,1530.0,1933.0,1204.0
2026-07-08 14:20:31,2026-07-08 14:05,1537.0,1560.0,-1.47,2413900,1585.0,1530.0,1933.0,1204.0
2026-07-08 14:25:32,2026-07-08 14:10,1540.0,1560.0,-1.28,2449600,1585.0,1530.0,1933.0,1204.0
2026-07-08 14:30:47,2026-07-08 14:15,1544.5,1560.0,-0.99,2475600,1585.0,1530.0,1933.0,1204.0
2026-07-08 14:35:33,2026-07-08 14:20,1544.5,1560.0,-0.99,2493700,1585.0,1530.0,1933.0,1204.0
2026-07-08 14:40:40,2026-07-08 14:25,1542.5,1560.0,-1.12,2518300,1585.0,1530.0,1933.0,1204.0
2026-07-08 14:45:36,2026-07-08 14:30,1545.0,1560.0,-0.96,2693600,1585.0,1530.0,1933.0,1204.0
2026-07-08 14:50:35,2026-07-08 14:35,1548.0,1560.0,-0.77,2726800,1585.0,1530.0,1933.0,1204.0
2026-07-08 14:55:36,2026-07-08 14:40,1547.5,1560.0,-0.8,2744800,1585.0,1530.0,1933.0,1204.0
2026-07-08 15:00:31,2026-07-08 14:45,1546.5,1560.0,-0.87,2774000,1585.0,1530.0,1933.0,1204.0
2026-07-08 15:05:31,2026-07-08 14:50,1547.0,1560.0,-0.83,2801600,1585.0,1530.0,1933.0,1204.0
2026-07-08 15:10:43,2026-07-08 14:55,1549.0,1560.0,-0.71,2839700,1585.0,1530.0,1933.0,1204.0
2026-07-08 15:15:35,2026-07-08 15:00,1547.5,1560.0,-0.8,2871100,1585.0,1530.0,1933.0,1204.0
2026-07-08 15:20:37,2026-07-08 15:05,1545.0,1560.0,-0.96,2910500,1585.0,1530.0,1933.0,1204.0
2026-07-08 15:25:36,2026-07-08 15:10,1542.0,1560.0,-1.15,3036900,1585.0,1530.0,1933.0,1204.0
2026-07-08 15:30:34,2026-07-08 15:15,1545.0,1560.0,-0.96,3084000,1585.0,1530.0,1933.0,1204.0
2026-07-09 09:00:37,2026-07-08 15:30,1538.0,1560.0,-1.41,4324300,1585.0,1530.0,1933.0,1204.0
2026-07-09 09:05:35,2026-07-08 15:30,1538.0,1560.0,-1.41,4324300,1585.0,1530.0,1933.0,1204.0
2026-07-09 09:10:37,2026-07-08 15:30,1538.0,1560.0,-1.41,4324300,1585.0,1530.0,1933.0,1204.0
2026-07-09 09:15:33,2026-07-09 09:00,1538.0,1560.0,-1.41,4592300,1518.0,1495.0,1933.0,1204.0
2026-07-09 09:20:41,2026-07-09 09:05,1507.5,1538.0,-1.98,418400,1525.0,1495.0,1933.0,1204.0
2026-07-09 09:25:35,2026-07-09 09:10,1505.5,1538.0,-2.11,557800,1525.0,1495.0,1933.0,1204.0
2026-07-09 09:30:36,2026-07-09 09:15,1504.5,1538.0,-2.18,634700,1525.0,1495.0,1933.0,1204.0
2026-07-09 09:35:32,2026-07-09 09:20,1504.0,1538.0,-2.21,704700,1525.0,1495.0,1933.0,1204.0
2026-07-09 09:40:34,2026-07-09 09:25,1494.0,1538.0,-2.86,824100,1525.0,1492.0,1933.0,1204.0
2026-07-09 09:45:35,2026-07-09 09:30,1496.0,1538.0,-2.73,877100,1525.0,1492.0,1933.0,1204.0
2026-07-09 09:50:32,2026-07-09 09:35,1504.5,1538.0,-2.18,992500,1525.0,1492.0,1933.0,1204.0
2026-07-09 09:55:31,2026-07-09 09:40,1508.5,1538.0,-1.92,1046400,1525.0,1492.0,1933.0,1204.0
2026-07-09 10:00:33,2026-07-09 09:45,1509.0,1538.0,-1.89,1109700,1525.0,1492.0,1933.0,1204.0
2026-07-09 10:05:34,2026-07-09 09:50,1513.5,1538.0,-1.59,1185200,1525.0,1492.0,1933.0,1204.0
2026-07-09 10:10:34,2026-07-09 09:55,1519.0,1538.0,-1.24,1240900,1525.0,1492.0,1933.0,1204.0
2026-07-09 10:15:53,2026-07-09 10:00,1516.0,1538.0,-1.43,1267900,1525.0,1492.0,1933.0,1204.0
2026-07-09 10:20:35,2026-07-09 10:05,1517.0,1538.0,-1.37,1286700,1525.0,1492.0,1933.0,1204.0
2026-07-09 10:25:29,2026-07-09 10:10,1517.5,1538.0,-1.33,1304100,1525.0,1492.0,1933.0,1204.0
2026-07-09 10:30:30,2026-07-09 10:15,1516.0,1538.0,-1.43,1334100,1525.0,1492.0,1933.0,1204.0
2026-07-09 10:35:41,2026-07-09 10:20,1513.5,1538.0,-1.59,1355200,1525.0,1492.0,1933.0,1204.0
2026-07-09 10:40:32,2026-07-09 10:25,1508.5,1538.0,-1.92,1375500,1525.0,1492.0,1933.0,1204.0
2026-07-09 10:45:38,2026-07-09 10:30,1508.5,1538.0,-1.92,1394400,1525.0,1492.0,1933.0,1204.0
2026-07-09 10:50:33,2026-07-09 10:35,1505.5,1538.0,-2.11,1436000,1525.0,1492.0,1933.0,1204.0
2026-07-09 10:55:32,2026-07-09 10:40,1506.5,1538.0,-2.05,1468100,1525.0,1492.0,1933.0,1204.0
2026-07-09 11:00:40,2026-07-09 10:45,1502.0,1538.0,-2.34,1486700,1525.0,1492.0,1933.0,1204.0
2026-07-09 11:05:52,2026-07-09 10:50,1505.5,1538.0,-2.11,1516700,1525.0,1492.0,1933.0,1204.0
2026-07-09 11:10:45,2026-07-09 10:55,1507.5,1538.0,-1.98,1545900,1525.0,1492.0,1933.0,1204.0
2026-07-09 11:15:37,2026-07-09 11:00,1509.0,1538.0,-1.89,1580900,1525.0,1492.0,1933.0,1204.0
2026-07-09 11:20:48,2026-07-09 11:05,1509.5,1538.0,-1.85,1609500,1525.0,1492.0,1933.0,1204.0
2026-07-09 11:25:38,2026-07-09 11:10,1514.5,1538.0,-1.53,1627000,1525.0,1492.0,1933.0,1204.0
2026-07-09 11:30:35,2026-07-09 11:15,1517.0,1538.0,-1.37,1651300,1525.0,1492.0,1933.0,1204.0
2026-07-09 12:30:40,2026-07-09 11:30,1518.5,1538.0,-1.27,1723200,1525.0,1492.0,1933.0,1204.0
2026-07-09 12:35:50,2026-07-09 11:30,1518.5,1538.0,-1.27,1723200,1525.0,1492.0,1933.0,1204.0
2026-07-09 12:40:40,2026-07-09 11:30,1518.5,1538.0,-1.27,1723200,1525.0,1492.0,1933.0,1204.0
2026-07-09 12:45:32,2026-07-09 12:30,1513.0,1538.0,-1.63,1792600,1525.0,1492.0,1933.0,1204.0
2026-07-09 12:50:29,2026-07-09 12:35,1513.0,1538.0,-1.63,1882100,1525.0,1492.0,1933.0,1204.0
2026-07-09 12:55:36,2026-07-09 12:40,1514.0,1538.0,-1.56,1920100,1525.0,1492.0,1933.0,1204.0
2026-07-09 13:00:41,2026-07-09 12:45,1509.5,1538.0,-1.85,1959000,1525.0,1492.0,1933.0,1204.0
2026-07-09 13:05:31,2026-07-09 12:50,1511.5,1538.0,-1.72,1984600,1525.0,1492.0,1933.0,1204.0
2026-07-09 13:10:32,2026-07-09 12:55,1506.0,1538.0,-2.08,2008400,1525.0,1492.0,1933.0,1204.0
2026-07-09 13:15:32,2026-07-09 12:59,1508.5,1538.0,-1.92,2042900,1525.0,1492.0,1933.0,1204.0
2026-07-09 13:20:36,2026-07-09 13:05,1505.5,1538.0,-2.11,2065500,1525.0,1492.0,1933.0,1204.0
2026-07-09 13:25:37,2026-07-09 13:10,1500.0,1538.0,-2.47,2113400,1525.0,1492.0,1933.0,1204.0
2026-07-09 13:30:39,2026-07-09 13:15,1502.5,1538.0,-2.31,2158600,1525.0,1492.0,1933.0,1204.0
2026-07-09 13:35:32,2026-07-09 13:20,1503.0,1538.0,-2.28,2182600,1525.0,1492.0,1933.0,1204.0
2026-07-09 13:40:47,2026-07-09 13:25,1506.0,1538.0,-2.08,2225600,1525.0,1492.0,1933.0,1204.0
2026-07-09 13:45:34,2026-07-09 13:30,1507.5,1538.0,-1.98,2243700,1525.0,1492.0,1933.0,1204.0
2026-07-09 13:50:30,2026-07-09 13:35,1507.5,1538.0,-1.98,2266000,1525.0,1492.0,1933.0,1204.0
2026-07-09 13:55:31,2026-07-09 13:40,1508.0,1538.0,-1.95,2290000,1525.0,1492.0,1933.0,1204.0
2026-07-09 14:00:31,2026-07-09 13:45,1507.5,1538.0,-1.98,2308000,1525.0,1492.0,1933.0,1204.0
2026-07-09 14:10:32,2026-07-09 13:55,1507.5,1538.0,-1.98,2349600,1525.0,1492.0,1933.0,1204.0
2026-07-09 14:15:39,2026-07-09 14:00,1503.5,1538.0,-2.24,2377300,1525.0,1492.0,1933.0,1204.0
2026-07-09 14:20:38,2026-07-09 14:05,1501.0,1538.0,-2.41,2403100,1525.0,1492.0,1933.0,1204.0
2026-07-09 14:25:33,2026-07-09 14:10,1500.5,1538.0,-2.44,2450800,1525.0,1492.0,1933.0,1204.0
2026-07-09 14:30:41,2026-07-09 14:15,1502.0,1538.0,-2.34,2481800,1525.0,1492.0,1933.0,1204.0
2026-07-09 14:35:45,2026-07-09 14:20,1501.5,1538.0,-2.37,2508000,1525.0,1492.0,1933.0,1204.0
2026-07-09 14:45:34,2026-07-09 14:30,1498.0,1538.0,-2.6,2560800,1525.0,1492.0,1933.0,1204.0
2026-07-09 14:50:34,2026-07-09 14:35,1497.0,1538.0,-2.67,2588800,1525.0,1492.0,1933.0,1204.0
2026-07-09 14:55:44,2026-07-09 14:40,1500.0,1538.0,-2.47,2622400,1525.0,1492.0,1933.0,1204.0
2026-07-09 15:05:46,2026-07-09 14:50,1498.5,1538.0,-2.57,2707400,1525.0,1492.0,1933.0,1204.0
2026-07-09 15:10:43,2026-07-09 14:55,1498.0,1538.0,-2.6,2747200,1525.0,1492.0,1933.0,1204.0
2026-07-09 15:15:36,2026-07-09 15:00,1498.5,1538.0,-2.57,2793000,1525.0,1492.0,1933.0,1204.0
2026-07-09 15:20:43,2026-07-09 15:05,1496.5,1538.0,-2.7,2844000,1525.0,1492.0,1933.0,1204.0
2026-07-09 15:25:48,2026-07-09 15:10,1493.5,1538.0,-2.89,2897500,1525.0,1492.0,1933.0,1204.0
2026-07-09 15:30:53,2026-07-09 15:15,1491.5,1538.0,-3.02,2958700,1525.0,1491.0,1933.0,1204.0
2026-07-09 15:33:06,2026-07-09 15:18,1495.0,1538.0,-2.8,2994800,1525.0,1491.0,1933.0,1204.0
2026-07-10 09:00:35,2026-07-09 15:30,1497.5,1538.0,-2.63,4100800,1525.0,1489.5,1933.0,1204.0
2026-07-10 09:05:50,2026-07-09 15:30,1497.5,1538.0,-2.63,4100800,1525.0,1489.5,1933.0,1204.0
2026-07-10 09:10:39,2026-07-09 15:30,1497.5,1538.0,-2.63,4100800,1525.0,1489.5,1933.0,1204.0
2026-07-10 09:15:41,2026-07-10 09:00,1497.5,1538.0,-2.63,4349700,1497.5,1483.0,1933.0,1204.0
2026-07-10 09:20:33,2026-07-10 09:05,1498.5,1497.5,0.07,353900,1500.0,1478.5,1933.0,1204.0
2026-07-10 09:25:34,2026-07-10 09:10,1515.0,1497.5,1.17,441300,1516.5,1478.5,1933.0,1204.0
2026-07-10 09:30:41,2026-07-10 09:15,1506.0,1497.5,0.57,545100,1520.5,1478.5,1933.0,1204.0
2026-07-10 09:35:43,2026-07-10 09:20,1505.0,1497.5,0.5,584200,1520.5,1478.5,1933.0,1204.0
2026-07-10 09:40:33,2026-07-10 09:25,1505.0,1497.5,0.5,608200,1520.5,1478.5,1933.0,1204.0
2026-07-10 09:46:06,2026-07-10 09:30,1499.5,1497.5,0.13,642600,1520.5,1478.5,1933.0,1204.0
2026-07-10 09:50:30,2026-07-10 09:35,1501.5,1497.5,0.27,675900,1520.5,1478.5,1933.0,1204.0
2026-07-10 09:55:35,2026-07-10 09:40,1502.5,1497.5,0.33,702200,1520.5,1478.5,1933.0,1204.0
2026-07-10 10:00:31,2026-07-10 09:45,1503.5,1497.5,0.4,723000,1520.5,1478.5,1933.0,1204.0
2026-07-10 10:05:33,2026-07-10 09:50,1505.5,1497.5,0.53,742600,1520.5,1478.5,1933.0,1204.0
2026-07-10 10:10:39,2026-07-10 09:55,1503.0,1497.5,0.37,773500,1520.5,1478.5,1933.0,1204.0
2026-07-10 10:15:35,2026-07-10 10:00,1500.5,1497.5,0.2,801700,1520.5,1478.5,1933.0,1204.0
2026-07-10 10:20:34,2026-07-10 10:05,1499.5,1497.5,0.13,835500,1520.5,1478.5,1933.0,1204.0
2026-07-10 10:25:41,2026-07-10 10:10,1504.5,1497.5,0.47,879500,1520.5,1478.5,1933.0,1204.0
2026-07-10 10:30:32,2026-07-10 10:15,1498.5,1497.5,0.07,899000,1520.5,1478.5,1933.0,1204.0
2026-07-10 10:35:30,2026-07-10 10:20,1497.0,1497.5,-0.03,937300,1520.5,1478.5,1933.0,1204.0
2026-07-10 10:40:30,2026-07-10 10:25,1498.0,1497.5,0.03,964800,1520.5,1478.5,1933.0,1204.0
2026-07-10 10:45:34,2026-07-10 10:30,1498.5,1497.5,0.07,992800,1520.5,1478.5,1933.0,1204.0
2026-07-10 10:50:42,2026-07-10 10:35,1501.0,1497.5,0.23,1009300,1520.5,1478.5,1933.0,1204.0
2026-07-10 10:55:47,2026-07-10 10:40,1501.0,1497.5,0.23,1026000,1520.5,1478.5,1933.0,1204.0
2026-07-10 11:00:33,2026-07-10 10:45,1503.5,1497.5,0.4,1045900,1520.5,1478.5,1933.0,1204.0
2026-07-10 11:05:37,2026-07-10 10:50,1500.0,1497.5,0.17,1074700,1520.5,1478.5,1933.0,1204.0
2026-07-10 11:10:40,2026-07-10 10:55,1502.0,1497.5,0.3,1093700,1520.5,1478.5,1933.0,1204.0
2026-07-10 11:15:36,2026-07-10 11:00,1504.0,1497.5,0.43,1115000,1520.5,1478.5,1933.0,1204.0
2026-07-10 11:20:38,2026-07-10 11:05,1504.5,1497.5,0.47,1134100,1520.5,1478.5,1933.0,1204.0
2026-07-10 11:25:42,2026-07-10 11:10,1504.5,1497.5,0.47,1157900,1520.5,1478.5,1933.0,1204.0
2026-07-10 11:30:44,2026-07-10 11:15,1506.5,1497.5,0.6,1195100,1520.5,1478.5,1933.0,1204.0
2026-07-10 12:30:33,2026-07-10 11:30,1503.5,1497.5,0.4,1270600,1520.5,1478.5,1933.0,1204.0
2026-07-10 12:35:33,2026-07-10 11:30,1503.5,1497.5,0.4,1270600,1520.5,1478.5,1933.0,1204.0
2026-07-10 12:40:40,2026-07-10 11:30,1503.5,1497.5,0.4,1270600,1520.5,1478.5,1933.0,1204.0
2026-07-10 12:45:37,2026-07-10 12:30,1502.0,1497.5,0.3,1308100,1520.5,1478.5,1933.0,1204.0
2026-07-10 12:50:50,2026-07-10 12:35,1499.5,1497.5,0.13,1365100,1520.5,1478.5,1933.0,1204.0
2026-07-10 12:55:30,2026-07-10 12:40,1499.0,1497.5,0.1,1399100,1520.5,1478.5,1933.0,1204.0
2026-07-10 13:00:56,2026-07-10 12:45,1499.0,1497.5,0.1,1432100,1520.5,1478.5,1933.0,1204.0
2026-07-10 13:05:35,2026-07-10 12:50,1499.5,1497.5,0.13,1454200,1520.5,1478.5,1933.0,1204.0
2026-07-10 13:10:35,2026-07-10 12:55,1502.5,1497.5,0.33,1509400,1520.5,1478.5,1933.0,1204.0
2026-07-10 13:15:36,2026-07-10 13:00,1503.0,1497.5,0.37,1539500,1520.5,1478.5,1933.0,1204.0
2026-07-10 13:20:36,2026-07-10 13:05,1504.0,1497.5,0.43,1561700,1520.5,1478.5,1933.0,1204.0
2026-07-10 13:25:34,2026-07-10 13:10,1502.5,1497.5,0.33,1622900,1520.5,1478.5,1933.0,1204.0
2026-07-10 13:30:34,2026-07-10 13:15,1500.0,1497.5,0.17,1660000,1520.5,1478.5,1933.0,1204.0
2026-07-10 13:35:44,2026-07-10 13:20,1493.5,1497.5,-0.27,1706300,1520.5,1478.5,1933.0,1204.0
2026-07-10 13:40:39,2026-07-10 13:25,1494.0,1497.5,-0.23,1735600,1520.5,1478.5,1933.0,1204.0
2026-07-10 13:45:33,2026-07-10 13:30,1497.5,1497.5,0.0,1770500,1520.5,1478.5,1933.0,1204.0
2026-07-10 13:50:35,2026-07-10 13:35,1497.0,1497.5,-0.03,1794300,1520.5,1478.5,1933.0,1204.0
2026-07-10 13:55:36,2026-07-10 13:40,1496.0,1497.5,-0.1,1812000,1520.5,1478.5,1933.0,1204.0
2026-07-10 14:00:47,2026-07-10 13:45,1492.5,1497.5,-0.33,1833300,1520.5,1478.5,1933.0,1204.0
2026-07-10 14:05:40,2026-07-10 13:50,1492.0,1497.5,-0.37,1851200,1520.5,1478.5,1933.0,1204.0
2026-07-10 14:10:41,2026-07-10 13:55,1492.5,1497.5,-0.33,1867300,1520.5,1478.5,1933.0,1204.0
2026-07-10 14:15:30,2026-07-10 14:00,1491.0,1497.5,-0.43,1878700,1520.5,1478.5,1933.0,1204.0
2026-07-10 14:20:37,2026-07-10 14:05,1491.5,1497.5,-0.4,1903700,1520.5,1478.5,1933.0,1204.0
2026-07-10 14:25:34,2026-07-10 14:10,1490.5,1497.5,-0.47,1916200,1520.5,1478.5,1933.0,1204.0
2026-07-10 14:30:37,2026-07-10 14:15,1492.0,1497.5,-0.37,1930200,1520.5,1478.5,1933.0,1204.0
2026-07-10 14:35:33,2026-07-10 14:20,1491.5,1497.5,-0.4,1950100,1520.5,1478.5,1933.0,1204.0
2026-07-10 14:40:36,2026-07-10 14:25,1490.0,1497.5,-0.5,1967400,1520.5,1478.5,1933.0,1204.0
2026-07-10 14:45:49,2026-07-10 14:30,1490.0,1497.5,-0.5,1994500,1520.5,1478.5,1933.0,1204.0
2026-07-10 14:50:38,2026-07-10 14:34,1491.0,1497.5,-0.43,2012000,1520.5,1478.5,1933.0,1204.0
2026-07-10 14:55:36,2026-07-10 14:40,1491.0,1497.5,-0.43,2026300,1520.5,1478.5,1933.0,1204.0
2026-07-10 15:00:38,2026-07-10 14:45,1491.5,1497.5,-0.4,2042600,1520.5,1478.5,1933.0,1204.0
2026-07-10 15:05:37,2026-07-10 14:50,1488.5,1497.5,-0.6,2069500,1520.5,1478.5,1933.0,1204.0
2026-07-10 15:10:41,2026-07-10 14:55,1490.5,1497.5,-0.47,2087400,1520.5,1478.5,1933.0,1204.0
2026-07-10 15:15:32,2026-07-10 15:00,1489.0,1497.5,-0.57,2138700,1520.5,1478.5,1933.0,1204.0
2026-07-10 15:20:43,2026-07-10 15:05,1488.0,1497.5,-0.63,2184900,1520.5,1478.5,1933.0,1204.0
2026-07-10 15:25:35,2026-07-10 15:10,1491.0,1497.5,-0.43,2237700,1520.5,1478.5,1933.0,1204.0
2026-07-10 15:30:57,2026-07-10 15:15,1492.5,1497.5,-0.33,2427400,1520.5,1478.5,1933.0,1204.0
2026-07-10 15:40:40,2026-07-10 15:24,1490.0,1497.5,-0.5,2540000,1520.5,1478.5,1933.0,1204.0
2026-07-13 09:00:32,2026-07-10 15:30,1495.5,1497.5,-0.13,3565700,1520.5,1478.5,1933.0,1204.0
2026-07-13 09:05:35,2026-07-10 15:30,1495.5,1497.5,-0.13,3565700,1520.5,1478.5,1933.0,1204.0
2026-07-13 09:10:40,2026-07-10 15:30,1495.5,1497.5,-0.13,3565700,1520.5,1478.5,1933.0,1204.0
2026-07-13 09:15:33,2026-07-13 09:00,1477.5,1497.5,-1.34,3690700,1481.0,1475.0,1933.0,1204.0
2026-07-13 09:20:37,2026-07-13 09:05,1493.5,1495.5,-0.13,244200,1495.0,1471.5,1933.0,1204.0
2026-07-13 09:25:42,2026-07-13 09:10,1491.5,1495.5,-0.27,308600,1495.0,1471.5,1933.0,1204.0
2026-07-13 09:30:47,2026-07-13 09:15,1491.5,1495.5,-0.27,349900,1495.0,1471.5,1933.0,1204.0
2026-07-13 09:36:53,2026-07-13 09:21,1489.5,1495.5,-0.4,403200,1495.0,1471.5,1933.0,1204.0
2026-07-13 09:40:59,2026-07-13 09:25,1487.5,1495.5,-0.53,440400,1495.0,1471.5,1933.0,1204.0
2026-07-13 09:47:20,2026-07-13 09:32,1487.5,1495.5,-0.53,486800,1495.0,1471.5,1933.0,1204.0
2026-07-13 09:52:11,2026-07-13 09:37,1490.5,1495.5,-0.33,516800,1495.0,1471.5,1933.0,1204.0
2026-07-13 09:58:09,2026-07-13 09:42,1488.0,1495.5,-0.5,559600,1495.0,1471.5,1933.0,1204.0
2026-07-13 10:03:55,2026-07-13 09:48,1486.5,1495.5,-0.6,601400,1495.0,1471.5,1933.0,1204.0
2026-07-13 10:06:39,2026-07-13 09:51,1486.5,1495.5,-0.6,619400,1495.0,1471.5,1933.0,1204.0
2026-07-13 10:12:21,2026-07-13 09:57,1480.0,1495.5,-1.04,651700,1495.0,1471.5,1933.0,1204.0
2026-07-13 10:15:44,2026-07-13 10:00,1479.0,1495.5,-1.1,665700,1495.0,1471.5,1933.0,1204.0
2026-07-13 10:20:36,2026-07-13 10:05,1481.0,1495.5,-0.97,682000,1495.0,1471.5,1933.0,1204.0
2026-07-13 10:25:45,2026-07-13 10:10,1482.5,1495.5,-0.87,712100,1495.0,1471.5,1933.0,1204.0
2026-07-13 10:30:37,2026-07-13 10:15,1480.5,1495.5,-1.0,732800,1495.0,1471.5,1933.0,1204.0
2026-07-13 10:35:35,2026-07-13 10:20,1483.0,1495.5,-0.84,748800,1495.0,1471.5,1933.0,1204.0
2026-07-13 10:40:36,2026-07-13 10:25,1484.0,1495.5,-0.77,774500,1495.0,1471.5,1933.0,1204.0
2026-07-13 10:47:42,2026-07-13 10:32,1483.5,1495.5,-0.8,812800,1495.0,1471.5,1933.0,1204.0
2026-07-13 10:50:45,2026-07-13 10:35,1482.5,1495.5,-0.87,839700,1495.0,1471.5,1933.0,1204.0
2026-07-13 10:55:33,2026-07-13 10:40,1481.0,1495.5,-0.97,858200,1495.0,1471.5,1933.0,1204.0
2026-07-13 11:00:30,2026-07-13 10:45,1483.5,1495.5,-0.8,884800,1495.0,1471.5,1933.0,1204.0
2026-07-13 11:05:36,2026-07-13 10:50,1487.0,1495.5,-0.57,929300,1495.0,1471.5,1933.0,1204.0
2026-07-13 11:10:35,2026-07-13 10:55,1485.5,1495.5,-0.67,960000,1495.0,1471.5,1933.0,1204.0
2026-07-13 11:15:33,2026-07-13 11:00,1488.5,1495.5,-0.47,997500,1495.0,1471.5,1933.0,1204.0
2026-07-13 11:20:33,2026-07-13 11:05,1490.5,1495.5,-0.33,1060500,1495.0,1471.5,1933.0,1204.0
2026-07-13 11:25:42,2026-07-13 11:10,1492.0,1495.5,-0.23,1081700,1495.0,1471.5,1933.0,1204.0
2026-07-13 11:30:33,2026-07-13 11:15,1495.0,1495.5,-0.03,1100400,1495.5,1471.5,1933.0,1204.0
2026-07-13 12:30:37,2026-07-13 11:30,1491.5,1495.5,-0.27,1185700,1497.5,1471.5,1933.0,1204.0
2026-07-13 12:35:32,2026-07-13 11:30,1491.5,1495.5,-0.27,1185700,1497.5,1471.5,1933.0,1204.0
2026-07-13 12:40:31,2026-07-13 11:30,1491.5,1495.5,-0.27,1185700,1497.5,1471.5,1933.0,1204.0
2026-07-13 12:45:32,2026-07-13 12:30,1496.5,1495.5,0.07,1226000,1497.5,1471.5,1933.0,1204.0
2026-07-13 12:50:34,2026-07-13 12:35,1498.0,1495.5,0.17,1262300,1498.5,1471.5,1933.0,1204.0
2026-07-13 12:56:15,2026-07-13 12:41,1496.5,1495.5,0.07,1291900,1500.0,1471.5,1933.0,1204.0
2026-07-13 13:00:31,2026-07-13 12:45,1502.0,1495.5,0.43,1326200,1502.0,1471.5,1933.0,1204.0
2026-07-13 13:05:38,2026-07-13 12:50,1500.5,1495.5,0.33,1350900,1502.5,1471.5,1933.0,1204.0
2026-07-13 13:10:33,2026-07-13 12:55,1501.0,1495.5,0.37,1375100,1502.5,1471.5,1933.0,1204.0
2026-07-13 13:15:33,2026-07-13 13:00,1500.5,1495.5,0.33,1403900,1502.5,1471.5,1933.0,1204.0
2026-07-13 13:22:37,2026-07-13 13:07,1496.0,1495.5,0.03,1446000,1502.5,1471.5,1933.0,1204.0
2026-07-13 13:25:33,2026-07-13 13:10,1494.5,1495.5,-0.07,1472200,1502.5,1471.5,1933.0,1204.0
2026-07-13 13:32:41,2026-07-13 13:17,1495.0,1495.5,-0.03,1501100,1502.5,1471.5,1933.0,1204.0
2026-07-13 13:35:43,2026-07-13 13:20,1495.0,1495.5,-0.03,1512000,1502.5,1471.5,1933.0,1204.0
2026-07-13 13:40:32,2026-07-13 13:25,1494.5,1495.5,-0.07,1526300,1502.5,1471.5,1933.0,1204.0
2026-07-13 13:45:41,2026-07-13 13:30,1492.5,1495.5,-0.2,1540800,1502.5,1471.5,1933.0,1204.0
2026-07-13 13:50:34,2026-07-13 13:35,1492.0,1495.5,-0.23,1550100,1502.5,1471.5,1933.0,1204.0
2026-07-13 13:55:43,2026-07-13 13:40,1495.5,1495.5,0.0,1570000,1502.5,1471.5,1933.0,1204.0
2026-07-13 14:00:30,2026-07-13 13:45,1495.0,1495.5,-0.03,1579900,1502.5,1471.5,1933.0,1204.0
2026-07-13 14:05:30,2026-07-13 13:50,1495.0,1495.5,-0.03,1588400,1502.5,1471.5,1933.0,1204.0
2026-07-13 14:10:30,2026-07-13 13:55,1494.0,1495.5,-0.1,1610200,1502.5,1471.5,1933.0,1204.0
2026-07-13 14:15:44,2026-07-13 14:00,1495.0,1495.5,-0.03,1618200,1502.5,1471.5,1933.0,1204.0
2026-07-13 14:20:33,2026-07-13 14:05,1494.5,1495.5,-0.07,1627400,1502.5,1471.5,1933.0,1204.0
2026-07-13 14:25:41,2026-07-13 14:10,1496.5,1495.5,0.07,1642200,1502.5,1471.5,1933.0,1204.0
2026-07-13 14:30:35,2026-07-13 14:15,1495.5,1495.5,0.0,1657100,1502.5,1471.5,1933.0,1204.0
2026-07-13 14:35:37,2026-07-13 14:20,1495.5,1495.5,0.0,1672000,1502.5,1471.5,1933.0,1204.0
2026-07-13 14:40:34,2026-07-13 14:25,1495.5,1495.5,0.0,1681500,1502.5,1471.5,1933.0,1204.0
2026-07-13 14:45:34,2026-07-13 14:30,1502.5,1495.5,0.47,1815500,1503.5,1471.5,1933.0,1204.0
2026-07-13 14:50:34,2026-07-13 14:35,1503.5,1495.5,0.53,1924000,1506.5,1471.5,1933.0,1204.0
2026-07-13 14:55:30,2026-07-13 14:40,1500.5,1495.5,0.33,1952400,1506.5,1471.5,1933.0,1204.0
2026-07-13 15:00:32,2026-07-13 14:45,1500.5,1495.5,0.33,1974200,1506.5,1471.5,1933.0,1204.0
2026-07-13 15:05:44,2026-07-13 14:50,1506.0,1495.5,0.7,2058200,1507.0,1471.5,1933.0,1204.0
2026-07-13 15:10:31,2026-07-13 14:55,1505.0,1495.5,0.64,2083200,1507.0,1471.5,1933.0,1204.0
2026-07-13 15:15:39,2026-07-13 15:00,1505.5,1495.5,0.67,2111900,1507.0,1471.5,1933.0,1204.0
2026-07-13 15:20:39,2026-07-13 15:05,1505.5,1495.5,0.67,2133400,1507.0,1471.5,1933.0,1204.0
2026-07-13 15:25:38,2026-07-13 15:10,1503.0,1495.5,0.5,2174600,1507.0,1471.5,1933.0,1204.0
2026-07-13 15:30:31,2026-07-13 15:15,1504.0,1495.5,0.57,2198800,1507.0,1471.5,1933.0,1204.0
2026-07-13 15:40:32,2026-07-13 15:24,1506.5,1495.5,0.74,2269900,1507.5,1471.5,1933.0,1204.0
2026-07-14 09:00:31,2026-07-13 15:30,1497.5,1495.5,0.13,2895200,1507.5,1471.5,1933.0,1204.0
2026-07-14 09:05:35,2026-07-13 15:30,1497.5,1495.5,0.13,2895200,1507.5,1471.5,1933.0,1204.0
2026-07-14 09:10:58,2026-07-13 15:30,1497.5,1495.5,0.13,2895200,1507.5,1471.5,1933.0,1204.0
2026-07-14 09:15:32,2026-07-14 09:00,1497.5,1495.5,0.13,2994900,1516.0,1500.0,1933.0,1204.0
2026-07-14 09:20:34,2026-07-14 09:05,1500.5,1497.5,0.2,183000,1516.0,1499.0,1933.0,1204.0
2026-07-14 09:25:39,2026-07-14 09:10,1508.0,1497.5,0.7,264900,1516.0,1499.0,1933.0,1204.0
2026-07-14 09:30:30,2026-07-14 09:15,1508.5,1497.5,0.73,302400,1516.0,1499.0,1933.0,1204.0
2026-07-14 09:35:35,2026-07-14 09:20,1520.5,1497.5,1.54,385300,1522.5,1499.0,1933.0,1204.0
2026-07-14 09:40:37,2026-07-14 09:25,1521.5,1497.5,1.6,425200,1527.5,1499.0,1933.0,1204.0
2026-07-14 09:45:38,2026-07-14 09:30,1519.0,1497.5,1.44,451600,1527.5,1499.0,1933.0,1204.0
2026-07-14 09:50:32,2026-07-14 09:35,1516.5,1497.5,1.27,472800,1527.5,1499.0,1933.0,1204.0
2026-07-14 09:55:35,2026-07-14 09:40,1518.5,1497.5,1.4,489400,1527.5,1499.0,1933.0,1204.0
2026-07-14 10:00:32,2026-07-14 09:45,1521.5,1497.5,1.6,506600,1527.5,1499.0,1933.0,1204.0
2026-07-14 10:05:32,2026-07-14 09:50,1514.5,1497.5,1.14,526700,1527.5,1499.0,1933.0,1204.0
2026-07-14 10:10:31,2026-07-14 09:55,1515.5,1497.5,1.2,555000,1527.5,1499.0,1933.0,1204.0
2026-07-14 10:15:40,2026-07-14 10:00,1513.5,1497.5,1.07,575300,1527.5,1499.0,1933.0,1204.0
2026-07-14 10:20:32,2026-07-14 10:05,1513.5,1497.5,1.07,598300,1527.5,1499.0,1933.0,1204.0
2026-07-14 10:25:32,2026-07-14 10:10,1516.5,1497.5,1.27,610800,1527.5,1499.0,1933.0,1204.0
2026-07-14 10:30:38,2026-07-14 10:15,1515.5,1497.5,1.2,621200,1527.5,1499.0,1933.0,1204.0
2026-07-14 10:35:42,2026-07-14 10:20,1534.0,1497.5,2.44,748800,1537.0,1499.0,1933.0,1204.0
2026-07-14 10:40:41,2026-07-14 10:25,1532.0,1497.5,2.3,773000,1537.0,1499.0,1933.0,1204.0
2026-07-14 10:45:34,2026-07-14 10:30,1531.0,1497.5,2.24,815700,1537.0,1499.0,1933.0,1204.0
2026-07-14 10:50:35,2026-07-14 10:35,1529.0,1497.5,2.1,843900,1537.0,1499.0,1933.0,1204.0
2026-07-14 10:55:36,2026-07-14 10:40,1528.0,1497.5,2.04,871600,1537.0,1499.0,1933.0,1204.0
2026-07-14 11:00:31,2026-07-14 10:45,1520.0,1497.5,1.5,889800,1537.0,1499.0,1933.0,1204.0
2026-07-14 11:05:39,2026-07-14 10:50,1519.0,1497.5,1.44,904600,1537.0,1499.0,1933.0,1204.0
2026-07-14 11:10:45,2026-07-14 10:55,1514.0,1497.5,1.1,916600,1537.0,1499.0,1933.0,1204.0
2026-07-14 11:15:39,2026-07-14 11:00,1514.5,1497.5,1.14,933700,1537.0,1499.0,1933.0,1204.0
2026-07-14 11:20:57,2026-07-14 11:05,1517.5,1497.5,1.34,1032000,1537.0,1499.0,1933.0,1204.0
2026-07-14 11:25:31,2026-07-14 11:10,1516.5,1497.5,1.27,1072800,1537.0,1499.0,1933.0,1204.0
2026-07-14 11:30:56,2026-07-14 11:15,1517.5,1497.5,1.34,1106200,1537.0,1499.0,1933.0,1204.0
2026-07-14 12:30:44,2026-07-14 11:30,1517.0,1497.5,1.3,1134600,1537.0,1499.0,1933.0,1204.0
2026-07-14 12:35:36,2026-07-14 11:30,1517.0,1497.5,1.3,1134600,1537.0,1499.0,1933.0,1204.0
2026-07-14 12:40:31,2026-07-14 11:30,1517.0,1497.5,1.3,1134600,1537.0,1499.0,1933.0,1204.0
2026-07-14 12:45:36,2026-07-14 12:30,1522.0,1497.5,1.64,1161500,1537.0,1499.0,1933.0,1204.0
2026-07-14 12:50:32,2026-07-14 12:35,1518.5,1497.5,1.4,1188500,1537.0,1499.0,1933.0,1204.0
2026-07-14 12:55:41,2026-07-14 12:40,1519.5,1497.5,1.47,1197500,1537.0,1499.0,1933.0,1204.0
2026-07-14 13:00:54,2026-07-14 12:45,1520.5,1497.5,1.54,1216300,1537.0,1499.0,1933.0,1204.0
2026-07-14 13:05:39,2026-07-14 12:50,1528.0,1497.5,2.04,1237400,1537.0,1499.0,1933.0,1204.0
2026-07-14 13:10:39,2026-07-14 12:55,1527.0,1497.5,1.97,1260000,1537.0,1499.0,1933.0,1204.0
2026-07-14 13:15:37,2026-07-14 13:00,1525.5,1497.5,1.87,1268800,1537.0,1499.0,1933.0,1204.0
2026-07-14 13:20:39,2026-07-14 13:05,1527.0,1497.5,1.97,1284500,1537.0,1499.0,1933.0,1204.0
2026-07-14 13:25:30,2026-07-14 13:10,1526.0,1497.5,1.9,1296700,1537.0,1499.0,1933.0,1204.0
2026-07-14 13:30:36,2026-07-14 13:15,1526.0,1497.5,1.9,1311600,1537.0,1499.0,1933.0,1204.0
2026-07-14 13:35:30,2026-07-14 13:20,1526.5,1497.5,1.94,1319600,1537.0,1499.0,1933.0,1204.0
2026-07-14 13:40:50,2026-07-14 13:25,1528.5,1497.5,2.07,1330900,1537.0,1499.0,1933.0,1204.0
2026-07-14 13:45:31,2026-07-14 13:30,1531.0,1497.5,2.24,1352500,1537.0,1499.0,1933.0,1204.0
2026-07-14 13:50:36,2026-07-14 13:35,1529.5,1497.5,2.14,1375800,1537.0,1499.0,1933.0,1204.0
2026-07-14 13:55:33,2026-07-14 13:40,1530.0,1497.5,2.17,1383600,1537.0,1499.0,1933.0,1204.0
2026-07-14 14:00:36,2026-07-14 13:45,1530.0,1497.5,2.17,1389500,1537.0,1499.0,1933.0,1204.0
2026-07-14 14:05:32,2026-07-14 13:50,1529.0,1497.5,2.1,1395300,1537.0,1499.0,1933.0,1204.0
2026-07-14 14:10:34,2026-07-14 13:55,1528.0,1497.5,2.04,1411800,1537.0,1499.0,1933.0,1204.0
2026-07-14 14:15:31,2026-07-14 14:00,1526.0,1497.5,1.9,1420300,1537.0,1499.0,1933.0,1204.0
2026-07-14 14:20:34,2026-07-14 14:05,1524.5,1497.5,1.8,1429600,1537.0,1499.0,1933.0,1204.0
2026-07-14 14:25:38,2026-07-14 14:10,1521.5,1497.5,1.6,1439200,1537.0,1499.0,1933.0,1204.0
2026-07-14 14:30:30,2026-07-14 14:15,1521.5,1497.5,1.6,1454800,1537.0,1499.0,1933.0,1204.0
2026-07-14 14:35:39,2026-07-14 14:20,1519.5,1497.5,1.47,1461400,1537.0,1499.0,1933.0,1204.0
2026-07-14 14:40:36,2026-07-14 14:25,1521.5,1497.5,1.6,1469100,1537.0,1499.0,1933.0,1204.0
2026-07-14 14:45:34,2026-07-14 14:30,1522.0,1497.5,1.64,1476100,1537.0,1499.0,1933.0,1204.0
2026-07-14 14:50:32,2026-07-14 14:34,1521.5,1497.5,1.6,1485000,1537.0,1499.0,1933.0,1204.0
2026-07-14 14:55:38,2026-07-14 14:40,1521.0,1497.5,1.57,1491100,1537.0,1499.0,1933.0,1204.0
2026-07-14 15:00:39,2026-07-14 14:45,1518.5,1497.5,1.4,1509100,1537.0,1499.0,1933.0,1204.0
2026-07-14 15:05:47,2026-07-14 14:50,1516.0,1497.5,1.24,1518600,1537.0,1499.0,1933.0,1204.0
2026-07-14 15:10:31,2026-07-14 14:55,1516.0,1497.5,1.24,1535100,1537.0,1499.0,1933.0,1204.0
2026-07-14 15:15:42,2026-07-14 15:00,1515.5,1497.5,1.2,1551900,1537.0,1499.0,1933.0,1204.0
2026-07-14 15:20:39,2026-07-14 15:05,1517.5,1497.5,1.34,1576100,1537.0,1499.0,1933.0,1204.0
2026-07-14 15:25:30,2026-07-14 15:10,1515.5,1497.5,1.2,1595100,1537.0,1499.0,1933.0,1204.0
2026-07-14 15:30:38,2026-07-14 15:15,1514.5,1497.5,1.14,1612000,1537.0,1499.0,1933.0,1204.0
2026-07-14 15:40:55,2026-07-14 15:24,1513.0,1497.5,1.04,1659600,1537.0,1499.0,1933.0,1204.0
2026-07-15 09:05:30,2026-07-14 15:30,1511.5,1497.5,0.93,2066300,1537.0,1499.0,1933.0,1204.0
2026-07-15 09:10:30,2026-07-14 15:30,1511.5,1497.5,0.93,2066300,1537.0,1499.0,1933.0,1204.0
2026-07-15 09:15:44,2026-07-15 09:00,1511.5,1497.5,0.93,2258400,1490.0,1475.5,1933.0,1204.0
2026-07-15 09:20:30,2026-07-15 09:05,1490.5,1511.5,-1.39,277300,1499.0,1475.5,1933.0,1204.0
2026-07-15 09:25:36,2026-07-15 09:10,1484.5,1511.5,-1.79,327900,1499.0,1475.5,1933.0,1204.0
2026-07-15 09:30:39,2026-07-15 09:15,1481.0,1511.5,-2.02,396600,1499.0,1475.5,1933.0,1204.0
2026-07-15 09:35:30,2026-07-15 09:20,1488.0,1511.5,-1.55,430700,1499.0,1475.5,1933.0,1204.0
2026-07-15 09:40:36,2026-07-15 09:25,1487.0,1511.5,-1.62,454400,1499.0,1475.5,1933.0,1204.0
2026-07-15 09:45:32,2026-07-15 09:30,1485.0,1511.5,-1.75,476400,1499.0,1475.5,1933.0,1204.0
2026-07-15 09:50:36,2026-07-15 09:35,1485.0,1511.5,-1.75,507400,1499.0,1475.5,1933.0,1204.0
2026-07-15 09:55:31,2026-07-15 09:40,1478.0,1511.5,-2.22,549000,1499.0,1475.5,1933.0,1204.0
2026-07-15 10:00:40,2026-07-15 09:45,1479.0,1511.5,-2.15,595800,1499.0,1475.5,1933.0,1204.0
2026-07-15 10:05:42,2026-07-15 09:50,1476.0,1511.5,-2.35,627200,1499.0,1475.5,1933.0,1204.0
2026-07-15 10:10:35,2026-07-15 09:55,1476.0,1511.5,-2.35,678800,1499.0,1473.5,1933.0,1204.0
2026-07-15 10:15:30,2026-07-15 10:00,1475.0,1511.5,-2.41,695100,1499.0,1472.5,1933.0,1204.0
2026-07-15 10:20:30,2026-07-15 10:05,1475.0,1511.5,-2.41,716100,1499.0,1472.5,1933.0,1204.0
2026-07-15 10:25:31,2026-07-15 10:10,1474.5,1511.5,-2.45,737200,1499.0,1472.5,1933.0,1204.0
2026-07-15 10:30:38,2026-07-15 10:15,1474.5,1511.5,-2.45,766700,1499.0,1472.5,1933.0,1204.0
2026-07-15 10:35:29,2026-07-15 10:20,1470.0,1511.5,-2.75,799300,1499.0,1469.5,1933.0,1204.0
2026-07-15 10:40:32,2026-07-15 10:25,1472.0,1511.5,-2.61,835100,1499.0,1469.0,1933.0,1204.0
2026-07-15 10:45:38,2026-07-15 10:30,1467.5,1511.5,-2.91,908900,1499.0,1465.0,1933.0,1204.0
2026-07-15 10:50:47,2026-07-15 10:35,1470.0,1511.5,-2.75,940800,1499.0,1465.0,1933.0,1204.0
2026-07-15 10:55:29,2026-07-15 10:40,1473.0,1511.5,-2.55,961100,1499.0,1465.0,1933.0,1204.0
2026-07-15 11:00:34,2026-07-15 10:45,1474.0,1511.5,-2.48,972100,1499.0,1465.0,1933.0,1204.0
2026-07-15 11:05:44,2026-07-15 10:50,1474.0,1511.5,-2.48,989500,1499.0,1465.0,1933.0,1204.0
2026-07-15 11:10:39,2026-07-15 10:55,1475.0,1511.5,-2.41,1007600,1499.0,1465.0,1933.0,1204.0
2026-07-15 11:15:33,2026-07-15 11:00,1476.5,1511.5,-2.32,1017400,1499.0,1465.0,1933.0,1204.0
2026-07-15 11:20:38,2026-07-15 11:05,1480.0,1511.5,-2.08,1040100,1499.0,1465.0,1933.0,1204.0
2026-07-15 11:25:38,2026-07-15 11:10,1481.5,1511.5,-1.98,1059700,1499.0,1465.0,1933.0,1204.0
2026-07-15 11:30:30,2026-07-15 11:15,1483.0,1511.5,-1.89,1074400,1499.0,1465.0,1933.0,1204.0
2026-07-15 12:30:33,2026-07-15 11:30,1480.5,1511.5,-2.05,1125600,1499.0,1465.0,1933.0,1204.0
2026-07-15 12:35:39,2026-07-15 11:30,1480.5,1511.5,-2.05,1125600,1499.0,1465.0,1933.0,1204.0
2026-07-15 12:40:35,2026-07-15 11:30,1480.5,1511.5,-2.05,1125600,1499.0,1465.0,1933.0,1204.0
2026-07-15 12:45:36,2026-07-15 12:30,1481.0,1511.5,-2.02,1163700,1499.0,1465.0,1933.0,1204.0
2026-07-15 12:50:36,2026-07-15 12:35,1480.0,1511.5,-2.08,1189700,1499.0,1465.0,1933.0,1204.0
2026-07-15 12:55:31,2026-07-15 12:40,1481.0,1511.5,-2.02,1213800,1499.0,1465.0,1933.0,1204.0
2026-07-15 13:00:38,2026-07-15 12:45,1481.5,1511.5,-1.98,1227700,1499.0,1465.0,1933.0,1204.0
2026-07-15 13:05:32,2026-07-15 12:49,1482.0,1511.5,-1.95,1252500,1499.0,1465.0,1933.0,1204.0
2026-07-15 13:10:34,2026-07-15 12:55,1481.5,1511.5,-1.98,1261800,1499.0,1465.0,1933.0,1204.0
2026-07-15 13:15:37,2026-07-15 13:00,1480.5,1511.5,-2.05,1285100,1499.0,1465.0,1933.0,1204.0
2026-07-15 13:20:40,2026-07-15 13:05,1479.5,1511.5,-2.12,1296700,1499.0,1465.0,1933.0,1204.0
2026-07-15 13:25:39,2026-07-15 13:09,1479.5,1511.5,-2.12,1301900,1499.0,1465.0,1933.0,1204.0
2026-07-15 13:30:29,2026-07-15 13:15,1479.0,1511.5,-2.15,1314000,1499.0,1465.0,1933.0,1204.0
2026-07-15 13:35:35,2026-07-15 13:20,1477.5,1511.5,-2.25,1328300,1499.0,1465.0,1933.0,1204.0
2026-07-15 13:40:41,2026-07-15 13:24,1477.0,1511.5,-2.28,1341800,1499.0,1465.0,1933.0,1204.0
2026-07-15 13:45:32,2026-07-15 13:30,1476.0,1511.5,-2.35,1359000,1499.0,1465.0,1933.0,1204.0
2026-07-15 13:50:33,2026-07-15 13:35,1477.0,1511.5,-2.28,1366900,1499.0,1465.0,1933.0,1204.0
2026-07-15 13:55:37,2026-07-15 13:40,1479.0,1511.5,-2.15,1375300,1499.0,1465.0,1933.0,1204.0
2026-07-15 14:00:36,2026-07-15 13:44,1478.5,1511.5,-2.18,1385500,1499.0,1465.0,1933.0,1204.0
2026-07-15 14:05:41,2026-07-15 13:50,1478.0,1511.5,-2.22,1392500,1499.0,1465.0,1933.0,1204.0
2026-07-15 14:10:36,2026-07-15 13:55,1472.5,1511.5,-2.58,1435200,1499.0,1465.0,1933.0,1204.0
2026-07-15 14:15:30,2026-07-15 14:00,1473.0,1511.5,-2.55,1451900,1499.0,1465.0,1933.0,1204.0
2026-07-15 14:20:39,2026-07-15 14:05,1472.5,1511.5,-2.58,1498000,1499.0,1465.0,1933.0,1204.0
2026-07-15 14:25:34,2026-07-15 14:09,1471.5,1511.5,-2.65,1512300,1499.0,1465.0,1933.0,1204.0
2026-07-15 14:30:30,2026-07-15 14:15,1471.5,1511.5,-2.65,1527100,1499.0,1465.0,1933.0,1204.0
2026-07-15 14:35:31,2026-07-15 14:20,1474.0,1511.5,-2.48,1553600,1499.0,1465.0,1933.0,1204.0
2026-07-15 14:40:40,2026-07-15 14:25,1473.0,1511.5,-2.55,1564400,1499.0,1465.0,1933.0,1204.0
2026-07-15 14:45:53,2026-07-15 14:30,1471.0,1511.5,-2.68,1578800,1499.0,1465.0,1933.0,1204.0
2026-07-15 14:50:31,2026-07-15 14:35,1472.5,1511.5,-2.58,1591100,1499.0,1465.0,1933.0,1204.0
2026-07-15 14:55:31,2026-07-15 14:40,1471.0,1511.5,-2.68,1605000,1499.0,1465.0,1933.0,1204.0
2026-07-15 15:00:41,2026-07-15 14:45,1472.5,1511.5,-2.58,1619600,1499.0,1465.0,1933.0,1204.0
2026-07-15 15:05:33,2026-07-15 14:50,1470.5,1511.5,-2.71,1651400,1499.0,1465.0,1933.0,1204.0
2026-07-15 15:10:30,2026-07-15 14:55,1473.5,1511.5,-2.51,1682700,1499.0,1465.0,1933.0,1204.0
2026-07-15 15:15:32,2026-07-15 15:00,1476.5,1511.5,-2.32,1711600,1499.0,1465.0,1933.0,1204.0
2026-07-15 15:20:40,2026-07-15 15:05,1475.5,1511.5,-2.38,1748100,1499.0,1465.0,1933.0,1204.0
2026-07-15 15:25:31,2026-07-15 15:10,1475.5,1511.5,-2.38,1768300,1499.0,1465.0,1933.0,1204.0
2026-07-15 15:30:37,2026-07-15 15:15,1470.5,1511.5,-2.71,1819300,1499.0,1465.0,1933.0,1204.0
2026-07-15 15:41:18,2026-07-15 15:24,1469.5,1511.5,-2.78,1966900,1499.0,1465.0,1933.0,1204.0
2026-07-16 09:05:31,2026-07-15 15:30,1474.5,1511.5,-2.45,2702000,1499.0,1465.0,1933.0,1204.0
2026-07-16 09:10:35,2026-07-15 15:30,1474.5,1511.5,-2.45,2702000,1499.0,1465.0,1933.0,1204.0
2026-07-16 09:15:39,2026-07-16 09:00,1474.5,1511.5,-2.45,2795500,1480.5,1471.5,1933.0,1204.0
2026-07-16 09:20:36,2026-07-16 09:05,1487.0,1474.5,0.85,161000,1487.0,1471.5,1933.0,1204.0
2026-07-16 09:25:32,2026-07-16 09:10,1486.5,1474.5,0.81,195500,1489.5,1471.5,1933.0,1204.0
2026-07-16 09:30:33,2026-07-16 09:15,1495.5,1474.5,1.42,271200,1497.0,1471.5,1933.0,1204.0
2026-07-16 09:35:29,2026-07-16 09:20,1496.0,1474.5,1.46,335400,1501.5,1471.5,1933.0,1204.0
2026-07-16 09:40:32,2026-07-16 09:25,1500.0,1474.5,1.73,367800,1502.0,1471.5,1933.0,1204.0
2026-07-16 09:45:35,2026-07-16 09:30,1501.0,1474.5,1.8,397700,1502.0,1471.5,1933.0,1204.0
2026-07-16 09:50:42,2026-07-16 09:35,1495.0,1474.5,1.39,414600,1502.0,1471.5,1933.0,1204.0
2026-07-16 09:55:32,2026-07-16 09:40,1501.0,1474.5,1.8,452600,1503.5,1471.5,1933.0,1204.0
2026-07-16 10:00:31,2026-07-16 09:45,1496.5,1474.5,1.49,468400,1503.5,1471.5,1933.0,1204.0
2026-07-16 10:05:42,2026-07-16 09:50,1497.5,1474.5,1.56,488900,1503.5,1471.5,1933.0,1204.0
2026-07-16 10:10:40,2026-07-16 09:55,1495.5,1474.5,1.42,506200,1503.5,1471.5,1933.0,1204.0
2026-07-16 10:15:37,2026-07-16 10:00,1496.0,1474.5,1.46,524300,1503.5,1471.5,1933.0,1204.0
2026-07-16 10:20:31,2026-07-16 10:05,1499.0,1474.5,1.66,551600,1503.5,1471.5,1933.0,1204.0
2026-07-16 10:25:43,2026-07-16 10:10,1496.5,1474.5,1.49,574100,1503.5,1471.5,1933.0,1204.0
2026-07-16 10:30:36,2026-07-16 10:15,1498.0,1474.5,1.59,593200,1503.5,1471.5,1933.0,1204.0
2026-07-16 10:35:32,2026-07-16 10:20,1495.0,1474.5,1.39,609800,1503.5,1471.5,1933.0,1204.0
2026-07-16 10:40:33,2026-07-16 10:25,1496.0,1474.5,1.46,691200,1503.5,1471.5,1933.0,1204.0
2026-07-16 10:45:31,2026-07-16 10:30,1497.5,1474.5,1.56,700200,1503.5,1471.5,1933.0,1204.0
2026-07-16 10:50:34,2026-07-16 10:35,1497.0,1474.5,1.53,721700,1503.5,1471.5,1933.0,1204.0
2026-07-16 10:55:38,2026-07-16 10:40,1499.5,1474.5,1.7,746500,1503.5,1471.5,1933.0,1204.0
2026-07-16 11:00:35,2026-07-16 10:45,1503.5,1474.5,1.97,776200,1504.0,1471.5,1933.0,1204.0
2026-07-16 11:05:35,2026-07-16 10:50,1504.5,1474.5,2.03,801300,1504.5,1471.5,1933.0,1204.0
2026-07-16 11:10:34,2026-07-16 10:55,1505.0,1474.5,2.07,820000,1507.5,1471.5,1933.0,1204.0
2026-07-16 11:15:34,2026-07-16 11:00,1505.0,1474.5,2.07,830500,1507.5,1471.5,1933.0,1204.0
2026-07-16 11:20:55,2026-07-16 11:05,1506.5,1474.5,2.17,846100,1507.5,1471.5,1933.0,1204.0
2026-07-16 11:25:35,2026-07-16 11:10,1505.5,1474.5,2.1,865200,1507.5,1471.5,1933.0,1204.0
2026-07-16 11:30:36,2026-07-16 11:15,1506.0,1474.5,2.14,881200,1507.5,1471.5,1933.0,1204.0
2026-07-16 12:30:37,2026-07-16 11:30,1505.0,1474.5,2.07,926100,1507.5,1471.5,1933.0,1204.0
2026-07-16 12:35:33,2026-07-16 11:30,1505.0,1474.5,2.07,926100,1507.5,1471.5,1933.0,1204.0
2026-07-16 12:40:29,2026-07-16 11:30,1505.0,1474.5,2.07,926100,1507.5,1471.5,1933.0,1204.0
2026-07-16 12:45:44,2026-07-16 12:30,1509.5,1474.5,2.37,970300,1511.0,1471.5,1933.0,1204.0
2026-07-16 12:50:34,2026-07-16 12:35,1511.0,1474.5,2.48,1012700,1512.5,1471.5,1933.0,1204.0
2026-07-16 12:55:42,2026-07-16 12:40,1511.0,1474.5,2.48,1026000,1512.5,1471.5,1933.0,1204.0
2026-07-16 13:00:39,2026-07-16 12:45,1508.0,1474.5,2.27,1048300,1512.5,1471.5,1933.0,1204.0
2026-07-16 13:05:38,2026-07-16 12:50,1507.5,1474.5,2.24,1070000,1512.5,1471.5,1933.0,1204.0
2026-07-16 13:10:41,2026-07-16 12:55,1507.5,1474.5,2.24,1083100,1512.5,1471.5,1933.0,1204.0
2026-07-16 13:15:32,2026-07-16 13:00,1503.5,1474.5,1.97,1097900,1512.5,1471.5,1933.0,1204.0
2026-07-16 13:20:41,2026-07-16 13:05,1501.5,1474.5,1.83,1120800,1512.5,1471.5,1933.0,1204.0
2026-07-16 13:25:39,2026-07-16 13:10,1501.0,1474.5,1.8,1140000,1512.5,1471.5,1933.0,1204.0
2026-07-16 13:30:45,2026-07-16 13:15,1500.5,1474.5,1.76,1154900,1512.5,1471.5,1933.0,1204.0
2026-07-16 13:35:32,2026-07-16 13:20,1501.0,1474.5,1.8,1180300,1512.5,1471.5,1933.0,1204.0
2026-07-16 13:40:34,2026-07-16 13:25,1500.0,1474.5,1.73,1187700,1512.5,1471.5,1933.0,1204.0
2026-07-16 13:45:30,2026-07-16 13:30,1498.5,1474.5,1.63,1201500,1512.5,1471.5,1933.0,1204.0
2026-07-16 13:50:32,2026-07-16 13:34,1498.5,1474.5,1.63,1208900,1512.5,1471.5,1933.0,1204.0
2026-07-16 13:55:42,2026-07-16 13:40,1497.5,1474.5,1.56,1230600,1512.5,1471.5,1933.0,1204.0
2026-07-16 14:00:48,2026-07-16 13:45,1498.0,1474.5,1.59,1245300,1512.5,1471.5,1933.0,1204.0
2026-07-16 14:05:34,2026-07-16 13:50,1500.0,1474.5,1.73,1256800,1512.5,1471.5,1933.0,1204.0
2026-07-16 14:10:36,2026-07-16 13:55,1497.5,1474.5,1.56,1276000,1512.5,1471.5,1933.0,1204.0
2026-07-16 14:15:37,2026-07-16 14:00,1499.5,1474.5,1.7,1291800,1512.5,1471.5,1933.0,1204.0
2026-07-16 14:20:33,2026-07-16 14:05,1498.0,1474.5,1.59,1301800,1512.5,1471.5,1933.0,1204.0
2026-07-16 14:25:47,2026-07-16 14:10,1498.0,1474.5,1.59,1319200,1512.5,1471.5,1933.0,1204.0
2026-07-16 14:30:29,2026-07-16 14:15,1501.5,1474.5,1.83,1343200,1512.5,1471.5,1933.0,1204.0
2026-07-16 14:35:38,2026-07-16 14:20,1499.5,1474.5,1.7,1359200,1512.5,1471.5,1933.0,1204.0
2026-07-16 14:40:32,2026-07-16 14:25,1498.5,1474.5,1.63,1373900,1512.5,1471.5,1933.0,1204.0
2026-07-16 14:45:43,2026-07-16 14:30,1498.0,1474.5,1.59,1401100,1512.5,1471.5,1933.0,1204.0
2026-07-16 14:50:34,2026-07-16 14:35,1498.0,1474.5,1.59,1427200,1512.5,1471.5,1933.0,1204.0
2026-07-16 14:55:33,2026-07-16 14:38,1505.0,1474.5,2.07,1436000,1512.5,1471.5,1933.0,1204.0
2026-07-16 15:00:37,2026-07-16 14:45,1498.0,1474.5,1.59,1457600,1512.5,1471.5,1933.0,1204.0
2026-07-16 15:05:28,2026-07-16 14:50,1496.5,1474.5,1.49,1469500,1512.5,1471.5,1933.0,1204.0
2026-07-16 15:10:32,2026-07-16 14:55,1495.5,1474.5,1.42,1491100,1512.5,1471.5,1933.0,1204.0
2026-07-16 15:15:54,2026-07-16 15:00,1495.5,1474.5,1.42,1519300,1512.5,1471.5,1933.0,1204.0
2026-07-16 15:20:42,2026-07-16 15:05,1494.0,1474.5,1.32,1545000,1512.5,1471.5,1933.0,1204.0
2026-07-16 15:25:36,2026-07-16 15:10,1488.5,1474.5,0.95,1629600,1512.5,1471.5,1933.0,1204.0
2026-07-16 15:30:31,2026-07-16 15:15,1489.5,1474.5,1.02,1655700,1512.5,1471.5,1933.0,1204.0
2026-07-16 15:40:36,2026-07-16 15:24,1491.5,1474.5,1.15,1716400,1512.5,1471.5,1933.0,1204.0
2026-07-17 09:05:47,2026-07-16 15:30,1494.5,1474.5,1.36,2283800,1512.5,1471.5,1933.0,1204.0
2026-07-17 09:10:58,2026-07-16 15:30,1494.5,1474.5,1.36,2283800,1512.5,1471.5,1933.0,1204.0
2026-07-17 09:15:32,2026-07-17 09:00,1494.5,1474.5,1.36,2398400,1497.5,1488.0,1933.0,1204.0
2026-07-17 09:20:37,2026-07-17 09:05,1503.0,1494.5,0.57,220100,1508.0,1488.0,1933.0,1204.0
2026-07-17 09:25:32,2026-07-17 09:10,1492.0,1494.5,-0.17,277900,1508.0,1488.0,1933.0,1204.0
2026-07-17 09:30:34,2026-07-17 09:15,1486.0,1494.5,-0.57,324600,1508.0,1484.0,1933.0,1204.0
2026-07-17 09:35:41,2026-07-17 09:20,1496.0,1494.5,0.1,397800,1508.0,1484.0,1933.0,1204.0
2026-07-17 09:40:30,2026-07-17 09:25,1490.5,1494.5,-0.27,453400,1508.0,1484.0,1933.0,1204.0
2026-07-17 09:45:34,2026-07-17 09:30,1490.5,1494.5,-0.27,505700,1508.0,1484.0,1933.0,1204.0
2026-07-17 09:50:40,2026-07-17 09:35,1484.0,1494.5,-0.7,561500,1508.0,1484.0,1933.0,1204.0
2026-07-17 09:55:38,2026-07-17 09:40,1489.0,1494.5,-0.37,608000,1508.0,1484.0,1933.0,1204.0
2026-07-17 10:00:41,2026-07-17 09:45,1487.5,1494.5,-0.47,645100,1508.0,1484.0,1933.0,1204.0
2026-07-17 10:05:29,2026-07-17 09:50,1483.0,1494.5,-0.77,671600,1508.0,1482.5,1933.0,1204.0
2026-07-17 10:10:42,2026-07-17 09:55,1485.5,1494.5,-0.6,712500,1508.0,1482.0,1933.0,1204.0
2026-07-17 10:15:33,2026-07-17 10:00,1483.5,1494.5,-0.74,734300,1508.0,1482.0,1933.0,1204.0
2026-07-17 10:20:40,2026-07-17 10:05,1483.5,1494.5,-0.74,806500,1508.0,1482.0,1933.0,1204.0
2026-07-17 10:25:49,2026-07-17 10:10,1487.0,1494.5,-0.5,844700,1508.0,1482.0,1933.0,1204.0
2026-07-17 10:30:32,2026-07-17 10:15,1491.0,1494.5,-0.23,877800,1508.0,1482.0,1933.0,1204.0
2026-07-17 10:35:36,2026-07-17 10:20,1495.0,1494.5,0.03,910000,1508.0,1482.0,1933.0,1204.0
2026-07-17 10:40:49,2026-07-17 10:25,1490.5,1494.5,-0.27,935500,1508.0,1482.0,1933.0,1204.0
2026-07-17 10:45:46,2026-07-17 10:30,1491.0,1494.5,-0.23,947200,1508.0,1482.0,1933.0,1204.0
2026-07-17 10:50:44,2026-07-17 10:35,1492.0,1494.5,-0.17,974400,1508.0,1482.0,1933.0,1204.0
2026-07-17 10:55:35,2026-07-17 10:40,1496.0,1494.5,0.1,1089100,1508.0,1482.0,1933.0,1204.0
2026-07-17 11:00:43,2026-07-17 10:45,1494.0,1494.5,-0.03,1113500,1508.0,1482.0,1933.0,1204.0
2026-07-17 11:05:42,2026-07-17 10:50,1492.5,1494.5,-0.13,1152900,1508.0,1482.0,1933.0,1204.0
2026-07-17 11:10:42,2026-07-17 10:55,1491.5,1494.5,-0.2,1189700,1508.0,1482.0,1933.0,1204.0
2026-07-17 11:15:33,2026-07-17 11:00,1489.5,1494.5,-0.33,1222900,1508.0,1482.0,1933.0,1204.0
2026-07-17 11:20:35,2026-07-17 11:05,1494.0,1494.5,-0.03,1391000,1508.0,1482.0,1933.0,1204.0
2026-07-17 11:25:41,2026-07-17 11:10,1493.0,1494.5,-0.1,1425300,1508.0,1482.0,1933.0,1204.0
2026-07-17 11:30:30,2026-07-17 11:15,1490.5,1494.5,-0.27,1458100,1508.0,1482.0,1933.0,1204.0
2026-07-17 12:30:38,2026-07-17 11:30,1489.0,1494.5,-0.37,1574200,1508.0,1482.0,1933.0,1204.0
2026-07-17 12:35:30,2026-07-17 11:30,1489.0,1494.5,-0.37,1574200,1508.0,1482.0,1933.0,1204.0
2026-07-17 12:40:36,2026-07-17 11:30,1489.0,1494.5,-0.37,1574200,1508.0,1482.0,1933.0,1204.0
2026-07-17 12:45:40,2026-07-17 12:30,1490.5,1494.5,-0.27,1634000,1508.0,1482.0,1933.0,1204.0
2026-07-17 12:50:50,2026-07-17 12:35,1494.0,1494.5,-0.03,1690400,1508.0,1482.0,1933.0,1204.0
2026-07-17 12:55:32,2026-07-17 12:40,1491.5,1494.5,-0.2,1715900,1508.0,1482.0,1933.0,1204.0
2026-07-17 13:00:37,2026-07-17 12:45,1491.5,1494.5,-0.2,1749800,1508.0,1482.0,1933.0,1204.0
2026-07-17 13:05:35,2026-07-17 12:50,1490.5,1494.5,-0.27,1777900,1508.0,1482.0,1933.0,1204.0
2026-07-17 13:10:47,2026-07-17 12:55,1488.5,1494.5,-0.4,1806000,1508.0,1482.0,1933.0,1204.0
2026-07-17 13:15:38,2026-07-17 13:00,1486.0,1494.5,-0.57,1834400,1508.0,1482.0,1933.0,1204.0
2026-07-17 13:20:30,2026-07-17 13:05,1487.0,1494.5,-0.5,1889300,1508.0,1482.0,1933.0,1204.0
2026-07-17 13:25:30,2026-07-17 13:10,1482.5,1494.5,-0.8,1936900,1508.0,1481.5,1933.0,1204.0
2026-07-17 13:30:32,2026-07-17 13:15,1482.5,1494.5,-0.8,1984400,1508.0,1481.0,1933.0,1204.0
2026-07-17 13:35:32,2026-07-17 13:20,1483.0,1494.5,-0.77,2013000,1508.0,1481.0,1933.0,1204.0
2026-07-17 13:40:40,2026-07-17 13:25,1480.5,1494.5,-0.94,2050300,1508.0,1480.5,1933.0,1204.0
2026-07-17 13:45:30,2026-07-17 13:30,1479.0,1494.5,-1.04,2091200,1508.0,1479.0,1933.0,1204.0
2026-07-17 13:50:31,2026-07-17 13:35,1476.5,1494.5,-1.2,2124900,1508.0,1476.0,1933.0,1204.0
2026-07-17 13:55:33,2026-07-17 13:40,1474.5,1494.5,-1.34,2175600,1508.0,1474.5,1933.0,1204.0
2026-07-17 14:00:41,2026-07-17 13:45,1476.0,1494.5,-1.24,2222500,1508.0,1474.0,1933.0,1204.0
2026-07-17 14:05:35,2026-07-17 13:50,1478.5,1494.5,-1.07,2263400,1508.0,1474.0,1933.0,1204.0
2026-07-17 14:10:31,2026-07-17 13:55,1477.5,1494.5,-1.14,2304900,1508.0,1474.0,1933.0,1204.0
2026-07-17 14:15:34,2026-07-17 14:00,1475.5,1494.5,-1.27,2332900,1508.0,1474.0,1933.0,1204.0
2026-07-17 14:20:38,2026-07-17 14:05,1475.0,1494.5,-1.3,2377800,1508.0,1474.0,1933.0,1204.0
2026-07-17 14:25:47,2026-07-17 14:10,1476.0,1494.5,-1.24,2400700,1508.0,1474.0,1933.0,1204.0
2026-07-17 14:30:32,2026-07-17 14:15,1477.5,1494.5,-1.14,2436900,1508.0,1474.0,1933.0,1204.0
2026-07-17 14:35:51,2026-07-17 14:20,1477.0,1494.5,-1.17,2469400,1508.0,1474.0,1933.0,1204.0
2026-07-17 14:40:30,2026-07-17 14:25,1475.0,1494.5,-1.3,2508000,1508.0,1474.0,1933.0,1204.0
2026-07-17 14:45:35,2026-07-17 14:30,1473.0,1494.5,-1.44,2538500,1508.0,1473.0,1933.0,1204.0
2026-07-17 14:50:29,2026-07-17 14:35,1473.0,1494.5,-1.44,2572700,1508.0,1472.5,1933.0,1204.0
2026-07-17 14:55:40,2026-07-17 14:40,1472.0,1494.5,-1.51,2606500,1508.0,1472.0,1933.0,1204.0
2026-07-17 15:00:29,2026-07-17 14:45,1472.5,1494.5,-1.47,2641800,1508.0,1471.0,1933.0,1204.0
2026-07-17 15:05:57,2026-07-17 14:50,1471.5,1494.5,-1.54,2700100,1508.0,1471.0,1933.0,1204.0
2026-07-17 15:10:32,2026-07-17 14:55,1473.5,1494.5,-1.41,2749700,1508.0,1471.0,1933.0,1204.0
2026-07-17 15:15:37,2026-07-17 15:00,1475.5,1494.5,-1.27,2786800,1508.0,1471.0,1933.0,1204.0
2026-07-17 15:20:38,2026-07-17 15:05,1475.5,1494.5,-1.27,2829200,1508.0,1471.0,1933.0,1204.0
2026-07-17 15:25:47,2026-07-17 15:10,1478.0,1494.5,-1.1,2876900,1508.0,1471.0,1933.0,1204.0
2026-07-17 15:30:36,2026-07-17 15:15,1478.0,1494.5,-1.1,2947400,1508.0,1471.0,1933.0,1204.0
2026-07-17 15:40:43,2026-07-17 15:24,1476.5,1494.5,-1.2,3137300,1508.0,1471.0,1933.0,1204.0
2026-07-21 09:05:30,2026-07-17 15:30,1483.5,1494.5,-0.74,4174100,1508.0,1471.0,1933.0,1204.0
2026-07-21 09:10:32,2026-07-17 15:30,1483.5,1494.5,-0.74,4174100,1508.0,1471.0,1933.0,1204.0
2026-07-21 09:15:29,2026-07-21 09:00,1472.0,1494.5,-1.51,4307500,1474.0,1470.5,1933.0,1204.0
2026-07-21 09:20:39,2026-07-21 09:05,1481.5,1483.5,-0.13,231100,1483.0,1470.5,1933.0,1204.0
2026-07-21 09:25:44,2026-07-21 09:10,1479.0,1483.5,-0.3,304900,1483.0,1468.0,1933.0,1204.0
2026-07-21 09:30:40,2026-07-21 09:15,1486.0,1483.5,0.17,396800,1486.0,1468.0,1933.0,1204.0
2026-07-21 09:35:44,2026-07-21 09:20,1486.0,1483.5,0.17,457700,1486.0,1468.0,1933.0,1204.0
2026-07-21 09:40:35,2026-07-21 09:25,1484.0,1483.5,0.03,487900,1486.0,1468.0,1933.0,1204.0
2026-07-21 09:45:35,2026-07-21 09:30,1488.0,1483.5,0.3,528100,1490.0,1468.0,1933.0,1204.0
2026-07-21 09:50:31,2026-07-21 09:35,1484.5,1483.5,0.07,570600,1490.0,1468.0,1933.0,1204.0
2026-07-21 09:55:36,2026-07-21 09:40,1485.5,1483.5,0.13,588800,1490.0,1468.0,1933.0,1204.0
2026-07-21 10:00:30,2026-07-21 09:45,1487.5,1483.5,0.27,608500,1490.0,1468.0,1933.0,1204.0
2026-07-21 10:05:51,2026-07-21 09:50,1483.0,1483.5,-0.03,641100,1490.0,1468.0,1933.0,1204.0
2026-07-21 10:10:30,2026-07-21 09:55,1482.0,1483.5,-0.1,659600,1490.0,1468.0,1933.0,1204.0
2026-07-21 10:15:32,2026-07-21 10:00,1486.0,1483.5,0.17,678800,1490.0,1468.0,1933.0,1204.0
2026-07-21 10:20:35,2026-07-21 10:05,1481.0,1483.5,-0.17,710600,1490.0,1468.0,1933.0,1204.0
2026-07-21 10:25:30,2026-07-21 10:10,1489.0,1483.5,0.37,754700,1490.0,1468.0,1933.0,1204.0
2026-07-21 10:30:34,2026-07-21 10:15,1492.5,1483.5,0.61,780900,1493.5,1468.0,1933.0,1204.0
2026-07-21 10:35:33,2026-07-21 10:20,1490.0,1483.5,0.44,826600,1493.5,1468.0,1933.0,1204.0
2026-07-21 10:40:29,2026-07-21 10:25,1488.5,1483.5,0.34,848100,1493.5,1468.0,1933.0,1204.0
2026-07-21 10:45:40,2026-07-21 10:30,1488.5,1483.5,0.34,867800,1493.5,1468.0,1933.0,1204.0
2026-07-21 10:50:49,2026-07-21 10:35,1493.0,1483.5,0.64,895600,1494.0,1468.0,1933.0,1204.0
2026-07-21 10:55:45,2026-07-21 10:40,1493.5,1483.5,0.67,910300,1494.5,1468.0,1933.0,1204.0
2026-07-21 11:00:30,2026-07-21 10:45,1489.0,1483.5,0.37,940300,1494.5,1468.0,1933.0,1204.0
2026-07-21 11:05:37,2026-07-21 10:50,1489.0,1483.5,0.37,954400,1494.5,1468.0,1933.0,1204.0
2026-07-21 11:10:38,2026-07-21 10:55,1489.5,1483.5,0.4,968300,1494.5,1468.0,1933.0,1204.0
2026-07-21 11:15:30,2026-07-21 11:00,1489.5,1483.5,0.4,980900,1494.5,1468.0,1933.0,1204.0
2026-07-21 11:20:33,2026-07-21 11:05,1490.0,1483.5,0.44,998500,1494.5,1468.0,1933.0,1204.0
2026-07-21 11:25:35,2026-07-21 11:10,1489.5,1483.5,0.4,1016900,1494.5,1468.0,1933.0,1204.0
2026-07-21 11:30:39,2026-07-21 11:15,1484.0,1483.5,0.03,1043300,1494.5,1468.0,1933.0,1204.0
2026-07-21 12:30:34,2026-07-21 11:30,1478.5,1483.5,-0.34,1125300,1494.5,1468.0,1933.0,1204.0
2026-07-21 12:35:30,2026-07-21 11:30,1478.5,1483.5,-0.34,1125300,1494.5,1468.0,1933.0,1204.0
2026-07-21 12:40:29,2026-07-21 11:30,1478.5,1483.5,-0.34,1125300,1494.5,1468.0,1933.0,1204.0
2026-07-21 12:45:54,2026-07-21 12:30,1485.0,1483.5,0.1,1187100,1494.5,1468.0,1933.0,1204.0
2026-07-21 12:50:34,2026-07-21 12:35,1480.0,1483.5,-0.24,1237800,1494.5,1468.0,1933.0,1204.0
2026-07-21 12:55:35,2026-07-21 12:40,1482.0,1483.5,-0.1,1261300,1494.5,1468.0,1933.0,1204.0
2026-07-21 13:00:31,2026-07-21 12:45,1479.5,1483.5,-0.27,1288000,1494.5,1468.0,1933.0,1204.0
2026-07-21 13:05:32,2026-07-21 12:50,1480.0,1483.5,-0.24,1358300,1494.5,1468.0,1933.0,1204.0
2026-07-21 13:10:37,2026-07-21 12:55,1482.0,1483.5,-0.1,1381100,1494.5,1468.0,1933.0,1204.0
2026-07-21 13:15:39,2026-07-21 13:00,1473.0,1483.5,-0.71,1501000,1494.5,1468.0,1933.0,1204.0
2026-07-21 13:20:50,2026-07-21 13:05,1470.0,1483.5,-0.91,1599900,1494.5,1467.5,1933.0,1204.0
2026-07-21 13:25:31,2026-07-21 13:10,1469.0,1483.5,-0.98,1618900,1494.5,1467.5,1933.0,1204.0
2026-07-21 13:30:44,2026-07-21 13:15,1466.5,1483.5,-1.15,1655300,1494.5,1466.0,1933.0,1204.0
2026-07-21 13:35:35,2026-07-21 13:20,1467.5,1483.5,-1.08,1700000,1494.5,1466.0,1933.0,1204.0
2026-07-21 13:40:42,2026-07-21 13:25,1469.5,1483.5,-0.94,1731200,1494.5,1466.0,1933.0,1204.0
2026-07-21 13:45:38,2026-07-21 13:30,1466.0,1483.5,-1.18,1755600,1494.5,1464.0,1933.0,1204.0
2026-07-21 13:50:31,2026-07-21 13:35,1460.0,1483.5,-1.58,1813200,1494.5,1459.0,1933.0,1204.0
2026-07-21 13:55:37,2026-07-21 13:40,1459.5,1483.5,-1.62,1852700,1494.5,1456.5,1933.0,1204.0
2026-07-21 14:00:48,2026-07-21 13:45,1454.0,1483.5,-1.99,1901100,1494.5,1454.0,1933.0,1204.0
2026-07-21 14:05:37,2026-07-21 13:50,1454.5,1483.5,-1.95,2010700,1494.5,1447.5,1933.0,1204.0
2026-07-21 14:10:37,2026-07-21 13:55,1452.0,1483.5,-2.12,2052800,1494.5,1447.5,1933.0,1204.0
2026-07-21 14:15:38,2026-07-21 14:00,1448.0,1483.5,-2.39,2089600,1494.5,1447.5,1933.0,1204.0
2026-07-21 14:20:39,2026-07-21 14:05,1445.5,1483.5,-2.56,2140400,1494.5,1445.5,1933.0,1204.0
2026-07-21 14:25:34,2026-07-21 14:10,1444.5,1483.5,-2.63,2186900,1494.5,1443.0,1933.0,1204.0
2026-07-21 14:30:41,2026-07-21 14:15,1443.0,1483.5,-2.73,2224100,1494.5,1443.0,1933.0,1204.0
2026-07-21 14:35:39,2026-07-21 14:20,1439.0,1483.5,-3.0,2282000,1494.5,1439.0,1933.0,1204.0
2026-07-21 14:40:30,2026-07-21 14:25,1435.0,1483.5,-3.27,2344100,1494.5,1434.5,1933.0,1204.0
2026-07-21 14:45:36,2026-07-21 14:30,1441.5,1483.5,-2.83,2471700,1494.5,1434.0,1933.0,1204.0
2026-07-21 14:50:43,2026-07-21 14:35,1449.5,1483.5,-2.29,2576500,1494.5,1434.0,1933.0,1204.0
2026-07-21 14:55:36,2026-07-21 14:40,1449.5,1483.5,-2.29,2612100,1494.5,1434.0,1933.0,1204.0
2026-07-21 15:00:38,2026-07-21 14:45,1447.5,1483.5,-2.43,2639700,1494.5,1434.0,1933.0,1204.0
2026-07-21 15:05:41,2026-07-21 14:50,1451.5,1483.5,-2.16,2686000,1494.5,1434.0,1933.0,1204.0
2026-07-21 15:10:46,2026-07-21 14:55,1448.5,1483.5,-2.36,2716600,1494.5,1434.0,1933.0,1204.0
2026-07-21 15:15:41,2026-07-21 15:00,1447.5,1483.5,-2.43,2751200,1494.5,1434.0,1933.0,1204.0
2026-07-21 15:20:33,2026-07-21 15:05,1447.0,1483.5,-2.46,2795300,1494.5,1434.0,1933.0,1204.0
2026-07-21 15:25:34,2026-07-21 15:10,1447.5,1483.5,-2.43,2827900,1494.5,1434.0,1933.0,1204.0
2026-07-21 15:30:30,2026-07-21 15:15,1447.5,1483.5,-2.43,2889000,1494.5,1434.0,1933.0,1204.0
2026-07-21 15:40:33,2026-07-21 15:24,1446.5,1483.5,-2.49,3064700,1494.5,1434.0,1933.0,1204.0
2026-07-22 09:05:31,2026-07-21 15:30,1448.5,1483.5,-2.36,4270600,1494.5,1434.0,1933.0,1204.0
2026-07-22 09:10:44,2026-07-21 15:30,1448.5,1483.5,-2.36,4270600,1494.5,1434.0,1933.0,1204.0
2026-07-22 09:15:29,2026-07-21 15:30,1448.5,1483.5,-2.36,4270600,1494.5,1434.0,1933.0,1204.0
2026-07-22 09:20:29,2026-07-22 09:05,1402.0,1448.5,-3.21,441600,1414.0,1397.5,1933.0,1204.0
2026-07-22 09:25:33,2026-07-22 09:10,1403.5,1448.5,-3.11,576600,1414.0,1397.5,1933.0,1204.0
2026-07-22 09:30:36,2026-07-22 09:15,1405.5,1448.5,-2.97,668400,1415.0,1397.5,1933.0,1204.0
2026-07-22 09:35:41,2026-07-22 09:20,1419.0,1448.5,-2.04,731200,1419.5,1397.5,1933.0,1204.0
2026-07-22 09:40:40,2026-07-22 09:25,1418.0,1448.5,-2.11,772200,1420.5,1397.5,1933.0,1204.0
2026-07-22 09:45:39,2026-07-22 09:30,1418.5,1448.5,-2.07,802200,1421.0,1397.5,1933.0,1204.0
2026-07-22 09:50:40,2026-07-22 09:35,1417.0,1448.5,-2.17,849900,1421.0,1397.5,1933.0,1204.0
2026-07-22 09:55:29,2026-07-22 09:40,1425.0,1448.5,-1.62,892200,1425.0,1397.5,1933.0,1204.0
2026-07-22 10:00:30,2026-07-22 09:45,1420.5,1448.5,-1.93,919100,1425.5,1397.5,1933.0,1204.0
2026-07-22 10:05:29,2026-07-22 09:50,1421.5,1448.5,-1.86,996200,1425.5,1397.5,1933.0,1204.0
2026-07-22 10:10:30,2026-07-22 09:55,1417.5,1448.5,-2.14,1022100,1425.5,1397.5,1933.0,1204.0
2026-07-22 10:15:32,2026-07-22 10:00,1412.0,1448.5,-2.52,1050500,1425.5,1397.5,1933.0,1204.0
2026-07-22 10:20:44,2026-07-22 10:05,1412.0,1448.5,-2.52,1153900,1425.5,1397.5,1933.0,1204.0
2026-07-22 10:25:51,2026-07-22 10:10,1408.0,1448.5,-2.8,1169500,1425.5,1397.5,1933.0,1204.0
2026-07-22 10:30:38,2026-07-22 10:15,1406.0,1448.5,-2.93,1184300,1425.5,1397.5,1933.0,1204.0
2026-07-22 10:35:30,2026-07-22 10:20,1398.5,1448.5,-3.45,1277900,1425.5,1397.5,1933.0,1204.0
2026-07-22 10:40:34,2026-07-22 10:25,1400.5,1448.5,-3.31,1310100,1425.5,1397.5,1933.0,1204.0
2026-07-22 10:45:43,2026-07-22 10:30,1397.0,1448.5,-3.56,1361200,1425.5,1396.5,1933.0,1204.0
2026-07-22 10:50:32,2026-07-22 10:35,1399.5,1448.5,-3.38,1387600,1425.5,1396.5,1933.0,1204.0
2026-07-22 10:55:40,2026-07-22 10:40,1401.0,1448.5,-3.28,1401300,1425.5,1396.5,1933.0,1204.0
2026-07-22 11:00:39,2026-07-22 10:45,1400.0,1448.5,-3.35,1417800,1425.5,1396.5,1933.0,1204.0
2026-07-22 11:05:46,2026-07-22 10:50,1402.0,1448.5,-3.21,1432700,1425.5,1396.5,1933.0,1204.0
2026-07-22 11:10:33,2026-07-22 10:55,1403.5,1448.5,-3.11,1444500,1425.5,1396.5,1933.0,1204.0
2026-07-22 11:15:38,2026-07-22 11:00,1402.0,1448.5,-3.21,1462000,1425.5,1396.5,1933.0,1204.0
2026-07-22 11:20:32,2026-07-22 11:05,1400.5,1448.5,-3.31,1498200,1425.5,1396.5,1933.0,1204.0
2026-07-22 11:25:35,2026-07-22 11:10,1399.5,1448.5,-3.38,1542800,1425.5,1396.5,1933.0,1204.0
2026-07-22 11:30:30,2026-07-22 11:15,1398.0,1448.5,-3.49,1570400,1425.5,1396.0,1933.0,1204.0
2026-07-22 12:30:38,2026-07-22 11:30,1395.5,1448.5,-3.66,1679500,1425.5,1390.5,1933.0,1204.0
2026-07-22 12:35:41,2026-07-22 11:30,1395.5,1448.5,-3.66,1679500,1425.5,1390.5,1933.0,1204.0
2026-07-22 12:40:39,2026-07-22 11:30,1395.5,1448.5,-3.66,1679500,1425.5,1390.5,1933.0,1204.0
2026-07-22 12:45:35,2026-07-22 12:30,1400.0,1448.5,-3.35,1729900,1425.5,1390.5,1933.0,1204.0
2026-07-22 12:50:32,2026-07-22 12:35,1398.0,1448.5,-3.49,1787900,1425.5,1390.5,1933.0,1204.0
2026-07-22 12:55:37,2026-07-22 12:40,1396.5,1448.5,-3.59,1833500,1425.5,1390.5,1933.0,1204.0
2026-07-22 13:00:48,2026-07-22 12:45,1398.0,1448.5,-3.49,1866500,1425.5,1390.5,1933.0,1204.0
2026-07-22 13:05:31,2026-07-22 12:50,1398.0,1448.5,-3.49,1918500,1425.5,1390.5,1933.0,1204.0
2026-07-22 13:10:34,2026-07-22 12:55,1398.0,1448.5,-3.49,1958700,1425.5,1390.5,1933.0,1204.0
2026-07-22 13:15:35,2026-07-22 13:00,1397.5,1448.5,-3.52,2001900,1425.5,1390.5,1933.0,1204.0
2026-07-22 13:20:34,2026-07-22 13:05,1400.5,1448.5,-3.31,2024700,1425.5,1390.5,1933.0,1204.0
2026-07-22 13:26:00,2026-07-22 13:10,1397.5,1448.5,-3.52,2062400,1425.5,1390.5,1933.0,1204.0
2026-07-22 13:30:45,2026-07-22 13:15,1393.5,1448.5,-3.8,2103800,1425.5,1390.5,1933.0,1204.0
2026-07-22 13:35:39,2026-07-22 13:20,1395.5,1448.5,-3.66,2138500,1425.5,1390.5,1933.0,1204.0
2026-07-22 13:40:38,2026-07-22 13:25,1393.5,1448.5,-3.8,2162800,1425.5,1390.5,1933.0,1204.0
2026-07-22 13:45:42,2026-07-22 13:30,1399.5,1448.5,-3.38,2203600,1425.5,1390.5,1933.0,1204.0
2026-07-22 13:50:40,2026-07-22 13:35,1398.5,1448.5,-3.45,2219100,1425.5,1390.5,1933.0,1204.0
2026-07-22 13:55:37,2026-07-22 13:40,1397.0,1448.5,-3.56,2231800,1425.5,1390.5,1933.0,1204.0
2026-07-22 14:00:40,2026-07-22 13:44,1399.0,1448.5,-3.42,2256500,1425.5,1390.5,1933.0,1204.0
2026-07-22 14:05:45,2026-07-22 13:50,1399.0,1448.5,-3.42,2293600,1425.5,1390.5,1933.0,1204.0
2026-07-22 14:10:35,2026-07-22 13:55,1404.0,1448.5,-3.07,2335700,1425.5,1390.5,1933.0,1204.0
2026-07-22 14:15:54,2026-07-22 14:00,1405.5,1448.5,-2.97,2367000,1425.5,1390.5,1933.0,1204.0
2026-07-22 14:20:40,2026-07-22 14:05,1404.0,1448.5,-3.07,2417400,1425.5,1390.5,1933.0,1204.0
2026-07-22 14:25:36,2026-07-22 14:10,1409.0,1448.5,-2.73,2501700,1425.5,1390.5,1933.0,1204.0
2026-07-22 14:30:37,2026-07-22 14:15,1410.5,1448.5,-2.62,2547700,1425.5,1390.5,1933.0,1204.0
2026-07-22 14:35:36,2026-07-22 14:20,1412.5,1448.5,-2.49,2581500,1425.5,1390.5,1933.0,1204.0
2026-07-22 14:40:34,2026-07-22 14:25,1411.0,1448.5,-2.59,2599800,1425.5,1390.5,1933.0,1204.0
2026-07-22 14:45:42,2026-07-22 14:30,1409.5,1448.5,-2.69,2630800,1425.5,1390.5,1933.0,1204.0
2026-07-22 14:50:58,2026-07-22 14:35,1408.5,1448.5,-2.76,2665400,1425.5,1390.5,1933.0,1204.0
2026-07-22 14:55:36,2026-07-22 14:40,1411.0,1448.5,-2.59,2689500,1425.5,1390.5,1933.0,1204.0
2026-07-22 15:00:36,2026-07-22 14:42,1411.5,1448.5,-2.55,2702500,1425.5,1390.5,1933.0,1204.0
2026-07-22 15:05:42,2026-07-22 14:50,1409.0,1448.5,-2.73,2739000,1425.5,1390.5,1933.0,1204.0
2026-07-22 15:10:41,2026-07-22 14:55,1406.5,1448.5,-2.9,2769600,1425.5,1390.5,1933.0,1204.0
2026-07-22 15:15:53,2026-07-22 15:00,1408.0,1448.5,-2.8,2801400,1425.5,1390.5,1933.0,1204.0
2026-07-22 15:20:33,2026-07-22 15:05,1408.5,1448.5,-2.76,2835300,1425.5,1390.5,1933.0,1204.0
2026-07-22 15:25:44,2026-07-22 15:10,1411.5,1448.5,-2.55,2865500,1425.5,1390.5,1933.0,1204.0
2026-07-22 15:30:55,2026-07-22 15:15,1411.5,1448.5,-2.55,2917600,1425.5,1390.5,1933.0,1204.0
2026-07-22 15:40:46,2026-07-22 15:24,1410.0,1448.5,-2.66,3025400,1425.5,1390.5,1933.0,1204.0
2026-07-23 09:05:34,2026-07-22 15:30,1412.0,1448.5,-2.52,3766300,1425.5,1390.5,1933.0,1204.0
2026-07-23 09:10:32,2026-07-22 15:30,1412.0,1448.5,-2.52,3766300,1425.5,1390.5,1933.0,1204.0
2026-07-23 09:15:32,2026-07-22 15:30,1412.0,1448.5,-2.52,3766300,1425.5,1390.5,1933.0,1204.0
2026-07-23 09:20:34,2026-07-23 09:05,1399.0,1412.0,-0.92,270200,1406.0,1395.5,1933.0,1204.0
2026-07-23 09:25:37,2026-07-23 09:10,1401.0,1412.0,-0.78,342900,1406.0,1394.0,1933.0,1204.0
2026-07-23 09:30:36,2026-07-23 09:15,1397.0,1412.0,-1.06,402900,1406.0,1394.0,1933.0,1204.0
2026-07-23 09:35:31,2026-07-23 09:20,1397.5,1412.0,-1.03,432000,1406.0,1394.0,1933.0,1204.0
2026-07-23 09:40:34,2026-07-23 09:25,1401.0,1412.0,-0.78,460700,1406.0,1394.0,1933.0,1204.0
2026-07-23 09:45:32,2026-07-23 09:30,1398.0,1412.0,-0.99,482100,1406.0,1394.0,1933.0,1204.0
2026-07-23 09:50:33,2026-07-23 09:35,1400.5,1412.0,-0.81,564100,1406.0,1394.0,1933.0,1204.0
2026-07-23 09:55:29,2026-07-23 09:40,1394.5,1412.0,-1.24,605200,1406.0,1393.0,1933.0,1204.0
2026-07-23 10:00:35,2026-07-23 09:45,1393.0,1412.0,-1.35,639700,1406.0,1391.5,1933.0,1204.0
2026-07-23 10:06:04,2026-07-23 09:50,1395.5,1412.0,-1.17,660700,1406.0,1391.5,1933.0,1204.0
2026-07-23 10:10:38,2026-07-23 09:55,1396.5,1412.0,-1.1,688100,1406.0,1391.5,1933.0,1204.0
2026-07-23 10:15:29,2026-07-23 10:00,1398.5,1412.0,-0.96,703000,1406.0,1391.5,1933.0,1204.0
2026-07-23 10:20:30,2026-07-23 10:05,1399.5,1412.0,-0.89,720600,1406.0,1391.5,1933.0,1204.0
2026-07-23 10:25:33,2026-07-23 10:10,1399.5,1412.0,-0.89,739900,1406.0,1391.5,1933.0,1204.0
2026-07-23 10:30:41,2026-07-23 10:15,1401.5,1412.0,-0.74,755900,1406.0,1391.5,1933.0,1204.0
2026-07-23 10:35:39,2026-07-23 10:20,1401.0,1412.0,-0.78,770600,1406.0,1391.5,1933.0,1204.0
2026-07-23 10:40:33,2026-07-23 10:25,1401.0,1412.0,-0.78,785400,1406.0,1391.5,1933.0,1204.0
2026-07-23 10:45:55,2026-07-23 10:30,1401.0,1412.0,-0.78,797200,1406.0,1391.5,1933.0,1204.0
2026-07-23 10:50:35,2026-07-23 10:35,1401.5,1412.0,-0.74,812800,1406.0,1391.5,1933.0,1204.0
2026-07-23 10:55:39,2026-07-23 10:40,1402.0,1412.0,-0.71,827400,1406.0,1391.5,1933.0,1204.0
2026-07-23 11:00:37,2026-07-23 10:45,1400.5,1412.0,-0.81,844600,1406.0,1391.5,1933.0,1204.0
2026-07-23 11:05:39,2026-07-23 10:50,1403.0,1412.0,-0.64,862200,1406.0,1391.5,1933.0,1204.0
2026-07-23 11:10:36,2026-07-23 10:55,1403.0,1412.0,-0.64,883800,1406.0,1391.5,1933.0,1204.0
2026-07-23 11:15:36,2026-07-23 11:00,1403.0,1412.0,-0.64,894700,1406.0,1391.5,1933.0,1204.0
2026-07-23 11:20:30,2026-07-23 11:05,1410.5,1412.0,-0.11,934500,1411.0,1391.5,1933.0,1204.0
2026-07-23 11:25:28,2026-07-23 11:10,1410.5,1412.0,-0.11,968700,1412.5,1391.5,1933.0,1204.0
2026-07-23 11:30:31,2026-07-23 11:15,1409.5,1412.0,-0.18,1028500,1412.5,1391.5,1933.0,1204.0
2026-07-23 12:30:32,2026-07-23 11:30,1405.0,1412.0,-0.5,1095600,1412.5,1391.5,1933.0,1204.0
2026-07-23 12:35:44,2026-07-23 11:30,1405.0,1412.0,-0.5,1095600,1412.5,1391.5,1933.0,1204.0
2026-07-23 12:40:31,2026-07-23 11:30,1405.0,1412.0,-0.5,1095600,1412.5,1391.5,1933.0,1204.0
2026-07-23 12:45:41,2026-07-23 12:30,1406.5,1412.0,-0.39,1139500,1412.5,1391.5,1933.0,1204.0
2026-07-23 12:50:35,2026-07-23 12:35,1405.5,1412.0,-0.46,1174900,1412.5,1391.5,1933.0,1204.0
2026-07-23 12:55:43,2026-07-23 12:40,1409.5,1412.0,-0.18,1194700,1412.5,1391.5,1933.0,1204.0
2026-07-23 13:00:35,2026-07-23 12:45,1410.0,1412.0,-0.14,1223700,1412.5,1391.5,1933.0,1204.0
2026-07-23 13:05:31,2026-07-23 12:50,1410.0,1412.0,-0.14,1315300,1415.0,1391.5,1933.0,1204.0
2026-07-23 13:10:31,2026-07-23 12:55,1407.5,1412.0,-0.32,1333800,1415.0,1391.5,1933.0,1204.0
2026-07-23 13:15:37,2026-07-23 13:00,1407.5,1412.0,-0.32,1365300,1415.0,1391.5,1933.0,1204.0
2026-07-23 13:20:39,2026-07-23 13:05,1409.5,1412.0,-0.18,1399300,1415.0,1391.5,1933.0,1204.0
2026-07-23 13:25:41,2026-07-23 13:10,1407.0,1412.0,-0.35,1414000,1415.0,1391.5,1933.0,1204.0
2026-07-23 13:30:36,2026-07-23 13:15,1407.5,1412.0,-0.32,1436400,1415.0,1391.5,1933.0,1204.0
2026-07-23 13:35:35,2026-07-23 13:20,1403.5,1412.0,-0.6,1491300,1415.0,1391.5,1933.0,1204.0
2026-07-23 13:40:33,2026-07-23 13:25,1404.5,1412.0,-0.53,1500500,1415.0,1391.5,1933.0,1204.0
2026-07-23 13:45:40,2026-07-23 13:30,1405.0,1412.0,-0.5,1510200,1415.0,1391.5,1933.0,1204.0
2026-07-23 13:50:41,2026-07-23 13:35,1404.0,1412.0,-0.57,1518800,1415.0,1391.5,1933.0,1204.0
2026-07-23 13:55:34,2026-07-23 13:40,1402.5,1412.0,-0.67,1534700,1415.0,1391.5,1933.0,1204.0
2026-07-23 14:00:35,2026-07-23 13:45,1402.5,1412.0,-0.67,1549700,1415.0,1391.5,1933.0,1204.0
2026-07-23 14:05:48,2026-07-23 13:50,1402.5,1412.0,-0.67,1576900,1415.0,1391.5,1933.0,1204.0
2026-07-23 14:10:32,2026-07-23 13:55,1397.0,1412.0,-1.06,1606300,1415.0,1391.5,1933.0,1204.0
2026-07-23 14:15:49,2026-07-23 14:00,1399.0,1412.0,-0.92,1651700,1415.0,1391.5,1933.0,1204.0
2026-07-23 14:20:30,2026-07-23 14:05,1397.5,1412.0,-1.03,1678500,1415.0,1391.5,1933.0,1204.0
2026-07-23 14:25:39,2026-07-23 14:10,1401.0,1412.0,-0.78,1693200,1415.0,1391.5,1933.0,1204.0
2026-07-23 14:30:31,2026-07-23 14:15,1401.5,1412.0,-0.74,1712600,1415.0,1391.5,1933.0,1204.0
2026-07-23 14:35:35,2026-07-23 14:20,1399.0,1412.0,-0.92,1727300,1415.0,1391.5,1933.0,1204.0
2026-07-23 14:40:50,2026-07-23 14:25,1399.5,1412.0,-0.89,1741600,1415.0,1391.5,1933.0,1204.0
2026-07-23 14:45:29,2026-07-23 14:30,1401.0,1412.0,-0.78,1770200,1415.0,1391.5,1933.0,1204.0
2026-07-23 14:50:37,2026-07-23 14:35,1400.5,1412.0,-0.81,1792300,1415.0,1391.5,1933.0,1204.0
2026-07-23 14:55:32,2026-07-23 14:40,1399.0,1412.0,-0.92,1816000,1415.0,1391.5,1933.0,1204.0
2026-07-23 15:00:53,2026-07-23 14:45,1397.0,1412.0,-1.06,1834700,1415.0,1391.5,1933.0,1204.0
2026-07-23 15:05:45,2026-07-23 14:50,1398.0,1412.0,-0.99,1864500,1415.0,1391.5,1933.0,1204.0
2026-07-23 15:10:31,2026-07-23 14:55,1398.5,1412.0,-0.96,1877500,1415.0,1391.5,1933.0,1204.0
2026-07-23 15:15:39,2026-07-23 15:00,1397.5,1412.0,-1.03,1890100,1415.0,1391.5,1933.0,1204.0
2026-07-23 15:20:40,2026-07-23 15:05,1401.5,1412.0,-0.74,1919000,1415.0,1391.5,1933.0,1204.0
2026-07-23 15:25:47,2026-07-23 15:10,1400.0,1412.0,-0.85,1943200,1415.0,1391.5,1933.0,1204.0
2026-07-23 15:30:48,2026-07-23 15:15,1402.5,1412.0,-0.67,1977900,1415.0,1391.5,1933.0,1204.0
2026-07-23 15:40:44,2026-07-23 15:24,1403.0,1412.0,-0.64,2074700,1415.0,1391.5,1933.0,1204.0
2026-07-24 09:05:39,2026-07-23 15:30,1403.5,1412.0,-0.6,2784600,1415.0,1391.5,1933.0,1204.0
2026-07-24 09:10:32,2026-07-23 15:30,1403.5,1412.0,-0.6,2784600,1415.0,1391.5,1933.0,1204.0
2026-07-24 09:15:35,2026-07-24 09:00,1403.5,1412.0,-0.6,2954900,1398.0,1389.5,1933.0,1204.0
2026-07-24 09:20:30,2026-07-24 09:05,1378.5,1403.5,-1.78,356200,1399.5,1374.0,1933.0,1204.0
2026-07-24 09:25:52,2026-07-24 09:10,1378.0,1403.5,-1.82,445400,1399.5,1373.0,1933.0,1204.0
2026-07-24 09:30:37,2026-07-24 09:15,1374.0,1403.5,-2.1,508600,1399.5,1373.0,1933.0,1204.0
2026-07-24 09:35:34,2026-07-24 09:20,1379.5,1403.5,-1.71,555800,1399.5,1373.0,1933.0,1204.0
2026-07-24 09:40:35,2026-07-24 09:25,1382.0,1403.5,-1.53,588400,1399.5,1373.0,1933.0,1204.0
2026-07-24 09:45:33,2026-07-24 09:30,1377.5,1403.5,-1.85,628500,1399.5,1373.0,1933.0,1204.0
2026-07-24 09:50:41,2026-07-24 09:35,1375.0,1403.5,-2.03,710400,1399.5,1370.0,1933.0,1204.0
2026-07-24 09:55:36,2026-07-24 09:40,1378.0,1403.5,-1.82,755900,1399.5,1370.0,1933.0,1204.0
2026-07-24 10:00:42,2026-07-24 09:45,1380.5,1403.5,-1.64,800200,1399.5,1370.0,1933.0,1204.0
2026-07-24 10:05:33,2026-07-24 09:49,1381.0,1403.5,-1.6,823600,1399.5,1370.0,1933.0,1204.0
2026-07-24 10:10:30,2026-07-24 09:54,1382.5,1403.5,-1.5,858700,1399.5,1370.0,1933.0,1204.0
2026-07-24 10:15:40,2026-07-24 10:00,1378.5,1403.5,-1.78,884700,1399.5,1370.0,1933.0,1204.0
2026-07-24 10:20:31,2026-07-24 10:05,1377.5,1403.5,-1.85,914200,1399.5,1370.0,1933.0,1204.0
2026-07-24 10:25:36,2026-07-24 10:10,1377.0,1403.5,-1.89,934900,1399.5,1370.0,1933.0,1204.0
2026-07-24 10:30:36,2026-07-24 10:15,1374.5,1403.5,-2.07,961800,1399.5,1370.0,1933.0,1204.0
2026-07-24 10:35:38,2026-07-24 10:20,1373.5,1403.5,-2.14,989200,1399.5,1370.0,1933.0,1204.0
2026-07-24 10:40:43,2026-07-24 10:25,1371.5,1403.5,-2.28,1015100,1399.5,1370.0,1933.0,1204.0
2026-07-24 10:45:32,2026-07-24 10:30,1372.0,1403.5,-2.24,1035200,1399.5,1370.0,1933.0,1204.0
2026-07-24 10:50:40,2026-07-24 10:35,1373.5,1403.5,-2.14,1047400,1399.5,1370.0,1933.0,1204.0
2026-07-24 10:55:33,2026-07-24 10:40,1371.5,1403.5,-2.28,1082700,1399.5,1370.0,1933.0,1204.0
2026-07-24 11:00:36,2026-07-24 10:44,1371.0,1403.5,-2.32,1107700,1399.5,1370.0,1933.0,1204.0
2026-07-24 11:05:34,2026-07-24 10:49,1372.5,1403.5,-2.21,1127200,1399.5,1370.0,1933.0,1204.0
2026-07-24 11:10:49,2026-07-24 10:55,1374.0,1403.5,-2.1,1143400,1399.5,1370.0,1933.0,1204.0
2026-07-24 11:15:37,2026-07-24 11:00,1376.0,1403.5,-1.96,1168800,1399.5,1370.0,1933.0,1204.0
2026-07-24 11:20:41,2026-07-24 11:05,1377.0,1403.5,-1.89,1223400,1399.5,1370.0,1933.0,1204.0
2026-07-24 11:25:38,2026-07-24 11:10,1381.5,1403.5,-1.57,1398800,1399.5,1370.0,1933.0,1204.0
2026-07-24 11:30:30,2026-07-24 11:15,1386.5,1403.5,-1.21,1456200,1399.5,1370.0,1933.0,1204.0
2026-07-24 12:30:42,2026-07-24 11:30,1386.5,1403.5,-1.21,1542100,1399.5,1370.0,1933.0,1204.0
2026-07-24 12:35:36,2026-07-24 11:30,1386.5,1403.5,-1.21,1542100,1399.5,1370.0,1933.0,1204.0
2026-07-24 12:40:29,2026-07-24 11:30,1386.5,1403.5,-1.21,1542100,1399.5,1370.0,1933.0,1204.0
2026-07-24 12:45:31,2026-07-24 12:30,1386.5,1403.5,-1.21,1588100,1399.5,1370.0,1933.0,1204.0
2026-07-24 12:50:39,2026-07-24 12:35,1388.0,1403.5,-1.1,1618100,1399.5,1370.0,1933.0,1204.0
2026-07-24 12:55:38,2026-07-24 12:40,1384.0,1403.5,-1.39,1634600,1399.5,1370.0,1933.0,1204.0
2026-07-24 13:00:46,2026-07-24 12:45,1382.5,1403.5,-1.5,1725400,1399.5,1370.0,1933.0,1204.0
2026-07-24 13:05:34,2026-07-24 12:50,1385.0,1403.5,-1.32,1737300,1399.5,1370.0,1933.0,1204.0
2026-07-24 13:10:29,2026-07-24 12:55,1387.0,1403.5,-1.18,1750500,1399.5,1370.0,1933.0,1204.0
2026-07-24 13:15:34,2026-07-24 13:00,1385.0,1403.5,-1.32,1771700,1399.5,1370.0,1933.0,1204.0
2026-07-24 13:20:54,2026-07-24 13:05,1386.5,1403.5,-1.21,1793600,1399.5,1370.0,1933.0,1204.0
2026-07-24 13:25:33,2026-07-24 13:10,1391.0,1403.5,-0.89,1824700,1399.5,1370.0,1933.0,1204.0
2026-07-24 13:30:36,2026-07-24 13:15,1391.5,1403.5,-0.86,1846700,1399.5,1370.0,1933.0,1204.0
2026-07-24 13:35:30,2026-07-24 13:20,1391.5,1403.5,-0.86,1856800,1399.5,1370.0,1933.0,1204.0
2026-07-24 13:40:43,2026-07-24 13:25,1394.0,1403.5,-0.68,1905000,1399.5,1370.0,1933.0,1204.0
2026-07-24 13:45:38,2026-07-24 13:30,1393.0,1403.5,-0.75,1923700,1399.5,1370.0,1933.0,1204.0
2026-07-24 13:50:29,2026-07-24 13:35,1392.5,1403.5,-0.78,1935100,1399.5,1370.0,1933.0,1204.0
2026-07-24 13:55:29,2026-07-24 13:40,1392.0,1403.5,-0.82,1949300,1399.5,1370.0,1933.0,1204.0
2026-07-24 14:00:38,2026-07-24 13:45,1394.0,1403.5,-0.68,2047300,1399.5,1370.0,1933.0,1204.0
2026-07-24 14:05:53,2026-07-24 13:50,1399.5,1403.5,-0.29,2120800,1400.0,1370.0,1933.0,1204.0
2026-07-24 14:10:52,2026-07-24 13:55,1403.0,1403.5,-0.04,2161800,1404.0,1370.0,1933.0,1204.0
2026-07-24 14:15:47,2026-07-24 14:00,1404.5,1403.5,0.07,2185800,1405.5,1370.0,1933.0,1204.0
2026-07-24 14:20:50,2026-07-24 14:05,1402.5,1403.5,-0.07,2207600,1405.5,1370.0,1933.0,1204.0
2026-07-24 14:25:48,2026-07-24 14:10,1400.5,1403.5,-0.21,2232400,1405.5,1370.0,1933.0,1204.0
2026-07-24 14:30:31,2026-07-24 14:15,1403.0,1403.5,-0.04,2280100,1405.5,1370.0,1933.0,1204.0
2026-07-24 14:35:38,2026-07-24 14:20,1403.0,1403.5,-0.04,2293700,1405.5,1370.0,1933.0,1204.0
2026-07-24 14:40:31,2026-07-24 14:25,1399.5,1403.5,-0.29,2321700,1405.5,1370.0,1933.0,1204.0
2026-07-24 14:45:31,2026-07-24 14:30,1401.5,1403.5,-0.14,2338900,1405.5,1370.0,1933.0,1204.0
2026-07-24 14:50:30,2026-07-24 14:35,1399.0,1403.5,-0.32,2359300,1405.5,1370.0,1933.0,1204.0
2026-07-24 14:55:43,2026-07-24 14:40,1399.5,1403.5,-0.29,2368300,1405.5,1370.0,1933.0,1204.0
2026-07-24 15:01:05,2026-07-24 14:46,1393.0,1403.5,-0.75,2417400,1405.5,1370.0,1933.0,1204.0
2026-07-24 15:05:54,2026-07-24 14:50,1394.0,1403.5,-0.68,2442300,1405.5,1370.0,1933.0,1204.0
2026-07-24 15:10:37,2026-07-24 14:55,1395.0,1403.5,-0.61,2469300,1405.5,1370.0,1933.0,1204.0
2026-07-24 15:15:30,2026-07-24 15:00,1396.0,1403.5,-0.53,2482200,1405.5,1370.0,1933.0,1204.0
2026-07-24 15:20:42,2026-07-24 15:05,1391.0,1403.5,-0.89,2533700,1405.5,1370.0,1933.0,1204.0
2026-07-24 15:25:39,2026-07-24 15:10,1397.5,1403.5,-0.43,2608700,1405.5,1370.0,1933.0,1204.0
2026-07-24 15:30:36,2026-07-24 15:15,1398.5,1403.5,-0.36,2649400,1405.5,1370.0,1933.0,1204.0
2026-07-24 15:51:04,2026-07-24 15:30,1404.5,1403.5,0.07,3718800,1405.5,1370.0,1933.0,1204.0
2026-07-27 09:05:37,2026-07-24 15:30,1404.5,1403.5,0.07,3718800,1405.5,1370.0,1933.0,1204.0
2026-07-27 09:11:00,2026-07-24 15:30,1404.5,1403.5,0.07,3718800,1405.5,1370.0,1933.0,1204.0
2026-07-27 09:15:44,2026-07-27 09:00,1423.5,1403.5,1.43,3966100,1423.5,1416.5,1933.0,1204.0
2026-07-27 09:20:38,2026-07-27 09:05,1407.5,1404.5,0.21,405000,1425.0,1405.0,1933.0,1204.0
2026-07-27 09:25:32,2026-07-27 09:10,1402.5,1404.5,-0.14,520600,1425.0,1402.0,1933.0,1204.0
2026-07-27 09:30:37,2026-07-27 09:15,1401.5,1404.5,-0.21,619000,1425.0,1398.0,1933.0,1204.0
2026-07-27 09:35:42,2026-07-27 09:20,1401.5,1404.5,-0.21,697900,1425.0,1398.0,1933.0,1204.0
2026-07-27 09:40:35,2026-07-27 09:25,1406.5,1404.5,0.14,809000,1425.0,1398.0,1933.0,1204.0
2026-07-27 09:47:05,2026-07-27 09:32,1411.5,1404.5,0.5,908800,1425.0,1398.0,1933.0,1204.0
2026-07-27 09:50:37,2026-07-27 09:35,1412.0,1404.5,0.53,950700,1425.0,1398.0,1933.0,1204.0
2026-07-27 09:57:01,2026-07-27 09:41,1419.5,1404.5,1.07,1213400,1425.0,1398.0,1933.0,1204.0
2026-07-27 10:00:37,2026-07-27 09:45,1422.0,1404.5,1.25,1344500,1425.0,1398.0,1933.0,1204.0
2026-07-27 10:06:15,2026-07-27 09:51,1424.5,1404.5,1.42,1456000,1425.0,1398.0,1933.0,1204.0
2026-07-27 10:10:40,2026-07-27 09:55,1435.5,1404.5,2.21,1575600,1436.5,1398.0,1933.0,1204.0
2026-07-27 10:15:31,2026-07-27 10:00,1437.5,1404.5,2.35,1914100,1443.0,1398.0,1933.0,1204.0
2026-07-27 10:20:34,2026-07-27 10:05,1436.0,1404.5,2.24,2057900,1443.0,1398.0,1933.0,1204.0
2026-07-27 10:25:34,2026-07-27 10:10,1438.0,1404.5,2.39,2105100,1443.0,1398.0,1933.0,1204.0
2026-07-27 10:30:32,2026-07-27 10:15,1435.0,1404.5,2.17,2159800,1443.0,1398.0,1933.0,1204.0
2026-07-27 10:35:30,2026-07-27 10:20,1438.5,1404.5,2.42,2206400,1443.0,1398.0,1933.0,1204.0
2026-07-27 10:40:42,2026-07-27 10:25,1436.5,1404.5,2.28,2247800,1443.0,1398.0,1933.0,1204.0
2026-07-27 10:47:35,2026-07-27 10:32,1441.5,1404.5,2.63,2482800,1445.0,1398.0,1933.0,1204.0
2026-07-27 10:50:47,2026-07-27 10:35,1443.5,1404.5,2.78,2501900,1445.0,1398.0,1933.0,1204.0
2026-07-27 10:55:54,2026-07-27 10:40,1445.0,1404.5,2.88,2536100,1446.5,1398.0,1933.0,1204.0
2026-07-27 11:00:35,2026-07-27 10:45,1445.0,1404.5,2.88,2571100,1446.5,1398.0,1933.0,1204.0
2026-07-27 11:06:02,2026-07-27 10:50,1443.5,1404.5,2.78,2594600,1446.5,1398.0,1933.0,1204.0
2026-07-27 11:10:48,2026-07-27 10:55,1446.5,1404.5,2.99,2631500,1446.5,1398.0,1933.0,1204.0
2026-07-27 11:15:33,2026-07-27 11:00,1452.5,1404.5,3.42,2682500,1452.5,1398.0,1933.0,1204.0
2026-07-27 11:20:37,2026-07-27 11:05,1461.5,1404.5,4.06,2808700,1462.0,1398.0,1933.0,1204.0
2026-07-27 11:25:38,2026-07-27 11:10,1464.5,1404.5,4.27,2925700,1468.0,1398.0,1933.0,1204.0
2026-07-27 11:30:42,2026-07-27 11:15,1466.5,1404.5,4.41,3048400,1470.0,1398.0,1933.0,1204.0
2026-07-27 12:30:36,2026-07-27 11:30,1470.0,1404.5,4.66,3177500,1470.5,1398.0,1933.0,1204.0
2026-07-27 12:37:00,2026-07-27 11:30,1470.0,1404.5,4.66,3177500,1470.5,1398.0,1933.0,1204.0
2026-07-27 12:40:43,2026-07-27 11:30,1470.0,1404.5,4.66,3177500,1470.5,1398.0,1933.0,1204.0
2026-07-27 12:45:36,2026-07-27 12:30,1459.0,1404.5,3.88,3263800,1470.5,1398.0,1933.0,1204.0
2026-07-27 12:50:38,2026-07-27 12:35,1453.0,1404.5,3.45,3351500,1470.5,1398.0,1933.0,1204.0
2026-07-27 12:55:40,2026-07-27 12:40,1446.5,1404.5,2.99,3391300,1470.5,1398.0,1933.0,1204.0
2026-07-27 13:00:41,2026-07-27 12:45,1445.5,1404.5,2.92,3437700,1470.5,1398.0,1933.0,1204.0
2026-07-27 13:06:50,2026-07-27 12:51,1442.0,1404.5,2.67,3496700,1470.5,1398.0,1933.0,1204.0
2026-07-27 13:10:35,2026-07-27 12:55,1443.5,1404.5,2.78,3545600,1470.5,1398.0,1933.0,1204.0
2026-07-27 13:15:33,2026-07-27 13:00,1449.0,1404.5,3.17,3605900,1470.5,1398.0,1933.0,1204.0
2026-07-27 13:20:36,2026-07-27 13:05,1452.5,1404.5,3.42,3640400,1470.5,1398.0,1933.0,1204.0
2026-07-27 13:26:56,2026-07-27 13:11,1450.5,1404.5,3.28,3682200,1470.5,1398.0,1933.0,1204.0
2026-07-27 13:32:07,2026-07-27 13:17,1449.5,1404.5,3.2,3719600,1470.5,1398.0,1933.0,1204.0
2026-07-27 13:35:47,2026-07-27 13:20,1450.0,1404.5,3.24,3739500,1470.5,1398.0,1933.0,1204.0
2026-07-27 13:40:35,2026-07-27 13:25,1452.0,1404.5,3.38,3779500,1470.5,1398.0,1933.0,1204.0
2026-07-27 13:45:42,2026-07-27 13:30,1455.5,1404.5,3.63,3820200,1470.5,1398.0,1933.0,1204.0
2026-07-27 13:50:36,2026-07-27 13:35,1458.0,1404.5,3.81,3842600,1470.5,1398.0,1933.0,1204.0
2026-07-27 13:55:31,2026-07-27 13:40,1459.0,1404.5,3.88,3884400,1470.5,1398.0,1933.0,1204.0
2026-07-27 14:00:34,2026-07-27 13:45,1460.0,1404.5,3.95,3919200,1470.5,1398.0,1933.0,1204.0
2026-07-27 14:05:32,2026-07-27 13:50,1459.5,1404.5,3.92,3966100,1470.5,1398.0,1933.0,1204.0
2026-07-27 14:10:38,2026-07-27 13:55,1458.0,1404.5,3.81,4007400,1470.5,1398.0,1933.0,1204.0
2026-07-27 14:17:04,2026-07-27 14:02,1457.5,1404.5,3.77,4044100,1470.5,1398.0,1933.0,1204.0
2026-07-27 14:20:31,2026-07-27 14:05,1459.0,1404.5,3.88,4069600,1470.5,1398.0,1933.0,1204.0
2026-07-27 14:25:39,2026-07-27 14:10,1460.0,1404.5,3.95,4114100,1470.5,1398.0,1933.0,1204.0
2026-07-27 14:30:31,2026-07-27 14:15,1459.0,1404.5,3.88,4143900,1470.5,1398.0,1933.0,1204.0
2026-07-27 14:36:51,2026-07-27 14:21,1458.5,1404.5,3.84,4195200,1470.5,1398.0,1933.0,1204.0
2026-07-27 14:40:35,2026-07-27 14:25,1457.5,1404.5,3.77,4475500,1470.5,1398.0,1933.0,1204.0
2026-07-27 14:45:34,2026-07-27 14:30,1457.0,1404.5,3.74,4509600,1470.5,1398.0,1933.0,1204.0
2026-07-27 14:50:44,2026-07-27 14:35,1457.0,1404.5,3.74,4535700,1470.5,1398.0,1933.0,1204.0
2026-07-27 14:56:55,2026-07-27 14:41,1462.0,1404.5,4.09,4583300,1470.5,1398.0,1933.0,1204.0
2026-07-27 15:00:39,2026-07-27 14:45,1466.5,1404.5,4.41,4614700,1470.5,1398.0,1933.0,1204.0
2026-07-27 15:05:35,2026-07-27 14:50,1468.0,1404.5,4.52,4662100,1470.5,1398.0,1933.0,1204.0
2026-07-27 15:10:44,2026-07-27 14:55,1469.0,1404.5,4.59,4699500,1470.5,1398.0,1933.0,1204.0
2026-07-27 15:17:11,2026-07-27 15:02,1472.0,1404.5,4.81,4756600,1472.5,1398.0,1933.0,1204.0
2026-07-27 15:21:58,2026-07-27 15:06,1467.0,1404.5,4.45,4810900,1472.5,1398.0,1933.0,1204.0
2026-07-27 15:25:34,2026-07-27 15:10,1471.5,1404.5,4.77,4844800,1472.5,1398.0,1933.0,1204.0
2026-07-27 15:30:52,2026-07-27 15:15,1473.5,1404.5,4.91,4895700,1473.5,1398.0,1933.0,1204.0
2026-07-27 15:40:40,2026-07-27 15:24,1468.0,1404.5,4.52,5046300,1474.0,1398.0,1933.0,1204.0
2026-07-28 09:05:33,2026-07-27 15:30,1472.5,1404.5,4.84,6312800,1474.0,1398.0,1933.0,1204.0
2026-07-28 09:10:37,2026-07-27 15:30,1472.5,1404.5,4.84,6312800,1474.0,1398.0,1933.0,1204.0
2026-07-28 09:15:31,2026-07-27 15:30,1472.5,1404.5,4.84,6312800,1474.0,1398.0,1933.0,1204.0
2026-07-28 09:20:38,2026-07-28 09:05,1495.0,1472.5,1.53,847000,1521.5,1490.5,1933.0,1204.0
2026-07-28 09:25:38,2026-07-28 09:10,1506.0,1472.5,2.28,1149900,1521.5,1490.5,1933.0,1204.0
2026-07-28 09:30:37,2026-07-28 09:15,1511.5,1472.5,2.65,1308500,1521.5,1490.5,1933.0,1204.0
2026-07-28 09:35:48,2026-07-28 09:20,1511.0,1472.5,2.61,1478500,1521.5,1490.5,1933.0,1204.0
2026-07-28 09:40:35,2026-07-28 09:25,1505.0,1472.5,2.21,1567600,1521.5,1490.5,1933.0,1204.0
2026-07-28 09:45:51,2026-07-28 09:30,1504.0,1472.5,2.14,1630600,1521.5,1490.5,1933.0,1204.0
2026-07-28 09:50:31,2026-07-28 09:35,1497.0,1472.5,1.66,1719500,1521.5,1490.5,1933.0,1204.0
2026-07-28 09:55:32,2026-07-28 09:40,1489.5,1472.5,1.15,1840500,1521.5,1489.5,1933.0,1204.0
2026-07-28 10:00:44,2026-07-28 09:45,1483.0,1472.5,0.71,1932900,1521.5,1478.0,1933.0,1204.0
2026-07-28 10:05:44,2026-07-28 09:50,1484.5,1472.5,0.81,2007500,1521.5,1478.0,1933.0,1204.0
2026-07-28 10:10:42,2026-07-28 09:55,1486.0,1472.5,0.92,2099900,1521.5,1478.0,1933.0,1204.0
2026-07-28 10:15:31,2026-07-28 10:00,1484.0,1472.5,0.78,2143800,1521.5,1478.0,1933.0,1204.0
2026-07-28 10:20:46,2026-07-28 10:05,1495.5,1472.5,1.56,2199300,1521.5,1478.0,1933.0,1204.0
2026-07-28 10:25:44,2026-07-28 10:10,1498.0,1472.5,1.73,2263500,1521.5,1478.0,1933.0,1204.0
2026-07-28 10:30:31,2026-07-28 10:15,1496.5,1472.5,1.63,2292800,1521.5,1478.0,1933.0,1204.0
2026-07-28 10:35:38,2026-07-28 10:20,1494.5,1472.5,1.49,2347700,1521.5,1478.0,1933.0,1204.0
2026-07-28 10:40:36,2026-07-28 10:25,1496.0,1472.5,1.6,2401500,1521.5,1478.0,1933.0,1204.0
2026-07-28 10:45:33,2026-07-28 10:30,1499.0,1472.5,1.8,2441600,1521.5,1478.0,1933.0,1204.0
2026-07-28 10:50:29,2026-07-28 10:35,1499.0,1472.5,1.8,2494000,1521.5,1478.0,1933.0,1204.0
2026-07-28 10:55:39,2026-07-28 10:40,1498.5,1472.5,1.77,2532200,1521.5,1478.0,1933.0,1204.0
2026-07-28 11:00:37,2026-07-28 10:45,1499.0,1472.5,1.8,2561900,1521.5,1478.0,1933.0,1204.0
2026-07-28 11:05:48,2026-07-28 10:50,1495.5,1472.5,1.56,2609900,1521.5,1478.0,1933.0,1204.0
2026-07-28 11:10:35,2026-07-28 10:55,1498.5,1472.5,1.77,2661600,1521.5,1478.0,1933.0,1204.0
2026-07-28 11:15:43,2026-07-28 11:00,1504.0,1472.5,2.14,2718600,1521.5,1478.0,1933.0,1204.0
2026-07-28 11:20:39,2026-07-28 11:05,1502.5,1472.5,2.04,2768400,1521.5,1478.0,1933.0,1204.0
2026-07-28 11:25:36,2026-07-28 11:10,1507.0,1472.5,2.34,2820000,1521.5,1478.0,1933.0,1204.0
2026-07-28 11:30:36,2026-07-28 11:15,1508.5,1472.5,2.44,2873800,1521.5,1478.0,1933.0,1204.0
2026-07-28 12:30:29,2026-07-28 11:30,1514.5,1472.5,2.85,3071100,1521.5,1478.0,1933.0,1204.0
2026-07-28 12:35:36,2026-07-28 11:30,1514.5,1472.5,2.85,3071100,1521.5,1478.0,1933.0,1204.0
2026-07-28 12:40:41,2026-07-28 11:30,1514.5,1472.5,2.85,3071100,1521.5,1478.0,1933.0,1204.0
2026-07-28 12:45:31,2026-07-28 12:30,1505.5,1472.5,2.24,3180600,1521.5,1478.0,1933.0,1204.0
2026-07-28 12:50:48,2026-07-28 12:35,1514.0,1472.5,2.82,3269100,1521.5,1478.0,1933.0,1204.0
2026-07-28 12:55:39,2026-07-28 12:40,1513.0,1472.5,2.75,3329200,1521.5,1478.0,1933.0,1204.0
2026-07-28 13:00:37,2026-07-28 12:45,1512.0,1472.5,2.68,3377300,1521.5,1478.0,1933.0,1204.0
2026-07-28 13:05:32,2026-07-28 12:50,1513.5,1472.5,2.78,3410200,1521.5,1478.0,1933.0,1204.0
2026-07-28 13:10:42,2026-07-28 12:55,1512.0,1472.5,2.68,3440300,1521.5,1478.0,1933.0,1204.0
2026-07-28 13:15:33,2026-07-28 13:00,1514.0,1472.5,2.82,3508000,1521.5,1478.0,1933.0,1204.0
2026-07-28 13:20:35,2026-07-28 13:05,1518.5,1472.5,3.12,3559600,1521.5,1478.0,1933.0,1204.0
2026-07-28 13:25:42,2026-07-28 13:10,1518.0,1472.5,3.09,3654500,1522.0,1478.0,1933.0,1204.0
2026-07-28 13:30:38,2026-07-28 13:15,1520.5,1472.5,3.26,3864900,1523.5,1478.0,1933.0,1204.0
2026-07-28 13:35:36,2026-07-28 13:20,1517.0,1472.5,3.02,3927500,1523.5,1478.0,1933.0,1204.0
2026-07-28 13:40:37,2026-07-28 13:25,1517.5,1472.5,3.06,3952600,1523.5,1478.0,1933.0,1204.0
2026-07-28 13:45:32,2026-07-28 13:30,1521.5,1472.5,3.33,3983400,1523.5,1478.0,1933.0,1204.0
2026-07-28 13:50:42,2026-07-28 13:35,1521.5,1472.5,3.33,4011700,1523.5,1478.0,1933.0,1204.0
2026-07-28 13:55:40,2026-07-28 13:40,1518.0,1472.5,3.09,4081700,1523.5,1478.0,1933.0,1204.0
2026-07-28 14:00:31,2026-07-28 13:44,1517.0,1472.5,3.02,4126800,1523.5,1478.0,1933.0,1204.0
2026-07-28 14:05:45,2026-07-28 13:50,1517.0,1472.5,3.02,4168400,1523.5,1478.0,1933.0,1204.0
2026-07-28 14:10:34,2026-07-28 13:55,1515.0,1472.5,2.89,4218300,1523.5,1478.0,1933.0,1204.0
2026-07-28 14:15:32,2026-07-28 14:00,1515.5,1472.5,2.92,4251400,1523.5,1478.0,1933.0,1204.0
2026-07-28 14:20:39,2026-07-28 14:05,1518.5,1472.5,3.12,4335000,1523.5,1478.0,1933.0,1204.0
2026-07-28 14:25:36,2026-07-28 14:10,1516.0,1472.5,2.95,4381000,1523.5,1478.0,1933.0,1204.0
2026-07-28 14:30:33,2026-07-28 14:15,1513.5,1472.5,2.78,4423700,1523.5,1478.0,1933.0,1204.0
2026-07-28 14:35:51,2026-07-28 14:20,1515.0,1472.5,2.89,4459300,1523.5,1478.0,1933.0,1204.0
2026-07-28 14:40:40,2026-07-28 14:25,1516.5,1472.5,2.99,4492900,1523.5,1478.0,1933.0,1204.0
2026-07-28 14:45:31,2026-07-28 14:30,1517.0,1472.5,3.02,4521300,1523.5,1478.0,1933.0,1204.0
2026-07-28 14:50:39,2026-07-28 14:35,1511.0,1472.5,2.61,4599300,1523.5,1478.0,1933.0,1204.0
2026-07-28 14:55:36,2026-07-28 14:40,1513.0,1472.5,2.75,4653800,1523.5,1478.0,1933.0,1204.0
2026-07-28 15:00:41,2026-07-28 14:45,1509.0,1472.5,2.48,4716000,1523.5,1478.0,1933.0,1204.0
2026-07-28 15:05:49,2026-07-28 14:50,1509.5,1472.5,2.51,4750900,1523.5,1478.0,1933.0,1204.0
2026-07-28 15:10:50,2026-07-28 14:55,1511.0,1472.5,2.61,4791500,1523.5,1478.0,1933.0,1204.0
2026-07-28 15:15:48,2026-07-28 15:00,1512.0,1472.5,2.68,4819100,1523.5,1478.0,1933.0,1204.0
2026-07-28 15:20:41,2026-07-28 15:05,1506.0,1472.5,2.28,4877000,1523.5,1478.0,1933.0,1204.0
2026-07-28 15:25:36,2026-07-28 15:10,1507.0,1472.5,2.34,4920400,1523.5,1478.0,1933.0,1204.0
2026-07-28 15:30:37,2026-07-28 15:15,1511.0,1472.5,2.61,5130500,1523.5,1478.0,1933.0,1204.0
2026-07-28 15:40:35,2026-07-28 15:24,1510.0,1472.5,2.55,5403300,1523.5,1478.0,1933.0,1204.0
2026-07-29 09:10:45,2026-07-28 15:30,1515.5,1472.5,2.92,6571600,1523.5,1478.0,1933.0,1204.0
2026-07-29 09:15:31,2026-07-29 09:00,1515.5,1472.5,2.92,6755900,1549.0,1532.5,1933.0,1204.0
2026-07-29 09:20:38,2026-07-29 09:05,1528.5,1515.5,0.86,412100,1549.0,1525.5,1933.0,1204.0
2026-07-29 09:25:35,2026-07-29 09:10,1519.0,1515.5,0.23,467700,1549.0,1518.5,1933.0,1204.0
2026-07-29 09:30:32,2026-07-29 09:15,1511.0,1515.5,-0.3,635900,1549.0,1508.5,1933.0,1204.0
2026-07-29 09:35:50,2026-07-29 09:20,1509.0,1515.5,-0.43,688700,1549.0,1508.5,1933.0,1204.0
2026-07-29 09:40:36,2026-07-29 09:25,1519.0,1515.5,0.23,728800,1549.0,1508.0,1933.0,1204.0
2026-07-29 09:45:43,2026-07-29 09:30,1532.5,1515.5,1.12,860800,1549.0,1508.0,1933.0,1204.0
2026-07-29 09:50:38,2026-07-29 09:35,1541.0,1515.5,1.68,953100,1549.0,1508.0,1933.0,1204.0
2026-07-29 09:55:40,2026-07-29 09:40,1557.0,1515.5,2.74,1157100,1557.5,1508.0,1933.0,1204.0
2026-07-29 10:00:36,2026-07-29 09:45,1553.0,1515.5,2.47,1243200,1557.5,1508.0,1933.0,1204.0
2026-07-29 10:05:35,2026-07-29 09:50,1556.0,1515.5,2.67,1328400,1561.0,1508.0,1933.0,1204.0
2026-07-29 10:10:43,2026-07-29 09:55,1547.0,1515.5,2.08,1395500,1561.0,1508.0,1933.0,1204.0
2026-07-29 10:15:40,2026-07-29 10:00,1555.0,1515.5,2.61,1457300,1561.0,1508.0,1933.0,1204.0
2026-07-29 10:20:34,2026-07-29 10:05,1547.0,1515.5,2.08,1512700,1561.0,1508.0,1933.0,1204.0
2026-07-29 10:25:36,2026-07-29 10:10,1548.0,1515.5,2.14,1552900,1561.0,1508.0,1933.0,1204.0
2026-07-29 10:30:31,2026-07-29 10:15,1555.0,1515.5,2.61,1649700,1561.0,1508.0,1933.0,1204.0
2026-07-29 10:35:34,2026-07-29 10:20,1564.0,1515.5,3.2,1715900,1565.5,1508.0,1933.0,1204.0
2026-07-29 10:40:36,2026-07-29 10:25,1559.0,1515.5,2.87,1852300,1570.0,1508.0,1933.0,1204.0
2026-07-29 10:45:32,2026-07-29 10:30,1559.5,1515.5,2.9,1899800,1570.0,1508.0,1933.0,1204.0
2026-07-29 10:50:45,2026-07-29 10:35,1563.0,1515.5,3.13,1935100,1570.0,1508.0,1933.0,1204.0
2026-07-29 10:55:35,2026-07-29 10:40,1564.5,1515.5,3.23,1954700,1570.0,1508.0,1933.0,1204.0
2026-07-29 11:00:47,2026-07-29 10:45,1561.0,1515.5,3.0,1986800,1570.0,1508.0,1933.0,1204.0
2026-07-29 11:05:47,2026-07-29 10:50,1560.5,1515.5,2.97,2011100,1570.0,1508.0,1933.0,1204.0
2026-07-29 11:10:38,2026-07-29 10:55,1568.5,1515.5,3.5,2028200,1570.0,1508.0,1933.0,1204.0
2026-07-29 11:15:32,2026-07-29 11:00,1564.5,1515.5,3.23,2048800,1570.0,1508.0,1933.0,1204.0
2026-07-29 11:20:37,2026-07-29 11:05,1564.0,1515.5,3.2,2075400,1570.0,1508.0,1933.0,1204.0
2026-07-29 11:25:32,2026-07-29 11:10,1565.5,1515.5,3.3,2104400,1570.0,1508.0,1933.0,1204.0
2026-07-29 11:30:43,2026-07-29 11:15,1571.0,1515.5,3.66,2181900,1574.5,1508.0,1933.0,1204.0
2026-07-29 12:30:41,2026-07-29 11:30,1570.5,1515.5,3.63,2276300,1574.5,1508.0,1933.0,1204.0
2026-07-29 12:35:36,2026-07-29 11:30,1570.5,1515.5,3.63,2276300,1574.5,1508.0,1933.0,1204.0
2026-07-29 12:40:35,2026-07-29 11:30,1570.5,1515.5,3.63,2276300,1574.5,1508.0,1933.0,1204.0
2026-07-29 12:45:41,2026-07-29 12:30,1568.0,1515.5,3.46,2386400,1575.0,1508.0,1933.0,1204.0
2026-07-29 12:50:34,2026-07-29 12:35,1570.5,1515.5,3.63,2451000,1575.0,1508.0,1933.0,1204.0
2026-07-29 12:55:31,2026-07-29 12:40,1569.5,1515.5,3.56,2508700,1575.0,1508.0,1933.0,1204.0
2026-07-29 13:00:36,2026-07-29 12:45,1567.5,1515.5,3.43,2582900,1575.0,1508.0,1933.0,1204.0
2026-07-29 13:05:39,2026-07-29 12:50,1571.0,1515.5,3.66,2611400,1575.0,1508.0,1933.0,1204.0
2026-07-29 13:10:47,2026-07-29 12:55,1572.5,1515.5,3.76,2643000,1575.0,1508.0,1933.0,1204.0
2026-07-29 13:15:34,2026-07-29 13:00,1575.0,1515.5,3.93,2717700,1577.0,1508.0,1933.0,1204.0
2026-07-29 13:20:34,2026-07-29 13:05,1584.0,1515.5,4.52,2806800,1584.0,1508.0,1933.0,1204.0
2026-07-29 13:25:41,2026-07-29 13:10,1584.0,1515.5,4.52,2887800,1588.5,1508.0,1933.0,1204.0
2026-07-29 13:30:37,2026-07-29 13:15,1584.0,1515.5,4.52,2956800,1588.5,1508.0,1933.0,1204.0
2026-07-29 13:35:43,2026-07-29 13:20,1583.0,1515.5,4.45,3018000,1588.5,1508.0,1933.0,1204.0
2026-07-29 13:40:44,2026-07-29 13:25,1582.0,1515.5,4.39,3065400,1588.5,1508.0,1933.0,1204.0
2026-07-29 13:45:46,2026-07-29 13:30,1580.0,1515.5,4.26,3112400,1588.5,1508.0,1933.0,1204.0
2026-07-29 13:50:30,2026-07-29 13:35,1581.5,1515.5,4.35,3145000,1588.5,1508.0,1933.0,1204.0
2026-07-29 13:55:39,2026-07-29 13:40,1583.5,1515.5,4.49,3176700,1588.5,1508.0,1933.0,1204.0
2026-07-29 14:00:32,2026-07-29 13:45,1583.0,1515.5,4.45,3226700,1588.5,1508.0,1933.0,1204.0
2026-07-29 14:05:44,2026-07-29 13:50,1580.5,1515.5,4.29,3263200,1588.5,1508.0,1933.0,1204.0
2026-07-29 14:10:38,2026-07-29 13:55,1575.5,1515.5,3.96,3300200,1588.5,1508.0,1933.0,1204.0
2026-07-29 14:15:36,2026-07-29 14:00,1573.5,1515.5,3.83,3349900,1588.5,1508.0,1933.0,1204.0
2026-07-29 14:20:44,2026-07-29 14:05,1573.0,1515.5,3.79,3391900,1588.5,1508.0,1933.0,1204.0
2026-07-29 14:25:43,2026-07-29 14:10,1570.5,1515.5,3.63,3438000,1588.5,1508.0,1933.0,1204.0
2026-07-29 14:30:41,2026-07-29 14:15,1576.0,1515.5,3.99,3469300,1588.5,1508.0,1933.0,1204.0
2026-07-29 14:35:48,2026-07-29 14:20,1577.5,1515.5,4.09,3517900,1588.5,1508.0,1933.0,1204.0
2026-07-29 14:40:31,2026-07-29 14:25,1574.5,1515.5,3.89,3552600,1588.5,1508.0,1933.0,1204.0
2026-07-29 14:45:43,2026-07-29 14:30,1574.5,1515.5,3.89,3606100,1588.5,1508.0,1933.0,1204.0
2026-07-29 14:50:48,2026-07-29 14:35,1574.5,1515.5,3.89,3648100,1588.5,1508.0,1933.0,1204.0
2026-07-29 14:55:34,2026-07-29 14:40,1574.5,1515.5,3.89,3676700,1588.5,1508.0,1933.0,1204.0
2026-07-29 15:00:35,2026-07-29 14:45,1576.5,1515.5,4.03,3710600,1588.5,1508.0,1933.0,1204.0
2026-07-29 15:05:42,2026-07-29 14:50,1578.5,1515.5,4.16,3751300,1588.5,1508.0,1933.0,1204.0
2026-07-29 15:10:41,2026-07-29 14:55,1579.0,1515.5,4.19,3784500,1588.5,1508.0,1933.0,1204.0
2026-07-29 15:15:52,2026-07-29 15:00,1582.0,1515.5,4.39,3841100,1588.5,1508.0,1933.0,1204.0
2026-07-29 15:20:40,2026-07-29 15:05,1579.0,1515.5,4.19,3892600,1588.5,1508.0,1933.0,1204.0
2026-07-29 15:25:34,2026-07-29 15:10,1576.5,1515.5,4.03,3953100,1588.5,1508.0,1933.0,1204.0
2026-07-29 15:30:40,2026-07-29 15:15,1581.0,1515.5,4.32,4037100,1588.5,1508.0,1933.0,1204.0
2026-07-29 15:40:38,2026-07-29 15:24,1575.5,1515.5,3.96,4230700,1588.5,1508.0,1933.0,1204.0
2026-07-30 09:05:39,2026-07-29 15:30,1576.0,1515.5,3.99,5887800,1588.5,1508.0,1933.0,1204.0
2026-07-30 09:10:43,2026-07-29 15:30,1576.0,1515.5,3.99,5887800,1588.5,1508.0,1933.0,1204.0
2026-07-30 09:15:32,2026-07-30 09:00,1576.0,1515.5,3.99,6013500,1580.5,1573.0,1933.0,1204.0
2026-07-30 09:20:33,2026-07-30 09:05,1574.5,1576.0,-0.1,280100,1586.5,1573.0,1933.0,1204.0
2026-07-30 09:25:31,2026-07-30 09:10,1570.5,1576.0,-0.35,411200,1586.5,1567.0,1933.0,1204.0
2026-07-30 09:30:34,2026-07-30 09:15,1566.0,1576.0,-0.63,473500,1586.5,1564.0,1933.0,1204.0
2026-07-30 09:35:45,2026-07-30 09:20,1558.5,1576.0,-1.11,555700,1586.5,1555.0,1933.0,1204.0
2026-07-30 09:40:45,2026-07-30 09:25,1534.5,1576.0,-2.63,877900,1586.5,1532.5,1933.0,1204.0
2026-07-30 09:45:32,2026-07-30 09:30,1543.0,1576.0,-2.09,996600,1586.5,1528.5,1933.0,1204.0
2026-07-30 09:50:39,2026-07-30 09:35,1535.5,1576.0,-2.57,1074900,1586.5,1528.5,1933.0,1204.0
2026-07-30 09:55:43,2026-07-30 09:40,1534.0,1576.0,-2.66,1116000,1586.5,1528.5,1933.0,1204.0
2026-07-30 10:00:37,2026-07-30 09:45,1533.0,1576.0,-2.73,1173000,1586.5,1528.5,1933.0,1204.0
2026-07-30 10:05:39,2026-07-30 09:50,1538.5,1576.0,-2.38,1220700,1586.5,1528.5,1933.0,1204.0
2026-07-30 10:10:51,2026-07-30 09:55,1540.0,1576.0,-2.28,1248800,1586.5,1528.5,1933.0,1204.0
2026-07-30 10:15:31,2026-07-30 10:00,1543.5,1576.0,-2.06,1283900,1586.5,1528.5,1933.0,1204.0
2026-07-30 10:20:37,2026-07-30 10:05,1541.0,1576.0,-2.22,1310800,1586.5,1528.5,1933.0,1204.0
2026-07-30 10:25:31,2026-07-30 10:10,1540.0,1576.0,-2.28,1330000,1586.5,1528.5,1933.0,1204.0
2026-07-30 10:30:35,2026-07-30 10:15,1540.5,1576.0,-2.25,1373300,1586.5,1528.5,1933.0,1204.0
2026-07-30 10:35:31,2026-07-30 10:20,1540.0,1576.0,-2.28,1410000,1586.5,1528.5,1933.0,1204.0
2026-07-30 10:40:32,2026-07-30 10:25,1540.0,1576.0,-2.28,1425200,1586.5,1528.5,1933.0,1204.0
2026-07-30 10:45:30,2026-07-30 10:30,1536.0,1576.0,-2.54,1447300,1586.5,1528.5,1933.0,1204.0
2026-07-30 10:50:33,2026-07-30 10:35,1537.0,1576.0,-2.47,1463300,1586.5,1528.5,1933.0,1204.0
2026-07-30 10:55:39,2026-07-30 10:40,1536.0,1576.0,-2.54,1557400,1586.5,1528.5,1933.0,1204.0
2026-07-30 11:00:42,2026-07-30 10:45,1533.5,1576.0,-2.7,1611800,1586.5,1528.5,1933.0,1204.0
2026-07-30 11:05:39,2026-07-30 10:50,1534.5,1576.0,-2.63,1624100,1586.5,1528.5,1933.0,1204.0
2026-07-30 11:10:54,2026-07-30 10:55,1534.5,1576.0,-2.63,1644400,1586.5,1528.5,1933.0,1204.0
2026-07-30 11:15:35,2026-07-30 11:00,1533.0,1576.0,-2.73,1658400,1586.5,1528.5,1933.0,1204.0
2026-07-30 11:20:35,2026-07-30 11:05,1534.0,1576.0,-2.66,1681900,1586.5,1528.5,1933.0,1204.0
2026-07-30 11:25:32,2026-07-30 11:10,1533.5,1576.0,-2.7,1704900,1586.5,1528.5,1933.0,1204.0
2026-07-30 11:30:39,2026-07-30 11:15,1531.5,1576.0,-2.82,1734800,1586.5,1528.5,1933.0,1204.0
2026-07-30 12:30:32,2026-07-30 11:30,1532.5,1576.0,-2.76,1828600,1586.5,1528.5,1933.0,1204.0
2026-07-30 12:35:38,2026-07-30 11:30,1532.5,1576.0,-2.76,1828600,1586.5,1528.5,1933.0,1204.0
2026-07-30 12:40:34,2026-07-30 11:30,1532.5,1576.0,-2.76,1828600,1586.5,1528.5,1933.0,1204.0
2026-07-30 12:45:37,2026-07-30 12:30,1540.5,1576.0,-2.25,1958700,1586.5,1528.5,1933.0,1204.0
2026-07-30 12:50:32,2026-07-30 12:35,1540.5,1576.0,-2.25,2022000,1586.5,1528.5,1933.0,1204.0
2026-07-30 12:55:43,2026-07-30 12:40,1546.5,1576.0,-1.87,2060200,1586.5,1528.5,1933.0,1204.0
2026-07-30 13:00:44,2026-07-30 12:45,1544.5,1576.0,-2.0,2101100,1586.5,1528.5,1933.0,1204.0
2026-07-30 13:05:30,2026-07-30 12:50,1546.5,1576.0,-1.87,2131800,1586.5,1528.5,1933.0,1204.0
2026-07-30 13:10:40,2026-07-30 12:55,1545.5,1576.0,-1.94,2162000,1586.5,1528.5,1933.0,1204.0
2026-07-30 13:15:36,2026-07-30 13:00,1542.0,1576.0,-2.16,2196500,1586.5,1528.5,1933.0,1204.0
2026-07-30 13:20:30,2026-07-30 13:05,1542.0,1576.0,-2.16,2219400,1586.5,1528.5,1933.0,1204.0
2026-07-30 13:25:34,2026-07-30 13:10,1542.5,1576.0,-2.13,2250900,1586.5,1528.5,1933.0,1204.0
2026-07-30 13:30:34,2026-07-30 13:15,1543.0,1576.0,-2.09,2269500,1586.5,1528.5,1933.0,1204.0
2026-07-30 13:35:33,2026-07-30 13:20,1542.0,1576.0,-2.16,2287100,1586.5,1528.5,1933.0,1204.0
2026-07-30 13:40:31,2026-07-30 13:25,1547.0,1576.0,-1.84,2316900,1586.5,1528.5,1933.0,1204.0
2026-07-30 13:45:32,2026-07-30 13:30,1545.0,1576.0,-1.97,2348000,1586.5,1528.5,1933.0,1204.0
2026-07-30 13:50:35,2026-07-30 13:35,1547.0,1576.0,-1.84,2375500,1586.5,1528.5,1933.0,1204.0
2026-07-30 13:55:41,2026-07-30 13:40,1547.0,1576.0,-1.84,2402200,1586.5,1528.5,1933.0,1204.0
2026-07-30 14:00:51,2026-07-30 13:45,1546.5,1576.0,-1.87,2415800,1586.5,1528.5,1933.0,1204.0
2026-07-30 14:05:37,2026-07-30 13:50,1547.5,1576.0,-1.81,2437500,1586.5,1528.5,1933.0,1204.0
2026-07-30 14:10:31,2026-07-30 13:55,1544.5,1576.0,-2.0,2462500,1586.5,1528.5,1933.0,1204.0
2026-07-30 14:15:31,2026-07-30 14:00,1541.0,1576.0,-2.22,2488400,1586.5,1528.5,1933.0,1204.0
2026-07-30 14:20:28,2026-07-30 14:05,1540.5,1576.0,-2.25,2509200,1586.5,1528.5,1933.0,1204.0
2026-07-30 14:25:39,2026-07-30 14:10,1537.0,1576.0,-2.47,2537500,1586.5,1528.5,1933.0,1204.0
2026-07-30 14:30:39,2026-07-30 14:15,1537.5,1576.0,-2.44,2560800,1586.5,1528.5,1933.0,1204.0
2026-07-30 14:35:31,2026-07-30 14:20,1540.0,1576.0,-2.28,2586100,1586.5,1528.5,1933.0,1204.0
2026-07-30 14:40:45,2026-07-30 14:25,1539.0,1576.0,-2.35,2605000,1586.5,1528.5,1933.0,1204.0
2026-07-30 14:45:30,2026-07-30 14:30,1538.0,1576.0,-2.41,2620600,1586.5,1528.5,1933.0,1204.0
2026-07-30 14:50:40,2026-07-30 14:35,1538.0,1576.0,-2.41,2650100,1586.5,1528.5,1933.0,1204.0
2026-07-30 14:55:41,2026-07-30 14:40,1535.5,1576.0,-2.57,2681300,1586.5,1528.5,1933.0,1204.0
2026-07-30 15:00:32,2026-07-30 14:45,1535.0,1576.0,-2.6,2703700,1586.5,1528.5,1933.0,1204.0
2026-07-30 15:05:37,2026-07-30 14:50,1536.0,1576.0,-2.54,2745600,1586.5,1528.5,1933.0,1204.0
2026-07-30 15:10:51,2026-07-30 14:55,1533.0,1576.0,-2.73,2774500,1586.5,1528.5,1933.0,1204.0
2026-07-30 15:15:37,2026-07-30 15:00,1535.0,1576.0,-2.6,2811700,1586.5,1528.5,1933.0,1204.0
2026-07-30 15:20:36,2026-07-30 15:05,1535.0,1576.0,-2.6,2836300,1586.5,1528.5,1933.0,1204.0
2026-07-30 15:25:34,2026-07-30 15:10,1537.5,1576.0,-2.44,2885900,1586.5,1528.5,1933.0,1204.0
2026-07-30 15:30:38,2026-07-30 15:15,1536.5,1576.0,-2.51,2926400,1586.5,1528.5,1933.0,1204.0
2026-07-30 15:40:33,2026-07-30 15:24,1533.5,1576.0,-2.7,3049300,1586.5,1528.5,1933.0,1204.0
2026-07-31 09:05:36,2026-07-30 15:30,1536.0,1576.0,-2.54,3980400,1586.5,1528.5,1933.0,1204.0
2026-07-31 09:10:46,2026-07-30 15:30,1536.0,1576.0,-2.54,3980400,1586.5,1528.5,1933.0,1204.0
2026-07-31 09:15:38,2026-07-30 15:30,1536.0,1576.0,-2.54,3980400,1586.5,1528.5,1933.0,1204.0
2026-07-31 09:20:37,2026-07-30 15:30,1536.0,1576.0,-2.54,3980400,1586.5,1528.5,1933.0,1204.0
2026-07-31 09:25:38,2026-07-31 09:10,1462.5,1536.0,-4.79,849300,1463.5,1441.0,1933.0,1204.0
2026-07-31 09:30:46,2026-07-31 09:15,1464.0,1536.0,-4.69,984300,1469.0,1441.0,1933.0,1204.0
2026-07-31 09:35:41,2026-07-31 09:20,1459.0,1536.0,-5.01,1085300,1470.5,1441.0,1933.0,1204.0
2026-07-31 09:40:30,2026-07-31 09:25,1460.5,1536.0,-4.92,1202300,1470.5,1441.0,1933.0,1204.0
2026-07-31 09:45:41,2026-07-31 09:30,1463.5,1536.0,-4.72,1271200,1470.5,1441.0,1933.0,1204.0
2026-07-31 09:50:33,2026-07-31 09:35,1460.5,1536.0,-4.92,1350400,1470.5,1441.0,1933.0,1204.0
2026-07-31 09:55:34,2026-07-31 09:40,1469.5,1536.0,-4.33,1486200,1471.0,1441.0,1933.0,1204.0
2026-07-31 10:00:32,2026-07-31 09:45,1470.0,1536.0,-4.3,1594000,1471.5,1441.0,1933.0,1204.0
2026-07-31 10:05:34,2026-07-31 09:50,1466.5,1536.0,-4.52,1671900,1471.5,1441.0,1933.0,1204.0
2026-07-31 10:10:42,2026-07-31 09:55,1461.5,1536.0,-4.85,1793700,1471.5,1441.0,1933.0,1204.0
2026-07-31 10:15:31,2026-07-31 10:00,1462.0,1536.0,-4.82,1861600,1471.5,1441.0,1933.0,1204.0
2026-07-31 10:20:31,2026-07-31 10:05,1459.0,1536.0,-5.01,1921200,1471.5,1441.0,1933.0,1204.0
2026-07-31 10:25:39,2026-07-31 10:10,1457.5,1536.0,-5.11,1980100,1471.5,1441.0,1933.0,1204.0
2026-07-31 10:30:40,2026-07-31 10:15,1456.0,1536.0,-5.21,2088300,1471.5,1441.0,1933.0,1204.0
2026-07-31 10:35:34,2026-07-31 10:20,1454.0,1536.0,-5.34,2160900,1471.5,1441.0,1933.0,1204.0
2026-07-31 10:40:33,2026-07-31 10:25,1456.0,1536.0,-5.21,2209200,1471.5,1441.0,1933.0,1204.0
2026-07-31 10:45:39,2026-07-31 10:30,1453.5,1536.0,-5.37,2337000,1471.5,1441.0,1933.0,1204.0
2026-07-31 10:50:41,2026-07-31 10:35,1454.0,1536.0,-5.34,2418900,1471.5,1441.0,1933.0,1204.0
2026-07-31 10:55:31,2026-07-31 10:40,1457.5,1536.0,-5.11,2496100,1471.5,1441.0,1933.0,1204.0
2026-07-31 11:00:41,2026-07-31 10:45,1456.5,1536.0,-5.18,2528900,1471.5,1441.0,1933.0,1204.0
2026-07-31 11:05:32,2026-07-31 10:50,1455.5,1536.0,-5.24,2566600,1471.5,1441.0,1933.0,1204.0
2026-07-31 11:10:35,2026-07-31 10:55,1458.5,1536.0,-5.05,2613700,1471.5,1441.0,1933.0,1204.0
2026-07-31 11:15:39,2026-07-31 11:00,1461.5,1536.0,-4.85,2646200,1471.5,1441.0,1933.0,1204.0
2026-07-31 11:20:35,2026-07-31 11:05,1463.0,1536.0,-4.75,2697900,1471.5,1441.0,1933.0,1204.0
2026-07-31 11:25:33,2026-07-31 11:10,1464.0,1536.0,-4.69,2727500,1471.5,1441.0,1933.0,1204.0
2026-07-31 11:30:45,2026-07-31 11:15,1462.0,1536.0,-4.82,2770100,1471.5,1441.0,1933.0,1204.0
2026-07-31 12:30:48,2026-07-31 11:30,1459.0,1536.0,-5.01,2895200,1471.5,1441.0,1933.0,1204.0
2026-07-31 12:35:46,2026-07-31 11:30,1459.0,1536.0,-5.01,2895200,1471.5,1441.0,1933.0,1204.0
2026-07-31 12:40:35,2026-07-31 11:30,1459.0,1536.0,-5.01,2895200,1471.5,1441.0,1933.0,1204.0
2026-07-31 12:45:39,2026-07-31 12:30,1457.0,1536.0,-5.14,2985900,1471.5,1441.0,1933.0,1204.0
2026-07-31 12:50:32,2026-07-31 12:35,1455.5,1536.0,-5.24,3073600,1471.5,1441.0,1933.0,1204.0
2026-07-31 12:55:38,2026-07-31 12:40,1464.0,1536.0,-4.69,3139800,1471.5,1441.0,1933.0,1204.0
2026-07-31 13:00:39,2026-07-31 12:45,1464.5,1536.0,-4.65,3194400,1471.5,1441.0,1933.0,1204.0
2026-07-31 13:05:41,2026-07-31 12:50,1468.0,1536.0,-4.43,3256300,1471.5,1441.0,1933.0,1204.0
2026-07-31 13:10:30,2026-07-31 12:55,1468.5,1536.0,-4.39,3328300,1473.5,1441.0,1933.0,1204.0
2026-07-31 13:15:39,2026-07-31 13:00,1467.0,1536.0,-4.49,3385100,1473.5,1441.0,1933.0,1204.0
2026-07-31 13:20:37,2026-07-31 13:05,1465.5,1536.0,-4.59,3411800,1473.5,1441.0,1933.0,1204.0
2026-07-31 13:25:35,2026-07-31 13:10,1464.5,1536.0,-4.65,3445400,1473.5,1441.0,1933.0,1204.0
2026-07-31 13:30:30,2026-07-31 13:15,1463.5,1536.0,-4.72,3478000,1473.5,1441.0,1933.0,1204.0
2026-07-31 13:35:36,2026-07-31 13:20,1460.5,1536.0,-4.92,3510600,1473.5,1441.0,1933.0,1204.0
2026-07-31 13:40:37,2026-07-31 13:25,1459.0,1536.0,-5.01,3552400,1473.5,1441.0,1933.0,1204.0
2026-07-31 13:45:43,2026-07-31 13:30,1460.5,1536.0,-4.92,3578000,1473.5,1441.0,1933.0,1204.0
2026-07-31 13:50:35,2026-07-31 13:35,1461.0,1536.0,-4.88,3605600,1473.5,1441.0,1933.0,1204.0
2026-07-31 13:55:43,2026-07-31 13:40,1462.0,1536.0,-4.82,3642800,1473.5,1441.0,1933.0,1204.0
2026-07-31 14:00:37,2026-07-31 13:45,1465.0,1536.0,-4.62,3680100,1473.5,1441.0,1933.0,1204.0
2026-07-31 14:05:31,2026-07-31 13:50,1463.5,1536.0,-4.72,3701600,1473.5,1441.0,1933.0,1204.0
2026-07-31 14:10:31,2026-07-31 13:55,1463.5,1536.0,-4.72,3723900,1473.5,1441.0,1933.0,1204.0
2026-07-31 14:15:55,2026-07-31 14:00,1464.0,1536.0,-4.69,3747400,1473.5,1441.0,1933.0,1204.0
2026-07-31 14:20:31,2026-07-31 14:05,1464.0,1536.0,-4.69,3770600,1473.5,1441.0,1933.0,1204.0
2026-07-31 14:25:42,2026-07-31 14:10,1463.5,1536.0,-4.72,3787400,1473.5,1441.0,1933.0,1204.0
2026-07-31 14:30:41,2026-07-31 14:15,1463.0,1536.0,-4.75,3808500,1473.5,1441.0,1933.0,1204.0
2026-07-31 14:36:23,2026-07-31 14:21,1463.5,1536.0,-4.72,3847100,1473.5,1441.0,1933.0,1204.0
2026-07-31 14:40:50,2026-07-31 14:25,1463.5,1536.0,-4.72,3870400,1473.5,1441.0,1933.0,1204.0
2026-07-31 14:45:37,2026-07-31 14:30,1461.5,1536.0,-4.85,3897500,1473.5,1441.0,1933.0,1204.0
2026-07-31 14:50:31,2026-07-31 14:35,1460.5,1536.0,-4.92,3937300,1473.5,1441.0,1933.0,1204.0
2026-07-31 14:55:35,2026-07-31 14:40,1460.5,1536.0,-4.92,3986400,1473.5,1441.0,1933.0,1204.0
2026-07-31 15:00:45,2026-07-31 14:45,1461.5,1536.0,-4.85,4020500,1473.5,1441.0,1933.0,1204.0
2026-07-31 15:05:40,2026-07-31 14:50,1461.0,1536.0,-4.88,4058900,1473.5,1441.0,1933.0,1204.0
2026-07-31 15:10:45,2026-07-31 14:55,1460.0,1536.0,-4.95,4099100,1473.5,1441.0,1933.0,1204.0
2026-07-31 15:15:38,2026-07-31 15:00,1460.0,1536.0,-4.95,4125300,1473.5,1441.0,1933.0,1204.0
2026-07-31 15:20:46,2026-07-31 15:05,1460.5,1536.0,-4.92,4183600,1473.5,1441.0,1933.0,1204.0
2026-07-31 15:25:40,2026-07-31 15:10,1459.5,1536.0,-4.98,4245300,1473.5,1441.0,1933.0,1204.0
2026-07-31 15:30:51,2026-07-31 15:15,1459.0,1536.0,-5.01,4293700,1473.5,1441.0,1933.0,1204.0
2026-07-31 15:40:41,2026-07-31 15:24,1457.5,1536.0,-5.11,4480100,1473.5,1441.0,1933.0,1204.0
2026-08-03 09:05:31,2026-07-31 15:30,1455.5,1536.0,-5.24,5850300,1473.5,1441.0,1933.0,1204.0
2026-08-03 09:10:32,2026-07-31 15:30,1455.5,1536.0,-5.24,5850300,1473.5,1441.0,1933.0,1204.0
2026-08-03 09:15:40,2026-08-03 09:00,1473.0,1536.0,-4.1,5966600,1477.0,1468.0,1933.0,1204.0
2026-08-03 09:20:34,2026-08-03 09:05,1461.5,1455.5,0.41,266600,1478.0,1458.0,1933.0,1204.0
2026-08-03 09:25:48,2026-08-03 09:10,1454.0,1455.5,-0.1,328200,1478.0,1452.5,1933.0,1204.0
2026-08-03 09:30:35,2026-08-03 09:15,1464.5,1455.5,0.62,405700,1478.0,1447.5,1933.0,1204.0
2026-08-03 09:35:38,2026-08-03 09:20,1450.0,1455.5,-0.38,508700,1478.0,1447.5,1933.0,1204.0
2026-08-03 09:40:32,2026-08-03 09:25,1444.0,1455.5,-0.79,567600,1478.0,1441.5,1933.0,1204.0
2026-08-03 09:45:41,2026-08-03 09:30,1446.5,1455.5,-0.62,726900,1478.0,1436.5,1933.0,1204.0
2026-08-03 09:50:32,2026-08-03 09:35,1444.5,1455.5,-0.76,821300,1478.0,1436.5,1933.0,1204.0
2026-08-03 09:55:32,2026-08-03 09:40,1449.5,1455.5,-0.41,867700,1478.0,1436.5,1933.0,1204.0
2026-08-03 10:00:34,2026-08-03 09:45,1444.5,1455.5,-0.76,924500,1478.0,1436.5,1933.0,1204.0
2026-08-03 10:05:34,2026-08-03 09:50,1450.5,1455.5,-0.34,959000,1478.0,1436.5,1933.0,1204.0
2026-08-03 10:10:31,2026-08-03 09:55,1448.5,1455.5,-0.48,995100,1478.0,1436.5,1933.0,1204.0
2026-08-03 10:15:38,2026-08-03 10:00,1439.0,1455.5,-1.13,1034900,1478.0,1436.5,1933.0,1204.0
2026-08-03 10:20:35,2026-08-03 10:05,1436.0,1455.5,-1.34,1071100,1478.0,1436.0,1933.0,1204.0
2026-08-03 10:25:46,2026-08-03 10:10,1435.0,1455.5,-1.41,1109600,1478.0,1432.5,1933.0,1204.0
2026-08-03 10:30:39,2026-08-03 10:15,1434.5,1455.5,-1.44,1143400,1478.0,1432.5,1933.0,1204.0
2026-08-03 10:35:46,2026-08-03 10:20,1438.0,1455.5,-1.2,1169100,1478.0,1432.5,1933.0,1204.0
2026-08-03 10:40:39,2026-08-03 10:25,1439.0,1455.5,-1.13,1196300,1478.0,1432.5,1933.0,1204.0
2026-08-03 10:45:41,2026-08-03 10:30,1439.5,1455.5,-1.1,1222800,1478.0,1432.5,1933.0,1204.0
2026-08-03 10:50:41,2026-08-03 10:35,1438.0,1455.5,-1.2,1248500,1478.0,1432.5,1933.0,1204.0
2026-08-03 10:55:33,2026-08-03 10:40,1439.0,1455.5,-1.13,1270300,1478.0,1432.5,1933.0,1204.0
2026-08-03 11:00:44,2026-08-03 10:45,1442.0,1455.5,-0.93,1282700,1478.0,1432.5,1933.0,1204.0
2026-08-03 11:05:41,2026-08-03 10:50,1444.0,1455.5,-0.79,1294000,1478.0,1432.5,1933.0,1204.0
2026-08-03 11:10:47,2026-08-03 10:55,1448.0,1455.5,-0.52,1322600,1478.0,1432.5,1933.0,1204.0
2026-08-03 11:15:36,2026-08-03 11:00,1445.5,1455.5,-0.69,1335000,1478.0,1432.5,1933.0,1204.0
2026-08-03 11:20:36,2026-08-03 11:05,1450.0,1455.5,-0.38,1356800,1478.0,1432.5,1933.0,1204.0
2026-08-03 11:25:35,2026-08-03 11:10,1449.0,1455.5,-0.45,1374400,1478.0,1432.5,1933.0,1204.0
2026-08-03 11:30:41,2026-08-03 11:15,1446.5,1455.5,-0.62,1400300,1478.0,1432.5,1933.0,1204.0
2026-08-03 12:30:32,2026-08-03 11:30,1444.5,1455.5,-0.76,1437300,1478.0,1432.5,1933.0,1204.0
2026-08-03 12:35:40,2026-08-03 11:30,1444.5,1455.5,-0.76,1437300,1478.0,1432.5,1933.0,1204.0
2026-08-03 12:40:36,2026-08-03 11:30,1444.5,1455.5,-0.76,1437300,1478.0,1432.5,1933.0,1204.0
2026-08-03 12:45:33,2026-08-03 12:30,1454.0,1455.5,-0.1,1545400,1478.0,1432.5,1933.0,1204.0
2026-08-03 12:50:37,2026-08-03 12:35,1463.5,1455.5,0.55,1695700,1478.0,1432.5,1933.0,1204.0
2026-08-03 12:55:33,2026-08-03 12:40,1463.0,1455.5,0.52,1750500,1478.0,1432.5,1933.0,1204.0
2026-08-03 13:00:41,2026-08-03 12:45,1462.0,1455.5,0.45,1809900,1478.0,1432.5,1933.0,1204.0
2026-08-03 13:05:37,2026-08-03 12:50,1463.5,1455.5,0.55,1875100,1478.0,1432.5,1933.0,1204.0
2026-08-03 13:10:35,2026-08-03 12:55,1465.5,1455.5,0.69,1891300,1478.0,1432.5,1933.0,1204.0
2026-08-03 13:15:38,2026-08-03 13:00,1463.5,1455.5,0.55,1903800,1478.0,1432.5,1933.0,1204.0
2026-08-03 13:20:39,2026-08-03 13:05,1463.0,1455.5,0.52,1915600,1478.0,1432.5,1933.0,1204.0
2026-08-03 13:25:38,2026-08-03 13:10,1468.0,1455.5,0.86,1935300,1478.0,1432.5,1933.0,1204.0
2026-08-03 13:30:36,2026-08-03 13:15,1468.0,1455.5,0.86,1950400,1478.0,1432.5,1933.0,1204.0
2026-08-03 13:35:37,2026-08-03 13:20,1469.5,1455.5,0.96,1975200,1478.0,1432.5,1933.0,1204.0
2026-08-03 13:40:37,2026-08-03 13:25,1469.5,1455.5,0.96,1985500,1478.0,1432.5,1933.0,1204.0
2026-08-03 13:45:32,2026-08-03 13:30,1467.0,1455.5,0.79,2007600,1478.0,1432.5,1933.0,1204.0
2026-08-03 13:51:13,2026-08-03 13:36,1465.5,1455.5,0.69,2026300,1478.0,1432.5,1933.0,1204.0
2026-08-03 13:55:44,2026-08-03 13:40,1462.0,1455.5,0.45,2042400,1478.0,1432.5,1933.0,1204.0
2026-08-03 14:00:32,2026-08-03 13:45,1462.5,1455.5,0.48,2057900,1478.0,1432.5,1933.0,1204.0
2026-08-03 14:05:40,2026-08-03 13:50,1463.0,1455.5,0.52,2077000,1478.0,1432.5,1933.0,1204.0
2026-08-03 14:10:30,2026-08-03 13:55,1462.0,1455.5,0.45,2097300,1478.0,1432.5,1933.0,1204.0
2026-08-03 14:15:43,2026-08-03 14:00,1462.0,1455.5,0.45,2115600,1478.0,1432.5,1933.0,1204.0
2026-08-03 14:20:50,2026-08-03 14:05,1464.0,1455.5,0.58,2130700,1478.0,1432.5,1933.0,1204.0
2026-08-03 14:25:42,2026-08-03 14:10,1466.0,1455.5,0.72,2161300,1478.0,1432.5,1933.0,1204.0
2026-08-03 14:30:31,2026-08-03 14:15,1465.0,1455.5,0.65,2182000,1478.0,1432.5,1933.0,1204.0
2026-08-03 14:35:39,2026-08-03 14:20,1467.0,1455.5,0.79,2208400,1478.0,1432.5,1933.0,1204.0
2026-08-03 14:40:43,2026-08-03 14:25,1465.5,1455.5,0.69,2232200,1478.0,1432.5,1933.0,1204.0
2026-08-03 14:45:36,2026-08-03 14:30,1465.0,1455.5,0.65,2250400,1478.0,1432.5,1933.0,1204.0
2026-08-03 14:50:42,2026-08-03 14:35,1464.5,1455.5,0.62,2274700,1478.0,1432.5,1933.0,1204.0
2026-08-03 14:55:31,2026-08-03 14:40,1465.5,1455.5,0.69,2283600,1478.0,1432.5,1933.0,1204.0
2026-08-03 15:00:37,2026-08-03 14:45,1466.5,1455.5,0.76,2296800,1478.0,1432.5,1933.0,1204.0
2026-08-03 15:05:31,2026-08-03 14:50,1468.5,1455.5,0.89,2311600,1478.0,1432.5,1933.0,1204.0
2026-08-03 15:10:39,2026-08-03 14:55,1470.5,1455.5,1.03,2337500,1478.0,1432.5,1933.0,1204.0
2026-08-03 15:15:48,2026-08-03 15:00,1470.5,1455.5,1.03,2358100,1478.0,1432.5,1933.0,1204.0
2026-08-03 15:20:46,2026-08-03 15:05,1470.5,1455.5,1.03,2392700,1478.0,1432.5,1933.0,1204.0
2026-08-03 15:25:44,2026-08-03 15:10,1469.5,1455.5,0.96,2422600,1478.0,1432.5,1933.0,1204.0
2026-08-03 15:30:43,2026-08-03 15:15,1469.5,1455.5,0.96,2445000,1478.0,1432.5,1933.0,1204.0
2026-08-03 15:40:48,2026-08-03 15:24,1469.0,1455.5,0.93,2534500,1478.0,1432.5,1933.0,1204.0
2026-08-04 09:05:46,2026-08-03 15:30,1464.5,1455.5,0.62,3413500,1478.0,1432.5,1933.0,1204.0
2026-08-04 09:10:31,2026-08-03 15:30,1464.5,1455.5,0.62,3413500,1478.0,1432.5,1933.0,1204.0
2026-08-04 09:15:39,2026-08-04 09:00,1464.5,1455.5,0.62,3569700,1473.0,1456.5,1933.0,1204.0
2026-08-04 09:20:38,2026-08-04 09:05,1453.5,1464.5,-0.75,338200,1473.0,1453.5,1933.0,1204.0
2026-08-04 09:25:40,2026-08-04 09:10,1456.0,1464.5,-0.58,438500,1473.0,1447.0,1933.0,1204.0
2026-08-04 09:30:33,2026-08-04 09:15,1457.0,1464.5,-0.51,465100,1473.0,1447.0,1933.0,1204.0
2026-08-04 09:35:44,2026-08-04 09:20,1465.0,1464.5,0.03,524000,1473.0,1447.0,1933.0,1204.0
2026-08-04 09:40:41,2026-08-04 09:25,1466.5,1464.5,0.14,569800,1473.0,1447.0,1933.0,1204.0
2026-08-04 09:45:41,2026-08-04 09:30,1465.5,1464.5,0.07,614600,1473.0,1447.0,1933.0,1204.0
2026-08-04 09:50:34,2026-08-04 09:35,1471.0,1464.5,0.44,659600,1473.0,1447.0,1933.0,1204.0
2026-08-04 09:55:53,2026-08-04 09:40,1470.0,1464.5,0.38,710800,1474.0,1447.0,1933.0,1204.0
2026-08-04 10:00:50,2026-08-04 09:45,1469.0,1464.5,0.31,741100,1474.0,1447.0,1933.0,1204.0
2026-08-04 10:05:40,2026-08-04 09:50,1465.0,1464.5,0.03,776200,1474.0,1447.0,1933.0,1204.0
2026-08-04 10:10:47,2026-08-04 09:55,1461.0,1464.5,-0.24,806100,1474.0,1447.0,1933.0,1204.0
2026-08-04 10:15:46,2026-08-04 10:00,1459.5,1464.5,-0.34,840000,1474.0,1447.0,1933.0,1204.0
2026-08-04 10:20:36,2026-08-04 10:05,1457.0,1464.5,-0.51,869000,1474.0,1447.0,1933.0,1204.0
2026-08-04 10:25:31,2026-08-04 10:10,1455.5,1464.5,-0.61,914500,1474.0,1447.0,1933.0,1204.0
2026-08-04 10:30:35,2026-08-04 10:15,1450.5,1464.5,-0.96,948900,1474.0,1447.0,1933.0,1204.0
2026-08-04 10:35:41,2026-08-04 10:20,1450.5,1464.5,-0.96,984000,1474.0,1447.0,1933.0,1204.0
2026-08-04 10:40:45,2026-08-04 10:25,1450.5,1464.5,-0.96,1002500,1474.0,1447.0,1933.0,1204.0
2026-08-04 10:45:43,2026-08-04 10:30,1447.0,1464.5,-1.19,1103400,1474.0,1445.5,1933.0,1204.0
2026-08-04 10:50:45,2026-08-04 10:35,1447.5,1464.5,-1.16,1158700,1474.0,1445.0,1933.0,1204.0
2026-08-04 11:10:56,2026-08-04 10:55,1456.5,1464.5,-0.55,1266800,1474.0,1444.0,1933.0,1204.0
2026-08-04 11:15:41,2026-08-04 11:00,1454.0,1464.5,-0.72,1297000,1474.0,1444.0,1933.0,1204.0
2026-08-04 11:20:37,2026-08-04 11:05,1453.5,1464.5,-0.75,1309900,1474.0,1444.0,1933.0,1204.0
2026-08-04 11:25:34,2026-08-04 11:10,1458.0,1464.5,-0.44,1337100,1474.0,1444.0,1933.0,1204.0
2026-08-04 11:30:34,2026-08-04 11:15,1461.5,1464.5,-0.2,1359600,1474.0,1444.0,1933.0,1204.0
2026-08-04 12:30:39,2026-08-04 11:30,1461.0,1464.5,-0.24,1434000,1474.0,1444.0,1933.0,1204.0
2026-08-04 12:35:39,2026-08-04 11:30,1461.0,1464.5,-0.24,1434000,1474.0,1444.0,1933.0,1204.0
2026-08-04 12:40:37,2026-08-04 11:30,1461.0,1464.5,-0.24,1434000,1474.0,1444.0,1933.0,1204.0
2026-08-04 12:45:39,2026-08-04 12:30,1462.5,1464.5,-0.14,1471300,1474.0,1444.0,1933.0,1204.0
2026-08-04 12:50:36,2026-08-04 12:35,1463.5,1464.5,-0.07,1504300,1474.0,1444.0,1933.0,1204.0
2026-08-04 12:55:40,2026-08-04 12:40,1461.5,1464.5,-0.2,1535200,1474.0,1444.0,1933.0,1204.0
2026-08-04 13:00:37,2026-08-04 12:45,1460.0,1464.5,-0.31,1567000,1474.0,1444.0,1933.0,1204.0
2026-08-04 13:05:44,2026-08-04 12:50,1456.5,1464.5,-0.55,1594200,1474.0,1444.0,1933.0,1204.0
2026-08-04 13:10:45,2026-08-04 12:55,1453.5,1464.5,-0.75,1613700,1474.0,1444.0,1933.0,1204.0
2026-08-04 13:15:49,2026-08-04 13:00,1453.0,1464.5,-0.79,1652800,1474.0,1444.0,1933.0,1204.0
2026-08-04 13:20:28,2026-08-04 13:05,1453.0,1464.5,-0.79,1669200,1474.0,1444.0,1933.0,1204.0
2026-08-04 13:25:35,2026-08-04 13:10,1454.5,1464.5,-0.68,1689300,1474.0,1444.0,1933.0,1204.0
2026-08-04 13:30:41,2026-08-04 13:15,1455.0,1464.5,-0.65,1712100,1474.0,1444.0,1933.0,1204.0
2026-08-04 13:35:44,2026-08-04 13:20,1455.5,1464.5,-0.61,1729800,1474.0,1444.0,1933.0,1204.0
2026-08-04 13:40:37,2026-08-04 13:25,1458.0,1464.5,-0.44,1751500,1474.0,1444.0,1933.0,1204.0
2026-08-04 13:45:45,2026-08-04 13:30,1457.0,1464.5,-0.51,1773900,1474.0,1444.0,1933.0,1204.0
2026-08-04 13:50:36,2026-08-04 13:35,1456.5,1464.5,-0.55,1791200,1474.0,1444.0,1933.0,1204.0
2026-08-04 13:55:31,2026-08-04 13:40,1454.5,1464.5,-0.68,1815500,1474.0,1444.0,1933.0,1204.0
2026-08-04 14:00:39,2026-08-04 13:45,1452.0,1464.5,-0.85,1841500,1474.0,1444.0,1933.0,1204.0
2026-08-04 14:05:39,2026-08-04 13:50,1456.0,1464.5,-0.58,1866700,1474.0,1444.0,1933.0,1204.0
2026-08-04 14:10:45,2026-08-04 13:55,1456.0,1464.5,-0.58,1886800,1474.0,1444.0,1933.0,1204.0
2026-08-04 14:15:43,2026-08-04 14:00,1455.0,1464.5,-0.65,1904700,1474.0,1444.0,1933.0,1204.0
2026-08-04 14:20:45,2026-08-04 14:05,1453.0,1464.5,-0.79,1937900,1474.0,1444.0,1933.0,1204.0
2026-08-04 14:25:43,2026-08-04 14:10,1453.5,1464.5,-0.75,1953100,1474.0,1444.0,1933.0,1204.0
2026-08-04 14:30:36,2026-08-04 14:15,1450.5,1464.5,-0.96,1978700,1474.0,1444.0,1933.0,1204.0
2026-08-04 14:35:38,2026-08-04 14:20,1451.5,1464.5,-0.89,2004800,1474.0,1444.0,1933.0,1204.0
2026-08-04 14:40:37,2026-08-04 14:25,1451.5,1464.5,-0.89,2020400,1474.0,1444.0,1933.0,1204.0
2026-08-04 14:45:33,2026-08-04 14:30,1452.0,1464.5,-0.85,2041000,1474.0,1444.0,1933.0,1204.0
2026-08-04 14:50:42,2026-08-04 14:35,1453.5,1464.5,-0.75,2061600,1474.0,1444.0,1933.0,1204.0
2026-08-04 14:55:36,2026-08-04 14:40,1454.0,1464.5,-0.72,2088400,1474.0,1444.0,1933.0,1204.0
2026-08-04 15:40:49,2026-08-04 15:24,1452.0,1464.5,-0.85,2360800,1474.0,1444.0,1933.0,1204.0
2026-08-05 09:05:32,2026-08-04 15:30,1459.5,1464.5,-0.34,3170300,1474.0,1444.0,1933.0,1204.0
2026-08-05 09:10:38,2026-08-04 15:30,1459.5,1464.5,-0.34,3170300,1474.0,1444.0,1933.0,1204.0
2026-08-05 09:15:43,2026-08-05 09:00,1459.5,1464.5,-0.34,3287700,1469.0,1458.5,1933.0,1204.0
2026-08-05 09:20:35,2026-08-05 09:05,1465.5,1459.5,0.41,230600,1474.5,1458.5,1933.0,1204.0
2026-08-05 09:25:34,2026-08-05 09:10,1473.0,1459.5,0.92,282300,1474.5,1458.5,1933.0,1204.0
2026-08-05 09:30:39,2026-08-05 09:15,1481.0,1459.5,1.47,357900,1483.5,1458.5,1933.0,1204.0
2026-08-05 09:35:35,2026-08-05 09:20,1472.5,1459.5,0.89,397100,1483.5,1458.5,1933.0,1204.0
2026-08-05 09:40:44,2026-08-05 09:25,1474.0,1459.5,0.99,437900,1483.5,1458.5,1933.0,1204.0
2026-08-05 09:45:45,2026-08-05 09:30,1471.5,1459.5,0.82,506200,1483.5,1458.5,1933.0,1204.0
2026-08-05 09:50:52,2026-08-05 09:35,1469.5,1459.5,0.69,542600,1483.5,1458.5,1933.0,1204.0
2026-08-05 09:55:41,2026-08-05 09:40,1469.0,1459.5,0.65,563300,1483.5,1458.5,1933.0,1204.0
2026-08-05 10:00:53,2026-08-05 09:45,1465.0,1459.5,0.38,589300,1483.5,1458.5,1933.0,1204.0
2026-08-05 10:05:32,2026-08-05 09:50,1469.0,1459.5,0.65,614000,1483.5,1458.5,1933.0,1204.0
2026-08-05 10:10:32,2026-08-05 09:55,1466.5,1459.5,0.48,637300,1483.5,1458.5,1933.0,1204.0
2026-08-05 10:15:38,2026-08-05 10:00,1466.5,1459.5,0.48,650200,1483.5,1458.5,1933.0,1204.0
2026-08-05 10:20:35,2026-08-05 10:05,1464.5,1459.5,0.34,665500,1483.5,1458.5,1933.0,1204.0
2026-08-05 10:25:41,2026-08-05 10:10,1464.5,1459.5,0.34,700000,1483.5,1458.5,1933.0,1204.0
2026-08-05 10:30:43,2026-08-05 10:15,1463.0,1459.5,0.24,710800,1483.5,1458.5,1933.0,1204.0
2026-08-05 10:35:32,2026-08-05 10:20,1461.5,1459.5,0.14,742600,1483.5,1458.5,1933.0,1204.0
2026-08-05 10:40:40,2026-08-05 10:25,1463.0,1459.5,0.24,775900,1483.5,1458.5,1933.0,1204.0
2026-08-05 10:45:48,2026-08-05 10:30,1467.0,1459.5,0.51,791700,1483.5,1458.5,1933.0,1204.0
2026-08-05 10:50:42,2026-08-05 10:35,1465.5,1459.5,0.41,805200,1483.5,1458.5,1933.0,1204.0
2026-08-05 10:55:36,2026-08-05 10:40,1464.5,1459.5,0.34,819000,1483.5,1458.5,1933.0,1204.0
2026-08-05 11:00:43,2026-08-05 10:45,1464.0,1459.5,0.31,839500,1483.5,1458.5,1933.0,1204.0
2026-08-05 11:05:48,2026-08-05 10:50,1465.0,1459.5,0.38,856800,1483.5,1458.5,1933.0,1204.0
2026-08-05 11:10:46,2026-08-05 10:55,1465.5,1459.5,0.41,870200,1483.5,1458.5,1933.0,1204.0
2026-08-05 11:15:35,2026-08-05 11:00,1465.0,1459.5,0.38,883300,1483.5,1458.5,1933.0,1204.0
2026-08-05 11:20:36,2026-08-05 11:05,1467.5,1459.5,0.55,904000,1483.5,1458.5,1933.0,1204.0
2026-08-05 11:25:40,2026-08-05 11:10,1469.0,1459.5,0.65,926600,1483.5,1458.5,1933.0,1204.0
2026-08-05 11:30:42,2026-08-05 11:15,1470.5,1459.5,0.75,937800,1483.5,1458.5,1933.0,1204.0
2026-08-05 12:30:41,2026-08-05 11:30,1471.5,1459.5,0.82,977100,1483.5,1458.5,1933.0,1204.0
2026-08-05 12:35:36,2026-08-05 11:30,1471.5,1459.5,0.82,977100,1483.5,1458.5,1933.0,1204.0
2026-08-05 12:40:39,2026-08-05 11:30,1471.5,1459.5,0.82,977100,1483.5,1458.5,1933.0,1204.0
2026-08-05 12:45:38,2026-08-05 12:30,1470.5,1459.5,0.75,1006600,1483.5,1458.5,1933.0,1204.0
2026-08-05 12:50:40,2026-08-05 12:35,1470.0,1459.5,0.72,1039600,1483.5,1458.5,1933.0,1204.0
2026-08-05 12:55:34,2026-08-05 12:40,1470.0,1459.5,0.72,1057000,1483.5,1458.5,1933.0,1204.0
2026-08-05 13:00:46,2026-08-05 12:45,1468.0,1459.5,0.58,1079800,1483.5,1458.5,1933.0,1204.0
2026-08-05 13:05:40,2026-08-05 12:50,1469.0,1459.5,0.65,1093300,1483.5,1458.5,1933.0,1204.0
2026-08-05 13:10:37,2026-08-05 12:55,1469.5,1459.5,0.69,1113800,1483.5,1458.5,1933.0,1204.0
2026-08-05 13:15:39,2026-08-05 13:00,1472.0,1459.5,0.86,1155300,1483.5,1458.5,1933.0,1204.0
2026-08-05 13:20:38,2026-08-05 13:05,1469.5,1459.5,0.69,1172300,1483.5,1458.5,1933.0,1204.0
2026-08-05 13:25:37,2026-08-05 13:10,1469.0,1459.5,0.65,1183800,1483.5,1458.5,1933.0,1204.0
2026-08-05 13:30:44,2026-08-05 13:15,1464.0,1459.5,0.31,1213300,1483.5,1458.5,1933.0,1204.0
2026-08-05 13:35:45,2026-08-05 13:20,1463.0,1459.5,0.24,1231200,1483.5,1458.5,1933.0,1204.0
2026-08-05 13:40:39,2026-08-05 13:25,1464.0,1459.5,0.31,1246300,1483.5,1458.5,1933.0,1204.0
2026-08-05 13:45:31,2026-08-05 13:30,1465.5,1459.5,0.41,1257200,1483.5,1458.5,1933.0,1204.0
2026-08-05 13:50:30,2026-08-05 13:35,1464.5,1459.5,0.34,1275500,1483.5,1458.5,1933.0,1204.0
2026-08-05 13:55:36,2026-08-05 13:40,1463.5,1459.5,0.27,1306600,1483.5,1458.5,1933.0,1204.0
2026-08-05 14:00:44,2026-08-05 13:45,1464.0,1459.5,0.31,1318400,1483.5,1458.5,1933.0,1204.0
2026-08-05 14:05:39,2026-08-05 13:50,1463.0,1459.5,0.24,1325800,1483.5,1458.5,1933.0,1204.0
2026-08-05 14:10:41,2026-08-05 13:55,1462.5,1459.5,0.21,1334300,1483.5,1458.5,1933.0,1204.0
2026-08-05 14:31:03,2026-08-05 14:15,1464.5,1459.5,0.34,1382000,1483.5,1458.5,1933.0,1204.0
2026-08-05 14:35:37,2026-08-05 14:20,1464.0,1459.5,0.31,1390800,1483.5,1458.5,1933.0,1204.0
2026-08-05 14:40:43,2026-08-05 14:25,1465.0,1459.5,0.38,1407100,1483.5,1458.5,1933.0,1204.0
2026-08-05 14:45:39,2026-08-05 14:30,1464.5,1459.5,0.34,1421300,1483.5,1458.5,1933.0,1204.0
2026-08-05 14:50:42,2026-08-05 14:35,1465.0,1459.5,0.38,1430100,1483.5,1458.5,1933.0,1204.0
2026-08-05 14:55:41,2026-08-05 14:40,1464.5,1459.5,0.34,1443500,1483.5,1458.5,1933.0,1204.0
2026-08-05 15:00:33,2026-08-05 14:45,1465.0,1459.5,0.38,1454200,1483.5,1458.5,1933.0,1204.0
2026-08-05 15:05:39,2026-08-05 14:50,1464.5,1459.5,0.34,1480900,1483.5,1458.5,1933.0,1204.0
2026-08-05 15:10:55,2026-08-05 14:55,1463.5,1459.5,0.27,1503100,1483.5,1458.5,1933.0,1204.0
2026-08-05 15:16:19,2026-08-05 15:01,1465.5,1459.5,0.41,1533800,1483.5,1458.5,1933.0,1204.0
2026-08-05 15:20:30,2026-08-05 15:05,1464.0,1459.5,0.31,1551600,1483.5,1458.5,1933.0,1204.0
2026-08-05 15:25:31,2026-08-05 15:10,1465.0,1459.5,0.38,1571200,1483.5,1458.5,1933.0,1204.0
2026-08-05 15:30:50,2026-08-05 15:15,1465.5,1459.5,0.41,1588300,1483.5,1458.5,1933.0,1204.0
2026-08-05 15:40:40,2026-08-05 15:24,1463.5,1459.5,0.27,1632500,1483.5,1458.5,1933.0,1204.0
2026-08-06 09:05:44,2026-08-05 15:30,1461.0,1459.5,0.1,2347200,1483.5,1458.5,1933.0,1204.0
2026-08-06 09:10:33,2026-08-05 15:30,1461.0,1459.5,0.1,2347200,1483.5,1458.5,1933.0,1204.0
2026-08-06 09:15:36,2026-08-06 09:00,1461.0,1459.5,0.1,2516400,1468.0,1456.0,1933.0,1204.0
2026-08-06 09:20:37,2026-08-06 09:05,1464.5,1461.0,0.24,247000,1468.0,1454.0,1933.0,1204.0
2026-08-06 09:25:36,2026-08-06 09:10,1468.0,1461.0,0.48,303400,1471.5,1454.0,1933.0,1204.0
2026-08-06 09:30:39,2026-08-06 09:15,1470.0,1461.0,0.62,368000,1472.0,1454.0,1933.0,1204.0
2026-08-06 09:35:45,2026-08-06 09:20,1480.0,1461.0,1.3,434000,1482.0,1454.0,1933.0,1204.0
2026-08-06 09:46:08,2026-08-06 09:31,1474.5,1461.0,0.92,541400,1483.0,1454.0,1933.0,1204.0
2026-08-06 09:46:46,2026-08-06 09:31,1476.5,1461.0,1.06,548200,1483.0,1454.0,1933.0,1204.0
2026-08-06 09:50:30,2026-08-06 09:35,1469.5,1461.0,0.58,590100,1483.0,1454.0,1933.0,1204.0
2026-08-06 09:55:43,2026-08-06 09:40,1462.5,1461.0,0.1,641800,1483.0,1454.0,1933.0,1204.0
2026-08-06 10:00:45,2026-08-06 09:45,1465.0,1461.0,0.27,674500,1483.0,1454.0,1933.0,1204.0
2026-08-06 10:05:46,2026-08-06 09:50,1462.0,1461.0,0.07,707900,1483.0,1454.0,1933.0,1204.0
2026-08-06 10:10:42,2026-08-06 09:55,1462.5,1461.0,0.1,743700,1483.0,1454.0,1933.0,1204.0
2026-08-06 10:15:43,2026-08-06 10:00,1461.0,1461.0,0.0,783700,1483.0,1454.0,1933.0,1204.0
2026-08-06 10:20:47,2026-08-06 10:05,1465.0,1461.0,0.27,807000,1483.0,1454.0,1933.0,1204.0
2026-08-06 10:25:41,2026-08-06 10:10,1460.5,1461.0,-0.03,832100,1483.0,1454.0,1933.0,1204.0
2026-08-06 10:30:42,2026-08-06 10:15,1463.0,1461.0,0.14,857300,1483.0,1454.0,1933.0,1204.0
2026-08-06 10:35:37,2026-08-06 10:20,1467.0,1461.0,0.41,890800,1483.0,1454.0,1933.0,1204.0
2026-08-06 10:40:36,2026-08-06 10:25,1464.0,1461.0,0.21,906000,1483.0,1454.0,1933.0,1204.0
2026-08-06 10:45:37,2026-08-06 10:30,1464.5,1461.0,0.24,914800,1483.0,1454.0,1933.0,1204.0
2026-08-06 10:50:48,2026-08-06 10:35,1466.5,1461.0,0.38,934500,1483.0,1454.0,1933.0,1204.0
2026-08-06 10:55:32,2026-08-06 10:40,1468.0,1461.0,0.48,959400,1483.0,1454.0,1933.0,1204.0
2026-08-06 11:00:43,2026-08-06 10:45,1467.5,1461.0,0.44,973200,1483.0,1454.0,1933.0,1204.0
2026-08-06 11:05:35,2026-08-06 10:50,1467.5,1461.0,0.44,988600,1483.0,1454.0,1933.0,1204.0
2026-08-06 11:10:48,2026-08-06 10:55,1473.0,1461.0,0.82,1006600,1483.0,1454.0,1933.0,1204.0
2026-08-06 11:15:41,2026-08-06 11:00,1474.0,1461.0,0.89,1018200,1483.0,1454.0,1933.0,1204.0
2026-08-06 11:20:42,2026-08-06 11:05,1475.5,1461.0,0.99,1039800,1483.0,1454.0,1933.0,1204.0
2026-08-06 11:25:34,2026-08-06 11:10,1470.5,1461.0,0.65,1056100,1483.0,1454.0,1933.0,1204.0
2026-08-06 11:30:51,2026-08-06 11:15,1470.5,1461.0,0.65,1076000,1483.0,1454.0,1933.0,1204.0
2026-08-06 12:30:38,2026-08-06 11:30,1469.5,1461.0,0.58,1122100,1483.0,1454.0,1933.0,1204.0
2026-08-06 12:35:35,2026-08-06 11:30,1469.5,1461.0,0.58,1122100,1483.0,1454.0,1933.0,1204.0
2026-08-06 12:40:50,2026-08-06 11:30,1469.5,1461.0,0.58,1122100,1483.0,1454.0,1933.0,1204.0
2026-08-06 12:45:38,2026-08-06 12:30,1476.0,1461.0,1.03,1146600,1483.0,1454.0,1933.0,1204.0
2026-08-06 12:50:49,2026-08-06 12:35,1472.0,1461.0,0.75,1168800,1483.0,1454.0,1933.0,1204.0
2026-08-06 12:55:37,2026-08-06 12:40,1471.0,1461.0,0.68,1211700,1483.0,1454.0,1933.0,1204.0
2026-08-06 13:00:36,2026-08-06 12:45,1476.5,1461.0,1.06,1234000,1483.0,1454.0,1933.0,1204.0
2026-08-06 13:05:34,2026-08-06 12:50,1475.5,1461.0,0.99,1254900,1483.0,1454.0,1933.0,1204.0
2026-08-06 13:10:41,2026-08-06 12:55,1476.0,1461.0,1.03,1268400,1483.0,1454.0,1933.0,1204.0
2026-08-06 13:15:32,2026-08-06 13:00,1473.5,1461.0,0.86,1289900,1483.0,1454.0,1933.0,1204.0
2026-08-06 13:20:45,2026-08-06 13:04,1473.5,1461.0,0.86,1300300,1483.0,1454.0,1933.0,1204.0
2026-08-06 13:25:32,2026-08-06 13:10,1472.0,1461.0,0.75,1318300,1483.0,1454.0,1933.0,1204.0
2026-08-06 13:30:47,2026-08-06 13:15,1471.5,1461.0,0.72,1334300,1483.0,1454.0,1933.0,1204.0
2026-08-06 13:35:40,2026-08-06 13:20,1470.0,1461.0,0.62,1351300,1483.0,1454.0,1933.0,1204.0
2026-08-06 13:40:42,2026-08-06 13:25,1470.5,1461.0,0.65,1366800,1483.0,1454.0,1933.0,1204.0
2026-08-06 13:45:39,2026-08-06 13:30,1470.5,1461.0,0.65,1403800,1483.0,1454.0,1933.0,1204.0
2026-08-06 13:50:37,2026-08-06 13:35,1471.0,1461.0,0.68,1422400,1483.0,1454.0,1933.0,1204.0
2026-08-06 13:55:45,2026-08-06 13:40,1471.5,1461.0,0.72,1448000,1483.0,1454.0,1933.0,1204.0
2026-08-06 14:00:33,2026-08-06 13:45,1471.5,1461.0,0.72,1458100,1483.0,1454.0,1933.0,1204.0
2026-08-06 14:05:42,2026-08-06 13:50,1473.0,1461.0,0.82,1469800,1483.0,1454.0,1933.0,1204.0
2026-08-06 14:10:36,2026-08-06 13:55,1473.0,1461.0,0.82,1477100,1483.0,1454.0,1933.0,1204.0
2026-08-06 14:15:34,2026-08-06 14:00,1467.5,1461.0,0.44,1508800,1483.0,1454.0,1933.0,1204.0
2026-08-06 14:20:39,2026-08-06 14:05,1469.0,1461.0,0.55,1539300,1483.0,1454.0,1933.0,1204.0
2026-08-06 14:25:39,2026-08-06 14:10,1468.5,1461.0,0.51,1552100,1483.0,1454.0,1933.0,1204.0
2026-08-06 14:30:38,2026-08-06 14:15,1465.0,1461.0,0.27,1596500,1483.0,1454.0,1933.0,1204.0
2026-08-06 14:35:29,2026-08-06 14:20,1464.5,1461.0,0.24,1642900,1483.0,1454.0,1933.0,1204.0
2026-08-06 14:40:32,2026-08-06 14:25,1463.0,1461.0,0.14,1692100,1483.0,1454.0,1933.0,1204.0
2026-08-06 14:45:37,2026-08-06 14:30,1464.5,1461.0,0.24,1712600,1483.0,1454.0,1933.0,1204.0
2026-08-06 14:50:37,2026-08-06 14:35,1463.5,1461.0,0.17,1726700,1483.0,1454.0,1933.0,1204.0
2026-08-06 14:55:39,2026-08-06 14:40,1462.5,1461.0,0.1,1753500,1483.0,1454.0,1933.0,1204.0
2026-08-06 15:00:39,2026-08-06 14:45,1463.5,1461.0,0.17,1770500,1483.0,1454.0,1933.0,1204.0
2026-08-06 15:05:37,2026-08-06 14:50,1462.0,1461.0,0.07,1842600,1483.0,1454.0,1933.0,1204.0
2026-08-06 15:10:50,2026-08-06 14:55,1462.5,1461.0,0.1,1857000,1483.0,1454.0,1933.0,1204.0
2026-08-06 15:15:41,2026-08-06 15:00,1462.5,1461.0,0.1,1972800,1483.0,1454.0,1933.0,1204.0
2026-08-06 15:20:44,2026-08-06 15:05,1462.0,1461.0,0.07,2032400,1483.0,1454.0,1933.0,1204.0
2026-08-06 15:25:32,2026-08-06 15:10,1460.0,1461.0,-0.07,2132200,1483.0,1454.0,1933.0,1204.0
2026-08-06 15:40:47,2026-08-06 15:24,1463.5,1461.0,0.17,2564600,1483.0,1454.0,1933.0,1204.0
2026-08-07 09:05:51,2026-08-06 15:30,1470.0,1461.0,0.62,3525200,1483.0,1454.0,1933.0,1204.0
2026-08-07 09:10:38,2026-08-06 15:30,1470.0,1461.0,0.62,3525200,1483.0,1454.0,1933.0,1204.0
2026-08-07 09:15:44,2026-08-07 09:00,1470.0,1461.0,0.62,3772200,1472.5,1442.5,1933.0,1204.0
2026-08-07 09:20:43,2026-08-07 09:05,1456.5,1470.0,-0.92,480600,1474.0,1442.0,1933.0,1204.0
2026-08-07 09:25:40,2026-08-07 09:10,1467.5,1470.0,-0.17,574200,1474.0,1442.0,1933.0,1204.0
2026-08-07 09:30:36,2026-08-07 09:15,1466.0,1470.0,-0.27,642600,1474.0,1442.0,1933.0,1204.0
2026-08-07 09:35:37,2026-08-07 09:20,1466.5,1470.0,-0.24,719200,1474.0,1442.0,1933.0,1204.0
2026-08-07 09:40:42,2026-08-07 09:25,1476.5,1470.0,0.44,848200,1477.5,1442.0,1933.0,1204.0
2026-08-07 09:45:47,2026-08-07 09:30,1482.5,1470.0,0.85,1161900,1492.0,1442.0,1933.0,1204.0
2026-08-07 09:50:40,2026-08-07 09:35,1478.0,1470.0,0.54,1229200,1492.0,1442.0,1933.0,1204.0
2026-08-07 09:56:12,2026-08-07 09:41,1488.5,1470.0,1.26,1298100,1492.0,1442.0,1933.0,1204.0
2026-08-07 10:00:33,2026-08-07 09:45,1491.5,1470.0,1.46,1358100,1494.5,1442.0,1933.0,1204.0
2026-08-07 10:05:35,2026-08-07 09:50,1491.5,1470.0,1.46,1426600,1494.5,1442.0,1933.0,1204.0
2026-08-07 10:10:48,2026-08-07 09:55,1492.0,1470.0,1.5,1493400,1494.5,1442.0,1933.0,1204.0
2026-08-07 10:15:35,2026-08-07 10:00,1492.5,1470.0,1.53,1734100,1497.0,1442.0,1933.0,1204.0
2026-08-07 10:20:32,2026-08-07 10:05,1495.5,1470.0,1.73,1790000,1497.5,1442.0,1933.0,1204.0
2026-08-07 10:25:41,2026-08-07 10:10,1497.0,1470.0,1.84,1839900,1499.0,1442.0,1933.0,1204.0
2026-08-07 10:30:40,2026-08-07 10:15,1502.5,1470.0,2.21,1910400,1503.5,1442.0,1933.0,1204.0
2026-08-07 10:35:38,2026-08-07 10:20,1505.5,1470.0,2.41,1956300,1506.5,1442.0,1933.0,1204.0
2026-08-07 10:40:39,2026-08-07 10:25,1504.0,1470.0,2.31,2008400,1509.0,1442.0,1933.0,1204.0
2026-08-07 10:45:36,2026-08-07 10:30,1507.5,1470.0,2.55,2043800,1509.0,1442.0,1933.0,1204.0
2026-08-07 10:50:44,2026-08-07 10:35,1503.5,1470.0,2.28,2105800,1509.0,1442.0,1933.0,1204.0
2026-08-07 10:55:39,2026-08-07 10:40,1503.0,1470.0,2.24,2145200,1509.0,1442.0,1933.0,1204.0
2026-08-07 11:00:52,2026-08-07 10:45,1503.0,1470.0,2.24,2223500,1509.0,1442.0,1933.0,1204.0
2026-08-07 11:05:39,2026-08-07 10:50,1498.0,1470.0,1.9,2256500,1509.0,1442.0,1933.0,1204.0
2026-08-07 11:10:37,2026-08-07 10:55,1497.5,1470.0,1.87,2328400,1509.0,1442.0,1933.0,1204.0
2026-08-07 11:15:32,2026-08-07 11:00,1493.0,1470.0,1.56,2376300,1509.0,1442.0,1933.0,1204.0
2026-08-07 11:20:46,2026-08-07 11:05,1486.0,1470.0,1.09,2446500,1509.0,1442.0,1933.0,1204.0
2026-08-07 11:25:46,2026-08-07 11:10,1485.5,1470.0,1.05,2488100,1509.0,1442.0,1933.0,1204.0
2026-08-07 11:30:36,2026-08-07 11:15,1483.5,1470.0,0.92,2524300,1509.0,1442.0,1933.0,1204.0
2026-08-07 12:30:36,2026-08-07 11:30,1486.0,1470.0,1.09,2635500,1509.0,1442.0,1933.0,1204.0
2026-08-07 12:35:39,2026-08-07 11:30,1486.0,1470.0,1.09,2635500,1509.0,1442.0,1933.0,1204.0
2026-08-07 12:40:59,2026-08-07 11:30,1486.0,1470.0,1.09,2635500,1509.0,1442.0,1933.0,1204.0
2026-08-07 12:45:37,2026-08-07 12:30,1488.5,1470.0,1.26,2686000,1509.0,1442.0,1933.0,1204.0
2026-08-07 12:50:34,2026-08-07 12:35,1488.5,1470.0,1.26,2785000,1509.0,1442.0,1933.0,1204.0
2026-08-07 12:55:37,2026-08-07 12:40,1487.0,1470.0,1.16,2818800,1509.0,1442.0,1933.0,1204.0
2026-08-07 13:00:32,2026-08-07 12:45,1490.0,1470.0,1.36,2861900,1509.0,1442.0,1933.0,1204.0
2026-08-07 13:05:32,2026-08-07 12:50,1488.0,1470.0,1.22,2946300,1509.0,1442.0,1933.0,1204.0
2026-08-07 13:10:31,2026-08-07 12:55,1490.0,1470.0,1.36,2977900,1509.0,1442.0,1933.0,1204.0
2026-08-07 13:15:34,2026-08-07 13:00,1489.5,1470.0,1.33,3001400,1509.0,1442.0,1933.0,1204.0
2026-08-07 13:20:38,2026-08-07 13:05,1489.5,1470.0,1.33,3043300,1509.0,1442.0,1933.0,1204.0
2026-08-07 13:25:41,2026-08-07 13:10,1488.0,1470.0,1.22,3077700,1509.0,1442.0,1933.0,1204.0
2026-08-07 13:30:48,2026-08-07 13:15,1488.0,1470.0,1.22,3123500,1509.0,1442.0,1933.0,1204.0
2026-08-07 13:35:47,2026-08-07 13:20,1488.0,1470.0,1.22,3140700,1509.0,1442.0,1933.0,1204.0
2026-08-07 13:40:37,2026-08-07 13:25,1490.0,1470.0,1.36,3166800,1509.0,1442.0,1933.0,1204.0
2026-08-07 13:45:39,2026-08-07 13:30,1489.0,1470.0,1.29,3191800,1509.0,1442.0,1933.0,1204.0
2026-08-07 13:50:40,2026-08-07 13:35,1491.0,1470.0,1.43,3233000,1509.0,1442.0,1933.0,1204.0
2026-08-07 13:55:35,2026-08-07 13:40,1493.0,1470.0,1.56,3274800,1509.0,1442.0,1933.0,1204.0
2026-08-07 14:00:40,2026-08-07 13:45,1496.5,1470.0,1.8,3319800,1509.0,1442.0,1933.0,1204.0
2026-08-07 14:05:47,2026-08-07 13:50,1493.0,1470.0,1.56,3371700,1509.0,1442.0,1933.0,1204.0
2026-08-07 14:10:42,2026-08-07 13:55,1495.0,1470.0,1.7,3409400,1509.0,1442.0,1933.0,1204.0
2026-08-07 14:15:41,2026-08-07 14:00,1488.5,1470.0,1.26,3454600,1509.0,1442.0,1933.0,1204.0
2026-08-07 14:20:36,2026-08-07 14:05,1491.5,1470.0,1.46,3521100,1509.0,1442.0,1933.0,1204.0
2026-08-07 14:25:42,2026-08-07 14:10,1494.5,1470.0,1.67,3559900,1509.0,1442.0,1933.0,1204.0
2026-08-07 14:30:38,2026-08-07 14:15,1492.5,1470.0,1.53,3604600,1509.0,1442.0,1933.0,1204.0
2026-08-07 14:35:29,2026-08-07 14:20,1490.0,1470.0,1.36,3633100,1509.0,1442.0,1933.0,1204.0
2026-08-07 14:40:33,2026-08-07 14:25,1494.5,1470.0,1.67,3681600,1509.0,1442.0,1933.0,1204.0
2026-08-07 14:45:38,2026-08-07 14:30,1492.5,1470.0,1.53,3742400,1509.0,1442.0,1933.0,1204.0
2026-08-07 14:50:39,2026-08-07 14:35,1491.5,1470.0,1.46,3786400,1509.0,1442.0,1933.0,1204.0
2026-08-07 14:55:34,2026-08-07 14:40,1496.0,1470.0,1.77,3820000,1509.0,1442.0,1933.0,1204.0
2026-08-07 15:00:34,2026-08-07 14:45,1493.5,1470.0,1.6,3855500,1509.0,1442.0,1933.0,1204.0
2026-08-07 15:05:42,2026-08-07 14:50,1496.0,1470.0,1.77,3936000,1509.0,1442.0,1933.0,1204.0
2026-08-07 15:10:40,2026-08-07 14:55,1500.0,1470.0,2.04,3985900,1509.0,1442.0,1933.0,1204.0
2026-08-07 15:15:41,2026-08-07 15:00,1496.5,1470.0,1.8,4040200,1509.0,1442.0,1933.0,1204.0
2026-08-07 15:20:41,2026-08-07 15:05,1497.5,1470.0,1.87,4069100,1509.0,1442.0,1933.0,1204.0
2026-08-07 15:25:47,2026-08-07 15:10,1495.5,1470.0,1.73,4138600,1509.0,1442.0,1933.0,1204.0
2026-08-07 15:30:46,2026-08-07 15:15,1496.5,1470.0,1.8,4183000,1509.0,1442.0,1933.0,1204.0
2026-08-07 15:40:42,2026-08-07 15:24,1496.5,1470.0,1.8,4390900,1509.0,1442.0,1933.0,1204.0
2026-08-10 09:05:39,2026-08-07 15:30,1499.0,1470.0,1.97,5680900,1509.0,1442.0,1933.0,1204.0
2026-08-10 09:10:47,2026-08-07 15:30,1499.0,1470.0,1.97,5680900,1509.0,1442.0,1933.0,1204.0
2026-08-10 09:15:40,2026-08-07 15:30,1499.0,1470.0,1.97,5680900,1509.0,1442.0,1933.0,1204.0
2026-08-10 09:20:33,2026-08-07 15:30,1499.0,1470.0,1.97,5680900,1509.0,1442.0,1933.0,1204.0
2026-08-10 09:25:34,2026-08-07 15:30,1499.0,1499.0,0.0,5680900,1509.0,1442.0,1933.0,1204.0
2026-08-10 09:30:42,2026-08-10 09:15,1297.5,1499.0,-13.44,1582300,1329.0,1263.0,1933.0,1204.0
2026-08-10 09:35:31,2026-08-10 09:20,1279.0,1499.0,-14.68,3071800,1329.0,1263.0,1933.0,1204.0
2026-08-10 09:40:43,2026-08-10 09:25,1283.0,1499.0,-14.41,3952100,1329.0,1263.0,1933.0,1204.0
2026-08-10 09:45:40,2026-08-10 09:30,1283.5,1499.0,-14.38,4686800,1329.0,1263.0,1933.0,1204.0
2026-08-10 09:50:35,2026-08-10 09:35,1274.0,1499.0,-15.01,5497500,1329.0,1263.0,1933.0,1204.0
2026-08-10 09:55:40,2026-08-10 09:40,1276.5,1499.0,-14.84,5863200,1329.0,1263.0,1933.0,1204.0
2026-08-10 10:00:35,2026-08-10 09:45,1269.5,1499.0,-15.31,6491600,1329.0,1263.0,1933.0,1204.0
2026-08-10 10:05:42,2026-08-10 09:50,1273.0,1499.0,-15.08,6950300,1329.0,1263.0,1933.0,1204.0
2026-08-10 10:10:37,2026-08-10 09:55,1275.5,1499.0,-14.91,7170500,1329.0,1263.0,1933.0,1204.0
2026-08-10 10:15:41,2026-08-10 10:00,1271.0,1499.0,-15.21,7377100,1329.0,1263.0,1933.0,1204.0
2026-08-10 10:20:37,2026-08-10 10:05,1283.5,1499.0,-14.38,7826500,1329.0,1263.0,1933.0,1204.0
2026-08-10 10:25:57,2026-08-10 10:10,1280.5,1499.0,-14.58,8037800,1329.0,1263.0,1933.0,1204.0
2026-08-10 10:30:29,2026-08-10 10:15,1273.5,1499.0,-15.04,8241800,1329.0,1263.0,1933.0,1204.0
2026-08-10 10:35:39,2026-08-10 10:20,1267.0,1499.0,-15.48,8682200,1329.0,1263.0,1933.0,1204.0
2026-08-10 10:40:34,2026-08-10 10:25,1270.0,1499.0,-15.28,8878900,1329.0,1263.0,1933.0,1204.0
2026-08-10 10:45:37,2026-08-10 10:30,1274.5,1499.0,-14.98,9087000,1329.0,1263.0,1933.0,1204.0
2026-08-10 10:50:47,2026-08-10 10:35,1272.0,1499.0,-15.14,9300000,1329.0,1263.0,1933.0,1204.0
2026-08-10 10:55:39,2026-08-10 10:40,1271.0,1499.0,-15.21,9467600,1329.0,1263.0,1933.0,1204.0
2026-08-10 11:00:33,2026-08-10 10:45,1270.0,1499.0,-15.28,9683400,1329.0,1263.0,1933.0,1204.0
2026-08-10 11:05:36,2026-08-10 10:50,1270.5,1499.0,-15.24,9979300,1329.0,1263.0,1933.0,1204.0
2026-08-10 11:10:34,2026-08-10 10:55,1269.5,1499.0,-15.31,10156400,1329.0,1263.0,1933.0,1204.0
2026-08-10 11:15:41,2026-08-10 11:00,1269.5,1499.0,-15.31,10372200,1329.0,1263.0,1933.0,1204.0
2026-08-10 11:20:37,2026-08-10 11:05,1269.0,1499.0,-15.34,10451500,1329.0,1263.0,1933.0,1204.0
2026-08-10 11:25:35,2026-08-10 11:10,1270.5,1499.0,-15.24,10672200,1329.0,1263.0,1933.0,1204.0
2026-08-10 11:30:42,2026-08-10 11:15,1269.5,1499.0,-15.31,10796000,1329.0,1263.0,1933.0,1204.0
2026-08-10 12:30:37,2026-08-10 11:30,1276.0,1499.0,-14.88,11475500,1329.0,1263.0,1933.0,1204.0
2026-08-10 12:35:40,2026-08-10 11:30,1276.0,1499.0,-14.88,11475500,1329.0,1263.0,1933.0,1204.0
2026-08-10 12:40:37,2026-08-10 11:30,1276.0,1499.0,-14.88,11475500,1329.0,1263.0,1933.0,1204.0
2026-08-10 12:45:34,2026-08-10 12:30,1265.5,1499.0,-15.58,12361400,1329.0,1263.0,1933.0,1204.0
2026-08-10 12:50:42,2026-08-10 12:35,1263.0,1499.0,-15.74,13669700,1329.0,1258.0,1933.0,1204.0
2026-08-10 12:55:39,2026-08-10 12:40,1263.0,1499.0,-15.74,14021100,1329.0,1258.0,1933.0,1204.0
2026-08-10 13:00:34,2026-08-10 12:45,1263.5,1499.0,-15.71,14342000,1329.0,1258.0,1933.0,1204.0
2026-08-10 13:05:36,2026-08-10 12:50,1261.5,1499.0,-15.84,14537200,1329.0,1258.0,1933.0,1204.0
2026-08-10 13:10:31,2026-08-10 12:55,1259.0,1499.0,-16.01,14904400,1329.0,1258.0,1933.0,1204.0
2026-08-10 13:15:38,2026-08-10 13:00,1256.5,1499.0,-16.18,15500100,1329.0,1255.0,1933.0,1204.0
2026-08-10 13:20:36,2026-08-10 13:05,1255.0,1499.0,-16.28,15929900,1329.0,1254.5,1933.0,1204.0
2026-08-10 13:25:33,2026-08-10 13:10,1253.0,1499.0,-16.41,16399500,1329.0,1253.0,1933.0,1204.0
2026-08-10 13:30:39,2026-08-10 13:15,1253.5,1499.0,-16.38,16754300,1329.0,1252.0,1933.0,1204.0
2026-08-10 13:35:32,2026-08-10 13:20,1252.5,1499.0,-16.44,17145600,1329.0,1251.0,1933.0,1204.0
2026-08-10 13:40:38,2026-08-10 13:25,1255.0,1499.0,-16.28,17327500,1329.0,1251.0,1933.0,1204.0
2026-08-10 13:45:36,2026-08-10 13:30,1255.5,1499.0,-16.24,17469800,1329.0,1251.0,1933.0,1204.0
2026-08-10 13:50:36,2026-08-10 13:35,1256.5,1499.0,-16.18,17635600,1329.0,1251.0,1933.0,1204.0
2026-08-10 13:55:41,2026-08-10 13:40,1255.5,1499.0,-16.24,17752900,1329.0,1251.0,1933.0,1204.0
2026-08-10 14:00:40,2026-08-10 13:45,1255.0,1499.0,-16.28,17924900,1329.0,1251.0,1933.0,1204.0
2026-08-10 14:05:41,2026-08-10 13:50,1256.5,1499.0,-16.18,18048500,1329.0,1251.0,1933.0,1204.0
2026-08-10 14:10:48,2026-08-10 13:55,1255.5,1499.0,-16.24,18153000,1329.0,1251.0,1933.0,1204.0
2026-08-10 14:15:45,2026-08-10 14:00,1254.5,1499.0,-16.31,18244700,1329.0,1251.0,1933.0,1204.0
2026-08-10 14:20:38,2026-08-10 14:05,1255.0,1499.0,-16.28,18289600,1329.0,1251.0,1933.0,1204.0
2026-08-10 14:25:37,2026-08-10 14:10,1252.5,1499.0,-16.44,18489000,1329.0,1251.0,1933.0,1204.0
2026-08-10 14:30:44,2026-08-10 14:15,1252.5,1499.0,-16.44,18679600,1329.0,1251.0,1933.0,1204.0
2026-08-10 14:35:38,2026-08-10 14:20,1251.5,1499.0,-16.51,18829200,1329.0,1251.0,1933.0,1204.0
2026-08-10 14:40:41,2026-08-10 14:25,1251.0,1499.0,-16.54,18911900,1329.0,1251.0,1933.0,1204.0
2026-08-10 14:45:39,2026-08-10 14:30,1250.5,1499.0,-16.58,19173800,1329.0,1250.5,1933.0,1204.0
2026-08-10 14:50:38,2026-08-10 14:35,1250.5,1499.0,-16.58,19269400,1329.0,1250.5,1933.0,1204.0
2026-08-10 14:55:41,2026-08-10 14:40,1250.5,1499.0,-16.58,19334500,1329.0,1250.5,1933.0,1204.0
2026-08-10 15:00:53,2026-08-10 14:45,1251.0,1499.0,-16.54,19418400,1329.0,1250.5,1933.0,1204.0
2026-08-10 15:05:44,2026-08-10 14:50,1251.0,1499.0,-16.54,19824800,1329.0,1250.5,1933.0,1204.0
2026-08-10 15:10:44,2026-08-10 14:55,1251.0,1499.0,-16.54,20097500,1329.0,1250.5,1933.0,1204.0
2026-08-10 15:15:36,2026-08-10 15:00,1251.0,1499.0,-16.54,20148500,1329.0,1250.5,1933.0,1204.0
2026-08-10 15:20:34,2026-08-10 15:05,1252.5,1499.0,-16.44,20421300,1329.0,1250.5,1933.0,1204.0
2026-08-10 15:25:37,2026-08-10 15:10,1254.0,1499.0,-16.34,20763100,1329.0,1250.5,1933.0,1204.0
2026-08-10 15:30:44,2026-08-10 15:15,1250.5,1499.0,-16.58,21264100,1329.0,1250.0,1933.0,1204.0
2026-08-10 15:40:37,2026-08-10 15:24,1248.5,1499.0,-16.71,22458900,1329.0,1247.0,1933.0,1204.0
2026-08-12 09:05:33,2026-08-10 15:30,1249.0,1499.0,-16.68,24031200,1329.0,1247.0,1933.0,1204.0
2026-08-12 09:10:47,2026-08-10 15:30,1249.0,1499.0,-16.68,24031200,1329.0,1247.0,1933.0,1204.0
2026-08-12 09:15:41,2026-08-12 09:00,1249.0,1499.0,-16.68,25125600,1257.5,1247.0,1933.0,1204.0
2026-08-12 09:20:45,2026-08-12 09:05,1246.0,1249.0,-0.24,2090700,1259.5,1240.0,1933.0,1204.0
2026-08-12 09:25:40,2026-08-12 09:10,1240.5,1249.0,-0.68,2398800,1259.5,1240.0,1933.0,1204.0
2026-08-12 09:30:47,2026-08-12 09:15,1253.5,1249.0,0.36,2899300,1259.5,1240.0,1933.0,1204.0
2026-08-12 09:35:43,2026-08-12 09:20,1246.5,1249.0,-0.2,3277700,1259.5,1240.0,1933.0,1204.0
2026-08-12 09:40:40,2026-08-12 09:25,1248.5,1249.0,-0.04,3427200,1259.5,1240.0,1933.0,1204.0
2026-08-12 09:45:37,2026-08-12 09:30,1249.5,1249.0,0.04,3535100,1259.5,1240.0,1933.0,1204.0
2026-08-12 09:50:32,2026-08-12 09:35,1250.5,1249.0,0.12,3670400,1259.5,1240.0,1933.0,1204.0
2026-08-12 09:55:33,2026-08-12 09:40,1253.0,1249.0,0.32,3824800,1259.5,1240.0,1933.0,1204.0
2026-08-12 10:00:35,2026-08-12 09:45,1253.0,1249.0,0.32,3941600,1259.5,1240.0,1933.0,1204.0
2026-08-12 10:05:38,2026-08-12 09:50,1259.0,1249.0,0.8,4214700,1262.0,1240.0,1933.0,1204.0
2026-08-12 10:10:33,2026-08-12 09:55,1255.5,1249.0,0.52,4309100,1262.0,1240.0,1933.0,1204.0
2026-08-12 10:15:49,2026-08-12 10:00,1253.5,1249.0,0.36,4396200,1262.0,1240.0,1933.0,1204.0
2026-08-12 10:20:35,2026-08-12 10:05,1256.0,1249.0,0.56,4519300,1262.0,1240.0,1933.0,1204.0
2026-08-12 10:25:33,2026-08-12 10:10,1257.5,1249.0,0.68,4612100,1262.0,1240.0,1933.0,1204.0
2026-08-12 10:30:44,2026-08-12 10:15,1259.0,1249.0,0.8,4736500,1262.0,1240.0,1933.0,1204.0
2026-08-12 10:35:36,2026-08-12 10:20,1260.0,1249.0,0.88,4835800,1262.0,1240.0,1933.0,1204.0
2026-08-12 10:40:43,2026-08-12 10:25,1262.0,1249.0,1.04,5096200,1263.0,1240.0,1933.0,1204.0
2026-08-12 10:45:32,2026-08-12 10:30,1257.5,1249.0,0.68,5264900,1263.0,1240.0,1933.0,1204.0
2026-08-12 10:50:58,2026-08-12 10:35,1258.5,1249.0,0.76,5377800,1263.0,1240.0,1933.0,1204.0
2026-08-12 10:55:32,2026-08-12 10:40,1259.0,1249.0,0.8,5403300,1263.0,1240.0,1933.0,1204.0
2026-08-12 11:00:33,2026-08-12 10:45,1260.5,1249.0,0.92,5484500,1263.0,1240.0,1933.0,1204.0
2026-08-12 11:05:37,2026-08-12 10:50,1259.5,1249.0,0.84,5537900,1263.0,1240.0,1933.0,1204.0
2026-08-12 11:10:30,2026-08-12 10:55,1260.5,1249.0,0.92,5598200,1263.0,1240.0,1933.0,1204.0
2026-08-12 11:15:41,2026-08-12 11:00,1260.0,1249.0,0.88,5644600,1263.0,1240.0,1933.0,1204.0
2026-08-12 11:20:35,2026-08-12 11:05,1260.0,1249.0,0.88,5711500,1263.0,1240.0,1933.0,1204.0
2026-08-12 11:25:56,2026-08-12 11:10,1259.5,1249.0,0.84,5756100,1263.0,1240.0,1933.0,1204.0
2026-08-12 11:30:32,2026-08-12 11:15,1259.5,1249.0,0.84,5815200,1263.0,1240.0,1933.0,1204.0
2026-08-12 12:30:30,2026-08-12 11:30,1258.0,1249.0,0.72,6006400,1263.0,1240.0,1933.0,1204.0
2026-08-12 12:35:30,2026-08-12 11:30,1258.0,1249.0,0.72,6006400,1263.0,1240.0,1933.0,1204.0
2026-08-12 12:40:36,2026-08-12 11:30,1258.0,1249.0,0.72,6006400,1263.0,1240.0,1933.0,1204.0
2026-08-12 12:46:01,2026-08-12 12:30,1258.5,1249.0,0.76,6123900,1263.0,1240.0,1933.0,1204.0
2026-08-12 12:50:33,2026-08-12 12:35,1253.5,1249.0,0.36,6298900,1263.0,1240.0,1933.0,1204.0
2026-08-12 12:55:38,2026-08-12 12:40,1249.0,1249.0,0.0,6603700,1263.0,1240.0,1933.0,1204.0
2026-08-12 13:00:31,2026-08-12 12:45,1250.0,1249.0,0.08,6755700,1263.0,1240.0,1933.0,1204.0
2026-08-12 13:05:33,2026-08-12 12:50,1250.5,1249.0,0.12,6860700,1263.0,1240.0,1933.0,1204.0
2026-08-12 13:10:37,2026-08-12 12:55,1251.5,1249.0,0.2,6936800,1263.0,1240.0,1933.0,1204.0
2026-08-12 13:15:38,2026-08-12 13:00,1251.0,1249.0,0.16,7003400,1263.0,1240.0,1933.0,1204.0
2026-08-12 13:20:30,2026-08-12 13:05,1250.5,1249.0,0.12,7057000,1263.0,1240.0,1933.0,1204.0
2026-08-12 13:25:54,2026-08-12 13:10,1248.5,1249.0,-0.04,7271800,1263.0,1240.0,1933.0,1204.0
2026-08-12 13:30:36,2026-08-12 13:15,1248.5,1249.0,-0.04,7359900,1263.0,1240.0,1933.0,1204.0
2026-08-12 13:35:33,2026-08-12 13:20,1248.0,1249.0,-0.08,7572300,1263.0,1240.0,1933.0,1204.0
2026-08-12 13:41:12,2026-08-12 13:25,1248.5,1249.0,-0.04,7659000,1263.0,1240.0,1933.0,1204.0
2026-08-12 13:45:36,2026-08-12 13:30,1246.5,1249.0,-0.2,7754400,1263.0,1240.0,1933.0,1204.0
2026-08-12 13:50:48,2026-08-12 13:35,1246.5,1249.0,-0.2,7846900,1263.0,1240.0,1933.0,1204.0
2026-08-12 13:55:40,2026-08-12 13:40,1245.5,1249.0,-0.28,7900700,1263.0,1240.0,1933.0,1204.0
2026-08-12 14:00:33,2026-08-12 13:45,1245.5,1249.0,-0.28,7945800,1263.0,1240.0,1933.0,1204.0
2026-08-12 14:05:40,2026-08-12 13:50,1247.5,1249.0,-0.12,8049700,1263.0,1240.0,1933.0,1204.0
2026-08-12 14:10:37,2026-08-12 13:55,1248.5,1249.0,-0.04,8089900,1263.0,1240.0,1933.0,1204.0
2026-08-12 14:15:36,2026-08-12 14:00,1247.5,1249.0,-0.12,8160000,1263.0,1240.0,1933.0,1204.0
2026-08-12 14:20:37,2026-08-12 14:05,1247.0,1249.0,-0.16,8207500,1263.0,1240.0,1933.0,1204.0
2026-08-12 14:25:39,2026-08-12 14:10,1246.5,1249.0,-0.2,8341800,1263.0,1240.0,1933.0,1204.0
2026-08-12 14:30:41,2026-08-12 14:15,1246.5,1249.0,-0.2,8437800,1263.0,1240.0,1933.0,1204.0
2026-08-12 14:35:45,2026-08-12 14:20,1245.0,1249.0,-0.32,8502200,1263.0,1240.0,1933.0,1204.0
2026-08-12 14:40:37,2026-08-12 14:25,1245.5,1249.0,-0.28,8522500,1263.0,1240.0,1933.0,1204.0
2026-08-12 14:45:46,2026-08-12 14:30,1246.0,1249.0,-0.24,8650300,1263.0,1240.0,1933.0,1204.0
2026-08-12 14:50:39,2026-08-12 14:35,1245.0,1249.0,-0.32,8713500,1263.0,1240.0,1933.0,1204.0
2026-08-12 14:55:33,2026-08-12 14:40,1246.5,1249.0,-0.2,8813300,1263.0,1240.0,1933.0,1204.0
2026-08-12 15:00:38,2026-08-12 14:45,1248.5,1249.0,-0.04,8905300,1263.0,1240.0,1933.0,1204.0
2026-08-12 15:05:43,2026-08-12 14:50,1248.0,1249.0,-0.08,8959200,1263.0,1240.0,1933.0,1204.0
2026-08-12 15:10:36,2026-08-12 14:55,1248.5,1249.0,-0.04,8988400,1263.0,1240.0,1933.0,1204.0
2026-08-12 15:15:52,2026-08-12 15:00,1247.0,1249.0,-0.16,9023800,1263.0,1240.0,1933.0,1204.0
2026-08-12 15:20:36,2026-08-12 15:05,1246.5,1249.0,-0.2,9095900,1263.0,1240.0,1933.0,1204.0
2026-08-12 15:25:30,2026-08-12 15:10,1246.5,1249.0,-0.2,9172100,1263.0,1240.0,1933.0,1204.0
2026-08-12 15:30:32,2026-08-12 15:15,1247.5,1249.0,-0.12,9328700,1263.0,1240.0,1933.0,1204.0
2026-08-12 15:40:42,2026-08-12 15:24,1247.5,1249.0,-0.12,9666700,1263.0,1240.0,1933.0,1204.0
2026-08-13 09:05:42,2026-08-12 15:30,1247.5,1249.0,-0.12,11412500,1263.0,1240.0,1933.0,1204.0
2026-08-13 09:10:32,2026-08-12 15:30,1247.5,1249.0,-0.12,11412500,1263.0,1240.0,1933.0,1204.0
2026-08-13 09:15:45,2026-08-13 09:00,1247.5,1249.0,-0.12,11943900,1247.5,1242.0,1933.0,1204.0
2026-08-13 09:20:30,2026-08-13 09:05,1246.0,1247.5,-0.12,892900,1249.5,1241.0,1933.0,1204.0
2026-08-13 09:25:43,2026-08-13 09:10,1244.5,1247.5,-0.24,1181700,1249.5,1241.0,1933.0,1204.0
2026-08-13 09:30:32,2026-08-13 09:15,1237.5,1247.5,-0.8,1916900,1249.5,1233.0,1933.0,1204.0
2026-08-13 09:35:33,2026-08-13 09:20,1234.5,1247.5,-1.04,2262500,1249.5,1233.0,1933.0,1204.0
2026-08-13 09:40:37,2026-08-13 09:25,1234.0,1247.5,-1.08,2539100,1249.5,1233.0,1933.0,1204.0
2026-08-13 09:45:48,2026-08-13 09:30,1233.5,1247.5,-1.12,2853000,1249.5,1231.0,1933.0,1204.0
2026-08-13 09:50:39,2026-08-13 09:35,1234.0,1247.5,-1.08,3014000,1249.5,1231.0,1933.0,1204.0
2026-08-13 09:55:49,2026-08-13 09:40,1238.5,1247.5,-0.72,3239500,1249.5,1231.0,1933.0,1204.0
2026-08-13 10:00:31,2026-08-13 09:45,1235.0,1247.5,-1.0,3402100,1249.5,1231.0,1933.0,1204.0
2026-08-13 10:05:41,2026-08-13 09:50,1236.5,1247.5,-0.88,3549200,1249.5,1231.0,1933.0,1204.0
2026-08-13 10:10:45,2026-08-13 09:55,1232.0,1247.5,-1.24,3752700,1249.5,1231.0,1933.0,1204.0
2026-08-13 10:15:30,2026-08-13 10:00,1229.0,1247.5,-1.48,4244800,1249.5,1228.0,1933.0,1204.0
2026-08-13 10:20:46,2026-08-13 10:05,1230.5,1247.5,-1.36,4408400,1249.5,1228.0,1933.0,1204.0
2026-08-13 10:25:33,2026-08-13 10:10,1232.5,1247.5,-1.2,4509200,1249.5,1228.0,1933.0,1204.0
2026-08-13 10:30:31,2026-08-13 10:15,1233.0,1247.5,-1.16,4638400,1249.5,1228.0,1933.0,1204.0
2026-08-13 10:35:36,2026-08-13 10:20,1231.5,1247.5,-1.28,4745700,1249.5,1228.0,1933.0,1204.0
2026-08-13 10:40:32,2026-08-13 10:25,1232.0,1247.5,-1.24,4820400,1249.5,1228.0,1933.0,1204.0
2026-08-13 10:45:32,2026-08-13 10:30,1231.5,1247.5,-1.28,4905100,1249.5,1228.0,1933.0,1204.0
2026-08-13 10:50:31,2026-08-13 10:35,1235.0,1247.5,-1.0,4981400,1249.5,1228.0,1933.0,1204.0
2026-08-13 10:55:42,2026-08-13 10:40,1237.0,1247.5,-0.84,5097600,1249.5,1228.0,1933.0,1204.0
2026-08-13 11:00:35,2026-08-13 10:45,1234.5,1247.5,-1.04,5148800,1249.5,1228.0,1933.0,1204.0
2026-08-13 11:05:36,2026-08-13 10:50,1236.5,1247.5,-0.88,5205500,1249.5,1228.0,1933.0,1204.0
2026-08-13 11:10:34,2026-08-13 10:55,1237.5,1247.5,-0.8,5260500,1249.5,1228.0,1933.0,1204.0
2026-08-13 11:15:46,2026-08-13 11:00,1236.5,1247.5,-0.88,5302900,1249.5,1228.0,1933.0,1204.0
2026-08-13 11:20:34,2026-08-13 11:05,1238.5,1247.5,-0.72,5390000,1249.5,1228.0,1933.0,1204.0
2026-08-13 11:25:32,2026-08-13 11:10,1236.0,1247.5,-0.92,5464100,1249.5,1228.0,1933.0,1204.0
2026-08-13 11:30:35,2026-08-13 11:15,1234.5,1247.5,-1.04,5557700,1249.5,1228.0,1933.0,1204.0
2026-08-13 12:30:37,2026-08-13 11:30,1236.5,1247.5,-0.88,5772100,1249.5,1228.0,1933.0,1204.0
2026-08-13 12:35:37,2026-08-13 11:30,1236.5,1247.5,-0.88,5772100,1249.5,1228.0,1933.0,1204.0
2026-08-13 12:40:36,2026-08-13 11:30,1236.5,1247.5,-0.88,5772100,1249.5,1228.0,1933.0,1204.0
2026-08-13 12:45:47,2026-08-13 12:30,1237.5,1247.5,-0.8,5953500,1249.5,1228.0,1933.0,1204.0
2026-08-13 12:50:31,2026-08-13 12:35,1240.5,1247.5,-0.56,6119200,1249.5,1228.0,1933.0,1204.0
2026-08-13 12:55:39,2026-08-13 12:40,1242.5,1247.5,-0.4,6362400,1249.5,1228.0,1933.0,1204.0
2026-08-13 13:00:41,2026-08-13 12:45,1245.5,1247.5,-0.16,6574200,1249.5,1228.0,1933.0,1204.0
2026-08-13 13:05:36,2026-08-13 12:50,1250.0,1247.5,0.2,6794800,1250.5,1228.0,1933.0,1204.0
2026-08-13 13:10:45,2026-08-13 12:55,1250.0,1247.5,0.2,6916500,1250.5,1228.0,1933.0,1204.0
2026-08-13 13:15:38,2026-08-13 13:00,1250.5,1247.5,0.24,7003300,1251.5,1228.0,1933.0,1204.0
2026-08-13 13:20:39,2026-08-13 13:05,1253.0,1247.5,0.44,7146000,1254.0,1228.0,1933.0,1204.0
2026-08-13 13:26:02,2026-08-13 13:11,1253.0,1247.5,0.44,7417900,1256.5,1228.0,1933.0,1204.0
2026-08-13 13:30:36,2026-08-13 13:15,1252.0,1247.5,0.36,7544700,1256.5,1228.0,1933.0,1204.0
2026-08-13 13:35:33,2026-08-13 13:20,1251.0,1247.5,0.28,7648800,1256.5,1228.0,1933.0,1204.0
2026-08-13 13:40:41,2026-08-13 13:25,1252.0,1247.5,0.36,7731200,1256.5,1228.0,1933.0,1204.0
2026-08-13 13:45:39,2026-08-13 13:30,1251.5,1247.5,0.32,7796500,1256.5,1228.0,1933.0,1204.0
2026-08-13 13:51:04,2026-08-13 13:35,1250.0,1247.5,0.2,7910500,1256.5,1228.0,1933.0,1204.0
2026-08-13 13:55:36,2026-08-13 13:40,1250.0,1247.5,0.2,7970900,1256.5,1228.0,1933.0,1204.0
2026-08-13 14:00:38,2026-08-13 13:45,1249.0,1247.5,0.12,8048500,1256.5,1228.0,1933.0,1204.0
2026-08-13 14:05:48,2026-08-13 13:50,1248.5,1247.5,0.08,8129000,1256.5,1228.0,1933.0,1204.0
2026-08-13 14:10:36,2026-08-13 13:55,1246.5,1247.5,-0.08,8291200,1256.5,1228.0,1933.0,1204.0
2026-08-13 14:15:43,2026-08-13 14:00,1246.5,1247.5,-0.08,8409000,1256.5,1228.0,1933.0,1204.0
2026-08-13 14:20:43,2026-08-13 14:05,1248.0,1247.5,0.04,8465700,1256.5,1228.0,1933.0,1204.0
2026-08-13 14:25:34,2026-08-13 14:10,1246.5,1247.5,-0.08,8553900,1256.5,1228.0,1933.0,1204.0
2026-08-13 14:30:37,2026-08-13 14:15,1247.5,1247.5,0.0,8627400,1256.5,1228.0,1933.0,1204.0
2026-08-13 14:35:34,2026-08-13 14:20,1250.0,1247.5,0.2,8750200,1256.5,1228.0,1933.0,1204.0
2026-08-13 14:40:41,2026-08-13 14:25,1250.5,1247.5,0.24,8876200,1256.5,1228.0,1933.0,1204.0
2026-08-13 14:45:40,2026-08-13 14:30,1252.5,1247.5,0.4,9054000,1256.5,1228.0,1933.0,1204.0
2026-08-13 14:50:37,2026-08-13 14:35,1252.0,1247.5,0.36,9132600,1256.5,1228.0,1933.0,1204.0
2026-08-13 14:55:59,2026-08-13 14:40,1258.5,1247.5,0.88,9358300,1258.5,1228.0,1933.0,1204.0
2026-08-13 15:01:01,2026-08-13 14:46,1258.5,1247.5,0.88,9492400,1259.5,1228.0,1933.0,1204.0
2026-08-13 15:05:35,2026-08-13 14:50,1259.5,1247.5,0.96,9718200,1260.0,1228.0,1933.0,1204.0
2026-08-13 15:10:34,2026-08-13 14:55,1261.0,1247.5,1.08,9920000,1261.0,1228.0,1933.0,1204.0
2026-08-13 15:16:00,2026-08-13 15:00,1262.0,1247.5,1.16,10430800,1264.5,1228.0,1933.0,1204.0
2026-08-13 15:20:37,2026-08-13 15:05,1263.0,1247.5,1.24,10634000,1264.5,1228.0,1933.0,1204.0
2026-08-13 15:25:51,2026-08-13 15:10,1259.5,1247.5,0.96,10934700,1264.5,1228.0,1933.0,1204.0
2026-08-13 15:30:35,2026-08-13 15:15,1262.5,1247.5,1.2,11182800,1264.5,1228.0,1933.0,1204.0
2026-08-13 15:40:38,2026-08-13 15:24,1261.0,1247.5,1.08,11559600,1264.5,1228.0,1933.0,1204.0
2026-08-14 09:05:35,2026-08-13 15:30,1255.0,1247.5,0.6,13451900,1264.5,1228.0,1933.0,1204.0
2026-08-14 09:11:28,2026-08-13 15:30,1255.0,1247.5,0.6,13451900,1264.5,1228.0,1933.0,1204.0
2026-08-14 09:15:41,2026-08-14 09:00,1255.0,1247.5,0.6,13860800,1260.0,1253.0,1933.0,1204.0
2026-08-14 09:20:30,2026-08-14 09:05,1254.5,1255.0,-0.04,605700,1260.0,1250.5,1933.0,1204.0
2026-08-14 09:25:31,2026-08-14 09:10,1259.5,1255.0,0.36,826700,1262.0,1250.5,1933.0,1204.0
2026-08-14 09:30:50,2026-08-14 09:15,1261.0,1255.0,0.48,1023800,1262.0,1250.5,1933.0,1204.0
2026-08-14 09:35:31,2026-08-14 09:20,1262.0,1255.0,0.56,1423300,1266.0,1250.5,1933.0,1204.0
2026-08-14 09:40:37,2026-08-14 09:25,1265.5,1255.0,0.84,2221900,1268.5,1250.5,1933.0,1204.0
2026-08-14 09:45:39,2026-08-14 09:30,1258.5,1255.0,0.28,2486200,1268.5,1250.5,1933.0,1204.0
2026-08-14 09:50:34,2026-08-14 09:35,1260.5,1255.0,0.44,2590400,1268.5,1250.5,1933.0,1204.0
2026-08-14 09:55:30,2026-08-14 09:40,1261.5,1255.0,0.52,2770900,1268.5,1250.5,1933.0,1204.0
2026-08-14 10:00:31,2026-08-14 09:45,1259.0,1255.0,0.32,2884700,1268.5,1250.5,1933.0,1204.0
2026-08-14 10:05:46,2026-08-14 09:50,1258.5,1255.0,0.28,3017100,1268.5,1250.5,1933.0,1204.0
2026-08-14 10:10:49,2026-08-14 09:55,1258.5,1255.0,0.28,3095900,1268.5,1250.5,1933.0,1204.0
2026-08-14 10:15:49,2026-08-14 10:00,1262.5,1255.0,0.6,3196700,1268.5,1250.5,1933.0,1204.0
2026-08-14 10:20:32,2026-08-14 10:05,1264.5,1255.0,0.76,3375700,1268.5,1250.5,1933.0,1204.0
2026-08-14 10:25:35,2026-08-14 10:10,1268.5,1255.0,1.08,4032200,1269.5,1250.5,1933.0,1204.0
2026-08-14 10:30:35,2026-08-14 10:15,1273.0,1255.0,1.43,4542000,1275.5,1250.5,1933.0,1204.0
2026-08-14 10:35:40,2026-08-14 10:18,1274.5,1255.0,1.55,4683200,1275.5,1250.5,1933.0,1204.0
2026-08-14 10:40:35,2026-08-14 10:25,1272.0,1255.0,1.35,4951900,1276.0,1250.5,1933.0,1204.0
2026-08-14 10:45:41,2026-08-14 10:30,1271.0,1255.0,1.27,5095000,1276.0,1250.5,1933.0,1204.0
2026-08-14 10:50:39,2026-08-14 10:35,1274.5,1255.0,1.55,5240600,1276.0,1250.5,1933.0,1204.0
2026-08-14 10:55:42,2026-08-14 10:40,1273.5,1255.0,1.47,5328000,1276.0,1250.5,1933.0,1204.0
2026-08-14 11:00:35,2026-08-14 10:45,1276.0,1255.0,1.67,5487100,1276.5,1250.5,1933.0,1204.0
2026-08-14 11:05:43,2026-08-14 10:50,1277.5,1255.0,1.79,5646000,1278.0,1250.5,1933.0,1204.0
2026-08-14 11:10:30,2026-08-14 10:55,1276.0,1255.0,1.67,5755900,1278.0,1250.5,1933.0,1204.0
2026-08-14 11:15:34,2026-08-14 11:00,1277.5,1255.0,1.79,5825800,1278.0,1250.5,1933.0,1204.0
2026-08-14 11:20:32,2026-08-14 11:05,1277.5,1255.0,1.79,6092500,1280.5,1250.5,1933.0,1204.0
2026-08-14 11:25:37,2026-08-14 11:10,1277.5,1255.0,1.79,6194000,1280.5,1250.5,1933.0,1204.0
2026-08-14 11:30:44,2026-08-14 11:15,1279.0,1255.0,1.91,6340500,1280.5,1250.5,1933.0,1204.0
2026-08-14 12:30:34,2026-08-14 11:30,1283.5,1255.0,2.27,6961100,1285.5,1250.5,1933.0,1204.0
2026-08-14 12:35:35,2026-08-14 11:30,1283.5,1255.0,2.27,6961100,1285.5,1250.5,1933.0,1204.0
2026-08-14 12:40:35,2026-08-14 11:30,1283.5,1255.0,2.27,6961100,1285.5,1250.5,1933.0,1204.0
2026-08-14 12:45:39,2026-08-14 11:30,1283.5,1255.0,2.27,6961100,1285.0,1250.5,1933.0,1204.0
2026-08-14 12:50:32,2026-08-14 12:35,1270.5,1255.0,1.24,7483500,1285.0,1250.5,1933.0,1204.0
2026-08-14 12:55:35,2026-08-14 12:40,1268.5,1255.0,1.08,7632000,1285.5,1250.5,1933.0,1204.0
2026-08-14 13:00:38,2026-08-14 12:45,1266.0,1255.0,0.88,7862100,1285.0,1250.5,1933.0,1204.0
2026-08-14 13:05:37,2026-08-14 12:50,1265.0,1255.0,0.8,8011500,1285.5,1250.5,1933.0,1204.0
2026-08-14 13:10:32,2026-08-14 12:55,1264.5,1255.0,0.76,8146500,1285.5,1250.5,1933.0,1204.0
2026-08-14 13:15:37,2026-08-14 13:00,1262.5,1255.0,0.6,8297800,1285.5,1250.5,1933.0,1204.0
2026-08-14 13:20:35,2026-08-14 13:05,1262.0,1255.0,0.56,8515300,1285.5,1250.5,1933.0,1204.0
2026-08-14 13:25:35,2026-08-14 13:10,1261.0,1255.0,0.48,8620100,1285.0,1250.5,1933.0,1204.0
2026-08-14 13:30:32,2026-08-14 13:15,1262.5,1255.0,0.6,8695900,1285.5,1250.5,1933.0,1204.0
2026-08-14 13:35:37,2026-08-14 13:20,1262.5,1255.0,0.6,8744400,1285.5,1250.5,1933.0,1204.0
2026-08-14 13:40:41,2026-08-14 13:25,1264.0,1255.0,0.72,8849400,1285.0,1250.5,1933.0,1204.0
2026-08-14 13:45:41,2026-08-14 13:30,1262.5,1255.0,0.6,8938300,1285.0,1250.5,1933.0,1204.0
2026-08-14 13:50:39,2026-08-14 13:35,1263.0,1255.0,0.64,9022800,1285.5,1250.5,1933.0,1204.0
2026-08-14 13:55:39,2026-08-14 13:40,1262.0,1255.0,0.56,9068100,1285.5,1250.5,1933.0,1204.0
2026-08-14 14:00:39,2026-08-14 13:45,1261.5,1255.0,0.52,9333700,1285.5,1250.5,1933.0,1204.0
2026-08-14 14:05:43,2026-08-14 13:50,1259.5,1255.0,0.36,9576400,1285.0,1250.5,1933.0,1204.0
2026-08-14 14:10:34,2026-08-14 13:55,1262.0,1255.0,0.56,9625100,1285.0,1250.5,1933.0,1204.0
2026-08-14 14:15:50,2026-08-14 14:00,1262.0,1255.0,0.56,9725700,1285.5,1250.5,1933.0,1204.0
2026-08-14 14:20:39,2026-08-14 14:05,1262.5,1255.0,0.6,9755100,1285.5,1250.5,1933.0,1204.0
2026-08-14 14:25:59,2026-08-14 14:10,1261.5,1255.0,0.52,9807400,1285.5,1250.5,1933.0,1204.0
2026-08-14 14:30:36,2026-08-14 14:15,1263.5,1255.0,0.68,9956400,1285.0,1250.5,1933.0,1204.0
2026-08-14 14:35:33,2026-08-14 14:20,1261.5,1255.0,0.52,10020000,1285.5,1250.5,1933.0,1204.0
2026-08-14 14:40:40,2026-08-14 14:25,1260.5,1255.0,0.44,10164800,1285.5,1250.5,1933.0,1204.0
2026-08-14 14:45:54,2026-08-14 14:30,1260.5,1255.0,0.44,10223100,1285.0,1250.5,1933.0,1204.0
2026-08-14 14:50:40,2026-08-14 14:35,1259.5,1255.0,0.36,10307300,1285.5,1250.5,1933.0,1204.0
2026-08-14 14:55:46,2026-08-14 14:40,1260.0,1255.0,0.4,10612400,1285.0,1250.5,1933.0,1204.0
2026-08-14 15:00:39,2026-08-14 14:45,1259.5,1255.0,0.36,10691000,1285.5,1250.5,1933.0,1204.0
2026-08-14 15:05:45,2026-08-14 14:50,1261.5,1255.0,0.52,10764300,1285.5,1250.5,1933.0,1204.0
2026-08-14 15:10:39,2026-08-14 14:55,1259.5,1255.0,0.36,10843300,1285.0,1250.5,1933.0,1204.0
2026-08-14 15:15:36,2026-08-14 15:00,1259.5,1255.0,0.36,10950000,1285.5,1250.5,1933.0,1204.0
2026-08-14 15:20:51,2026-08-14 15:05,1259.0,1255.0,0.32,11084300,1285.5,1250.5,1933.0,1204.0
2026-08-14 15:25:31,2026-08-14 15:10,1260.0,1255.0,0.4,11258000,1285.5,1250.5,1933.0,1204.0
2026-08-14 15:30:38,2026-08-14 15:15,1261.5,1255.0,0.52,11441300,1285.0,1250.5,1933.0,1204.0
2026-08-14 15:40:33,2026-08-14 15:24,1262.0,1255.0,0.56,11864000,1285.0,1250.5,1933.0,1204.0
2026-08-17 09:05:36,2026-08-14 15:30,1266.0,1255.0,0.88,13814500,1285.5,1250.5,1933.0,1204.0
2026-08-17 09:10:34,2026-08-14 15:30,1266.0,1255.0,0.88,13814500,1285.5,1250.5,1933.0,1204.0
2026-08-17 09:15:31,2026-08-17 09:00,1258.5,1255.0,0.28,14362600,1265.0,1257.0,1933.0,1204.0
2026-08-17 09:20:35,2026-08-17 09:05,1256.0,1266.0,-0.79,961000,1265.0,1254.5,1933.0,1204.0
2026-08-17 09:25:40,2026-08-17 09:10,1259.5,1266.0,-0.51,1193500,1265.0,1254.5,1933.0,1204.0
2026-08-17 09:30:55,2026-08-17 09:15,1254.5,1266.0,-0.91,1699100,1265.0,1251.0,1933.0,1204.0
2026-08-17 09:35:40,2026-08-17 09:20,1261.5,1266.0,-0.36,1908500,1265.0,1251.0,1933.0,1204.0
2026-08-17 09:40:39,2026-08-17 09:25,1262.0,1266.0,-0.32,2031800,1265.0,1251.0,1933.0,1204.0
2026-08-17 09:45:35,2026-08-17 09:30,1262.5,1266.0,-0.28,2140500,1265.5,1251.0,1933.0,1204.0
2026-08-17 09:50:32,2026-08-17 09:35,1263.0,1266.0,-0.24,2265300,1265.5,1251.0,1933.0,1204.0
2026-08-17 09:55:30,2026-08-17 09:40,1262.5,1266.0,-0.28,2362800,1265.5,1251.0,1933.0,1204.0
2026-08-17 10:00:46,2026-08-17 09:45,1262.0,1266.0,-0.32,2433500,1265.5,1251.0,1933.0,1204.0
2026-08-17 10:05:43,2026-08-17 09:50,1262.5,1266.0,-0.28,2513500,1265.5,1251.0,1933.0,1204.0
2026-08-17 10:10:41,2026-08-17 09:55,1263.0,1266.0,-0.24,2610200,1265.5,1251.0,1933.0,1204.0
2026-08-17 10:15:31,2026-08-17 10:00,1263.0,1266.0,-0.24,2715700,1265.5,1251.0,1933.0,1204.0
2026-08-17 10:20:39,2026-08-17 10:05,1264.0,1266.0,-0.16,2829300,1265.5,1251.0,1933.0,1204.0
2026-08-17 10:25:35,2026-08-17 10:10,1264.0,1266.0,-0.16,2930500,1265.5,1251.0,1933.0,1204.0
2026-08-17 10:30:32,2026-08-17 10:15,1262.5,1266.0,-0.28,2991400,1265.5,1251.0,1933.0,1204.0
2026-08-17 10:35:32,2026-08-17 10:20,1266.5,1266.0,0.04,3247500,1268.5,1251.0,1933.0,1204.0
2026-08-17 10:40:36,2026-08-17 10:25,1271.0,1266.0,0.39,3746900,1271.5,1251.0,1933.0,1204.0
2026-08-17 10:45:35,2026-08-17 10:30,1271.5,1266.0,0.43,3829300,1272.0,1251.0,1933.0,1204.0
2026-08-17 10:50:39,2026-08-17 10:35,1270.5,1266.0,0.36,3886300,1272.0,1251.0,1933.0,1204.0
2026-08-17 10:55:44,2026-08-17 10:40,1270.0,1266.0,0.32,3959300,1272.0,1251.0,1933.0,1204.0
2026-08-17 11:00:32,2026-08-17 10:45,1270.5,1266.0,0.36,4067100,1272.0,1251.0,1933.0,1204.0
2026-08-17 11:05:43,2026-08-17 10:50,1268.5,1266.0,0.2,4123000,1272.0,1251.0,1933.0,1204.0
2026-08-17 11:10:35,2026-08-17 10:55,1266.0,1266.0,0.0,4184500,1272.0,1251.0,1933.0,1204.0
2026-08-17 11:15:37,2026-08-17 11:00,1266.5,1266.0,0.04,4227300,1272.0,1251.0,1933.0,1204.0
2026-08-17 11:20:38,2026-08-17 11:05,1266.0,1266.0,0.0,4270300,1272.0,1251.0,1933.0,1204.0
2026-08-17 11:25:42,2026-08-17 11:10,1266.0,1266.0,0.0,4306500,1272.0,1251.0,1933.0,1204.0
2026-08-17 11:30:37,2026-08-17 11:15,1265.5,1266.0,-0.04,4343800,1272.0,1251.0,1933.0,1204.0
2026-08-17 12:30:34,2026-08-17 11:30,1268.5,1266.0,0.2,4495300,1272.0,1251.0,1933.0,1204.0
2026-08-17 12:35:34,2026-08-17 11:30,1268.5,1266.0,0.2,4495300,1272.0,1251.0,1933.0,1204.0
2026-08-17 12:40:37,2026-08-17 11:30,1268.5,1266.0,0.2,4495300,1272.0,1251.0,1933.0,1204.0
2026-08-17 12:45:33,2026-08-17 11:30,1268.5,1266.0,0.2,4495300,1272.0,1251.0,1933.0,1204.0
2026-08-17 12:50:44,2026-08-17 12:35,1273.0,1266.0,0.55,4832500,1273.5,1251.0,1933.0,1204.0
2026-08-17 12:55:32,2026-08-17 12:40,1266.0,1266.0,0.0,4923000,1273.5,1251.0,1933.0,1204.0
2026-08-17 13:00:44,2026-08-17 12:45,1264.0,1266.0,-0.16,5058800,1273.5,1251.0,1933.0,1204.0
2026-08-17 13:05:40,2026-08-17 12:50,1266.5,1266.0,0.04,5111200,1273.5,1251.0,1933.0,1204.0
2026-08-17 13:10:37,2026-08-17 12:55,1266.0,1266.0,0.0,5169900,1273.5,1251.0,1933.0,1204.0
2026-08-17 13:15:43,2026-08-17 13:00,1265.0,1266.0,-0.08,5223000,1273.5,1251.0,1933.0,1204.0
2026-08-17 13:20:43,2026-08-17 13:05,1263.0,1266.0,-0.24,5283500,1273.5,1251.0,1933.0,1204.0
2026-08-17 13:25:42,2026-08-17 13:10,1262.0,1266.0,-0.32,5385300,1273.5,1251.0,1933.0,1204.0
2026-08-17 13:30:35,2026-08-17 13:15,1264.0,1266.0,-0.16,5451200,1273.5,1251.0,1933.0,1204.0
2026-08-17 13:35:34,2026-08-17 13:20,1263.5,1266.0,-0.2,5482700,1273.5,1251.0,1933.0,1204.0
2026-08-17 13:40:36,2026-08-17 13:25,1264.0,1266.0,-0.16,5539300,1273.5,1251.0,1933.0,1204.0
2026-08-17 13:45:34,2026-08-17 13:30,1263.5,1266.0,-0.2,5585200,1273.5,1251.0,1933.0,1204.0
2026-08-17 13:50:37,2026-08-17 13:35,1266.0,1266.0,0.0,5644000,1273.5,1251.0,1933.0,1204.0
2026-08-17 13:55:30,2026-08-17 13:40,1266.5,1266.0,0.04,5688100,1273.5,1251.0,1933.0,1204.0
2026-08-17 14:00:46,2026-08-17 13:45,1267.0,1266.0,0.08,5723200,1273.5,1251.0,1933.0,1204.0
2026-08-17 14:05:42,2026-08-17 13:50,1267.0,1266.0,0.08,5767900,1273.5,1251.0,1933.0,1204.0
2026-08-17 14:10:36,2026-08-17 13:55,1265.5,1266.0,-0.04,5802700,1273.5,1251.0,1933.0,1204.0
2026-08-17 14:15:38,2026-08-17 14:00,1265.5,1266.0,-0.04,5866600,1273.5,1251.0,1933.0,1204.0
2026-08-17 14:20:39,2026-08-17 14:05,1264.5,1266.0,-0.12,5888100,1273.5,1251.0,1933.0,1204.0
2026-08-17 14:25:46,2026-08-17 14:10,1263.0,1266.0,-0.24,5941300,1273.5,1251.0,1933.0,1204.0
2026-08-17 14:30:37,2026-08-17 14:15,1263.0,1266.0,-0.24,5979400,1273.5,1251.0,1933.0,1204.0
2026-08-17 14:35:31,2026-08-17 14:20,1262.5,1266.0,-0.28,6012500,1273.5,1251.0,1933.0,1204.0
2026-08-17 14:40:34,2026-08-17 14:25,1259.0,1266.0,-0.55,6246500,1273.5,1251.0,1933.0,1204.0
2026-08-17 14:45:33,2026-08-17 14:30,1259.0,1266.0,-0.55,6305300,1273.5,1251.0,1933.0,1204.0
2026-08-17 14:50:33,2026-08-17 14:35,1259.0,1266.0,-0.55,6359600,1273.5,1251.0,1933.0,1204.0
2026-08-17 14:55:33,2026-08-17 14:40,1259.0,1266.0,-0.55,6397600,1273.5,1251.0,1933.0,1204.0
2026-08-17 15:00:35,2026-08-17 14:45,1258.0,1266.0,-0.63,6629900,1273.5,1251.0,1933.0,1204.0
2026-08-17 15:05:33,2026-08-17 14:50,1258.5,1266.0,-0.59,6719800,1273.5,1251.0,1933.0,1204.0
2026-08-17 15:10:33,2026-08-17 14:55,1262.0,1266.0,-0.32,6790100,1273.5,1251.0,1933.0,1204.0
2026-08-17 15:15:34,2026-08-17 15:00,1263.0,1266.0,-0.24,6847400,1273.5,1251.0,1933.0,1204.0
2026-08-17 15:20:33,2026-08-17 15:05,1264.5,1266.0,-0.12,6994400,1273.5,1251.0,1933.0,1204.0
2026-08-17 15:25:41,2026-08-17 15:10,1263.5,1266.0,-0.2,7121300,1273.5,1251.0,1933.0,1204.0
2026-08-17 15:30:34,2026-08-17 15:15,1264.0,1266.0,-0.16,7214300,1273.5,1251.0,1933.0,1204.0
2026-08-17 15:40:43,2026-08-17 15:24,1262.0,1266.0,-0.32,7460400,1273.5,1251.0,1933.0,1204.0
2026-08-18 09:05:38,2026-08-17 15:30,1263.0,1266.0,-0.24,9022400,1273.5,1251.0,1933.0,1204.0
2026-08-18 09:11:31,2026-08-17 15:30,1263.0,1266.0,-0.24,9022400,1273.5,1251.0,1933.0,1204.0
2026-08-18 09:15:36,2026-08-18 09:00,1263.0,1266.0,-0.24,9437700,1258.0,1252.0,1933.0,1204.0
2026-08-18 09:20:36,2026-08-18 09:05,1252.5,1263.0,-0.83,1088000,1258.0,1246.0,1933.0,1204.0
2026-08-18 09:25:45,2026-08-18 09:10,1250.0,1263.0,-1.03,1521800,1258.0,1243.5,1933.0,1204.0
2026-08-18 09:46:04,2026-08-18 09:30,1251.0,1263.0,-0.95,1961600,1258.0,1243.5,1933.0,1204.0
2026-08-18 09:52:20,2026-08-18 09:37,1253.0,1263.0,-0.79,2067300,1258.0,1243.5,1933.0,1204.0
2026-08-18 09:55:34,2026-08-18 09:40,1252.5,1263.0,-0.83,2129400,1258.0,1243.5,1933.0,1204.0
2026-08-18 10:00:37,2026-08-18 09:45,1252.5,1263.0,-0.83,2185200,1258.0,1243.5,1933.0,1204.0
2026-08-18 10:05:37,2026-08-18 09:50,1251.5,1263.0,-0.91,2331400,1258.0,1243.5,1933.0,1204.0
2026-08-18 10:10:54,2026-08-18 09:55,1253.0,1263.0,-0.79,2413700,1258.0,1243.5,1933.0,1204.0
2026-08-18 10:15:37,2026-08-18 10:00,1254.0,1263.0,-0.71,2470600,1258.0,1243.5,1933.0,1204.0
2026-08-18 10:31:41,2026-08-18 10:16,1254.5,1263.0,-0.67,2680700,1258.0,1243.5,1933.0,1204.0
2026-08-18 10:33:37,2026-08-18 10:18,1254.5,1263.0,-0.67,2697000,1258.0,1243.5,1933.0,1204.0
2026-08-18 10:41:01,2026-08-18 10:25,1256.5,1263.0,-0.51,2763600,1258.0,1243.5,1933.0,1204.0
2026-08-18 10:41:40,2026-08-18 10:26,1257.0,1263.0,-0.48,2778300,1258.0,1243.5,1933.0,1204.0
2026-08-18 10:45:41,2026-08-18 10:30,1257.0,1263.0,-0.48,2829600,1258.0,1243.5,1933.0,1204.0
2026-08-18 11:21:16,2026-08-18 11:05,1255.5,1263.0,-0.59,3282600,1258.5,1243.5,1933.0,1204.0
2026-08-18 11:25:38,2026-08-18 11:10,1260.5,1263.0,-0.2,3372800,1261.0,1243.5,1933.0,1204.0
2026-08-18 12:42:00,2026-08-18 11:30,1263.0,1263.0,0.0,3683000,1264.0,1243.5,1933.0,1204.0
2026-08-18 12:47:12,2026-08-18 12:32,1257.0,1263.0,-0.48,3907400,1264.0,1243.5,1933.0,1204.0
2026-08-18 12:50:43,2026-08-18 12:35,1260.0,1263.0,-0.24,4021600,1264.0,1243.5,1933.0,1204.0
2026-08-18 12:55:53,2026-08-18 12:40,1258.5,1263.0,-0.36,4168400,1264.0,1243.5,1933.0,1204.0
2026-08-18 13:02:56,2026-08-18 12:47,1256.0,1263.0,-0.55,4314300,1264.0,1243.5,1933.0,1204.0
2026-08-18 13:05:42,2026-08-18 12:50,1257.0,1263.0,-0.48,4351600,1264.0,1243.5,1933.0,1204.0
2026-08-18 13:10:58,2026-08-18 12:55,1257.5,1263.0,-0.44,4391400,1264.0,1243.5,1933.0,1204.0
2026-08-18 13:16:27,2026-08-18 13:01,1256.0,1263.0,-0.55,4487900,1264.0,1243.5,1933.0,1204.0
2026-08-18 13:22:09,2026-08-18 13:07,1254.5,1263.0,-0.67,4617800,1264.0,1243.5,1933.0,1204.0
2026-08-18 13:25:55,2026-08-18 13:10,1253.0,1263.0,-0.79,4654800,1264.0,1243.5,1933.0,1204.0
2026-08-18 13:30:43,2026-08-18 13:15,1255.5,1263.0,-0.59,4745300,1264.0,1243.5,1933.0,1204.0
2026-08-18 13:35:32,2026-08-18 13:20,1255.5,1263.0,-0.59,4778800,1264.0,1243.5,1933.0,1204.0
2026-08-18 13:40:37,2026-08-18 13:25,1255.0,1263.0,-0.63,4813700,1264.0,1243.5,1933.0,1204.0
2026-08-18 13:45:37,2026-08-18 13:30,1255.0,1263.0,-0.63,4866000,1264.0,1243.5,1933.0,1204.0
2026-08-18 13:50:35,2026-08-18 13:35,1254.5,1263.0,-0.67,4889400,1264.0,1243.5,1933.0,1204.0
2026-08-18 13:55:37,2026-08-18 13:40,1258.0,1263.0,-0.4,4977200,1264.0,1243.5,1933.0,1204.0
2026-08-18 14:00:40,2026-08-18 13:45,1256.0,1263.0,-0.55,5018700,1264.0,1243.5,1933.0,1204.0
2026-08-18 14:05:37,2026-08-18 13:50,1257.0,1263.0,-0.48,5049900,1264.0,1243.5,1933.0,1204.0
2026-08-18 14:10:43,2026-08-18 13:55,1257.0,1263.0,-0.48,5108100,1264.0,1243.5,1933.0,1204.0
2026-08-18 14:15:37,2026-08-18 14:00,1255.5,1263.0,-0.59,5198200,1264.0,1243.5,1933.0,1204.0
2026-08-18 14:20:35,2026-08-18 14:05,1255.5,1263.0,-0.59,5219800,1264.0,1243.5,1933.0,1204.0
2026-08-18 14:26:06,2026-08-18 14:11,1255.0,1263.0,-0.63,5287200,1264.0,1243.5,1933.0,1204.0
2026-08-18 14:30:40,2026-08-18 14:15,1257.0,1263.0,-0.48,5333900,1264.0,1243.5,1933.0,1204.0
2026-08-18 14:35:29,2026-08-18 14:20,1257.5,1263.0,-0.44,5371300,1264.0,1243.5,1933.0,1204.0
2026-08-18 14:42:14,2026-08-18 14:27,1258.5,1263.0,-0.36,5455800,1264.0,1243.5,1933.0,1204.0
2026-08-18 14:45:39,2026-08-18 14:30,1259.0,1263.0,-0.32,5488500,1264.0,1243.5,1933.0,1204.0
2026-08-18 14:51:08,2026-08-18 14:36,1259.0,1263.0,-0.32,5551600,1264.0,1243.5,1933.0,1204.0
2026-08-18 14:55:38,2026-08-18 14:40,1258.0,1263.0,-0.4,5613700,1264.0,1243.5,1933.0,1204.0
2026-08-18 15:00:40,2026-08-18 14:45,1257.5,1263.0,-0.44,5688200,1264.0,1243.5,1933.0,1204.0
2026-08-18 15:08:15,2026-08-18 14:53,1257.5,1263.0,-0.44,5807800,1264.0,1243.5,1933.0,1204.0
2026-08-18 15:10:42,2026-08-18 14:55,1257.0,1263.0,-0.48,5843000,1264.0,1243.5,1933.0,1204.0
2026-08-18 15:15:40,2026-08-18 15:00,1257.5,1263.0,-0.44,5899900,1264.0,1243.5,1933.0,1204.0
2026-08-18 15:20:34,2026-08-18 15:05,1256.5,1263.0,-0.51,5978300,1264.0,1243.5,1933.0,1204.0
2026-08-18 15:25:54,2026-08-18 15:10,1257.0,1263.0,-0.48,6088800,1264.0,1243.5,1933.0,1204.0
2026-08-18 15:30:37,2026-08-18 15:15,1258.5,1263.0,-0.36,6196100,1264.0,1243.5,1933.0,1204.0
2026-08-18 15:40:40,2026-08-18 15:24,1257.5,1263.0,-0.44,6420300,1264.0,1243.5,1933.0,1204.0
2026-08-19 09:05:37,2026-08-18 15:30,1256.5,1263.0,-0.51,8156800,1264.0,1243.5,1933.0,1204.0
2026-08-19 09:10:43,2026-08-18 15:30,1256.5,1263.0,-0.51,8156800,1264.0,1243.5,1933.0,1204.0
2026-08-19 09:15:36,2026-08-19 09:00,1256.5,1263.0,-0.51,8644700,1280.0,1263.5,1933.0,1204.0
2026-08-19 09:20:32,2026-08-19 09:05,1274.5,1256.5,1.43,1064600,1280.0,1263.5,1933.0,1204.0
2026-08-19 09:26:04,2026-08-19 09:11,1272.0,1256.5,1.23,1316700,1280.0,1263.5,1933.0,1204.0
2026-08-19 09:30:39,2026-08-19 09:15,1276.0,1256.5,1.55,1576600,1280.0,1263.5,1933.0,1204.0
2026-08-19 09:35:40,2026-08-19 09:20,1264.5,1256.5,0.64,1764800,1280.0,1262.0,1933.0,1204.0
2026-08-19 09:40:31,2026-08-19 09:25,1262.5,1256.5,0.48,1839900,1280.0,1262.0,1933.0,1204.0
2026-08-19 09:45:35,2026-08-19 09:30,1264.0,1256.5,0.6,1954700,1280.0,1261.0,1933.0,1204.0
2026-08-19 09:50:45,2026-08-19 09:35,1262.0,1256.5,0.44,2035000,1280.0,1261.0,1933.0,1204.0
2026-08-19 09:56:26,2026-08-19 09:41,1259.5,1256.5,0.24,2114900,1280.0,1259.0,1933.0,1204.0
2026-08-19 10:00:45,2026-08-19 09:45,1259.0,1256.5,0.2,2189000,1280.0,1258.0,1933.0,1204.0
2026-08-19 10:05:44,2026-08-19 09:50,1257.0,1256.5,0.04,2367900,1280.0,1255.0,1933.0,1204.0
2026-08-19 10:11:03,2026-08-19 09:56,1255.5,1256.5,-0.08,2698000,1280.0,1254.0,1933.0,1204.0
2026-08-19 10:15:31,2026-08-19 10:00,1257.0,1256.5,0.04,2763500,1280.0,1254.0,1933.0,1204.0
2026-08-19 10:20:35,2026-08-19 10:05,1254.0,1256.5,-0.2,2868700,1280.0,1253.5,1933.0,1204.0
2026-08-19 10:25:37,2026-08-19 10:10,1253.0,1256.5,-0.28,2970700,1280.0,1252.5,1933.0,1204.0
2026-08-19 10:30:45,2026-08-19 10:15,1254.5,1256.5,-0.16,3050000,1280.0,1252.0,1933.0,1204.0
2026-08-19 10:35:38,2026-08-19 10:20,1256.0,1256.5,-0.04,3104900,1280.0,1252.0,1933.0,1204.0
2026-08-19 10:40:43,2026-08-19 10:25,1256.5,1256.5,0.0,3131400,1280.0,1252.0,1933.0,1204.0
2026-08-19 10:45:36,2026-08-19 10:30,1259.0,1256.5,0.2,3197700,1280.0,1252.0,1933.0,1204.0
2026-08-19 10:50:41,2026-08-19 10:35,1258.5,1256.5,0.16,3265300,1280.0,1252.0,1933.0,1204.0
2026-08-19 11:11:53,2026-08-19 10:56,1262.5,1256.5,0.48,3582500,1280.0,1252.0,1840.0,1204.0
2026-08-19 11:16:03,2026-08-19 11:01,1263.5,1256.5,0.56,3600500,1280.0,1252.0,1840.0,1204.0
2026-08-19 11:22:15,2026-08-19 11:07,1262.5,1256.5,0.48,3656300,1280.0,1252.0,1840.0,1204.0
2026-08-19 12:45:54,2026-08-19 12:30,1265.0,1256.5,0.68,4089200,1280.0,1252.0,1840.0,1204.0
2026-08-19 12:51:30,2026-08-19 12:36,1267.5,1256.5,0.88,4283500,1280.0,1252.0,1840.0,1204.0
2026-08-19 12:55:30,2026-08-19 12:40,1268.5,1256.5,0.96,4466000,1280.0,1252.0,1840.0,1204.0
2026-08-19 13:06:28,2026-08-19 12:51,1268.5,1256.5,0.96,4712300,1280.0,1252.0,1840.0,1204.0
2026-08-19 13:07:06,2026-08-19 12:52,1268.5,1256.5,0.96,4731300,1280.0,1252.0,1840.0,1204.0
2026-08-19 13:10:44,2026-08-19 12:55,1272.0,1256.5,1.23,4847600,1280.0,1252.0,1840.0,1204.0
2026-08-19 13:15:35,2026-08-19 13:00,1271.0,1256.5,1.15,4921100,1280.0,1252.0,1840.0,1204.0
2026-08-19 13:20:33,2026-08-19 13:05,1270.5,1256.5,1.11,5053500,1280.0,1252.0,1840.0,1204.0
2026-08-19 13:25:34,2026-08-19 13:10,1268.0,1256.5,0.92,5170000,1280.0,1252.0,1840.0,1204.0
2026-08-19 13:33:30,2026-08-19 13:18,1268.0,1256.5,0.92,5253000,1280.0,1252.0,1840.0,1204.0
2026-08-19 13:38:58,2026-08-19 13:23,1268.0,1256.5,0.92,5318400,1280.0,1252.0,1840.0,1204.0
