抓取时间,行情时刻,价格,昨收,涨跌幅%,成交量,当日最高,当日最低,52周最高,52周最低
2026-07-06 09:31:28,2026-07-06 09:16,1354.5,1351.0,0.26,564400,1356.0,1345.0,1541.5,1064.5
2026-07-06 10:18:18,2026-07-06 10:03,1362.0,1351.0,0.81,1008800,1368.5,1345.0,1541.5,1064.5
2026-07-06 10:55:27,2026-07-06 10:40,1365.5,1351.0,1.07,1235800,1368.5,1345.0,1541.5,1064.5
2026-07-06 10:58:57,2026-07-06 10:43,1366.0,1351.0,1.11,1254200,1368.5,1345.0,1541.5,1064.5
2026-07-06 11:00:39,2026-07-06 10:45,1365.5,1351.0,1.07,1259700,1368.5,1345.0,1541.5,1064.5
2026-07-06 11:05:40,2026-07-06 10:50,1366.0,1351.0,1.11,1270700,1368.5,1345.0,1541.5,1064.5
2026-07-06 11:10:40,2026-07-06 10:55,1367.5,1351.0,1.22,1312700,1368.5,1345.0,1541.5,1064.5
2026-07-06 11:15:33,2026-07-06 11:00,1365.5,1351.0,1.07,1346000,1368.5,1345.0,1541.5,1064.5
2026-07-06 11:20:37,2026-07-06 11:05,1366.5,1351.0,1.15,1359600,1368.5,1345.0,1541.5,1064.5
2026-07-06 11:25:39,2026-07-06 11:10,1366.0,1351.0,1.11,1387300,1368.5,1345.0,1541.5,1064.5
2026-07-06 11:30:38,2026-07-06 11:15,1368.5,1351.0,1.3,1433000,1368.5,1345.0,1541.5,1064.5
2026-07-06 12:30:38,2026-07-06 11:30,1371.0,1351.0,1.48,1565900,1372.0,1345.0,1541.5,1064.5
2026-07-06 12:35:35,2026-07-06 11:30,1371.0,1351.0,1.48,1565900,1372.0,1345.0,1541.5,1064.5
2026-07-06 12:40:37,2026-07-06 11:30,1371.0,1351.0,1.48,1565900,1372.0,1345.0,1541.5,1064.5
2026-07-06 12:45:37,2026-07-06 12:30,1370.0,1351.0,1.41,1666600,1372.0,1345.0,1541.5,1064.5
2026-07-06 12:50:38,2026-07-06 12:35,1370.5,1351.0,1.44,1711800,1372.0,1345.0,1541.5,1064.5
2026-07-06 12:55:47,2026-07-06 12:40,1370.0,1351.0,1.41,1753700,1372.5,1345.0,1541.5,1064.5
2026-07-06 13:00:49,2026-07-06 12:45,1369.5,1351.0,1.37,1779500,1372.5,1345.0,1541.5,1064.5
2026-07-06 13:05:35,2026-07-06 12:50,1367.5,1351.0,1.22,1803500,1372.5,1345.0,1541.5,1064.5
2026-07-06 13:10:42,2026-07-06 12:55,1370.0,1351.0,1.41,1854900,1372.5,1345.0,1541.5,1064.5
2026-07-06 13:15:38,2026-07-06 13:00,1370.0,1351.0,1.41,1880700,1372.5,1345.0,1541.5,1064.5
2026-07-06 13:20:37,2026-07-06 13:05,1369.5,1351.0,1.37,1886300,1372.5,1345.0,1541.5,1064.5
2026-07-06 13:25:45,2026-07-06 13:10,1369.0,1351.0,1.33,1924600,1372.5,1345.0,1541.5,1064.5
2026-07-06 13:30:45,2026-07-06 13:15,1369.0,1351.0,1.33,1931600,1372.5,1345.0,1541.5,1064.5
2026-07-06 13:35:37,2026-07-06 13:20,1368.0,1351.0,1.26,1957800,1372.5,1345.0,1541.5,1064.5
2026-07-06 13:40:42,2026-07-06 13:25,1368.5,1351.0,1.3,1964100,1372.5,1345.0,1541.5,1064.5
2026-07-06 13:45:49,2026-07-06 13:30,1368.0,1351.0,1.26,1969400,1372.5,1345.0,1541.5,1064.5
2026-07-06 13:50:38,2026-07-06 13:35,1367.5,1351.0,1.22,2013900,1372.5,1345.0,1541.5,1064.5
2026-07-06 13:55:39,2026-07-06 13:40,1369.0,1351.0,1.33,2029400,1372.5,1345.0,1541.5,1064.5
2026-07-06 14:00:43,2026-07-06 13:44,1368.0,1351.0,1.26,2052100,1372.5,1345.0,1541.5,1064.5
2026-07-06 14:05:46,2026-07-06 13:50,1368.0,1351.0,1.26,2073700,1372.5,1345.0,1541.5,1064.5
2026-07-06 14:10:41,2026-07-06 13:55,1367.5,1351.0,1.22,2085900,1372.5,1345.0,1541.5,1064.5
2026-07-06 14:15:42,2026-07-06 14:00,1368.0,1351.0,1.26,2092600,1372.5,1345.0,1541.5,1064.5
2026-07-06 14:20:41,2026-07-06 14:05,1369.0,1351.0,1.33,2120200,1372.5,1345.0,1541.5,1064.5
2026-07-06 14:25:35,2026-07-06 14:09,1369.0,1351.0,1.33,2130200,1372.5,1345.0,1541.5,1064.5
2026-07-06 14:30:42,2026-07-06 14:14,1369.5,1351.0,1.37,2238900,1372.5,1345.0,1541.5,1064.5
2026-07-06 14:35:42,2026-07-06 14:20,1369.5,1351.0,1.37,2261800,1372.5,1345.0,1541.5,1064.5
2026-07-06 14:40:36,2026-07-06 14:25,1370.0,1351.0,1.41,2349600,1372.5,1345.0,1541.5,1064.5
2026-07-06 14:45:44,2026-07-06 14:30,1369.5,1351.0,1.37,2412700,1372.5,1345.0,1541.5,1064.5
2026-07-06 14:50:46,2026-07-06 14:35,1371.0,1351.0,1.48,2446700,1372.5,1345.0,1541.5,1064.5
2026-07-06 14:55:43,2026-07-06 14:40,1370.5,1351.0,1.44,2463300,1372.5,1345.0,1541.5,1064.5
2026-07-06 15:00:37,2026-07-06 14:45,1370.5,1351.0,1.44,2491300,1372.5,1345.0,1541.5,1064.5
2026-07-06 15:16:29,2026-07-06 15:00,1371.0,1351.0,1.48,2579500,1372.5,1345.0,1541.5,1064.5
2026-07-06 15:20:41,2026-07-06 15:05,1370.5,1351.0,1.44,2625500,1372.5,1345.0,1541.5,1064.5
2026-07-06 15:25:47,2026-07-06 15:10,1370.5,1351.0,1.44,2643500,1372.5,1345.0,1541.5,1064.5
2026-07-06 15:30:40,2026-07-06 15:15,1370.5,1351.0,1.44,2716900,1372.5,1345.0,1541.5,1064.5
2026-07-07 09:00:36,2026-07-06 15:30,1372.0,1351.0,1.55,3748100,1372.5,1345.0,1541.5,1064.5
2026-07-07 09:05:32,2026-07-06 15:30,1372.0,1351.0,1.55,3748100,1372.5,1345.0,1541.5,1064.5
2026-07-07 09:10:34,2026-07-06 15:30,1372.0,1351.0,1.55,3748100,1372.5,1345.0,1541.5,1064.5
2026-07-07 09:15:35,2026-07-07 09:00,1372.0,1351.0,1.55,3932700,1386.0,1382.0,1541.5,1064.5
2026-07-07 09:20:32,2026-07-07 09:05,1379.0,1372.0,0.51,265000,1386.0,1379.0,1541.5,1064.5
2026-07-07 09:25:33,2026-07-07 09:10,1381.0,1372.0,0.66,304100,1386.0,1379.0,1541.5,1064.5
2026-07-07 09:30:35,2026-07-07 09:15,1381.5,1372.0,0.69,333900,1386.0,1379.0,1541.5,1064.5
2026-07-07 09:35:34,2026-07-07 09:20,1385.5,1372.0,0.98,460900,1386.5,1379.0,1541.5,1064.5
2026-07-07 09:40:34,2026-07-07 09:25,1384.0,1372.0,0.87,493000,1386.5,1379.0,1541.5,1064.5
2026-07-07 09:45:36,2026-07-07 09:30,1384.5,1372.0,0.91,519500,1386.5,1379.0,1541.5,1064.5
2026-07-07 09:50:39,2026-07-07 09:35,1385.5,1372.0,0.98,553600,1386.5,1379.0,1541.5,1064.5
2026-07-07 09:55:32,2026-07-07 09:40,1385.0,1372.0,0.95,588500,1386.5,1379.0,1541.5,1064.5
2026-07-07 10:00:38,2026-07-07 09:45,1385.5,1372.0,0.98,621600,1386.5,1379.0,1541.5,1064.5
2026-07-07 10:05:38,2026-07-07 09:50,1386.5,1372.0,1.06,641900,1386.5,1379.0,1541.5,1064.5
2026-07-07 10:10:34,2026-07-07 09:55,1386.5,1372.0,1.06,713500,1388.5,1379.0,1541.5,1064.5
2026-07-07 10:15:36,2026-07-07 10:00,1385.5,1372.0,0.98,737800,1388.5,1379.0,1541.5,1064.5
2026-07-07 10:20:32,2026-07-07 10:05,1383.5,1372.0,0.84,759700,1388.5,1379.0,1541.5,1064.5
2026-07-07 10:25:46,2026-07-07 10:10,1386.0,1372.0,1.02,782300,1388.5,1379.0,1541.5,1064.5
2026-07-07 10:30:32,2026-07-07 10:15,1386.0,1372.0,1.02,791800,1388.5,1379.0,1541.5,1064.5
2026-07-07 10:35:37,2026-07-07 10:20,1386.5,1372.0,1.06,808500,1388.5,1379.0,1541.5,1064.5
2026-07-07 10:40:37,2026-07-07 10:25,1388.5,1372.0,1.2,827300,1388.5,1379.0,1541.5,1064.5
2026-07-07 10:45:38,2026-07-07 10:30,1387.5,1372.0,1.13,855700,1388.5,1379.0,1541.5,1064.5
2026-07-07 10:50:46,2026-07-07 10:35,1386.0,1372.0,1.02,874600,1388.5,1379.0,1541.5,1064.5
2026-07-07 10:55:35,2026-07-07 10:40,1386.0,1372.0,1.02,885100,1388.5,1379.0,1541.5,1064.5
2026-07-07 11:00:35,2026-07-07 10:45,1385.0,1372.0,0.95,924500,1388.5,1379.0,1541.5,1064.5
2026-07-07 11:05:35,2026-07-07 10:50,1383.5,1372.0,0.84,937500,1388.5,1379.0,1541.5,1064.5
2026-07-07 11:10:37,2026-07-07 10:55,1384.5,1372.0,0.91,954900,1388.5,1379.0,1541.5,1064.5
2026-07-07 11:15:40,2026-07-07 11:00,1385.5,1372.0,0.98,974200,1388.5,1379.0,1541.5,1064.5
2026-07-07 11:20:38,2026-07-07 11:05,1386.5,1372.0,1.06,999100,1388.5,1379.0,1541.5,1064.5
2026-07-07 11:25:35,2026-07-07 11:10,1386.5,1372.0,1.06,1014300,1388.5,1379.0,1541.5,1064.5
2026-07-07 11:30:44,2026-07-07 11:15,1387.0,1372.0,1.09,1019700,1388.5,1379.0,1541.5,1064.5
2026-07-07 12:30:31,2026-07-07 11:30,1386.0,1372.0,1.02,1082300,1388.5,1379.0,1541.5,1064.5
2026-07-07 12:35:35,2026-07-07 11:30,1386.0,1372.0,1.02,1082300,1388.5,1379.0,1541.5,1064.5
2026-07-07 12:40:34,2026-07-07 11:30,1386.0,1372.0,1.02,1082300,1388.5,1379.0,1541.5,1064.5
2026-07-07 12:45:37,2026-07-07 12:30,1386.5,1372.0,1.06,1151900,1388.5,1379.0,1541.5,1064.5
2026-07-07 12:50:33,2026-07-07 12:35,1385.5,1372.0,0.98,1225700,1388.5,1379.0,1541.5,1064.5
2026-07-07 12:55:35,2026-07-07 12:40,1386.0,1372.0,1.02,1246100,1388.5,1379.0,1541.5,1064.5
2026-07-07 13:00:36,2026-07-07 12:45,1386.0,1372.0,1.02,1270300,1388.5,1379.0,1541.5,1064.5
2026-07-07 13:05:35,2026-07-07 12:50,1384.0,1372.0,0.87,1329000,1388.5,1379.0,1541.5,1064.5
2026-07-07 13:10:34,2026-07-07 12:55,1384.0,1372.0,0.87,1351100,1388.5,1379.0,1541.5,1064.5
2026-07-07 13:15:35,2026-07-07 13:00,1384.0,1372.0,0.87,1374200,1388.5,1379.0,1541.5,1064.5
2026-07-07 13:20:31,2026-07-07 13:05,1381.5,1372.0,0.69,1439400,1388.5,1379.0,1541.5,1064.5
2026-07-07 13:25:39,2026-07-07 13:10,1383.5,1372.0,0.84,1465700,1388.5,1379.0,1541.5,1064.5
2026-07-07 13:30:41,2026-07-07 13:15,1384.5,1372.0,0.91,1484800,1388.5,1379.0,1541.5,1064.5
2026-07-07 13:35:42,2026-07-07 13:20,1384.0,1372.0,0.87,1528700,1388.5,1379.0,1541.5,1064.5
2026-07-07 13:40:33,2026-07-07 13:25,1382.0,1372.0,0.73,1563000,1388.5,1379.0,1541.5,1064.5
2026-07-07 13:45:38,2026-07-07 13:29,1384.0,1372.0,0.87,1591000,1388.5,1379.0,1541.5,1064.5
2026-07-07 13:50:46,2026-07-07 13:35,1384.0,1372.0,0.87,1618900,1388.5,1379.0,1541.5,1064.5
2026-07-07 13:55:38,2026-07-07 13:40,1383.5,1372.0,0.84,1627000,1388.5,1379.0,1541.5,1064.5
2026-07-07 14:00:39,2026-07-07 13:45,1384.0,1372.0,0.87,1657200,1388.5,1379.0,1541.5,1064.5
2026-07-07 14:05:44,2026-07-07 13:50,1384.5,1372.0,0.91,1664500,1388.5,1379.0,1541.5,1064.5
2026-07-07 14:10:49,2026-07-07 13:55,1384.5,1372.0,0.91,1700100,1388.5,1379.0,1541.5,1064.5
2026-07-07 14:15:42,2026-07-07 14:00,1384.5,1372.0,0.91,1708800,1388.5,1379.0,1541.5,1064.5
2026-07-07 14:20:49,2026-07-07 14:05,1384.5,1372.0,0.91,1747200,1388.5,1379.0,1541.5,1064.5
2026-07-07 14:25:33,2026-07-07 14:10,1382.5,1372.0,0.77,1786800,1388.5,1379.0,1541.5,1064.5
2026-07-07 14:30:41,2026-07-07 14:15,1382.0,1372.0,0.73,1833600,1388.5,1379.0,1541.5,1064.5
2026-07-07 14:35:39,2026-07-07 14:20,1382.5,1372.0,0.77,1857900,1388.5,1379.0,1541.5,1064.5
2026-07-07 14:40:34,2026-07-07 14:25,1384.5,1372.0,0.91,1904000,1388.5,1379.0,1541.5,1064.5
2026-07-07 14:45:55,2026-07-07 14:30,1384.5,1372.0,0.91,1954300,1388.5,1379.0,1541.5,1064.5
2026-07-07 14:50:34,2026-07-07 14:34,1384.5,1372.0,0.91,2000100,1388.5,1379.0,1541.5,1064.5
2026-07-07 14:56:01,2026-07-07 14:40,1385.0,1372.0,0.95,2083000,1388.5,1379.0,1541.5,1064.5
2026-07-07 15:00:51,2026-07-07 14:45,1384.0,1372.0,0.87,2132600,1388.5,1379.0,1541.5,1064.5
2026-07-07 15:05:43,2026-07-07 14:50,1385.0,1372.0,0.95,2160300,1388.5,1379.0,1541.5,1064.5
2026-07-07 15:10:43,2026-07-07 14:55,1386.5,1372.0,1.06,2177700,1388.5,1379.0,1541.5,1064.5
2026-07-07 15:15:48,2026-07-07 15:00,1386.0,1372.0,1.02,2226500,1388.5,1379.0,1541.5,1064.5
2026-07-07 15:20:36,2026-07-07 15:05,1386.5,1372.0,1.06,2265500,1388.5,1379.0,1541.5,1064.5
2026-07-07 15:25:38,2026-07-07 15:10,1387.5,1372.0,1.13,2333600,1388.5,1379.0,1541.5,1064.5
2026-07-07 15:30:39,2026-07-07 15:15,1384.5,1372.0,0.91,2392000,1388.5,1379.0,1541.5,1064.5
2026-07-08 09:00:46,2026-07-07 15:30,1382.0,1372.0,0.73,3736000,1388.5,1379.0,1541.5,1064.5
2026-07-08 09:05:35,2026-07-07 15:30,1382.0,1372.0,0.73,3736000,1388.5,1379.0,1541.5,1064.5
2026-07-08 09:10:38,2026-07-07 15:30,1382.0,1372.0,0.73,3736000,1388.5,1379.0,1541.5,1064.5
2026-07-08 09:15:40,2026-07-08 09:00,1382.0,1372.0,0.73,3895700,1384.0,1378.5,1541.5,1064.5
2026-07-08 09:20:37,2026-07-08 09:05,1385.5,1382.0,0.25,288000,1388.5,1378.5,1541.5,1064.5
2026-07-08 09:25:34,2026-07-08 09:10,1384.5,1382.0,0.18,362000,1388.5,1378.5,1541.5,1064.5
2026-07-08 09:30:44,2026-07-08 09:15,1383.0,1382.0,0.07,433300,1388.5,1378.5,1541.5,1064.5
2026-07-08 09:35:30,2026-07-08 09:20,1385.0,1382.0,0.22,466100,1388.5,1378.5,1541.5,1064.5
2026-07-08 09:40:32,2026-07-08 09:25,1385.0,1382.0,0.22,524500,1388.5,1378.5,1541.5,1064.5
2026-07-08 09:45:31,2026-07-08 09:30,1383.5,1382.0,0.11,571700,1388.5,1378.5,1541.5,1064.5
2026-07-08 09:50:37,2026-07-08 09:35,1384.0,1382.0,0.14,601400,1388.5,1378.5,1541.5,1064.5
2026-07-08 09:55:34,2026-07-08 09:40,1384.5,1382.0,0.18,655200,1388.5,1378.5,1541.5,1064.5
2026-07-08 10:00:48,2026-07-08 09:45,1385.0,1382.0,0.22,704800,1388.5,1378.5,1541.5,1064.5
2026-07-08 10:05:34,2026-07-08 09:50,1385.5,1382.0,0.25,729500,1388.5,1378.5,1541.5,1064.5
2026-07-08 10:10:31,2026-07-08 09:55,1384.0,1382.0,0.14,798300,1388.5,1378.5,1541.5,1064.5
2026-07-08 10:15:33,2026-07-08 10:00,1385.0,1382.0,0.22,830200,1388.5,1378.5,1541.5,1064.5
2026-07-08 10:20:34,2026-07-08 10:05,1382.5,1382.0,0.04,878900,1388.5,1378.5,1541.5,1064.5
2026-07-08 10:25:30,2026-07-08 10:10,1382.5,1382.0,0.04,939600,1388.5,1378.5,1541.5,1064.5
2026-07-08 10:30:32,2026-07-08 10:15,1383.5,1382.0,0.11,962700,1388.5,1378.5,1541.5,1064.5
2026-07-08 10:35:35,2026-07-08 10:20,1382.0,1382.0,0.0,978700,1388.5,1378.5,1541.5,1064.5
2026-07-08 10:40:35,2026-07-08 10:25,1381.5,1382.0,-0.04,1024600,1388.5,1378.5,1541.5,1064.5
2026-07-08 10:45:32,2026-07-08 10:30,1381.0,1382.0,-0.07,1045100,1388.5,1378.5,1541.5,1064.5
2026-07-08 10:50:35,2026-07-08 10:34,1382.0,1382.0,0.0,1063400,1388.5,1378.5,1541.5,1064.5
2026-07-08 10:55:31,2026-07-08 10:40,1384.5,1382.0,0.18,1162300,1388.5,1378.5,1541.5,1064.5
2026-07-08 11:00:32,2026-07-08 10:45,1387.0,1382.0,0.36,1194200,1388.5,1378.5,1541.5,1064.5
2026-07-08 11:05:46,2026-07-08 10:50,1387.5,1382.0,0.4,1247500,1389.0,1378.5,1541.5,1064.5
2026-07-08 11:10:36,2026-07-08 10:55,1386.5,1382.0,0.33,1341700,1389.0,1378.5,1541.5,1064.5
2026-07-08 11:15:35,2026-07-08 11:00,1385.0,1382.0,0.22,1361900,1389.0,1378.5,1541.5,1064.5
2026-07-08 11:20:34,2026-07-08 11:05,1385.5,1382.0,0.25,1374800,1389.0,1378.5,1541.5,1064.5
2026-07-08 11:25:34,2026-07-08 11:10,1385.0,1382.0,0.22,1389900,1389.0,1378.5,1541.5,1064.5
2026-07-08 11:30:31,2026-07-08 11:15,1386.0,1382.0,0.29,1414100,1389.0,1378.5,1541.5,1064.5
2026-07-08 12:30:35,2026-07-08 11:30,1387.5,1382.0,0.4,1492600,1389.0,1378.5,1541.5,1064.5
2026-07-08 12:35:32,2026-07-08 11:30,1387.5,1382.0,0.4,1492600,1389.0,1378.5,1541.5,1064.5
2026-07-08 12:40:39,2026-07-08 11:30,1387.5,1382.0,0.4,1492600,1389.0,1378.5,1541.5,1064.5
2026-07-08 12:45:41,2026-07-08 12:30,1390.0,1382.0,0.58,1639900,1391.5,1378.5,1541.5,1064.5
2026-07-08 12:50:33,2026-07-08 12:35,1391.5,1382.0,0.69,1676800,1392.5,1378.5,1541.5,1064.5
2026-07-08 12:55:32,2026-07-08 12:40,1391.0,1382.0,0.65,1694200,1392.5,1378.5,1541.5,1064.5
2026-07-08 13:00:36,2026-07-08 12:45,1389.0,1382.0,0.51,1867400,1392.5,1378.5,1541.5,1064.5
2026-07-08 13:05:31,2026-07-08 12:50,1389.0,1382.0,0.51,1895600,1392.5,1378.5,1541.5,1064.5
2026-07-08 13:10:36,2026-07-08 12:55,1387.5,1382.0,0.4,1943500,1392.5,1378.5,1541.5,1064.5
2026-07-08 13:15:34,2026-07-08 13:00,1386.5,1382.0,0.33,1956100,1392.5,1378.5,1541.5,1064.5
2026-07-08 13:20:32,2026-07-08 13:05,1385.0,1382.0,0.22,1995300,1392.5,1378.5,1541.5,1064.5
2026-07-08 13:25:30,2026-07-08 13:10,1385.5,1382.0,0.25,2020100,1392.5,1378.5,1541.5,1064.5
2026-07-08 13:30:30,2026-07-08 13:15,1386.0,1382.0,0.29,2034900,1392.5,1378.5,1541.5,1064.5
2026-07-08 13:35:30,2026-07-08 13:20,1387.5,1382.0,0.4,2068100,1392.5,1378.5,1541.5,1064.5
2026-07-08 13:40:33,2026-07-08 13:24,1388.0,1382.0,0.43,2113700,1392.5,1378.5,1541.5,1064.5
2026-07-08 13:45:31,2026-07-08 13:30,1389.0,1382.0,0.51,2134100,1392.5,1378.5,1541.5,1064.5
2026-07-08 13:50:34,2026-07-08 13:35,1389.5,1382.0,0.54,2148200,1392.5,1378.5,1541.5,1064.5
2026-07-08 13:55:40,2026-07-08 13:40,1388.5,1382.0,0.47,2197800,1392.5,1378.5,1541.5,1064.5
2026-07-08 14:00:32,2026-07-08 13:45,1389.5,1382.0,0.54,2227000,1392.5,1378.5,1541.5,1064.5
2026-07-08 14:05:39,2026-07-08 13:50,1389.5,1382.0,0.54,2236700,1392.5,1378.5,1541.5,1064.5
2026-07-08 14:10:31,2026-07-08 13:55,1388.0,1382.0,0.43,2267100,1392.5,1378.5,1541.5,1064.5
2026-07-08 14:15:35,2026-07-08 14:00,1387.5,1382.0,0.4,2290800,1392.5,1378.5,1541.5,1064.5
2026-07-08 14:20:32,2026-07-08 14:05,1387.5,1382.0,0.4,2298900,1392.5,1378.5,1541.5,1064.5
2026-07-08 14:25:33,2026-07-08 14:10,1387.5,1382.0,0.4,2303600,1392.5,1378.5,1541.5,1064.5
2026-07-08 14:30:48,2026-07-08 14:15,1390.0,1382.0,0.58,2346800,1392.5,1378.5,1541.5,1064.5
2026-07-08 14:35:34,2026-07-08 14:20,1389.0,1382.0,0.51,2367200,1392.5,1378.5,1541.5,1064.5
2026-07-08 14:40:40,2026-07-08 14:25,1388.5,1382.0,0.47,2388900,1392.5,1378.5,1541.5,1064.5
2026-07-08 14:45:37,2026-07-08 14:30,1388.0,1382.0,0.43,2398600,1392.5,1378.5,1541.5,1064.5
2026-07-08 14:50:35,2026-07-08 14:35,1388.5,1382.0,0.47,2427200,1392.5,1378.5,1541.5,1064.5
2026-07-08 14:55:36,2026-07-08 14:40,1389.0,1382.0,0.51,2476000,1392.5,1378.5,1541.5,1064.5
2026-07-08 15:00:32,2026-07-08 14:45,1389.0,1382.0,0.51,2508600,1392.5,1378.5,1541.5,1064.5
2026-07-08 15:05:31,2026-07-08 14:50,1388.5,1382.0,0.47,2522400,1392.5,1378.5,1541.5,1064.5
2026-07-08 15:10:44,2026-07-08 14:55,1389.5,1382.0,0.54,2605000,1392.5,1378.5,1541.5,1064.5
2026-07-08 15:15:35,2026-07-08 15:00,1389.0,1382.0,0.51,2621100,1392.5,1378.5,1541.5,1064.5
2026-07-08 15:20:37,2026-07-08 15:05,1388.0,1382.0,0.43,2773200,1392.5,1378.5,1541.5,1064.5
2026-07-08 15:25:36,2026-07-08 15:10,1389.0,1382.0,0.51,2798300,1392.5,1378.5,1541.5,1064.5
2026-07-08 15:30:35,2026-07-08 15:15,1389.0,1382.0,0.51,2857400,1392.5,1378.5,1541.5,1064.5
2026-07-09 09:00:37,2026-07-08 15:30,1385.0,1382.0,0.22,4145400,1392.5,1378.5,1541.5,1072.0
2026-07-09 09:05:35,2026-07-08 15:30,1385.0,1382.0,0.22,4145400,1392.5,1378.5,1541.5,1072.0
2026-07-09 09:10:37,2026-07-08 15:30,1385.0,1382.0,0.22,4145400,1392.5,1378.5,1541.5,1072.0
2026-07-09 09:15:34,2026-07-09 09:00,1385.0,1382.0,0.22,4345400,1373.0,1366.5,1541.5,1072.0
2026-07-09 09:20:42,2026-07-09 09:05,1367.5,1385.0,-1.26,431300,1374.5,1362.5,1541.5,1072.0
2026-07-09 09:25:35,2026-07-09 09:10,1366.5,1385.0,-1.34,507600,1374.5,1362.5,1541.5,1072.0
2026-07-09 09:30:36,2026-07-09 09:15,1366.5,1385.0,-1.34,553900,1374.5,1362.5,1541.5,1072.0
2026-07-09 09:35:33,2026-07-09 09:20,1367.0,1385.0,-1.3,610600,1374.5,1362.5,1541.5,1072.0
2026-07-09 09:40:35,2026-07-09 09:25,1363.5,1385.0,-1.55,650300,1374.5,1362.5,1541.5,1072.0
2026-07-09 09:45:35,2026-07-09 09:30,1365.5,1385.0,-1.41,697600,1374.5,1362.5,1541.5,1072.0
2026-07-09 09:50:33,2026-07-09 09:35,1365.5,1385.0,-1.41,724300,1374.5,1362.5,1541.5,1072.0
2026-07-09 09:55:31,2026-07-09 09:40,1363.5,1385.0,-1.55,762200,1374.5,1362.5,1541.5,1072.0
2026-07-09 10:00:34,2026-07-09 09:45,1364.5,1385.0,-1.48,809300,1374.5,1362.5,1541.5,1072.0
2026-07-09 10:05:35,2026-07-09 09:50,1364.5,1385.0,-1.48,836100,1374.5,1362.5,1541.5,1072.0
2026-07-09 10:10:34,2026-07-09 09:55,1367.5,1385.0,-1.26,862800,1374.5,1362.5,1541.5,1072.0
2026-07-09 10:15:54,2026-07-09 10:00,1366.5,1385.0,-1.34,916500,1374.5,1362.5,1541.5,1072.0
2026-07-09 10:20:36,2026-07-09 10:05,1366.0,1385.0,-1.37,937100,1374.5,1362.5,1541.5,1072.0
2026-07-09 10:25:30,2026-07-09 10:10,1366.5,1385.0,-1.34,949200,1374.5,1362.5,1541.5,1072.0
2026-07-09 10:30:31,2026-07-09 10:15,1366.5,1385.0,-1.34,984400,1374.5,1362.5,1541.5,1072.0
2026-07-09 10:35:41,2026-07-09 10:20,1366.0,1385.0,-1.37,1004400,1374.5,1362.5,1541.5,1072.0
2026-07-09 10:40:33,2026-07-09 10:25,1365.0,1385.0,-1.44,1017500,1374.5,1362.5,1541.5,1072.0
2026-07-09 10:45:44,2026-07-09 10:30,1364.5,1385.0,-1.48,1039000,1374.5,1362.5,1541.5,1072.0
2026-07-09 10:50:34,2026-07-09 10:35,1365.5,1385.0,-1.41,1069900,1374.5,1362.5,1541.5,1072.0
2026-07-09 10:55:32,2026-07-09 10:40,1364.5,1385.0,-1.48,1096600,1374.5,1362.5,1541.5,1072.0
2026-07-09 11:00:41,2026-07-09 10:45,1363.0,1385.0,-1.59,1119600,1374.5,1362.5,1541.5,1072.0
2026-07-09 11:05:52,2026-07-09 10:50,1365.0,1385.0,-1.44,1142600,1374.5,1362.5,1541.5,1072.0
2026-07-09 11:10:46,2026-07-09 10:55,1365.0,1385.0,-1.44,1178700,1374.5,1362.5,1541.5,1072.0
2026-07-09 11:15:37,2026-07-09 11:00,1367.0,1385.0,-1.3,1194900,1374.5,1362.5,1541.5,1072.0
2026-07-09 11:20:48,2026-07-09 11:05,1366.5,1385.0,-1.34,1217300,1374.5,1362.5,1541.5,1072.0
2026-07-09 11:25:38,2026-07-09 11:10,1368.5,1385.0,-1.19,1235600,1374.5,1362.5,1541.5,1072.0
2026-07-09 11:30:35,2026-07-09 11:15,1369.0,1385.0,-1.16,1260800,1374.5,1362.5,1541.5,1072.0
2026-07-09 12:30:40,2026-07-09 11:30,1369.0,1385.0,-1.16,1324200,1374.5,1362.5,1541.5,1072.0
2026-07-09 12:35:51,2026-07-09 11:30,1369.0,1385.0,-1.16,1324200,1374.5,1362.5,1541.5,1072.0
2026-07-09 12:40:41,2026-07-09 11:30,1369.0,1385.0,-1.16,1324200,1374.5,1362.5,1541.5,1072.0
2026-07-09 12:45:32,2026-07-09 12:30,1370.0,1385.0,-1.08,1392900,1374.5,1362.5,1541.5,1072.0
2026-07-09 12:50:29,2026-07-09 12:35,1374.0,1385.0,-0.79,1459000,1374.5,1362.5,1541.5,1072.0
2026-07-09 12:55:36,2026-07-09 12:40,1374.0,1385.0,-0.79,1512800,1375.0,1362.5,1541.5,1072.0
2026-07-09 13:00:42,2026-07-09 12:45,1374.0,1385.0,-0.79,1534700,1375.0,1362.5,1541.5,1072.0
2026-07-09 13:05:31,2026-07-09 12:50,1375.5,1385.0,-0.69,1564900,1375.5,1362.5,1541.5,1072.0
2026-07-09 13:10:32,2026-07-09 12:55,1378.0,1385.0,-0.51,1590700,1378.0,1362.5,1541.5,1072.0
2026-07-09 13:15:32,2026-07-09 13:00,1376.5,1385.0,-0.61,1621300,1378.0,1362.5,1541.5,1072.0
2026-07-09 13:20:36,2026-07-09 13:05,1375.0,1385.0,-0.72,1662900,1378.0,1362.5,1541.5,1072.0
2026-07-09 13:25:37,2026-07-09 13:10,1374.0,1385.0,-0.79,1693700,1378.0,1362.5,1541.5,1072.0
2026-07-09 13:30:40,2026-07-09 13:15,1372.5,1385.0,-0.9,1716500,1378.0,1362.5,1541.5,1072.0
2026-07-09 13:35:33,2026-07-09 13:20,1372.0,1385.0,-0.94,1744400,1378.0,1362.5,1541.5,1072.0
2026-07-09 13:40:47,2026-07-09 13:25,1372.5,1385.0,-0.9,1790800,1378.0,1362.5,1541.5,1072.0
2026-07-09 13:45:34,2026-07-09 13:30,1373.0,1385.0,-0.87,1810300,1378.0,1362.5,1541.5,1072.0
2026-07-09 13:50:31,2026-07-09 13:35,1372.0,1385.0,-0.94,1832500,1378.0,1362.5,1541.5,1072.0
2026-07-09 13:55:31,2026-07-09 13:40,1373.0,1385.0,-0.87,1854300,1378.0,1362.5,1541.5,1072.0
2026-07-09 14:00:31,2026-07-09 13:45,1372.5,1385.0,-0.9,1876900,1378.0,1362.5,1541.5,1072.0
2026-07-09 14:10:32,2026-07-09 13:55,1374.5,1385.0,-0.76,1934500,1378.0,1362.5,1541.5,1072.0
2026-07-09 14:15:40,2026-07-09 14:00,1375.5,1385.0,-0.69,1941900,1378.0,1362.5,1541.5,1072.0
2026-07-09 14:20:38,2026-07-09 14:05,1375.0,1385.0,-0.72,1956900,1378.0,1362.5,1541.5,1072.0
2026-07-09 14:25:33,2026-07-09 14:10,1374.0,1385.0,-0.79,2004800,1378.0,1362.5,1541.5,1072.0
2026-07-09 14:30:42,2026-07-09 14:15,1374.0,1385.0,-0.79,2044000,1378.0,1362.5,1541.5,1072.0
2026-07-09 14:35:46,2026-07-09 14:20,1372.0,1385.0,-0.94,2086400,1378.0,1362.5,1541.5,1072.0
2026-07-09 14:45:34,2026-07-09 14:30,1372.5,1385.0,-0.9,2135800,1378.0,1362.5,1541.5,1072.0
2026-07-09 14:50:35,2026-07-09 14:35,1371.5,1385.0,-0.97,2172800,1378.0,1362.5,1541.5,1072.0
2026-07-09 14:55:44,2026-07-09 14:40,1373.0,1385.0,-0.87,2191900,1378.0,1362.5,1541.5,1072.0
2026-07-09 15:05:47,2026-07-09 14:50,1372.5,1385.0,-0.9,2256900,1378.0,1362.5,1541.5,1072.0
2026-07-09 15:10:43,2026-07-09 14:55,1373.5,1385.0,-0.83,2283100,1378.0,1362.5,1541.5,1072.0
2026-07-09 15:15:36,2026-07-09 15:00,1373.0,1385.0,-0.87,2322500,1378.0,1362.5,1541.5,1072.0
2026-07-09 15:20:43,2026-07-09 15:05,1373.0,1385.0,-0.87,2397700,1378.0,1362.5,1541.5,1072.0
2026-07-09 15:25:48,2026-07-09 15:10,1371.5,1385.0,-0.97,2439700,1378.0,1362.5,1541.5,1072.0
2026-07-09 15:30:54,2026-07-09 15:15,1368.0,1385.0,-1.23,2556000,1378.0,1362.5,1541.5,1072.0
2026-07-09 15:33:07,2026-07-09 15:18,1369.0,1385.0,-1.16,2568700,1378.0,1362.5,1541.5,1072.0
2026-07-10 09:00:36,2026-07-09 15:30,1372.0,1385.0,-0.94,3725600,1378.0,1362.5,1541.5,1074.5
2026-07-10 09:05:50,2026-07-09 15:30,1372.0,1385.0,-0.94,3725600,1378.0,1362.5,1541.5,1074.5
2026-07-10 09:10:40,2026-07-09 15:30,1372.0,1385.0,-0.94,3725600,1378.0,1362.5,1541.5,1074.5
2026-07-10 09:15:42,2026-07-10 09:00,1372.0,1385.0,-0.94,3879000,1375.0,1368.0,1541.5,1074.5
2026-07-10 09:20:33,2026-07-10 09:05,1373.5,1372.0,0.11,245800,1375.0,1365.5,1541.5,1074.5
2026-07-10 09:25:35,2026-07-10 09:10,1377.5,1372.0,0.4,304200,1377.5,1365.5,1541.5,1074.5
2026-07-10 09:30:42,2026-07-10 09:15,1377.5,1372.0,0.4,338500,1379.0,1365.5,1541.5,1074.5
2026-07-10 09:35:43,2026-07-10 09:20,1372.5,1372.0,0.04,361000,1379.0,1365.5,1541.5,1074.5
2026-07-10 09:40:34,2026-07-10 09:25,1371.0,1372.0,-0.07,388500,1379.0,1365.5,1541.5,1074.5
2026-07-10 09:46:07,2026-07-10 09:31,1368.5,1372.0,-0.26,422900,1379.0,1365.5,1541.5,1074.5
2026-07-10 09:50:30,2026-07-10 09:35,1368.5,1372.0,-0.26,449700,1379.0,1365.5,1541.5,1074.5
2026-07-10 09:55:36,2026-07-10 09:40,1370.0,1372.0,-0.15,473000,1379.0,1365.5,1541.5,1074.5
2026-07-10 10:00:32,2026-07-10 09:45,1369.0,1372.0,-0.22,483300,1379.0,1365.5,1541.5,1074.5
2026-07-10 10:05:34,2026-07-10 09:50,1367.0,1372.0,-0.36,506900,1379.0,1365.5,1541.5,1074.5
2026-07-10 10:10:40,2026-07-10 09:55,1368.5,1372.0,-0.26,523000,1379.0,1365.5,1541.5,1074.5
2026-07-10 10:15:35,2026-07-10 10:00,1369.0,1372.0,-0.22,563200,1379.0,1365.5,1541.5,1074.5
2026-07-10 10:20:35,2026-07-10 10:04,1367.5,1372.0,-0.33,577800,1379.0,1365.5,1541.5,1074.5
2026-07-10 10:25:41,2026-07-10 10:10,1366.5,1372.0,-0.4,598100,1379.0,1365.5,1541.5,1074.5
2026-07-10 10:30:32,2026-07-10 10:15,1366.0,1372.0,-0.44,614400,1379.0,1365.0,1541.5,1074.5
2026-07-10 10:35:31,2026-07-10 10:19,1366.0,1372.0,-0.44,635000,1379.0,1365.0,1541.5,1074.5
2026-07-10 10:40:30,2026-07-10 10:25,1366.5,1372.0,-0.4,651000,1379.0,1365.0,1541.5,1074.5
2026-07-10 10:45:34,2026-07-10 10:30,1366.5,1372.0,-0.4,679700,1379.0,1365.0,1541.5,1074.5
2026-07-10 10:50:43,2026-07-10 10:35,1367.5,1372.0,-0.33,699300,1379.0,1365.0,1541.5,1074.5
2026-07-10 10:55:48,2026-07-10 10:40,1368.0,1372.0,-0.29,710600,1379.0,1365.0,1541.5,1074.5
2026-07-10 11:00:33,2026-07-10 10:45,1367.5,1372.0,-0.33,723300,1379.0,1365.0,1541.5,1074.5
2026-07-10 11:05:38,2026-07-10 10:50,1366.5,1372.0,-0.4,734100,1379.0,1365.0,1541.5,1074.5
2026-07-10 11:10:41,2026-07-10 10:55,1366.0,1372.0,-0.44,755100,1379.0,1365.0,1541.5,1074.5
2026-07-10 11:15:37,2026-07-10 11:00,1367.0,1372.0,-0.36,770400,1379.0,1365.0,1541.5,1074.5
2026-07-10 11:20:38,2026-07-10 11:05,1367.5,1372.0,-0.33,784100,1379.0,1365.0,1541.5,1074.5
2026-07-10 11:25:42,2026-07-10 11:10,1368.0,1372.0,-0.29,799500,1379.0,1365.0,1541.5,1074.5
2026-07-10 11:30:44,2026-07-10 11:15,1368.0,1372.0,-0.29,809900,1379.0,1365.0,1541.5,1074.5
2026-07-10 12:30:33,2026-07-10 11:30,1369.0,1372.0,-0.22,877600,1379.0,1365.0,1541.5,1074.5
2026-07-10 12:35:33,2026-07-10 11:30,1369.0,1372.0,-0.22,877600,1379.0,1365.0,1541.5,1074.5
2026-07-10 12:40:41,2026-07-10 11:30,1369.0,1372.0,-0.22,877600,1379.0,1365.0,1541.5,1074.5
2026-07-10 12:45:38,2026-07-10 12:30,1368.5,1372.0,-0.26,912800,1379.0,1365.0,1541.5,1074.5
2026-07-10 12:50:51,2026-07-10 12:35,1367.5,1372.0,-0.33,978500,1379.0,1365.0,1541.5,1074.5
2026-07-10 12:55:30,2026-07-10 12:40,1367.5,1372.0,-0.33,998400,1379.0,1365.0,1541.5,1074.5
2026-07-10 13:00:57,2026-07-10 12:45,1368.5,1372.0,-0.26,1017400,1379.0,1365.0,1541.5,1074.5
2026-07-10 13:05:36,2026-07-10 12:50,1368.5,1372.0,-0.26,1040200,1379.0,1365.0,1541.5,1074.5
2026-07-10 13:10:36,2026-07-10 12:55,1369.0,1372.0,-0.22,1060900,1379.0,1365.0,1541.5,1074.5
2026-07-10 13:15:36,2026-07-10 13:00,1369.0,1372.0,-0.22,1097100,1379.0,1365.0,1541.5,1074.5
2026-07-10 13:20:37,2026-07-10 13:05,1369.5,1372.0,-0.18,1133200,1379.0,1365.0,1541.5,1074.5
2026-07-10 13:25:35,2026-07-10 13:10,1369.5,1372.0,-0.18,1177800,1379.0,1365.0,1541.5,1074.5
2026-07-10 13:30:34,2026-07-10 13:15,1368.0,1372.0,-0.29,1263100,1379.0,1365.0,1541.5,1074.5
2026-07-10 13:35:44,2026-07-10 13:20,1369.0,1372.0,-0.22,1274900,1379.0,1365.0,1541.5,1074.5
2026-07-10 13:40:40,2026-07-10 13:25,1368.0,1372.0,-0.29,1317200,1379.0,1365.0,1541.5,1074.5
2026-07-10 13:45:33,2026-07-10 13:30,1369.0,1372.0,-0.22,1335500,1379.0,1365.0,1541.5,1074.5
2026-07-10 13:50:36,2026-07-10 13:35,1369.0,1372.0,-0.22,1368700,1379.0,1365.0,1541.5,1074.5
2026-07-10 13:55:36,2026-07-10 13:40,1368.0,1372.0,-0.29,1379800,1379.0,1365.0,1541.5,1074.5
2026-07-10 14:00:47,2026-07-10 13:45,1369.0,1372.0,-0.22,1388600,1379.0,1365.0,1541.5,1074.5
2026-07-10 14:05:41,2026-07-10 13:50,1369.0,1372.0,-0.22,1412900,1379.0,1365.0,1541.5,1074.5
2026-07-10 14:10:41,2026-07-10 13:55,1368.0,1372.0,-0.29,1435900,1379.0,1365.0,1541.5,1074.5
2026-07-10 14:15:30,2026-07-10 14:00,1367.5,1372.0,-0.33,1455000,1379.0,1365.0,1541.5,1074.5
2026-07-10 14:20:37,2026-07-10 14:05,1367.0,1372.0,-0.36,1478500,1379.0,1365.0,1541.5,1074.5
2026-07-10 14:25:34,2026-07-10 14:10,1367.0,1372.0,-0.36,1499400,1379.0,1365.0,1541.5,1074.5
2026-07-10 14:30:38,2026-07-10 14:15,1367.0,1372.0,-0.36,1515600,1379.0,1365.0,1541.5,1074.5
2026-07-10 14:35:34,2026-07-10 14:20,1366.5,1372.0,-0.4,1521800,1379.0,1365.0,1541.5,1074.5
2026-07-10 14:40:37,2026-07-10 14:25,1366.0,1372.0,-0.44,1565900,1379.0,1365.0,1541.5,1074.5
2026-07-10 14:45:50,2026-07-10 14:30,1366.5,1372.0,-0.4,1620900,1379.0,1365.0,1541.5,1074.5
2026-07-10 14:50:39,2026-07-10 14:35,1368.5,1372.0,-0.26,1698200,1379.0,1365.0,1541.5,1074.5
2026-07-10 14:55:36,2026-07-10 14:40,1367.5,1372.0,-0.33,1743600,1379.0,1365.0,1541.5,1074.5
2026-07-10 15:00:38,2026-07-10 14:45,1367.0,1372.0,-0.36,1780700,1379.0,1365.0,1541.5,1074.5
2026-07-10 15:05:38,2026-07-10 14:50,1367.0,1372.0,-0.36,1813500,1379.0,1365.0,1541.5,1074.5
2026-07-10 15:10:42,2026-07-10 14:55,1368.5,1372.0,-0.26,1845400,1379.0,1365.0,1541.5,1074.5
2026-07-10 15:15:33,2026-07-10 15:00,1367.5,1372.0,-0.33,1879300,1379.0,1365.0,1541.5,1074.5
2026-07-10 15:20:43,2026-07-10 15:05,1367.5,1372.0,-0.33,1911500,1379.0,1365.0,1541.5,1074.5
2026-07-10 15:25:35,2026-07-10 15:10,1367.5,1372.0,-0.33,1932500,1379.0,1365.0,1541.5,1074.5
2026-07-10 15:30:57,2026-07-10 15:15,1368.5,1372.0,-0.26,1980800,1379.0,1365.0,1541.5,1074.5
2026-07-10 15:40:41,2026-07-10 15:24,1360.5,1372.0,-0.84,2225200,1379.0,1360.5,1541.5,1074.5
2026-07-13 09:00:32,2026-07-10 15:30,1364.5,1372.0,-0.55,3446600,1379.0,1360.5,1541.5,1075.5
2026-07-13 09:05:35,2026-07-10 15:30,1364.5,1372.0,-0.55,3446600,1379.0,1360.5,1541.5,1075.5
2026-07-13 09:10:41,2026-07-10 15:30,1364.5,1372.0,-0.55,3446600,1379.0,1360.5,1541.5,1075.5
2026-07-13 09:15:34,2026-07-13 09:00,1372.0,1372.0,0.0,3616500,1374.5,1371.0,1541.5,1075.5
2026-07-13 09:20:38,2026-07-13 09:05,1372.5,1364.5,0.59,291800,1374.5,1369.5,1541.5,1075.5
2026-07-13 09:25:43,2026-07-13 09:10,1370.5,1364.5,0.44,346900,1375.0,1369.5,1541.5,1075.5
2026-07-13 09:30:47,2026-07-13 09:15,1378.0,1364.5,0.99,407200,1378.5,1369.5,1541.5,1075.5
2026-07-13 09:36:53,2026-07-13 09:21,1376.5,1364.5,0.88,522700,1379.5,1369.5,1541.5,1075.5
2026-07-13 09:41:00,2026-07-13 09:25,1378.5,1364.5,1.03,553100,1379.5,1369.5,1541.5,1075.5
2026-07-13 09:47:21,2026-07-13 09:32,1377.5,1364.5,0.95,584500,1379.5,1369.5,1541.5,1075.5
2026-07-13 09:52:11,2026-07-13 09:37,1379.5,1364.5,1.1,621600,1379.5,1369.5,1541.5,1075.5
2026-07-13 09:58:09,2026-07-13 09:42,1377.0,1364.5,0.92,668600,1379.5,1369.5,1541.5,1075.5
2026-07-13 10:03:56,2026-07-13 09:48,1376.0,1364.5,0.84,690700,1379.5,1369.5,1541.5,1075.5
2026-07-13 10:06:40,2026-07-13 09:51,1376.0,1364.5,0.84,699400,1379.5,1369.5,1541.5,1075.5
2026-07-13 10:12:22,2026-07-13 09:56,1375.0,1364.5,0.77,732800,1379.5,1369.5,1541.5,1075.5
2026-07-13 10:15:44,2026-07-13 10:00,1373.0,1364.5,0.62,757600,1379.5,1369.5,1541.5,1075.5
2026-07-13 10:20:36,2026-07-13 10:05,1373.0,1364.5,0.62,784800,1379.5,1369.5,1541.5,1075.5
2026-07-13 10:25:45,2026-07-13 10:10,1373.5,1364.5,0.66,850400,1379.5,1369.5,1541.5,1075.5
2026-07-13 10:30:38,2026-07-13 10:15,1374.0,1364.5,0.7,863400,1379.5,1369.5,1541.5,1075.5
2026-07-13 10:35:35,2026-07-13 10:20,1375.5,1364.5,0.81,895900,1379.5,1369.5,1541.5,1075.5
2026-07-13 10:40:37,2026-07-13 10:25,1374.5,1364.5,0.73,921900,1379.5,1369.5,1541.5,1075.5
2026-07-13 10:47:42,2026-07-13 10:32,1375.0,1364.5,0.77,944200,1379.5,1369.5,1541.5,1075.5
2026-07-13 10:50:45,2026-07-13 10:35,1375.5,1364.5,0.81,966800,1379.5,1369.5,1541.5,1075.5
2026-07-13 10:55:33,2026-07-13 10:40,1375.0,1364.5,0.77,984800,1379.5,1369.5,1541.5,1075.5
2026-07-13 11:00:30,2026-07-13 10:45,1376.5,1364.5,0.88,1021900,1379.5,1369.5,1541.5,1075.5
2026-07-13 11:05:36,2026-07-13 10:50,1379.0,1364.5,1.06,1056800,1380.0,1369.5,1541.5,1075.5
2026-07-13 11:10:36,2026-07-13 10:55,1380.0,1364.5,1.14,1105200,1381.0,1369.5,1541.5,1075.5
2026-07-13 11:15:33,2026-07-13 11:00,1380.5,1364.5,1.17,1126700,1381.0,1369.5,1541.5,1075.5
2026-07-13 11:20:34,2026-07-13 11:05,1380.0,1364.5,1.14,1151200,1381.5,1369.5,1541.5,1075.5
2026-07-13 11:25:42,2026-07-13 11:10,1380.0,1364.5,1.14,1176800,1381.5,1369.5,1541.5,1075.5
2026-07-13 11:30:34,2026-07-13 11:15,1380.0,1364.5,1.14,1203400,1381.5,1369.5,1541.5,1075.5
2026-07-13 12:30:38,2026-07-13 11:30,1380.5,1364.5,1.17,1251000,1381.5,1369.5,1541.5,1075.5
2026-07-13 12:35:32,2026-07-13 11:30,1380.5,1364.5,1.17,1251000,1381.5,1369.5,1541.5,1075.5
2026-07-13 12:40:31,2026-07-13 11:30,1380.5,1364.5,1.17,1251000,1381.5,1369.5,1541.5,1075.5
2026-07-13 12:45:33,2026-07-13 12:30,1378.0,1364.5,0.99,1301600,1381.5,1369.5,1541.5,1075.5
2026-07-13 12:50:35,2026-07-13 12:35,1378.5,1364.5,1.03,1334100,1381.5,1369.5,1541.5,1075.5
2026-07-13 12:56:15,2026-07-13 12:41,1378.0,1364.5,0.99,1373700,1381.5,1369.5,1541.5,1075.5
2026-07-13 13:00:31,2026-07-13 12:45,1379.0,1364.5,1.06,1392200,1381.5,1369.5,1541.5,1075.5
2026-07-13 13:05:39,2026-07-13 12:50,1378.5,1364.5,1.03,1424400,1381.5,1369.5,1541.5,1075.5
2026-07-13 13:10:34,2026-07-13 12:54,1377.0,1364.5,0.92,1441700,1381.5,1369.5,1541.5,1075.5
2026-07-13 13:15:34,2026-07-13 13:00,1378.5,1364.5,1.03,1463500,1381.5,1369.5,1541.5,1075.5
2026-07-13 13:22:37,2026-07-13 13:07,1377.0,1364.5,0.92,1491100,1381.5,1369.5,1541.5,1075.5
2026-07-13 13:25:33,2026-07-13 13:10,1377.0,1364.5,0.92,1494300,1381.5,1369.5,1541.5,1075.5
2026-07-13 13:32:41,2026-07-13 13:17,1376.0,1364.5,0.84,1538200,1381.5,1369.5,1541.5,1075.5
2026-07-13 13:35:44,2026-07-13 13:20,1376.5,1364.5,0.88,1548400,1381.5,1369.5,1541.5,1075.5
2026-07-13 13:40:33,2026-07-13 13:25,1375.0,1364.5,0.77,1564900,1381.5,1369.5,1541.5,1075.5
2026-07-13 13:45:42,2026-07-13 13:30,1376.0,1364.5,0.84,1600200,1381.5,1369.5,1541.5,1075.5
2026-07-13 13:50:34,2026-07-13 13:35,1375.5,1364.5,0.81,1612300,1381.5,1369.5,1541.5,1075.5
2026-07-13 13:55:44,2026-07-13 13:40,1376.5,1364.5,0.88,1625700,1381.5,1369.5,1541.5,1075.5
2026-07-13 14:00:30,2026-07-13 13:45,1376.5,1364.5,0.88,1638800,1381.5,1369.5,1541.5,1075.5
2026-07-13 14:05:30,2026-07-13 13:50,1375.0,1364.5,0.77,1651800,1381.5,1369.5,1541.5,1075.5
2026-07-13 14:10:31,2026-07-13 13:55,1376.0,1364.5,0.84,1659700,1381.5,1369.5,1541.5,1075.5
2026-07-13 14:15:44,2026-07-13 14:00,1376.5,1364.5,0.88,1683500,1381.5,1369.5,1541.5,1075.5
2026-07-13 14:20:34,2026-07-13 14:05,1377.5,1364.5,0.95,1697600,1381.5,1369.5,1541.5,1075.5
2026-07-13 14:25:41,2026-07-13 14:10,1378.5,1364.5,1.03,1718800,1381.5,1369.5,1541.5,1075.5
2026-07-13 14:30:36,2026-07-13 14:15,1379.0,1364.5,1.06,1737300,1381.5,1369.5,1541.5,1075.5
2026-07-13 14:35:37,2026-07-13 14:20,1379.0,1364.5,1.06,1759800,1381.5,1369.5,1541.5,1075.5
2026-07-13 14:40:34,2026-07-13 14:25,1379.0,1364.5,1.06,1783000,1381.5,1369.5,1541.5,1075.5
2026-07-13 14:45:35,2026-07-13 14:30,1378.0,1364.5,0.99,1801400,1381.5,1369.5,1541.5,1075.5
2026-07-13 14:50:34,2026-07-13 14:34,1377.5,1364.5,0.95,1825800,1381.5,1369.5,1541.5,1075.5
2026-07-13 14:55:30,2026-07-13 14:40,1376.0,1364.5,0.84,1853700,1381.5,1369.5,1541.5,1075.5
2026-07-13 15:00:32,2026-07-13 14:45,1375.5,1364.5,0.81,1870800,1381.5,1369.5,1541.5,1075.5
2026-07-13 15:05:44,2026-07-13 14:50,1375.5,1364.5,0.81,1905200,1381.5,1369.5,1541.5,1075.5
2026-07-13 15:10:31,2026-07-13 14:55,1375.0,1364.5,0.77,1917500,1381.5,1369.5,1541.5,1075.5
2026-07-13 15:15:40,2026-07-13 15:00,1376.5,1364.5,0.88,1950500,1381.5,1369.5,1541.5,1075.5
2026-07-13 15:20:40,2026-07-13 15:05,1376.0,1364.5,0.84,2002100,1381.5,1369.5,1541.5,1075.5
2026-07-13 15:25:39,2026-07-13 15:10,1374.0,1364.5,0.7,2027000,1381.5,1369.5,1541.5,1075.5
2026-07-13 15:30:31,2026-07-13 15:15,1374.0,1364.5,0.7,2081000,1381.5,1369.5,1541.5,1075.5
2026-07-13 15:40:33,2026-07-13 15:24,1373.5,1364.5,0.66,2183800,1381.5,1369.5,1541.5,1075.5
2026-07-14 09:00:32,2026-07-13 15:30,1378.0,1364.5,0.99,3054700,1381.5,1369.5,1541.5,1075.5
2026-07-14 09:05:35,2026-07-13 15:30,1378.0,1364.5,0.99,3054700,1381.5,1369.5,1541.5,1075.5
2026-07-14 09:10:59,2026-07-13 15:30,1378.0,1364.5,0.99,3054700,1381.5,1369.5,1541.5,1075.5
2026-07-14 09:15:32,2026-07-14 09:00,1378.0,1364.5,0.99,3370000,1396.0,1391.0,1541.5,1075.5
2026-07-14 09:20:34,2026-07-14 09:05,1390.5,1378.0,0.91,445700,1396.0,1388.5,1541.5,1075.5
2026-07-14 09:25:40,2026-07-14 09:10,1389.5,1378.0,0.83,567000,1396.0,1387.5,1541.5,1075.5
2026-07-14 09:30:31,2026-07-14 09:15,1388.0,1378.0,0.73,625700,1396.0,1385.5,1541.5,1075.5
2026-07-14 09:35:35,2026-07-14 09:20,1391.0,1378.0,0.94,689700,1396.0,1385.5,1541.5,1075.5
2026-07-14 09:40:38,2026-07-14 09:25,1391.5,1378.0,0.98,752600,1396.0,1385.5,1541.5,1075.5
2026-07-14 09:45:39,2026-07-14 09:30,1397.0,1378.0,1.38,924900,1398.5,1385.5,1541.5,1075.5
2026-07-14 09:50:32,2026-07-14 09:35,1393.5,1378.0,1.12,966000,1398.5,1385.5,1541.5,1075.5
2026-07-14 09:55:36,2026-07-14 09:40,1393.5,1378.0,1.12,1015300,1398.5,1385.5,1541.5,1075.5
2026-07-14 10:00:32,2026-07-14 09:45,1392.5,1378.0,1.05,1060400,1398.5,1385.5,1541.5,1075.5
2026-07-14 10:05:32,2026-07-14 09:50,1393.0,1378.0,1.09,1103000,1398.5,1385.5,1541.5,1075.5
2026-07-14 10:10:31,2026-07-14 09:55,1393.0,1378.0,1.09,1130100,1398.5,1385.5,1541.5,1075.5
2026-07-14 10:15:41,2026-07-14 10:00,1391.5,1378.0,0.98,1177700,1398.5,1385.5,1541.5,1075.5
2026-07-14 10:20:33,2026-07-14 10:05,1391.0,1378.0,0.94,1212300,1398.5,1385.5,1541.5,1075.5
2026-07-14 10:25:32,2026-07-14 10:10,1393.5,1378.0,1.12,1255200,1398.5,1385.5,1541.5,1075.5
2026-07-14 10:30:38,2026-07-14 10:15,1391.5,1378.0,0.98,1274600,1398.5,1385.5,1541.5,1075.5
2026-07-14 10:35:43,2026-07-14 10:20,1392.5,1378.0,1.05,1294300,1398.5,1385.5,1541.5,1075.5
2026-07-14 10:40:42,2026-07-14 10:23,1392.5,1378.0,1.05,1317400,1398.5,1385.5,1541.5,1075.5
2026-07-14 10:45:35,2026-07-14 10:30,1391.5,1378.0,0.98,1347300,1398.5,1385.5,1541.5,1075.5
2026-07-14 10:50:36,2026-07-14 10:35,1392.5,1378.0,1.05,1382200,1398.5,1385.5,1541.5,1075.5
2026-07-14 10:55:36,2026-07-14 10:40,1391.5,1378.0,0.98,1413100,1398.5,1385.5,1541.5,1075.5
2026-07-14 11:00:32,2026-07-14 10:45,1392.0,1378.0,1.02,1432500,1398.5,1385.5,1541.5,1075.5
2026-07-14 11:05:39,2026-07-14 10:50,1392.5,1378.0,1.05,1457700,1398.5,1385.5,1541.5,1075.5
2026-07-14 11:10:46,2026-07-14 10:55,1392.5,1378.0,1.05,1468200,1398.5,1385.5,1541.5,1075.5
2026-07-14 11:15:39,2026-07-14 11:00,1393.0,1378.0,1.09,1519800,1398.5,1385.5,1541.5,1075.5
2026-07-14 11:20:58,2026-07-14 11:05,1393.0,1378.0,1.09,1555000,1398.5,1385.5,1541.5,1075.5
2026-07-14 11:25:32,2026-07-14 11:10,1393.0,1378.0,1.09,1570800,1398.5,1385.5,1541.5,1075.5
2026-07-14 11:30:57,2026-07-14 11:15,1391.5,1378.0,0.98,1601800,1398.5,1385.5,1541.5,1075.5
2026-07-14 12:30:44,2026-07-14 11:30,1391.5,1378.0,0.98,1670900,1398.5,1385.5,1541.5,1075.5
2026-07-14 12:35:37,2026-07-14 11:30,1391.5,1378.0,0.98,1670900,1398.5,1385.5,1541.5,1075.5
2026-07-14 12:40:32,2026-07-14 11:30,1391.5,1378.0,0.98,1670900,1398.5,1385.5,1541.5,1075.5
2026-07-14 12:45:37,2026-07-14 12:30,1391.0,1378.0,0.94,1712900,1398.5,1385.5,1541.5,1075.5
2026-07-14 12:50:32,2026-07-14 12:35,1394.0,1378.0,1.16,1808200,1398.5,1385.5,1541.5,1075.5
2026-07-14 12:55:42,2026-07-14 12:40,1394.0,1378.0,1.16,1846400,1398.5,1385.5,1541.5,1075.5
2026-07-14 13:00:55,2026-07-14 12:45,1396.5,1378.0,1.34,1895700,1398.5,1385.5,1541.5,1075.5
2026-07-14 13:05:40,2026-07-14 12:49,1396.5,1378.0,1.34,1939400,1398.5,1385.5,1541.5,1075.5
2026-07-14 13:10:40,2026-07-14 12:55,1397.5,1378.0,1.42,1977100,1398.5,1385.5,1541.5,1075.5
2026-07-14 13:15:38,2026-07-14 13:00,1398.5,1378.0,1.49,2024800,1399.0,1385.5,1541.5,1075.5
2026-07-14 13:20:39,2026-07-14 13:05,1398.0,1378.0,1.45,2073500,1399.0,1385.5,1541.5,1075.5
2026-07-14 13:25:31,2026-07-14 13:10,1399.0,1378.0,1.52,2109000,1399.0,1385.5,1541.5,1075.5
2026-07-14 13:30:36,2026-07-14 13:15,1398.0,1378.0,1.45,2144800,1399.0,1385.5,1541.5,1075.5
2026-07-14 13:35:31,2026-07-14 13:20,1399.0,1378.0,1.52,2173300,1399.0,1385.5,1541.5,1075.5
2026-07-14 13:40:51,2026-07-14 13:25,1400.0,1378.0,1.6,2247100,1400.0,1385.5,1541.5,1075.5
2026-07-14 13:45:31,2026-07-14 13:30,1399.0,1378.0,1.52,2272100,1400.0,1385.5,1541.5,1075.5
2026-07-14 13:50:37,2026-07-14 13:35,1399.5,1378.0,1.56,2400800,1400.0,1385.5,1541.5,1075.5
2026-07-14 13:55:34,2026-07-14 13:40,1400.0,1378.0,1.6,2409100,1400.0,1385.5,1541.5,1075.5
2026-07-14 14:00:37,2026-07-14 13:45,1400.5,1378.0,1.63,2496100,1401.0,1385.5,1541.5,1075.5
2026-07-14 14:05:33,2026-07-14 13:50,1399.5,1378.0,1.56,2520200,1401.0,1385.5,1541.5,1075.5
2026-07-14 14:10:34,2026-07-14 13:55,1398.0,1378.0,1.45,2540900,1401.0,1385.5,1541.5,1075.5
2026-07-14 14:15:32,2026-07-14 14:00,1398.5,1378.0,1.49,2547400,1401.0,1385.5,1541.5,1075.5
2026-07-14 14:20:35,2026-07-14 14:05,1398.5,1378.0,1.49,2569500,1401.0,1385.5,1541.5,1075.5
2026-07-14 14:25:38,2026-07-14 14:10,1397.5,1378.0,1.42,2611000,1401.0,1385.5,1541.5,1075.5
2026-07-14 14:30:30,2026-07-14 14:14,1398.5,1378.0,1.49,2626300,1401.0,1385.5,1541.5,1075.5
2026-07-14 14:35:40,2026-07-14 14:20,1397.5,1378.0,1.42,2651100,1401.0,1385.5,1541.5,1075.5
2026-07-14 14:40:36,2026-07-14 14:25,1397.0,1378.0,1.38,2679500,1401.0,1385.5,1541.5,1075.5
2026-07-14 14:45:35,2026-07-14 14:30,1397.0,1378.0,1.38,2681600,1401.0,1385.5,1541.5,1075.5
2026-07-14 14:50:32,2026-07-14 14:35,1397.0,1378.0,1.38,2704300,1401.0,1385.5,1541.5,1075.5
2026-07-14 14:55:39,2026-07-14 14:40,1398.0,1378.0,1.45,2761800,1401.0,1385.5,1541.5,1075.5
2026-07-14 15:00:39,2026-07-14 14:44,1396.0,1378.0,1.31,2845900,1401.0,1385.5,1541.5,1075.5
2026-07-14 15:05:48,2026-07-14 14:50,1395.5,1378.0,1.27,2884800,1401.0,1385.5,1541.5,1075.5
2026-07-14 15:10:32,2026-07-14 14:55,1396.0,1378.0,1.31,2909800,1401.0,1385.5,1541.5,1075.5
2026-07-14 15:15:43,2026-07-14 15:00,1395.5,1378.0,1.27,2941500,1401.0,1385.5,1541.5,1075.5
2026-07-14 15:20:39,2026-07-14 15:05,1392.5,1378.0,1.05,2973500,1401.0,1385.5,1541.5,1075.5
2026-07-14 15:25:30,2026-07-14 15:10,1393.5,1378.0,1.12,2999400,1401.0,1385.5,1541.5,1075.5
2026-07-14 15:30:38,2026-07-14 15:15,1392.5,1378.0,1.05,3069600,1401.0,1385.5,1541.5,1075.5
2026-07-14 15:40:56,2026-07-14 15:24,1392.5,1378.0,1.05,3210000,1401.0,1385.5,1541.5,1075.5
2026-07-15 09:05:30,2026-07-14 15:30,1399.0,1378.0,1.52,4764000,1401.0,1385.5,1541.5,1075.5
2026-07-15 09:10:31,2026-07-14 15:30,1399.0,1378.0,1.52,4764000,1401.0,1385.5,1541.5,1075.5
2026-07-15 09:15:44,2026-07-15 09:00,1399.0,1378.0,1.52,5097800,1418.5,1411.0,1541.5,1075.5
2026-07-15 09:20:30,2026-07-15 09:05,1412.0,1399.0,0.93,438300,1418.5,1410.5,1541.5,1075.5
2026-07-15 09:25:37,2026-07-15 09:10,1412.5,1399.0,0.96,518700,1418.5,1410.5,1541.5,1075.5
2026-07-15 09:30:39,2026-07-15 09:15,1413.0,1399.0,1.0,627200,1418.5,1409.0,1541.5,1075.5
2026-07-15 09:35:30,2026-07-15 09:20,1415.5,1399.0,1.18,711800,1418.5,1409.0,1541.5,1075.5
2026-07-15 09:40:36,2026-07-15 09:25,1413.5,1399.0,1.04,745700,1418.5,1409.0,1541.5,1075.5
2026-07-15 09:45:32,2026-07-15 09:30,1415.0,1399.0,1.14,785100,1418.5,1409.0,1541.5,1075.5
2026-07-15 09:50:37,2026-07-15 09:35,1415.0,1399.0,1.14,818800,1418.5,1409.0,1541.5,1075.5
2026-07-15 09:55:31,2026-07-15 09:40,1414.0,1399.0,1.07,846000,1418.5,1409.0,1541.5,1075.5
2026-07-15 10:00:41,2026-07-15 09:45,1415.0,1399.0,1.14,873100,1418.5,1409.0,1541.5,1075.5
2026-07-15 10:05:42,2026-07-15 09:50,1414.5,1399.0,1.11,895800,1418.5,1409.0,1541.5,1075.5
2026-07-15 10:10:35,2026-07-15 09:55,1414.5,1399.0,1.11,925100,1418.5,1409.0,1541.5,1075.5
2026-07-15 10:15:31,2026-07-15 10:00,1412.0,1399.0,0.93,945600,1418.5,1409.0,1541.5,1075.5
2026-07-15 10:20:30,2026-07-15 10:05,1411.5,1399.0,0.89,993600,1418.5,1409.0,1541.5,1075.5
2026-07-15 10:25:31,2026-07-15 10:10,1411.5,1399.0,0.89,1172400,1418.5,1409.0,1541.5,1075.5
2026-07-15 10:30:39,2026-07-15 10:15,1413.0,1399.0,1.0,1215600,1418.5,1409.0,1541.5,1075.5
2026-07-15 10:35:30,2026-07-15 10:20,1411.5,1399.0,0.89,1231800,1418.5,1409.0,1541.5,1075.5
2026-07-15 10:40:32,2026-07-15 10:25,1409.5,1399.0,0.75,1256900,1418.5,1409.0,1541.5,1075.5
2026-07-15 10:45:39,2026-07-15 10:30,1407.0,1399.0,0.57,1275900,1418.5,1407.0,1541.5,1075.5
2026-07-15 10:50:48,2026-07-15 10:35,1408.5,1399.0,0.68,1294000,1418.5,1406.5,1541.5,1075.5
2026-07-15 10:55:29,2026-07-15 10:39,1407.5,1399.0,0.61,1309100,1418.5,1406.5,1541.5,1075.5
2026-07-15 11:00:34,2026-07-15 10:45,1408.0,1399.0,0.64,1339900,1418.5,1406.5,1541.5,1075.5
2026-07-15 11:05:45,2026-07-15 10:50,1407.5,1399.0,0.61,1356200,1418.5,1406.5,1541.5,1075.5
2026-07-15 11:10:40,2026-07-15 10:55,1408.0,1399.0,0.64,1368800,1418.5,1406.5,1541.5,1075.5
2026-07-15 11:15:33,2026-07-15 11:00,1408.5,1399.0,0.68,1403200,1418.5,1406.5,1541.5,1075.5
2026-07-15 11:20:38,2026-07-15 11:05,1406.5,1399.0,0.54,1434700,1418.5,1406.5,1541.5,1075.5
2026-07-15 11:25:38,2026-07-15 11:10,1406.5,1399.0,0.54,1446500,1418.5,1406.5,1541.5,1075.5
2026-07-15 11:30:30,2026-07-15 11:15,1407.5,1399.0,0.61,1465900,1418.5,1406.5,1541.5,1075.5
2026-07-15 12:30:34,2026-07-15 11:30,1408.5,1399.0,0.68,1522400,1418.5,1406.5,1541.5,1075.5
2026-07-15 12:35:40,2026-07-15 11:30,1408.5,1399.0,0.68,1522400,1418.5,1406.5,1541.5,1075.5
2026-07-15 12:40:35,2026-07-15 11:30,1408.5,1399.0,0.68,1522400,1418.5,1406.5,1541.5,1075.5
2026-07-15 12:45:37,2026-07-15 12:30,1408.0,1399.0,0.64,1574000,1418.5,1406.5,1541.5,1075.5
2026-07-15 12:50:37,2026-07-15 12:35,1408.5,1399.0,0.68,1605800,1418.5,1406.5,1541.5,1075.5
2026-07-15 12:55:32,2026-07-15 12:40,1409.0,1399.0,0.71,1633200,1418.5,1406.5,1541.5,1075.5
2026-07-15 13:00:39,2026-07-15 12:45,1408.5,1399.0,0.68,1660100,1418.5,1406.5,1541.5,1075.5
2026-07-15 13:05:32,2026-07-15 12:50,1409.5,1399.0,0.75,1680500,1418.5,1406.5,1541.5,1075.5
2026-07-15 13:10:35,2026-07-15 12:55,1411.5,1399.0,0.89,1711500,1418.5,1406.5,1541.5,1075.5
2026-07-15 13:15:38,2026-07-15 13:00,1411.0,1399.0,0.86,1749900,1418.5,1406.5,1541.5,1075.5
2026-07-15 13:20:40,2026-07-15 13:05,1409.5,1399.0,0.75,1787700,1418.5,1406.5,1541.5,1075.5
2026-07-15 13:25:40,2026-07-15 13:10,1409.0,1399.0,0.71,1810300,1418.5,1406.5,1541.5,1075.5
2026-07-15 13:30:29,2026-07-15 13:15,1409.5,1399.0,0.75,1821100,1418.5,1406.5,1541.5,1075.5
2026-07-15 13:35:35,2026-07-15 13:20,1409.5,1399.0,0.75,1852100,1418.5,1406.5,1541.5,1075.5
2026-07-15 13:40:42,2026-07-15 13:25,1409.0,1399.0,0.71,1863800,1418.5,1406.5,1541.5,1075.5
2026-07-15 13:45:33,2026-07-15 13:30,1408.5,1399.0,0.68,1871500,1418.5,1406.5,1541.5,1075.5
2026-07-15 13:50:33,2026-07-15 13:35,1408.0,1399.0,0.64,1889900,1418.5,1406.5,1541.5,1075.5
2026-07-15 13:55:38,2026-07-15 13:40,1409.0,1399.0,0.71,1909000,1418.5,1406.5,1541.5,1075.5
2026-07-15 14:00:36,2026-07-15 13:45,1409.0,1399.0,0.71,1919900,1418.5,1406.5,1541.5,1075.5
2026-07-15 14:05:41,2026-07-15 13:50,1409.0,1399.0,0.71,1925600,1418.5,1406.5,1541.5,1075.5
2026-07-15 14:10:37,2026-07-15 13:55,1409.0,1399.0,0.71,1947000,1418.5,1406.5,1541.5,1075.5
2026-07-15 14:15:30,2026-07-15 14:00,1408.5,1399.0,0.68,1983800,1418.5,1406.5,1541.5,1075.5
2026-07-15 14:20:39,2026-07-15 14:05,1409.5,1399.0,0.75,2019800,1418.5,1406.5,1541.5,1075.5
2026-07-15 14:25:34,2026-07-15 14:10,1410.0,1399.0,0.79,2050400,1418.5,1406.5,1541.5,1075.5
2026-07-15 14:30:31,2026-07-15 14:15,1410.0,1399.0,0.79,2055100,1418.5,1406.5,1541.5,1075.5
2026-07-15 14:35:32,2026-07-15 14:20,1409.5,1399.0,0.75,2068000,1418.5,1406.5,1541.5,1075.5
2026-07-15 14:40:41,2026-07-15 14:25,1409.0,1399.0,0.71,2089200,1418.5,1406.5,1541.5,1075.5
2026-07-15 14:45:54,2026-07-15 14:30,1409.5,1399.0,0.75,2111600,1418.5,1406.5,1541.5,1075.5
2026-07-15 14:50:31,2026-07-15 14:35,1409.5,1399.0,0.75,2126700,1418.5,1406.5,1541.5,1075.5
2026-07-15 14:55:31,2026-07-15 14:40,1409.5,1399.0,0.75,2150800,1418.5,1406.5,1541.5,1075.5
2026-07-15 15:00:41,2026-07-15 14:45,1408.5,1399.0,0.68,2169200,1418.5,1406.5,1541.5,1075.5
2026-07-15 15:05:33,2026-07-15 14:50,1408.0,1399.0,0.64,2196900,1418.5,1406.5,1541.5,1075.5
2026-07-15 15:10:30,2026-07-15 14:55,1409.0,1399.0,0.71,2217200,1418.5,1406.5,1541.5,1075.5
2026-07-15 15:15:32,2026-07-15 15:00,1410.0,1399.0,0.79,2225500,1418.5,1406.5,1541.5,1075.5
2026-07-15 15:20:40,2026-07-15 15:05,1409.0,1399.0,0.71,2259100,1418.5,1406.5,1541.5,1075.5
2026-07-15 15:25:31,2026-07-15 15:10,1410.5,1399.0,0.82,2274600,1418.5,1406.5,1541.5,1075.5
2026-07-15 15:30:37,2026-07-15 15:15,1410.0,1399.0,0.79,2300500,1418.5,1406.5,1541.5,1075.5
2026-07-15 15:41:19,2026-07-15 15:24,1410.0,1399.0,0.79,2397500,1418.5,1406.5,1541.5,1075.5
2026-07-16 09:05:32,2026-07-15 15:30,1414.0,1399.0,1.07,3392200,1418.5,1406.5,1541.5,1075.5
2026-07-16 09:10:36,2026-07-15 15:30,1414.0,1399.0,1.07,3392200,1418.5,1406.5,1541.5,1075.5
2026-07-16 09:15:40,2026-07-16 09:00,1414.0,1399.0,1.07,3484700,1414.5,1408.0,1541.5,1075.5
2026-07-16 09:20:37,2026-07-16 09:05,1412.5,1414.0,-0.11,146300,1414.5,1408.0,1541.5,1075.5
2026-07-16 09:25:32,2026-07-16 09:10,1415.5,1414.0,0.11,278500,1415.5,1408.0,1541.5,1075.5
2026-07-16 09:30:34,2026-07-16 09:15,1417.5,1414.0,0.25,338300,1417.5,1408.0,1541.5,1075.5
2026-07-16 09:35:29,2026-07-16 09:20,1418.5,1414.0,0.32,448600,1420.5,1408.0,1541.5,1075.5
2026-07-16 09:40:33,2026-07-16 09:25,1416.0,1414.0,0.14,479800,1420.5,1408.0,1541.5,1075.5
2026-07-16 09:45:36,2026-07-16 09:30,1417.0,1414.0,0.21,496000,1420.5,1408.0,1541.5,1075.5
2026-07-16 09:50:43,2026-07-16 09:35,1414.0,1414.0,0.0,535600,1420.5,1408.0,1541.5,1075.5
2026-07-16 09:55:33,2026-07-16 09:40,1416.0,1414.0,0.14,555200,1420.5,1408.0,1541.5,1075.5
2026-07-16 10:00:31,2026-07-16 09:45,1415.5,1414.0,0.11,573000,1420.5,1408.0,1541.5,1075.5
2026-07-16 10:05:43,2026-07-16 09:50,1416.5,1414.0,0.18,588600,1420.5,1408.0,1541.5,1075.5
2026-07-16 10:10:41,2026-07-16 09:54,1417.0,1414.0,0.21,604400,1420.5,1408.0,1541.5,1075.5
2026-07-16 10:15:38,2026-07-16 10:00,1417.5,1414.0,0.25,628600,1420.5,1408.0,1541.5,1075.5
2026-07-16 10:20:31,2026-07-16 10:05,1417.5,1414.0,0.25,662100,1420.5,1408.0,1541.5,1075.5
2026-07-16 10:25:43,2026-07-16 10:09,1416.0,1414.0,0.14,701500,1420.5,1408.0,1541.5,1075.5
2026-07-16 10:30:36,2026-07-16 10:15,1416.5,1414.0,0.18,720300,1420.5,1408.0,1541.5,1075.5
2026-07-16 10:35:33,2026-07-16 10:20,1416.5,1414.0,0.18,732600,1420.5,1408.0,1541.5,1075.5
2026-07-16 10:40:33,2026-07-16 10:25,1415.5,1414.0,0.11,742400,1420.5,1408.0,1541.5,1075.5
2026-07-16 10:45:31,2026-07-16 10:29,1416.0,1414.0,0.14,751400,1420.5,1408.0,1541.5,1075.5
2026-07-16 10:50:35,2026-07-16 10:35,1418.0,1414.0,0.28,771600,1420.5,1408.0,1541.5,1075.5
2026-07-16 10:55:38,2026-07-16 10:40,1418.0,1414.0,0.28,802400,1420.5,1408.0,1541.5,1075.5
2026-07-16 11:00:35,2026-07-16 10:45,1418.5,1414.0,0.32,829600,1420.5,1408.0,1541.5,1075.5
2026-07-16 11:05:35,2026-07-16 10:50,1417.5,1414.0,0.25,849100,1420.5,1408.0,1541.5,1075.5
2026-07-16 11:10:35,2026-07-16 10:55,1417.5,1414.0,0.25,853300,1420.5,1408.0,1541.5,1075.5
2026-07-16 11:15:34,2026-07-16 10:59,1416.0,1414.0,0.14,875400,1420.5,1408.0,1541.5,1075.5
2026-07-16 11:20:55,2026-07-16 11:05,1417.0,1414.0,0.21,901100,1420.5,1408.0,1541.5,1075.5
2026-07-16 11:25:36,2026-07-16 11:09,1416.5,1414.0,0.18,918600,1420.5,1408.0,1541.5,1075.5
2026-07-16 11:30:36,2026-07-16 11:15,1417.5,1414.0,0.25,931800,1420.5,1408.0,1541.5,1075.5
2026-07-16 12:30:38,2026-07-16 11:30,1412.5,1414.0,-0.11,1072200,1420.5,1408.0,1541.5,1075.5
2026-07-16 12:35:33,2026-07-16 11:30,1412.5,1414.0,-0.11,1072200,1420.5,1408.0,1541.5,1075.5
2026-07-16 12:40:30,2026-07-16 11:30,1412.5,1414.0,-0.11,1072200,1420.5,1408.0,1541.5,1075.5
2026-07-16 12:45:45,2026-07-16 12:30,1412.5,1414.0,-0.11,1126900,1420.5,1408.0,1541.5,1075.5
2026-07-16 12:50:34,2026-07-16 12:35,1412.5,1414.0,-0.11,1200400,1420.5,1408.0,1541.5,1075.5
2026-07-16 12:55:43,2026-07-16 12:40,1412.5,1414.0,-0.11,1221300,1420.5,1408.0,1541.5,1075.5
2026-07-16 13:00:40,2026-07-16 12:45,1413.0,1414.0,-0.07,1240000,1420.5,1408.0,1541.5,1075.5
2026-07-16 13:05:39,2026-07-16 12:50,1413.0,1414.0,-0.07,1282400,1420.5,1408.0,1541.5,1075.5
2026-07-16 13:10:42,2026-07-16 12:55,1413.0,1414.0,-0.07,1309800,1420.5,1408.0,1541.5,1075.5
2026-07-16 13:15:33,2026-07-16 13:00,1413.0,1414.0,-0.07,1343300,1420.5,1408.0,1541.5,1075.5
2026-07-16 13:20:42,2026-07-16 13:05,1412.5,1414.0,-0.11,1365600,1420.5,1408.0,1541.5,1075.5
2026-07-16 13:25:40,2026-07-16 13:09,1412.5,1414.0,-0.11,1375200,1420.5,1408.0,1541.5,1075.5
2026-07-16 13:30:46,2026-07-16 13:15,1412.5,1414.0,-0.11,1391500,1420.5,1408.0,1541.5,1075.5
2026-07-16 13:35:32,2026-07-16 13:20,1413.5,1414.0,-0.04,1419600,1420.5,1408.0,1541.5,1075.5
2026-07-16 13:40:35,2026-07-16 13:25,1412.5,1414.0,-0.11,1436900,1420.5,1408.0,1541.5,1075.5
2026-07-16 13:45:30,2026-07-16 13:30,1413.0,1414.0,-0.07,1469600,1420.5,1408.0,1541.5,1075.5
2026-07-16 13:50:33,2026-07-16 13:35,1413.5,1414.0,-0.04,1478400,1420.5,1408.0,1541.5,1075.5
2026-07-16 13:55:43,2026-07-16 13:40,1413.5,1414.0,-0.04,1518100,1420.5,1408.0,1541.5,1075.5
2026-07-16 14:00:48,2026-07-16 13:44,1414.5,1414.0,0.04,1525400,1420.5,1408.0,1541.5,1075.5
2026-07-16 14:05:35,2026-07-16 13:50,1414.5,1414.0,0.04,1549100,1420.5,1408.0,1541.5,1075.5
2026-07-16 14:10:36,2026-07-16 13:55,1414.5,1414.0,0.04,1560900,1420.5,1408.0,1541.5,1075.5
2026-07-16 14:15:38,2026-07-16 13:59,1414.5,1414.0,0.04,1571900,1420.5,1408.0,1541.5,1075.5
2026-07-16 14:20:33,2026-07-16 14:04,1414.5,1414.0,0.04,1583000,1420.5,1408.0,1541.5,1075.5
2026-07-16 14:25:47,2026-07-16 14:10,1414.0,1414.0,0.0,1602700,1420.5,1408.0,1541.5,1075.5
2026-07-16 14:30:30,2026-07-16 14:15,1415.0,1414.0,0.07,1619500,1420.5,1408.0,1541.5,1075.5
2026-07-16 14:35:39,2026-07-16 14:20,1415.0,1414.0,0.07,1632800,1420.5,1408.0,1541.5,1075.5
2026-07-16 14:40:33,2026-07-16 14:25,1414.5,1414.0,0.04,1640700,1420.5,1408.0,1541.5,1075.5
2026-07-16 14:45:44,2026-07-16 14:30,1415.5,1414.0,0.11,1666000,1420.5,1408.0,1541.5,1075.5
2026-07-16 14:50:34,2026-07-16 14:35,1416.0,1414.0,0.14,1701800,1420.5,1408.0,1541.5,1075.5
2026-07-16 14:55:33,2026-07-16 14:38,1412.5,1414.0,-0.11,1724400,1420.5,1408.0,1541.5,1075.5
2026-07-16 15:00:37,2026-07-16 14:45,1415.0,1414.0,0.07,1751500,1420.5,1408.0,1541.5,1075.5
2026-07-16 15:05:29,2026-07-16 14:49,1415.0,1414.0,0.07,1759700,1420.5,1408.0,1541.5,1075.5
2026-07-16 15:10:33,2026-07-16 14:55,1414.5,1414.0,0.04,1811500,1420.5,1408.0,1541.5,1075.5
2026-07-16 15:15:55,2026-07-16 15:00,1412.5,1414.0,-0.11,1857400,1420.5,1408.0,1541.5,1075.5
2026-07-16 15:20:43,2026-07-16 15:05,1410.0,1414.0,-0.28,1930800,1420.5,1408.0,1541.5,1075.5
2026-07-16 15:25:37,2026-07-16 15:10,1407.5,1414.0,-0.46,2024100,1420.5,1407.5,1541.5,1075.5
2026-07-16 15:30:32,2026-07-16 15:15,1409.5,1414.0,-0.32,2063000,1420.5,1407.0,1541.5,1075.5
2026-07-16 15:40:38,2026-07-16 15:24,1407.5,1414.0,-0.46,2151300,1420.5,1407.0,1541.5,1075.5
2026-07-17 09:05:48,2026-07-16 15:30,1411.5,1414.0,-0.18,3150000,1420.5,1407.0,1541.5,1076.0
2026-07-17 09:10:59,2026-07-16 15:30,1411.5,1414.0,-0.18,3150000,1420.5,1407.0,1541.5,1076.0
2026-07-17 09:15:32,2026-07-17 09:00,1411.5,1414.0,-0.18,3267300,1414.5,1412.0,1541.5,1076.0
2026-07-17 09:20:37,2026-07-17 09:05,1412.5,1411.5,0.07,237000,1416.0,1410.5,1541.5,1076.0
2026-07-17 09:25:32,2026-07-17 09:10,1414.5,1411.5,0.21,321700,1416.0,1410.5,1541.5,1076.0
2026-07-17 09:30:34,2026-07-17 09:15,1410.5,1411.5,-0.07,376200,1416.0,1408.5,1541.5,1076.0
2026-07-17 09:35:41,2026-07-17 09:20,1413.5,1411.5,0.14,431100,1416.0,1408.5,1541.5,1076.0
2026-07-17 09:40:30,2026-07-17 09:25,1413.0,1411.5,0.11,460300,1416.0,1408.5,1541.5,1076.0
2026-07-17 09:45:34,2026-07-17 09:30,1413.0,1411.5,0.11,514000,1416.0,1408.5,1541.5,1076.0
2026-07-17 09:50:41,2026-07-17 09:35,1413.5,1411.5,0.14,606000,1416.0,1408.5,1541.5,1076.0
2026-07-17 09:55:39,2026-07-17 09:40,1411.5,1411.5,0.0,650600,1416.0,1408.5,1541.5,1076.0
2026-07-17 10:00:42,2026-07-17 09:45,1411.5,1411.5,0.0,688300,1416.0,1408.5,1541.5,1076.0
2026-07-17 10:05:29,2026-07-17 09:50,1413.0,1411.5,0.11,739000,1416.0,1408.5,1541.5,1076.0
2026-07-17 10:10:43,2026-07-17 09:55,1415.0,1411.5,0.25,815300,1416.0,1408.5,1541.5,1076.0
2026-07-17 10:15:33,2026-07-17 10:00,1411.5,1411.5,0.0,850800,1416.0,1408.5,1541.5,1076.0
2026-07-17 10:20:41,2026-07-17 10:05,1412.0,1411.5,0.04,888100,1416.0,1408.5,1541.5,1076.0
2026-07-17 10:25:50,2026-07-17 10:10,1413.5,1411.5,0.14,913200,1416.0,1408.5,1541.5,1076.0
2026-07-17 10:30:32,2026-07-17 10:15,1412.0,1411.5,0.04,932500,1416.0,1408.5,1541.5,1076.0
2026-07-17 10:35:37,2026-07-17 10:20,1410.5,1411.5,-0.07,949400,1416.0,1408.5,1541.5,1076.0
2026-07-17 10:40:50,2026-07-17 10:25,1410.5,1411.5,-0.07,969600,1416.0,1408.5,1541.5,1076.0
2026-07-17 10:45:46,2026-07-17 10:30,1409.5,1411.5,-0.14,1015500,1416.0,1408.5,1541.5,1076.0
2026-07-17 10:50:45,2026-07-17 10:35,1410.0,1411.5,-0.11,1100100,1416.0,1408.5,1541.5,1076.0
2026-07-17 10:55:35,2026-07-17 10:40,1409.5,1411.5,-0.14,1120900,1416.0,1408.5,1541.5,1076.0
2026-07-17 11:00:44,2026-07-17 10:45,1408.5,1411.5,-0.21,1148900,1416.0,1408.0,1541.5,1076.0
2026-07-17 11:05:43,2026-07-17 10:50,1407.5,1411.5,-0.28,1191400,1416.0,1406.5,1541.5,1076.0
2026-07-17 11:10:43,2026-07-17 10:55,1407.0,1411.5,-0.32,1222300,1416.0,1406.5,1541.5,1076.0
2026-07-17 11:15:34,2026-07-17 11:00,1405.5,1411.5,-0.43,1278500,1416.0,1405.0,1541.5,1076.0
2026-07-17 11:20:36,2026-07-17 11:04,1408.0,1411.5,-0.25,1295200,1416.0,1405.0,1541.5,1076.0
2026-07-17 11:25:41,2026-07-17 11:10,1407.5,1411.5,-0.28,1318200,1416.0,1405.0,1541.5,1076.0
2026-07-17 11:30:30,2026-07-17 11:15,1407.0,1411.5,-0.32,1383000,1416.0,1405.0,1541.5,1076.0
2026-07-17 12:30:39,2026-07-17 11:30,1403.5,1411.5,-0.57,1510700,1416.0,1402.5,1541.5,1076.0
2026-07-17 12:35:31,2026-07-17 11:30,1403.5,1411.5,-0.57,1510700,1416.0,1402.5,1541.5,1076.0
2026-07-17 12:40:37,2026-07-17 11:30,1403.5,1411.5,-0.57,1510700,1416.0,1402.5,1541.5,1076.0
2026-07-17 12:45:40,2026-07-17 12:30,1405.0,1411.5,-0.46,1579400,1416.0,1402.5,1541.5,1076.0
2026-07-17 12:50:51,2026-07-17 12:35,1404.0,1411.5,-0.53,1622500,1416.0,1402.5,1541.5,1076.0
2026-07-17 12:55:33,2026-07-17 12:40,1405.0,1411.5,-0.46,1714900,1416.0,1402.5,1541.5,1076.0
2026-07-17 13:00:38,2026-07-17 12:45,1401.5,1411.5,-0.71,1758900,1416.0,1401.5,1541.5,1076.0
2026-07-17 13:05:36,2026-07-17 12:50,1400.5,1411.5,-0.78,1790200,1416.0,1400.5,1541.5,1076.0
2026-07-17 13:10:48,2026-07-17 12:55,1400.5,1411.5,-0.78,1906600,1416.0,1399.5,1541.5,1076.0
2026-07-17 13:15:39,2026-07-17 13:00,1398.0,1411.5,-0.96,1955700,1416.0,1398.0,1541.5,1076.0
2026-07-17 13:20:31,2026-07-17 13:05,1396.0,1411.5,-1.1,2021800,1416.0,1395.5,1541.5,1076.0
2026-07-17 13:25:30,2026-07-17 13:10,1395.5,1411.5,-1.13,2054200,1416.0,1395.0,1541.5,1076.0
2026-07-17 13:30:33,2026-07-17 13:15,1394.0,1411.5,-1.24,2092400,1416.0,1394.0,1541.5,1076.0
2026-07-17 13:35:32,2026-07-17 13:20,1393.5,1411.5,-1.28,2151600,1416.0,1392.5,1541.5,1076.0
2026-07-17 13:40:41,2026-07-17 13:25,1391.5,1411.5,-1.42,2198600,1416.0,1391.0,1541.5,1076.0
2026-07-17 13:45:30,2026-07-17 13:30,1391.0,1411.5,-1.45,2241200,1416.0,1390.5,1541.5,1076.0
2026-07-17 13:50:32,2026-07-17 13:35,1388.5,1411.5,-1.63,2308600,1416.0,1388.5,1541.5,1076.0
2026-07-17 13:55:34,2026-07-17 13:40,1387.0,1411.5,-1.74,2344900,1416.0,1386.5,1541.5,1076.0
2026-07-17 14:00:42,2026-07-17 13:45,1389.0,1411.5,-1.59,2407600,1416.0,1386.5,1541.5,1076.0
2026-07-17 14:05:36,2026-07-17 13:50,1391.5,1411.5,-1.42,2479000,1416.0,1386.5,1541.5,1076.0
2026-07-17 14:10:31,2026-07-17 13:55,1390.5,1411.5,-1.49,2497800,1416.0,1386.5,1541.5,1076.0
2026-07-17 14:15:35,2026-07-17 14:00,1389.5,1411.5,-1.56,2525000,1416.0,1386.5,1541.5,1076.0
2026-07-17 14:20:39,2026-07-17 14:05,1389.0,1411.5,-1.59,2560300,1416.0,1386.5,1541.5,1076.0
2026-07-17 14:25:48,2026-07-17 14:10,1388.5,1411.5,-1.63,2583600,1416.0,1386.5,1541.5,1076.0
2026-07-17 14:30:33,2026-07-17 14:15,1389.0,1411.5,-1.59,2606500,1416.0,1386.5,1541.5,1076.0
2026-07-17 14:35:52,2026-07-17 14:20,1388.5,1411.5,-1.63,2642900,1416.0,1386.5,1541.5,1076.0
2026-07-17 14:40:30,2026-07-17 14:25,1388.0,1411.5,-1.66,2680700,1416.0,1386.5,1541.5,1076.0
2026-07-17 14:45:36,2026-07-17 14:30,1388.0,1411.5,-1.66,2721100,1416.0,1386.5,1541.5,1076.0
2026-07-17 14:50:29,2026-07-17 14:35,1387.0,1411.5,-1.74,2758400,1416.0,1386.0,1541.5,1076.0
2026-07-17 14:55:40,2026-07-17 14:40,1385.0,1411.5,-1.88,2798600,1416.0,1385.0,1541.5,1076.0
2026-07-17 15:00:29,2026-07-17 14:45,1384.5,1411.5,-1.91,2851400,1416.0,1384.0,1541.5,1076.0
2026-07-17 15:05:58,2026-07-17 14:50,1383.5,1411.5,-1.98,2921800,1416.0,1382.5,1541.5,1076.0
2026-07-17 15:10:33,2026-07-17 14:55,1383.5,1411.5,-1.98,3075600,1416.0,1382.0,1541.5,1076.0
2026-07-17 15:15:38,2026-07-17 15:00,1384.0,1411.5,-1.95,3118900,1416.0,1382.0,1541.5,1076.0
2026-07-17 15:20:38,2026-07-17 15:05,1384.5,1411.5,-1.91,3173900,1416.0,1382.0,1541.5,1076.0
2026-07-17 15:25:48,2026-07-17 15:10,1386.5,1411.5,-1.77,3227400,1416.0,1382.0,1541.5,1076.0
2026-07-17 15:30:37,2026-07-17 15:15,1388.5,1411.5,-1.63,3306000,1416.0,1382.0,1541.5,1076.0
2026-07-17 15:40:44,2026-07-17 15:24,1382.0,1411.5,-2.09,3692400,1416.0,1380.0,1541.5,1076.0
2026-07-21 09:05:31,2026-07-17 15:30,1390.0,1411.5,-1.52,5151200,1416.0,1380.0,1541.5,1076.0
2026-07-21 09:10:32,2026-07-17 15:30,1390.0,1411.5,-1.52,5151200,1416.0,1380.0,1541.5,1076.0
2026-07-21 09:15:30,2026-07-21 09:00,1403.5,1411.5,-0.57,5308300,1407.5,1400.0,1541.5,1076.0
2026-07-21 09:20:40,2026-07-21 09:05,1412.0,1390.0,1.58,239000,1413.0,1400.0,1541.5,1076.0
2026-07-21 09:25:45,2026-07-21 09:10,1412.0,1390.0,1.58,286000,1413.5,1400.0,1541.5,1076.0
2026-07-21 09:30:41,2026-07-21 09:15,1416.0,1390.0,1.87,435700,1419.0,1400.0,1541.5,1076.0
2026-07-21 09:35:45,2026-07-21 09:20,1419.5,1390.0,2.12,510600,1420.0,1400.0,1541.5,1076.0
2026-07-21 09:40:35,2026-07-21 09:25,1420.5,1390.0,2.19,583000,1421.0,1400.0,1541.5,1076.0
2026-07-21 09:45:36,2026-07-21 09:30,1419.5,1390.0,2.12,622300,1421.0,1400.0,1541.5,1076.0
2026-07-21 09:50:32,2026-07-21 09:35,1420.5,1390.0,2.19,665800,1421.0,1400.0,1541.5,1076.0
2026-07-21 09:55:37,2026-07-21 09:40,1421.0,1390.0,2.23,722900,1423.0,1400.0,1541.5,1076.0
2026-07-21 10:00:31,2026-07-21 09:45,1425.5,1390.0,2.55,813000,1425.5,1400.0,1541.5,1076.0
2026-07-21 10:05:52,2026-07-21 09:50,1422.0,1390.0,2.3,853700,1426.0,1400.0,1541.5,1076.0
2026-07-21 10:10:30,2026-07-21 09:55,1421.5,1390.0,2.27,881700,1426.0,1400.0,1541.5,1076.0
2026-07-21 10:15:33,2026-07-21 10:00,1422.5,1390.0,2.34,907000,1426.0,1400.0,1541.5,1076.0
2026-07-21 10:20:36,2026-07-21 10:05,1422.0,1390.0,2.3,924100,1426.0,1400.0,1541.5,1076.0
2026-07-21 10:25:31,2026-07-21 10:10,1426.5,1390.0,2.63,988300,1427.0,1400.0,1541.5,1076.0
2026-07-21 10:30:34,2026-07-21 10:15,1429.0,1390.0,2.81,1043700,1430.0,1400.0,1541.5,1076.0
2026-07-21 10:35:33,2026-07-21 10:20,1428.5,1390.0,2.77,1071900,1430.0,1400.0,1541.5,1076.0
2026-07-21 10:40:30,2026-07-21 10:25,1427.5,1390.0,2.7,1112100,1430.0,1400.0,1541.5,1076.0
2026-07-21 10:45:41,2026-07-21 10:30,1432.0,1390.0,3.02,1190100,1432.0,1400.0,1541.5,1076.0
2026-07-21 10:50:50,2026-07-21 10:35,1434.0,1390.0,3.17,1228200,1434.0,1400.0,1541.5,1076.0
2026-07-21 10:55:45,2026-07-21 10:40,1433.0,1390.0,3.09,1281300,1434.5,1400.0,1541.5,1076.0
2026-07-21 11:00:31,2026-07-21 10:45,1433.5,1390.0,3.13,1312200,1434.5,1400.0,1541.5,1076.0
2026-07-21 11:05:37,2026-07-21 10:50,1436.0,1390.0,3.31,1386600,1436.5,1400.0,1541.5,1076.0
2026-07-21 11:10:39,2026-07-21 10:55,1437.5,1390.0,3.42,1428600,1438.0,1400.0,1541.5,1076.0
2026-07-21 11:15:31,2026-07-21 11:00,1439.0,1390.0,3.53,1466800,1439.5,1400.0,1541.5,1076.0
2026-07-21 11:20:34,2026-07-21 11:05,1439.5,1390.0,3.56,1523100,1440.0,1400.0,1541.5,1076.0
2026-07-21 11:25:36,2026-07-21 11:10,1441.5,1390.0,3.71,1666100,1442.0,1400.0,1541.5,1076.0
2026-07-21 11:30:40,2026-07-21 11:15,1441.0,1390.0,3.67,1746400,1442.0,1400.0,1541.5,1076.0
2026-07-21 12:30:34,2026-07-21 11:30,1441.5,1390.0,3.71,1856200,1442.0,1400.0,1541.5,1076.0
2026-07-21 12:35:31,2026-07-21 11:30,1441.5,1390.0,3.71,1856200,1442.0,1400.0,1541.5,1076.0
2026-07-21 12:40:29,2026-07-21 11:30,1441.5,1390.0,3.71,1856200,1442.0,1400.0,1541.5,1076.0
2026-07-21 12:45:55,2026-07-21 12:30,1442.0,1390.0,3.74,2047800,1444.0,1400.0,1541.5,1076.0
2026-07-21 12:50:34,2026-07-21 12:35,1437.0,1390.0,3.38,2121000,1444.0,1400.0,1541.5,1076.0
2026-07-21 12:55:36,2026-07-21 12:40,1434.0,1390.0,3.17,2177100,1444.0,1400.0,1541.5,1076.0
2026-07-21 13:00:31,2026-07-21 12:45,1433.0,1390.0,3.09,2241500,1444.0,1400.0,1541.5,1076.0
2026-07-21 13:05:33,2026-07-21 12:50,1431.0,1390.0,2.95,2273900,1444.0,1400.0,1541.5,1076.0
2026-07-21 13:10:38,2026-07-21 12:55,1431.5,1390.0,2.99,2312100,1444.0,1400.0,1541.5,1076.0
2026-07-21 13:15:39,2026-07-21 13:00,1429.5,1390.0,2.84,2363000,1444.0,1400.0,1541.5,1076.0
2026-07-21 13:20:51,2026-07-21 13:04,1431.0,1390.0,2.95,2381600,1444.0,1400.0,1541.5,1076.0
2026-07-21 13:25:32,2026-07-21 13:10,1431.5,1390.0,2.99,2405100,1444.0,1400.0,1541.5,1076.0
2026-07-21 13:30:45,2026-07-21 13:15,1429.5,1390.0,2.84,2442400,1444.0,1400.0,1541.5,1076.0
2026-07-21 13:35:36,2026-07-21 13:20,1430.0,1390.0,2.88,2462400,1444.0,1400.0,1541.5,1076.0
2026-07-21 13:40:43,2026-07-21 13:25,1431.0,1390.0,2.95,2483200,1444.0,1400.0,1541.5,1076.0
2026-07-21 13:45:38,2026-07-21 13:30,1431.5,1390.0,2.99,2499900,1444.0,1400.0,1541.5,1076.0
2026-07-21 13:50:31,2026-07-21 13:35,1433.0,1390.0,3.09,2544700,1444.0,1400.0,1541.5,1076.0
2026-07-21 13:55:38,2026-07-21 13:40,1431.0,1390.0,2.95,2600000,1444.0,1400.0,1541.5,1076.0
2026-07-21 14:00:48,2026-07-21 13:45,1430.0,1390.0,2.88,2620300,1444.0,1400.0,1541.5,1076.0
2026-07-21 14:05:38,2026-07-21 13:50,1430.0,1390.0,2.88,2634000,1444.0,1400.0,1541.5,1076.0
2026-07-21 14:10:38,2026-07-21 13:55,1432.0,1390.0,3.02,2659200,1444.0,1400.0,1541.5,1076.0
2026-07-21 14:15:39,2026-07-21 14:00,1429.5,1390.0,2.84,2692500,1444.0,1400.0,1541.5,1076.0
2026-07-21 14:20:39,2026-07-21 14:05,1430.0,1390.0,2.88,2709900,1444.0,1400.0,1541.5,1076.0
2026-07-21 14:25:34,2026-07-21 14:10,1431.0,1390.0,2.95,2725400,1444.0,1400.0,1541.5,1076.0
2026-07-21 14:30:42,2026-07-21 14:15,1432.0,1390.0,3.02,2730400,1444.0,1400.0,1541.5,1076.0
2026-07-21 14:35:39,2026-07-21 14:20,1431.0,1390.0,2.95,2784500,1444.0,1400.0,1541.5,1076.0
2026-07-21 14:40:31,2026-07-21 14:25,1432.0,1390.0,3.02,2810400,1444.0,1400.0,1541.5,1076.0
2026-07-21 14:45:37,2026-07-21 14:30,1432.0,1390.0,3.02,2867000,1444.0,1400.0,1541.5,1076.0
2026-07-21 14:50:44,2026-07-21 14:35,1430.5,1390.0,2.91,2904700,1444.0,1400.0,1541.5,1076.0
2026-07-21 14:55:36,2026-07-21 14:40,1431.0,1390.0,2.95,2958300,1444.0,1400.0,1541.5,1076.0
2026-07-21 15:00:39,2026-07-21 14:45,1430.5,1390.0,2.91,2983900,1444.0,1400.0,1541.5,1076.0
2026-07-21 15:05:42,2026-07-21 14:50,1431.0,1390.0,2.95,3009200,1444.0,1400.0,1541.5,1076.0
2026-07-21 15:10:47,2026-07-21 14:55,1431.0,1390.0,2.95,3025300,1444.0,1400.0,1541.5,1076.0
2026-07-21 15:15:42,2026-07-21 15:00,1432.0,1390.0,3.02,3069700,1444.0,1400.0,1541.5,1076.0
2026-07-21 15:20:34,2026-07-21 15:05,1433.5,1390.0,3.13,3123100,1444.0,1400.0,1541.5,1076.0
2026-07-21 15:25:35,2026-07-21 15:10,1436.0,1390.0,3.31,3180500,1444.0,1400.0,1541.5,1076.0
2026-07-21 15:30:30,2026-07-21 15:15,1435.5,1390.0,3.27,3316600,1444.0,1400.0,1541.5,1076.0
2026-07-21 15:40:34,2026-07-21 15:24,1437.0,1390.0,3.38,3562400,1444.0,1400.0,1541.5,1076.0
2026-07-22 09:05:31,2026-07-21 15:30,1440.0,1390.0,3.6,4888900,1444.0,1400.0,1541.5,1076.0
2026-07-22 09:10:44,2026-07-21 15:30,1440.0,1390.0,3.6,4888900,1444.0,1400.0,1541.5,1076.0
2026-07-22 09:15:30,2026-07-22 09:00,1440.0,1390.0,3.6,5040600,1440.0,1434.0,1541.5,1076.0
2026-07-22 09:20:30,2026-07-22 09:05,1431.0,1440.0,-0.62,316600,1440.0,1425.5,1541.5,1076.0
2026-07-22 09:25:33,2026-07-22 09:10,1432.5,1440.0,-0.52,373900,1440.0,1425.5,1541.5,1076.0
2026-07-22 09:30:36,2026-07-22 09:15,1433.0,1440.0,-0.49,523100,1440.0,1425.5,1541.5,1076.0
2026-07-22 09:35:42,2026-07-22 09:20,1433.0,1440.0,-0.49,581000,1440.0,1425.5,1541.5,1076.0
2026-07-22 09:40:41,2026-07-22 09:25,1428.5,1440.0,-0.8,637700,1440.0,1425.5,1541.5,1076.0
2026-07-22 09:45:40,2026-07-22 09:30,1431.5,1440.0,-0.59,688200,1440.0,1425.5,1541.5,1076.0
2026-07-22 09:50:41,2026-07-22 09:35,1432.5,1440.0,-0.52,724800,1440.0,1425.5,1541.5,1076.0
2026-07-22 09:55:29,2026-07-22 09:40,1433.0,1440.0,-0.49,774100,1440.0,1425.5,1541.5,1076.0
2026-07-22 10:00:30,2026-07-22 09:45,1434.0,1440.0,-0.42,796400,1440.0,1425.5,1541.5,1076.0
2026-07-22 10:05:29,2026-07-22 09:50,1435.0,1440.0,-0.35,824300,1440.0,1425.5,1541.5,1076.0
2026-07-22 10:10:31,2026-07-22 09:55,1436.5,1440.0,-0.24,879100,1440.0,1425.5,1541.5,1076.0
2026-07-22 10:15:33,2026-07-22 10:00,1437.0,1440.0,-0.21,903100,1440.0,1425.5,1541.5,1076.0
2026-07-22 10:20:45,2026-07-22 10:05,1436.5,1440.0,-0.24,939400,1440.0,1425.5,1541.5,1076.0
2026-07-22 10:25:52,2026-07-22 10:10,1434.0,1440.0,-0.42,961700,1440.0,1425.5,1541.5,1076.0
2026-07-22 10:30:39,2026-07-22 10:15,1434.0,1440.0,-0.42,986900,1440.0,1425.5,1541.5,1076.0
2026-07-22 10:35:30,2026-07-22 10:20,1433.5,1440.0,-0.45,1010300,1440.0,1425.5,1541.5,1076.0
2026-07-22 10:40:34,2026-07-22 10:25,1436.0,1440.0,-0.28,1033900,1440.0,1425.5,1541.5,1076.0
2026-07-22 10:45:44,2026-07-22 10:30,1436.0,1440.0,-0.28,1052300,1440.0,1425.5,1541.5,1076.0
2026-07-22 10:50:32,2026-07-22 10:34,1436.0,1440.0,-0.28,1084000,1440.0,1425.5,1541.5,1076.0
2026-07-22 10:55:41,2026-07-22 10:40,1437.0,1440.0,-0.21,1103300,1440.0,1425.5,1541.5,1076.0
2026-07-22 11:00:40,2026-07-22 10:45,1435.5,1440.0,-0.31,1127600,1440.0,1425.5,1541.5,1076.0
2026-07-22 11:05:46,2026-07-22 10:50,1435.0,1440.0,-0.35,1164200,1440.0,1425.5,1541.5,1076.0
2026-07-22 11:10:34,2026-07-22 10:55,1435.5,1440.0,-0.31,1191300,1440.0,1425.5,1541.5,1076.0
2026-07-22 11:15:39,2026-07-22 11:00,1435.5,1440.0,-0.31,1201800,1440.0,1425.5,1541.5,1076.0
2026-07-22 11:20:32,2026-07-22 11:05,1433.5,1440.0,-0.45,1242300,1440.0,1425.5,1541.5,1076.0
2026-07-22 11:25:35,2026-07-22 11:10,1434.0,1440.0,-0.42,1272000,1440.0,1425.5,1541.5,1076.0
2026-07-22 11:30:31,2026-07-22 11:15,1434.5,1440.0,-0.38,1283800,1440.0,1425.5,1541.5,1076.0
2026-07-22 12:30:39,2026-07-22 11:30,1432.5,1440.0,-0.52,1376100,1440.0,1425.5,1541.5,1076.0
2026-07-22 12:35:42,2026-07-22 11:30,1432.5,1440.0,-0.52,1376100,1440.0,1425.5,1541.5,1076.0
2026-07-22 12:40:40,2026-07-22 11:30,1432.5,1440.0,-0.52,1376100,1440.0,1425.5,1541.5,1076.0
2026-07-22 12:45:36,2026-07-22 12:30,1434.0,1440.0,-0.42,1494200,1440.0,1425.5,1541.5,1076.0
2026-07-22 12:50:32,2026-07-22 12:35,1435.0,1440.0,-0.35,1585000,1440.0,1425.5,1541.5,1076.0
2026-07-22 12:55:37,2026-07-22 12:40,1433.5,1440.0,-0.45,1615000,1440.0,1425.5,1541.5,1076.0
2026-07-22 13:00:49,2026-07-22 12:45,1435.0,1440.0,-0.35,1642000,1440.0,1425.5,1541.5,1076.0
2026-07-22 13:05:32,2026-07-22 12:50,1436.0,1440.0,-0.28,1741400,1440.0,1425.5,1541.5,1076.0
2026-07-22 13:10:34,2026-07-22 12:55,1436.0,1440.0,-0.28,1804800,1440.0,1425.5,1541.5,1076.0
2026-07-22 13:15:36,2026-07-22 13:00,1436.0,1440.0,-0.28,1832100,1440.0,1425.5,1541.5,1076.0
2026-07-22 13:20:34,2026-07-22 13:05,1437.5,1440.0,-0.17,1849800,1440.0,1425.5,1541.5,1076.0
2026-07-22 13:26:00,2026-07-22 13:10,1438.0,1440.0,-0.14,1891100,1440.0,1425.5,1541.5,1076.0
2026-07-22 13:30:46,2026-07-22 13:15,1438.0,1440.0,-0.14,1918300,1440.0,1425.5,1541.5,1076.0
2026-07-22 13:35:39,2026-07-22 13:20,1437.5,1440.0,-0.17,1940300,1440.0,1425.5,1541.5,1076.0
2026-07-22 13:40:39,2026-07-22 13:25,1436.5,1440.0,-0.24,1968300,1440.0,1425.5,1541.5,1076.0
2026-07-22 13:45:43,2026-07-22 13:30,1437.5,1440.0,-0.17,1993000,1440.0,1425.5,1541.5,1076.0
2026-07-22 13:50:40,2026-07-22 13:35,1437.5,1440.0,-0.17,2010200,1440.0,1425.5,1541.5,1076.0
2026-07-22 13:55:38,2026-07-22 13:40,1436.5,1440.0,-0.24,2027600,1440.0,1425.5,1541.5,1076.0
2026-07-22 14:00:41,2026-07-22 13:45,1438.0,1440.0,-0.14,2048100,1440.0,1425.5,1541.5,1076.0
2026-07-22 14:05:46,2026-07-22 13:50,1437.0,1440.0,-0.21,2070000,1440.0,1425.5,1541.5,1076.0
2026-07-22 14:10:36,2026-07-22 13:55,1437.5,1440.0,-0.17,2093600,1440.0,1425.5,1541.5,1076.0
2026-07-22 14:15:55,2026-07-22 14:00,1439.0,1440.0,-0.07,2137500,1440.0,1425.5,1541.5,1076.0
2026-07-22 14:20:41,2026-07-22 14:05,1439.5,1440.0,-0.03,2170700,1440.0,1425.5,1541.5,1076.0
2026-07-22 14:25:37,2026-07-22 14:10,1439.0,1440.0,-0.07,2199600,1440.0,1425.5,1541.5,1076.0
2026-07-22 14:30:38,2026-07-22 14:15,1439.5,1440.0,-0.03,2253100,1440.0,1425.5,1541.5,1076.0
2026-07-22 14:35:37,2026-07-22 14:20,1441.0,1440.0,0.07,2395300,1441.5,1425.5,1541.5,1076.0
2026-07-22 14:40:35,2026-07-22 14:25,1440.0,1440.0,0.0,2442200,1442.0,1425.5,1541.5,1076.0
2026-07-22 14:45:42,2026-07-22 14:30,1440.0,1440.0,0.0,2466000,1442.0,1425.5,1541.5,1076.0
2026-07-22 14:50:59,2026-07-22 14:35,1441.0,1440.0,0.07,2504100,1442.0,1425.5,1541.5,1076.0
2026-07-22 14:55:37,2026-07-22 14:40,1441.5,1440.0,0.1,2516300,1442.0,1425.5,1541.5,1076.0
2026-07-22 15:00:36,2026-07-22 14:43,1440.5,1440.0,0.03,2533200,1442.0,1425.5,1541.5,1076.0
2026-07-22 15:05:42,2026-07-22 14:50,1438.0,1440.0,-0.14,2589000,1442.0,1425.5,1541.5,1076.0
2026-07-22 15:10:42,2026-07-22 14:55,1438.0,1440.0,-0.14,2618900,1442.0,1425.5,1541.5,1076.0
2026-07-22 15:15:54,2026-07-22 15:00,1436.0,1440.0,-0.28,2653900,1442.0,1425.5,1541.5,1076.0
2026-07-22 15:20:34,2026-07-22 15:05,1435.0,1440.0,-0.35,2697300,1442.0,1425.5,1541.5,1076.0
2026-07-22 15:25:45,2026-07-22 15:10,1436.5,1440.0,-0.24,2737300,1442.0,1425.5,1541.5,1076.0
2026-07-22 15:30:56,2026-07-22 15:15,1435.0,1440.0,-0.35,2799400,1442.0,1425.5,1541.5,1076.0
2026-07-22 15:40:47,2026-07-22 15:24,1434.5,1440.0,-0.38,2994500,1442.0,1425.5,1541.5,1076.0
2026-07-23 09:05:34,2026-07-22 15:30,1437.0,1440.0,-0.21,4159900,1442.0,1425.5,1541.5,1089.0
2026-07-23 09:10:32,2026-07-22 15:30,1437.0,1440.0,-0.21,4159900,1442.0,1425.5,1541.5,1089.0
2026-07-23 09:15:33,2026-07-22 15:30,1437.0,1440.0,-0.21,4159900,1442.0,1425.5,1541.5,1089.0
2026-07-23 09:20:35,2026-07-23 09:05,1435.0,1437.0,-0.14,189200,1436.5,1432.5,1541.5,1089.0
2026-07-23 09:25:38,2026-07-23 09:10,1435.5,1437.0,-0.1,263500,1437.0,1432.5,1541.5,1089.0
2026-07-23 09:30:37,2026-07-23 09:15,1436.0,1437.0,-0.07,293400,1437.0,1432.5,1541.5,1089.0
2026-07-23 09:35:32,2026-07-23 09:20,1438.0,1437.0,0.07,319700,1438.0,1432.5,1541.5,1089.0
2026-07-23 09:40:35,2026-07-23 09:25,1439.5,1437.0,0.17,375200,1440.5,1432.5,1541.5,1089.0
2026-07-23 09:45:33,2026-07-23 09:30,1437.0,1437.0,0.0,397400,1440.5,1432.5,1541.5,1089.0
2026-07-23 09:50:34,2026-07-23 09:35,1435.5,1437.0,-0.1,422700,1440.5,1432.5,1541.5,1089.0
2026-07-23 09:55:29,2026-07-23 09:40,1434.0,1437.0,-0.21,442700,1440.5,1432.5,1541.5,1089.0
2026-07-23 10:00:36,2026-07-23 09:44,1437.5,1437.0,0.03,483300,1440.5,1432.5,1541.5,1089.0
2026-07-23 10:06:05,2026-07-23 09:50,1437.5,1437.0,0.03,504000,1440.5,1432.5,1541.5,1089.0
2026-07-23 10:10:39,2026-07-23 09:55,1437.0,1437.0,0.0,514600,1440.5,1432.5,1541.5,1089.0
2026-07-23 10:15:30,2026-07-23 10:00,1439.0,1437.0,0.14,591800,1440.5,1432.5,1541.5,1089.0
2026-07-23 10:20:31,2026-07-23 10:05,1438.5,1437.0,0.1,628500,1440.5,1432.5,1541.5,1089.0
2026-07-23 10:25:34,2026-07-23 10:10,1439.0,1437.0,0.14,645600,1440.5,1432.5,1541.5,1089.0
2026-07-23 10:30:42,2026-07-23 10:15,1438.5,1437.0,0.1,664400,1440.5,1432.5,1541.5,1089.0
2026-07-23 10:35:39,2026-07-23 10:20,1436.5,1437.0,-0.03,693000,1440.5,1432.5,1541.5,1089.0
2026-07-23 10:40:33,2026-07-23 10:24,1437.5,1437.0,0.03,708500,1440.5,1432.5,1541.5,1089.0
2026-07-23 10:45:56,2026-07-23 10:30,1437.5,1437.0,0.03,726400,1440.5,1432.5,1541.5,1089.0
2026-07-23 10:50:36,2026-07-23 10:34,1437.5,1437.0,0.03,752200,1440.5,1432.5,1541.5,1089.0
2026-07-23 10:55:40,2026-07-23 10:40,1437.5,1437.0,0.03,783000,1440.5,1432.5,1541.5,1089.0
2026-07-23 11:00:38,2026-07-23 10:45,1437.5,1437.0,0.03,798100,1440.5,1432.5,1541.5,1089.0
2026-07-23 11:05:39,2026-07-23 10:50,1438.5,1437.0,0.1,822000,1440.5,1432.5,1541.5,1089.0
2026-07-23 11:10:36,2026-07-23 10:54,1437.5,1437.0,0.03,853600,1440.5,1432.5,1541.5,1089.0
2026-07-23 11:15:37,2026-07-23 10:59,1437.0,1437.0,0.0,861200,1440.5,1432.5,1541.5,1089.0
2026-07-23 11:20:30,2026-07-23 11:05,1436.5,1437.0,-0.03,880100,1440.5,1432.5,1541.5,1089.0
2026-07-23 11:25:29,2026-07-23 11:10,1435.5,1437.0,-0.1,931200,1440.5,1432.5,1541.5,1089.0
2026-07-23 11:30:32,2026-07-23 11:15,1435.5,1437.0,-0.1,948000,1440.5,1432.5,1541.5,1089.0
2026-07-23 12:30:32,2026-07-23 11:30,1434.5,1437.0,-0.17,1020200,1440.5,1432.5,1541.5,1089.0
2026-07-23 12:35:45,2026-07-23 11:30,1434.5,1437.0,-0.17,1020200,1440.5,1432.5,1541.5,1089.0
2026-07-23 12:40:31,2026-07-23 11:30,1434.5,1437.0,-0.17,1020200,1440.5,1432.5,1541.5,1089.0
2026-07-23 12:45:42,2026-07-23 12:30,1435.5,1437.0,-0.1,1101100,1440.5,1432.5,1541.5,1089.0
2026-07-23 12:50:35,2026-07-23 12:35,1435.5,1437.0,-0.1,1126700,1440.5,1432.5,1541.5,1089.0
2026-07-23 12:55:43,2026-07-23 12:40,1435.0,1437.0,-0.14,1167000,1440.5,1432.5,1541.5,1089.0
2026-07-23 13:00:36,2026-07-23 12:45,1437.5,1437.0,0.03,1215600,1440.5,1432.5,1541.5,1089.0
2026-07-23 13:05:32,2026-07-23 12:50,1438.5,1437.0,0.1,1252200,1440.5,1432.5,1541.5,1089.0
2026-07-23 13:10:31,2026-07-23 12:53,1438.5,1437.0,0.1,1269300,1440.5,1432.5,1541.5,1089.0
2026-07-23 13:15:38,2026-07-23 13:00,1436.5,1437.0,-0.03,1291600,1440.5,1432.5,1541.5,1089.0
2026-07-23 13:20:40,2026-07-23 13:04,1436.5,1437.0,-0.03,1301600,1440.5,1432.5,1541.5,1089.0
2026-07-23 13:25:41,2026-07-23 13:09,1436.5,1437.0,-0.03,1324700,1440.5,1432.5,1541.5,1089.0
2026-07-23 13:30:37,2026-07-23 13:14,1437.0,1437.0,0.0,1336500,1440.5,1432.5,1541.5,1089.0
2026-07-23 13:35:36,2026-07-23 13:20,1437.0,1437.0,0.0,1350700,1440.5,1432.5,1541.5,1089.0
2026-07-23 13:40:34,2026-07-23 13:25,1437.0,1437.0,0.0,1386100,1440.5,1432.5,1541.5,1089.0
2026-07-23 13:45:41,2026-07-23 13:30,1436.5,1437.0,-0.03,1413300,1440.5,1432.5,1541.5,1089.0
2026-07-23 13:50:42,2026-07-23 13:35,1437.0,1437.0,0.0,1419100,1440.5,1432.5,1541.5,1089.0
2026-07-23 13:55:35,2026-07-23 13:40,1436.0,1437.0,-0.07,1461900,1440.5,1432.5,1541.5,1089.0
2026-07-23 14:00:36,2026-07-23 13:45,1435.5,1437.0,-0.1,1479000,1440.5,1432.5,1541.5,1089.0
2026-07-23 14:05:48,2026-07-23 13:50,1435.5,1437.0,-0.1,1492600,1440.5,1432.5,1541.5,1089.0
2026-07-23 14:10:32,2026-07-23 13:55,1434.0,1437.0,-0.21,1523500,1440.5,1432.5,1541.5,1089.0
2026-07-23 14:15:49,2026-07-23 14:00,1434.5,1437.0,-0.17,1548800,1440.5,1432.5,1541.5,1089.0
2026-07-23 14:20:30,2026-07-23 14:04,1435.0,1437.0,-0.14,1554600,1440.5,1432.5,1541.5,1089.0
2026-07-23 14:25:40,2026-07-23 14:10,1435.5,1437.0,-0.1,1576200,1440.5,1432.5,1541.5,1089.0
2026-07-23 14:30:32,2026-07-23 14:15,1435.5,1437.0,-0.1,1593200,1440.5,1432.5,1541.5,1089.0
2026-07-23 14:35:36,2026-07-23 14:20,1435.0,1437.0,-0.14,1603000,1440.5,1432.5,1541.5,1089.0
2026-07-23 14:40:51,2026-07-23 14:25,1436.0,1437.0,-0.07,1638200,1440.5,1432.5,1541.5,1089.0
2026-07-23 14:45:30,2026-07-23 14:30,1436.5,1437.0,-0.03,1652200,1440.5,1432.5,1541.5,1089.0
2026-07-23 14:50:38,2026-07-23 14:35,1435.0,1437.0,-0.14,1685200,1440.5,1432.5,1541.5,1089.0
2026-07-23 14:55:33,2026-07-23 14:40,1435.0,1437.0,-0.14,1706700,1440.5,1432.5,1541.5,1089.0
2026-07-23 15:00:54,2026-07-23 14:45,1434.0,1437.0,-0.21,1741500,1440.5,1432.5,1541.5,1089.0
2026-07-23 15:05:45,2026-07-23 14:50,1435.5,1437.0,-0.1,1766800,1440.5,1432.5,1541.5,1089.0
2026-07-23 15:10:32,2026-07-23 14:55,1435.5,1437.0,-0.1,1831300,1440.5,1432.5,1541.5,1089.0
2026-07-23 15:15:40,2026-07-23 15:00,1434.5,1437.0,-0.17,1854700,1440.5,1432.5,1541.5,1089.0
2026-07-23 15:20:41,2026-07-23 15:05,1435.0,1437.0,-0.14,1860100,1440.5,1432.5,1541.5,1089.0
2026-07-23 15:25:47,2026-07-23 15:10,1434.5,1437.0,-0.17,1920800,1440.5,1432.5,1541.5,1089.0
2026-07-23 15:30:49,2026-07-23 15:15,1434.5,1437.0,-0.17,1940100,1440.5,1432.5,1541.5,1089.0
2026-07-23 15:40:46,2026-07-23 15:24,1433.5,1437.0,-0.24,2045600,1440.5,1432.5,1541.5,1089.0
2026-07-24 09:05:40,2026-07-23 15:30,1439.5,1437.0,0.17,3086100,1440.5,1432.5,1541.5,1095.5
2026-07-24 09:10:32,2026-07-23 15:30,1439.5,1437.0,0.17,3086100,1440.5,1432.5,1541.5,1095.5
2026-07-24 09:15:36,2026-07-24 09:00,1439.5,1437.0,0.17,3346000,1429.0,1424.0,1541.5,1095.5
2026-07-24 09:20:30,2026-07-24 09:05,1430.0,1439.5,-0.66,344000,1431.5,1423.5,1541.5,1095.5
2026-07-24 09:25:53,2026-07-24 09:10,1434.0,1439.5,-0.38,407300,1434.0,1423.5,1541.5,1095.5
2026-07-24 09:30:37,2026-07-24 09:15,1436.0,1439.5,-0.24,434600,1437.0,1423.5,1541.5,1095.5
2026-07-24 09:35:35,2026-07-24 09:20,1436.5,1439.5,-0.21,499700,1439.0,1423.5,1541.5,1095.5
2026-07-24 09:40:36,2026-07-24 09:25,1439.0,1439.5,-0.03,523500,1439.5,1423.5,1541.5,1095.5
2026-07-24 09:45:33,2026-07-24 09:30,1437.0,1439.5,-0.17,545800,1439.5,1423.5,1541.5,1095.5
2026-07-24 09:50:42,2026-07-24 09:35,1434.5,1439.5,-0.35,575600,1439.5,1423.5,1541.5,1095.5
2026-07-24 09:55:37,2026-07-24 09:40,1435.0,1439.5,-0.31,628600,1439.5,1423.5,1541.5,1095.5
2026-07-24 10:00:43,2026-07-24 09:45,1435.5,1439.5,-0.28,651800,1439.5,1423.5,1541.5,1095.5
2026-07-24 10:05:33,2026-07-24 09:50,1434.5,1439.5,-0.35,674800,1439.5,1423.5,1541.5,1095.5
2026-07-24 10:10:30,2026-07-24 09:55,1434.0,1439.5,-0.38,707400,1439.5,1423.5,1541.5,1095.5
2026-07-24 10:15:41,2026-07-24 10:00,1433.0,1439.5,-0.45,727400,1439.5,1423.5,1541.5,1095.5
2026-07-24 10:20:31,2026-07-24 10:04,1433.0,1439.5,-0.45,754500,1439.5,1423.5,1541.5,1095.5
2026-07-24 10:25:36,2026-07-24 10:10,1431.5,1439.5,-0.56,765000,1439.5,1423.5,1541.5,1095.5
2026-07-24 10:30:37,2026-07-24 10:15,1431.0,1439.5,-0.59,785900,1439.5,1423.5,1541.5,1095.5
2026-07-24 10:35:38,2026-07-24 10:20,1430.5,1439.5,-0.63,823000,1439.5,1423.5,1541.5,1095.5
2026-07-24 10:40:44,2026-07-24 10:25,1432.0,1439.5,-0.52,836100,1439.5,1423.5,1541.5,1095.5
2026-07-24 10:45:32,2026-07-24 10:29,1432.5,1439.5,-0.49,854100,1439.5,1423.5,1541.5,1095.5
2026-07-24 10:50:40,2026-07-24 10:34,1433.5,1439.5,-0.42,870400,1439.5,1423.5,1541.5,1095.5
2026-07-24 10:55:33,2026-07-24 10:40,1434.5,1439.5,-0.35,914300,1439.5,1423.5,1541.5,1095.5
2026-07-24 11:00:37,2026-07-24 10:45,1434.5,1439.5,-0.35,939500,1439.5,1423.5,1541.5,1095.5
2026-07-24 11:05:35,2026-07-24 10:49,1434.0,1439.5,-0.38,969300,1439.5,1423.5,1541.5,1095.5
2026-07-24 11:10:50,2026-07-24 10:53,1432.5,1439.5,-0.49,991700,1439.5,1423.5,1541.5,1095.5
2026-07-24 11:15:38,2026-07-24 11:00,1432.5,1439.5,-0.49,1024300,1439.5,1423.5,1541.5,1095.5
2026-07-24 11:20:42,2026-07-24 11:05,1432.0,1439.5,-0.52,1040900,1439.5,1423.5,1541.5,1095.5
2026-07-24 11:25:39,2026-07-24 11:10,1432.0,1439.5,-0.52,1055700,1439.5,1423.5,1541.5,1095.5
2026-07-24 11:30:31,2026-07-24 11:15,1433.5,1439.5,-0.42,1117800,1439.5,1423.5,1541.5,1095.5
2026-07-24 12:30:43,2026-07-24 11:30,1435.0,1439.5,-0.31,1200600,1439.5,1423.5,1541.5,1095.5
2026-07-24 12:35:37,2026-07-24 11:30,1435.0,1439.5,-0.31,1200600,1439.5,1423.5,1541.5,1095.5
2026-07-24 12:40:30,2026-07-24 11:30,1435.0,1439.5,-0.31,1200600,1439.5,1423.5,1541.5,1095.5
2026-07-24 12:45:32,2026-07-24 12:30,1436.0,1439.5,-0.24,1271000,1439.5,1423.5,1541.5,1095.5
2026-07-24 12:50:40,2026-07-24 12:35,1437.0,1439.5,-0.17,1313000,1439.5,1423.5,1541.5,1095.5
2026-07-24 12:55:39,2026-07-24 12:40,1435.5,1439.5,-0.28,1345400,1439.5,1423.5,1541.5,1095.5
2026-07-24 13:00:46,2026-07-24 12:45,1435.5,1439.5,-0.28,1383600,1439.5,1423.5,1541.5,1095.5
2026-07-24 13:05:35,2026-07-24 12:50,1436.0,1439.5,-0.24,1412300,1439.5,1423.5,1541.5,1095.5
2026-07-24 13:10:29,2026-07-24 12:55,1435.5,1439.5,-0.28,1437600,1439.5,1423.5,1541.5,1095.5
2026-07-24 13:15:35,2026-07-24 13:00,1435.0,1439.5,-0.31,1445900,1439.5,1423.5,1541.5,1095.5
2026-07-24 13:20:55,2026-07-24 13:05,1434.5,1439.5,-0.35,1479900,1439.5,1423.5,1541.5,1095.5
2026-07-24 13:25:34,2026-07-24 13:10,1435.0,1439.5,-0.31,1498200,1439.5,1423.5,1541.5,1095.5
2026-07-24 13:30:36,2026-07-24 13:15,1434.5,1439.5,-0.35,1509400,1439.5,1423.5,1541.5,1095.5
2026-07-24 13:35:31,2026-07-24 13:20,1435.5,1439.5,-0.28,1537000,1439.5,1423.5,1541.5,1095.5
2026-07-24 13:40:44,2026-07-24 13:25,1437.0,1439.5,-0.17,1582600,1439.5,1423.5,1541.5,1095.5
2026-07-24 13:45:39,2026-07-24 13:30,1436.5,1439.5,-0.21,1611200,1439.5,1423.5,1541.5,1095.5
2026-07-24 13:50:29,2026-07-24 13:35,1438.5,1439.5,-0.07,1666000,1439.5,1423.5,1541.5,1095.5
2026-07-24 13:55:30,2026-07-24 13:40,1438.0,1439.5,-0.1,1673100,1439.5,1423.5,1541.5,1095.5
2026-07-24 14:00:39,2026-07-24 13:45,1439.5,1439.5,0.0,1714200,1440.0,1423.5,1541.5,1095.5
2026-07-24 14:05:54,2026-07-24 13:50,1439.5,1439.5,0.0,1824900,1440.5,1423.5,1541.5,1095.5
2026-07-24 14:10:52,2026-07-24 13:55,1439.5,1439.5,0.0,1839200,1440.5,1423.5,1541.5,1095.5
2026-07-24 14:15:48,2026-07-24 14:00,1441.0,1439.5,0.1,1855000,1441.0,1423.5,1541.5,1095.5
2026-07-24 14:20:51,2026-07-24 14:05,1440.5,1439.5,0.07,1861000,1441.0,1423.5,1541.5,1095.5
2026-07-24 14:25:49,2026-07-24 14:10,1439.5,1439.5,0.0,1892500,1441.0,1423.5,1541.5,1095.5
2026-07-24 14:30:31,2026-07-24 14:15,1439.5,1439.5,0.0,1921000,1441.0,1423.5,1541.5,1095.5
2026-07-24 14:35:38,2026-07-24 14:20,1439.5,1439.5,0.0,1927800,1441.0,1423.5,1541.5,1095.5
2026-07-24 14:40:32,2026-07-24 14:25,1438.5,1439.5,-0.07,1962800,1441.0,1423.5,1541.5,1095.5
2026-07-24 14:45:32,2026-07-24 14:29,1438.0,1439.5,-0.1,1972000,1441.0,1423.5,1541.5,1095.5
2026-07-24 14:50:30,2026-07-24 14:35,1437.0,1439.5,-0.17,2024700,1441.0,1423.5,1541.5,1095.5
2026-07-24 14:55:44,2026-07-24 14:40,1437.0,1439.5,-0.17,2041300,1441.0,1423.5,1541.5,1095.5
2026-07-24 15:01:06,2026-07-24 14:46,1439.0,1439.5,-0.03,2092500,1441.0,1423.5,1541.5,1095.5
2026-07-24 15:05:54,2026-07-24 14:50,1438.5,1439.5,-0.07,2106000,1441.0,1423.5,1541.5,1095.5
2026-07-24 15:10:37,2026-07-24 14:55,1438.5,1439.5,-0.07,2130000,1441.0,1423.5,1541.5,1095.5
2026-07-24 15:15:30,2026-07-24 15:00,1438.0,1439.5,-0.1,2164500,1441.0,1423.5,1541.5,1095.5
2026-07-24 15:20:43,2026-07-24 15:05,1435.0,1439.5,-0.31,2217100,1441.0,1423.5,1541.5,1095.5
2026-07-24 15:25:40,2026-07-24 15:10,1435.5,1439.5,-0.28,2233900,1441.0,1423.5,1541.5,1095.5
2026-07-24 15:30:36,2026-07-24 15:15,1436.5,1439.5,-0.21,2277400,1441.0,1423.5,1541.5,1095.5
2026-07-24 15:51:06,2026-07-24 15:30,1439.0,1439.5,-0.03,3189500,1441.0,1423.5,1541.5,1095.5
2026-07-27 09:05:37,2026-07-24 15:30,1439.0,1439.5,-0.03,3189500,1441.0,1423.5,1541.5,1095.5
2026-07-27 09:11:01,2026-07-24 15:30,1439.0,1439.5,-0.03,3189500,1441.0,1423.5,1541.5,1095.5
2026-07-27 09:15:44,2026-07-27 09:00,1447.5,1439.5,0.56,3409100,1448.5,1444.0,1541.5,1095.5
2026-07-27 09:20:39,2026-07-27 09:05,1454.0,1439.0,1.04,477600,1455.0,1444.0,1541.5,1095.5
2026-07-27 09:25:32,2026-07-27 09:10,1449.5,1439.0,0.73,550800,1455.0,1444.0,1541.5,1095.5
2026-07-27 09:30:37,2026-07-27 09:15,1451.5,1439.0,0.87,620400,1455.0,1444.0,1541.5,1095.5
2026-07-27 09:35:42,2026-07-27 09:20,1452.0,1439.0,0.9,650900,1455.0,1444.0,1541.5,1095.5
2026-07-27 09:40:35,2026-07-27 09:25,1453.0,1439.0,0.97,758400,1455.0,1444.0,1541.5,1095.5
2026-07-27 09:47:06,2026-07-27 09:31,1453.0,1439.0,0.97,803500,1455.0,1444.0,1541.5,1095.5
2026-07-27 09:50:37,2026-07-27 09:35,1453.5,1439.0,1.01,829700,1455.0,1444.0,1541.5,1095.5
2026-07-27 09:57:01,2026-07-27 09:41,1456.5,1439.0,1.22,922600,1456.5,1444.0,1541.5,1095.5
2026-07-27 10:00:38,2026-07-27 09:45,1456.0,1439.0,1.18,979400,1458.0,1444.0,1541.5,1095.5
2026-07-27 10:06:15,2026-07-27 09:51,1456.5,1439.0,1.22,1013600,1458.0,1444.0,1541.5,1095.5
2026-07-27 10:10:41,2026-07-27 09:55,1457.0,1439.0,1.25,1038400,1458.0,1444.0,1541.5,1095.5
2026-07-27 10:15:31,2026-07-27 10:00,1458.0,1439.0,1.32,1091400,1458.5,1444.0,1541.5,1095.5
2026-07-27 10:20:34,2026-07-27 10:05,1458.5,1439.0,1.36,1126900,1458.5,1444.0,1541.5,1095.5
2026-07-27 10:25:35,2026-07-27 10:10,1458.5,1439.0,1.36,1180800,1459.5,1444.0,1541.5,1095.5
2026-07-27 10:30:32,2026-07-27 10:15,1459.0,1439.0,1.39,1207900,1459.5,1444.0,1541.5,1095.5
2026-07-27 10:35:30,2026-07-27 10:20,1456.0,1439.0,1.18,1244700,1459.5,1444.0,1541.5,1095.5
2026-07-27 10:40:43,2026-07-27 10:25,1457.0,1439.0,1.25,1279000,1459.5,1444.0,1541.5,1095.5
2026-07-27 10:47:36,2026-07-27 10:32,1456.0,1439.0,1.18,1334700,1459.5,1444.0,1541.5,1095.5
2026-07-27 10:50:48,2026-07-27 10:35,1455.5,1439.0,1.15,1365200,1459.5,1444.0,1541.5,1095.5
2026-07-27 10:55:54,2026-07-27 10:40,1456.5,1439.0,1.22,1389000,1459.5,1444.0,1541.5,1095.5
2026-07-27 11:00:36,2026-07-27 10:45,1456.5,1439.0,1.22,1429400,1459.5,1444.0,1541.5,1095.5
2026-07-27 11:06:02,2026-07-27 10:50,1457.5,1439.0,1.29,1473000,1459.5,1444.0,1541.5,1095.5
2026-07-27 11:10:48,2026-07-27 10:55,1459.0,1439.0,1.39,1498400,1459.5,1444.0,1541.5,1095.5
2026-07-27 11:15:34,2026-07-27 11:00,1458.5,1439.0,1.36,1514800,1459.5,1444.0,1541.5,1095.5
2026-07-27 11:20:37,2026-07-27 11:05,1459.0,1439.0,1.39,1547300,1459.5,1444.0,1541.5,1095.5
2026-07-27 11:25:38,2026-07-27 11:10,1459.5,1439.0,1.42,1583000,1460.0,1444.0,1541.5,1095.5
2026-07-27 11:30:42,2026-07-27 11:15,1460.5,1439.0,1.49,1637200,1460.5,1444.0,1541.5,1095.5
2026-07-27 12:30:36,2026-07-27 11:30,1460.0,1439.0,1.46,1713200,1461.0,1444.0,1541.5,1095.5
2026-07-27 12:37:00,2026-07-27 11:30,1460.0,1439.0,1.46,1713200,1461.0,1444.0,1541.5,1095.5
2026-07-27 12:40:44,2026-07-27 11:30,1460.0,1439.0,1.46,1713200,1461.0,1444.0,1541.5,1095.5
2026-07-27 12:45:36,2026-07-27 12:30,1462.0,1439.0,1.6,1816500,1462.5,1444.0,1541.5,1095.5
2026-07-27 12:50:39,2026-07-27 12:35,1461.5,1439.0,1.56,1857800,1462.5,1444.0,1541.5,1095.5
2026-07-27 12:55:40,2026-07-27 12:40,1458.5,1439.0,1.36,1904600,1462.5,1444.0,1541.5,1095.5
2026-07-27 13:00:41,2026-07-27 12:45,1458.5,1439.0,1.36,1936000,1462.5,1444.0,1541.5,1095.5
2026-07-27 13:06:50,2026-07-27 12:51,1458.0,1439.0,1.32,1960000,1462.5,1444.0,1541.5,1095.5
2026-07-27 13:10:36,2026-07-27 12:55,1459.0,1439.0,1.39,1983400,1462.5,1444.0,1541.5,1095.5
2026-07-27 13:15:33,2026-07-27 13:00,1459.5,1439.0,1.42,2004500,1462.5,1444.0,1541.5,1095.5
2026-07-27 13:20:37,2026-07-27 13:05,1461.0,1439.0,1.53,2024900,1462.5,1444.0,1541.5,1095.5
2026-07-27 13:26:56,2026-07-27 13:11,1460.5,1439.0,1.49,2056400,1462.5,1444.0,1541.5,1095.5
2026-07-27 13:32:08,2026-07-27 13:17,1460.5,1439.0,1.49,2085900,1462.5,1444.0,1541.5,1095.5
2026-07-27 13:35:48,2026-07-27 13:20,1460.5,1439.0,1.49,2105900,1462.5,1444.0,1541.5,1095.5
2026-07-27 13:40:36,2026-07-27 13:25,1459.5,1439.0,1.42,2131800,1462.5,1444.0,1541.5,1095.5
2026-07-27 13:45:43,2026-07-27 13:30,1461.0,1439.0,1.53,2175400,1462.5,1444.0,1541.5,1095.5
2026-07-27 13:50:37,2026-07-27 13:35,1461.5,1439.0,1.56,2186300,1462.5,1444.0,1541.5,1095.5
2026-07-27 13:55:31,2026-07-27 13:40,1462.5,1439.0,1.63,2206500,1462.5,1444.0,1541.5,1095.5
2026-07-27 14:00:35,2026-07-27 13:45,1464.0,1439.0,1.74,2236100,1464.0,1444.0,1541.5,1095.5
2026-07-27 14:05:32,2026-07-27 13:50,1464.5,1439.0,1.77,2267400,1465.0,1444.0,1541.5,1095.5
2026-07-27 14:10:38,2026-07-27 13:55,1466.5,1439.0,1.91,2331900,1466.5,1444.0,1541.5,1095.5
2026-07-27 14:17:05,2026-07-27 14:01,1465.5,1439.0,1.84,2386300,1467.0,1444.0,1541.5,1095.5
2026-07-27 14:20:32,2026-07-27 14:05,1463.5,1439.0,1.7,2465900,1467.0,1444.0,1541.5,1095.5
2026-07-27 14:25:40,2026-07-27 14:10,1463.5,1439.0,1.7,2495100,1467.0,1444.0,1541.5,1095.5
2026-07-27 14:30:32,2026-07-27 14:15,1465.0,1439.0,1.81,2547400,1467.0,1444.0,1541.5,1095.5
2026-07-27 14:36:52,2026-07-27 14:21,1465.5,1439.0,1.84,2573500,1467.0,1444.0,1541.5,1095.5
2026-07-27 14:40:35,2026-07-27 14:25,1466.0,1439.0,1.88,2591700,1467.0,1444.0,1541.5,1095.5
2026-07-27 14:45:34,2026-07-27 14:30,1467.5,1439.0,1.98,2625300,1467.5,1444.0,1541.5,1095.5
2026-07-27 14:50:45,2026-07-27 14:35,1467.0,1439.0,1.95,2653600,1467.5,1444.0,1541.5,1095.5
2026-07-27 14:56:56,2026-07-27 14:41,1466.5,1439.0,1.91,2720600,1467.5,1444.0,1541.5,1095.5
2026-07-27 15:00:40,2026-07-27 14:45,1467.0,1439.0,1.95,2731900,1467.5,1444.0,1541.5,1095.5
2026-07-27 15:05:36,2026-07-27 14:50,1466.5,1439.0,1.91,2766300,1468.0,1444.0,1541.5,1095.5
2026-07-27 15:10:44,2026-07-27 14:55,1466.5,1439.0,1.91,2805000,1468.0,1444.0,1541.5,1095.5
2026-07-27 15:17:11,2026-07-27 15:01,1467.5,1439.0,1.98,2845900,1468.0,1444.0,1541.5,1095.5
2026-07-27 15:21:58,2026-07-27 15:06,1467.0,1439.0,1.95,2872000,1468.0,1444.0,1541.5,1095.5
2026-07-27 15:25:34,2026-07-27 15:10,1468.0,1439.0,2.02,2900800,1468.0,1444.0,1541.5,1095.5
2026-07-27 15:30:52,2026-07-27 15:15,1467.0,1439.0,1.95,2939000,1468.0,1444.0,1541.5,1095.5
2026-07-27 15:40:41,2026-07-27 15:24,1469.0,1439.0,2.08,3061700,1469.5,1444.0,1541.5,1095.5
2026-07-28 09:05:33,2026-07-27 15:30,1470.0,1439.0,2.15,4148000,1470.0,1444.0,1541.5,1095.5
2026-07-28 09:10:37,2026-07-27 15:30,1470.0,1439.0,2.15,4148000,1470.0,1444.0,1541.5,1095.5
2026-07-28 09:15:31,2026-07-28 09:00,1470.0,1439.0,2.15,4309600,1470.0,1464.0,1541.5,1095.5
2026-07-28 09:20:39,2026-07-28 09:05,1462.0,1470.0,-0.54,355400,1470.0,1458.5,1541.5,1095.5
2026-07-28 09:25:38,2026-07-28 09:10,1457.5,1470.0,-0.85,437600,1470.0,1455.5,1541.5,1095.5
2026-07-28 09:30:38,2026-07-28 09:15,1461.0,1470.0,-0.61,520700,1470.0,1455.5,1541.5,1095.5
2026-07-28 09:35:48,2026-07-28 09:20,1460.5,1470.0,-0.65,580400,1470.0,1455.5,1541.5,1095.5
2026-07-28 09:40:35,2026-07-28 09:25,1460.0,1470.0,-0.68,650500,1470.0,1455.5,1541.5,1095.5
2026-07-28 09:45:51,2026-07-28 09:30,1461.0,1470.0,-0.61,717400,1470.0,1455.5,1541.5,1095.5
2026-07-28 09:50:32,2026-07-28 09:35,1461.5,1470.0,-0.58,786600,1470.0,1455.5,1541.5,1095.5
2026-07-28 09:55:33,2026-07-28 09:40,1460.5,1470.0,-0.65,825800,1470.0,1455.5,1541.5,1095.5
2026-07-28 10:00:45,2026-07-28 09:45,1457.0,1470.0,-0.88,886900,1470.0,1455.5,1541.5,1095.5
2026-07-28 10:05:45,2026-07-28 09:50,1456.0,1470.0,-0.95,926900,1470.0,1454.0,1541.5,1095.5
2026-07-28 10:10:42,2026-07-28 09:55,1454.5,1470.0,-1.05,967900,1470.0,1454.0,1541.5,1095.5
2026-07-28 10:15:31,2026-07-28 10:00,1455.0,1470.0,-1.02,991800,1470.0,1454.0,1541.5,1095.5
2026-07-28 10:20:47,2026-07-28 10:05,1457.5,1470.0,-0.85,1042700,1470.0,1454.0,1541.5,1095.5
2026-07-28 10:25:45,2026-07-28 10:10,1457.0,1470.0,-0.88,1068100,1470.0,1454.0,1541.5,1095.5
2026-07-28 10:30:31,2026-07-28 10:15,1456.5,1470.0,-0.92,1081500,1470.0,1454.0,1541.5,1095.5
2026-07-28 10:35:39,2026-07-28 10:20,1455.5,1470.0,-0.99,1113100,1470.0,1454.0,1541.5,1095.5
2026-07-28 10:40:37,2026-07-28 10:25,1457.5,1470.0,-0.85,1142400,1470.0,1454.0,1541.5,1095.5
2026-07-28 10:45:34,2026-07-28 10:30,1458.5,1470.0,-0.78,1161300,1470.0,1454.0,1541.5,1095.5
2026-07-28 10:50:29,2026-07-28 10:34,1459.5,1470.0,-0.71,1185200,1470.0,1454.0,1541.5,1095.5
2026-07-28 10:55:40,2026-07-28 10:40,1457.0,1470.0,-0.88,1213000,1470.0,1454.0,1541.5,1095.5
2026-07-28 11:00:38,2026-07-28 10:45,1458.0,1470.0,-0.82,1234500,1470.0,1454.0,1541.5,1095.5
2026-07-28 11:05:48,2026-07-28 10:50,1455.5,1470.0,-0.99,1266800,1470.0,1454.0,1541.5,1095.5
2026-07-28 11:10:36,2026-07-28 10:55,1455.0,1470.0,-1.02,1297200,1470.0,1454.0,1541.5,1095.5
2026-07-28 11:15:44,2026-07-28 11:00,1454.0,1470.0,-1.09,1351100,1470.0,1453.0,1541.5,1095.5
2026-07-28 11:20:39,2026-07-28 11:05,1454.5,1470.0,-1.05,1365100,1470.0,1453.0,1541.5,1095.5
2026-07-28 11:25:37,2026-07-28 11:10,1456.5,1470.0,-0.92,1380400,1470.0,1453.0,1541.5,1095.5
2026-07-28 11:30:37,2026-07-28 11:15,1457.5,1470.0,-0.85,1407700,1470.0,1453.0,1541.5,1095.5
2026-07-28 12:30:29,2026-07-28 11:30,1460.5,1470.0,-0.65,1551600,1470.0,1453.0,1541.5,1095.5
2026-07-28 12:35:36,2026-07-28 11:30,1460.5,1470.0,-0.65,1551600,1470.0,1453.0,1541.5,1095.5
2026-07-28 12:40:42,2026-07-28 11:30,1460.5,1470.0,-0.65,1551600,1470.0,1453.0,1541.5,1095.5
2026-07-28 12:45:31,2026-07-28 12:30,1461.0,1470.0,-0.61,1607300,1470.0,1453.0,1541.5,1095.5
2026-07-28 12:50:48,2026-07-28 12:35,1463.0,1470.0,-0.48,1651100,1470.0,1453.0,1541.5,1095.5
2026-07-28 12:55:40,2026-07-28 12:40,1463.0,1470.0,-0.48,1678100,1470.0,1453.0,1541.5,1095.5
2026-07-28 13:00:38,2026-07-28 12:45,1465.0,1470.0,-0.34,1731400,1470.0,1453.0,1541.5,1095.5
2026-07-28 13:05:33,2026-07-28 12:50,1467.5,1470.0,-0.17,1759500,1470.0,1453.0,1541.5,1095.5
2026-07-28 13:10:42,2026-07-28 12:55,1467.0,1470.0,-0.2,1781900,1470.0,1453.0,1541.5,1095.5
2026-07-28 13:15:33,2026-07-28 13:00,1468.5,1470.0,-0.1,1835600,1470.0,1453.0,1541.5,1095.5
2026-07-28 13:20:36,2026-07-28 13:05,1467.0,1470.0,-0.2,1851800,1470.0,1453.0,1541.5,1095.5
2026-07-28 13:25:42,2026-07-28 13:10,1466.0,1470.0,-0.27,1892200,1470.0,1453.0,1541.5,1095.5
2026-07-28 13:30:38,2026-07-28 13:15,1464.5,1470.0,-0.37,1905800,1470.0,1453.0,1541.5,1095.5
2026-07-28 13:35:37,2026-07-28 13:20,1465.0,1470.0,-0.34,1927000,1470.0,1453.0,1541.5,1095.5
2026-07-28 13:40:38,2026-07-28 13:25,1464.0,1470.0,-0.41,1936300,1470.0,1453.0,1541.5,1095.5
2026-07-28 13:45:33,2026-07-28 13:30,1464.5,1470.0,-0.37,1956700,1470.0,1453.0,1541.5,1095.5
2026-07-28 13:50:43,2026-07-28 13:35,1467.5,1470.0,-0.17,1987600,1470.0,1453.0,1541.5,1095.5
2026-07-28 13:55:41,2026-07-28 13:40,1466.5,1470.0,-0.24,2010900,1470.0,1453.0,1541.5,1095.5
2026-07-28 14:00:31,2026-07-28 13:45,1468.0,1470.0,-0.14,2026200,1470.0,1453.0,1541.5,1095.5
2026-07-28 14:05:45,2026-07-28 13:50,1467.0,1470.0,-0.2,2038000,1470.0,1453.0,1541.5,1095.5
2026-07-28 14:10:35,2026-07-28 13:55,1466.5,1470.0,-0.24,2053700,1470.0,1453.0,1541.5,1095.5
2026-07-28 14:15:32,2026-07-28 14:00,1465.0,1470.0,-0.34,2081000,1470.0,1453.0,1541.5,1095.5
2026-07-28 14:20:39,2026-07-28 14:05,1466.0,1470.0,-0.27,2103000,1470.0,1453.0,1541.5,1095.5
2026-07-28 14:25:37,2026-07-28 14:10,1465.5,1470.0,-0.31,2116300,1470.0,1453.0,1541.5,1095.5
2026-07-28 14:30:33,2026-07-28 14:15,1465.0,1470.0,-0.34,2137600,1470.0,1453.0,1541.5,1095.5
2026-07-28 14:35:52,2026-07-28 14:20,1466.0,1470.0,-0.27,2156800,1470.0,1453.0,1541.5,1095.5
2026-07-28 14:40:41,2026-07-28 14:25,1466.0,1470.0,-0.27,2161800,1470.0,1453.0,1541.5,1095.5
2026-07-28 14:45:32,2026-07-28 14:30,1465.5,1470.0,-0.31,2176000,1470.0,1453.0,1541.5,1095.5
2026-07-28 14:50:40,2026-07-28 14:35,1464.0,1470.0,-0.41,2284200,1470.0,1453.0,1541.5,1095.5
2026-07-28 14:55:36,2026-07-28 14:40,1464.5,1470.0,-0.37,2331700,1470.0,1453.0,1541.5,1095.5
2026-07-28 15:00:41,2026-07-28 14:45,1465.5,1470.0,-0.31,2365900,1470.0,1453.0,1541.5,1095.5
2026-07-28 15:05:49,2026-07-28 14:50,1466.5,1470.0,-0.24,2390600,1470.0,1453.0,1541.5,1095.5
2026-07-28 15:10:50,2026-07-28 14:55,1467.5,1470.0,-0.17,2425100,1470.0,1453.0,1541.5,1095.5
2026-07-28 15:15:49,2026-07-28 15:00,1468.5,1470.0,-0.1,2455200,1470.0,1453.0,1541.5,1095.5
2026-07-28 15:20:41,2026-07-28 15:05,1467.0,1470.0,-0.2,2504300,1470.0,1453.0,1541.5,1095.5
2026-07-28 15:25:36,2026-07-28 15:10,1466.5,1470.0,-0.24,2525600,1470.0,1453.0,1541.5,1095.5
2026-07-28 15:30:38,2026-07-28 15:15,1467.5,1470.0,-0.17,2552200,1470.0,1453.0,1541.5,1095.5
2026-07-28 15:40:36,2026-07-28 15:24,1469.5,1470.0,-0.03,2804200,1470.5,1453.0,1541.5,1095.5
2026-07-29 09:10:45,2026-07-28 15:30,1467.0,1470.0,-0.2,3562100,1470.5,1453.0,1541.5,1095.5
2026-07-29 09:15:31,2026-07-29 09:00,1467.0,1470.0,-0.2,3826900,1490.0,1484.0,1541.5,1095.5
2026-07-29 09:20:38,2026-07-29 09:05,1499.0,1467.0,2.18,573500,1499.0,1484.0,1541.5,1095.5
2026-07-29 09:25:36,2026-07-29 09:10,1499.0,1467.0,2.18,773600,1500.0,1484.0,1541.5,1095.5
2026-07-29 09:30:32,2026-07-29 09:15,1488.5,1467.0,1.47,931600,1500.0,1484.0,1541.5,1095.5
2026-07-29 09:35:51,2026-07-29 09:20,1486.0,1467.0,1.3,1032500,1500.0,1484.0,1541.5,1095.5
2026-07-29 09:40:37,2026-07-29 09:25,1492.5,1467.0,1.74,1141600,1500.0,1484.0,1541.5,1095.5
2026-07-29 09:45:44,2026-07-29 09:30,1502.5,1467.0,2.42,1483100,1502.5,1484.0,1541.5,1095.5
2026-07-29 09:50:38,2026-07-29 09:35,1504.0,1467.0,2.52,1591600,1506.0,1484.0,1541.5,1095.5
2026-07-29 09:55:41,2026-07-29 09:40,1504.5,1467.0,2.56,1656900,1506.0,1484.0,1541.5,1095.5
2026-07-29 10:00:36,2026-07-29 09:45,1504.5,1467.0,2.56,1733900,1506.0,1484.0,1541.5,1095.5
2026-07-29 10:05:35,2026-07-29 09:50,1502.0,1467.0,2.39,1810600,1506.0,1484.0,1541.5,1095.5
2026-07-29 10:10:44,2026-07-29 09:55,1503.0,1467.0,2.45,1855700,1506.0,1484.0,1541.5,1095.5
2026-07-29 10:15:40,2026-07-29 10:00,1508.0,1467.0,2.79,2006400,1508.5,1484.0,1541.5,1095.5
2026-07-29 10:20:35,2026-07-29 10:05,1508.0,1467.0,2.79,2076100,1509.5,1484.0,1541.5,1095.5
2026-07-29 10:25:37,2026-07-29 10:10,1507.5,1467.0,2.76,2114900,1509.5,1484.0,1541.5,1095.5
2026-07-29 10:30:31,2026-07-29 10:15,1507.5,1467.0,2.76,2164100,1509.5,1484.0,1541.5,1095.5
2026-07-29 10:35:35,2026-07-29 10:20,1513.0,1467.0,3.14,2333900,1513.5,1484.0,1541.5,1095.5
2026-07-29 10:40:37,2026-07-29 10:25,1509.0,1467.0,2.86,2399300,1513.5,1484.0,1541.5,1095.5
2026-07-29 10:45:32,2026-07-29 10:30,1511.5,1467.0,3.03,2478200,1513.5,1484.0,1541.5,1095.5
2026-07-29 10:50:46,2026-07-29 10:35,1512.0,1467.0,3.07,2540500,1513.5,1484.0,1541.5,1095.5
2026-07-29 10:55:36,2026-07-29 10:40,1511.5,1467.0,3.03,2583000,1513.5,1484.0,1541.5,1095.5
2026-07-29 11:00:47,2026-07-29 10:45,1513.0,1467.0,3.14,2633400,1514.0,1484.0,1541.5,1095.5
2026-07-29 11:05:48,2026-07-29 10:50,1513.5,1467.0,3.17,2697100,1514.0,1484.0,1541.5,1095.5
2026-07-29 11:10:39,2026-07-29 10:55,1513.5,1467.0,3.17,2761600,1514.5,1484.0,1541.5,1095.5
2026-07-29 11:15:32,2026-07-29 11:00,1513.0,1467.0,3.14,2831900,1514.5,1484.0,1541.5,1095.5
2026-07-29 11:20:38,2026-07-29 11:05,1512.5,1467.0,3.1,2942700,1514.5,1484.0,1541.5,1095.5
2026-07-29 11:25:33,2026-07-29 11:10,1515.5,1467.0,3.31,3162700,1517.0,1484.0,1541.5,1095.5
2026-07-29 11:30:44,2026-07-29 11:15,1514.5,1467.0,3.24,3243500,1517.0,1484.0,1541.5,1095.5
2026-07-29 12:30:41,2026-07-29 11:30,1512.5,1467.0,3.1,3422700,1517.0,1484.0,1541.5,1095.5
2026-07-29 12:35:36,2026-07-29 11:30,1512.5,1467.0,3.1,3422700,1517.0,1484.0,1541.5,1095.5
2026-07-29 12:40:36,2026-07-29 11:30,1512.5,1467.0,3.1,3422700,1517.0,1484.0,1541.5,1095.5
2026-07-29 12:45:41,2026-07-29 12:30,1507.0,1467.0,2.73,3631400,1517.0,1484.0,1541.5,1095.5
2026-07-29 12:50:35,2026-07-29 12:35,1510.5,1467.0,2.97,3761500,1517.0,1484.0,1541.5,1095.5
2026-07-29 12:55:32,2026-07-29 12:40,1509.5,1467.0,2.9,3836400,1517.0,1484.0,1541.5,1095.5
2026-07-29 13:00:37,2026-07-29 12:45,1509.0,1467.0,2.86,3952700,1517.0,1484.0,1541.5,1095.5
2026-07-29 13:05:40,2026-07-29 12:50,1509.0,1467.0,2.86,4008800,1517.0,1484.0,1541.5,1095.5
2026-07-29 13:10:48,2026-07-29 12:55,1507.0,1467.0,2.73,4047600,1517.0,1484.0,1541.5,1095.5
2026-07-29 13:15:35,2026-07-29 13:00,1510.0,1467.0,2.93,4241600,1517.0,1484.0,1541.5,1095.5
2026-07-29 13:20:34,2026-07-29 13:05,1510.5,1467.0,2.97,4284700,1517.0,1484.0,1541.5,1095.5
2026-07-29 13:25:42,2026-07-29 13:10,1512.5,1467.0,3.1,4367700,1517.0,1484.0,1541.5,1095.5
2026-07-29 13:30:38,2026-07-29 13:15,1513.0,1467.0,3.14,4546600,1517.0,1484.0,1541.5,1095.5
2026-07-29 13:35:43,2026-07-29 13:20,1514.0,1467.0,3.2,4635200,1517.0,1484.0,1541.5,1095.5
2026-07-29 13:40:45,2026-07-29 13:25,1512.5,1467.0,3.1,4676900,1517.0,1484.0,1541.5,1095.5
2026-07-29 13:45:46,2026-07-29 13:30,1512.0,1467.0,3.07,4719800,1517.0,1484.0,1541.5,1095.5
2026-07-29 13:50:31,2026-07-29 13:35,1512.0,1467.0,3.07,4764500,1517.0,1484.0,1541.5,1095.5
2026-07-29 13:55:39,2026-07-29 13:40,1512.5,1467.0,3.1,4809900,1517.0,1484.0,1541.5,1095.5
2026-07-29 14:00:33,2026-07-29 13:45,1511.0,1467.0,3.0,4835900,1517.0,1484.0,1541.5,1095.5
2026-07-29 14:05:45,2026-07-29 13:50,1510.5,1467.0,2.97,4905300,1517.0,1484.0,1541.5,1095.5
2026-07-29 14:10:38,2026-07-29 13:55,1509.0,1467.0,2.86,5007100,1517.0,1484.0,1541.5,1095.5
2026-07-29 14:15:37,2026-07-29 14:00,1508.5,1467.0,2.83,5074100,1517.0,1484.0,1541.5,1095.5
2026-07-29 14:20:44,2026-07-29 14:05,1509.0,1467.0,2.86,5100600,1517.0,1484.0,1541.5,1095.5
2026-07-29 14:25:44,2026-07-29 14:10,1507.5,1467.0,2.76,5157500,1517.0,1484.0,1541.5,1095.5
2026-07-29 14:30:41,2026-07-29 14:15,1510.0,1467.0,2.93,5198400,1517.0,1484.0,1541.5,1095.5
2026-07-29 14:35:48,2026-07-29 14:20,1512.0,1467.0,3.07,5242900,1517.0,1484.0,1541.5,1095.5
2026-07-29 14:40:32,2026-07-29 14:25,1512.0,1467.0,3.07,5301600,1517.0,1484.0,1541.5,1095.5
2026-07-29 14:45:44,2026-07-29 14:30,1510.0,1467.0,2.93,5350800,1517.0,1484.0,1541.5,1095.5
2026-07-29 14:50:49,2026-07-29 14:35,1512.5,1467.0,3.1,5403200,1517.0,1484.0,1541.5,1095.5
2026-07-29 14:55:34,2026-07-29 14:40,1511.5,1467.0,3.03,5448400,1517.0,1484.0,1541.5,1095.5
2026-07-29 15:00:36,2026-07-29 14:45,1512.0,1467.0,3.07,5504000,1517.0,1484.0,1541.5,1095.5
2026-07-29 15:05:42,2026-07-29 14:50,1513.5,1467.0,3.17,5571200,1517.0,1484.0,1541.5,1095.5
2026-07-29 15:10:41,2026-07-29 14:55,1515.0,1467.0,3.27,5700600,1517.0,1484.0,1541.5,1095.5
2026-07-29 15:15:53,2026-07-29 15:00,1516.0,1467.0,3.34,5783000,1517.0,1484.0,1541.5,1095.5
2026-07-29 15:20:41,2026-07-29 15:05,1515.0,1467.0,3.27,5881500,1517.0,1484.0,1541.5,1095.5
2026-07-29 15:25:35,2026-07-29 15:10,1515.0,1467.0,3.27,5976900,1517.0,1484.0,1541.5,1095.5
2026-07-29 15:30:41,2026-07-29 15:15,1516.5,1467.0,3.37,6072800,1517.0,1484.0,1541.5,1095.5
2026-07-29 15:40:40,2026-07-29 15:24,1517.0,1467.0,3.41,6343200,1517.5,1484.0,1541.5,1095.5
2026-07-30 09:05:40,2026-07-29 15:30,1518.0,1467.0,3.48,7645500,1518.0,1484.0,1541.5,1101.5
2026-07-30 09:10:44,2026-07-29 15:30,1518.0,1467.0,3.48,7645500,1518.0,1484.0,1541.5,1101.5
2026-07-30 09:15:33,2026-07-30 09:00,1518.0,1467.0,3.48,7804200,1510.0,1503.0,1541.5,1101.5
2026-07-30 09:20:34,2026-07-30 09:05,1501.0,1518.0,-1.12,414800,1511.5,1499.0,1541.5,1101.5
2026-07-30 09:25:31,2026-07-30 09:10,1499.5,1518.0,-1.22,496800,1511.5,1494.5,1541.5,1101.5
2026-07-30 09:30:34,2026-07-30 09:15,1491.0,1518.0,-1.78,563100,1511.5,1490.5,1541.5,1101.5
2026-07-30 09:35:46,2026-07-30 09:20,1489.5,1518.0,-1.88,665500,1511.5,1487.5,1541.5,1101.5
2026-07-30 09:40:46,2026-07-30 09:25,1484.5,1518.0,-2.21,750000,1511.5,1483.5,1541.5,1101.5
2026-07-30 09:45:32,2026-07-30 09:30,1486.5,1518.0,-2.08,790500,1511.5,1483.0,1541.5,1101.5
2026-07-30 09:50:40,2026-07-30 09:35,1483.0,1518.0,-2.31,845800,1511.5,1482.0,1541.5,1101.5
2026-07-30 09:55:43,2026-07-30 09:40,1479.0,1518.0,-2.57,906100,1511.5,1478.5,1541.5,1101.5
2026-07-30 10:00:38,2026-07-30 09:45,1477.0,1518.0,-2.7,939400,1511.5,1476.5,1541.5,1101.5
2026-07-30 10:05:39,2026-07-30 09:50,1480.0,1518.0,-2.5,981000,1511.5,1476.5,1541.5,1101.5
2026-07-30 10:10:51,2026-07-30 09:55,1482.0,1518.0,-2.37,1024800,1511.5,1476.5,1541.5,1101.5
2026-07-30 10:15:31,2026-07-30 10:00,1486.5,1518.0,-2.08,1057300,1511.5,1476.5,1541.5,1101.5
2026-07-30 10:20:38,2026-07-30 10:05,1484.5,1518.0,-2.21,1111800,1511.5,1476.5,1541.5,1101.5
2026-07-30 10:25:31,2026-07-30 10:10,1482.0,1518.0,-2.37,1170600,1511.5,1476.5,1541.5,1101.5
2026-07-30 10:30:36,2026-07-30 10:15,1482.5,1518.0,-2.34,1210700,1511.5,1476.5,1541.5,1101.5
2026-07-30 10:35:32,2026-07-30 10:20,1481.5,1518.0,-2.4,1247400,1511.5,1476.5,1541.5,1101.5
2026-07-30 10:40:33,2026-07-30 10:25,1483.5,1518.0,-2.27,1273000,1511.5,1476.5,1541.5,1101.5
2026-07-30 10:45:31,2026-07-30 10:30,1483.0,1518.0,-2.31,1295700,1511.5,1476.5,1541.5,1101.5
2026-07-30 10:50:33,2026-07-30 10:35,1483.0,1518.0,-2.31,1325900,1511.5,1476.5,1541.5,1101.5
2026-07-30 10:55:39,2026-07-30 10:40,1484.5,1518.0,-2.21,1345900,1511.5,1476.5,1541.5,1101.5
2026-07-30 11:00:43,2026-07-30 10:45,1486.5,1518.0,-2.08,1386500,1511.5,1476.5,1541.5,1101.5
2026-07-30 11:05:39,2026-07-30 10:50,1489.5,1518.0,-1.88,1412500,1511.5,1476.5,1541.5,1101.5
2026-07-30 11:10:55,2026-07-30 10:55,1490.0,1518.0,-1.84,1433200,1511.5,1476.5,1541.5,1101.5
2026-07-30 11:15:35,2026-07-30 11:00,1489.5,1518.0,-1.88,1466100,1511.5,1476.5,1541.5,1101.5
2026-07-30 11:20:35,2026-07-30 11:05,1491.0,1518.0,-1.78,1491800,1511.5,1476.5,1541.5,1101.5
2026-07-30 11:25:32,2026-07-30 11:10,1493.0,1518.0,-1.65,1519500,1511.5,1476.5,1541.5,1101.5
2026-07-30 11:30:39,2026-07-30 11:15,1492.0,1518.0,-1.71,1570400,1511.5,1476.5,1541.5,1101.5
2026-07-30 12:30:32,2026-07-30 11:30,1488.0,1518.0,-1.98,1650200,1511.5,1476.5,1541.5,1101.5
2026-07-30 12:35:38,2026-07-30 11:30,1488.0,1518.0,-1.98,1650200,1511.5,1476.5,1541.5,1101.5
2026-07-30 12:40:34,2026-07-30 11:30,1488.0,1518.0,-1.98,1650200,1511.5,1476.5,1541.5,1101.5
2026-07-30 12:45:37,2026-07-30 12:30,1484.5,1518.0,-2.21,1723300,1511.5,1476.5,1541.5,1101.5
2026-07-30 12:50:32,2026-07-30 12:35,1484.5,1518.0,-2.21,1817600,1511.5,1476.5,1541.5,1101.5
2026-07-30 12:55:43,2026-07-30 12:40,1483.5,1518.0,-2.27,1849800,1511.5,1476.5,1541.5,1101.5
2026-07-30 13:00:45,2026-07-30 12:45,1486.0,1518.0,-2.11,1904000,1511.5,1476.5,1541.5,1101.5
2026-07-30 13:05:30,2026-07-30 12:50,1486.0,1518.0,-2.11,1948600,1511.5,1476.5,1541.5,1101.5
2026-07-30 13:10:40,2026-07-30 12:55,1489.0,1518.0,-1.91,2002600,1511.5,1476.5,1541.5,1101.5
2026-07-30 13:15:37,2026-07-30 13:00,1487.0,1518.0,-2.04,2047700,1511.5,1476.5,1541.5,1101.5
2026-07-30 13:20:30,2026-07-30 13:05,1486.5,1518.0,-2.08,2061400,1511.5,1476.5,1541.5,1101.5
2026-07-30 13:25:34,2026-07-30 13:10,1487.5,1518.0,-2.01,2151500,1511.5,1476.5,1541.5,1101.5
2026-07-30 13:30:35,2026-07-30 13:15,1488.5,1518.0,-1.94,2163800,1511.5,1476.5,1541.5,1101.5
2026-07-30 13:35:34,2026-07-30 13:20,1488.5,1518.0,-1.94,2205300,1511.5,1476.5,1541.5,1101.5
2026-07-30 13:40:31,2026-07-30 13:25,1490.5,1518.0,-1.81,2229500,1511.5,1476.5,1541.5,1101.5
2026-07-30 13:45:33,2026-07-30 13:30,1490.0,1518.0,-1.84,2250900,1511.5,1476.5,1541.5,1101.5
2026-07-30 13:50:35,2026-07-30 13:35,1491.0,1518.0,-1.78,2292700,1511.5,1476.5,1541.5,1101.5
2026-07-30 13:55:41,2026-07-30 13:40,1491.0,1518.0,-1.78,2321500,1511.5,1476.5,1541.5,1101.5
2026-07-30 14:00:51,2026-07-30 13:45,1491.5,1518.0,-1.75,2342400,1511.5,1476.5,1541.5,1101.5
2026-07-30 14:05:37,2026-07-30 13:50,1492.5,1518.0,-1.68,2412600,1511.5,1476.5,1541.5,1101.5
2026-07-30 14:10:31,2026-07-30 13:55,1492.0,1518.0,-1.71,2439400,1511.5,1476.5,1541.5,1101.5
2026-07-30 14:15:31,2026-07-30 14:00,1490.0,1518.0,-1.84,2465700,1511.5,1476.5,1541.5,1101.5
2026-07-30 14:20:29,2026-07-30 14:05,1489.0,1518.0,-1.91,2503600,1511.5,1476.5,1541.5,1101.5
2026-07-30 14:25:40,2026-07-30 14:10,1489.0,1518.0,-1.91,2534500,1511.5,1476.5,1541.5,1101.5
2026-07-30 14:30:40,2026-07-30 14:15,1489.5,1518.0,-1.88,2575800,1511.5,1476.5,1541.5,1101.5
2026-07-30 14:35:32,2026-07-30 14:20,1491.5,1518.0,-1.75,2608600,1511.5,1476.5,1541.5,1101.5
2026-07-30 14:40:46,2026-07-30 14:25,1491.0,1518.0,-1.78,2648700,1511.5,1476.5,1541.5,1101.5
2026-07-30 14:45:30,2026-07-30 14:30,1490.0,1518.0,-1.84,2678200,1511.5,1476.5,1541.5,1101.5
2026-07-30 14:50:41,2026-07-30 14:35,1493.0,1518.0,-1.65,2740700,1511.5,1476.5,1541.5,1101.5
2026-07-30 14:55:41,2026-07-30 14:40,1493.5,1518.0,-1.61,2778300,1511.5,1476.5,1541.5,1101.5
2026-07-30 15:00:33,2026-07-30 14:45,1491.0,1518.0,-1.78,2828600,1511.5,1476.5,1541.5,1101.5
2026-07-30 15:05:37,2026-07-30 14:50,1492.0,1518.0,-1.71,2873100,1511.5,1476.5,1541.5,1101.5
2026-07-30 15:10:51,2026-07-30 14:55,1490.5,1518.0,-1.81,2910500,1511.5,1476.5,1541.5,1101.5
2026-07-30 15:15:38,2026-07-30 15:00,1490.0,1518.0,-1.84,2978300,1511.5,1476.5,1541.5,1101.5
2026-07-30 15:20:37,2026-07-30 15:05,1488.5,1518.0,-1.94,3033800,1511.5,1476.5,1541.5,1101.5
2026-07-30 15:25:34,2026-07-30 15:10,1490.5,1518.0,-1.81,3144900,1511.5,1476.5,1541.5,1101.5
2026-07-30 15:30:38,2026-07-30 15:15,1488.0,1518.0,-1.98,3211200,1511.5,1476.5,1541.5,1101.5
2026-07-30 15:40:34,2026-07-30 15:24,1488.0,1518.0,-1.98,3349200,1511.5,1476.5,1541.5,1101.5
2026-07-31 09:05:37,2026-07-30 15:30,1490.5,1518.0,-1.81,4587300,1511.5,1476.5,1541.5,1107.0
2026-07-31 09:10:46,2026-07-30 15:30,1490.5,1518.0,-1.81,4587300,1511.5,1476.5,1541.5,1107.0
2026-07-31 09:15:39,2026-07-31 09:00,1490.5,1518.0,-1.81,4777200,1470.0,1460.5,1541.5,1107.0
2026-07-31 09:20:38,2026-07-31 09:05,1466.5,1490.5,-1.61,362400,1472.0,1458.5,1541.5,1107.0
2026-07-31 09:25:38,2026-07-31 09:10,1480.0,1490.5,-0.7,445200,1480.5,1458.5,1541.5,1107.0
2026-07-31 09:30:47,2026-07-31 09:15,1474.0,1490.5,-1.11,557400,1480.5,1458.5,1541.5,1107.0
2026-07-31 09:35:42,2026-07-31 09:20,1465.5,1490.5,-1.68,638800,1480.5,1458.5,1541.5,1107.0
2026-07-31 09:40:30,2026-07-31 09:25,1465.0,1490.5,-1.71,793200,1480.5,1458.5,1541.5,1107.0
2026-07-31 09:45:41,2026-07-31 09:30,1467.5,1490.5,-1.54,889500,1480.5,1458.5,1541.5,1107.0
2026-07-31 09:50:33,2026-07-31 09:35,1470.5,1490.5,-1.34,988500,1480.5,1458.5,1541.5,1107.0
2026-07-31 09:55:34,2026-07-31 09:40,1473.0,1490.5,-1.17,1071400,1480.5,1458.5,1541.5,1107.0
2026-07-31 10:00:33,2026-07-31 09:45,1476.0,1490.5,-0.97,1151000,1480.5,1458.5,1541.5,1107.0
2026-07-31 10:05:35,2026-07-31 09:50,1475.0,1490.5,-1.04,1203200,1480.5,1458.5,1541.5,1107.0
2026-07-31 10:10:42,2026-07-31 09:55,1478.0,1490.5,-0.84,1237000,1480.5,1458.5,1541.5,1107.0
2026-07-31 10:15:31,2026-07-31 10:00,1481.5,1490.5,-0.6,1303100,1481.5,1458.5,1541.5,1107.0
2026-07-31 10:20:32,2026-07-31 10:05,1483.5,1490.5,-0.47,1351300,1483.5,1458.5,1541.5,1107.0
2026-07-31 10:25:40,2026-07-31 10:10,1484.5,1490.5,-0.4,1403600,1485.5,1458.5,1541.5,1107.0
2026-07-31 10:30:41,2026-07-31 10:15,1484.0,1490.5,-0.44,1445300,1485.5,1458.5,1541.5,1107.0
2026-07-31 10:35:35,2026-07-31 10:20,1484.0,1490.5,-0.44,1492600,1486.5,1458.5,1541.5,1107.0
2026-07-31 10:40:34,2026-07-31 10:25,1484.0,1490.5,-0.44,1543600,1486.5,1458.5,1541.5,1107.0
2026-07-31 10:45:39,2026-07-31 10:30,1483.5,1490.5,-0.47,1598600,1486.5,1458.5,1541.5,1107.0
2026-07-31 10:50:41,2026-07-31 10:35,1483.0,1490.5,-0.5,1635700,1486.5,1458.5,1541.5,1107.0
2026-07-31 10:55:31,2026-07-31 10:40,1483.5,1490.5,-0.47,1666800,1486.5,1458.5,1541.5,1107.0
2026-07-31 11:00:41,2026-07-31 10:45,1478.0,1490.5,-0.84,1729100,1486.5,1458.5,1541.5,1107.0
2026-07-31 11:05:33,2026-07-31 10:50,1477.0,1490.5,-0.91,1785200,1486.5,1458.5,1541.5,1107.0
2026-07-31 11:10:36,2026-07-31 10:55,1478.0,1490.5,-0.84,1839200,1486.5,1458.5,1541.5,1107.0
2026-07-31 11:15:40,2026-07-31 11:00,1481.5,1490.5,-0.6,1889400,1486.5,1458.5,1541.5,1107.0
2026-07-31 11:20:35,2026-07-31 11:05,1481.5,1490.5,-0.6,1923500,1486.5,1458.5,1541.5,1107.0
2026-07-31 11:25:34,2026-07-31 11:10,1482.5,1490.5,-0.54,1959700,1486.5,1458.5,1541.5,1107.0
2026-07-31 11:30:46,2026-07-31 11:15,1481.0,1490.5,-0.64,1995500,1486.5,1458.5,1541.5,1107.0
2026-07-31 12:30:48,2026-07-31 11:30,1478.0,1490.5,-0.84,2198700,1486.5,1458.5,1541.5,1107.0
2026-07-31 12:35:47,2026-07-31 11:30,1478.0,1490.5,-0.84,2198700,1486.5,1458.5,1541.5,1107.0
2026-07-31 12:40:35,2026-07-31 11:30,1478.0,1490.5,-0.84,2198700,1486.5,1458.5,1541.5,1107.0
2026-07-31 12:45:39,2026-07-31 12:30,1472.0,1490.5,-1.24,2307500,1486.5,1458.5,1541.5,1107.0
2026-07-31 12:50:32,2026-07-31 12:35,1470.0,1490.5,-1.38,2504200,1486.5,1458.5,1541.5,1107.0
2026-07-31 12:55:38,2026-07-31 12:40,1471.5,1490.5,-1.27,2575500,1486.5,1458.5,1541.5,1107.0
2026-07-31 13:00:40,2026-07-31 12:45,1470.5,1490.5,-1.34,2685800,1486.5,1458.5,1541.5,1107.0
2026-07-31 13:05:42,2026-07-31 12:50,1469.5,1490.5,-1.41,2779500,1486.5,1458.5,1541.5,1107.0
2026-07-31 13:10:31,2026-07-31 12:55,1470.0,1490.5,-1.38,2855100,1486.5,1458.5,1541.5,1107.0
2026-07-31 13:15:40,2026-07-31 13:00,1470.5,1490.5,-1.34,2945900,1486.5,1458.5,1541.5,1107.0
2026-07-31 13:20:38,2026-07-31 13:05,1468.0,1490.5,-1.51,3020100,1486.5,1458.5,1541.5,1107.0
2026-07-31 13:25:35,2026-07-31 13:10,1468.0,1490.5,-1.51,3096400,1486.5,1458.5,1541.5,1107.0
2026-07-31 13:30:31,2026-07-31 13:15,1469.0,1490.5,-1.44,3153300,1486.5,1458.5,1541.5,1107.0
2026-07-31 13:35:36,2026-07-31 13:20,1468.5,1490.5,-1.48,3203600,1486.5,1458.5,1541.5,1107.0
2026-07-31 13:40:38,2026-07-31 13:25,1467.5,1490.5,-1.54,3295500,1486.5,1458.5,1541.5,1107.0
2026-07-31 13:45:44,2026-07-31 13:30,1468.0,1490.5,-1.51,3371100,1486.5,1458.5,1541.5,1107.0
2026-07-31 13:50:35,2026-07-31 13:35,1468.0,1490.5,-1.51,3486700,1486.5,1458.5,1541.5,1107.0
2026-07-31 13:55:43,2026-07-31 13:40,1468.5,1490.5,-1.48,3539100,1486.5,1458.5,1541.5,1107.0
2026-07-31 14:00:37,2026-07-31 13:45,1471.5,1490.5,-1.27,3610300,1486.5,1458.5,1541.5,1107.0
2026-07-31 14:05:32,2026-07-31 13:50,1472.5,1490.5,-1.21,3668500,1486.5,1458.5,1541.5,1107.0
2026-07-31 14:10:31,2026-07-31 13:55,1471.5,1490.5,-1.27,3734800,1486.5,1458.5,1541.5,1107.0
2026-07-31 14:15:56,2026-07-31 14:00,1470.5,1490.5,-1.34,3792100,1486.5,1458.5,1541.5,1107.0
2026-07-31 14:20:31,2026-07-31 14:05,1470.0,1490.5,-1.38,3833200,1486.5,1458.5,1541.5,1107.0
2026-07-31 14:25:42,2026-07-31 14:10,1471.0,1490.5,-1.31,3897400,1486.5,1458.5,1541.5,1107.0
2026-07-31 14:30:41,2026-07-31 14:15,1471.5,1490.5,-1.27,3947000,1486.5,1458.5,1541.5,1107.0
2026-07-31 14:36:24,2026-07-31 14:21,1471.0,1490.5,-1.31,4012100,1486.5,1458.5,1541.5,1107.0
2026-07-31 14:40:51,2026-07-31 14:25,1472.5,1490.5,-1.21,4054400,1486.5,1458.5,1541.5,1107.0
2026-07-31 14:45:37,2026-07-31 14:30,1473.0,1490.5,-1.17,4114600,1486.5,1458.5,1541.5,1107.0
2026-07-31 14:50:32,2026-07-31 14:35,1472.0,1490.5,-1.24,4195800,1486.5,1458.5,1541.5,1107.0
2026-07-31 14:55:35,2026-07-31 14:40,1473.5,1490.5,-1.14,4253800,1486.5,1458.5,1541.5,1107.0
2026-07-31 15:00:45,2026-07-31 14:45,1471.5,1490.5,-1.27,4311200,1486.5,1458.5,1541.5,1107.0
2026-07-31 15:05:41,2026-07-31 14:50,1473.5,1490.5,-1.14,4372000,1486.5,1458.5,1541.5,1107.0
2026-07-31 15:10:45,2026-07-31 14:55,1474.5,1490.5,-1.07,4418900,1486.5,1458.5,1541.5,1107.0
2026-07-31 15:15:38,2026-07-31 15:00,1475.0,1490.5,-1.04,4509900,1486.5,1458.5,1541.5,1107.0
2026-07-31 15:20:46,2026-07-31 15:05,1476.0,1490.5,-0.97,4584200,1486.5,1458.5,1541.5,1107.0
2026-07-31 15:25:41,2026-07-31 15:10,1473.0,1490.5,-1.17,4690400,1486.5,1458.5,1541.5,1107.0
2026-07-31 15:30:52,2026-07-31 15:15,1472.5,1490.5,-1.21,4810500,1486.5,1458.5,1541.5,1107.0
2026-07-31 15:40:43,2026-07-31 15:24,1473.5,1490.5,-1.14,5053500,1486.5,1458.5,1541.5,1107.0
2026-08-03 09:05:31,2026-07-31 15:30,1473.0,1490.5,-1.17,6968600,1486.5,1458.5,1541.5,1110.0
2026-08-03 09:10:32,2026-07-31 15:30,1473.0,1490.5,-1.17,6968600,1486.5,1458.5,1541.5,1110.0
2026-08-03 09:15:40,2026-08-03 09:00,1439.5,1490.5,-3.42,7337500,1453.0,1437.5,1541.5,1110.0
2026-08-03 09:20:35,2026-08-03 09:05,1443.5,1473.0,-2.0,588600,1453.0,1437.5,1541.5,1110.0
2026-08-03 09:25:48,2026-08-03 09:10,1439.5,1473.0,-2.27,783700,1453.0,1437.0,1541.5,1110.0
2026-08-03 09:30:35,2026-08-03 09:15,1434.0,1473.0,-2.65,949300,1453.0,1434.0,1541.5,1110.0
2026-08-03 09:35:38,2026-08-03 09:20,1423.0,1473.0,-3.39,1074800,1453.0,1423.0,1541.5,1110.0
2026-08-03 09:40:32,2026-08-03 09:25,1415.0,1473.0,-3.94,1229100,1453.0,1414.5,1541.5,1110.0
2026-08-03 09:45:42,2026-08-03 09:30,1416.5,1473.0,-3.84,1368900,1453.0,1412.0,1541.5,1110.0
2026-08-03 09:50:33,2026-08-03 09:35,1416.0,1473.0,-3.87,1527200,1453.0,1412.0,1541.5,1110.0
2026-08-03 09:55:33,2026-08-03 09:40,1414.0,1473.0,-4.01,1636900,1453.0,1412.0,1541.5,1110.0
2026-08-03 10:00:34,2026-08-03 09:45,1411.5,1473.0,-4.18,1784700,1453.0,1409.5,1541.5,1110.0
2026-08-03 10:05:35,2026-08-03 09:50,1415.0,1473.0,-3.94,1905900,1453.0,1409.5,1541.5,1110.0
2026-08-03 10:10:32,2026-08-03 09:55,1414.0,1473.0,-4.01,1957900,1453.0,1409.5,1541.5,1110.0
2026-08-03 10:15:38,2026-08-03 10:00,1411.0,1473.0,-4.21,2016200,1453.0,1409.5,1541.5,1110.0
2026-08-03 10:20:36,2026-08-03 10:05,1410.5,1473.0,-4.24,2097600,1453.0,1409.5,1541.5,1110.0
2026-08-03 10:25:46,2026-08-03 10:10,1408.0,1473.0,-4.41,2266700,1453.0,1407.0,1541.5,1110.0
2026-08-03 10:30:40,2026-08-03 10:15,1407.0,1473.0,-4.48,2374000,1453.0,1404.0,1541.5,1110.0
2026-08-03 10:35:47,2026-08-03 10:20,1413.5,1473.0,-4.04,2454000,1453.0,1404.0,1541.5,1110.0
2026-08-03 10:40:39,2026-08-03 10:25,1413.0,1473.0,-4.07,2490200,1453.0,1404.0,1541.5,1110.0
2026-08-03 10:45:42,2026-08-03 10:30,1413.5,1473.0,-4.04,2571000,1453.0,1404.0,1541.5,1110.0
2026-08-03 10:50:41,2026-08-03 10:35,1414.0,1473.0,-4.01,2610000,1453.0,1404.0,1541.5,1110.0
2026-08-03 10:55:34,2026-08-03 10:40,1414.0,1473.0,-4.01,2658700,1453.0,1404.0,1541.5,1110.0
2026-08-03 11:00:45,2026-08-03 10:45,1417.5,1473.0,-3.77,2709600,1453.0,1404.0,1541.5,1110.0
2026-08-03 11:05:42,2026-08-03 10:50,1419.5,1473.0,-3.63,2773800,1453.0,1404.0,1541.5,1110.0
2026-08-03 11:10:47,2026-08-03 10:55,1424.0,1473.0,-3.33,2840300,1453.0,1404.0,1541.5,1110.0
2026-08-03 11:15:36,2026-08-03 11:00,1421.5,1473.0,-3.5,2908600,1453.0,1404.0,1541.5,1110.0
2026-08-03 11:20:37,2026-08-03 11:05,1423.0,1473.0,-3.39,2967600,1453.0,1404.0,1541.5,1110.0
2026-08-03 11:25:35,2026-08-03 11:10,1424.0,1473.0,-3.33,3001600,1453.0,1404.0,1541.5,1110.0
2026-08-03 11:30:41,2026-08-03 11:15,1420.5,1473.0,-3.56,3044200,1453.0,1404.0,1541.5,1110.0
2026-08-03 12:30:32,2026-08-03 11:30,1418.5,1473.0,-3.7,3193000,1453.0,1404.0,1541.5,1110.0
2026-08-03 12:35:40,2026-08-03 11:30,1418.5,1473.0,-3.7,3193000,1453.0,1404.0,1541.5,1110.0
2026-08-03 12:40:36,2026-08-03 11:30,1418.5,1473.0,-3.7,3193000,1453.0,1404.0,1541.5,1110.0
2026-08-03 12:45:34,2026-08-03 12:30,1421.0,1473.0,-3.53,3279400,1453.0,1404.0,1541.5,1110.0
2026-08-03 12:50:37,2026-08-03 12:35,1421.5,1473.0,-3.5,3380700,1453.0,1404.0,1541.5,1110.0
2026-08-03 12:55:33,2026-08-03 12:40,1425.0,1473.0,-3.26,3463400,1453.0,1404.0,1541.5,1110.0
2026-08-03 13:00:41,2026-08-03 12:45,1426.0,1473.0,-3.19,3552800,1453.0,1404.0,1541.5,1110.0
2026-08-03 13:05:37,2026-08-03 12:50,1427.5,1473.0,-3.09,3584400,1453.0,1404.0,1541.5,1110.0
2026-08-03 13:10:36,2026-08-03 12:55,1430.5,1473.0,-2.89,3642500,1453.0,1404.0,1541.5,1110.0
2026-08-03 13:15:39,2026-08-03 13:00,1428.5,1473.0,-3.02,3690000,1453.0,1404.0,1541.5,1110.0
2026-08-03 13:20:40,2026-08-03 13:05,1428.0,1473.0,-3.05,3730000,1453.0,1404.0,1541.5,1110.0
2026-08-03 13:25:39,2026-08-03 13:10,1432.5,1473.0,-2.75,3777600,1453.0,1404.0,1541.5,1110.0
2026-08-03 13:30:37,2026-08-03 13:15,1434.0,1473.0,-2.65,3830600,1453.0,1404.0,1541.5,1110.0
2026-08-03 13:35:37,2026-08-03 13:20,1434.0,1473.0,-2.65,3866600,1453.0,1404.0,1541.5,1110.0
2026-08-03 13:40:37,2026-08-03 13:25,1433.5,1473.0,-2.68,3883000,1453.0,1404.0,1541.5,1110.0
2026-08-03 13:45:33,2026-08-03 13:30,1433.5,1473.0,-2.68,3911500,1453.0,1404.0,1541.5,1110.0
2026-08-03 13:51:14,2026-08-03 13:35,1434.0,1473.0,-2.65,3955700,1453.0,1404.0,1541.5,1110.0
2026-08-03 13:55:44,2026-08-03 13:40,1431.0,1473.0,-2.85,3992700,1453.0,1404.0,1541.5,1110.0
2026-08-03 14:00:32,2026-08-03 13:45,1430.5,1473.0,-2.89,4032000,1453.0,1404.0,1541.5,1110.0
2026-08-03 14:05:40,2026-08-03 13:50,1431.0,1473.0,-2.85,4061000,1453.0,1404.0,1541.5,1110.0
2026-08-03 14:10:30,2026-08-03 13:55,1428.5,1473.0,-3.02,4145800,1453.0,1404.0,1541.5,1110.0
2026-08-03 14:15:43,2026-08-03 14:00,1427.5,1473.0,-3.09,4208700,1453.0,1404.0,1541.5,1110.0
2026-08-03 14:20:51,2026-08-03 14:05,1427.5,1473.0,-3.09,4273800,1453.0,1404.0,1541.5,1110.0
2026-08-03 14:25:42,2026-08-03 14:10,1430.5,1473.0,-2.89,4341100,1453.0,1404.0,1541.5,1110.0
2026-08-03 14:30:32,2026-08-03 14:15,1430.0,1473.0,-2.92,4385700,1453.0,1404.0,1541.5,1110.0
2026-08-03 14:35:40,2026-08-03 14:20,1430.5,1473.0,-2.89,4416200,1453.0,1404.0,1541.5,1110.0
2026-08-03 14:40:44,2026-08-03 14:25,1430.5,1473.0,-2.89,4503500,1453.0,1404.0,1541.5,1110.0
2026-08-03 14:45:36,2026-08-03 14:30,1429.0,1473.0,-2.99,4543000,1453.0,1404.0,1541.5,1110.0
2026-08-03 14:50:42,2026-08-03 14:35,1428.5,1473.0,-3.02,4595900,1453.0,1404.0,1541.5,1110.0
2026-08-03 14:55:32,2026-08-03 14:39,1428.0,1473.0,-3.05,4685400,1453.0,1404.0,1541.5,1110.0
2026-08-03 15:00:38,2026-08-03 14:45,1429.5,1473.0,-2.95,4739400,1453.0,1404.0,1541.5,1110.0
2026-08-03 15:05:31,2026-08-03 14:50,1432.0,1473.0,-2.78,4782000,1453.0,1404.0,1541.5,1110.0
2026-08-03 15:10:40,2026-08-03 14:55,1431.0,1473.0,-2.85,4824100,1453.0,1404.0,1541.5,1110.0
2026-08-03 15:15:49,2026-08-03 15:00,1429.5,1473.0,-2.95,4847700,1453.0,1404.0,1541.5,1110.0
2026-08-03 15:20:47,2026-08-03 15:05,1430.0,1473.0,-2.92,4902500,1453.0,1404.0,1541.5,1110.0
2026-08-03 15:25:45,2026-08-03 15:10,1429.5,1473.0,-2.95,4955000,1453.0,1404.0,1541.5,1110.0
2026-08-03 15:30:44,2026-08-03 15:15,1430.5,1473.0,-2.89,5023700,1453.0,1404.0,1541.5,1110.0
2026-08-03 15:40:51,2026-08-03 15:24,1428.5,1473.0,-3.02,5185700,1453.0,1404.0,1541.5,1110.0
2026-08-04 09:05:46,2026-08-03 15:30,1430.5,1473.0,-2.89,6409500,1453.0,1404.0,1541.5,1110.0
2026-08-04 09:10:32,2026-08-03 15:30,1430.5,1473.0,-2.89,6409500,1453.0,1404.0,1541.5,1110.0
2026-08-04 09:15:39,2026-08-04 09:00,1430.5,1473.0,-2.89,6559400,1436.0,1430.5,1541.5,1110.0
2026-08-04 09:20:39,2026-08-04 09:05,1426.0,1430.5,-0.31,229500,1436.0,1425.5,1541.5,1110.0
2026-08-04 09:25:41,2026-08-04 09:10,1424.0,1430.5,-0.45,296200,1436.0,1424.0,1541.5,1110.0
2026-08-04 09:30:33,2026-08-04 09:15,1424.5,1430.5,-0.42,338000,1436.0,1423.0,1541.5,1110.0
2026-08-04 09:35:45,2026-08-04 09:20,1426.5,1430.5,-0.28,393500,1436.0,1423.0,1541.5,1110.0
2026-08-04 09:40:42,2026-08-04 09:25,1430.0,1430.5,-0.03,456100,1436.0,1423.0,1541.5,1110.0
2026-08-04 09:45:41,2026-08-04 09:30,1428.5,1430.5,-0.14,491400,1436.0,1423.0,1541.5,1110.0
2026-08-04 09:50:34,2026-08-04 09:35,1429.0,1430.5,-0.1,517200,1436.0,1423.0,1541.5,1110.0
2026-08-04 09:55:53,2026-08-04 09:40,1429.0,1430.5,-0.1,564000,1436.0,1423.0,1541.5,1110.0
2026-08-04 10:00:50,2026-08-04 09:45,1429.5,1430.5,-0.07,581800,1436.0,1423.0,1541.5,1110.0
2026-08-04 10:05:41,2026-08-04 09:50,1427.5,1430.5,-0.21,602400,1436.0,1423.0,1541.5,1110.0
2026-08-04 10:10:47,2026-08-04 09:55,1422.0,1430.5,-0.59,648600,1436.0,1421.5,1541.5,1110.0
2026-08-04 10:15:46,2026-08-04 10:00,1421.0,1430.5,-0.66,676400,1436.0,1420.0,1541.5,1110.0
2026-08-04 10:20:36,2026-08-04 10:05,1421.5,1430.5,-0.63,698800,1436.0,1420.0,1541.5,1110.0
2026-08-04 10:25:32,2026-08-04 10:10,1420.5,1430.5,-0.7,724200,1436.0,1420.0,1541.5,1110.0
2026-08-04 10:30:36,2026-08-04 10:15,1419.5,1430.5,-0.77,774300,1436.0,1419.0,1541.5,1110.0
2026-08-04 10:35:42,2026-08-04 10:20,1417.5,1430.5,-0.91,803400,1436.0,1417.0,1541.5,1110.0
2026-08-04 10:40:46,2026-08-04 10:25,1418.0,1430.5,-0.87,831800,1436.0,1417.0,1541.5,1110.0
2026-08-04 10:45:43,2026-08-04 10:30,1419.0,1430.5,-0.8,859000,1436.0,1415.5,1541.5,1110.0
2026-08-04 10:50:46,2026-08-04 10:35,1418.0,1430.5,-0.87,871300,1436.0,1415.5,1541.5,1110.0
2026-08-04 11:10:56,2026-08-04 10:55,1417.0,1430.5,-0.94,953300,1436.0,1415.5,1541.5,1110.0
2026-08-04 11:15:42,2026-08-04 11:00,1416.0,1430.5,-1.01,974600,1436.0,1415.5,1541.5,1110.0
2026-08-04 11:20:38,2026-08-04 11:05,1415.0,1430.5,-1.08,1026200,1436.0,1414.5,1541.5,1110.0
2026-08-04 11:25:35,2026-08-04 11:10,1415.0,1430.5,-1.08,1052100,1436.0,1413.5,1541.5,1110.0
2026-08-04 11:30:34,2026-08-04 11:15,1411.0,1430.5,-1.36,1078700,1436.0,1411.0,1541.5,1110.0
2026-08-04 12:30:39,2026-08-04 11:30,1409.0,1430.5,-1.5,1250400,1436.0,1408.5,1541.5,1110.0
2026-08-04 12:35:39,2026-08-04 11:30,1409.0,1430.5,-1.5,1250400,1436.0,1408.5,1541.5,1110.0
2026-08-04 12:40:38,2026-08-04 11:30,1409.0,1430.5,-1.5,1250400,1436.0,1408.5,1541.5,1110.0
2026-08-04 12:45:39,2026-08-04 12:30,1408.0,1430.5,-1.57,1310200,1436.0,1408.0,1541.5,1110.0
2026-08-04 12:50:36,2026-08-04 12:35,1410.0,1430.5,-1.43,1394700,1436.0,1408.0,1541.5,1110.0
2026-08-04 12:55:40,2026-08-04 12:39,1408.5,1430.5,-1.54,1447300,1436.0,1408.0,1541.5,1110.0
2026-08-04 13:00:38,2026-08-04 12:45,1408.5,1430.5,-1.54,1501800,1436.0,1408.0,1541.5,1110.0
2026-08-04 13:05:44,2026-08-04 12:50,1409.0,1430.5,-1.5,1552000,1436.0,1408.0,1541.5,1110.0
2026-08-04 13:10:45,2026-08-04 12:55,1407.5,1430.5,-1.61,1589500,1436.0,1407.0,1541.5,1110.0
2026-08-04 13:15:49,2026-08-04 13:00,1411.0,1430.5,-1.36,1651600,1436.0,1407.0,1541.5,1110.0
2026-08-04 13:20:29,2026-08-04 13:04,1413.0,1430.5,-1.22,1671700,1436.0,1407.0,1541.5,1110.0
2026-08-04 13:25:35,2026-08-04 13:10,1412.5,1430.5,-1.26,1708500,1436.0,1407.0,1541.5,1110.0
2026-08-04 13:30:42,2026-08-04 13:15,1414.5,1430.5,-1.12,1751200,1436.0,1407.0,1541.5,1110.0
2026-08-04 13:35:44,2026-08-04 13:20,1413.5,1430.5,-1.19,1770100,1436.0,1407.0,1541.5,1110.0
2026-08-04 13:40:38,2026-08-04 13:25,1414.5,1430.5,-1.12,1785000,1436.0,1407.0,1541.5,1110.0
2026-08-04 13:45:46,2026-08-04 13:30,1414.5,1430.5,-1.12,1806800,1436.0,1407.0,1541.5,1110.0
2026-08-04 13:50:37,2026-08-04 13:35,1414.0,1430.5,-1.15,1823800,1436.0,1407.0,1541.5,1110.0
2026-08-04 13:55:32,2026-08-04 13:40,1411.0,1430.5,-1.36,1853300,1436.0,1407.0,1541.5,1110.0
2026-08-04 14:00:39,2026-08-04 13:45,1411.0,1430.5,-1.36,1875900,1436.0,1407.0,1541.5,1110.0
2026-08-04 14:05:39,2026-08-04 13:50,1413.0,1430.5,-1.22,1937100,1436.0,1407.0,1541.5,1110.0
2026-08-04 14:10:45,2026-08-04 13:55,1413.0,1430.5,-1.22,1970900,1436.0,1407.0,1541.5,1110.0
2026-08-04 14:15:43,2026-08-04 14:00,1413.5,1430.5,-1.19,1995100,1436.0,1407.0,1541.5,1110.0
2026-08-04 14:20:45,2026-08-04 14:05,1413.5,1430.5,-1.19,2012400,1436.0,1407.0,1541.5,1110.0
2026-08-04 14:25:44,2026-08-04 14:10,1415.0,1430.5,-1.08,2052400,1436.0,1407.0,1541.5,1110.0
2026-08-04 14:30:36,2026-08-04 14:15,1413.5,1430.5,-1.19,2090400,1436.0,1407.0,1541.5,1110.0
2026-08-04 14:35:39,2026-08-04 14:20,1413.0,1430.5,-1.22,2104900,1436.0,1407.0,1541.5,1110.0
2026-08-04 14:40:38,2026-08-04 14:25,1412.5,1430.5,-1.26,2136400,1436.0,1407.0,1541.5,1110.0
2026-08-04 14:45:33,2026-08-04 14:30,1411.0,1430.5,-1.36,2185100,1436.0,1407.0,1541.5,1110.0
2026-08-04 14:50:42,2026-08-04 14:35,1413.5,1430.5,-1.19,2254400,1436.0,1407.0,1541.5,1110.0
2026-08-04 14:55:36,2026-08-04 14:40,1415.0,1430.5,-1.08,2311000,1436.0,1407.0,1541.5,1110.0
2026-08-04 15:40:51,2026-08-04 15:24,1409.5,1430.5,-1.47,2707600,1436.0,1407.0,1541.5,1110.0
2026-08-05 09:05:33,2026-08-04 15:30,1409.5,1430.5,-1.47,4216500,1436.0,1407.0,1541.5,1125.0
2026-08-05 09:10:38,2026-08-04 15:30,1409.5,1430.5,-1.47,4216500,1436.0,1407.0,1541.5,1125.0
2026-08-05 09:15:43,2026-08-05 09:00,1409.5,1430.5,-1.47,4361600,1416.0,1412.0,1541.5,1125.0
2026-08-05 09:20:36,2026-08-05 09:05,1415.0,1409.5,0.39,279100,1418.0,1412.0,1541.5,1125.0
2026-08-05 09:25:34,2026-08-05 09:10,1418.5,1409.5,0.64,383900,1418.5,1412.0,1541.5,1125.0
2026-08-05 09:30:39,2026-08-05 09:15,1420.5,1409.5,0.78,458400,1422.0,1412.0,1541.5,1125.0
2026-08-05 09:35:36,2026-08-05 09:20,1416.0,1409.5,0.46,503700,1422.0,1412.0,1541.5,1125.0
2026-08-05 09:40:45,2026-08-05 09:25,1413.0,1409.5,0.25,563600,1422.0,1412.0,1541.5,1125.0
2026-08-05 09:45:46,2026-08-05 09:30,1414.0,1409.5,0.32,607700,1422.0,1411.5,1541.5,1125.0
2026-08-05 09:50:52,2026-08-05 09:35,1412.5,1409.5,0.21,651900,1422.0,1411.5,1541.5,1125.0
2026-08-05 09:55:41,2026-08-05 09:40,1413.5,1409.5,0.28,712900,1422.0,1411.0,1541.5,1125.0
2026-08-05 10:00:54,2026-08-05 09:45,1411.5,1409.5,0.14,745700,1422.0,1411.0,1541.5,1125.0
2026-08-05 10:05:33,2026-08-05 09:50,1414.5,1409.5,0.35,785900,1422.0,1410.5,1541.5,1125.0
2026-08-05 10:10:32,2026-08-05 09:55,1414.0,1409.5,0.32,816400,1422.0,1410.5,1541.5,1125.0
2026-08-05 10:15:39,2026-08-05 10:00,1412.0,1409.5,0.18,873700,1422.0,1410.5,1541.5,1125.0
2026-08-05 10:20:35,2026-08-05 10:05,1414.0,1409.5,0.32,899800,1422.0,1410.5,1541.5,1125.0
2026-08-05 10:25:42,2026-08-05 10:10,1413.0,1409.5,0.25,947800,1422.0,1410.5,1541.5,1125.0
2026-08-05 10:30:43,2026-08-05 10:15,1413.0,1409.5,0.25,993100,1422.0,1410.5,1541.5,1125.0
2026-08-05 10:35:33,2026-08-05 10:20,1416.0,1409.5,0.46,1057800,1422.0,1410.5,1541.5,1125.0
2026-08-05 10:40:40,2026-08-05 10:25,1416.5,1409.5,0.5,1077400,1422.0,1410.5,1541.5,1125.0
2026-08-05 10:45:49,2026-08-05 10:30,1418.5,1409.5,0.64,1096700,1422.0,1410.5,1541.5,1125.0
2026-08-05 10:50:43,2026-08-05 10:35,1416.0,1409.5,0.46,1125800,1422.0,1410.5,1541.5,1125.0
2026-08-05 10:55:37,2026-08-05 10:40,1414.0,1409.5,0.32,1153100,1422.0,1410.5,1541.5,1125.0
2026-08-05 11:00:44,2026-08-05 10:45,1414.0,1409.5,0.32,1186900,1422.0,1410.5,1541.5,1125.0
2026-08-05 11:05:49,2026-08-05 10:50,1412.5,1409.5,0.21,1221400,1422.0,1410.5,1541.5,1125.0
2026-08-05 11:10:47,2026-08-05 10:55,1412.0,1409.5,0.18,1250100,1422.0,1410.5,1541.5,1125.0
2026-08-05 11:15:36,2026-08-05 10:59,1412.0,1409.5,0.18,1283900,1422.0,1410.5,1541.5,1125.0
2026-08-05 11:20:37,2026-08-05 11:05,1411.0,1409.5,0.11,1312600,1422.0,1410.5,1541.5,1125.0
2026-08-05 11:25:41,2026-08-05 11:10,1410.5,1409.5,0.07,1342200,1422.0,1410.5,1541.5,1125.0
2026-08-05 11:30:42,2026-08-05 11:15,1410.5,1409.5,0.07,1363900,1422.0,1410.0,1541.5,1125.0
2026-08-05 12:30:41,2026-08-05 11:30,1408.0,1409.5,-0.11,1491700,1422.0,1408.0,1541.5,1125.0
2026-08-05 12:35:36,2026-08-05 11:30,1408.0,1409.5,-0.11,1491700,1422.0,1408.0,1541.5,1125.0
2026-08-05 12:40:40,2026-08-05 11:30,1408.0,1409.5,-0.11,1491700,1422.0,1408.0,1541.5,1125.0
2026-08-05 12:45:39,2026-08-05 12:30,1407.0,1409.5,-0.18,1562900,1422.0,1405.5,1541.5,1125.0
2026-08-05 12:50:40,2026-08-05 12:35,1406.0,1409.5,-0.25,1616700,1422.0,1405.5,1541.5,1125.0
2026-08-05 12:55:35,2026-08-05 12:40,1406.0,1409.5,-0.25,1654700,1422.0,1405.5,1541.5,1125.0
2026-08-05 13:00:46,2026-08-05 12:45,1407.5,1409.5,-0.14,1693300,1422.0,1405.0,1541.5,1125.0
2026-08-05 13:05:40,2026-08-05 12:50,1408.5,1409.5,-0.07,1726300,1422.0,1405.0,1541.5,1125.0
2026-08-05 13:10:37,2026-08-05 12:55,1407.5,1409.5,-0.14,1746700,1422.0,1405.0,1541.5,1125.0
2026-08-05 13:15:39,2026-08-05 13:00,1409.0,1409.5,-0.04,1775500,1422.0,1405.0,1541.5,1125.0
2026-08-05 13:20:39,2026-08-05 13:05,1408.0,1409.5,-0.11,1803200,1422.0,1405.0,1541.5,1125.0
2026-08-05 13:25:38,2026-08-05 13:10,1408.5,1409.5,-0.07,1828300,1422.0,1405.0,1541.5,1125.0
2026-08-05 13:30:44,2026-08-05 13:15,1409.0,1409.5,-0.04,1891000,1422.0,1405.0,1541.5,1125.0
2026-08-05 13:35:45,2026-08-05 13:20,1411.0,1409.5,0.11,1943700,1422.0,1405.0,1541.5,1125.0
2026-08-05 13:40:39,2026-08-05 13:25,1411.5,1409.5,0.14,1958800,1422.0,1405.0,1541.5,1125.0
2026-08-05 13:45:31,2026-08-05 13:30,1412.0,1409.5,0.18,1993300,1422.0,1405.0,1541.5,1125.0
2026-08-05 13:50:31,2026-08-05 13:35,1411.0,1409.5,0.11,2023600,1422.0,1405.0,1541.5,1125.0
2026-08-05 13:55:37,2026-08-05 13:40,1411.5,1409.5,0.14,2058100,1422.0,1405.0,1541.5,1125.0
2026-08-05 14:00:45,2026-08-05 13:45,1412.0,1409.5,0.18,2090800,1422.0,1405.0,1541.5,1125.0
2026-08-05 14:05:39,2026-08-05 13:50,1412.5,1409.5,0.21,2124700,1422.0,1405.0,1541.5,1125.0
2026-08-05 14:10:41,2026-08-05 13:55,1412.5,1409.5,0.21,2163900,1422.0,1405.0,1541.5,1125.0
2026-08-05 14:31:03,2026-08-05 14:15,1412.0,1409.5,0.18,2277900,1422.0,1405.0,1541.5,1125.0
2026-08-05 14:35:37,2026-08-05 14:20,1411.5,1409.5,0.14,2298800,1422.0,1405.0,1541.5,1125.0
2026-08-05 14:40:43,2026-08-05 14:25,1412.0,1409.5,0.18,2324700,1422.0,1405.0,1541.5,1125.0
2026-08-05 14:45:40,2026-08-05 14:30,1413.0,1409.5,0.25,2376000,1422.0,1405.0,1541.5,1125.0
2026-08-05 14:50:43,2026-08-05 14:35,1412.0,1409.5,0.18,2422000,1422.0,1405.0,1541.5,1125.0
2026-08-05 14:55:42,2026-08-05 14:40,1412.5,1409.5,0.21,2455400,1422.0,1405.0,1541.5,1125.0
2026-08-05 15:00:34,2026-08-05 14:45,1411.0,1409.5,0.11,2485500,1422.0,1405.0,1541.5,1125.0
2026-08-05 15:05:39,2026-08-05 14:50,1410.5,1409.5,0.07,2523100,1422.0,1405.0,1541.5,1125.0
2026-08-05 15:10:56,2026-08-05 14:55,1411.5,1409.5,0.14,2550400,1422.0,1405.0,1541.5,1125.0
2026-08-05 15:16:20,2026-08-05 15:01,1412.5,1409.5,0.21,2599000,1422.0,1405.0,1541.5,1125.0
2026-08-05 15:20:31,2026-08-05 15:05,1412.5,1409.5,0.21,2665500,1422.0,1405.0,1541.5,1125.0
2026-08-05 15:25:32,2026-08-05 15:10,1414.5,1409.5,0.35,2731800,1422.0,1405.0,1541.5,1125.0
2026-08-05 15:30:50,2026-08-05 15:15,1416.0,1409.5,0.46,2798500,1422.0,1405.0,1541.5,1125.0
2026-08-05 15:40:41,2026-08-05 15:24,1415.0,1409.5,0.39,2900300,1422.0,1405.0,1541.5,1125.0
2026-08-06 09:05:44,2026-08-05 15:30,1416.5,1409.5,0.5,4072700,1422.0,1405.0,1541.5,1134.5
2026-08-06 09:10:34,2026-08-05 15:30,1416.5,1409.5,0.5,4072700,1422.0,1405.0,1541.5,1134.5
2026-08-06 09:15:37,2026-08-06 09:00,1416.5,1409.5,0.5,4194900,1414.0,1406.0,1541.5,1134.5
2026-08-06 09:20:37,2026-08-06 09:05,1417.0,1416.5,0.04,304900,1417.5,1404.0,1541.5,1134.5
2026-08-06 09:25:37,2026-08-06 09:10,1418.5,1416.5,0.14,381800,1419.5,1404.0,1541.5,1134.5
2026-08-06 09:30:40,2026-08-06 09:15,1424.0,1416.5,0.53,476600,1424.0,1404.0,1541.5,1134.5
2026-08-06 09:35:46,2026-08-06 09:20,1426.0,1416.5,0.67,546000,1427.0,1404.0,1541.5,1134.5
2026-08-06 09:46:09,2026-08-06 09:31,1425.5,1416.5,0.64,634400,1427.0,1404.0,1541.5,1134.5
2026-08-06 09:46:46,2026-08-06 09:31,1424.5,1416.5,0.56,666000,1427.0,1404.0,1541.5,1134.5
2026-08-06 09:50:31,2026-08-06 09:35,1420.0,1416.5,0.25,694700,1427.0,1404.0,1541.5,1134.5
2026-08-06 09:55:43,2026-08-06 09:40,1415.5,1416.5,-0.07,736400,1427.0,1404.0,1541.5,1134.5
2026-08-06 10:00:45,2026-08-06 09:45,1415.5,1416.5,-0.07,758100,1427.0,1404.0,1541.5,1134.5
2026-08-06 10:05:47,2026-08-06 09:50,1416.0,1416.5,-0.04,783400,1427.0,1404.0,1541.5,1134.5
2026-08-06 10:10:43,2026-08-06 09:55,1416.5,1416.5,0.0,803000,1427.0,1404.0,1541.5,1134.5
2026-08-06 10:15:43,2026-08-06 10:00,1417.0,1416.5,0.04,880900,1427.0,1404.0,1541.5,1134.5
2026-08-06 10:20:48,2026-08-06 10:05,1421.0,1416.5,0.32,920100,1427.0,1404.0,1541.5,1134.5
2026-08-06 10:25:41,2026-08-06 10:10,1420.5,1416.5,0.28,968300,1427.0,1404.0,1541.5,1134.5
2026-08-06 10:30:42,2026-08-06 10:15,1421.0,1416.5,0.32,1006300,1427.0,1404.0,1541.5,1134.5
2026-08-06 10:35:38,2026-08-06 10:20,1422.0,1416.5,0.39,1031200,1427.0,1404.0,1541.5,1134.5
2026-08-06 10:40:36,2026-08-06 10:25,1422.5,1416.5,0.42,1061400,1427.0,1404.0,1541.5,1134.5
2026-08-06 10:45:38,2026-08-06 10:30,1423.0,1416.5,0.46,1081300,1427.0,1404.0,1541.5,1134.5
2026-08-06 10:50:49,2026-08-06 10:35,1426.0,1416.5,0.67,1138300,1427.0,1404.0,1541.5,1134.5
2026-08-06 10:55:32,2026-08-06 10:40,1424.5,1416.5,0.56,1164500,1427.0,1404.0,1541.5,1134.5
2026-08-06 11:00:44,2026-08-06 10:45,1422.5,1416.5,0.42,1201400,1427.0,1404.0,1541.5,1134.5
2026-08-06 11:05:36,2026-08-06 10:50,1421.5,1416.5,0.35,1218800,1427.0,1404.0,1541.5,1134.5
2026-08-06 11:10:49,2026-08-06 10:55,1421.5,1416.5,0.35,1242700,1427.0,1404.0,1541.5,1134.5
2026-08-06 11:15:44,2026-08-06 11:00,1422.5,1416.5,0.42,1265800,1427.0,1404.0,1541.5,1134.5
2026-08-06 11:20:43,2026-08-06 11:05,1422.0,1416.5,0.39,1275700,1427.0,1404.0,1541.5,1134.5
2026-08-06 11:25:35,2026-08-06 11:10,1421.0,1416.5,0.32,1291900,1427.0,1404.0,1541.5,1134.5
2026-08-06 11:30:52,2026-08-06 11:15,1420.5,1416.5,0.28,1318600,1427.0,1404.0,1541.5,1134.5
2026-08-06 12:30:39,2026-08-06 11:30,1419.5,1416.5,0.21,1382700,1427.0,1404.0,1541.5,1134.5
2026-08-06 12:35:36,2026-08-06 11:30,1419.5,1416.5,0.21,1382700,1427.0,1404.0,1541.5,1134.5
2026-08-06 12:40:52,2026-08-06 11:30,1419.5,1416.5,0.21,1382700,1427.0,1404.0,1541.5,1134.5
2026-08-06 12:45:38,2026-08-06 12:30,1419.5,1416.5,0.21,1431200,1427.0,1404.0,1541.5,1134.5
2026-08-06 12:50:50,2026-08-06 12:34,1421.5,1416.5,0.35,1485200,1427.0,1404.0,1541.5,1134.5
2026-08-06 12:55:38,2026-08-06 12:40,1421.5,1416.5,0.35,1499600,1427.0,1404.0,1541.5,1134.5
2026-08-06 13:00:37,2026-08-06 12:45,1423.5,1416.5,0.49,1535000,1427.0,1404.0,1541.5,1134.5
2026-08-06 13:05:34,2026-08-06 12:49,1424.5,1416.5,0.56,1562000,1427.0,1404.0,1541.5,1134.5
2026-08-06 13:10:42,2026-08-06 12:55,1423.5,1416.5,0.49,1600300,1427.0,1404.0,1541.5,1134.5
2026-08-06 13:15:32,2026-08-06 13:00,1423.0,1416.5,0.46,1624900,1427.0,1404.0,1541.5,1134.5
2026-08-06 13:20:46,2026-08-06 13:05,1423.0,1416.5,0.46,1639800,1427.0,1404.0,1541.5,1134.5
2026-08-06 13:25:32,2026-08-06 13:10,1421.5,1416.5,0.35,1664100,1427.0,1404.0,1541.5,1134.5
2026-08-06 13:30:48,2026-08-06 13:14,1421.0,1416.5,0.32,1688300,1427.0,1404.0,1541.5,1134.5
2026-08-06 13:35:40,2026-08-06 13:20,1420.0,1416.5,0.25,1730800,1427.0,1404.0,1541.5,1134.5
2026-08-06 13:40:42,2026-08-06 13:25,1420.0,1416.5,0.25,1750800,1427.0,1404.0,1541.5,1134.5
2026-08-06 13:45:39,2026-08-06 13:30,1420.0,1416.5,0.25,1791300,1427.0,1404.0,1541.5,1134.5
2026-08-06 13:50:38,2026-08-06 13:35,1419.5,1416.5,0.21,1804300,1427.0,1404.0,1541.5,1134.5
2026-08-06 13:55:45,2026-08-06 13:40,1420.0,1416.5,0.25,1838400,1427.0,1404.0,1541.5,1134.5
2026-08-06 14:00:33,2026-08-06 13:45,1421.0,1416.5,0.32,1847500,1427.0,1404.0,1541.5,1134.5
2026-08-06 14:05:42,2026-08-06 13:50,1421.5,1416.5,0.35,1874300,1427.0,1404.0,1541.5,1134.5
2026-08-06 14:10:37,2026-08-06 13:55,1421.5,1416.5,0.35,1888300,1427.0,1404.0,1541.5,1134.5
2026-08-06 14:15:35,2026-08-06 14:00,1420.0,1416.5,0.25,1954700,1427.0,1404.0,1541.5,1134.5
2026-08-06 14:20:39,2026-08-06 14:05,1420.0,1416.5,0.25,1979100,1427.0,1404.0,1541.5,1134.5
2026-08-06 14:25:40,2026-08-06 14:10,1420.5,1416.5,0.28,1992600,1427.0,1404.0,1541.5,1134.5
2026-08-06 14:30:38,2026-08-06 14:15,1423.0,1416.5,0.46,2018500,1427.0,1404.0,1541.5,1134.5
2026-08-06 14:35:30,2026-08-06 14:20,1425.0,1416.5,0.6,2045500,1427.0,1404.0,1541.5,1134.5
2026-08-06 14:40:32,2026-08-06 14:25,1426.5,1416.5,0.71,2083000,1427.0,1404.0,1541.5,1134.5
2026-08-06 14:45:37,2026-08-06 14:30,1427.0,1416.5,0.74,2104700,1427.0,1404.0,1541.5,1134.5
2026-08-06 14:50:38,2026-08-06 14:35,1428.5,1416.5,0.85,2160600,1428.5,1404.0,1541.5,1134.5
2026-08-06 14:55:39,2026-08-06 14:40,1427.5,1416.5,0.78,2196600,1429.0,1404.0,1541.5,1134.5
2026-08-06 15:00:39,2026-08-06 14:45,1427.5,1416.5,0.78,2239300,1429.0,1404.0,1541.5,1134.5
2026-08-06 15:05:37,2026-08-06 14:50,1428.0,1416.5,0.81,2272700,1429.0,1404.0,1541.5,1134.5
2026-08-06 15:10:50,2026-08-06 14:55,1428.5,1416.5,0.85,2300800,1429.0,1404.0,1541.5,1134.5
2026-08-06 15:15:42,2026-08-06 15:00,1430.0,1416.5,0.95,2338200,1430.0,1404.0,1541.5,1134.5
2026-08-06 15:20:45,2026-08-06 15:05,1427.5,1416.5,0.78,2390600,1430.0,1404.0,1541.5,1134.5
2026-08-06 15:25:32,2026-08-06 15:10,1428.0,1416.5,0.81,2457200,1430.0,1404.0,1541.5,1134.5
2026-08-06 15:40:50,2026-08-06 15:24,1430.0,1416.5,0.95,2639400,1430.0,1404.0,1541.5,1134.5
2026-08-07 09:05:52,2026-08-06 15:30,1427.5,1416.5,0.78,3802100,1430.0,1404.0,1541.5,1147.5
2026-08-07 09:10:39,2026-08-06 15:30,1427.5,1416.5,0.78,3802100,1430.0,1404.0,1541.5,1147.5
2026-08-07 09:15:44,2026-08-07 09:00,1427.5,1416.5,0.78,3937700,1430.0,1425.5,1541.5,1147.5
2026-08-07 09:20:43,2026-08-07 09:05,1433.5,1427.5,0.42,231900,1434.5,1425.0,1541.5,1147.5
2026-08-07 09:25:40,2026-08-07 09:10,1432.0,1427.5,0.32,281300,1434.5,1425.0,1541.5,1147.5
2026-08-07 09:30:36,2026-08-07 09:15,1431.5,1427.5,0.28,321500,1434.5,1425.0,1541.5,1147.5
2026-08-07 09:35:37,2026-08-07 09:20,1433.5,1427.5,0.42,349300,1434.5,1425.0,1541.5,1147.5
2026-08-07 09:40:43,2026-08-07 09:25,1437.0,1427.5,0.67,397800,1437.5,1425.0,1541.5,1147.5
2026-08-07 09:45:47,2026-08-07 09:30,1435.0,1427.5,0.53,432500,1437.5,1425.0,1541.5,1147.5
2026-08-07 09:50:40,2026-08-07 09:35,1433.5,1427.5,0.42,457600,1437.5,1425.0,1541.5,1147.5
2026-08-07 09:56:12,2026-08-07 09:41,1442.5,1427.5,1.05,1130000,1450.5,1425.0,1541.5,1147.5
2026-08-07 10:00:34,2026-08-07 09:45,1444.5,1427.5,1.19,1175700,1450.5,1425.0,1541.5,1147.5
2026-08-07 10:05:36,2026-08-07 09:50,1447.5,1427.5,1.4,1212000,1450.5,1425.0,1541.5,1147.5
2026-08-07 10:10:48,2026-08-07 09:55,1448.0,1427.5,1.44,1259400,1450.5,1425.0,1541.5,1147.5
2026-08-07 10:15:36,2026-08-07 10:00,1451.0,1427.5,1.65,1334400,1451.0,1425.0,1541.5,1147.5
2026-08-07 10:20:33,2026-08-07 10:05,1449.0,1427.5,1.51,1373600,1451.0,1425.0,1541.5,1147.5
2026-08-07 10:25:41,2026-08-07 10:10,1448.0,1427.5,1.44,1403200,1451.0,1425.0,1541.5,1147.5
2026-08-07 10:30:41,2026-08-07 10:15,1449.5,1427.5,1.54,1442000,1451.0,1425.0,1541.5,1147.5
2026-08-07 10:35:38,2026-08-07 10:20,1453.0,1427.5,1.79,1487300,1453.0,1425.0,1541.5,1147.5
2026-08-07 10:40:40,2026-08-07 10:25,1449.0,1427.5,1.51,1526300,1453.0,1425.0,1541.5,1147.5
2026-08-07 10:45:37,2026-08-07 10:30,1452.0,1427.5,1.72,1550100,1453.0,1425.0,1541.5,1147.5
2026-08-07 10:50:45,2026-08-07 10:35,1451.0,1427.5,1.65,1579200,1453.0,1425.0,1541.5,1147.5
2026-08-07 10:55:39,2026-08-07 10:40,1448.5,1427.5,1.47,1604000,1453.0,1425.0,1541.5,1147.5
2026-08-07 11:00:53,2026-08-07 10:45,1449.5,1427.5,1.54,1634300,1453.0,1425.0,1541.5,1147.5
2026-08-07 11:05:39,2026-08-07 10:50,1448.5,1427.5,1.47,1663100,1453.0,1425.0,1541.5,1147.5
2026-08-07 11:10:38,2026-08-07 10:55,1450.5,1427.5,1.61,1683400,1453.0,1425.0,1541.5,1147.5
2026-08-07 11:15:33,2026-08-07 11:00,1448.5,1427.5,1.47,1701800,1453.0,1425.0,1541.5,1147.5
2026-08-07 11:20:47,2026-08-07 11:05,1447.0,1427.5,1.37,1742400,1453.0,1425.0,1541.5,1147.5
2026-08-07 11:25:47,2026-08-07 11:10,1447.0,1427.5,1.37,1756700,1453.0,1425.0,1541.5,1147.5
2026-08-07 11:30:36,2026-08-07 11:15,1449.5,1427.5,1.54,1859200,1453.0,1425.0,1541.5,1147.5
2026-08-07 12:30:36,2026-08-07 11:30,1450.0,1427.5,1.58,1943800,1453.0,1425.0,1541.5,1147.5
2026-08-07 12:35:40,2026-08-07 11:30,1450.0,1427.5,1.58,1943800,1453.0,1425.0,1541.5,1147.5
2026-08-07 12:40:59,2026-08-07 11:30,1450.0,1427.5,1.58,1943800,1453.0,1425.0,1541.5,1147.5
2026-08-07 12:45:38,2026-08-07 12:30,1449.5,1427.5,1.54,2045900,1453.0,1425.0,1541.5,1147.5
2026-08-07 12:50:35,2026-08-07 12:35,1444.0,1427.5,1.16,2107600,1453.0,1425.0,1541.5,1147.5
2026-08-07 12:55:37,2026-08-07 12:40,1443.5,1427.5,1.12,2143800,1453.0,1425.0,1541.5,1147.5
2026-08-07 13:00:33,2026-08-07 12:45,1442.0,1427.5,1.02,2161100,1453.0,1425.0,1541.5,1147.5
2026-08-07 13:05:33,2026-08-07 12:49,1443.5,1427.5,1.12,2188200,1453.0,1425.0,1541.5,1147.5
2026-08-07 13:10:31,2026-08-07 12:55,1446.5,1427.5,1.33,2209900,1453.0,1425.0,1541.5,1147.5
2026-08-07 13:15:34,2026-08-07 13:00,1444.5,1427.5,1.19,2243700,1453.0,1425.0,1541.5,1147.5
2026-08-07 13:20:38,2026-08-07 13:05,1443.0,1427.5,1.09,2256700,1453.0,1425.0,1541.5,1147.5
2026-08-07 13:25:42,2026-08-07 13:10,1444.0,1427.5,1.16,2270900,1453.0,1425.0,1541.5,1147.5
2026-08-07 13:30:48,2026-08-07 13:15,1444.0,1427.5,1.16,2280900,1453.0,1425.0,1541.5,1147.5
2026-08-07 13:35:48,2026-08-07 13:20,1445.0,1427.5,1.23,2308700,1453.0,1425.0,1541.5,1147.5
2026-08-07 13:40:38,2026-08-07 13:25,1445.0,1427.5,1.23,2326600,1453.0,1425.0,1541.5,1147.5
2026-08-07 13:45:39,2026-08-07 13:30,1444.5,1427.5,1.19,2353500,1453.0,1425.0,1541.5,1147.5
2026-08-07 13:50:41,2026-08-07 13:35,1444.0,1427.5,1.16,2380800,1453.0,1425.0,1541.5,1147.5
2026-08-07 13:55:36,2026-08-07 13:40,1443.0,1427.5,1.09,2394500,1453.0,1425.0,1541.5,1147.5
2026-08-07 14:00:40,2026-08-07 13:45,1444.0,1427.5,1.16,2422400,1453.0,1425.0,1541.5,1147.5
2026-08-07 14:05:48,2026-08-07 13:50,1444.0,1427.5,1.16,2465300,1453.0,1425.0,1541.5,1147.5
2026-08-07 14:10:43,2026-08-07 13:55,1444.0,1427.5,1.16,2477300,1453.0,1425.0,1541.5,1147.5
2026-08-07 14:15:41,2026-08-07 14:00,1442.5,1427.5,1.05,2506300,1453.0,1425.0,1541.5,1147.5
2026-08-07 14:20:36,2026-08-07 14:05,1441.5,1427.5,0.98,2524600,1453.0,1425.0,1541.5,1147.5
2026-08-07 14:25:42,2026-08-07 14:10,1443.5,1427.5,1.12,2545800,1453.0,1425.0,1541.5,1147.5
2026-08-07 14:30:39,2026-08-07 14:15,1444.5,1427.5,1.19,2560400,1453.0,1425.0,1541.5,1147.5
2026-08-07 14:35:30,2026-08-07 14:20,1444.0,1427.5,1.16,2588300,1453.0,1425.0,1541.5,1147.5
2026-08-07 14:40:33,2026-08-07 14:25,1444.0,1427.5,1.16,2607000,1453.0,1425.0,1541.5,1147.5
2026-08-07 14:45:38,2026-08-07 14:30,1445.5,1427.5,1.26,2639500,1453.0,1425.0,1541.5,1147.5
2026-08-07 14:50:39,2026-08-07 14:35,1445.5,1427.5,1.26,2668600,1453.0,1425.0,1541.5,1147.5
2026-08-07 14:55:34,2026-08-07 14:40,1444.0,1427.5,1.16,2695400,1453.0,1425.0,1541.5,1147.5
2026-08-07 15:00:34,2026-08-07 14:45,1446.0,1427.5,1.3,2731200,1453.0,1425.0,1541.5,1147.5
2026-08-07 15:05:43,2026-08-07 14:50,1445.5,1427.5,1.26,2757900,1453.0,1425.0,1541.5,1147.5
2026-08-07 15:10:40,2026-08-07 14:55,1445.5,1427.5,1.26,2791900,1453.0,1425.0,1541.5,1147.5
2026-08-07 15:15:41,2026-08-07 15:00,1445.5,1427.5,1.26,2801900,1453.0,1425.0,1541.5,1147.5
2026-08-07 15:20:41,2026-08-07 15:05,1444.0,1427.5,1.16,2839400,1453.0,1425.0,1541.5,1147.5
2026-08-07 15:25:48,2026-08-07 15:10,1444.5,1427.5,1.19,2888100,1453.0,1425.0,1541.5,1147.5
2026-08-07 15:30:46,2026-08-07 15:15,1445.0,1427.5,1.23,2932500,1453.0,1425.0,1541.5,1147.5
2026-08-07 15:40:44,2026-08-07 15:24,1450.0,1427.5,1.58,3232600,1453.0,1425.0,1541.5,1147.5
2026-08-10 09:05:40,2026-08-07 15:30,1446.5,1427.5,1.33,4223800,1453.0,1425.0,1541.5,1169.0
2026-08-10 09:10:48,2026-08-07 15:30,1446.5,1427.5,1.33,4223800,1453.0,1425.0,1541.5,1169.0
2026-08-10 09:15:41,2026-08-07 15:30,1446.5,1427.5,1.33,4223800,1453.0,1425.0,1541.5,1169.0
2026-08-10 09:20:34,2026-08-07 15:30,1446.5,1427.5,1.33,4223800,1453.0,1425.0,1541.5,1169.0
2026-08-10 09:25:35,2026-08-10 09:10,1390.0,1446.5,-3.91,1888900,1396.5,1353.5,1541.5,1169.0
2026-08-10 09:30:42,2026-08-10 09:15,1380.5,1446.5,-4.56,2333600,1396.5,1353.5,1541.5,1169.0
2026-08-10 09:35:32,2026-08-10 09:20,1375.5,1446.5,-4.91,2693400,1396.5,1353.5,1541.5,1169.0
2026-08-10 09:40:44,2026-08-10 09:25,1377.5,1446.5,-4.77,2982400,1396.5,1353.5,1541.5,1169.0
2026-08-10 09:45:41,2026-08-10 09:30,1373.0,1446.5,-5.08,3236700,1396.5,1353.5,1541.5,1169.0
2026-08-10 09:50:36,2026-08-10 09:35,1373.0,1446.5,-5.08,3355100,1396.5,1353.5,1541.5,1169.0
2026-08-10 09:55:41,2026-08-10 09:40,1374.0,1446.5,-5.01,3509900,1396.5,1353.5,1541.5,1169.0
2026-08-10 10:00:36,2026-08-10 09:45,1376.0,1446.5,-4.87,3711400,1396.5,1353.5,1541.5,1169.0
2026-08-10 10:05:42,2026-08-10 09:50,1372.5,1446.5,-5.12,3929100,1396.5,1353.5,1541.5,1169.0
2026-08-10 10:10:37,2026-08-10 09:55,1372.0,1446.5,-5.15,3994100,1396.5,1353.5,1541.5,1169.0
2026-08-10 10:15:41,2026-08-10 10:00,1369.5,1446.5,-5.32,4461100,1396.5,1353.5,1541.5,1169.0
2026-08-10 10:20:37,2026-08-10 10:05,1372.5,1446.5,-5.12,4544600,1396.5,1353.5,1541.5,1169.0
2026-08-10 10:25:58,2026-08-10 10:10,1374.5,1446.5,-4.98,4627400,1396.5,1353.5,1541.5,1169.0
2026-08-10 10:30:29,2026-08-10 10:15,1373.0,1446.5,-5.08,4716300,1396.5,1353.5,1541.5,1169.0
2026-08-10 10:35:39,2026-08-10 10:20,1373.5,1446.5,-5.05,4788000,1396.5,1353.5,1541.5,1169.0
2026-08-10 10:40:35,2026-08-10 10:25,1372.0,1446.5,-5.15,4839300,1396.5,1353.5,1541.5,1169.0
2026-08-10 10:45:38,2026-08-10 10:30,1377.0,1446.5,-4.8,4972000,1396.5,1353.5,1541.5,1169.0
2026-08-10 10:50:48,2026-08-10 10:35,1378.0,1446.5,-4.74,5085400,1396.5,1353.5,1541.5,1169.0
2026-08-10 10:55:39,2026-08-10 10:40,1379.5,1446.5,-4.63,5192600,1396.5,1353.5,1541.5,1169.0
2026-08-10 11:00:34,2026-08-10 10:45,1381.5,1446.5,-4.49,5263200,1396.5,1353.5,1541.5,1169.0
2026-08-10 11:05:37,2026-08-10 10:50,1382.0,1446.5,-4.46,5695400,1396.5,1353.5,1541.5,1169.0
2026-08-10 11:10:35,2026-08-10 10:55,1382.5,1446.5,-4.42,5784000,1396.5,1353.5,1541.5,1169.0
2026-08-10 11:15:41,2026-08-10 11:00,1381.0,1446.5,-4.53,5908200,1396.5,1353.5,1541.5,1169.0
2026-08-10 11:20:38,2026-08-10 11:05,1383.5,1446.5,-4.36,6010800,1396.5,1353.5,1541.5,1169.0
2026-08-10 11:25:36,2026-08-10 11:10,1383.0,1446.5,-4.39,6076000,1396.5,1353.5,1541.5,1169.0
2026-08-10 11:30:43,2026-08-10 11:15,1384.5,1446.5,-4.29,6118400,1396.5,1353.5,1541.5,1169.0
2026-08-10 12:30:38,2026-08-10 11:30,1382.5,1446.5,-4.42,6344700,1396.5,1353.5,1541.5,1169.0
2026-08-10 12:35:40,2026-08-10 11:30,1382.5,1446.5,-4.42,6344700,1396.5,1353.5,1541.5,1169.0
2026-08-10 12:40:38,2026-08-10 11:30,1382.5,1446.5,-4.42,6344700,1396.5,1353.5,1541.5,1169.0
2026-08-10 12:45:35,2026-08-10 12:30,1383.5,1446.5,-4.36,6526200,1396.5,1353.5,1541.5,1169.0
2026-08-10 12:50:43,2026-08-10 12:35,1380.5,1446.5,-4.56,6652500,1396.5,1353.5,1541.5,1169.0
2026-08-10 12:55:39,2026-08-10 12:40,1382.5,1446.5,-4.42,6751600,1396.5,1353.5,1541.5,1169.0
2026-08-10 13:00:34,2026-08-10 12:45,1382.5,1446.5,-4.42,6814100,1396.5,1353.5,1541.5,1169.0
2026-08-10 13:05:36,2026-08-10 12:50,1381.0,1446.5,-4.53,6892000,1396.5,1353.5,1541.5,1169.0
2026-08-10 13:10:32,2026-08-10 12:55,1380.5,1446.5,-4.56,6959000,1396.5,1353.5,1541.5,1169.0
2026-08-10 13:15:38,2026-08-10 13:00,1381.5,1446.5,-4.49,7019000,1396.5,1353.5,1541.5,1169.0
2026-08-10 13:20:36,2026-08-10 13:05,1382.5,1446.5,-4.42,7075200,1396.5,1353.5,1541.5,1169.0
2026-08-10 13:25:34,2026-08-10 13:10,1383.0,1446.5,-4.39,7131700,1396.5,1353.5,1541.5,1169.0
2026-08-10 13:30:39,2026-08-10 13:15,1382.5,1446.5,-4.42,7202200,1396.5,1353.5,1541.5,1169.0
2026-08-10 13:35:33,2026-08-10 13:20,1383.5,1446.5,-4.36,7254100,1396.5,1353.5,1541.5,1169.0
2026-08-10 13:40:39,2026-08-10 13:25,1383.0,1446.5,-4.39,7289400,1396.5,1353.5,1541.5,1169.0
2026-08-10 13:45:36,2026-08-10 13:30,1382.0,1446.5,-4.46,7340300,1396.5,1353.5,1541.5,1169.0
2026-08-10 13:50:37,2026-08-10 13:35,1381.5,1446.5,-4.49,7361200,1396.5,1353.5,1541.5,1169.0
2026-08-10 13:55:41,2026-08-10 13:40,1381.5,1446.5,-4.49,7414800,1396.5,1353.5,1541.5,1169.0
2026-08-10 14:00:41,2026-08-10 13:45,1379.5,1446.5,-4.63,7645300,1396.5,1353.5,1541.5,1169.0
2026-08-10 14:05:41,2026-08-10 13:50,1379.5,1446.5,-4.63,7712600,1396.5,1353.5,1541.5,1169.0
2026-08-10 14:10:48,2026-08-10 13:55,1380.0,1446.5,-4.6,7784400,1396.5,1353.5,1541.5,1169.0
2026-08-10 14:15:46,2026-08-10 14:00,1380.0,1446.5,-4.6,7860200,1396.5,1353.5,1541.5,1169.0
2026-08-10 14:20:38,2026-08-10 14:05,1380.5,1446.5,-4.56,7884300,1396.5,1353.5,1541.5,1169.0
2026-08-10 14:25:37,2026-08-10 14:10,1382.0,1446.5,-4.46,7923500,1396.5,1353.5,1541.5,1169.0
2026-08-10 14:30:44,2026-08-10 14:15,1381.0,1446.5,-4.53,7971800,1396.5,1353.5,1541.5,1169.0
2026-08-10 14:35:38,2026-08-10 14:20,1382.0,1446.5,-4.46,8025800,1396.5,1353.5,1541.5,1169.0
2026-08-10 14:40:41,2026-08-10 14:25,1382.5,1446.5,-4.42,8105600,1396.5,1353.5,1541.5,1169.0
2026-08-10 14:45:40,2026-08-10 14:30,1381.5,1446.5,-4.49,8198400,1396.5,1353.5,1541.5,1169.0
2026-08-10 14:50:39,2026-08-10 14:35,1382.0,1446.5,-4.46,8262500,1396.5,1353.5,1541.5,1169.0
2026-08-10 14:55:41,2026-08-10 14:40,1382.0,1446.5,-4.46,8299600,1396.5,1353.5,1541.5,1169.0
2026-08-10 15:00:54,2026-08-10 14:45,1382.0,1446.5,-4.46,8449200,1396.5,1353.5,1541.5,1169.0
2026-08-10 15:05:45,2026-08-10 14:50,1383.5,1446.5,-4.36,8471700,1396.5,1353.5,1541.5,1169.0
2026-08-10 15:10:45,2026-08-10 14:55,1382.0,1446.5,-4.46,8549800,1396.5,1353.5,1541.5,1169.0
2026-08-10 15:15:36,2026-08-10 15:00,1381.5,1446.5,-4.49,8632000,1396.5,1353.5,1541.5,1169.0
2026-08-10 15:20:34,2026-08-10 15:05,1380.0,1446.5,-4.6,8715600,1396.5,1353.5,1541.5,1169.0
2026-08-10 15:25:37,2026-08-10 15:10,1380.0,1446.5,-4.6,8880700,1396.5,1353.5,1541.5,1169.0
2026-08-10 15:30:44,2026-08-10 15:15,1383.5,1446.5,-4.36,8989100,1396.5,1353.5,1541.5,1169.0
2026-08-10 15:40:39,2026-08-10 15:24,1388.0,1446.5,-4.04,9299900,1396.5,1353.5,1541.5,1169.0
2026-08-12 09:05:33,2026-08-10 15:30,1385.0,1446.5,-4.25,11075800,1396.5,1353.5,1541.5,1169.0
2026-08-12 09:10:47,2026-08-10 15:30,1385.0,1446.5,-4.25,11075800,1396.5,1353.5,1541.5,1169.0
2026-08-12 09:15:42,2026-08-12 09:00,1385.0,1446.5,-4.25,11362300,1399.5,1392.5,1541.5,1169.0
2026-08-12 09:20:46,2026-08-12 09:05,1402.0,1385.0,1.23,566100,1405.0,1392.5,1541.5,1169.0
2026-08-12 09:25:41,2026-08-12 09:10,1398.5,1385.0,0.97,681700,1405.0,1392.5,1541.5,1169.0
2026-08-12 09:30:47,2026-08-12 09:15,1402.0,1385.0,1.23,771200,1405.0,1392.5,1541.5,1169.0
2026-08-12 09:35:44,2026-08-12 09:20,1401.5,1385.0,1.19,858700,1405.0,1392.5,1541.5,1169.0
2026-08-12 09:40:41,2026-08-12 09:25,1401.5,1385.0,1.19,920500,1405.0,1392.5,1541.5,1169.0
2026-08-12 09:45:38,2026-08-12 09:30,1406.5,1385.0,1.55,1029700,1407.0,1392.5,1541.5,1169.0
2026-08-12 09:50:33,2026-08-12 09:35,1406.0,1385.0,1.52,1130900,1409.5,1392.5,1541.5,1169.0
2026-08-12 09:55:34,2026-08-12 09:40,1408.0,1385.0,1.66,1187900,1410.0,1392.5,1541.5,1169.0
2026-08-12 10:00:35,2026-08-12 09:45,1407.0,1385.0,1.59,1234200,1410.0,1392.5,1541.5,1169.0
2026-08-12 10:05:38,2026-08-12 09:50,1407.0,1385.0,1.59,1268400,1410.0,1392.5,1541.5,1169.0
2026-08-12 10:10:34,2026-08-12 09:55,1408.0,1385.0,1.66,1307800,1410.0,1392.5,1541.5,1169.0
2026-08-12 10:15:50,2026-08-12 10:00,1406.0,1385.0,1.52,1357000,1410.0,1392.5,1541.5,1169.0
2026-08-12 10:20:36,2026-08-12 10:05,1405.0,1385.0,1.44,1411900,1410.0,1392.5,1541.5,1169.0
2026-08-12 10:25:33,2026-08-12 10:10,1404.0,1385.0,1.37,1458700,1410.0,1392.5,1541.5,1169.0
2026-08-12 10:30:45,2026-08-12 10:15,1404.0,1385.0,1.37,1492500,1410.0,1392.5,1541.5,1169.0
2026-08-12 10:35:36,2026-08-12 10:20,1404.5,1385.0,1.41,1522000,1410.0,1392.5,1541.5,1169.0
2026-08-12 10:40:43,2026-08-12 10:25,1407.0,1385.0,1.59,1570400,1410.0,1392.5,1541.5,1169.0
2026-08-12 10:45:32,2026-08-12 10:30,1406.0,1385.0,1.52,1602100,1410.0,1392.5,1541.5,1169.0
2026-08-12 10:50:59,2026-08-12 10:35,1405.0,1385.0,1.44,1647400,1410.0,1392.5,1541.5,1169.0
2026-08-12 10:55:33,2026-08-12 10:40,1404.5,1385.0,1.41,1673500,1410.0,1392.5,1541.5,1169.0
2026-08-12 11:00:34,2026-08-12 10:45,1405.0,1385.0,1.44,1718200,1410.0,1392.5,1541.5,1169.0
2026-08-12 11:05:38,2026-08-12 10:50,1402.5,1385.0,1.26,1750300,1410.0,1392.5,1541.5,1169.0
2026-08-12 11:10:31,2026-08-12 10:55,1401.5,1385.0,1.19,1845600,1410.0,1392.5,1541.5,1169.0
2026-08-12 11:15:42,2026-08-12 11:00,1402.0,1385.0,1.23,1881600,1410.0,1392.5,1541.5,1169.0
2026-08-12 11:20:35,2026-08-12 11:05,1401.0,1385.0,1.16,1910800,1410.0,1392.5,1541.5,1169.0
2026-08-12 11:25:57,2026-08-12 11:10,1400.5,1385.0,1.12,1951200,1410.0,1392.5,1541.5,1169.0
2026-08-12 11:30:33,2026-08-12 11:15,1401.0,1385.0,1.16,1992800,1410.0,1392.5,1541.5,1169.0
2026-08-12 12:30:30,2026-08-12 11:30,1399.0,1385.0,1.01,2176700,1410.0,1392.5,1541.5,1169.0
2026-08-12 12:35:30,2026-08-12 11:30,1399.0,1385.0,1.01,2176700,1410.0,1392.5,1541.5,1169.0
2026-08-12 12:40:37,2026-08-12 11:30,1399.0,1385.0,1.01,2176700,1410.0,1392.5,1541.5,1169.0
2026-08-12 12:46:02,2026-08-12 12:31,1398.5,1385.0,0.97,2297700,1410.0,1392.5,1541.5,1169.0
2026-08-12 12:50:33,2026-08-12 12:35,1399.0,1385.0,1.01,2347300,1410.0,1392.5,1541.5,1169.0
2026-08-12 12:55:39,2026-08-12 12:40,1398.5,1385.0,0.97,2387200,1410.0,1392.5,1541.5,1169.0
2026-08-12 13:00:32,2026-08-12 12:45,1401.0,1385.0,1.16,2432600,1410.0,1392.5,1541.5,1169.0
2026-08-12 13:05:34,2026-08-12 12:50,1401.5,1385.0,1.19,2469400,1410.0,1392.5,1541.5,1169.0
2026-08-12 13:10:38,2026-08-12 12:55,1400.5,1385.0,1.12,2511300,1410.0,1392.5,1541.5,1169.0
2026-08-12 13:15:39,2026-08-12 13:00,1401.0,1385.0,1.16,2532400,1410.0,1392.5,1541.5,1169.0
2026-08-12 13:20:31,2026-08-12 13:05,1400.5,1385.0,1.12,2555400,1410.0,1392.5,1541.5,1169.0
2026-08-12 13:25:54,2026-08-12 13:10,1400.0,1385.0,1.08,2584800,1410.0,1392.5,1541.5,1169.0
2026-08-12 13:30:37,2026-08-12 13:15,1401.0,1385.0,1.16,2602300,1410.0,1392.5,1541.5,1169.0
2026-08-12 13:35:34,2026-08-12 13:19,1400.5,1385.0,1.12,2631500,1410.0,1392.5,1541.5,1169.0
2026-08-12 13:41:13,2026-08-12 13:26,1400.5,1385.0,1.12,2650600,1410.0,1392.5,1541.5,1169.0
2026-08-12 13:45:37,2026-08-12 13:30,1401.0,1385.0,1.16,2677700,1410.0,1392.5,1541.5,1169.0
2026-08-12 13:50:48,2026-08-12 13:35,1401.5,1385.0,1.19,2712300,1410.0,1392.5,1541.5,1169.0
2026-08-12 13:55:41,2026-08-12 13:40,1402.0,1385.0,1.23,2735700,1410.0,1392.5,1541.5,1169.0
2026-08-12 14:00:33,2026-08-12 13:45,1402.5,1385.0,1.26,2754400,1410.0,1392.5,1541.5,1169.0
2026-08-12 14:05:40,2026-08-12 13:50,1402.0,1385.0,1.23,2774400,1410.0,1392.5,1541.5,1169.0
2026-08-12 14:10:37,2026-08-12 13:55,1403.5,1385.0,1.34,2817100,1410.0,1392.5,1541.5,1169.0
2026-08-12 14:15:37,2026-08-12 14:00,1402.0,1385.0,1.23,2859300,1410.0,1392.5,1541.5,1169.0
2026-08-12 14:20:37,2026-08-12 14:05,1402.0,1385.0,1.23,2876000,1410.0,1392.5,1541.5,1169.0
2026-08-12 14:25:41,2026-08-12 14:10,1403.0,1385.0,1.3,2903200,1410.0,1392.5,1541.5,1169.0
2026-08-12 14:30:42,2026-08-12 14:15,1403.5,1385.0,1.34,2928000,1410.0,1392.5,1541.5,1169.0
2026-08-12 14:35:46,2026-08-12 14:20,1404.0,1385.0,1.37,2939100,1410.0,1392.5,1541.5,1169.0
2026-08-12 14:40:37,2026-08-12 14:25,1404.5,1385.0,1.41,2961500,1410.0,1392.5,1541.5,1169.0
2026-08-12 14:45:46,2026-08-12 14:30,1403.5,1385.0,1.34,3012000,1410.0,1392.5,1541.5,1169.0
2026-08-12 14:50:40,2026-08-12 14:35,1403.5,1385.0,1.34,3036100,1410.0,1392.5,1541.5,1169.0
2026-08-12 14:55:33,2026-08-12 14:40,1404.0,1385.0,1.37,3048900,1410.0,1392.5,1541.5,1169.0
2026-08-12 15:00:39,2026-08-12 14:45,1403.5,1385.0,1.34,3072000,1410.0,1392.5,1541.5,1169.0
2026-08-12 15:05:43,2026-08-12 14:50,1404.0,1385.0,1.37,3102000,1410.0,1392.5,1541.5,1169.0
2026-08-12 15:10:36,2026-08-12 14:55,1404.5,1385.0,1.41,3130400,1410.0,1392.5,1541.5,1169.0
2026-08-12 15:15:52,2026-08-12 15:00,1404.5,1385.0,1.41,3166000,1410.0,1392.5,1541.5,1169.0
2026-08-12 15:20:37,2026-08-12 15:05,1404.0,1385.0,1.37,3184800,1410.0,1392.5,1541.5,1169.0
2026-08-12 15:25:31,2026-08-12 15:10,1404.5,1385.0,1.41,3202500,1410.0,1392.5,1541.5,1169.0
2026-08-12 15:30:32,2026-08-12 15:15,1402.5,1385.0,1.26,3266700,1410.0,1392.5,1541.5,1169.0
2026-08-12 15:40:43,2026-08-12 15:24,1403.5,1385.0,1.34,3369500,1410.0,1392.5,1541.5,1169.0
2026-08-13 09:05:42,2026-08-12 15:30,1409.5,1385.0,1.77,4646300,1410.0,1392.5,1541.5,1169.0
2026-08-13 09:10:32,2026-08-12 15:30,1409.5,1385.0,1.77,4646300,1410.0,1392.5,1541.5,1169.0
2026-08-13 09:15:45,2026-08-13 09:00,1409.5,1385.0,1.77,4761700,1415.5,1412.5,1541.5,1169.0
2026-08-13 09:20:30,2026-08-13 09:05,1412.0,1409.5,0.18,197000,1416.0,1412.0,1541.5,1169.0
2026-08-13 09:25:44,2026-08-13 09:10,1411.0,1409.5,0.11,305000,1416.0,1408.5,1541.5,1169.0
2026-08-13 09:30:32,2026-08-13 09:15,1407.5,1409.5,-0.14,384600,1416.0,1406.0,1541.5,1169.0
2026-08-13 09:35:33,2026-08-13 09:20,1406.0,1409.5,-0.25,438300,1416.0,1406.0,1541.5,1169.0
2026-08-13 09:40:38,2026-08-13 09:25,1405.5,1409.5,-0.28,484100,1416.0,1404.0,1541.5,1169.0
2026-08-13 09:45:48,2026-08-13 09:30,1409.0,1409.5,-0.04,541100,1416.0,1404.0,1541.5,1169.0
2026-08-13 09:50:40,2026-08-13 09:35,1408.0,1409.5,-0.11,592500,1416.0,1404.0,1541.5,1169.0
2026-08-13 09:55:50,2026-08-13 09:40,1410.0,1409.5,0.04,624100,1416.0,1404.0,1541.5,1169.0
2026-08-13 10:00:32,2026-08-13 09:45,1410.5,1409.5,0.07,663100,1416.0,1404.0,1541.5,1169.0
2026-08-13 10:05:42,2026-08-13 09:50,1411.0,1409.5,0.11,697300,1416.0,1404.0,1541.5,1169.0
2026-08-13 10:10:46,2026-08-13 09:55,1409.5,1409.5,0.0,753600,1416.0,1404.0,1541.5,1169.0
2026-08-13 10:15:30,2026-08-13 10:00,1409.5,1409.5,0.0,784500,1416.0,1404.0,1541.5,1169.0
2026-08-13 10:20:46,2026-08-13 10:05,1407.5,1409.5,-0.14,830100,1416.0,1404.0,1541.5,1169.0
2026-08-13 10:25:33,2026-08-13 10:10,1408.5,1409.5,-0.07,864600,1416.0,1404.0,1541.5,1169.0
2026-08-13 10:30:31,2026-08-13 10:15,1407.5,1409.5,-0.14,899900,1416.0,1404.0,1541.5,1169.0
2026-08-13 10:35:37,2026-08-13 10:20,1407.5,1409.5,-0.14,916700,1416.0,1404.0,1541.5,1169.0
2026-08-13 10:40:33,2026-08-13 10:25,1409.5,1409.5,0.0,963800,1416.0,1404.0,1541.5,1169.0
2026-08-13 10:45:32,2026-08-13 10:30,1408.5,1409.5,-0.07,990400,1416.0,1404.0,1541.5,1169.0
2026-08-13 10:50:31,2026-08-13 10:35,1407.5,1409.5,-0.14,1030600,1416.0,1404.0,1541.5,1169.0
2026-08-13 10:55:42,2026-08-13 10:40,1408.0,1409.5,-0.11,1062300,1416.0,1404.0,1541.5,1169.0
2026-08-13 11:00:36,2026-08-13 10:45,1404.0,1409.5,-0.39,1149700,1416.0,1403.5,1541.5,1169.0
2026-08-13 11:05:36,2026-08-13 10:50,1406.0,1409.5,-0.25,1185600,1416.0,1403.5,1541.5,1169.0
2026-08-13 11:10:34,2026-08-13 10:55,1405.5,1409.5,-0.28,1205300,1416.0,1403.5,1541.5,1169.0
2026-08-13 11:15:47,2026-08-13 11:00,1404.5,1409.5,-0.35,1230000,1416.0,1403.5,1541.5,1169.0
2026-08-13 11:20:35,2026-08-13 11:05,1405.0,1409.5,-0.32,1248400,1416.0,1403.5,1541.5,1169.0
2026-08-13 11:25:33,2026-08-13 11:10,1405.5,1409.5,-0.28,1271700,1416.0,1403.5,1541.5,1169.0
2026-08-13 11:30:35,2026-08-13 11:15,1406.0,1409.5,-0.25,1296300,1416.0,1403.5,1541.5,1169.0
2026-08-13 12:30:38,2026-08-13 11:30,1400.5,1409.5,-0.64,1401400,1416.0,1400.5,1541.5,1169.0
2026-08-13 12:35:37,2026-08-13 11:30,1400.5,1409.5,-0.64,1401400,1416.0,1400.5,1541.5,1169.0
2026-08-13 12:40:37,2026-08-13 11:30,1400.5,1409.5,-0.64,1401400,1416.0,1400.5,1541.5,1169.0
2026-08-13 12:45:48,2026-08-13 12:30,1401.5,1409.5,-0.57,1521200,1416.0,1400.5,1541.5,1169.0
2026-08-13 12:50:31,2026-08-13 12:35,1403.0,1409.5,-0.46,1573600,1416.0,1400.5,1541.5,1169.0
2026-08-13 12:55:40,2026-08-13 12:40,1403.0,1409.5,-0.46,1593100,1416.0,1400.5,1541.5,1169.0
2026-08-13 13:00:42,2026-08-13 12:45,1404.5,1409.5,-0.35,1620800,1416.0,1400.5,1541.5,1169.0
2026-08-13 13:05:36,2026-08-13 12:50,1404.0,1409.5,-0.39,1648100,1416.0,1400.5,1541.5,1169.0
2026-08-13 13:10:46,2026-08-13 12:55,1403.5,1409.5,-0.43,1664900,1416.0,1400.5,1541.5,1169.0
2026-08-13 13:15:39,2026-08-13 13:00,1405.5,1409.5,-0.28,1680500,1416.0,1400.5,1541.5,1169.0
2026-08-13 13:20:39,2026-08-13 13:05,1407.0,1409.5,-0.18,1725600,1416.0,1400.5,1541.5,1169.0
2026-08-13 13:26:02,2026-08-13 13:10,1407.0,1409.5,-0.18,1769700,1416.0,1400.5,1541.5,1169.0
2026-08-13 13:30:36,2026-08-13 13:15,1407.5,1409.5,-0.14,1787000,1416.0,1400.5,1541.5,1169.0
2026-08-13 13:35:34,2026-08-13 13:20,1408.0,1409.5,-0.11,1802600,1416.0,1400.5,1541.5,1169.0
2026-08-13 13:40:41,2026-08-13 13:25,1408.0,1409.5,-0.11,1817300,1416.0,1400.5,1541.5,1169.0
2026-08-13 13:45:40,2026-08-13 13:30,1409.0,1409.5,-0.04,1844600,1416.0,1400.5,1541.5,1169.0
2026-08-13 13:51:05,2026-08-13 13:35,1408.0,1409.5,-0.11,1859300,1416.0,1400.5,1541.5,1169.0
2026-08-13 13:55:37,2026-08-13 13:40,1409.5,1409.5,0.0,1887400,1416.0,1400.5,1541.5,1169.0
2026-08-13 14:00:39,2026-08-13 13:45,1410.5,1409.5,0.07,1921400,1416.0,1400.5,1541.5,1169.0
2026-08-13 14:05:49,2026-08-13 13:50,1411.5,1409.5,0.14,1954500,1416.0,1400.5,1541.5,1169.0
2026-08-13 14:10:37,2026-08-13 13:55,1411.0,1409.5,0.11,2007100,1416.0,1400.5,1541.5,1169.0
2026-08-13 14:15:43,2026-08-13 14:00,1410.0,1409.5,0.04,2039100,1416.0,1400.5,1541.5,1169.0
2026-08-13 14:20:43,2026-08-13 14:05,1410.5,1409.5,0.07,2063800,1416.0,1400.5,1541.5,1169.0
2026-08-13 14:25:34,2026-08-13 14:10,1412.0,1409.5,0.18,2089600,1416.0,1400.5,1541.5,1169.0
2026-08-13 14:30:38,2026-08-13 14:15,1413.5,1409.5,0.28,2143400,1416.0,1400.5,1541.5,1169.0
2026-08-13 14:35:34,2026-08-13 14:20,1413.5,1409.5,0.28,2177500,1416.0,1400.5,1541.5,1169.0
2026-08-13 14:40:41,2026-08-13 14:25,1413.5,1409.5,0.28,2206300,1416.0,1400.5,1541.5,1169.0
2026-08-13 14:45:41,2026-08-13 14:30,1414.5,1409.5,0.35,2230900,1416.0,1400.5,1541.5,1169.0
2026-08-13 14:50:37,2026-08-13 14:35,1414.0,1409.5,0.32,2302000,1416.0,1400.5,1541.5,1169.0
2026-08-13 14:55:59,2026-08-13 14:40,1414.5,1409.5,0.35,2316600,1416.0,1400.5,1541.5,1169.0
2026-08-13 15:01:02,2026-08-13 14:45,1414.5,1409.5,0.35,2349600,1416.0,1400.5,1541.5,1169.0
2026-08-13 15:05:35,2026-08-13 14:50,1413.5,1409.5,0.28,2365200,1416.0,1400.5,1541.5,1169.0
2026-08-13 15:10:34,2026-08-13 14:55,1415.5,1409.5,0.43,2401500,1416.0,1400.5,1541.5,1169.0
2026-08-13 15:16:01,2026-08-13 15:00,1416.5,1409.5,0.5,2447900,1416.5,1400.5,1541.5,1169.0
2026-08-13 15:20:37,2026-08-13 15:05,1417.0,1409.5,0.53,2498500,1417.0,1400.5,1541.5,1169.0
2026-08-13 15:25:52,2026-08-13 15:10,1417.0,1409.5,0.53,2542200,1417.5,1400.5,1541.5,1169.0
2026-08-13 15:30:35,2026-08-13 15:15,1418.0,1409.5,0.6,2597400,1418.5,1400.5,1541.5,1169.0
2026-08-13 15:40:40,2026-08-13 15:24,1418.5,1409.5,0.64,2721800,1419.0,1400.5,1541.5,1169.0
2026-08-14 09:05:35,2026-08-13 15:30,1418.5,1409.5,0.64,3539000,1419.0,1400.5,1541.5,1169.0
2026-08-14 09:11:29,2026-08-13 15:30,1418.5,1409.5,0.64,3539000,1419.0,1400.5,1541.5,1169.0
2026-08-14 09:15:42,2026-08-14 09:00,1418.5,1409.5,0.64,3688700,1411.5,1407.0,1541.5,1169.0
2026-08-14 09:20:30,2026-08-14 09:05,1410.0,1418.5,-0.6,257000,1412.5,1406.5,1541.5,1169.0
2026-08-14 09:25:32,2026-08-14 09:10,1409.0,1418.5,-0.67,300800,1412.5,1406.5,1541.5,1169.0
2026-08-14 09:30:51,2026-08-14 09:15,1407.5,1418.5,-0.78,371100,1412.5,1405.5,1541.5,1169.0
2026-08-14 09:35:32,2026-08-14 09:20,1411.0,1418.5,-0.53,439900,1413.5,1405.5,1541.5,1169.0
2026-08-14 09:40:38,2026-08-14 09:25,1414.5,1418.5,-0.28,485900,1415.0,1405.5,1541.5,1169.0
2026-08-14 09:45:40,2026-08-14 09:30,1407.5,1418.5,-0.78,541900,1415.0,1405.5,1541.5,1169.0
2026-08-14 09:50:35,2026-08-14 09:35,1408.0,1418.5,-0.74,630000,1415.0,1405.5,1541.5,1169.0
2026-08-14 09:55:31,2026-08-14 09:40,1404.5,1418.5,-0.99,776500,1415.0,1404.5,1541.5,1169.0
2026-08-14 10:00:31,2026-08-14 09:45,1404.5,1418.5,-0.99,850400,1415.0,1402.5,1541.5,1169.0
2026-08-14 10:05:46,2026-08-14 09:50,1405.0,1418.5,-0.95,903400,1415.0,1402.5,1541.5,1169.0
2026-08-14 10:10:49,2026-08-14 09:55,1405.0,1418.5,-0.95,935600,1415.0,1402.5,1541.5,1169.0
2026-08-14 10:15:49,2026-08-14 10:00,1408.0,1418.5,-0.74,980200,1415.0,1402.5,1541.5,1169.0
2026-08-14 10:20:32,2026-08-14 10:05,1407.5,1418.5,-0.78,1035600,1415.0,1402.5,1541.5,1169.0
2026-08-14 10:25:35,2026-08-14 10:10,1410.5,1418.5,-0.56,1173900,1415.0,1402.5,1541.5,1169.0
2026-08-14 10:30:35,2026-08-14 10:15,1411.5,1418.5,-0.49,1228100,1415.0,1402.5,1541.5,1169.0
2026-08-14 10:35:40,2026-08-14 10:18,1413.0,1418.5,-0.39,1255900,1415.0,1402.5,1541.5,1169.0
2026-08-14 10:40:36,2026-08-14 10:25,1411.0,1418.5,-0.53,1338100,1415.0,1402.5,1541.5,1169.0
2026-08-14 10:45:42,2026-08-14 10:30,1410.5,1418.5,-0.56,1381400,1415.0,1402.5,1541.5,1169.0
2026-08-14 10:50:40,2026-08-14 10:35,1410.5,1418.5,-0.56,1393700,1415.0,1402.5,1541.5,1169.0
2026-08-14 10:55:43,2026-08-14 10:40,1411.0,1418.5,-0.53,1415700,1415.0,1402.5,1541.5,1169.0
2026-08-14 11:00:36,2026-08-14 10:45,1409.5,1418.5,-0.63,1444400,1415.0,1402.5,1541.5,1169.0
2026-08-14 11:05:43,2026-08-14 10:50,1410.0,1418.5,-0.6,1471500,1415.0,1402.5,1541.5,1169.0
2026-08-14 11:10:30,2026-08-14 10:55,1410.0,1418.5,-0.6,1487400,1415.0,1402.5,1541.5,1169.0
2026-08-14 11:15:34,2026-08-14 11:00,1408.5,1418.5,-0.7,1517600,1415.0,1402.5,1541.5,1169.0
2026-08-14 11:20:33,2026-08-14 11:05,1408.0,1418.5,-0.74,1543500,1415.0,1402.5,1541.5,1169.0
2026-08-14 11:25:38,2026-08-14 11:10,1406.0,1418.5,-0.88,1572500,1415.0,1402.5,1541.5,1169.0
2026-08-14 11:30:44,2026-08-14 11:15,1407.0,1418.5,-0.81,1603700,1415.0,1402.5,1541.5,1169.0
2026-08-14 12:30:34,2026-08-14 11:30,1408.0,1418.5,-0.74,1661400,1415.0,1402.5,1541.5,1169.0
2026-08-14 12:35:35,2026-08-14 11:30,1408.0,1418.5,-0.74,1661400,1415.0,1402.5,1541.5,1169.0
2026-08-14 12:40:36,2026-08-14 11:30,1408.0,1418.5,-0.74,1661400,1415.0,1402.5,1541.5,1169.0
2026-08-14 12:45:40,2026-08-14 11:30,1408.0,1418.5,-0.74,1661400,1415.0,1402.5,1541.5,1169.0
2026-08-14 12:50:32,2026-08-14 12:35,1408.0,1418.5,-0.74,1806900,1415.0,1402.5,1541.5,1169.0
2026-08-14 12:55:35,2026-08-14 12:40,1408.0,1418.5,-0.74,1835000,1415.0,1402.5,1541.5,1169.0
2026-08-14 13:00:38,2026-08-14 12:45,1408.0,1418.5,-0.74,1875200,1415.0,1402.5,1541.5,1169.0
2026-08-14 13:05:37,2026-08-14 12:50,1406.0,1418.5,-0.88,1921200,1415.0,1402.5,1541.5,1169.0
2026-08-14 13:10:33,2026-08-14 12:55,1407.0,1418.5,-0.81,1950100,1415.0,1402.5,1541.5,1169.0
2026-08-14 13:15:37,2026-08-14 13:00,1405.0,1418.5,-0.95,2036700,1415.0,1402.5,1541.5,1169.0
2026-08-14 13:20:36,2026-08-14 13:05,1405.0,1418.5,-0.95,2106500,1415.0,1402.5,1541.5,1169.0
2026-08-14 13:25:35,2026-08-14 13:10,1406.0,1418.5,-0.88,2175500,1415.0,1402.5,1541.5,1169.0
2026-08-14 13:30:33,2026-08-14 13:15,1406.5,1418.5,-0.85,2187700,1415.0,1402.5,1541.5,1169.0
2026-08-14 13:35:37,2026-08-14 13:20,1406.5,1418.5,-0.85,2203200,1415.0,1402.5,1541.5,1169.0
2026-08-14 13:40:42,2026-08-14 13:25,1406.5,1418.5,-0.85,2215500,1415.0,1402.5,1541.5,1169.0
2026-08-14 13:45:42,2026-08-14 13:30,1407.0,1418.5,-0.81,2247200,1415.0,1402.5,1541.5,1169.0
2026-08-14 13:50:39,2026-08-14 13:35,1406.5,1418.5,-0.85,2253000,1415.0,1402.5,1541.5,1169.0
2026-08-14 13:55:39,2026-08-14 13:40,1406.0,1418.5,-0.88,2259800,1415.0,1402.5,1541.5,1169.0
2026-08-14 14:00:40,2026-08-14 13:45,1406.0,1418.5,-0.88,2265500,1415.0,1402.5,1541.5,1169.0
2026-08-14 14:05:43,2026-08-14 13:50,1405.0,1418.5,-0.95,2340000,1415.0,1402.5,1541.5,1169.0
2026-08-14 14:10:35,2026-08-14 13:55,1405.0,1418.5,-0.95,2364000,1415.0,1402.5,1541.5,1169.0
2026-08-14 14:15:50,2026-08-14 14:00,1404.5,1418.5,-0.99,2409400,1415.0,1402.5,1541.5,1169.0
2026-08-14 14:20:39,2026-08-14 14:02,1404.5,1418.5,-0.99,2433200,1415.0,1402.5,1541.5,1169.0
2026-08-14 14:26:02,2026-08-14 14:10,1406.0,1418.5,-0.88,2487600,1415.0,1402.5,1541.5,1169.0
2026-08-14 14:30:36,2026-08-14 14:14,1405.5,1418.5,-0.92,2505600,1415.0,1402.5,1541.5,1169.0
2026-08-14 14:35:33,2026-08-14 14:20,1405.5,1418.5,-0.92,2522900,1415.0,1402.5,1541.5,1169.0
2026-08-14 14:40:40,2026-08-14 14:25,1405.5,1418.5,-0.92,2532600,1415.0,1402.5,1541.5,1169.0
2026-08-14 14:45:55,2026-08-14 14:30,1405.5,1418.5,-0.92,2556800,1415.0,1402.5,1541.5,1169.0
2026-08-14 14:50:41,2026-08-14 14:35,1404.5,1418.5,-0.99,2599600,1415.0,1402.5,1541.5,1169.0
2026-08-14 14:55:47,2026-08-14 14:40,1403.0,1418.5,-1.09,2761000,1415.0,1402.5,1541.5,1169.0
2026-08-14 15:00:40,2026-08-14 14:45,1403.0,1418.5,-1.09,2786000,1415.0,1402.5,1541.5,1169.0
2026-08-14 15:05:46,2026-08-14 14:50,1403.5,1418.5,-1.06,2814500,1415.0,1402.5,1541.5,1169.0
2026-08-14 15:10:40,2026-08-14 14:55,1403.5,1418.5,-1.06,2831900,1415.0,1402.5,1541.5,1169.0
2026-08-14 15:15:36,2026-08-14 15:00,1404.0,1418.5,-1.02,2880400,1415.0,1402.5,1541.5,1169.0
2026-08-14 15:20:51,2026-08-14 15:05,1403.0,1418.5,-1.09,2907200,1415.0,1402.5,1541.5,1169.0
2026-08-14 15:25:31,2026-08-14 15:10,1404.0,1418.5,-1.02,2957500,1415.0,1402.5,1541.5,1169.0
2026-08-14 15:30:38,2026-08-14 15:15,1403.5,1418.5,-1.06,2996100,1415.0,1402.5,1541.5,1169.0
2026-08-14 15:40:35,2026-08-14 15:24,1404.0,1418.5,-1.02,3099400,1415.0,1402.5,1541.5,1169.0
2026-08-17 09:05:36,2026-08-14 15:30,1401.0,1418.5,-1.23,4253700,1415.0,1401.0,1541.5,1169.0
2026-08-17 09:10:35,2026-08-14 15:30,1401.0,1418.5,-1.23,4253700,1415.0,1401.0,1541.5,1169.0
2026-08-17 09:15:31,2026-08-17 09:00,1397.5,1418.5,-1.48,4556300,1401.5,1397.0,1541.5,1169.0
2026-08-17 09:20:35,2026-08-17 09:05,1396.0,1401.0,-0.36,412300,1403.0,1395.5,1541.5,1169.0
2026-08-17 09:25:41,2026-08-17 09:10,1396.0,1401.0,-0.36,561200,1403.0,1392.0,1541.5,1169.0
2026-08-17 09:30:56,2026-08-17 09:15,1395.0,1401.0,-0.43,629200,1403.0,1392.0,1541.5,1169.0
2026-08-17 09:35:40,2026-08-17 09:20,1394.5,1401.0,-0.46,671600,1403.0,1392.0,1541.5,1169.0
2026-08-17 09:40:40,2026-08-17 09:25,1393.5,1401.0,-0.54,706500,1403.0,1392.0,1541.5,1169.0
2026-08-17 09:45:36,2026-08-17 09:30,1393.0,1401.0,-0.57,763600,1403.0,1392.0,1541.5,1169.0
2026-08-17 09:50:32,2026-08-17 09:35,1391.5,1401.0,-0.68,848900,1403.0,1391.0,1541.5,1169.0
2026-08-17 09:55:30,2026-08-17 09:40,1391.0,1401.0,-0.71,889500,1403.0,1390.0,1541.5,1169.0
2026-08-17 10:00:46,2026-08-17 09:45,1391.5,1401.0,-0.68,930400,1403.0,1390.0,1541.5,1169.0
2026-08-17 10:05:44,2026-08-17 09:50,1392.5,1401.0,-0.61,968100,1403.0,1390.0,1541.5,1169.0
2026-08-17 10:10:41,2026-08-17 09:55,1389.0,1401.0,-0.86,1134900,1403.0,1389.0,1541.5,1169.0
2026-08-17 10:15:31,2026-08-17 10:00,1390.0,1401.0,-0.79,1164400,1403.0,1389.0,1541.5,1169.0
2026-08-17 10:20:40,2026-08-17 10:05,1389.5,1401.0,-0.82,1195300,1403.0,1389.0,1541.5,1169.0
2026-08-17 10:25:36,2026-08-17 10:10,1389.5,1401.0,-0.82,1226800,1403.0,1389.0,1541.5,1169.0
2026-08-17 10:30:32,2026-08-17 10:15,1389.5,1401.0,-0.82,1252500,1403.0,1388.5,1541.5,1169.0
2026-08-17 10:35:32,2026-08-17 10:20,1389.5,1401.0,-0.82,1310600,1403.0,1388.5,1541.5,1169.0
2026-08-17 10:40:36,2026-08-17 10:25,1389.0,1401.0,-0.86,1338300,1403.0,1388.5,1541.5,1169.0
2026-08-17 10:45:35,2026-08-17 10:30,1389.5,1401.0,-0.82,1367800,1403.0,1388.5,1541.5,1169.0
2026-08-17 10:50:40,2026-08-17 10:35,1388.0,1401.0,-0.93,1432000,1403.0,1388.0,1541.5,1169.0
2026-08-17 10:55:45,2026-08-17 10:40,1388.5,1401.0,-0.89,1499900,1403.0,1387.5,1541.5,1169.0
2026-08-17 11:00:32,2026-08-17 10:45,1388.5,1401.0,-0.89,1540300,1403.0,1387.0,1541.5,1169.0
2026-08-17 11:05:43,2026-08-17 10:50,1387.5,1401.0,-0.96,1603400,1403.0,1387.0,1541.5,1169.0
2026-08-17 11:10:35,2026-08-17 10:55,1388.0,1401.0,-0.93,1629900,1403.0,1387.0,1541.5,1169.0
2026-08-17 11:15:38,2026-08-17 11:00,1389.0,1401.0,-0.86,1664200,1403.0,1387.0,1541.5,1169.0
2026-08-17 11:20:38,2026-08-17 11:05,1389.0,1401.0,-0.86,1684100,1403.0,1387.0,1541.5,1169.0
2026-08-17 11:25:42,2026-08-17 11:10,1388.5,1401.0,-0.89,1692600,1403.0,1387.0,1541.5,1169.0
2026-08-17 11:30:38,2026-08-17 11:15,1387.0,1401.0,-1.0,1712700,1403.0,1387.0,1541.5,1169.0
2026-08-17 12:30:35,2026-08-17 11:30,1386.5,1401.0,-1.03,1807800,1403.0,1386.0,1541.5,1169.0
2026-08-17 12:35:35,2026-08-17 11:30,1386.5,1401.0,-1.03,1807800,1403.0,1386.0,1541.5,1169.0
2026-08-17 12:40:38,2026-08-17 11:30,1386.5,1401.0,-1.03,1807800,1403.0,1386.0,1541.5,1169.0
2026-08-17 12:45:34,2026-08-17 11:30,1386.5,1401.0,-1.03,1807800,1403.0,1386.0,1541.5,1169.0
2026-08-17 12:50:44,2026-08-17 12:35,1387.0,1401.0,-1.0,1913100,1403.0,1386.0,1541.5,1169.0
2026-08-17 12:55:33,2026-08-17 12:40,1386.5,1401.0,-1.03,1947500,1403.0,1386.0,1541.5,1169.0
2026-08-17 13:00:45,2026-08-17 12:45,1387.5,1401.0,-0.96,1999900,1403.0,1386.0,1541.5,1169.0
2026-08-17 13:05:41,2026-08-17 12:50,1386.5,1401.0,-1.03,2026700,1403.0,1386.0,1541.5,1169.0
2026-08-17 13:10:38,2026-08-17 12:55,1386.0,1401.0,-1.07,2099800,1403.0,1385.5,1541.5,1169.0
2026-08-17 13:15:44,2026-08-17 13:00,1386.0,1401.0,-1.07,2117100,1403.0,1385.5,1541.5,1169.0
2026-08-17 13:20:43,2026-08-17 13:05,1384.5,1401.0,-1.18,2268300,1403.0,1384.0,1541.5,1169.0
2026-08-17 13:25:42,2026-08-17 13:10,1384.5,1401.0,-1.18,2293900,1403.0,1384.0,1541.5,1169.0
2026-08-17 13:30:36,2026-08-17 13:15,1384.5,1401.0,-1.18,2358300,1403.0,1384.0,1541.5,1169.0
2026-08-17 13:35:34,2026-08-17 13:20,1384.5,1401.0,-1.18,2387800,1403.0,1384.0,1541.5,1169.0
2026-08-17 13:40:36,2026-08-17 13:25,1385.5,1401.0,-1.11,2408100,1403.0,1384.0,1541.5,1169.0
2026-08-17 13:45:34,2026-08-17 13:30,1386.0,1401.0,-1.07,2458600,1403.0,1384.0,1541.5,1169.0
2026-08-17 13:50:38,2026-08-17 13:35,1387.0,1401.0,-1.0,2478800,1403.0,1384.0,1541.5,1169.0
2026-08-17 13:55:31,2026-08-17 13:40,1386.5,1401.0,-1.03,2502000,1403.0,1384.0,1541.5,1169.0
2026-08-17 14:00:47,2026-08-17 13:45,1385.5,1401.0,-1.11,2534000,1403.0,1384.0,1541.5,1169.0
2026-08-17 14:05:43,2026-08-17 13:50,1386.5,1401.0,-1.03,2571200,1403.0,1384.0,1541.5,1169.0
2026-08-17 14:10:36,2026-08-17 13:55,1385.5,1401.0,-1.11,2583200,1403.0,1384.0,1541.5,1169.0
2026-08-17 14:15:39,2026-08-17 14:00,1385.0,1401.0,-1.14,2592900,1403.0,1384.0,1541.5,1169.0
2026-08-17 14:20:39,2026-08-17 14:05,1385.0,1401.0,-1.14,2641700,1403.0,1384.0,1541.5,1169.0
2026-08-17 14:25:47,2026-08-17 14:10,1385.0,1401.0,-1.14,2653900,1403.0,1384.0,1541.5,1169.0
2026-08-17 14:30:38,2026-08-17 14:15,1385.0,1401.0,-1.14,2671100,1403.0,1384.0,1541.5,1169.0
2026-08-17 14:35:32,2026-08-17 14:20,1385.0,1401.0,-1.14,2700700,1403.0,1384.0,1541.5,1169.0
2026-08-17 14:40:35,2026-08-17 14:25,1386.5,1401.0,-1.03,2747500,1403.0,1384.0,1541.5,1169.0
2026-08-17 14:45:34,2026-08-17 14:30,1386.0,1401.0,-1.07,2771700,1403.0,1384.0,1541.5,1169.0
2026-08-17 14:50:34,2026-08-17 14:35,1385.5,1401.0,-1.11,2775300,1403.0,1384.0,1541.5,1169.0
2026-08-17 14:55:34,2026-08-17 14:40,1385.0,1401.0,-1.14,2812300,1403.0,1384.0,1541.5,1169.0
2026-08-17 15:00:36,2026-08-17 14:45,1385.0,1401.0,-1.14,2840700,1403.0,1384.0,1541.5,1169.0
2026-08-17 15:05:33,2026-08-17 14:50,1385.0,1401.0,-1.14,2854300,1403.0,1384.0,1541.5,1169.0
2026-08-17 15:10:34,2026-08-17 14:55,1386.5,1401.0,-1.03,2923700,1403.0,1384.0,1541.5,1169.0
2026-08-17 15:15:35,2026-08-17 15:00,1385.5,1401.0,-1.11,2960800,1403.0,1384.0,1541.5,1169.0
2026-08-17 15:20:33,2026-08-17 15:05,1384.5,1401.0,-1.18,3009900,1403.0,1384.0,1541.5,1169.0
2026-08-17 15:25:42,2026-08-17 15:10,1385.0,1401.0,-1.14,3059300,1403.0,1384.0,1541.5,1169.0
2026-08-17 15:30:34,2026-08-17 15:15,1384.5,1401.0,-1.18,3130400,1403.0,1384.0,1541.5,1169.0
2026-08-17 15:40:45,2026-08-17 15:24,1386.5,1401.0,-1.03,3264000,1403.0,1384.0,1541.5,1169.0
2026-08-18 09:05:39,2026-08-17 15:30,1385.5,1401.0,-1.11,3934000,1403.0,1384.0,1541.5,1169.0
2026-08-18 09:11:31,2026-08-17 15:30,1385.5,1401.0,-1.11,3934000,1403.0,1384.0,1541.5,1169.0
2026-08-18 09:15:37,2026-08-18 09:00,1385.5,1401.0,-1.11,4176100,1384.5,1379.0,1541.5,1169.0
2026-08-18 09:20:37,2026-08-18 09:05,1381.0,1385.5,-0.32,342900,1385.5,1379.0,1541.5,1169.0
2026-08-18 09:25:45,2026-08-18 09:10,1383.0,1385.5,-0.18,391800,1385.5,1379.0,1541.5,1169.0
2026-08-18 09:46:05,2026-08-18 09:31,1381.0,1385.5,-0.32,559100,1386.0,1379.0,1541.5,1169.0
2026-08-18 09:52:21,2026-08-18 09:37,1380.5,1385.5,-0.36,666400,1386.0,1379.0,1541.5,1169.0
2026-08-18 09:55:35,2026-08-18 09:40,1378.0,1385.5,-0.54,781100,1386.0,1377.5,1541.5,1169.0
2026-08-18 10:00:37,2026-08-18 09:45,1378.5,1385.5,-0.51,839500,1386.0,1377.0,1541.5,1169.0
2026-08-18 10:05:37,2026-08-18 09:50,1377.0,1385.5,-0.61,887200,1386.0,1377.0,1541.5,1169.0
2026-08-18 10:10:54,2026-08-18 09:55,1373.0,1385.5,-0.9,1016900,1386.0,1373.0,1541.5,1169.0
2026-08-18 10:15:38,2026-08-18 10:00,1374.5,1385.5,-0.79,1116300,1386.0,1372.5,1541.5,1169.0
2026-08-18 10:31:42,2026-08-18 10:16,1377.5,1385.5,-0.58,1251900,1386.0,1372.5,1541.5,1169.0
2026-08-18 10:33:37,2026-08-18 10:18,1377.0,1385.5,-0.61,1259100,1386.0,1372.5,1541.5,1169.0
2026-08-18 10:41:01,2026-08-18 10:26,1378.5,1385.5,-0.51,1301700,1386.0,1372.5,1541.5,1169.0
2026-08-18 10:41:41,2026-08-18 10:26,1379.0,1385.5,-0.47,1307200,1386.0,1372.5,1541.5,1169.0
2026-08-18 10:45:42,2026-08-18 10:30,1378.0,1385.5,-0.54,1316400,1386.0,1372.5,1541.5,1169.0
2026-08-18 11:21:16,2026-08-18 11:05,1379.5,1385.5,-0.43,1508900,1386.0,1372.5,1541.5,1169.0
2026-08-18 11:25:38,2026-08-18 11:10,1381.0,1385.5,-0.32,1544100,1386.0,1372.5,1541.5,1169.0
2026-08-18 12:42:01,2026-08-18 11:30,1383.0,1385.5,-0.18,1673600,1386.0,1372.5,1541.5,1169.0
2026-08-18 12:47:12,2026-08-18 12:32,1384.0,1385.5,-0.11,1768000,1386.0,1372.5,1541.5,1169.0
2026-08-18 12:50:44,2026-08-18 12:35,1383.0,1385.5,-0.18,1802000,1386.0,1372.5,1541.5,1169.0
2026-08-18 12:55:53,2026-08-18 12:40,1381.5,1385.5,-0.29,1860100,1386.0,1372.5,1541.5,1169.0
2026-08-18 13:02:56,2026-08-18 12:47,1383.0,1385.5,-0.18,1899500,1386.0,1372.5,1541.5,1169.0
2026-08-18 13:05:42,2026-08-18 12:50,1383.0,1385.5,-0.18,1911300,1386.0,1372.5,1541.5,1169.0
2026-08-18 13:10:59,2026-08-18 12:55,1382.5,1385.5,-0.22,1928000,1386.0,1372.5,1541.5,1169.0
2026-08-18 13:16:27,2026-08-18 13:01,1383.0,1385.5,-0.18,1967700,1386.0,1372.5,1541.5,1169.0
2026-08-18 13:22:10,2026-08-18 13:07,1382.5,1385.5,-0.22,2028400,1386.0,1372.5,1541.5,1169.0
2026-08-18 13:25:56,2026-08-18 13:10,1382.5,1385.5,-0.22,2050700,1386.0,1372.5,1541.5,1169.0
2026-08-18 13:30:44,2026-08-18 13:15,1382.0,1385.5,-0.25,2061700,1386.0,1372.5,1541.5,1169.0
2026-08-18 13:35:32,2026-08-18 13:20,1382.0,1385.5,-0.25,2096800,1386.0,1372.5,1541.5,1169.0
2026-08-18 13:40:38,2026-08-18 13:24,1382.0,1385.5,-0.25,2116600,1386.0,1372.5,1541.5,1169.0
2026-08-18 13:45:37,2026-08-18 13:30,1381.5,1385.5,-0.29,2151600,1386.0,1372.5,1541.5,1169.0
2026-08-18 13:50:35,2026-08-18 13:35,1380.5,1385.5,-0.36,2176500,1386.0,1372.5,1541.5,1169.0
2026-08-18 13:55:37,2026-08-18 13:40,1380.0,1385.5,-0.4,2255400,1386.0,1372.5,1541.5,1169.0
2026-08-18 14:00:41,2026-08-18 13:45,1379.0,1385.5,-0.47,2266000,1386.0,1372.5,1541.5,1169.0
2026-08-18 14:05:38,2026-08-18 13:50,1380.0,1385.5,-0.4,2301800,1386.0,1372.5,1541.5,1169.0
2026-08-18 14:10:43,2026-08-18 13:55,1381.0,1385.5,-0.32,2312600,1386.0,1372.5,1541.5,1169.0
2026-08-18 14:15:37,2026-08-18 14:00,1381.0,1385.5,-0.32,2330600,1386.0,1372.5,1541.5,1169.0
2026-08-18 14:20:35,2026-08-18 14:05,1380.5,1385.5,-0.36,2359800,1386.0,1372.5,1541.5,1169.0
2026-08-18 14:26:07,2026-08-18 14:11,1381.5,1385.5,-0.29,2398300,1386.0,1372.5,1541.5,1169.0
2026-08-18 14:30:41,2026-08-18 14:15,1381.5,1385.5,-0.29,2400100,1386.0,1372.5,1541.5,1169.0
2026-08-18 14:35:30,2026-08-18 14:20,1382.0,1385.5,-0.25,2417400,1386.0,1372.5,1541.5,1169.0
2026-08-18 14:42:14,2026-08-18 14:26,1381.5,1385.5,-0.29,2465500,1386.0,1372.5,1541.5,1169.0
2026-08-18 14:45:39,2026-08-18 14:30,1382.0,1385.5,-0.25,2488600,1386.0,1372.5,1541.5,1169.0
2026-08-18 14:51:09,2026-08-18 14:35,1382.0,1385.5,-0.25,2507100,1386.0,1372.5,1541.5,1169.0
2026-08-18 14:55:39,2026-08-18 14:40,1381.0,1385.5,-0.32,2523200,1386.0,1372.5,1541.5,1169.0
2026-08-18 15:00:40,2026-08-18 14:45,1381.5,1385.5,-0.29,2545100,1386.0,1372.5,1541.5,1169.0
2026-08-18 15:08:15,2026-08-18 14:53,1381.5,1385.5,-0.29,2567900,1386.0,1372.5,1541.5,1169.0
2026-08-18 15:10:42,2026-08-18 14:55,1381.5,1385.5,-0.29,2576100,1386.0,1372.5,1541.5,1169.0
2026-08-18 15:15:41,2026-08-18 15:00,1380.5,1385.5,-0.36,2624900,1386.0,1372.5,1541.5,1169.0
2026-08-18 15:20:34,2026-08-18 15:05,1380.5,1385.5,-0.36,2678700,1386.0,1372.5,1541.5,1169.0
2026-08-18 15:25:55,2026-08-18 15:10,1381.5,1385.5,-0.29,2738500,1386.0,1372.5,1541.5,1169.0
2026-08-18 15:30:37,2026-08-18 15:14,1382.0,1385.5,-0.25,2788600,1386.0,1372.5,1541.5,1169.0
2026-08-18 15:40:42,2026-08-18 15:24,1381.0,1385.5,-0.32,2883200,1386.0,1372.5,1541.5,1169.0
2026-08-19 09:05:37,2026-08-18 15:30,1382.0,1385.5,-0.25,3602100,1386.0,1372.5,1541.5,1169.0
2026-08-19 09:10:43,2026-08-18 15:30,1382.0,1385.5,-0.25,3602100,1386.0,1372.5,1541.5,1169.0
2026-08-19 09:15:37,2026-08-19 09:00,1382.0,1385.5,-0.25,3770200,1382.5,1376.5,1541.5,1169.0
2026-08-19 09:20:32,2026-08-19 09:05,1372.0,1382.0,-0.72,312000,1382.5,1371.0,1541.5,1169.0
2026-08-19 09:26:04,2026-08-19 09:11,1370.0,1382.0,-0.87,510100,1382.5,1369.5,1541.5,1169.0
2026-08-19 09:30:39,2026-08-19 09:15,1370.0,1382.0,-0.87,633300,1382.5,1368.0,1541.5,1169.0
2026-08-19 09:35:40,2026-08-19 09:20,1368.0,1382.0,-1.01,729800,1382.5,1367.0,1541.5,1169.0
2026-08-19 09:40:31,2026-08-19 09:25,1368.0,1382.0,-1.01,820100,1382.5,1367.0,1541.5,1169.0
2026-08-19 09:45:36,2026-08-19 09:30,1373.0,1382.0,-0.65,908900,1382.5,1367.0,1541.5,1169.0
2026-08-19 09:50:46,2026-08-19 09:35,1373.5,1382.0,-0.62,985900,1382.5,1367.0,1541.5,1169.0
2026-08-19 09:56:26,2026-08-19 09:41,1374.5,1382.0,-0.54,1063700,1382.5,1367.0,1541.5,1169.0
2026-08-19 10:00:45,2026-08-19 09:45,1374.0,1382.0,-0.58,1104500,1382.5,1367.0,1541.5,1169.0
2026-08-19 10:05:44,2026-08-19 09:50,1372.0,1382.0,-0.72,1163500,1382.5,1367.0,1541.5,1169.0
2026-08-19 10:11:03,2026-08-19 09:56,1372.0,1382.0,-0.72,1224400,1382.5,1367.0,1541.5,1169.0
2026-08-19 10:15:31,2026-08-19 10:00,1371.0,1382.0,-0.8,1240800,1382.5,1367.0,1541.5,1169.0
2026-08-19 10:20:36,2026-08-19 10:05,1369.5,1382.0,-0.9,1319600,1382.5,1367.0,1541.5,1169.0
2026-08-19 10:25:38,2026-08-19 10:10,1369.0,1382.0,-0.94,1358400,1382.5,1367.0,1541.5,1169.0
2026-08-19 10:30:45,2026-08-19 10:15,1368.5,1382.0,-0.98,1388400,1382.5,1367.0,1541.5,1169.0
2026-08-19 10:35:39,2026-08-19 10:20,1368.0,1382.0,-1.01,1420900,1382.5,1367.0,1541.5,1169.0
2026-08-19 10:40:43,2026-08-19 10:25,1369.0,1382.0,-0.94,1513000,1382.5,1367.0,1541.5,1169.0
2026-08-19 10:45:36,2026-08-19 10:30,1370.0,1382.0,-0.87,1604700,1382.5,1367.0,1541.5,1169.0
2026-08-19 10:50:42,2026-08-19 10:35,1370.5,1382.0,-0.83,1638100,1382.5,1367.0,1541.5,1169.0
2026-08-19 11:11:53,2026-08-19 10:56,1370.5,1382.0,-0.83,1793900,1382.5,1367.0,1541.5,1169.0
2026-08-19 11:16:04,2026-08-19 11:01,1370.0,1382.0,-0.87,1813000,1382.5,1367.0,1541.5,1169.0
2026-08-19 11:22:15,2026-08-19 11:06,1371.5,1382.0,-0.76,1856000,1382.5,1367.0,1541.5,1169.0
2026-08-19 12:45:55,2026-08-19 12:30,1369.5,1382.0,-0.9,2030100,1382.5,1367.0,1541.5,1169.0
2026-08-19 12:51:31,2026-08-19 12:36,1371.0,1382.0,-0.8,2084600,1382.5,1367.0,1541.5,1169.0
2026-08-19 12:55:31,2026-08-19 12:40,1370.0,1382.0,-0.87,2110600,1382.5,1367.0,1541.5,1169.0
2026-08-19 13:06:28,2026-08-19 12:51,1370.0,1382.0,-0.87,2169200,1382.5,1367.0,1541.5,1169.0
2026-08-19 13:07:06,2026-08-19 12:52,1370.0,1382.0,-0.87,2170300,1382.5,1367.0,1541.5,1169.0
2026-08-19 13:10:45,2026-08-19 12:55,1370.0,1382.0,-0.87,2180900,1382.5,1367.0,1541.5,1169.0
2026-08-19 13:15:36,2026-08-19 13:00,1370.0,1382.0,-0.87,2209700,1382.5,1367.0,1541.5,1169.0
2026-08-19 13:20:33,2026-08-19 13:05,1370.0,1382.0,-0.87,2268300,1382.5,1367.0,1541.5,1169.0
2026-08-19 13:25:35,2026-08-19 13:10,1368.5,1382.0,-0.98,2297200,1382.5,1367.0,1541.5,1169.0
2026-08-19 13:33:30,2026-08-19 13:18,1367.0,1382.0,-1.09,2781600,1382.5,1364.5,1541.5,1169.0
2026-08-19 13:38:58,2026-08-19 13:23,1367.0,1382.0,-1.09,2809900,1382.5,1364.5,1541.5,1169.0
2026-08-19 13:43:33,2026-08-19 13:28,1368.0,1382.0,-1.01,2821200,1382.5,1364.5,1541.5,1169.0
2026-08-19 13:57:06,2026-08-19 13:42,1369.5,1382.0,-0.9,2905200,1382.5,1364.5,1541.5,1169.0
2026-08-19 14:03:37,2026-08-19 13:48,1370.0,1382.0,-0.87,2944500,1382.5,1364.5,1541.5,1169.0
2026-08-19 14:20:57,2026-08-19 14:05,1369.5,1382.0,-0.9,3003800,1382.5,1364.5,1541.5,1169.0
2026-08-19 14:24:10,2026-08-19 14:08,1369.5,1382.0,-0.9,3019200,1382.5,1364.5,1541.5,1169.0
2026-08-19 14:27:56,2026-08-19 14:12,1369.0,1382.0,-0.94,3022100,1382.5,1364.5,1541.5,1169.0
2026-08-19 14:33:11,2026-08-19 14:17,1368.5,1382.0,-0.98,3043300,1382.5,1364.5,1541.5,1169.0
2026-08-19 14:35:38,2026-08-19 14:20,1368.5,1382.0,-0.98,3044800,1382.5,1364.5,1541.5,1169.0
2026-08-19 14:49:48,2026-08-19 14:34,1367.0,1382.0,-1.09,3130300,1382.5,1364.5,1541.5,1169.0
2026-08-19 14:50:31,2026-08-19 14:35,1367.0,1382.0,-1.09,3130400,1382.5,1364.5,1541.5,1169.0
2026-08-19 14:51:15,2026-08-19 14:36,1367.5,1382.0,-1.05,3145500,1382.5,1364.5,1541.5,1169.0
2026-08-19 14:55:42,2026-08-19 14:40,1367.5,1382.0,-1.05,3160100,1382.5,1364.5,1541.5,1169.0
2026-08-19 15:00:32,2026-08-19 14:45,1366.5,1382.0,-1.12,3229800,1382.5,1364.5,1541.5,1169.0
2026-08-19 15:05:45,2026-08-19 14:50,1366.5,1382.0,-1.12,3249700,1382.5,1364.5,1541.5,1169.0
2026-08-19 15:10:45,2026-08-19 14:55,1366.0,1382.0,-1.16,3283500,1382.5,1364.5,1541.5,1169.0
2026-08-19 15:16:13,2026-08-19 15:01,1367.0,1382.0,-1.09,3337100,1382.5,1364.5,1541.5,1169.0
2026-08-19 15:20:56,2026-08-19 15:05,1366.5,1382.0,-1.12,3386300,1382.5,1364.5,1541.5,1169.0
2026-08-19 15:41:44,2026-08-19 15:24,1369.5,1382.0,-0.9,3631500,1382.5,1364.5,1541.5,1169.0
2026-08-20 09:06:42,2026-08-19 15:30,1373.0,1382.0,-0.65,4558800,1382.5,1364.5,1541.5,1169.0
2026-08-20 09:10:49,2026-08-19 15:30,1373.0,1382.0,-0.65,4558800,1382.5,1364.5,1541.5,1169.0
2026-08-20 09:15:41,2026-08-20 09:00,1373.0,1382.0,-0.65,4658500,1377.5,1374.0,1541.5,1169.0
2026-08-20 09:21:43,2026-08-20 09:06,1371.0,1373.0,-0.15,270000,1378.5,1371.0,1541.5,1169.0
2026-08-20 09:25:34,2026-08-20 09:10,1370.5,1373.0,-0.18,355200,1378.5,1370.0,1541.5,1169.0
2026-08-20 09:30:37,2026-08-20 09:15,1372.5,1373.0,-0.04,452900,1378.5,1367.5,1541.5,1169.0
2026-08-20 09:35:46,2026-08-20 09:20,1370.0,1373.0,-0.22,512000,1378.5,1367.5,1541.5,1169.0
2026-08-20 09:40:33,2026-08-20 09:25,1368.5,1373.0,-0.33,552300,1378.5,1367.5,1541.5,1169.0
2026-08-20 09:45:40,2026-08-20 09:30,1372.0,1373.0,-0.07,605500,1378.5,1367.5,1541.5,1169.0
2026-08-20 09:50:37,2026-08-20 09:35,1371.5,1373.0,-0.11,638700,1378.5,1367.5,1541.5,1169.0
2026-08-20 09:56:44,2026-08-20 09:41,1373.0,1373.0,0.0,705200,1378.5,1367.5,1541.5,1169.0
2026-08-20 10:00:41,2026-08-20 09:45,1371.5,1373.0,-0.11,734600,1378.5,1367.5,1541.5,1169.0
2026-08-20 10:05:42,2026-08-20 09:50,1371.5,1373.0,-0.11,774300,1378.5,1367.5,1541.5,1169.0
2026-08-20 10:10:37,2026-08-20 09:55,1373.0,1373.0,0.0,804200,1378.5,1367.5,1541.5,1169.0
2026-08-20 10:15:35,2026-08-20 10:00,1373.0,1373.0,0.0,841000,1378.5,1367.5,1541.5,1169.0
2026-08-20 10:20:46,2026-08-20 10:05,1375.0,1373.0,0.15,876700,1378.5,1367.5,1541.5,1169.0
2026-08-20 10:25:40,2026-08-20 10:10,1377.0,1373.0,0.29,954100,1378.5,1367.5,1541.5,1169.0
2026-08-20 10:30:38,2026-08-20 10:15,1379.0,1373.0,0.44,987200,1379.0,1367.5,1541.5,1169.0
2026-08-20 10:35:50,2026-08-20 10:20,1379.0,1373.0,0.44,1011900,1379.5,1367.5,1541.5,1169.0
2026-08-20 10:40:35,2026-08-20 10:25,1380.5,1373.0,0.55,1087300,1381.0,1367.5,1541.5,1169.0
2026-08-20 10:45:38,2026-08-20 10:30,1380.5,1373.0,0.55,1140700,1381.5,1367.5,1541.5,1169.0
2026-08-20 10:50:31,2026-08-20 10:34,1381.5,1373.0,0.62,1217700,1382.0,1367.5,1541.5,1169.0
2026-08-20 10:55:32,2026-08-20 10:40,1382.0,1373.0,0.66,1246100,1382.5,1367.5,1541.5,1169.0
2026-08-20 11:00:41,2026-08-20 10:45,1381.5,1373.0,0.62,1273000,1382.5,1367.5,1541.5,1169.0
2026-08-20 11:05:36,2026-08-20 10:50,1381.0,1373.0,0.58,1307200,1382.5,1367.5,1541.5,1169.0
2026-08-20 11:10:45,2026-08-20 10:55,1379.5,1373.0,0.47,1351400,1382.5,1367.5,1541.5,1169.0
2026-08-20 11:15:42,2026-08-20 11:00,1379.5,1373.0,0.47,1386500,1382.5,1367.5,1541.5,1169.0
2026-08-20 11:20:44,2026-08-20 11:05,1379.0,1373.0,0.44,1417400,1382.5,1367.5,1541.5,1169.0
2026-08-20 11:25:43,2026-08-20 11:10,1379.5,1373.0,0.47,1443300,1382.5,1367.5,1541.5,1169.0
2026-08-20 11:30:42,2026-08-20 11:15,1379.5,1373.0,0.47,1458300,1382.5,1367.5,1541.5,1169.0
2026-08-20 12:30:32,2026-08-20 11:30,1379.0,1373.0,0.44,1641500,1382.5,1367.5,1541.5,1169.0
2026-08-20 12:35:31,2026-08-20 11:30,1379.0,1373.0,0.44,1641500,1382.5,1367.5,1541.5,1169.0
2026-08-20 12:40:39,2026-08-20 11:30,1379.0,1373.0,0.44,1641500,1382.5,1367.5,1541.5,1169.0
2026-08-20 12:46:46,2026-08-20 12:31,1381.0,1373.0,0.58,1734600,1383.5,1367.5,1541.5,1169.0
2026-08-20 12:50:33,2026-08-20 12:35,1383.0,1373.0,0.73,1761600,1383.5,1367.5,1541.5,1169.0
2026-08-20 12:55:37,2026-08-20 12:39,1382.5,1373.0,0.69,1803700,1384.0,1367.5,1541.5,1169.0
2026-08-20 13:00:30,2026-08-20 12:45,1383.0,1373.0,0.73,1848500,1384.0,1367.5,1541.5,1169.0
2026-08-20 13:05:43,2026-08-20 12:50,1384.0,1373.0,0.8,1895900,1384.5,1367.5,1541.5,1169.0
2026-08-20 13:20:15,2026-08-20 13:04,1385.0,1373.0,0.87,2033600,1385.5,1367.5,1541.5,1169.0
2026-08-20 13:20:51,2026-08-20 13:05,1384.5,1373.0,0.84,2037500,1385.5,1367.5,1541.5,1169.0
2026-08-20 13:25:33,2026-08-20 13:10,1383.0,1373.0,0.73,2076100,1385.5,1367.5,1541.5,1169.0
2026-08-20 13:30:33,2026-08-20 13:15,1383.0,1373.0,0.73,2092500,1385.5,1367.5,1541.5,1169.0
2026-08-20 13:35:34,2026-08-20 13:20,1382.5,1373.0,0.69,2121100,1385.5,1367.5,1541.5,1169.0
2026-08-20 13:40:42,2026-08-20 13:25,1382.5,1373.0,0.69,2146400,1385.5,1367.5,1541.5,1169.0
2026-08-20 13:45:43,2026-08-20 13:30,1382.0,1373.0,0.66,2165600,1385.5,1367.5,1541.5,1169.0
2026-08-20 13:50:38,2026-08-20 13:35,1382.5,1373.0,0.69,2203300,1385.5,1367.5,1541.5,1169.0
2026-08-20 13:55:35,2026-08-20 13:40,1383.0,1373.0,0.73,2214600,1385.5,1367.5,1541.5,1169.0
2026-08-20 14:00:43,2026-08-20 13:45,1382.5,1373.0,0.69,2307100,1385.5,1367.5,1541.5,1169.0
2026-08-20 14:05:41,2026-08-20 13:50,1382.0,1373.0,0.66,2332400,1385.5,1367.5,1541.5,1169.0
2026-08-20 14:10:46,2026-08-20 13:55,1382.5,1373.0,0.69,2355800,1385.5,1367.5,1541.5,1169.0
2026-08-20 14:15:37,2026-08-20 14:00,1382.0,1373.0,0.66,2377700,1385.5,1367.5,1541.5,1169.0
2026-08-20 14:20:45,2026-08-20 14:05,1381.0,1373.0,0.58,2404800,1385.5,1367.5,1541.5,1169.0
2026-08-20 14:25:32,2026-08-20 14:10,1384.0,1373.0,0.8,2476000,1385.5,1367.5,1541.5,1169.0
2026-08-20 14:30:49,2026-08-20 14:15,1383.5,1373.0,0.76,2498200,1385.5,1367.5,1541.5,1169.0
2026-08-20 14:35:51,2026-08-20 14:19,1384.0,1373.0,0.8,2507800,1385.5,1367.5,1541.5,1169.0
2026-08-20 14:40:37,2026-08-20 14:25,1384.0,1373.0,0.8,2515000,1385.5,1367.5,1541.5,1169.0
2026-08-20 14:45:30,2026-08-20 14:30,1384.0,1373.0,0.8,2542300,1385.5,1367.5,1541.5,1169.0
2026-08-20 14:50:31,2026-08-20 14:35,1385.5,1373.0,0.91,2620200,1386.0,1367.5,1541.5,1169.0
2026-08-20 14:55:43,2026-08-20 14:40,1387.0,1373.0,1.02,2657600,1387.0,1367.5,1541.5,1169.0
2026-08-20 15:00:31,2026-08-20 14:45,1386.0,1373.0,0.95,2686700,1387.0,1367.5,1541.5,1169.0
2026-08-20 15:05:41,2026-08-20 14:50,1386.0,1373.0,0.95,2706000,1387.0,1367.5,1541.5,1169.0
2026-08-20 15:10:48,2026-08-20 14:55,1386.5,1373.0,0.98,2752700,1387.0,1367.5,1541.5,1169.0
2026-08-20 15:15:40,2026-08-20 15:00,1386.0,1373.0,0.95,2761900,1387.0,1367.5,1541.5,1169.0
2026-08-20 15:20:45,2026-08-20 15:05,1387.5,1373.0,1.06,2870500,1388.0,1367.5,1541.5,1169.0
2026-08-20 15:25:34,2026-08-20 15:10,1387.0,1373.0,1.02,2898900,1388.0,1367.5,1541.5,1169.0
2026-08-20 15:30:35,2026-08-20 15:15,1388.0,1373.0,1.09,2968000,1388.5,1367.5,1541.5,1169.0
2026-08-20 15:40:38,2026-08-20 15:24,1388.0,1373.0,1.09,3117300,1389.0,1367.5,1541.5,1169.0
2026-08-21 09:05:35,2026-08-20 15:30,1388.5,1373.0,1.13,4145500,1389.0,1367.5,1541.5,1169.0
2026-08-21 09:10:48,2026-08-20 15:30,1388.5,1373.0,1.13,4145500,1389.0,1367.5,1541.5,1169.0
2026-08-21 09:15:30,2026-08-21 09:00,1388.5,1373.0,1.13,4301900,1388.5,1383.0,1541.5,1169.0
2026-08-21 09:20:34,2026-08-21 09:05,1385.5,1388.5,-0.22,305900,1391.5,1383.0,1541.5,1169.0
2026-08-21 09:25:30,2026-08-21 09:10,1388.0,1388.5,-0.04,338200,1391.5,1383.0,1541.5,1169.0
2026-08-21 09:30:33,2026-08-21 09:15,1390.5,1388.5,0.14,369800,1391.5,1383.0,1541.5,1169.0
2026-08-21 09:35:45,2026-08-21 09:20,1392.0,1388.5,0.25,425800,1392.0,1383.0,1541.5,1169.0
2026-08-21 09:40:40,2026-08-21 09:25,1392.5,1388.5,0.29,458000,1393.0,1383.0,1541.5,1169.0
2026-08-21 09:45:39,2026-08-21 09:30,1393.0,1388.5,0.32,498900,1393.5,1383.0,1541.5,1169.0
2026-08-21 09:50:34,2026-08-21 09:35,1391.0,1388.5,0.18,539400,1393.5,1383.0,1541.5,1169.0
2026-08-21 09:55:33,2026-08-21 09:40,1393.5,1388.5,0.36,587700,1393.5,1383.0,1541.5,1169.0
2026-08-21 10:00:37,2026-08-21 09:45,1394.0,1388.5,0.4,634400,1394.5,1383.0,1541.5,1169.0
2026-08-21 10:05:38,2026-08-21 09:50,1394.0,1388.5,0.4,697800,1395.5,1383.0,1541.5,1169.0
2026-08-21 10:10:33,2026-08-21 09:55,1393.5,1388.5,0.36,726100,1395.5,1383.0,1541.5,1169.0
2026-08-21 10:15:38,2026-08-21 10:00,1395.0,1388.5,0.47,770900,1395.5,1383.0,1541.5,1169.0
2026-08-21 10:20:35,2026-08-21 10:05,1394.5,1388.5,0.43,802300,1395.5,1383.0,1541.5,1169.0
2026-08-21 10:25:46,2026-08-21 10:10,1396.0,1388.5,0.54,882700,1397.0,1383.0,1541.5,1169.0
2026-08-21 10:30:40,2026-08-21 10:15,1395.0,1388.5,0.47,952700,1397.0,1383.0,1541.5,1169.0
2026-08-21 10:35:41,2026-08-21 10:20,1396.0,1388.5,0.54,969400,1397.0,1383.0,1541.5,1169.0
2026-08-21 10:40:45,2026-08-21 10:25,1396.5,1388.5,0.58,992800,1397.0,1383.0,1541.5,1169.0
2026-08-21 10:45:40,2026-08-21 10:30,1395.0,1388.5,0.47,1018600,1397.0,1383.0,1541.5,1169.0
2026-08-21 10:50:35,2026-08-21 10:35,1395.5,1388.5,0.5,1039000,1397.0,1383.0,1541.5,1169.0
2026-08-21 10:55:41,2026-08-21 10:40,1396.0,1388.5,0.54,1054500,1397.0,1383.0,1541.5,1169.0
2026-08-21 11:00:33,2026-08-21 10:45,1394.5,1388.5,0.43,1089900,1397.0,1383.0,1541.5,1169.0
2026-08-21 11:05:36,2026-08-21 10:50,1395.0,1388.5,0.47,1117500,1397.0,1383.0,1541.5,1169.0
2026-08-21 11:10:33,2026-08-21 10:55,1394.5,1388.5,0.43,1142400,1397.0,1383.0,1541.5,1169.0
2026-08-21 11:15:30,2026-08-21 11:00,1395.5,1388.5,0.5,1157600,1397.0,1383.0,1541.5,1169.0
2026-08-21 11:20:32,2026-08-21 11:05,1394.0,1388.5,0.4,1171200,1397.0,1383.0,1541.5,1169.0
2026-08-21 11:25:36,2026-08-21 11:10,1393.0,1388.5,0.32,1213700,1397.0,1383.0,1541.5,1169.0
2026-08-21 11:30:50,2026-08-21 11:14,1393.0,1388.5,0.32,1226200,1397.0,1383.0,1541.5,1169.0
2026-08-21 12:30:43,2026-08-21 11:30,1393.0,1388.5,0.32,1263400,1397.0,1383.0,1541.5,1169.0
2026-08-21 12:35:33,2026-08-21 11:30,1393.0,1388.5,0.32,1263400,1397.0,1383.0,1541.5,1169.0
2026-08-21 12:40:31,2026-08-21 11:30,1393.0,1388.5,0.32,1263400,1397.0,1383.0,1541.5,1169.0
2026-08-21 12:45:37,2026-08-21 12:30,1393.0,1388.5,0.32,1301500,1397.0,1383.0,1541.5,1169.0
2026-08-21 12:50:35,2026-08-21 12:35,1393.0,1388.5,0.32,1348100,1397.0,1383.0,1541.5,1169.0
2026-08-21 12:55:31,2026-08-21 12:39,1393.5,1388.5,0.36,1372900,1397.0,1383.0,1541.5,1169.0
2026-08-21 13:00:38,2026-08-21 12:45,1394.5,1388.5,0.43,1388300,1397.0,1383.0,1541.5,1169.0
2026-08-21 13:05:38,2026-08-21 12:50,1394.0,1388.5,0.4,1430300,1397.0,1383.0,1541.5,1169.0
2026-08-21 13:10:36,2026-08-21 12:55,1394.0,1388.5,0.4,1466000,1397.0,1383.0,1541.5,1169.0
2026-08-21 13:15:34,2026-08-21 13:00,1394.0,1388.5,0.4,1468700,1397.0,1383.0,1541.5,1169.0
2026-08-21 13:20:33,2026-08-21 13:05,1392.5,1388.5,0.29,1514900,1397.0,1383.0,1541.5,1169.0
2026-08-21 13:25:36,2026-08-21 13:10,1394.5,1388.5,0.43,1542600,1397.0,1383.0,1541.5,1169.0
2026-08-21 13:30:48,2026-08-21 13:15,1394.5,1388.5,0.43,1546400,1397.0,1383.0,1541.5,1169.0
2026-08-21 13:35:43,2026-08-21 13:20,1393.5,1388.5,0.36,1584600,1397.0,1383.0,1541.5,1169.0
2026-08-21 13:40:38,2026-08-21 13:25,1394.0,1388.5,0.4,1601300,1397.0,1383.0,1541.5,1169.0
2026-08-21 13:45:36,2026-08-21 13:30,1394.0,1388.5,0.4,1608500,1397.0,1383.0,1541.5,1169.0
2026-08-21 13:50:36,2026-08-21 13:34,1395.0,1388.5,0.47,1631400,1397.0,1383.0,1541.5,1169.0
2026-08-21 13:55:35,2026-08-21 13:40,1395.0,1388.5,0.47,1683700,1397.0,1383.0,1541.5,1169.0
2026-08-21 14:00:33,2026-08-21 13:45,1396.5,1388.5,0.58,1726100,1397.0,1383.0,1541.5,1169.0
2026-08-21 14:05:38,2026-08-21 13:50,1397.0,1388.5,0.61,1741100,1397.0,1383.0,1541.5,1169.0
2026-08-21 14:10:34,2026-08-21 13:55,1397.5,1388.5,0.65,1767800,1397.5,1383.0,1541.5,1169.0
2026-08-21 14:15:34,2026-08-21 14:00,1396.5,1388.5,0.58,1795300,1397.5,1383.0,1541.5,1169.0
2026-08-21 14:20:31,2026-08-21 14:03,1396.0,1388.5,0.54,1805600,1397.5,1383.0,1541.5,1169.0
2026-08-21 14:25:49,2026-08-21 14:10,1396.0,1388.5,0.54,1833400,1397.5,1383.0,1541.5,1169.0
2026-08-21 14:30:37,2026-08-21 14:15,1397.0,1388.5,0.61,1871400,1397.5,1383.0,1541.5,1169.0
2026-08-21 14:35:45,2026-08-21 14:20,1396.0,1388.5,0.54,1897800,1397.5,1383.0,1541.5,1169.0
2026-08-21 14:40:32,2026-08-21 14:25,1396.0,1388.5,0.54,1916900,1397.5,1383.0,1541.5,1169.0
2026-08-21 14:45:37,2026-08-21 14:30,1396.0,1388.5,0.54,1943200,1397.5,1383.0,1541.5,1169.0
2026-08-21 14:50:38,2026-08-21 14:35,1396.0,1388.5,0.54,1953100,1397.5,1383.0,1541.5,1169.0
2026-08-21 14:55:33,2026-08-21 14:40,1396.5,1388.5,0.58,2023100,1397.5,1383.0,1541.5,1169.0
2026-08-21 15:00:32,2026-08-21 14:45,1396.0,1388.5,0.54,2037500,1397.5,1383.0,1541.5,1169.0
2026-08-21 15:05:34,2026-08-21 14:50,1395.5,1388.5,0.5,2089100,1397.5,1383.0,1541.5,1169.0
2026-08-21 15:10:36,2026-08-21 14:55,1395.5,1388.5,0.5,2127400,1397.5,1383.0,1541.5,1169.0
2026-08-21 15:15:34,2026-08-21 15:00,1395.0,1388.5,0.47,2146100,1397.5,1383.0,1541.5,1169.0
2026-08-21 15:21:14,2026-08-21 15:06,1395.5,1388.5,0.5,2170500,1397.5,1383.0,1541.5,1169.0
2026-08-21 15:25:37,2026-08-21 15:10,1395.5,1388.5,0.5,2195300,1397.5,1383.0,1541.5,1169.0
2026-08-21 15:30:48,2026-08-21 15:15,1395.0,1388.5,0.47,2247300,1397.5,1383.0,1541.5,1169.0
2026-08-21 15:40:43,2026-08-21 15:24,1396.0,1388.5,0.54,2347800,1397.5,1383.0,1541.5,1169.0
2026-08-24 09:05:33,2026-08-21 15:30,1395.0,1388.5,0.47,3248400,1397.5,1383.0,1541.5,1169.0
2026-08-24 09:10:45,2026-08-21 15:30,1395.0,1388.5,0.47,3248400,1397.5,1383.0,1541.5,1169.0
2026-08-24 09:15:39,2026-08-24 09:00,1392.5,1388.5,0.29,3412700,1395.0,1392.0,1541.5,1169.0
2026-08-24 09:20:34,2026-08-24 09:05,1389.0,1395.0,-0.43,264300,1395.0,1388.5,1541.5,1169.0
2026-08-24 09:25:31,2026-08-24 09:10,1392.5,1395.0,-0.18,321600,1395.0,1388.5,1541.5,1169.0
2026-08-24 09:30:32,2026-08-24 09:15,1391.5,1395.0,-0.25,360600,1395.0,1388.5,1541.5,1169.0
2026-08-24 09:35:41,2026-08-24 09:20,1391.5,1395.0,-0.25,397500,1395.0,1388.5,1541.5,1169.0
2026-08-24 09:40:38,2026-08-24 09:25,1393.0,1395.0,-0.14,414500,1395.0,1388.5,1541.5,1169.0
2026-08-24 09:45:31,2026-08-24 09:30,1395.5,1395.0,0.04,486900,1396.0,1388.5,1541.5,1169.0
2026-08-24 09:50:34,2026-08-24 09:35,1393.5,1395.0,-0.11,533600,1396.0,1388.5,1541.5,1169.0
2026-08-24 09:55:43,2026-08-24 09:40,1391.5,1395.0,-0.25,566200,1396.0,1388.5,1541.5,1169.0
2026-08-24 10:00:39,2026-08-24 09:45,1389.5,1395.0,-0.39,631100,1396.0,1388.5,1541.5,1169.0
2026-08-24 10:05:41,2026-08-24 09:50,1386.5,1395.0,-0.61,672200,1396.0,1386.5,1541.5,1169.0
2026-08-24 10:10:32,2026-08-24 09:55,1388.0,1395.0,-0.5,694800,1396.0,1386.5,1541.5,1169.0
2026-08-24 10:15:43,2026-08-24 10:00,1387.0,1395.0,-0.57,723200,1396.0,1386.5,1541.5,1169.0
2026-08-24 10:20:37,2026-08-24 10:02,1386.0,1395.0,-0.65,732200,1396.0,1386.0,1541.5,1169.0
2026-08-24 10:25:58,2026-08-24 10:10,1385.0,1395.0,-0.72,862300,1396.0,1385.0,1541.5,1169.0
2026-08-24 10:30:38,2026-08-24 10:15,1384.5,1395.0,-0.75,912100,1396.0,1383.5,1541.5,1169.0
2026-08-24 10:35:47,2026-08-24 10:20,1384.5,1395.0,-0.75,939600,1396.0,1383.5,1541.5,1169.0
2026-08-24 10:40:41,2026-08-24 10:25,1383.5,1395.0,-0.82,949200,1396.0,1383.5,1541.5,1169.0
2026-08-24 10:45:43,2026-08-24 10:30,1383.5,1395.0,-0.82,972600,1396.0,1383.0,1541.5,1169.0
2026-08-24 10:50:33,2026-08-24 10:35,1384.0,1395.0,-0.79,994500,1396.0,1383.0,1541.5,1169.0
2026-08-24 10:55:42,2026-08-24 10:40,1384.5,1395.0,-0.75,1011400,1396.0,1383.0,1541.5,1169.0
2026-08-24 11:00:37,2026-08-24 10:45,1387.5,1395.0,-0.54,1042200,1396.0,1383.0,1541.5,1169.0
2026-08-24 11:05:40,2026-08-24 10:50,1388.5,1395.0,-0.47,1063600,1396.0,1383.0,1541.5,1169.0
2026-08-24 11:10:43,2026-08-24 10:55,1387.5,1395.0,-0.54,1083200,1396.0,1383.0,1541.5,1169.0
2026-08-24 11:15:37,2026-08-24 10:59,1387.5,1395.0,-0.54,1091200,1396.0,1383.0,1541.5,1169.0
2026-08-24 11:20:47,2026-08-24 11:05,1388.5,1395.0,-0.47,1111200,1396.0,1383.0,1541.5,1169.0
2026-08-24 11:25:32,2026-08-24 11:09,1388.0,1395.0,-0.5,1115900,1396.0,1383.0,1541.5,1169.0
2026-08-24 11:30:36,2026-08-24 11:15,1389.0,1395.0,-0.43,1141900,1396.0,1383.0,1541.5,1169.0
2026-08-24 12:30:33,2026-08-24 11:30,1391.0,1395.0,-0.29,1180200,1396.0,1383.0,1541.5,1169.0
2026-08-24 12:35:41,2026-08-24 11:30,1391.0,1395.0,-0.29,1180200,1396.0,1383.0,1541.5,1169.0
2026-08-24 12:40:41,2026-08-24 11:30,1391.0,1395.0,-0.29,1180200,1396.0,1383.0,1541.5,1169.0
2026-08-24 12:45:39,2026-08-24 11:30,1391.0,1395.0,-0.29,1180200,1396.0,1383.0,1541.5,1169.0
2026-08-24 12:50:35,2026-08-24 12:35,1390.0,1395.0,-0.36,1257800,1396.0,1383.0,1541.5,1169.0
2026-08-24 12:55:32,2026-08-24 12:40,1392.5,1395.0,-0.18,1290900,1396.0,1383.0,1541.5,1169.0
2026-08-24 13:00:37,2026-08-24 12:45,1393.5,1395.0,-0.11,1334800,1396.0,1383.0,1541.5,1169.0
2026-08-24 13:05:41,2026-08-24 12:50,1392.0,1395.0,-0.22,1356300,1396.0,1383.0,1541.5,1169.0
2026-08-24 13:10:36,2026-08-24 12:55,1391.5,1395.0,-0.25,1390800,1396.0,1383.0,1541.5,1169.0
2026-08-24 13:15:35,2026-08-24 13:00,1393.5,1395.0,-0.11,1425900,1396.0,1383.0,1541.5,1169.0
2026-08-24 13:20:35,2026-08-24 13:05,1393.5,1395.0,-0.11,1440100,1396.0,1383.0,1541.5,1169.0
2026-08-24 13:25:41,2026-08-24 13:10,1392.0,1395.0,-0.22,1456800,1396.0,1383.0,1541.5,1169.0
2026-08-24 13:30:37,2026-08-24 13:15,1392.0,1395.0,-0.22,1476200,1396.0,1383.0,1541.5,1169.0
2026-08-24 13:35:34,2026-08-24 13:20,1391.0,1395.0,-0.29,1484200,1396.0,1383.0,1541.5,1169.0
2026-08-24 13:40:38,2026-08-24 13:25,1390.0,1395.0,-0.36,1520400,1396.0,1383.0,1541.5,1169.0
2026-08-24 13:45:36,2026-08-24 13:30,1390.0,1395.0,-0.36,1542000,1396.0,1383.0,1541.5,1169.0
2026-08-24 13:50:35,2026-08-24 13:35,1390.5,1395.0,-0.32,1550300,1396.0,1383.0,1541.5,1169.0
2026-08-24 13:55:31,2026-08-24 13:39,1390.5,1395.0,-0.32,1560700,1396.0,1383.0,1541.5,1169.0
2026-08-24 14:00:35,2026-08-24 13:45,1390.5,1395.0,-0.32,1579300,1396.0,1383.0,1541.5,1169.0
2026-08-24 14:05:34,2026-08-24 13:50,1391.5,1395.0,-0.25,1590700,1396.0,1383.0,1541.5,1169.0
2026-08-24 14:10:38,2026-08-24 13:55,1390.5,1395.0,-0.32,1605000,1396.0,1383.0,1541.5,1169.0
2026-08-24 14:15:42,2026-08-24 14:00,1390.0,1395.0,-0.36,1640500,1396.0,1383.0,1541.5,1169.0
2026-08-24 14:20:36,2026-08-24 14:05,1391.5,1395.0,-0.25,1669700,1396.0,1383.0,1541.5,1169.0
2026-08-24 14:25:37,2026-08-24 14:10,1393.5,1395.0,-0.11,1702000,1396.0,1383.0,1541.5,1169.0
2026-08-24 14:30:36,2026-08-24 14:15,1393.0,1395.0,-0.14,1737600,1396.0,1383.0,1541.5,1169.0
2026-08-24 14:35:38,2026-08-24 14:20,1393.0,1395.0,-0.14,1758700,1396.0,1383.0,1541.5,1169.0
2026-08-24 14:40:43,2026-08-24 14:25,1392.5,1395.0,-0.18,1768200,1396.0,1383.0,1541.5,1169.0
2026-08-24 14:45:41,2026-08-24 14:30,1393.0,1395.0,-0.14,1786700,1396.0,1383.0,1541.5,1169.0
2026-08-24 14:50:40,2026-08-24 14:35,1393.5,1395.0,-0.11,1806100,1396.0,1383.0,1541.5,1169.0
2026-08-24 14:55:38,2026-08-24 14:40,1393.0,1395.0,-0.14,1835000,1396.0,1383.0,1541.5,1169.0
2026-08-24 15:00:36,2026-08-24 14:45,1392.5,1395.0,-0.18,1861200,1396.0,1383.0,1541.5,1169.0
2026-08-24 15:05:36,2026-08-24 14:50,1392.5,1395.0,-0.18,1876300,1396.0,1383.0,1541.5,1169.0
2026-08-24 15:10:51,2026-08-24 14:55,1391.5,1395.0,-0.25,1897500,1396.0,1383.0,1541.5,1169.0
2026-08-24 15:15:34,2026-08-24 15:00,1391.5,1395.0,-0.25,1933600,1396.0,1383.0,1541.5,1169.0
2026-08-24 15:20:42,2026-08-24 15:05,1390.5,1395.0,-0.32,1953500,1396.0,1383.0,1541.5,1169.0
2026-08-24 15:25:44,2026-08-24 15:10,1390.0,1395.0,-0.36,1998600,1396.0,1383.0,1541.5,1169.0
2026-08-24 15:30:36,2026-08-24 15:15,1391.0,1395.0,-0.29,2042600,1396.0,1383.0,1541.5,1169.0
2026-08-24 15:40:49,2026-08-24 15:24,1391.5,1395.0,-0.25,2139300,1396.0,1383.0,1541.5,1169.0
2026-08-25 09:05:52,2026-08-24 15:30,1393.0,1395.0,-0.14,2824200,1396.0,1383.0,1541.5,1169.0
2026-08-25 09:10:31,2026-08-24 15:30,1393.0,1395.0,-0.14,2824200,1396.0,1383.0,1541.5,1169.0
2026-08-25 09:16:21,2026-08-25 09:01,1393.0,1395.0,-0.14,3093200,1402.0,1397.5,1541.5,1169.0
2026-08-25 09:20:33,2026-08-25 09:05,1401.5,1393.0,0.61,377800,1402.5,1396.0,1541.5,1169.0
2026-08-25 09:25:43,2026-08-25 09:10,1405.0,1393.0,0.86,514200,1405.5,1396.0,1541.5,1169.0
2026-08-25 09:30:33,2026-08-25 09:15,1406.5,1393.0,0.97,593800,1407.0,1396.0,1541.5,1169.0
2026-08-25 09:35:30,2026-08-25 09:20,1400.5,1393.0,0.54,658900,1407.0,1396.0,1541.5,1169.0
2026-08-25 09:40:36,2026-08-25 09:25,1398.5,1393.0,0.39,701700,1407.0,1396.0,1541.5,1169.0
2026-08-25 09:45:34,2026-08-25 09:30,1398.0,1393.0,0.36,719200,1407.0,1396.0,1541.5,1169.0
2026-08-25 09:50:31,2026-08-25 09:35,1394.5,1393.0,0.11,765100,1407.0,1394.5,1541.5,1169.0
2026-08-25 09:55:39,2026-08-25 09:40,1392.5,1393.0,-0.04,809600,1407.0,1392.5,1541.5,1169.0
2026-08-25 10:00:34,2026-08-25 09:45,1393.0,1393.0,0.0,848800,1407.0,1391.5,1541.5,1169.0
2026-08-25 10:05:55,2026-08-25 09:50,1392.5,1393.0,-0.04,879100,1407.0,1391.5,1541.5,1169.0
2026-08-25 10:10:47,2026-08-25 09:55,1393.0,1393.0,0.0,915200,1407.0,1391.0,1541.5,1169.0
2026-08-25 10:15:44,2026-08-25 10:00,1393.5,1393.0,0.04,939100,1407.0,1391.0,1541.5,1169.0
2026-08-25 10:20:35,2026-08-25 10:05,1394.5,1393.0,0.11,970900,1407.0,1391.0,1541.5,1169.0
2026-08-25 10:25:30,2026-08-25 10:10,1392.5,1393.0,-0.04,1008200,1407.0,1391.0,1541.5,1169.0
2026-08-25 10:30:33,2026-08-25 10:15,1394.5,1393.0,0.11,1022400,1407.0,1391.0,1541.5,1169.0
2026-08-25 10:35:40,2026-08-25 10:20,1396.5,1393.0,0.25,1044400,1407.0,1391.0,1541.5,1169.0
2026-08-25 10:40:42,2026-08-25 10:25,1393.5,1393.0,0.04,1069700,1407.0,1391.0,1541.5,1169.0
2026-08-25 10:45:32,2026-08-25 10:30,1395.5,1393.0,0.18,1088800,1407.0,1391.0,1541.5,1169.0
2026-08-25 10:50:37,2026-08-25 10:34,1395.0,1393.0,0.14,1107300,1407.0,1391.0,1541.5,1169.0
2026-08-25 10:55:39,2026-08-25 10:40,1396.5,1393.0,0.25,1127100,1407.0,1391.0,1541.5,1169.0
2026-08-25 11:00:35,2026-08-25 10:45,1396.5,1393.0,0.25,1142800,1407.0,1391.0,1541.5,1169.0
2026-08-25 11:06:03,2026-08-25 10:50,1396.5,1393.0,0.25,1157200,1407.0,1391.0,1541.5,1169.0
2026-08-25 11:10:37,2026-08-25 10:55,1396.5,1393.0,0.25,1175700,1407.0,1391.0,1541.5,1169.0
2026-08-25 11:15:33,2026-08-25 11:00,1395.0,1393.0,0.14,1187400,1407.0,1391.0,1541.5,1169.0
2026-08-25 11:20:37,2026-08-25 11:05,1394.0,1393.0,0.07,1215700,1407.0,1391.0,1541.5,1169.0
2026-08-25 11:25:32,2026-08-25 11:10,1393.5,1393.0,0.04,1224200,1407.0,1391.0,1541.5,1169.0
2026-08-25 11:30:40,2026-08-25 11:15,1394.5,1393.0,0.11,1237100,1407.0,1391.0,1541.5,1169.0
2026-08-25 12:30:46,2026-08-25 11:30,1396.0,1393.0,0.22,1281200,1407.0,1391.0,1541.5,1169.0
2026-08-25 12:35:52,2026-08-25 11:30,1396.0,1393.0,0.22,1281200,1407.0,1391.0,1541.5,1169.0
2026-08-25 12:40:41,2026-08-25 11:30,1396.0,1393.0,0.22,1281200,1407.0,1391.0,1541.5,1169.0
2026-08-25 12:45:35,2026-08-25 12:30,1395.5,1393.0,0.18,1318000,1407.0,1391.0,1541.5,1169.0
2026-08-25 12:50:31,2026-08-25 12:35,1398.0,1393.0,0.36,1377000,1407.0,1391.0,1541.5,1169.0
2026-08-25 12:55:35,2026-08-25 12:40,1397.0,1393.0,0.29,1394600,1407.0,1391.0,1541.5,1169.0
2026-08-25 13:00:53,2026-08-25 12:45,1397.5,1393.0,0.32,1436700,1407.0,1391.0,1541.5,1169.0
2026-08-25 13:06:23,2026-08-25 12:51,1396.5,1393.0,0.25,1454800,1407.0,1391.0,1541.5,1169.0
2026-08-25 13:10:57,2026-08-25 12:55,1396.0,1393.0,0.22,1469600,1407.0,1391.0,1541.5,1169.0
2026-08-25 13:15:36,2026-08-25 13:00,1394.5,1393.0,0.11,1493400,1407.0,1391.0,1541.5,1169.0
2026-08-25 13:20:33,2026-08-25 13:05,1395.5,1393.0,0.18,1512700,1407.0,1391.0,1541.5,1169.0
2026-08-25 13:25:51,2026-08-25 13:10,1395.5,1393.0,0.18,1532500,1407.0,1391.0,1541.5,1169.0
2026-08-25 13:30:34,2026-08-25 13:14,1395.5,1393.0,0.18,1537700,1407.0,1391.0,1541.5,1169.0
2026-08-25 13:35:32,2026-08-25 13:20,1396.5,1393.0,0.25,1556000,1407.0,1391.0,1541.5,1169.0
2026-08-25 13:40:33,2026-08-25 13:25,1397.0,1393.0,0.29,1573200,1407.0,1391.0,1541.5,1169.0
2026-08-25 13:45:30,2026-08-25 13:30,1398.5,1393.0,0.39,1585000,1407.0,1391.0,1541.5,1169.0
2026-08-25 13:50:36,2026-08-25 13:35,1397.5,1393.0,0.32,1601600,1407.0,1391.0,1541.5,1169.0
2026-08-25 13:55:41,2026-08-25 13:40,1398.5,1393.0,0.39,1629500,1407.0,1391.0,1541.5,1169.0
2026-08-25 14:00:32,2026-08-25 13:45,1398.0,1393.0,0.36,1650100,1407.0,1391.0,1541.5,1169.0
2026-08-25 14:05:31,2026-08-25 13:50,1397.0,1393.0,0.29,1662000,1407.0,1391.0,1541.5,1169.0
2026-08-25 14:10:36,2026-08-25 13:55,1398.0,1393.0,0.36,1692100,1407.0,1391.0,1541.5,1169.0
2026-08-25 14:15:43,2026-08-25 14:00,1397.5,1393.0,0.32,1706000,1407.0,1391.0,1541.5,1169.0
2026-08-25 14:20:32,2026-08-25 14:05,1397.0,1393.0,0.29,1714400,1407.0,1391.0,1541.5,1169.0
2026-08-25 14:25:34,2026-08-25 14:10,1396.5,1393.0,0.25,1730600,1407.0,1391.0,1541.5,1169.0
2026-08-25 14:30:33,2026-08-25 14:14,1396.5,1393.0,0.25,1744600,1407.0,1391.0,1541.5,1169.0
2026-08-25 14:35:40,2026-08-25 14:20,1396.0,1393.0,0.22,1751100,1407.0,1391.0,1541.5,1169.0
2026-08-25 14:40:35,2026-08-25 14:25,1396.5,1393.0,0.25,1771100,1407.0,1391.0,1541.5,1169.0
2026-08-25 14:45:36,2026-08-25 14:30,1396.5,1393.0,0.25,1784300,1407.0,1391.0,1541.5,1169.0
2026-08-25 14:50:31,2026-08-25 14:35,1397.0,1393.0,0.29,1794100,1407.0,1391.0,1541.5,1169.0
2026-08-25 14:55:32,2026-08-25 14:40,1396.5,1393.0,0.25,1814600,1407.0,1391.0,1541.5,1169.0
2026-08-25 15:00:34,2026-08-25 14:44,1396.5,1393.0,0.25,1842500,1407.0,1391.0,1541.5,1169.0
2026-08-25 15:05:40,2026-08-25 14:50,1396.0,1393.0,0.22,1864900,1407.0,1391.0,1541.5,1169.0
2026-08-25 15:10:33,2026-08-25 14:55,1396.0,1393.0,0.22,1896100,1407.0,1391.0,1541.5,1169.0
2026-08-25 15:15:42,2026-08-25 15:00,1395.5,1393.0,0.18,1910000,1407.0,1391.0,1541.5,1169.0
2026-08-25 15:21:25,2026-08-25 15:06,1394.5,1393.0,0.11,1940800,1407.0,1391.0,1541.5,1169.0
2026-08-25 15:26:23,2026-08-25 15:11,1395.0,1393.0,0.14,1964500,1407.0,1391.0,1541.5,1169.0
2026-08-25 15:30:33,2026-08-25 15:15,1395.5,1393.0,0.18,1984200,1407.0,1391.0,1541.5,1169.0
2026-08-25 15:41:32,2026-08-25 15:24,1396.0,1393.0,0.22,2090500,1407.0,1391.0,1541.5,1169.0
2026-08-26 09:05:35,2026-08-25 15:30,1394.0,1393.0,0.07,2693600,1407.0,1391.0,1541.5,1169.0
2026-08-26 09:10:33,2026-08-25 15:30,1394.0,1393.0,0.07,2693600,1407.0,1391.0,1541.5,1169.0
2026-08-26 09:15:36,2026-08-26 09:00,1394.0,1393.0,0.07,2815600,1403.5,1401.0,1541.5,1169.0
2026-08-26 09:20:31,2026-08-26 09:05,1403.5,1394.0,0.68,196900,1405.0,1401.0,1541.5,1169.0
2026-08-26 09:25:36,2026-08-26 09:10,1402.0,1394.0,0.57,255500,1405.0,1401.0,1541.5,1169.0
2026-08-26 09:30:33,2026-08-26 09:15,1404.0,1394.0,0.72,309700,1405.0,1401.0,1541.5,1169.0
2026-08-26 09:35:31,2026-08-26 09:20,1402.0,1394.0,0.57,356100,1405.0,1401.0,1541.5,1169.0
2026-08-26 09:40:48,2026-08-26 09:25,1404.0,1394.0,0.72,398700,1405.0,1401.0,1541.5,1169.0
2026-08-26 09:45:38,2026-08-26 09:30,1403.5,1394.0,0.68,449800,1405.0,1401.0,1541.5,1169.0
2026-08-26 09:50:33,2026-08-26 09:35,1403.0,1394.0,0.65,462200,1405.0,1401.0,1541.5,1169.0
2026-08-26 09:55:42,2026-08-26 09:37,1404.5,1394.0,0.75,479000,1405.0,1401.0,1541.5,1169.0
2026-08-26 10:00:40,2026-08-26 09:45,1405.5,1394.0,0.82,559900,1405.5,1401.0,1541.5,1169.0
2026-08-26 10:05:37,2026-08-26 09:50,1407.5,1394.0,0.97,636600,1407.5,1401.0,1541.5,1169.0
2026-08-26 10:11:28,2026-08-26 09:56,1408.5,1394.0,1.04,693800,1409.0,1401.0,1541.5,1169.0
2026-08-26 10:15:42,2026-08-26 10:00,1407.0,1394.0,0.93,751000,1409.0,1401.0,1541.5,1169.0
2026-08-26 10:21:03,2026-08-26 10:06,1405.5,1394.0,0.82,780500,1409.0,1401.0,1541.5,1169.0
2026-08-26 10:25:35,2026-08-26 10:10,1404.0,1394.0,0.72,849100,1409.0,1401.0,1541.5,1169.0
2026-08-26 10:30:33,2026-08-26 10:14,1403.5,1394.0,0.68,861300,1409.0,1401.0,1541.5,1169.0
2026-08-26 10:35:40,2026-08-26 10:20,1404.0,1394.0,0.72,874300,1409.0,1401.0,1541.5,1169.0
2026-08-26 10:40:37,2026-08-26 10:25,1402.5,1394.0,0.61,914200,1409.0,1401.0,1541.5,1169.0
2026-08-26 10:45:55,2026-08-26 10:30,1402.5,1394.0,0.61,930000,1409.0,1401.0,1541.5,1169.0
2026-08-26 10:50:37,2026-08-26 10:35,1403.5,1394.0,0.68,965100,1409.0,1401.0,1541.5,1169.0
2026-08-26 10:55:34,2026-08-26 10:40,1404.5,1394.0,0.75,976500,1409.0,1401.0,1541.5,1169.0
2026-08-26 11:00:32,2026-08-26 10:45,1406.0,1394.0,0.86,1031400,1409.0,1401.0,1541.5,1169.0
2026-08-26 11:05:34,2026-08-26 10:50,1405.5,1394.0,0.82,1037500,1409.0,1401.0,1541.5,1169.0
2026-08-26 11:10:39,2026-08-26 10:52,1406.0,1394.0,0.86,1050400,1409.0,1401.0,1541.5,1169.0
2026-08-26 11:15:38,2026-08-26 11:00,1407.5,1394.0,0.97,1100100,1409.0,1401.0,1541.5,1169.0
2026-08-26 11:20:35,2026-08-26 11:05,1408.0,1394.0,1.0,1119100,1409.0,1401.0,1541.5,1169.0
2026-08-26 11:26:02,2026-08-26 11:10,1405.0,1394.0,0.79,1151600,1409.0,1401.0,1541.5,1169.0
2026-08-26 11:30:40,2026-08-26 11:15,1405.0,1394.0,0.79,1165300,1409.0,1401.0,1541.5,1169.0
2026-08-26 12:30:36,2026-08-26 11:30,1406.5,1394.0,0.9,1216900,1409.0,1401.0,1541.5,1169.0
2026-08-26 12:35:38,2026-08-26 11:30,1406.5,1394.0,0.9,1216900,1409.0,1401.0,1541.5,1169.0
2026-08-26 12:40:47,2026-08-26 11:30,1406.5,1394.0,0.9,1216900,1409.0,1401.0,1541.5,1169.0
2026-08-26 12:45:33,2026-08-26 12:30,1407.5,1394.0,0.97,1252400,1409.0,1401.0,1541.5,1169.0
2026-08-26 12:50:33,2026-08-26 12:35,1406.5,1394.0,0.9,1292200,1409.0,1401.0,1541.5,1169.0
2026-08-26 12:55:33,2026-08-26 12:40,1406.5,1394.0,0.9,1315700,1409.0,1401.0,1541.5,1169.0
2026-08-26 13:00:37,2026-08-26 12:45,1405.5,1394.0,0.82,1340400,1409.0,1401.0,1541.5,1169.0
2026-08-26 13:05:44,2026-08-26 12:50,1405.0,1394.0,0.79,1368400,1409.0,1401.0,1541.5,1169.0
2026-08-26 13:11:38,2026-08-26 12:56,1404.0,1394.0,0.72,1403700,1409.0,1401.0,1541.5,1169.0
2026-08-26 13:15:46,2026-08-26 13:00,1403.5,1394.0,0.68,1411600,1409.0,1401.0,1541.5,1169.0
2026-08-26 13:20:33,2026-08-26 13:05,1404.0,1394.0,0.72,1437400,1409.0,1401.0,1541.5,1169.0
2026-08-26 13:25:42,2026-08-26 13:08,1405.0,1394.0,0.79,1466800,1409.0,1401.0,1541.5,1169.0
2026-08-26 13:30:37,2026-08-26 13:15,1406.0,1394.0,0.86,1491400,1409.0,1401.0,1541.5,1169.0
2026-08-26 13:35:38,2026-08-26 13:20,1407.5,1394.0,0.97,1532100,1409.0,1401.0,1541.5,1169.0
2026-08-26 13:40:31,2026-08-26 13:25,1406.5,1394.0,0.9,1566000,1409.0,1401.0,1541.5,1169.0
2026-08-26 13:45:37,2026-08-26 13:29,1407.5,1394.0,0.97,1580300,1409.0,1401.0,1541.5,1169.0
2026-08-26 13:50:34,2026-08-26 13:35,1408.0,1394.0,1.0,1591500,1409.0,1401.0,1541.5,1169.0
2026-08-26 13:56:21,2026-08-26 13:41,1407.5,1394.0,0.97,1621400,1409.0,1401.0,1541.5,1169.0
2026-08-26 14:00:38,2026-08-26 13:45,1407.5,1394.0,0.97,1630400,1409.0,1401.0,1541.5,1169.0
2026-08-26 14:05:37,2026-08-26 13:50,1407.5,1394.0,0.97,1640600,1409.0,1401.0,1541.5,1169.0
2026-08-26 14:10:59,2026-08-26 13:55,1408.0,1394.0,1.0,1694900,1409.0,1401.0,1541.5,1169.0
2026-08-26 14:15:30,2026-08-26 14:00,1407.5,1394.0,0.97,1701300,1409.0,1401.0,1541.5,1169.0
2026-08-26 14:20:36,2026-08-26 14:05,1407.5,1394.0,0.97,1703200,1409.0,1401.0,1541.5,1169.0
2026-08-26 14:25:39,2026-08-26 14:10,1408.0,1394.0,1.0,1713600,1409.0,1401.0,1541.5,1169.0
2026-08-26 14:30:43,2026-08-26 14:15,1408.5,1394.0,1.04,1757900,1409.0,1401.0,1541.5,1169.0
2026-08-26 14:35:37,2026-08-26 14:20,1408.0,1394.0,1.0,1766300,1409.0,1401.0,1541.5,1169.0
2026-08-26 14:40:34,2026-08-26 14:25,1408.0,1394.0,1.0,1769500,1409.0,1401.0,1541.5,1169.0
2026-08-26 14:45:44,2026-08-26 14:29,1408.5,1394.0,1.04,1806500,1409.0,1401.0,1541.5,1169.0
2026-08-26 14:50:40,2026-08-26 14:35,1408.0,1394.0,1.0,1820400,1409.0,1401.0,1541.5,1169.0
2026-08-26 14:55:48,2026-08-26 14:40,1408.5,1394.0,1.04,1824700,1409.0,1401.0,1541.5,1169.0
2026-08-26 15:00:44,2026-08-26 14:45,1408.5,1394.0,1.04,1836600,1409.0,1401.0,1541.5,1169.0
2026-08-26 15:05:36,2026-08-26 14:50,1409.0,1394.0,1.08,1882800,1409.0,1401.0,1541.5,1169.0
2026-08-26 15:12:55,2026-08-26 14:57,1409.0,1394.0,1.08,1929800,1409.5,1401.0,1541.5,1169.0
2026-08-26 15:16:41,2026-08-26 15:01,1408.5,1394.0,1.04,1939200,1409.5,1401.0,1541.5,1169.0
2026-08-26 15:21:32,2026-08-26 15:06,1408.0,1394.0,1.0,1956900,1409.5,1401.0,1541.5,1169.0
2026-08-26 15:25:39,2026-08-26 15:10,1408.0,1394.0,1.0,1988300,1409.5,1401.0,1541.5,1169.0
2026-08-26 15:40:45,2026-08-26 15:24,1408.5,1394.0,1.04,2109500,1409.5,1401.0,1541.5,1169.0
2026-08-27 09:05:36,2026-08-26 15:30,1407.5,1394.0,0.97,2788300,1409.5,1401.0,1541.5,1169.0
2026-08-27 09:10:31,2026-08-26 15:30,1407.5,1394.0,0.97,2788300,1409.5,1401.0,1541.5,1169.0
2026-08-27 09:15:35,2026-08-27 09:00,1407.5,1394.0,0.97,2917300,1408.0,1404.5,1541.5,1169.0
2026-08-27 09:20:39,2026-08-27 09:05,1403.5,1407.5,-0.28,173200,1408.0,1402.0,1541.5,1169.0
2026-08-27 09:25:35,2026-08-27 09:10,1406.0,1407.5,-0.11,230600,1408.0,1400.5,1541.5,1169.0
2026-08-27 09:30:34,2026-08-27 09:15,1406.0,1407.5,-0.11,259000,1408.0,1400.5,1541.5,1169.0
2026-08-27 09:35:43,2026-08-27 09:20,1404.0,1407.5,-0.25,300900,1408.0,1400.5,1541.5,1169.0
2026-08-27 09:40:30,2026-08-27 09:25,1407.0,1407.5,-0.04,340400,1408.0,1400.5,1541.5,1169.0
2026-08-27 09:45:35,2026-08-27 09:30,1408.5,1407.5,0.07,377000,1409.5,1400.5,1541.5,1169.0
2026-08-27 09:50:37,2026-08-27 09:35,1408.0,1407.5,0.04,406400,1410.0,1400.5,1541.5,1169.0
2026-08-27 09:55:39,2026-08-27 09:40,1408.0,1407.5,0.04,426600,1410.0,1400.5,1541.5,1169.0
2026-08-27 10:00:38,2026-08-27 09:45,1406.5,1407.5,-0.07,438700,1410.0,1400.5,1541.5,1169.0
2026-08-27 10:05:33,2026-08-27 09:50,1406.5,1407.5,-0.07,460000,1410.0,1400.5,1541.5,1169.0
2026-08-27 10:10:31,2026-08-27 09:55,1407.5,1407.5,0.0,475400,1410.0,1400.5,1541.5,1169.0
2026-08-27 10:15:36,2026-08-27 10:00,1405.0,1407.5,-0.18,513300,1410.0,1400.5,1541.5,1169.0
2026-08-27 10:20:35,2026-08-27 10:03,1405.0,1407.5,-0.18,533700,1410.0,1400.5,1541.5,1169.0
2026-08-27 10:25:34,2026-08-27 10:10,1405.0,1407.5,-0.18,575600,1410.0,1400.5,1541.5,1169.0
2026-08-27 10:30:38,2026-08-27 10:15,1407.0,1407.5,-0.04,604000,1410.0,1400.5,1541.5,1169.0
2026-08-27 10:35:44,2026-08-27 10:20,1406.5,1407.5,-0.07,633700,1410.0,1400.5,1541.5,1169.0
2026-08-27 10:40:34,2026-08-27 10:25,1406.0,1407.5,-0.11,656500,1410.0,1400.5,1541.5,1169.0
2026-08-27 10:45:37,2026-08-27 10:30,1403.5,1407.5,-0.28,677800,1410.0,1400.5,1541.5,1169.0
2026-08-27 10:50:33,2026-08-27 10:35,1404.0,1407.5,-0.25,692600,1410.0,1400.5,1541.5,1169.0
2026-08-27 10:55:34,2026-08-27 10:40,1403.5,1407.5,-0.28,710900,1410.0,1400.5,1541.5,1169.0
2026-08-27 11:00:37,2026-08-27 10:45,1403.5,1407.5,-0.28,722000,1410.0,1400.5,1541.5,1169.0
2026-08-27 11:05:35,2026-08-27 10:50,1401.5,1407.5,-0.43,755700,1410.0,1400.5,1541.5,1169.0
2026-08-27 11:10:46,2026-08-27 10:55,1402.0,1407.5,-0.39,778000,1410.0,1400.5,1541.5,1169.0
2026-08-27 11:15:35,2026-08-27 11:00,1400.5,1407.5,-0.5,846300,1410.0,1400.0,1541.5,1169.0
2026-08-27 11:20:38,2026-08-27 11:05,1399.0,1407.5,-0.6,920700,1410.0,1399.0,1541.5,1169.0
2026-08-27 11:25:37,2026-08-27 11:10,1399.5,1407.5,-0.57,948400,1410.0,1399.0,1541.5,1169.0
2026-08-27 11:30:35,2026-08-27 11:15,1398.5,1407.5,-0.64,955400,1410.0,1398.0,1541.5,1169.0
2026-08-27 12:30:32,2026-08-27 11:30,1397.5,1407.5,-0.71,1046300,1410.0,1397.5,1541.5,1169.0
2026-08-27 12:35:54,2026-08-27 11:30,1397.5,1407.5,-0.71,1046300,1410.0,1397.5,1541.5,1169.0
2026-08-27 12:40:37,2026-08-27 11:30,1397.5,1407.5,-0.71,1046300,1410.0,1397.5,1541.5,1169.0
2026-08-27 12:45:41,2026-08-27 12:30,1399.0,1407.5,-0.6,1079600,1410.0,1397.5,1541.5,1169.0
2026-08-27 12:50:36,2026-08-27 12:35,1399.0,1407.5,-0.6,1115000,1410.0,1397.5,1541.5,1169.0
2026-08-27 12:55:41,2026-08-27 12:40,1398.5,1407.5,-0.64,1168600,1410.0,1397.5,1541.5,1169.0
2026-08-27 13:00:47,2026-08-27 12:45,1398.0,1407.5,-0.67,1182300,1410.0,1397.5,1541.5,1169.0
2026-08-27 13:05:30,2026-08-27 12:50,1399.0,1407.5,-0.6,1191000,1410.0,1397.5,1541.5,1169.0
2026-08-27 13:10:30,2026-08-27 12:55,1398.5,1407.5,-0.64,1213400,1410.0,1397.5,1541.5,1169.0
2026-08-27 13:15:36,2026-08-27 12:59,1398.0,1407.5,-0.67,1260200,1410.0,1397.5,1541.5,1169.0
2026-08-27 13:20:37,2026-08-27 13:05,1398.0,1407.5,-0.67,1324400,1410.0,1397.0,1541.5,1169.0
2026-08-27 13:25:37,2026-08-27 13:09,1398.0,1407.5,-0.67,1333200,1410.0,1397.0,1541.5,1169.0
2026-08-27 13:30:35,2026-08-27 13:15,1398.0,1407.5,-0.67,1357100,1410.0,1397.0,1541.5,1169.0
2026-08-27 13:35:31,2026-08-27 13:20,1398.5,1407.5,-0.64,1372000,1410.0,1397.0,1541.5,1169.0
2026-08-27 13:40:41,2026-08-27 13:25,1399.5,1407.5,-0.57,1383200,1410.0,1397.0,1541.5,1169.0
2026-08-27 13:45:32,2026-08-27 13:30,1398.5,1407.5,-0.64,1408600,1410.0,1397.0,1541.5,1169.0
2026-08-27 13:50:36,2026-08-27 13:35,1398.5,1407.5,-0.64,1415300,1410.0,1397.0,1541.5,1169.0
2026-08-27 13:55:38,2026-08-27 13:40,1398.5,1407.5,-0.64,1419600,1410.0,1397.0,1541.5,1169.0
2026-08-27 14:00:38,2026-08-27 13:45,1399.0,1407.5,-0.6,1431700,1410.0,1397.0,1541.5,1169.0
2026-08-27 14:05:32,2026-08-27 13:47,1398.5,1407.5,-0.64,1444100,1410.0,1397.0,1541.5,1169.0
2026-08-27 14:10:47,2026-08-27 13:55,1397.0,1407.5,-0.75,1511700,1410.0,1396.5,1541.5,1169.0
2026-08-27 14:15:34,2026-08-27 14:00,1396.5,1407.5,-0.78,1528500,1410.0,1396.0,1541.5,1169.0
2026-08-27 14:20:32,2026-08-27 14:04,1395.5,1407.5,-0.85,1556600,1410.0,1395.0,1541.5,1169.0
2026-08-27 14:25:36,2026-08-27 14:10,1395.5,1407.5,-0.85,1567800,1410.0,1395.0,1541.5,1169.0
2026-08-27 14:30:30,2026-08-27 14:15,1395.5,1407.5,-0.85,1586100,1410.0,1395.0,1541.5,1169.0
2026-08-27 14:35:35,2026-08-27 14:20,1395.0,1407.5,-0.89,1592000,1410.0,1395.0,1541.5,1169.0
2026-08-27 14:40:42,2026-08-27 14:25,1395.0,1407.5,-0.89,1689000,1410.0,1394.5,1541.5,1169.0
2026-08-27 14:45:44,2026-08-27 14:30,1394.0,1407.5,-0.96,1706400,1410.0,1394.0,1541.5,1169.0
2026-08-27 14:50:34,2026-08-27 14:35,1394.5,1407.5,-0.92,1719800,1410.0,1394.0,1541.5,1169.0
2026-08-27 14:55:33,2026-08-27 14:40,1395.0,1407.5,-0.89,1745300,1410.0,1394.0,1541.5,1169.0
2026-08-27 15:00:32,2026-08-27 14:45,1394.5,1407.5,-0.92,1758100,1410.0,1394.0,1541.5,1169.0
2026-08-27 15:05:35,2026-08-27 14:49,1395.0,1407.5,-0.89,1774400,1410.0,1394.0,1541.5,1169.0
2026-08-27 15:10:37,2026-08-27 14:55,1394.0,1407.5,-0.96,1806900,1410.0,1394.0,1541.5,1169.0
2026-08-27 15:15:35,2026-08-27 15:00,1393.5,1407.5,-0.99,1840800,1410.0,1393.5,1541.5,1169.0
2026-08-27 15:21:21,2026-08-27 15:06,1394.0,1407.5,-0.96,1943600,1410.0,1392.5,1541.5,1169.0
2026-08-27 15:25:35,2026-08-27 15:10,1393.5,1407.5,-0.99,1970200,1410.0,1392.5,1541.5,1169.0
2026-08-27 15:30:36,2026-08-27 15:15,1393.5,1407.5,-0.99,1985300,1410.0,1392.5,1541.5,1169.0
2026-08-27 15:40:37,2026-08-27 15:24,1394.0,1407.5,-0.96,2084000,1410.0,1392.5,1541.5,1169.0
2026-08-28 09:05:35,2026-08-27 15:30,1392.5,1407.5,-1.07,2742400,1410.0,1392.5,1541.5,1169.0
2026-08-28 09:10:32,2026-08-27 15:30,1392.5,1407.5,-1.07,2742400,1410.0,1392.5,1541.5,1169.0
2026-08-28 09:15:32,2026-08-28 09:00,1392.5,1407.5,-1.07,2935800,1395.0,1390.0,1541.5,1169.0
2026-08-28 09:20:35,2026-08-28 09:05,1395.5,1392.5,0.22,254800,1396.0,1390.0,1541.5,1169.0
2026-08-28 09:27:51,2026-08-28 09:12,1397.0,1392.5,0.32,321000,1398.0,1390.0,1541.5,1169.0
2026-08-28 09:30:37,2026-08-28 09:15,1397.5,1392.5,0.36,350800,1398.0,1390.0,1541.5,1169.0
2026-08-28 09:35:35,2026-08-28 09:20,1400.0,1392.5,0.54,427300,1401.5,1390.0,1541.5,1169.0
2026-08-28 09:40:35,2026-08-28 09:25,1401.0,1392.5,0.61,450300,1401.5,1390.0,1541.5,1169.0
2026-08-28 09:45:34,2026-08-28 09:30,1403.5,1392.5,0.79,508500,1403.5,1390.0,1541.5,1169.0
2026-08-28 09:50:32,2026-08-28 09:35,1402.5,1392.5,0.72,564700,1403.5,1390.0,1541.5,1169.0
2026-08-28 09:55:33,2026-08-28 09:40,1401.0,1392.5,0.61,602500,1403.5,1390.0,1541.5,1169.0
2026-08-28 10:00:42,2026-08-28 09:45,1401.0,1392.5,0.61,626300,1403.5,1390.0,1541.5,1169.0
2026-08-28 10:05:45,2026-08-28 09:50,1400.0,1392.5,0.54,696400,1403.5,1390.0,1541.5,1169.0
2026-08-28 10:10:35,2026-08-28 09:55,1400.0,1392.5,0.54,741200,1403.5,1390.0,1541.5,1169.0
2026-08-28 10:15:36,2026-08-28 10:00,1400.0,1392.5,0.54,753000,1403.5,1390.0,1541.5,1169.0
2026-08-28 10:20:32,2026-08-28 10:05,1399.5,1392.5,0.5,788300,1403.5,1390.0,1541.5,1169.0
2026-08-28 10:25:32,2026-08-28 10:10,1396.5,1392.5,0.29,848900,1403.5,1390.0,1541.5,1169.0
2026-08-28 10:30:32,2026-08-28 10:15,1396.0,1392.5,0.25,880800,1403.5,1390.0,1541.5,1169.0
2026-08-28 10:35:41,2026-08-28 10:20,1398.0,1392.5,0.39,930800,1403.5,1390.0,1541.5,1169.0
2026-08-28 10:40:33,2026-08-28 10:25,1397.5,1392.5,0.36,950400,1403.5,1390.0,1541.5,1169.0
2026-08-28 10:45:33,2026-08-28 10:30,1396.5,1392.5,0.29,975000,1403.5,1390.0,1541.5,1169.0
2026-08-28 10:50:32,2026-08-28 10:35,1396.0,1392.5,0.25,1009700,1403.5,1390.0,1541.5,1169.0
2026-08-28 10:55:30,2026-08-28 10:40,1397.0,1392.5,0.32,1028400,1403.5,1390.0,1541.5,1169.0
2026-08-28 11:00:48,2026-08-28 10:45,1397.5,1392.5,0.36,1047200,1403.5,1390.0,1541.5,1169.0
2026-08-28 11:05:36,2026-08-28 10:50,1398.5,1392.5,0.43,1059400,1403.5,1390.0,1541.5,1169.0
2026-08-28 11:10:32,2026-08-28 10:55,1398.5,1392.5,0.43,1086800,1403.5,1390.0,1541.5,1169.0
2026-08-28 11:15:31,2026-08-28 11:00,1398.5,1392.5,0.43,1093000,1403.5,1390.0,1541.5,1169.0
2026-08-28 11:20:38,2026-08-28 11:05,1399.0,1392.5,0.47,1117600,1403.5,1390.0,1541.5,1169.0
2026-08-28 11:25:39,2026-08-28 11:10,1399.0,1392.5,0.47,1127300,1403.5,1390.0,1541.5,1169.0
2026-08-28 11:30:34,2026-08-28 11:15,1398.5,1392.5,0.43,1141100,1403.5,1390.0,1541.5,1169.0
2026-08-28 12:30:35,2026-08-28 11:30,1399.5,1392.5,0.5,1220200,1403.5,1390.0,1541.5,1169.0
2026-08-28 12:35:36,2026-08-28 11:30,1399.5,1392.5,0.5,1220200,1403.5,1390.0,1541.5,1169.0
2026-08-28 12:40:35,2026-08-28 11:30,1399.5,1392.5,0.5,1220200,1403.5,1390.0,1541.5,1169.0
2026-08-28 12:45:33,2026-08-28 12:30,1400.5,1392.5,0.57,1258800,1403.5,1390.0,1541.5,1169.0
2026-08-28 12:50:36,2026-08-28 12:35,1401.0,1392.5,0.61,1303700,1403.5,1390.0,1541.5,1169.0
2026-08-28 12:55:36,2026-08-28 12:40,1399.0,1392.5,0.47,1325800,1403.5,1390.0,1541.5,1169.0
2026-08-28 13:00:59,2026-08-28 12:45,1401.5,1392.5,0.65,1350900,1403.5,1390.0,1541.5,1169.0
2026-08-28 13:05:36,2026-08-28 12:50,1403.0,1392.5,0.75,1405000,1403.5,1390.0,1541.5,1169.0
2026-08-28 13:10:31,2026-08-28 12:55,1403.5,1392.5,0.79,1424300,1404.0,1390.0,1541.5,1169.0
2026-08-28 13:15:46,2026-08-28 13:00,1402.0,1392.5,0.68,1466500,1404.0,1390.0,1541.5,1169.0
2026-08-28 13:20:32,2026-08-28 13:05,1401.5,1392.5,0.65,1489100,1404.0,1390.0,1541.5,1169.0
2026-08-28 13:29:47,2026-08-28 13:14,1402.0,1392.5,0.68,1513400,1404.0,1390.0,1541.5,1169.0
2026-08-28 13:30:37,2026-08-28 13:15,1402.5,1392.5,0.72,1514200,1404.0,1390.0,1541.5,1169.0
2026-08-28 13:35:35,2026-08-28 13:20,1404.0,1392.5,0.83,1533700,1404.0,1390.0,1541.5,1169.0
2026-08-28 13:40:39,2026-08-28 13:25,1403.0,1392.5,0.75,1568900,1404.0,1390.0,1541.5,1169.0
2026-08-28 13:45:35,2026-08-28 13:30,1402.5,1392.5,0.72,1589600,1404.0,1390.0,1541.5,1169.0
2026-08-28 13:50:32,2026-08-28 13:35,1402.5,1392.5,0.72,1602400,1404.0,1390.0,1541.5,1169.0
2026-08-28 13:55:36,2026-08-28 13:40,1403.0,1392.5,0.75,1615500,1404.0,1390.0,1541.5,1169.0
2026-08-28 14:00:32,2026-08-28 13:45,1403.5,1392.5,0.79,1640800,1404.0,1390.0,1541.5,1169.0
2026-08-28 14:06:31,2026-08-28 13:51,1404.0,1392.5,0.83,1650500,1404.0,1390.0,1541.5,1169.0
2026-08-28 14:10:40,2026-08-28 13:55,1403.5,1392.5,0.79,1659400,1404.0,1390.0,1541.5,1169.0
2026-08-28 14:15:31,2026-08-28 14:00,1404.0,1392.5,0.83,1717800,1404.5,1390.0,1541.5,1169.0
2026-08-28 14:20:30,2026-08-28 14:05,1403.5,1392.5,0.79,1734900,1404.5,1390.0,1541.5,1169.0
2026-08-28 14:25:32,2026-08-28 14:10,1403.0,1392.5,0.75,1745000,1404.5,1390.0,1541.5,1169.0
2026-08-28 14:30:39,2026-08-28 14:15,1403.5,1392.5,0.79,1752800,1404.5,1390.0,1541.5,1169.0
2026-08-28 14:35:36,2026-08-28 14:19,1402.0,1392.5,0.68,1777000,1404.5,1390.0,1541.5,1169.0
2026-08-28 14:40:35,2026-08-28 14:25,1402.0,1392.5,0.68,1782600,1404.5,1390.0,1541.5,1169.0
2026-08-28 14:45:32,2026-08-28 14:30,1401.5,1392.5,0.65,1810500,1404.5,1390.0,1541.5,1169.0
2026-08-28 14:50:34,2026-08-28 14:35,1402.5,1392.5,0.72,1836100,1404.5,1390.0,1541.5,1169.0
2026-08-28 14:55:33,2026-08-28 14:40,1403.5,1392.5,0.79,1894100,1404.5,1390.0,1541.5,1169.0
2026-08-28 15:00:37,2026-08-28 14:45,1403.5,1392.5,0.79,1902800,1404.5,1390.0,1541.5,1169.0
2026-08-28 15:05:34,2026-08-28 14:50,1402.5,1392.5,0.72,1912200,1404.5,1390.0,1541.5,1169.0
2026-08-28 15:10:47,2026-08-28 14:55,1404.0,1392.5,0.83,1928600,1404.5,1390.0,1541.5,1169.0
2026-08-28 15:17:06,2026-08-28 15:01,1402.5,1392.5,0.72,1959900,1404.5,1390.0,1541.5,1169.0
2026-08-28 15:30:59,2026-08-28 15:15,1401.0,1392.5,0.61,2012600,1404.5,1390.0,1541.5,1169.0
2026-08-28 15:40:41,2026-08-28 15:24,1403.5,1392.5,0.79,2069900,1404.5,1390.0,1541.5,1169.0
2026-08-31 09:05:45,2026-08-28 15:30,1402.5,1392.5,0.72,3038300,1404.5,1390.0,1541.5,1169.0
2026-08-31 09:10:43,2026-08-28 15:30,1402.5,1392.5,0.72,3038300,1404.5,1390.0,1541.5,1169.0
2026-08-31 09:15:37,2026-08-31 09:00,1397.0,1392.5,0.32,3222900,1400.0,1396.0,1541.5,1169.0
2026-08-31 09:20:31,2026-08-31 09:05,1396.5,1402.5,-0.43,263900,1400.0,1392.0,1541.5,1169.0
2026-08-31 09:25:31,2026-08-31 09:10,1399.0,1402.5,-0.25,325000,1400.5,1392.0,1541.5,1169.0
2026-08-31 09:30:40,2026-08-31 09:15,1393.5,1402.5,-0.64,387000,1400.5,1392.0,1541.5,1169.0
2026-08-31 09:35:37,2026-08-31 09:20,1394.5,1402.5,-0.57,427700,1400.5,1392.0,1541.5,1169.0
2026-08-31 09:40:50,2026-08-31 09:25,1390.5,1402.5,-0.86,658100,1400.5,1388.5,1541.5,1169.0
2026-08-31 09:45:36,2026-08-31 09:30,1390.5,1402.5,-0.86,689400,1400.5,1388.5,1541.5,1169.0
2026-08-31 09:50:33,2026-08-31 09:35,1392.5,1402.5,-0.71,715400,1400.5,1388.5,1541.5,1169.0
2026-08-31 09:55:36,2026-08-31 09:40,1390.0,1402.5,-0.89,766000,1400.5,1388.5,1541.5,1169.0
2026-08-31 10:00:34,2026-08-31 09:45,1389.5,1402.5,-0.93,815100,1400.5,1388.5,1541.5,1169.0
2026-08-31 10:05:48,2026-08-31 09:50,1389.0,1402.5,-0.96,850300,1400.5,1388.0,1541.5,1169.0
2026-08-31 10:10:38,2026-08-31 09:55,1389.0,1402.5,-0.96,878300,1400.5,1388.0,1541.5,1169.0
2026-08-31 10:15:38,2026-08-31 10:00,1388.0,1402.5,-1.03,900400,1400.5,1388.0,1541.5,1169.0
2026-08-31 10:20:35,2026-08-31 10:05,1390.5,1402.5,-0.86,922700,1400.5,1388.0,1541.5,1169.0
2026-08-31 10:25:35,2026-08-31 10:10,1391.5,1402.5,-0.78,936600,1400.5,1388.0,1541.5,1169.0
2026-08-31 10:30:34,2026-08-31 10:15,1391.0,1402.5,-0.82,950500,1400.5,1388.0,1541.5,1169.0
2026-08-31 10:35:40,2026-08-31 10:20,1392.0,1402.5,-0.75,977600,1400.5,1388.0,1541.5,1169.0
2026-08-31 10:40:46,2026-08-31 10:25,1391.5,1402.5,-0.78,984400,1400.5,1388.0,1541.5,1169.0
2026-08-31 10:45:34,2026-08-31 10:30,1390.5,1402.5,-0.86,1005700,1400.5,1388.0,1541.5,1169.0
2026-08-31 10:50:34,2026-08-31 10:34,1389.5,1402.5,-0.93,1060500,1400.5,1388.0,1541.5,1169.0
2026-08-31 10:55:36,2026-08-31 10:40,1388.5,1402.5,-1.0,1090300,1400.5,1388.0,1541.5,1169.0
2026-08-31 11:00:37,2026-08-31 10:45,1387.0,1402.5,-1.11,1167800,1400.5,1386.0,1541.5,1169.0
2026-08-31 11:05:49,2026-08-31 10:50,1387.0,1402.5,-1.11,1200900,1400.5,1386.0,1541.5,1169.0
2026-08-31 11:10:31,2026-08-31 10:55,1387.5,1402.5,-1.07,1212800,1400.5,1386.0,1541.5,1169.0
2026-08-31 11:15:31,2026-08-31 11:00,1386.0,1402.5,-1.18,1305300,1400.5,1385.0,1541.5,1169.0
2026-08-31 11:20:35,2026-08-31 11:05,1388.5,1402.5,-1.0,1336900,1400.5,1385.0,1541.5,1169.0
2026-08-31 11:25:31,2026-08-31 11:10,1389.0,1402.5,-0.96,1350700,1400.5,1385.0,1541.5,1169.0
2026-08-31 11:30:35,2026-08-31 11:15,1389.0,1402.5,-0.96,1354800,1400.5,1385.0,1541.5,1169.0
2026-08-31 12:30:36,2026-08-31 11:30,1392.5,1402.5,-0.71,1416300,1400.5,1385.0,1541.5,1169.0
2026-08-31 12:35:38,2026-08-31 11:30,1392.5,1402.5,-0.71,1416300,1400.5,1385.0,1541.5,1169.0
2026-08-31 12:40:32,2026-08-31 11:30,1392.5,1402.5,-0.71,1416300,1400.5,1385.0,1541.5,1169.0
2026-08-31 12:45:34,2026-08-31 12:30,1395.5,1402.5,-0.5,1544200,1400.5,1385.0,1541.5,1169.0
2026-08-31 12:50:46,2026-08-31 12:35,1396.5,1402.5,-0.43,1588200,1400.5,1385.0,1541.5,1169.0
2026-08-31 12:55:33,2026-08-31 12:40,1395.5,1402.5,-0.5,1660700,1400.5,1385.0,1541.5,1169.0
2026-08-31 13:00:35,2026-08-31 12:45,1396.0,1402.5,-0.46,1679600,1400.5,1385.0,1541.5,1169.0
2026-08-31 13:05:39,2026-08-31 12:50,1396.5,1402.5,-0.43,1725700,1400.5,1385.0,1541.5,1169.0
2026-08-31 13:10:41,2026-08-31 12:55,1397.5,1402.5,-0.36,1757900,1400.5,1385.0,1541.5,1169.0
2026-08-31 13:15:38,2026-08-31 13:00,1398.5,1402.5,-0.29,1806800,1400.5,1385.0,1541.5,1169.0
2026-08-31 13:20:31,2026-08-31 13:05,1399.0,1402.5,-0.25,1826600,1400.5,1385.0,1541.5,1169.0
2026-08-31 13:25:33,2026-08-31 13:10,1399.5,1402.5,-0.21,1849200,1400.5,1385.0,1541.5,1169.0
2026-08-31 13:30:35,2026-08-31 13:15,1399.5,1402.5,-0.21,1861900,1400.5,1385.0,1541.5,1169.0
2026-08-31 13:35:34,2026-08-31 13:20,1399.5,1402.5,-0.21,1893500,1400.5,1385.0,1541.5,1169.0
2026-08-31 13:40:32,2026-08-31 13:25,1399.0,1402.5,-0.25,1918900,1400.5,1385.0,1541.5,1169.0
2026-08-31 13:45:34,2026-08-31 13:30,1400.0,1402.5,-0.18,1944400,1400.5,1385.0,1541.5,1169.0
2026-08-31 13:50:39,2026-08-31 13:35,1399.5,1402.5,-0.21,1993500,1400.5,1385.0,1541.5,1169.0
2026-08-31 13:55:43,2026-08-31 13:40,1400.0,1402.5,-0.18,2024500,1400.5,1385.0,1541.5,1169.0
2026-08-31 14:00:45,2026-08-31 13:45,1399.0,1402.5,-0.25,2051400,1400.5,1385.0,1541.5,1169.0
2026-08-31 14:05:38,2026-08-31 13:50,1400.5,1402.5,-0.14,2068800,1400.5,1385.0,1541.5,1169.0
2026-08-31 14:10:36,2026-08-31 13:55,1400.5,1402.5,-0.14,2096100,1401.0,1385.0,1541.5,1169.0
2026-08-31 14:15:38,2026-08-31 14:00,1400.5,1402.5,-0.14,2123500,1401.0,1385.0,1541.5,1169.0
2026-08-31 14:20:37,2026-08-31 14:05,1400.5,1402.5,-0.14,2142500,1401.0,1385.0,1541.5,1169.0
2026-08-31 14:25:37,2026-08-31 14:10,1399.0,1402.5,-0.25,2219000,1401.0,1385.0,1541.5,1169.0
2026-08-31 14:30:38,2026-08-31 14:15,1398.0,1402.5,-0.32,2241700,1401.0,1385.0,1541.5,1169.0
2026-08-31 14:35:48,2026-08-31 14:20,1398.0,1402.5,-0.32,2267500,1401.0,1385.0,1541.5,1169.0
2026-08-31 14:40:31,2026-08-31 14:25,1398.5,1402.5,-0.29,2291700,1401.0,1385.0,1541.5,1169.0
2026-08-31 14:45:35,2026-08-31 14:30,1398.5,1402.5,-0.29,2313500,1401.0,1385.0,1541.5,1169.0
2026-08-31 14:50:35,2026-08-31 14:35,1398.5,1402.5,-0.29,2334900,1401.0,1385.0,1541.5,1169.0
2026-08-31 14:55:36,2026-08-31 14:40,1398.5,1402.5,-0.29,2370800,1401.0,1385.0,1541.5,1169.0
2026-08-31 15:00:32,2026-08-31 14:45,1398.0,1402.5,-0.32,2404600,1401.0,1385.0,1541.5,1169.0
2026-08-31 15:05:34,2026-08-31 14:50,1397.0,1402.5,-0.39,2436500,1401.0,1385.0,1541.5,1169.0
2026-08-31 15:10:35,2026-08-31 14:55,1397.5,1402.5,-0.36,2460700,1401.0,1385.0,1541.5,1169.0
2026-08-31 15:15:37,2026-08-31 14:59,1396.0,1402.5,-0.46,2513100,1401.0,1385.0,1541.5,1169.0
2026-08-31 15:20:37,2026-08-31 15:05,1395.5,1402.5,-0.5,2550400,1401.0,1385.0,1541.5,1169.0
2026-08-31 15:25:36,2026-08-31 15:10,1396.0,1402.5,-0.46,2624000,1401.0,1385.0,1541.5,1169.0
2026-08-31 15:30:35,2026-08-31 15:15,1396.0,1402.5,-0.46,2670400,1401.0,1385.0,1541.5,1169.0
2026-08-31 15:40:38,2026-08-31 15:24,1397.0,1402.5,-0.39,2790100,1401.0,1385.0,1541.5,1169.0
2026-09-01 09:05:46,2026-08-31 15:30,1394.0,1402.5,-0.61,6503000,1401.0,1385.0,1541.5,1169.0
2026-09-01 09:10:34,2026-08-31 15:30,1394.0,1402.5,-0.61,6503000,1401.0,1385.0,1541.5,1169.0
2026-09-01 09:15:36,2026-09-01 09:00,1394.0,1402.5,-0.61,6660000,1397.0,1394.0,1541.5,1169.0
2026-09-01 09:20:42,2026-09-01 09:05,1401.5,1394.0,0.54,306000,1402.0,1394.0,1541.5,1169.0
2026-09-01 09:25:34,2026-09-01 09:10,1408.5,1394.0,1.04,457300,1408.5,1394.0,1541.5,1169.0
2026-09-01 09:30:33,2026-09-01 09:15,1411.0,1394.0,1.22,593800,1412.0,1394.0,1541.5,1169.0
2026-09-01 09:35:40,2026-09-01 09:20,1406.5,1394.0,0.9,652800,1412.0,1394.0,1541.5,1169.0
2026-09-01 09:40:37,2026-09-01 09:25,1408.0,1394.0,1.0,689400,1412.0,1394.0,1541.5,1169.0
2026-09-01 09:45:44,2026-09-01 09:30,1405.5,1394.0,0.82,738900,1412.0,1394.0,1541.5,1169.0
2026-09-01 09:50:38,2026-09-01 09:35,1407.5,1394.0,0.97,773300,1412.0,1394.0,1541.5,1169.0
2026-09-01 09:55:34,2026-09-01 09:40,1407.5,1394.0,0.97,835400,1412.0,1394.0,1541.5,1169.0
2026-09-01 10:00:33,2026-09-01 09:45,1406.5,1394.0,0.9,879400,1412.0,1394.0,1541.5,1169.0
2026-09-01 10:05:33,2026-09-01 09:50,1410.5,1394.0,1.18,933000,1412.0,1394.0,1541.5,1169.0
2026-09-01 10:10:36,2026-09-01 09:55,1410.5,1394.0,1.18,962700,1412.0,1394.0,1541.5,1169.0
2026-09-01 10:15:34,2026-09-01 10:00,1409.0,1394.0,1.08,1006500,1412.0,1394.0,1541.5,1169.0
2026-09-01 10:20:33,2026-09-01 10:05,1407.5,1394.0,0.97,1055400,1412.0,1394.0,1541.5,1169.0
2026-09-01 10:25:37,2026-09-01 10:10,1408.0,1394.0,1.0,1085300,1412.0,1394.0,1541.5,1169.0
2026-09-01 10:30:32,2026-09-01 10:14,1407.5,1394.0,0.97,1100900,1412.0,1394.0,1541.5,1169.0
2026-09-01 10:35:43,2026-09-01 10:20,1404.5,1394.0,0.75,1160500,1412.0,1394.0,1541.5,1169.0
2026-09-01 10:40:45,2026-09-01 10:25,1406.5,1394.0,0.9,1186100,1412.0,1394.0,1541.5,1169.0
2026-09-01 10:45:35,2026-09-01 10:30,1407.0,1394.0,0.93,1221300,1412.0,1394.0,1541.5,1169.0
2026-09-01 10:50:36,2026-09-01 10:35,1409.0,1394.0,1.08,1261100,1412.0,1394.0,1541.5,1169.0
2026-09-01 10:55:32,2026-09-01 10:40,1408.5,1394.0,1.04,1307400,1412.0,1394.0,1541.5,1169.0
2026-09-01 11:00:39,2026-09-01 10:45,1410.0,1394.0,1.15,1356800,1412.0,1394.0,1541.5,1169.0
2026-09-01 11:05:35,2026-09-01 10:50,1412.0,1394.0,1.29,1420800,1412.0,1394.0,1541.5,1169.0
2026-09-01 11:10:33,2026-09-01 10:55,1410.5,1394.0,1.18,1474100,1412.0,1394.0,1541.5,1169.0
2026-09-01 11:15:41,2026-09-01 11:00,1411.0,1394.0,1.22,1500800,1412.0,1394.0,1541.5,1169.0
2026-09-01 11:20:37,2026-09-01 11:05,1410.0,1394.0,1.15,1516900,1412.0,1394.0,1541.5,1169.0
2026-09-01 11:25:31,2026-09-01 11:10,1411.5,1394.0,1.26,1536400,1412.0,1394.0,1541.5,1169.0
2026-09-01 11:30:32,2026-09-01 11:15,1411.0,1394.0,1.22,1556300,1412.0,1394.0,1541.5,1169.0
2026-09-01 12:30:39,2026-09-01 11:30,1411.0,1394.0,1.22,1621900,1412.5,1394.0,1541.5,1169.0
2026-09-01 12:35:36,2026-09-01 11:30,1411.0,1394.0,1.22,1621900,1412.5,1394.0,1541.5,1169.0
2026-09-01 12:40:42,2026-09-01 11:30,1411.0,1394.0,1.22,1621900,1412.5,1394.0,1541.5,1169.0
2026-09-01 12:45:34,2026-09-01 12:30,1412.0,1394.0,1.29,1680300,1413.0,1394.0,1541.5,1169.0
2026-09-01 12:51:11,2026-09-01 12:36,1411.5,1394.0,1.26,1727800,1413.0,1394.0,1541.5,1169.0
2026-09-01 12:55:40,2026-09-01 12:40,1411.5,1394.0,1.26,1749500,1413.0,1394.0,1541.5,1169.0
2026-09-01 13:00:39,2026-09-01 12:45,1411.5,1394.0,1.26,1781400,1413.0,1394.0,1541.5,1169.0
2026-09-01 13:05:43,2026-09-01 12:50,1411.0,1394.0,1.22,1800900,1413.0,1394.0,1541.5,1169.0
2026-09-01 13:10:33,2026-09-01 12:55,1411.5,1394.0,1.26,1833200,1413.0,1394.0,1541.5,1169.0
2026-09-01 13:15:35,2026-09-01 13:00,1411.0,1394.0,1.22,1848600,1413.0,1394.0,1541.5,1169.0
2026-09-01 13:20:32,2026-09-01 13:05,1411.0,1394.0,1.22,1862500,1413.0,1394.0,1541.5,1169.0
2026-09-01 13:25:40,2026-09-01 13:10,1411.5,1394.0,1.26,1908500,1413.0,1394.0,1541.5,1169.0
2026-09-01 13:30:48,2026-09-01 13:15,1411.0,1394.0,1.22,1923800,1413.0,1394.0,1541.5,1169.0
2026-09-01 13:35:36,2026-09-01 13:20,1412.5,1394.0,1.33,1956400,1413.0,1394.0,1541.5,1169.0
2026-09-01 13:40:52,2026-09-01 13:25,1412.5,1394.0,1.33,1974200,1413.0,1394.0,1541.5,1169.0
2026-09-01 13:45:44,2026-09-01 13:30,1412.0,1394.0,1.29,1998600,1413.0,1394.0,1541.5,1169.0
2026-09-01 13:50:36,2026-09-01 13:35,1412.5,1394.0,1.33,2005700,1413.0,1394.0,1541.5,1169.0
2026-09-01 13:55:50,2026-09-01 13:40,1413.0,1394.0,1.36,2055400,1414.0,1394.0,1541.5,1169.0
2026-09-01 14:00:41,2026-09-01 13:45,1412.5,1394.0,1.33,2075900,1414.0,1394.0,1541.5,1169.0
2026-09-01 14:05:30,2026-09-01 13:50,1414.5,1394.0,1.47,2111400,1414.5,1394.0,1541.5,1169.0
2026-09-01 14:10:34,2026-09-01 13:55,1413.5,1394.0,1.4,2131900,1415.0,1394.0,1541.5,1169.0
2026-09-01 14:15:54,2026-09-01 14:00,1413.5,1394.0,1.4,2148300,1415.0,1394.0,1541.5,1169.0
2026-09-01 14:20:41,2026-09-01 14:05,1414.0,1394.0,1.43,2176100,1415.0,1394.0,1541.5,1169.0
2026-09-01 14:25:38,2026-09-01 14:10,1415.0,1394.0,1.51,2246300,1416.0,1394.0,1541.5,1169.0
2026-09-01 14:30:34,2026-09-01 14:15,1414.5,1394.0,1.47,2269700,1416.0,1394.0,1541.5,1169.0
2026-09-01 14:35:40,2026-09-01 14:20,1414.0,1394.0,1.43,2285500,1416.0,1394.0,1541.5,1169.0
2026-09-01 14:40:43,2026-09-01 14:25,1414.5,1394.0,1.47,2293600,1416.0,1394.0,1541.5,1169.0
2026-09-01 14:45:33,2026-09-01 14:30,1415.5,1394.0,1.54,2318900,1416.0,1394.0,1541.5,1169.0
2026-09-01 14:50:33,2026-09-01 14:35,1415.0,1394.0,1.51,2341500,1416.0,1394.0,1541.5,1169.0
2026-09-01 14:55:39,2026-09-01 14:40,1414.5,1394.0,1.47,2389700,1416.0,1394.0,1541.5,1169.0
2026-09-01 15:00:43,2026-09-01 14:45,1415.0,1394.0,1.51,2423300,1416.0,1394.0,1541.5,1169.0
2026-09-01 15:05:34,2026-09-01 14:50,1414.5,1394.0,1.47,2463000,1416.0,1394.0,1541.5,1169.0
2026-09-01 15:10:37,2026-09-01 14:55,1416.5,1394.0,1.61,2522100,1416.5,1394.0,1541.5,1169.0
2026-09-01 15:15:32,2026-09-01 15:00,1414.5,1394.0,1.47,2555800,1416.5,1394.0,1541.5,1169.0
2026-09-01 15:21:28,2026-09-01 15:06,1415.0,1394.0,1.51,2594300,1416.5,1394.0,1541.5,1169.0
2026-09-01 15:25:32,2026-09-01 15:10,1415.5,1394.0,1.54,2623700,1416.5,1394.0,1541.5,1169.0
2026-09-01 15:30:35,2026-09-01 15:15,1415.5,1394.0,1.54,2674800,1416.5,1394.0,1541.5,1169.0
2026-09-01 15:40:48,2026-09-01 15:24,1416.5,1394.0,1.61,2787600,1417.0,1394.0,1541.5,1169.0
2026-09-02 09:05:47,2026-09-01 15:30,1415.0,1394.0,1.51,3548000,1417.0,1394.0,1541.5,1169.0
2026-09-02 09:10:51,2026-09-01 15:30,1415.0,1394.0,1.51,3548000,1417.0,1394.0,1541.5,1169.0
2026-09-02 09:15:34,2026-09-02 09:00,1415.0,1394.0,1.51,3878400,1402.5,1396.0,1541.5,1169.0
2026-09-02 09:20:38,2026-09-02 09:05,1410.5,1415.0,-0.32,487000,1411.0,1396.0,1541.5,1169.0
2026-09-02 09:25:42,2026-09-02 09:10,1411.0,1415.0,-0.28,586200,1416.5,1396.0,1541.5,1169.0
2026-09-02 09:30:45,2026-09-02 09:15,1410.0,1415.0,-0.35,661400,1416.5,1396.0,1541.5,1169.0
2026-09-02 09:35:38,2026-09-02 09:20,1411.5,1415.0,-0.25,716900,1416.5,1396.0,1541.5,1169.0
2026-09-02 09:40:33,2026-09-02 09:25,1410.5,1415.0,-0.32,768100,1416.5,1396.0,1541.5,1169.0
2026-09-02 09:45:47,2026-09-02 09:30,1410.0,1415.0,-0.35,805500,1416.5,1396.0,1541.5,1169.0
2026-09-02 09:51:02,2026-09-02 09:35,1410.0,1415.0,-0.35,841500,1416.5,1396.0,1541.5,1169.0
2026-09-02 09:55:35,2026-09-02 09:40,1411.0,1415.0,-0.28,877500,1416.5,1396.0,1541.5,1169.0
2026-09-02 10:00:36,2026-09-02 09:45,1412.5,1415.0,-0.18,926600,1416.5,1396.0,1541.5,1169.0
2026-09-02 10:05:38,2026-09-02 09:50,1415.5,1415.0,0.04,962300,1416.5,1396.0,1541.5,1169.0
2026-09-02 10:10:41,2026-09-02 09:55,1416.0,1415.0,0.07,1012900,1416.5,1396.0,1541.5,1169.0
2026-09-02 10:15:35,2026-09-02 10:00,1416.0,1415.0,0.07,1049700,1416.5,1396.0,1541.5,1169.0
2026-09-02 10:20:35,2026-09-02 10:05,1414.0,1415.0,-0.07,1096300,1417.0,1396.0,1541.5,1169.0
2026-09-02 10:25:47,2026-09-02 10:10,1414.5,1415.0,-0.04,1128100,1417.0,1396.0,1541.5,1169.0
2026-09-02 10:30:34,2026-09-02 10:15,1414.0,1415.0,-0.07,1145200,1417.0,1396.0,1541.5,1169.0
2026-09-02 10:35:33,2026-09-02 10:20,1411.5,1415.0,-0.25,1187000,1417.0,1396.0,1541.5,1169.0
2026-09-02 10:40:38,2026-09-02 10:25,1412.0,1415.0,-0.21,1224100,1417.0,1396.0,1541.5,1169.0
2026-09-02 10:45:33,2026-09-02 10:30,1412.0,1415.0,-0.21,1240800,1417.0,1396.0,1541.5,1169.0
2026-09-02 10:50:36,2026-09-02 10:35,1411.5,1415.0,-0.25,1262900,1417.0,1396.0,1541.5,1169.0
2026-09-02 10:55:31,2026-09-02 10:40,1411.5,1415.0,-0.25,1285500,1417.0,1396.0,1541.5,1169.0
2026-09-02 11:00:34,2026-09-02 10:45,1412.0,1415.0,-0.21,1314600,1417.0,1396.0,1541.5,1169.0
2026-09-02 11:05:36,2026-09-02 10:50,1411.5,1415.0,-0.25,1337000,1417.0,1396.0,1541.5,1169.0
2026-09-02 11:10:44,2026-09-02 10:55,1411.0,1415.0,-0.28,1372400,1417.0,1396.0,1541.5,1169.0
